timestamp,quality,angle_deg,distance_mm
1767275341.2824223,15,271.46875,1198.75
1767275341.2824223,15,272.71875,1200.5
1767275341.2824223,15,273.9375,1202.0
1767275341.2824223,15,275.1875,1204.0
1767275341.2824223,15,276.34375,1207.0
1767275341.2824223,15,277.515625,1210.5
1767275341.2824223,15,278.796875,1214.5
1767275341.2824223,15,279.9375,1219.25
1767275341.2824223,15,281.15625,1224.5
1767275341.2824223,15,282.453125,1229.0
1767275341.2824223,15,283.578125,1235.0
1767275341.2824223,15,284.875,1243.0
1767275341.2824223,15,286.03125,1251.75
1767275341.2824223,15,287.25,1260.25
1767275341.2824223,15,288.484375,1268.25
1767275341.2824223,15,289.640625,1278.25
1767275341.2824223,15,290.890625,1289.5
1767275341.2824223,15,292.09375,1302.0
1767275341.2824223,15,293.28125,1315.5
1767275341.2824223,15,294.5,1327.75
1767275341.2824223,15,295.703125,1340.25
1767275341.2824223,15,296.875,1355.25
1767275341.2824223,15,298.125,1371.25
1767275341.2824223,15,299.328125,1388.5
1767275341.2824223,15,300.546875,1407.0
1767275341.2824223,15,301.734375,1412.5
1767275341.2824223,15,304.28125,1345.5
1767275341.2824223,15,305.53125,1305.25
1767275341.2824223,15,306.734375,1267.5
1767275341.2824223,15,310.609375,1125.0
1767275341.2824223,15,311.765625,1098.75
1767275341.2824223,15,313.015625,1076.5
1767275341.2824223,15,314.3125,1053.75
1767275341.2824223,15,315.59375,1031.25
1767275341.2824223,15,316.765625,1010.5
1767275341.2824223,15,318.078125,991.75
1767275341.2824223,15,319.265625,974.5
1767275341.2824223,15,320.546875,959.0
1767275341.2824223,15,321.796875,944.25
1767275341.2824223,15,323.046875,929.25
1767275341.2824223,15,324.28125,916.0
1767275341.2824223,15,325.4375,903.0
1767275341.2824223,15,326.734375,890.75
1767275341.2824223,15,327.921875,879.25
1767275341.2824223,15,329.21875,869.25
1767275341.2824223,15,330.421875,859.0
1767275341.2824223,15,331.65625,848.25
1767275341.2824223,15,332.8125,837.75
1767275341.2824223,15,334.109375,828.25
1767275341.2824223,15,335.359375,820.5
1767275341.2824223,15,336.59375,812.75
1767275341.2824223,15,337.796875,805.0
1767275341.2824223,15,339.0625,798.25
1767275341.2824223,15,340.34375,792.5
1767275341.2824223,15,341.4375,787.0
1767275341.2824223,15,342.671875,781.5
1767275341.2824223,15,343.953125,777.0
1767275341.2824223,15,345.171875,772.75
1767275341.2824223,15,346.328125,768.5
1767275341.2824223,15,347.640625,764.75
1767275341.2824223,15,348.84375,761.5
1767275341.2824223,15,350.21875,758.5
1767275341.2824223,15,351.3125,756.0
1767275341.435938,15,352.671875,753.5
1767275341.435938,15,353.8125,751.75
1767275341.435938,15,355.015625,750.5
1767275341.435938,15,356.203125,749.5
1767275341.435938,15,357.46875,747.25
1767275341.435938,15,359.828125,774.0
1767275341.435938,15,2.21875,801.25
1767275341.435938,15,3.421875,794.5
1767275341.435938,15,4.640625,796.25
1767275341.435938,15,5.828125,797.75
1767275341.435938,15,7.03125,799.75
1767275341.435938,15,8.28125,803.0
1767275341.435938,15,9.53125,806.75
1767275341.435938,15,10.640625,811.0
1767275341.435938,15,11.90625,815.25
1767275341.435938,15,13.109375,819.25
1767275341.435938,15,14.375,824.0
1767275341.435938,15,15.515625,829.5
1767275341.435938,15,16.828125,835.75
1767275341.435938,15,18.03125,842.5
1767275341.435938,15,19.15625,848.75
1767275341.435938,15,20.453125,856.0
1767275341.435938,15,21.5625,864.5
1767275341.435938,15,22.75,872.75
1767275341.435938,15,24.0625,880.5
1767275341.435938,15,25.28125,888.75
1767275341.435938,15,26.359375,897.5
1767275341.435938,15,27.609375,907.25
1767275341.435938,15,28.84375,917.25
1767275341.435938,15,29.96875,927.75
1767275341.435938,15,31.21875,940.75
1767275341.435938,15,32.40625,953.5
1767275341.435938,15,33.546875,964.75
1767275341.435938,15,34.84375,978.0
1767275341.435938,15,36.078125,992.25
1767275341.435938,15,37.34375,1007.0
1767275341.435938,15,38.46875,1024.5
1767275341.435938,15,39.671875,1043.25
1767275341.435938,15,40.921875,1061.25
1767275341.435938,15,42.109375,1080.75
1767275341.435938,15,45.78125,587.25
1767275341.435938,15,46.859375,585.5
1767275341.435938,15,48.234375,585.0
1767275341.435938,15,49.28125,585.25
1767275341.435938,15,50.484375,585.5
1767275341.435938,15,51.78125,586.0
1767275341.435938,15,52.9375,586.75
1767275341.435938,15,54.140625,587.75
1767275341.435938,15,55.515625,588.5
1767275341.435938,15,56.78125,590.25
1767275341.435938,15,57.890625,592.5
1767275341.435938,15,59.15625,593.75
1767275341.435938,15,60.234375,594.75
1767275341.435938,15,61.59375,596.75
1767275341.435938,15,62.765625,599.5
1767275341.435938,15,63.796875,601.75
1767275341.435938,15,65.0,605.25
1767275341.435938,15,66.265625,608.75
1767275341.435938,15,67.4375,612.25
1767275341.435938,15,68.640625,616.5
1767275341.435938,15,69.875,621.0
1767275341.435938,15,72.546875,1076.5
1767275341.435938,15,73.890625,1071.0
1767275341.435938,15,75.03125,1065.25
1767275341.435938,15,76.25,1060.25
1767275341.435938,15,77.53125,1054.5
1767275341.435938,15,78.75,1049.25
1767275341.435938,15,79.96875,1045.75
1767275341.435938,15,81.125,1043.25
1767275341.435938,15,82.421875,1041.75
1767275341.435938,15,83.546875,1039.0
1767275341.435938,15,84.796875,1037.0
1767275341.435938,15,85.984375,1036.5
1767275341.435938,15,87.1875,1036.0
1767275341.435938,15,88.421875,1036.0
1767275341.435938,15,89.65625,1036.0
1767275341.435938,15,90.859375,1037.0
1767275341.435938,15,92.09375,1038.25
1767275341.435938,15,93.34375,1040.25
1767275341.435938,15,94.515625,1042.5
1767275341.435938,15,95.8125,1044.5
1767275341.435938,15,96.984375,1047.25
1767275341.435938,15,98.25,1051.25
1767275341.435938,15,99.4375,1055.5
1767275341.435938,15,100.59375,1060.0
1767275341.435938,15,101.875,1064.5
1767275341.435938,15,103.0625,1069.25
1767275341.435938,15,104.203125,1075.5
1767275341.435938,15,105.484375,1082.0
1767275341.435938,15,106.671875,1087.75
1767275341.435938,15,107.90625,1094.0
1767275341.435938,15,109.015625,1102.25
1767275341.435938,15,110.296875,1110.0
1767275341.435938,15,111.421875,1117.75
1767275341.435938,15,112.65625,1127.5
1767275341.435938,15,113.90625,1138.0
1767275341.435938,15,115.0625,1149.75
1767275341.435938,15,116.3125,1161.5
1767275341.435938,15,117.46875,1173.0
1767275341.435938,15,120.546875,761.25
1767275341.435938,15,121.875,751.5
1767275341.435938,15,123.171875,742.25
1767275341.435938,15,124.328125,735.25
1767275341.435938,15,125.65625,728.25
1767275341.435938,15,126.875,721.25
1767275341.435938,15,127.984375,715.25
1767275341.435938,15,129.21875,709.0
1767275341.435938,15,130.5625,702.75
1767275341.435938,15,131.75,697.75
1767275341.435938,15,132.921875,693.0
1767275341.435938,15,134.078125,688.5
1767275341.435938,15,135.296875,685.0
1767275341.435938,15,143.15625,1002.25
1767275341.435938,15,144.375,989.25
1767275341.435938,15,145.625,975.5
1767275341.435938,15,146.921875,961.75
1767275341.435938,15,148.125,951.0
1767275341.435938,15,149.34375,940.0
1767275341.435938,15,150.53125,927.75
1767275341.435938,15,151.84375,917.0
1767275341.435938,15,153.09375,908.25
1767275341.435938,15,154.203125,900.75
1767275341.435938,15,155.546875,893.25
1767275341.435938,15,156.75,885.0
1767275341.435938,15,158.015625,878.25
1767275341.435938,15,159.140625,873.0
1767275341.435938,15,160.5,867.25
1767275341.435938,15,161.640625,861.25
1767275341.435938,15,162.921875,855.75
1767275341.435938,15,164.0625,851.0
1767275341.435938,15,165.40625,846.25
1767275341.435938,15,166.625,841.0
1767275341.435938,15,167.84375,836.75
1767275341.435938,15,168.953125,833.25
1767275341.435938,15,170.234375,830.0
1767275341.435938,15,171.421875,827.5
1767275341.435938,15,172.625,826.0
1767275341.435938,15,173.9375,824.25
1767275341.435938,15,175.078125,823.25
1767275341.435938,15,176.265625,822.5
1767275341.435938,15,177.59375,822.75
1767275341.435938,15,178.8125,823.25
1767275341.435938,15,180.078125,823.75
1767275341.435938,15,181.296875,824.5
1767275341.435938,15,182.46875,825.0
1767275341.435938,15,183.75,826.25
1767275341.435938,15,184.875,828.25
1767275341.435938,15,186.078125,830.75
1767275341.435938,15,187.375,833.5
1767275341.435938,15,188.5,837.75
1767275341.435938,15,189.71875,842.0
1767275341.435938,15,190.96875,845.25
1767275341.435938,15,192.265625,849.75
1767275341.435938,15,193.359375,854.5
1767275341.435938,15,194.5625,859.25
1767275341.435938,15,195.828125,865.25
1767275341.435938,15,197.0,870.75
1767275341.435938,15,198.28125,875.75
1767275341.435938,15,199.421875,882.5
1767275341.435938,15,200.703125,890.5
1767275341.435938,15,201.84375,897.5
1767275341.435938,15,203.0625,904.75
1767275341.435938,15,204.296875,913.0
1767275341.435938,15,205.515625,921.75
1767275341.435938,15,206.796875,931.75
1767275341.435938,15,207.921875,943.5
1767275341.435938,15,209.109375,954.5
1767275341.435938,15,210.296875,964.75
1767275341.435938,15,211.578125,977.5
1767275341.435938,15,212.734375,990.75
1767275341.435938,15,213.9375,1004.25
1767275341.435938,15,215.1875,1018.5
1767275341.435938,15,216.3125,1035.5
1767275341.435938,15,217.59375,1052.5
1767275341.435938,15,218.71875,1069.75
1767275341.435938,15,219.890625,1089.5
1767275341.435938,15,221.125,1108.0
1767275341.435938,15,222.390625,1128.25
1767275341.435938,15,223.59375,1150.5
1767275341.435938,15,226.59375,792.5
1767275341.435938,15,227.875,793.75
1767275341.435938,15,228.921875,796.0
1767275341.435938,15,230.109375,799.25
1767275341.435938,15,231.390625,802.25
1767275341.435938,15,232.640625,805.5
1767275341.435938,15,236.71875,1416.25
1767275341.435938,15,237.9375,1398.5
1767275341.435938,15,239.15625,1378.25
1767275341.435938,15,240.390625,1358.0
1767275341.435938,15,241.65625,1341.0
1767275341.435938,15,242.875,1328.0
1767275341.435938,15,244.140625,1316.25
1767275341.435938,15,245.359375,1303.25
1767275341.435938,15,246.609375,1290.25
1767275341.435938,15,247.796875,1279.5
1767275341.435938,15,249.046875,1270.75
1767275341.435938,15,250.21875,1261.5
1767275341.435938,15,251.484375,1253.25
1767275341.435938,15,252.734375,1245.0
1767275341.435938,15,253.96875,1236.5
1767275341.435938,15,255.171875,1230.0
1767275341.435938,15,256.453125,1224.5
1767275341.435938,15,257.5625,1219.0
1767275341.435938,15,258.875,1214.0
1767275341.435938,15,260.046875,1210.0
1767275341.435938,15,261.25,1206.5
1767275341.435938,15,262.484375,1203.5
1767275341.435938,15,263.78125,1200.75
1767275341.435938,15,264.921875,1199.0
1767275341.435938,15,266.171875,1198.0
1767275341.435938,15,267.359375,1196.75
1767275341.435938,15,268.65625,1195.5
1767275341.435938,15,269.828125,1195.25
1767275341.435938,15,271.078125,1197.5
1767275341.435938,15,272.28125,1200.0
1767275341.435938,15,273.53125,1201.0
1767275341.435938,15,274.71875,1203.0
1767275341.435938,15,275.84375,1205.75
1767275341.435938,15,277.0625,1208.75
1767275341.435938,15,278.25,1213.0
1767275341.435938,15,279.46875,1217.75
1767275341.435938,15,280.640625,1221.75
1767275341.435938,15,281.921875,1226.0
1767275341.435938,15,283.140625,1231.25
1767275341.435938,15,284.3125,1238.0
1767275341.435938,15,285.46875,1247.0
1767275341.435938,15,286.71875,1256.75
1767275341.435938,15,287.96875,1264.75
1767275341.435938,15,289.171875,1273.5
1767275341.435938,15,290.328125,1284.25
1767275341.435938,15,291.578125,1297.0
1767275341.435938,15,292.78125,1310.75
1767275341.435938,15,293.9375,1322.75
1767275341.435938,15,295.171875,1333.75
1767275341.435938,15,296.359375,1348.25
1767275341.435938,15,297.578125,1364.25
1767275341.435938,15,298.78125,1381.0
1767275341.435938,15,300.015625,1399.75
1767275341.435938,15,301.265625,1405.25
1767275341.435938,15,302.484375,1391.75
1767275341.435938,15,303.71875,1362.0
1767275341.435938,15,304.921875,1322.0
1767275341.435938,15,306.21875,1283.25
1767275341.435938,15,307.46875,1247.25
1767275341.435938,15,311.21875,1110.75
1767275341.435938,15,312.5,1087.25
1767275341.435938,15,313.765625,1063.75
1767275341.435938,15,314.9375,1041.25
1767275341.435938,15,316.25,1019.0
1767275341.435938,15,317.53125,999.25
1767275341.435938,15,318.6875,982.5
1767275341.435938,15,319.953125,965.75
1767275341.435938,15,321.265625,950.0
1767275341.435938,15,322.5,935.0
1767275341.435938,15,323.640625,920.5
1767275341.435938,15,324.90625,907.75
1767275341.435938,15,326.109375,895.5
1767275341.435938,15,327.4375,883.25
1767275341.435938,15,328.625,873.0
1767275341.435938,15,329.8125,864.0
1767275341.435938,15,331.140625,853.75
1767275341.435938,15,332.34375,842.5
1767275341.435938,15,333.515625,832.25
1767275341.435938,15,334.890625,824.0
1767275341.435938,15,336.078125,816.5
1767275341.435938,15,337.359375,808.0
1767275341.435938,15,338.4375,800.25
1767275341.435938,15,339.78125,794.75
1767275341.435938,15,340.890625,790.25
1767275341.435938,15,342.140625,784.25
1767275341.435938,15,343.359375,779.0
1767275341.435938,15,344.75,774.25
1767275341.435938,15,345.875,770.0
1767275341.435938,15,347.171875,766.25
1767275341.435938,15,348.375,762.75
1767275341.435938,15,349.59375,759.75
1767275341.435938,15,350.8125,756.75
1767275341.435938,15,351.984375,754.25
1767275341.5873342,15,353.1875,752.0
1767275341.5873342,15,354.5,750.0
1767275341.5873342,15,355.6875,749.25
1767275341.5873342,15,356.875,748.75
1767275341.5873342,15,359.234375,773.75
1767275341.5873342,15,0.609375,776.5
1767275341.5873342,15,1.796875,785.75
1767275341.5873342,15,2.890625,793.25
1767275341.5873342,15,4.109375,795.25
1767275341.5873342,15,5.3125,797.25
1767275341.5873342,15,6.484375,799.0
1767275341.5873342,15,7.71875,801.75
1767275341.5873342,15,9.015625,805.75
1767275341.5873342,15,10.125,809.5
1767275341.5873342,15,11.453125,813.0
1767275341.5873342,15,12.65625,817.0
1767275341.5873342,15,13.796875,822.0
1767275341.5873342,15,14.984375,827.0
1767275341.5873342,15,16.140625,832.5
1767275341.5873342,15,17.375,839.0
1767275341.5873342,15,18.640625,846.25
1767275341.5873342,15,19.78125,854.0
1767275341.5873342,15,21.0625,861.25
1767275341.5873342,15,22.234375,868.5
1767275341.5873342,15,23.453125,876.25
1767275341.5873342,15,24.640625,884.25
1767275341.5873342,15,25.90625,893.0
1767275341.5873342,15,27.078125,902.75
1767275341.5873342,15,28.25,912.25
1767275341.5873342,15,29.453125,922.75
1767275341.5873342,15,30.6875,935.0
1767275341.5873342,15,31.796875,947.5
1767275341.5873342,15,33.09375,959.75
1767275341.5873342,15,34.265625,972.75
1767275341.5873342,15,35.53125,986.25
1767275341.5873342,15,36.71875,1000.25
1767275341.5873342,15,37.90625,1017.5
1767275341.5873342,15,39.09375,1034.5
1767275341.5873342,15,40.234375,1051.0
1767275341.5873342,15,41.421875,1071.0
1767275341.5873342,15,46.3125,587.0
1767275341.5873342,15,47.59375,586.0
1767275341.5873342,15,48.625,584.5
1767275341.5873342,15,49.828125,584.5
1767275341.5873342,15,51.28125,585.75
1767275341.5873342,15,52.421875,587.0
1767275341.5873342,15,53.59375,587.75
1767275341.5873342,15,54.890625,589.0
1767275341.5873342,15,55.953125,590.25
1767275341.5873342,15,57.125,592.0
1767275341.5873342,15,58.46875,593.25
1767275341.5873342,15,59.578125,594.0
1767275341.5873342,15,61.0,595.75
1767275341.5873342,15,62.234375,597.75
1767275341.5873342,15,63.34375,600.0
1767275341.5873342,15,64.59375,603.0
1767275341.5873342,15,65.65625,606.75
1767275341.5873342,15,66.890625,610.25
1767275341.5873342,15,68.1875,613.75
1767275341.5873342,15,69.296875,619.0
1767275341.5873342,15,70.59375,628.25
1767275341.5873342,15,73.234375,1073.25
1767275341.5873342,15,74.515625,1067.5
1767275341.5873342,15,75.71875,1061.25
1767275341.5873342,15,76.984375,1057.0
1767275341.5873342,15,78.125,1052.0
1767275341.5873342,15,79.359375,1047.5
1767275341.5873342,15,80.640625,1044.5
1767275341.5873342,15,81.765625,1042.0
1767275341.5873342,15,83.03125,1040.25
1767275341.5873342,15,84.25,1038.25
1767275341.5873342,15,85.46875,1036.25
1767275341.5873342,15,86.75,1036.25
1767275341.5873342,15,87.96875,1036.25
1767275341.5873342,15,89.21875,1035.5
1767275341.5873342,15,90.359375,1036.25
1767275341.5873342,15,91.59375,1038.0
1767275341.5873342,15,92.875,1040.0
1767275341.5873342,15,93.984375,1041.75
1767275341.5873342,15,95.25,1043.5
1767275341.5873342,15,96.4375,1046.25
1767275341.5873342,15,97.6875,1049.0
1767275341.5873342,15,98.875,1053.25
1767275341.5873342,15,100.171875,1058.25
1767275341.5873342,15,101.359375,1062.5
1767275341.5873342,15,102.53125,1067.0
1767275341.5873342,15,103.734375,1072.5
1767275341.5873342,15,104.984375,1078.0
1767275341.5873342,15,106.171875,1084.5
1767275341.5873342,15,107.34375,1092.25
1767275341.5873342,15,108.484375,1099.25
1767275341.5873342,15,109.703125,1106.5
1767275341.5873342,15,110.953125,1114.25
1767275341.5873342,15,112.140625,1122.5
1767275341.5873342,15,113.40625,1132.75
1767275341.5873342,15,114.609375,1142.5
1767275341.5873342,15,115.78125,1155.0
1767275341.5873342,15,116.984375,1169.5
1767275341.5873342,15,118.1875,1180.25
1767275341.5873342,15,121.3125,756.25
1767275341.5873342,15,122.53125,747.0
1767275341.5873342,15,123.734375,739.25
1767275341.5873342,15,124.96875,731.25
1767275341.5873342,15,126.21875,723.75
1767275341.5873342,15,127.5,717.5
1767275341.5873342,15,128.734375,711.25
1767275341.5873342,15,130.0625,705.0
1767275341.5873342,15,131.171875,699.5
1767275341.5873342,15,132.421875,695.25
1767275341.5873342,15,133.734375,690.5
1767275341.5873342,15,134.828125,686.0
1767275341.5873342,15,136.1875,683.25
1767275341.5873342,15,137.25,688.75
1767275341.5873342,15,143.953125,992.0
1767275341.5873342,15,145.203125,979.25
1767275341.5873342,15,146.4375,967.5
1767275341.5873342,15,147.640625,955.25
1767275341.5873342,15,148.9375,942.75
1767275341.5873342,15,150.1875,930.75
1767275341.5873342,15,151.375,920.75
1767275341.5873342,15,152.625,911.25
1767275341.5873342,15,153.796875,902.75
1767275341.5873342,15,155.0,895.25
1767275341.5873342,15,156.34375,887.75
1767275341.5873342,15,157.53125,880.25
1767275341.5873342,15,158.84375,874.0
1767275341.5873342,15,160.046875,868.75
1767275341.5873342,15,161.234375,863.0
1767275341.5873342,15,162.578125,857.25
1767275341.5873342,15,163.765625,852.0
1767275341.5873342,15,164.9375,847.25
1767275341.5873342,15,166.234375,842.75
1767275341.5873342,15,167.5,838.0
1767275341.5873342,15,168.578125,834.75
1767275341.5873342,15,169.921875,832.0
1767275341.5873342,15,171.046875,828.5
1767275341.5873342,15,172.296875,826.0
1767275341.5873342,15,173.46875,824.5
1767275341.5873342,15,174.8125,823.5
1767275341.5873342,15,176.03125,823.5
1767275341.5873342,15,177.15625,823.0
1767275341.5873342,15,178.359375,822.5
1767275341.5873342,15,179.6875,822.75
1767275341.5873342,15,180.9375,823.5
1767275341.5873342,15,182.109375,824.75
1767275341.5873342,15,183.28125,826.0
1767275341.5873342,15,184.515625,827.5
1767275341.5873342,15,185.75,830.0
1767275341.5873342,15,187.0,833.25
1767275341.5873342,15,188.125,836.5
1767275341.5873342,15,189.359375,840.0
1767275341.5873342,15,190.609375,844.0
1767275341.5873342,15,191.8125,848.0
1767275341.5873342,15,193.046875,853.0
1767275341.5873342,15,194.171875,858.25
1767275341.5873342,15,195.46875,863.0
1767275341.5873342,15,196.578125,868.5
1767275341.5873342,15,197.859375,874.0
1767275341.5873342,15,199.03125,880.0
1767275341.5873342,15,200.3125,887.0
1767275341.5873342,15,201.40625,894.5
1767275341.5873342,15,202.734375,902.25
1767275341.5873342,15,203.859375,909.75
1767275341.5873342,15,205.109375,918.5
1767275341.5873342,15,206.21875,928.5
1767275341.5873342,15,207.53125,938.5
1767275341.5873342,15,208.71875,949.75
1767275341.5873342,15,209.90625,961.25
1767275341.5873342,15,211.125,973.0
1767275341.5873342,15,212.296875,985.5
1767275341.5873342,15,213.4375,998.5
1767275341.5873342,15,214.625,1013.25
1767275341.5873342,15,215.84375,1029.75
1767275341.5873342,15,217.0625,1045.25
1767275341.5873342,15,218.25,1061.5
1767275341.5873342,15,219.40625,1080.0
1767275341.5873342,15,220.609375,1099.0
1767275341.5873342,15,221.84375,1118.25
1767275341.5873342,15,223.078125,1140.75
1767275341.5873342,15,226.03125,792.0
1767275341.5873342,15,227.359375,793.75
1767275341.5873342,15,228.546875,795.25
1767275341.5873342,15,229.734375,798.0
1767275341.5873342,15,230.875,800.75
1767275341.5873342,15,232.125,804.5
1767275341.5873342,15,235.046875,1428.0
1767275341.5873342,15,236.28125,1422.5
1767275341.5873342,15,237.46875,1403.5
1767275341.5873342,15,238.71875,1382.25
1767275341.5873342,15,240.0,1363.0
1767275341.5873342,15,241.1875,1346.5
1767275341.5873342,15,242.453125,1331.5
1767275341.5873342,15,243.640625,1320.0
1767275341.5873342,15,244.890625,1307.0
1767275341.5873342,15,246.15625,1294.75
1767275341.5873342,15,247.34375,1284.5
1767275341.5873342,15,248.5625,1273.5
1767275341.5873342,15,249.859375,1263.75
1767275341.5873342,15,251.015625,1255.75
1767275341.5873342,15,252.328125,1247.25
1767275341.5873342,15,253.546875,1238.0
1767275341.5873342,15,254.84375,1231.25
1767275341.5873342,15,256.0625,1226.25
1767275341.5873342,15,257.296875,1220.75
1767275341.5873342,15,258.5,1215.25
1767275341.5873342,15,259.703125,1211.0
1767275341.5873342,15,260.9375,1206.25
1767275341.5873342,15,262.21875,1202.75
1767275341.5873342,15,263.375,1201.25
1767275341.5873342,15,264.59375,1199.25
1767275341.5873342,15,265.84375,1196.75
1767275341.5873342,15,267.0625,1195.5
1767275341.5873342,15,268.34375,1195.25
1767275341.5873342,15,269.5625,1196.0
1767275341.5873342,15,270.703125,1197.25
1767275341.5873342,15,271.953125,1198.75
1767275341.5873342,15,273.1875,1200.75
1767275341.5873342,15,274.453125,1203.25
1767275341.5873342,15,275.5,1206.0
1767275341.5873342,15,276.671875,1208.0
1767275341.5873342,15,277.921875,1211.25
1767275341.5873342,15,279.15625,1216.5
1767275341.5873342,15,280.3125,1221.5
1767275341.5873342,15,281.546875,1226.75
1767275341.5873342,15,282.71875,1231.5
1767275341.5873342,15,283.9375,1236.0
1767275341.5873342,15,285.140625,1243.25
1767275341.5873342,15,286.4375,1252.75
1767275341.5873342,15,287.59375,1262.0
1767275341.5873342,15,288.84375,1270.75
1767275341.5873342,15,290.0,1281.5
1767275341.5873342,15,291.171875,1294.0
1767275341.5873342,15,292.4375,1306.75
1767275341.5873342,15,293.671875,1319.25
1767275341.5873342,15,294.8125,1331.0
1767275341.5873342,15,296.0625,1344.5
1767275341.5873342,15,297.25,1359.5
1767275341.5873342,15,298.453125,1376.5
1767275341.5873342,15,299.609375,1396.25
1767275341.5873342,15,300.890625,1413.0
1767275341.5873342,15,302.0625,1409.25
1767275341.5873342,15,304.53125,1332.75
1767275341.5873342,15,305.828125,1295.75
1767275341.5873342,15,307.09375,1260.25
1767275341.5873342,15,310.84375,1116.25
1767275341.5873342,15,312.140625,1093.0
1767275341.5873342,15,313.375,1069.0
1767275341.5873342,15,314.640625,1045.25
1767275341.5873342,15,315.84375,1024.5
1767275341.5873342,15,317.03125,1004.25
1767275341.5873342,15,318.296875,986.5
1767275341.5873342,15,319.546875,970.0
1767275341.5873342,15,320.875,954.25
1767275341.5873342,15,322.0625,938.75
1767275341.5873342,15,323.28125,923.75
1767275341.5873342,15,324.546875,911.0
1767275341.5873342,15,325.796875,899.0
1767275341.5873342,15,327.109375,886.75
1767275341.5873342,15,328.21875,876.0
1767275341.5873342,15,329.453125,866.25
1767275341.5873342,15,330.8125,855.5
1767275341.5873342,15,331.953125,845.0
1767275341.5873342,15,333.21875,834.25
1767275341.5873342,15,334.40625,825.5
1767275341.5873342,15,335.734375,818.5
1767275341.5873342,15,336.921875,809.75
1767275341.5873342,15,338.203125,801.75
1767275341.5873342,15,339.4375,796.25
1767275341.5873342,15,340.703125,791.0
1767275341.5873342,15,341.90625,785.0
1767275341.5873342,15,343.109375,779.75
1767275341.5873342,15,344.265625,775.25
1767275341.5873342,15,345.53125,771.0
1767275341.5873342,15,346.859375,767.5
1767275341.5873342,15,347.984375,763.75
1767275341.5873342,15,349.3125,760.25
1767275341.5873342,15,350.546875,757.75
1767275341.5873342,15,351.796875,755.75
1767275341.738216,15,353.03125,753.0
1767275341.738216,15,354.109375,751.25
1767275341.738216,15,355.40625,750.5
1767275341.738216,15,356.609375,749.0
1767275341.738216,15,359.015625,775.25
1767275341.738216,15,0.265625,774.75
1767275341.738216,15,1.328125,784.0
1767275341.738216,15,2.671875,793.5
1767275341.738216,15,3.875,795.0
1767275341.738216,15,5.0625,796.5
1767275341.738216,15,6.3125,798.5
1767275341.738216,15,7.421875,801.0
1767275341.738216,15,8.75,803.75
1767275341.738216,15,9.921875,808.0
1767275341.738216,15,11.171875,812.75
1767275341.738216,15,12.265625,816.0
1767275341.738216,15,13.53125,820.25
1767275341.738216,15,14.640625,825.0
1767275341.738216,15,15.90625,831.25
1767275341.738216,15,17.109375,837.5
1767275341.738216,15,18.25,844.0
1767275341.738216,15,19.484375,852.25
1767275341.738216,15,20.796875,860.0
1767275341.738216,15,21.859375,867.25
1767275341.738216,15,23.0625,874.5
1767275341.738216,15,24.3125,882.0
1767275341.738216,15,25.5625,890.75
1767275341.738216,15,26.734375,900.25
1767275341.738216,15,27.984375,909.25
1767275341.738216,15,29.09375,919.0
1767275341.738216,15,30.375,931.0
1767275341.738216,15,31.578125,944.0
1767275341.738216,15,32.765625,956.0
1767275341.738216,15,33.953125,968.5
1767275341.738216,15,35.140625,982.5
1767275341.738216,15,36.390625,996.25
1767275341.738216,15,37.625,1010.75
1767275341.738216,15,38.703125,1028.75
1767275341.738216,15,39.96875,1046.5
1767275341.738216,15,41.1875,1064.75
1767275341.738216,15,42.34375,1086.75
1767275341.738216,15,46.0625,586.25
1767275341.738216,15,47.078125,585.5
1767275341.738216,15,48.484375,585.5
1767275341.738216,15,49.546875,585.0
1767275341.738216,15,50.875,585.25
1767275341.738216,15,52.15625,586.25
1767275341.738216,15,53.265625,587.25
1767275341.738216,15,54.40625,588.0
1767275341.738216,15,55.609375,589.0
1767275341.738216,15,56.875,591.0
1767275341.738216,15,58.171875,592.75
1767275341.738216,15,59.421875,594.0
1767275341.738216,15,60.578125,595.75
1767275341.738216,15,61.796875,597.75
1767275341.738216,15,62.90625,600.0
1767275341.738216,15,64.34375,602.75
1767275341.738216,15,65.421875,605.75
1767275341.738216,15,66.53125,609.25
1767275341.738216,15,67.84375,613.0
1767275341.738216,15,69.046875,617.5
1767275341.738216,15,70.28125,622.25
1767275341.738216,15,72.984375,1074.75
1767275341.738216,15,74.21875,1067.75
1767275341.738216,15,75.359375,1062.75
1767275341.738216,15,76.671875,1058.25
1767275341.738216,15,77.84375,1052.75
1767275341.738216,15,79.109375,1047.75
1767275341.738216,15,80.296875,1045.0
1767275341.738216,15,81.5625,1042.75
1767275341.738216,15,82.8125,1040.25
1767275341.738216,15,83.859375,1038.0
1767275341.738216,15,85.140625,1037.0
1767275341.738216,15,86.296875,1035.75
1767275341.738216,15,87.578125,1035.0
1767275341.738216,15,88.859375,1035.5
1767275341.738216,15,89.984375,1036.0
1767275341.738216,15,91.171875,1036.75
1767275341.738216,15,92.5,1038.5
1767275341.738216,15,93.609375,1040.75
1767275341.738216,15,94.859375,1042.75
1767275341.738216,15,96.09375,1045.0
1767275341.738216,15,97.3125,1047.75
1767275341.738216,15,98.515625,1052.25
1767275341.738216,15,99.734375,1056.75
1767275341.738216,15,100.9375,1061.0
1767275341.738216,15,102.09375,1065.75
1767275341.738216,15,103.359375,1071.0
1767275341.738216,15,104.578125,1076.75
1767275341.738216,15,105.828125,1082.75
1767275341.738216,15,107.015625,1089.75
1767275341.738216,15,108.171875,1097.5
1767275341.738216,15,109.359375,1103.75
1767275341.738216,15,110.546875,1111.5
1767275341.738216,15,111.8125,1120.5
1767275341.738216,15,112.96875,1130.75
1767275341.738216,15,114.1875,1140.25
1767275341.738216,15,115.375,1151.5
1767275341.738216,15,116.609375,1164.75
1767275341.738216,15,117.8125,1175.75
1767275341.738216,15,120.875,759.25
1767275341.738216,15,122.234375,749.75
1767275341.738216,15,123.4375,740.75
1767275341.738216,15,124.65625,733.5
1767275341.738216,15,125.9375,726.25
1767275341.738216,15,127.015625,719.5
1767275341.738216,15,128.390625,713.25
1767275341.738216,15,129.640625,707.25
1767275341.738216,15,130.765625,702.25
1767275341.738216,15,131.9375,696.75
1767275341.738216,15,133.328125,691.25
1767275341.738216,15,134.390625,687.0
1767275341.738216,15,135.75,684.0
1767275341.738216,15,139.875,1048.75
1767275341.738216,15,143.578125,997.25
1767275341.738216,15,144.8125,984.75
1767275341.738216,15,146.046875,971.0
1767275341.738216,15,147.3125,957.5
1767275341.738216,15,148.484375,946.5
1767275341.738216,15,149.703125,935.5
1767275341.738216,15,150.921875,925.0
1767275341.738216,15,152.125,915.5
1767275341.738216,15,153.453125,906.25
1767275341.738216,15,154.65625,898.0
1767275341.738216,15,155.9375,890.5
1767275341.738216,15,157.109375,883.5
1767275341.738216,15,158.421875,876.5
1767275341.738216,15,159.609375,870.5
1767275341.738216,15,160.859375,865.25
1767275341.738216,15,162.0625,859.25
1767275341.738216,15,163.328125,854.0
1767275341.738216,15,164.46875,848.5
1767275341.738216,15,165.78125,844.0
1767275341.738216,15,167.015625,840.25
1767275341.738216,15,168.171875,836.25
1767275341.738216,15,169.515625,832.5
1767275341.738216,15,170.75,829.0
1767275341.738216,15,171.90625,826.25
1767275341.738216,15,173.1875,824.75
1767275341.738216,15,174.3125,823.75
1767275341.738216,15,175.578125,823.25
1767275341.738216,15,176.84375,822.75
1767275341.738216,15,177.984375,823.0
1767275341.738216,15,179.296875,823.0
1767275341.738216,15,180.40625,823.25
1767275341.738216,15,181.671875,824.25
1767275341.738216,15,182.859375,825.75
1767275341.738216,15,184.09375,826.5
1767275341.738216,15,185.28125,829.0
1767275341.738216,15,186.53125,832.5
1767275341.738216,15,187.71875,835.5
1767275341.738216,15,188.96875,838.75
1767275341.738216,15,190.203125,842.5
1767275341.738216,15,191.375,846.5
1767275341.738216,15,192.5625,850.75
1767275341.738216,15,193.765625,856.25
1767275341.738216,15,195.03125,861.5
1767275341.738216,15,196.25,867.0
1767275341.738216,15,197.40625,872.25
1767275341.738216,15,198.6875,877.75
1767275341.738216,15,199.796875,884.5
1767275341.738216,15,201.046875,892.0
1767275341.738216,15,202.21875,899.5
1767275341.738216,15,203.453125,907.5
1767275341.738216,15,204.765625,915.0
1767275341.738216,15,205.90625,924.25
1767275341.738216,15,207.140625,935.5
1767275341.738216,15,208.25,947.25
1767275341.738216,15,209.5,958.75
1767275341.738216,15,210.734375,969.25
1767275341.738216,15,211.921875,980.75
1767275341.738216,15,213.171875,993.25
1767275341.738216,15,214.265625,1007.75
1767275341.738216,15,215.484375,1025.25
1767275341.738216,15,216.71875,1040.5
1767275341.738216,15,217.90625,1056.25
1767275341.738216,15,219.109375,1075.0
1767275341.738216,15,220.25,1094.25
1767275341.738216,15,221.53125,1113.5
1767275341.738216,15,222.6875,1133.0
1767275341.738216,15,225.640625,794.0
1767275341.738216,15,226.84375,793.5
1767275341.738216,15,228.109375,795.25
1767275341.738216,15,229.359375,797.25
1767275341.738216,15,230.65625,799.75
1767275341.738216,15,231.78125,802.75
1767275341.738216,15,234.65625,1433.25
1767275341.738216,15,235.90625,1427.25
1767275341.738216,15,237.140625,1412.25
1767275341.738216,15,238.34375,1392.75
1767275341.738216,15,239.59375,1370.25
1767275341.738216,15,240.859375,1350.75
1767275341.738216,15,242.109375,1334.75
1767275341.738216,15,243.28125,1323.0
1767275341.738216,15,244.515625,1311.25
1767275341.738216,15,245.796875,1299.25
1767275341.738216,15,247.0,1287.75
1767275341.738216,15,248.25,1277.0
1767275341.738216,15,249.46875,1266.75
1767275341.738216,15,250.703125,1258.25
1767275341.738216,15,251.890625,1250.5
1767275341.738216,15,253.140625,1241.75
1767275341.738216,15,254.40625,1233.5
1767275341.738216,15,255.625,1227.5
1767275341.738216,15,256.859375,1223.5
1767275341.738216,15,258.0625,1218.5
1767275341.738216,15,259.28125,1213.25
1767275341.738216,15,260.5,1208.25
1767275341.738216,15,261.71875,1205.5
1767275341.738216,15,262.90625,1202.5
1767275341.738216,15,264.171875,1199.5
1767275341.738216,15,265.390625,1198.0
1767275341.738216,15,266.640625,1195.75
1767275341.738216,15,267.8125,1194.5
1767275341.738216,15,269.03125,1195.5
1767275341.738216,15,270.28125,1197.0
1767275341.738216,15,271.546875,1198.75
1767275341.738216,15,272.734375,1200.25
1767275341.738216,15,273.96875,1202.0
1767275341.738216,15,275.171875,1204.25
1767275341.738216,15,276.3125,1205.75
1767275341.738216,15,277.515625,1209.5
1767275341.738216,15,278.703125,1214.5
1767275341.738216,15,279.890625,1219.25
1767275341.738216,15,281.125,1224.25
1767275341.738216,15,282.296875,1228.5
1767275341.738216,15,283.578125,1234.75
1767275341.738216,15,284.796875,1242.75
1767275341.738216,15,285.921875,1250.5
1767275341.738216,15,287.1875,1259.25
1767275341.738216,15,288.375,1268.5
1767275341.738216,15,289.625,1278.5
1767275341.738216,15,290.765625,1289.75
1767275341.738216,15,292.03125,1301.0
1767275341.738216,15,293.234375,1313.75
1767275341.738216,15,294.40625,1327.25
1767275341.738216,15,295.609375,1338.25
1767275341.738216,15,296.78125,1353.25
1767275341.738216,15,298.015625,1371.0
1767275341.738216,15,299.296875,1388.25
1767275341.738216,15,300.484375,1406.5
1767275341.738216,15,301.671875,1415.25
1767275341.738216,15,304.21875,1346.0
1767275341.738216,15,305.46875,1306.0
1767275341.738216,15,306.734375,1269.5
1767275341.738216,15,310.484375,1125.0
1767275341.738216,15,311.765625,1100.25
1767275341.738216,15,312.984375,1078.25
1767275341.738216,15,314.265625,1054.0
1767275341.738216,15,315.484375,1031.25
1767275341.738216,15,316.6875,1010.75
1767275341.738216,15,317.921875,992.5
1767275341.738216,15,319.234375,976.25
1767275341.738216,15,320.4375,960.25
1767275341.738216,15,321.65625,944.5
1767275341.738216,15,322.953125,929.5
1767275341.738216,15,324.140625,916.0
1767275341.738216,15,325.46875,903.25
1767275341.738216,15,326.65625,890.75
1767275341.738216,15,327.890625,879.25
1767275341.738216,15,329.234375,869.25
1767275341.738216,15,330.375,858.75
1767275341.738216,15,331.71875,848.0
1767275341.738216,15,332.9375,837.75
1767275341.738216,15,334.09375,828.25
1767275341.738216,15,335.390625,820.5
1767275341.738216,15,336.59375,812.75
1767275341.738216,15,337.8125,805.0
1767275341.738216,15,339.015625,797.75
1767275341.738216,15,340.296875,792.0
1767275341.738216,15,341.59375,787.0
1767275341.738216,15,342.859375,781.5
1767275341.738216,15,344.03125,777.0
1767275341.738216,15,345.234375,772.75
1767275341.738216,15,346.375,768.5
1767275341.738216,15,347.640625,764.75
1767275341.738216,15,348.875,761.5
1767275341.738216,15,350.078125,758.5
1767275341.738216,15,351.3125,755.75
1767275341.8883007,15,352.5625,753.25
1767275341.8883007,15,353.703125,751.75
1767275341.8883007,15,354.96875,750.5
1767275341.8883007,15,356.265625,749.25
1767275341.8883007,15,2.21875,798.0
1767275341.8883007,15,3.453125,794.25
1767275341.8883007,15,4.609375,796.0
1767275341.8883007,15,5.84375,797.75
1767275341.8883007,15,7.046875,799.5
1767275341.8883007,15,8.234375,802.75
1767275341.8883007,15,9.515625,806.75
1767275341.8883007,15,10.65625,810.75
1767275341.8883007,15,11.84375,815.0
1767275341.8883007,15,13.109375,819.25
1767275341.8883007,15,14.28125,823.75
1767275341.8883007,15,15.53125,828.75
1767275341.8883007,15,16.75,834.75
1767275341.8883007,15,17.96875,841.75
1767275341.8883007,15,19.171875,848.75
1767275341.8883007,15,20.3125,856.0
1767275341.8883007,15,21.546875,864.25
1767275341.8883007,15,22.71875,872.0
1767275341.8883007,15,23.859375,879.75
1767275341.8883007,15,25.0625,888.5
1767275341.8883007,15,26.265625,897.25
1767275341.8883007,15,27.53125,906.25
1767275341.8883007,15,28.703125,916.5
1767275341.8883007,15,29.90625,927.5
1767275341.8883007,15,31.140625,939.75
1767275341.8883007,15,32.375,951.75
1767275341.8883007,15,33.515625,964.0
1767275341.8883007,15,34.734375,977.75
1767275341.8883007,15,35.96875,992.0
1767275341.8883007,15,37.203125,1006.75
1767275341.8883007,15,38.4375,1023.5
1767275341.8883007,15,39.59375,1041.25
1767275341.8883007,15,40.8125,1059.75
1767275341.8883007,15,41.984375,1080.0
1767275341.8883007,15,45.59375,587.25
1767275341.8883007,15,46.6875,586.0
1767275341.8883007,15,48.03125,585.25
1767275341.8883007,15,49.328125,585.0
1767275341.8883007,15,50.484375,585.5
1767275341.8883007,15,51.71875,586.0
1767275341.8883007,15,52.9375,586.5
1767275341.8883007,15,54.171875,587.75
1767275341.8883007,15,55.28125,588.5
1767275341.8883007,15,56.65625,590.25
1767275341.8883007,15,57.859375,592.25
1767275341.8883007,15,58.921875,593.75
1767275341.8883007,15,60.15625,594.75
1767275341.8883007,15,61.46875,597.0
1767275341.8883007,15,62.578125,599.25
1767275341.8883007,15,63.921875,601.75
1767275341.8883007,15,65.015625,605.0
1767275341.8883007,15,66.265625,608.5
1767275341.8883007,15,67.5625,612.25
1767275341.8883007,15,68.71875,616.5
1767275341.8883007,15,69.84375,621.25
1767275341.8883007,15,72.625,1076.5
1767275341.8883007,15,73.78125,1071.0
1767275341.8883007,15,75.0,1065.25
1767275341.8883007,15,76.203125,1060.25
1767275341.8883007,15,77.515625,1054.75
1767275341.8883007,15,78.734375,1049.25
1767275341.8883007,15,79.984375,1046.0
1767275341.8883007,15,81.09375,1043.5
1767275341.8883007,15,82.34375,1041.5
1767275341.8883007,15,83.546875,1040.25
1767275341.8883007,15,84.671875,1038.5
1767275341.8883007,15,85.96875,1036.5
1767275341.8883007,15,87.15625,1036.25
1767275341.8883007,15,88.40625,1036.0
1767275341.8883007,15,89.5625,1036.0
1767275341.8883007,15,90.765625,1037.25
1767275341.8883007,15,92.0,1038.5
1767275341.8883007,15,93.203125,1040.25
1767275341.8883007,15,94.421875,1042.0
1767275341.8883007,15,95.6875,1044.25
1767275341.8883007,15,96.859375,1046.75
1767275341.8883007,15,98.109375,1050.0
1767275341.8883007,15,99.265625,1055.0
1767275341.8883007,15,100.515625,1060.0
1767275341.8883007,15,101.734375,1064.25
1767275341.8883007,15,102.9375,1068.5
1767275341.8883007,15,104.09375,1074.0
1767275341.8883007,15,105.28125,1080.5
1767275341.8883007,15,106.5,1087.25
1767275341.8883007,15,107.703125,1093.75
1767275341.8883007,15,108.859375,1101.25
1767275341.8883007,15,110.125,1109.25
1767275341.8883007,15,111.359375,1116.75
1767275341.8883007,15,112.578125,1126.5
1767275341.8883007,15,113.75,1137.25
1767275341.8883007,15,114.953125,1147.25
1767275341.8883007,15,116.109375,1159.25
1767275341.8883007,15,117.375,1171.5
1767275341.8883007,15,120.53125,761.5
1767275341.8883007,15,121.765625,752.5
1767275341.8883007,15,122.921875,743.75
1767275341.8883007,15,124.21875,736.5
1767275341.8883007,15,125.421875,729.0
1767275341.8883007,15,126.53125,721.5
1767275341.8883007,15,127.890625,715.25
1767275341.8883007,15,129.0625,709.5
1767275341.8883007,15,130.375,703.75
1767275341.8883007,15,131.515625,698.5
1767275341.8883007,15,132.84375,693.25
1767275341.8883007,15,134.015625,688.5
1767275341.8883007,15,135.1875,685.0
1767275341.8883007,15,136.578125,682.75
1767275341.8883007,15,143.046875,1002.75
1767275341.8883007,15,144.375,988.75
1767275341.8883007,15,145.625,975.75
1767275341.8883007,15,146.796875,963.0
1767275341.8883007,15,148.015625,951.75
1767275341.8883007,15,149.3125,940.0
1767275341.8883007,15,150.453125,928.25
1767275341.8883007,15,151.78125,918.0
1767275341.8883007,15,152.9375,908.75
1767275341.8883007,15,154.25,901.0
1767275341.8883007,15,155.453125,893.25
1767275341.8883007,15,156.671875,885.75
1767275341.8883007,15,157.921875,878.75
1767275341.8883007,15,159.15625,873.0
1767275341.8883007,15,160.421875,867.25
1767275341.8883007,15,161.609375,861.0
1767275341.8883007,15,162.828125,855.5
1767275341.8883007,15,164.125,851.0
1767275341.8883007,15,165.328125,846.5
1767275341.8883007,15,166.578125,841.5
1767275341.8883007,15,167.734375,837.25
1767275341.8883007,15,168.9375,833.5
1767275341.8883007,15,170.140625,830.0
1767275341.8883007,15,171.484375,827.5
1767275341.8883007,15,172.640625,826.0
1767275341.8883007,15,173.890625,824.25
1767275341.8883007,15,175.078125,823.25
1767275341.8883007,15,176.21875,822.5
1767275341.8883007,15,177.546875,822.75
1767275341.8883007,15,178.765625,823.25
1767275341.8883007,15,179.90625,823.5
1767275341.8883007,15,181.15625,824.25
1767275341.8883007,15,182.4375,825.0
1767275341.8883007,15,183.515625,826.0
1767275341.8883007,15,184.828125,828.0
1767275341.8883007,15,186.03125,830.75
1767275341.8883007,15,187.234375,833.75
1767275341.8883007,15,188.484375,837.0
1767275341.8883007,15,189.703125,840.75
1767275341.8883007,15,190.78125,845.5
1767275341.8883007,15,192.09375,850.0
1767275341.8883007,15,193.25,854.0
1767275341.8883007,15,194.546875,858.5
1767275341.8883007,15,195.734375,863.75
1767275341.8883007,15,196.9375,869.75
1767275341.8883007,15,198.046875,875.0
1767275341.8883007,15,199.296875,881.0
1767275341.8883007,15,200.53125,888.25
1767275341.8883007,15,201.625,895.75
1767275341.8883007,15,202.96875,904.25
1767275341.8883007,15,204.109375,912.75
1767275341.8883007,15,205.4375,921.0
1767275341.8883007,15,206.5625,930.5
1767275341.8883007,15,207.75,941.75
1767275341.8883007,15,208.984375,953.0
1767275341.8883007,15,210.140625,963.75
1767275341.8883007,15,211.390625,975.75
1767275341.8883007,15,212.625,988.75
1767275341.8883007,15,213.84375,1002.5
1767275341.8883007,15,215.0625,1017.75
1767275341.8883007,15,216.171875,1032.75
1767275341.8883007,15,217.34375,1048.5
1767275341.8883007,15,218.625,1066.5
1767275341.8883007,15,219.796875,1085.25
1767275341.8883007,15,220.9375,1104.0
1767275341.8883007,15,222.140625,1124.5
1767275341.8883007,15,223.34375,1147.0
1767275341.8883007,15,226.375,793.25
1767275341.8883007,15,227.5625,794.5
1767275341.8883007,15,228.875,795.75
1767275341.8883007,15,230.140625,798.5
1767275341.8883007,15,231.25,802.0
1767275341.8883007,15,232.453125,805.25
1767275341.8883007,15,236.59375,1417.5
1767275341.8883007,15,237.890625,1398.5
1767275341.8883007,15,239.09375,1378.0
1767275341.8883007,15,240.359375,1359.0
1767275341.8883007,15,241.578125,1342.25
1767275341.8883007,15,242.84375,1328.25
1767275341.8883007,15,244.015625,1316.25
1767275341.8883007,15,245.21875,1304.25
1767275341.8883007,15,246.484375,1291.5
1767275341.8883007,15,247.734375,1280.25
1767275341.8883007,15,248.96875,1271.25
1767275341.8883007,15,250.15625,1261.75
1767275341.8883007,15,251.390625,1252.75
1767275341.8883007,15,252.65625,1245.0
1767275341.8883007,15,253.796875,1236.5
1767275341.8883007,15,255.015625,1230.5
1767275341.8883007,15,256.25,1225.75
1767275341.8883007,15,257.46875,1220.5
1767275341.8883007,15,258.765625,1215.25
1767275341.8883007,15,259.921875,1210.0
1767275341.8883007,15,261.171875,1206.25
1767275341.8883007,15,262.4375,1202.5
1767275341.8883007,15,263.671875,1200.25
1767275341.8883007,15,264.875,1199.0
1767275341.8883007,15,266.0625,1196.75
1767275341.8883007,15,267.28125,1195.25
1767275341.8883007,15,268.515625,1195.5
1767275341.8883007,15,269.734375,1196.0
1767275341.8883007,15,270.96875,1197.5
1767275341.8883007,15,272.140625,1199.0
1767275341.8883007,15,273.421875,1200.25
1767275341.8883007,15,274.578125,1202.5
1767275341.8883007,15,275.703125,1205.75
1767275341.8883007,15,276.953125,1208.75
1767275341.8883007,15,278.09375,1212.0
1767275341.8883007,15,279.265625,1217.0
1767275341.8883007,15,280.5625,1221.25
1767275341.8883007,15,281.71875,1225.5
1767275341.8883007,15,282.953125,1230.5
1767275341.8883007,15,284.203125,1237.25
1767275341.8883007,15,285.40625,1246.5
1767275341.8883007,15,286.546875,1255.5
1767275341.8883007,15,287.75,1263.5
1767275341.8883007,15,288.984375,1272.5
1767275341.8883007,15,290.234375,1283.25
1767275341.8883007,15,291.421875,1295.25
1767275341.8883007,15,292.5625,1308.5
1767275341.8883007,15,293.84375,1320.75
1767275341.8883007,15,295.03125,1332.5
1767275341.8883007,15,296.203125,1347.25
1767275341.8883007,15,297.4375,1362.25
1767275341.8883007,15,298.59375,1378.75
1767275341.8883007,15,299.828125,1399.0
1767275341.8883007,15,302.296875,1373.5
1767275341.8883007,15,303.546875,1369.0
1767275341.8883007,15,304.78125,1328.5
1767275341.8883007,15,307.296875,1250.75
1767275341.8883007,15,311.0625,1113.25
1767275341.8883007,15,312.3125,1087.5
1767275341.8883007,15,313.609375,1064.25
1767275341.8883007,15,314.796875,1043.25
1767275341.8883007,15,316.03125,1020.75
1767275341.8883007,15,317.3125,1000.25
1767275341.8883007,15,318.5,983.25
1767275341.8883007,15,319.734375,966.5
1767275341.8883007,15,321.0625,951.25
1767275341.8883007,15,322.234375,936.0
1767275341.8883007,15,323.546875,921.25
1767275341.8883007,15,324.828125,908.0
1767275341.8883007,15,326.0625,895.5
1767275341.8883007,15,327.28125,883.5
1767275341.8883007,15,328.546875,873.25
1767275341.8883007,15,329.8125,863.75
1767275341.8883007,15,330.984375,853.75
1767275341.8883007,15,332.3125,843.25
1767275341.8883007,15,333.5625,833.25
1767275341.8883007,15,334.734375,824.75
1767275341.8883007,15,335.90625,816.75
1767275341.8883007,15,337.234375,808.5
1767275341.8883007,15,338.390625,801.25
1767275341.8883007,15,339.625,795.5
1767275341.8883007,15,340.9375,790.0
1767275341.8883007,15,342.15625,784.25
1767275341.8883007,15,343.40625,779.25
1767275341.8883007,15,344.59375,774.5
1767275341.8883007,15,345.890625,770.0
1767275341.8883007,15,347.0625,766.25
1767275341.8883007,15,348.21875,763.0
1767275341.8883007,15,349.484375,760.0
1767275341.8883007,15,350.703125,757.0
1767275341.8883007,15,351.90625,754.5
1767275342.0395265,15,353.125,752.5
1767275342.0395265,15,354.40625,751.25
1767275342.0395265,15,355.625,750.0
1767275342.0395265,15,356.890625,748.75
1767275342.0395265,15,359.21875,774.25
1767275342.0395265,15,0.359375,775.75
1767275342.0395265,15,1.515625,785.25
1767275342.0395265,15,2.84375,793.25
1767275342.0395265,15,4.015625,795.25
1767275342.0395265,15,5.21875,797.0
1767275342.0395265,15,6.375,799.0
1767275342.0395265,15,7.671875,801.0
1767275342.0395265,15,8.796875,804.25
1767275342.0395265,15,10.0,808.5
1767275342.0395265,15,11.1875,812.5
1767275342.0395265,15,12.40625,816.5
1767275342.0395265,15,13.578125,821.5
1767275342.0395265,15,14.84375,826.0
1767275342.0395265,15,16.109375,831.25
1767275342.0395265,15,17.1875,838.25
1767275342.0395265,15,18.4375,845.5
1767275342.0395265,15,19.640625,853.75
1767275342.0395265,15,20.796875,861.0
1767275342.0395265,15,21.984375,867.25
1767275342.0395265,15,23.28125,874.75
1767275342.0395265,15,24.40625,883.0
1767275342.0395265,15,25.59375,892.5
1767275342.0395265,15,26.828125,901.5
1767275342.0395265,15,28.0,910.0
1767275342.0395265,15,29.234375,920.25
1767275342.0395265,15,30.375,932.0
1767275342.0395265,15,31.5625,944.0
1767275342.0395265,15,32.875,957.0
1767275342.0395265,15,33.953125,970.75
1767275342.0395265,15,35.203125,983.75
1767275342.0395265,15,36.546875,997.75
1767275342.0395265,15,37.671875,1014.25
1767275342.0395265,15,38.890625,1031.25
1767275342.0395265,15,40.0625,1048.5
1767275342.0395265,15,41.328125,1068.25
1767275342.0395265,15,42.46875,1089.75
1767275342.0395265,15,46.078125,586.0
1767275342.0395265,15,47.296875,585.5
1767275342.0395265,15,48.515625,585.5
1767275342.0395265,15,49.890625,584.75
1767275342.0395265,15,50.96875,585.0
1767275342.0395265,15,52.15625,586.75
1767275342.0395265,15,53.53125,587.75
1767275342.0395265,15,54.640625,588.5
1767275342.0395265,15,55.78125,590.25
1767275342.0395265,15,57.109375,591.75
1767275342.0395265,15,58.328125,593.0
1767275342.0395265,15,59.453125,594.0
1767275342.0395265,15,60.828125,595.25
1767275342.0395265,15,61.8125,597.25
1767275342.0395265,15,63.140625,600.0
1767275342.0395265,15,64.328125,603.0
1767275342.0395265,15,65.5,606.25
1767275342.0395265,15,66.8125,609.5
1767275342.0395265,15,67.953125,613.5
1767275342.0395265,15,69.265625,617.5
1767275342.0395265,15,70.46875,622.25
1767275342.0395265,15,73.015625,1073.75
1767275342.0395265,15,74.265625,1068.0
1767275342.0395265,15,75.5625,1062.25
1767275342.0395265,15,76.75,1057.75
1767275342.0395265,15,77.953125,1052.5
1767275342.0395265,15,79.203125,1047.75
1767275342.0395265,15,80.4375,1045.0
1767275342.0395265,15,81.625,1042.0
1767275342.0395265,15,82.90625,1038.75
1767275342.0395265,15,84.015625,1037.5
1767275342.0395265,15,85.125,1037.25
1767275342.0395265,15,86.375,1035.75
1767275342.0395265,15,87.640625,1035.0
1767275342.0395265,15,88.8125,1035.25
1767275342.0395265,15,89.984375,1036.0
1767275342.0395265,15,91.265625,1036.75
1767275342.0395265,15,92.484375,1038.25
1767275342.0395265,15,93.71875,1040.75
1767275342.0395265,15,94.90625,1042.75
1767275342.0395265,15,96.109375,1044.75
1767275342.0395265,15,97.265625,1047.75
1767275342.0395265,15,98.546875,1052.25
1767275342.0395265,15,99.75,1056.75
1767275342.0395265,15,100.90625,1061.0
1767275342.0395265,15,102.203125,1065.75
1767275342.0395265,15,103.359375,1071.0
1767275342.0395265,15,104.59375,1077.0
1767275342.0395265,15,105.8125,1083.0
1767275342.0395265,15,106.9375,1089.5
1767275342.0395265,15,108.21875,1097.0
1767275342.0395265,15,109.34375,1103.75
1767275342.0395265,15,110.625,1111.75
1767275342.0395265,15,111.78125,1120.5
1767275342.0395265,15,112.953125,1130.25
1767275342.0395265,15,114.1875,1140.0
1767275342.0395265,15,115.359375,1151.5
1767275342.0395265,15,116.5625,1164.75
1767275342.0395265,15,117.75,1176.75
1767275342.0395265,15,120.84375,759.25
1767275342.0395265,15,122.109375,749.75
1767275342.0395265,15,123.453125,740.75
1767275342.0395265,15,124.546875,733.25
1767275342.0395265,15,125.921875,726.0
1767275342.0395265,15,127.046875,719.25
1767275342.0395265,15,128.421875,713.25
1767275342.0395265,15,129.609375,707.25
1767275342.0395265,15,130.859375,702.0
1767275342.0395265,15,132.015625,696.5
1767275342.0395265,15,133.328125,691.0
1767275342.0395265,15,134.515625,687.0
1767275342.0395265,15,135.78125,684.0
1767275342.0395265,15,139.859375,1048.25
1767275342.0395265,15,143.640625,996.75
1767275342.0395265,15,144.828125,984.25
1767275342.0395265,15,146.078125,971.0
1767275342.0395265,15,147.25,957.5
1767275342.0395265,15,148.59375,945.5
1767275342.0395265,15,149.828125,934.25
1767275342.0395265,15,151.046875,924.75
1767275342.0395265,15,152.28125,915.5
1767275342.0395265,15,153.40625,905.5
1767275342.0395265,15,154.734375,897.25
1767275342.0395265,15,155.859375,890.5
1767275342.0395265,15,157.09375,883.5
1767275342.0395265,15,158.359375,876.25
1767275342.0395265,15,159.625,870.25
1767275342.0395265,15,160.84375,865.25
1767275342.0395265,15,162.109375,859.5
1767275342.0395265,15,163.234375,853.75
1767275342.0395265,15,164.53125,849.25
1767275342.0395265,15,165.703125,844.75
1767275342.0395265,15,167.03125,840.25
1767275342.0395265,15,168.21875,836.25
1767275342.0395265,15,169.359375,832.75
1767275342.0395265,15,170.65625,829.5
1767275342.0395265,15,171.859375,826.5
1767275342.0395265,15,173.109375,824.75
1767275342.0395265,15,174.234375,823.75
1767275342.0395265,15,175.578125,823.25
1767275342.0395265,15,176.703125,822.75
1767275342.0395265,15,177.953125,822.75
1767275342.0395265,15,179.203125,822.75
1767275342.0395265,15,180.4375,823.25
1767275342.0395265,15,181.59375,824.5
1767275342.0395265,15,182.796875,825.75
1767275342.0395265,15,183.984375,826.75
1767275342.0395265,15,185.1875,828.5
1767275342.0395265,15,186.421875,831.75
1767275342.0395265,15,187.6875,835.0
1767275342.0395265,15,188.8125,838.25
1767275342.0395265,15,190.140625,842.25
1767275342.0395265,15,191.21875,846.25
1767275342.0395265,15,192.53125,851.25
1767275342.0395265,15,193.671875,856.5
1767275342.0395265,15,194.953125,861.5
1767275342.0395265,15,196.09375,866.75
1767275342.0395265,15,197.359375,872.0
1767275342.0395265,15,198.578125,877.5
1767275342.0395265,15,199.71875,884.5
1767275342.0395265,15,200.90625,891.5
1767275342.0395265,15,202.0625,898.25
1767275342.0395265,15,203.359375,906.25
1767275342.0395265,15,204.703125,914.75
1767275342.0395265,15,205.875,924.0
1767275342.0395265,15,207.03125,935.25
1767275342.0395265,15,208.28125,947.0
1767275342.0395265,15,209.484375,958.0
1767275342.0395265,15,210.65625,969.0
1767275342.0395265,15,211.828125,981.0
1767275342.0395265,15,213.046875,993.5
1767275342.0395265,15,214.328125,1007.5
1767275342.0395265,15,215.546875,1023.75
1767275342.0395265,15,216.6875,1039.0
1767275342.0395265,15,217.875,1055.75
1767275342.0395265,15,219.0625,1074.5
1767275342.0395265,15,220.3125,1094.0
1767275342.0395265,15,221.546875,1113.25
1767275342.0395265,15,222.75,1133.0
1767275342.0395265,15,225.6875,797.75
1767275342.0395265,15,226.859375,793.25
1767275342.0395265,15,228.09375,795.0
1767275342.0395265,15,229.375,797.25
1767275342.0395265,15,230.5,799.75
1767275342.0395265,15,231.765625,802.75
1767275342.0395265,15,234.6875,1432.75
1767275342.0395265,15,235.84375,1427.75
1767275342.0395265,15,237.09375,1412.25
1767275342.0395265,15,238.34375,1392.5
1767275342.0395265,15,239.5625,1370.5
1767275342.0395265,15,240.8125,1351.0
1767275342.0395265,15,242.078125,1335.0
1767275342.0395265,15,243.265625,1323.5
1767275342.0395265,15,244.5,1311.5
1767275342.0395265,15,245.71875,1299.0
1767275342.0395265,15,247.0,1288.0
1767275342.0395265,15,248.1875,1277.25
1767275342.0395265,15,249.40625,1267.75
1767275342.0395265,15,250.703125,1259.25
1767275342.0395265,15,251.90625,1250.5
1767275342.0395265,15,253.125,1242.25
1767275342.0395265,15,254.375,1234.25
1767275342.0395265,15,255.5625,1228.0
1767275342.0395265,15,256.75,1223.25
1767275342.0395265,15,258.0,1218.5
1767275342.0395265,15,259.234375,1213.25
1767275342.0395265,15,260.4375,1209.0
1767275342.0395265,15,261.671875,1206.0
1767275342.0395265,15,262.90625,1202.5
1767275342.0395265,15,264.078125,1199.5
1767275342.0395265,15,265.3125,1198.25
1767275342.0395265,15,266.53125,1196.75
1767275342.0395265,15,267.8125,1195.5
1767275342.0395265,15,269.0,1190.75
1767275342.0395265,15,270.171875,1192.0
1767275342.0395265,15,271.4375,1197.75
1767275342.0395265,15,272.609375,1199.5
1767275342.0395265,15,273.859375,1202.25
1767275342.0395265,15,275.078125,1204.5
1767275342.0395265,15,276.234375,1205.75
1767275342.0395265,15,277.453125,1209.25
1767275342.0395265,15,278.671875,1214.5
1767275342.0395265,15,279.828125,1219.25
1767275342.0395265,15,281.015625,1224.0
1767275342.0395265,15,282.265625,1228.5
1767275342.0395265,15,283.484375,1233.5
1767275342.0395265,15,284.6875,1240.25
1767275342.0395265,15,285.953125,1249.0
1767275342.0395265,15,287.109375,1259.0
1767275342.0395265,15,288.296875,1268.0
1767275342.0395265,15,289.546875,1278.0
1767275342.0395265,15,290.703125,1289.25
1767275342.0395265,15,291.96875,1300.5
1767275342.0395265,15,293.109375,1312.75
1767275342.0395265,15,294.359375,1326.25
1767275342.0395265,15,295.546875,1337.75
1767275342.0395265,15,296.78125,1353.0
1767275342.0395265,15,297.921875,1370.5
1767275342.0395265,15,299.203125,1387.5
1767275342.0395265,15,300.390625,1405.75
1767275342.0395265,15,301.625,1415.0
1767275342.0395265,15,305.34375,1307.5
1767275342.0395265,15,306.625,1271.0
1767275342.0395265,15,310.4375,1126.5
1767275342.0395265,15,311.65625,1101.5
1767275342.0395265,15,312.90625,1078.5
1767275342.0395265,15,314.171875,1054.5
1767275342.0395265,15,315.421875,1032.0
1767275342.0395265,15,316.65625,1012.0
1767275342.0395265,15,317.921875,993.25
1767275342.0395265,15,319.1875,976.5
1767275342.0395265,15,320.328125,960.5
1767275342.0395265,15,321.59375,946.0
1767275342.0395265,15,322.90625,930.75
1767275342.0395265,15,324.171875,916.0
1767275342.0395265,15,325.34375,903.25
1767275342.0395265,15,326.5625,891.5
1767275342.0395265,15,327.8125,880.25
1767275342.0395265,15,329.046875,869.75
1767275342.0395265,15,330.28125,859.0
1767275342.0395265,15,331.484375,849.25
1767275342.0395265,15,332.6875,840.0
1767275342.0395265,15,334.078125,829.25
1767275342.0395265,15,335.25,820.75
1767275342.0395265,15,336.453125,814.0
1767275342.0395265,15,337.65625,806.0
1767275342.0395265,15,338.859375,798.25
1767275342.0395265,15,340.078125,792.75
1767275342.0395265,15,341.421875,787.75
1767275342.0395265,15,342.640625,782.75
1767275342.0395265,15,343.859375,777.75
1767275342.0395265,15,345.15625,772.75
1767275342.0395265,15,346.34375,768.75
1767275342.0395265,15,347.546875,765.25
1767275342.0395265,15,348.8125,761.75
1767275342.0395265,15,350.015625,758.5
1767275342.0395265,15,351.234375,756.0
1767275342.1906092,15,352.359375,753.5
1767275342.1906092,15,353.703125,751.5
1767275342.1906092,15,354.859375,750.25
1767275342.1906092,15,356.140625,749.0
1767275342.1906092,15,357.296875,743.25
1767275342.1906092,15,359.65625,774.0
1767275342.1906092,15,0.84375,780.25
1767275342.1906092,15,2.0625,789.5
1767275342.1906092,15,3.34375,793.75
1767275342.1906092,15,4.5625,795.5
1767275342.1906092,15,5.734375,797.25
1767275342.1906092,15,6.8125,799.75
1767275342.1906092,15,8.140625,802.5
1767275342.1906092,15,9.3125,806.25
1767275342.1906092,15,10.578125,810.5
1767275342.1906092,15,11.796875,814.5
1767275342.1906092,15,13.0625,818.5
1767275342.1906092,15,14.140625,822.75
1767275342.1906092,15,15.390625,828.25
1767275342.1906092,15,16.671875,834.5
1767275342.1906092,15,17.75,841.5
1767275342.1906092,15,19.078125,848.25
1767275342.1906092,15,20.265625,855.75
1767275342.1906092,15,21.515625,864.0
1767275342.1906092,15,22.671875,871.75
1767275342.1906092,15,23.8125,878.75
1767275342.1906092,15,25.0625,887.0
1767275342.1906092,15,26.296875,896.5
1767275342.1906092,15,27.453125,906.0
1767275342.1906092,15,28.625,916.0
1767275342.1906092,15,29.90625,926.5
1767275342.1906092,15,31.015625,939.0
1767275342.1906092,15,32.203125,951.75
1767275342.1906092,15,33.484375,963.75
1767275342.1906092,15,34.6875,977.25
1767275342.1906092,15,35.890625,991.25
1767275342.1906092,15,37.171875,1005.75
1767275342.1906092,15,38.40625,1022.75
1767275342.1906092,15,39.578125,1041.0
1767275342.1906092,15,40.78125,1059.5
1767275342.1906092,15,41.90625,1079.5
1767275342.1906092,15,45.421875,587.0
1767275342.1906092,15,46.75,586.0
1767275342.1906092,15,48.109375,585.25
1767275342.1906092,15,49.21875,585.0
1767275342.1906092,15,50.390625,585.0
1767275342.1906092,15,51.53125,585.75
1767275342.1906092,15,52.765625,586.5
1767275342.1906092,15,54.046875,587.75
1767275342.1906092,15,55.34375,588.75
1767275342.1906092,15,56.609375,590.25
1767275342.1906092,15,57.8125,592.25
1767275342.1906092,15,58.953125,593.5
1767275342.1906092,15,60.171875,594.75
1767275342.1906092,15,61.375,596.75
1767275342.1906092,15,62.5625,599.0
1767275342.1906092,15,63.625,601.5
1767275342.1906092,15,64.828125,604.0
1767275342.1906092,15,66.15625,607.0
1767275342.1906092,15,67.453125,611.75
1767275342.1906092,15,68.4375,616.5
1767275342.1906092,15,69.75,621.0
1767275342.1906092,15,72.40625,1077.5
1767275342.1906092,15,73.65625,1071.0
1767275342.1906092,15,74.921875,1065.25
1767275342.1906092,15,76.140625,1060.0
1767275342.1906092,15,77.359375,1055.25
1767275342.1906092,15,78.609375,1050.5
1767275342.1906092,15,79.78125,1046.25
1767275342.1906092,15,80.953125,1043.25
1767275342.1906092,15,82.25,1040.75
1767275342.1906092,15,83.40625,1039.5
1767275342.1906092,15,84.609375,1038.5
1767275342.1906092,15,85.796875,1036.25
1767275342.1906092,15,87.046875,1036.0
1767275342.1906092,15,88.265625,1036.0
1767275342.1906092,15,89.453125,1036.25
1767275342.1906092,15,90.703125,1037.25
1767275342.1906092,15,91.875,1038.5
1767275342.1906092,15,93.078125,1040.25
1767275342.1906092,15,94.328125,1042.0
1767275342.1906092,15,95.5,1044.0
1767275342.1906092,15,96.703125,1046.5
1767275342.1906092,15,97.921875,1049.5
1767275342.1906092,15,99.140625,1054.0
1767275342.1906092,15,100.34375,1059.25
1767275342.1906092,15,101.578125,1063.5
1767275342.1906092,15,102.75,1068.0
1767275342.1906092,15,104.0,1073.25
1767275342.1906092,15,105.15625,1079.75
1767275342.1906092,15,106.4375,1087.0
1767275342.1906092,15,107.671875,1093.5
1767275342.1906092,15,108.78125,1100.0
1767275342.1906092,15,110.0625,1108.5
1767275342.1906092,15,111.21875,1117.0
1767275342.1906092,15,112.515625,1126.25
1767275342.1906092,15,113.703125,1136.25
1767275342.1906092,15,114.8125,1146.75
1767275342.1906092,15,116.0625,1159.25
1767275342.1906092,15,117.25,1171.5
1767275342.1906092,15,120.375,761.25
1767275342.1906092,15,121.5625,753.5
1767275342.1906092,15,122.78125,744.0
1767275342.1906092,15,124.1875,736.75
1767275342.1906092,15,125.3125,729.25
1767275342.1906092,15,126.578125,721.5
1767275342.1906092,15,127.796875,715.25
1767275342.1906092,15,129.109375,709.5
1767275342.1906092,15,130.34375,703.5
1767275342.1906092,15,131.5625,698.25
1767275342.1906092,15,132.625,693.25
1767275342.1906092,15,133.90625,689.0
1767275342.1906092,15,135.140625,685.75
1767275342.1906092,15,136.421875,683.0
1767275342.1906092,15,142.9375,1005.5
1767275342.1906092,15,144.171875,990.75
1767275342.1906092,15,145.40625,976.25
1767275342.1906092,15,146.6875,963.75
1767275342.1906092,15,147.90625,953.25
1767275342.1906092,15,149.125,941.5
1767275342.1906092,15,150.328125,929.25
1767275342.1906092,15,151.640625,919.5
1767275342.1906092,15,152.828125,911.0
1767275342.1906092,15,154.0625,902.5
1767275342.1906092,15,155.296875,893.75
1767275342.1906092,15,156.5625,886.25
1767275342.1906092,15,157.703125,879.5
1767275342.1906092,15,158.953125,873.5
1767275342.1906092,15,160.140625,867.5
1767275342.1906092,15,161.375,861.75
1767275342.1906092,15,162.671875,857.0
1767275342.1906092,15,163.890625,851.75
1767275342.1906092,15,165.046875,847.25
1767275342.1906092,15,166.28125,842.75
1767275342.1906092,15,167.515625,838.0
1767275342.1906092,15,168.671875,834.5
1767275342.1906092,15,169.984375,831.5
1767275342.1906092,15,171.171875,828.25
1767275342.1906092,15,172.453125,826.0
1767275342.1906092,15,173.640625,824.25
1767275342.1906092,15,174.78125,823.25
1767275342.1906092,15,175.953125,823.25
1767275342.1906092,15,177.171875,823.0
1767275342.1906092,15,178.484375,822.5
1767275342.1906092,15,179.703125,822.75
1767275342.1906092,15,180.890625,823.5
1767275342.1906092,15,182.171875,824.75
1767275342.1906092,15,183.296875,826.0
1767275342.1906092,15,184.640625,828.0
1767275342.1906092,15,185.703125,830.75
1767275342.1906092,15,186.984375,833.5
1767275342.1906092,15,188.15625,836.5
1767275342.1906092,15,189.34375,840.0
1767275342.1906092,15,190.609375,844.0
1767275342.1906092,15,191.890625,847.75
1767275342.1906092,15,192.96875,853.0
1767275342.1906092,15,194.21875,858.25
1767275342.1906092,15,195.4375,863.0
1767275342.1906092,15,196.609375,868.5
1767275342.1906092,15,197.890625,874.0
1767275342.1906092,15,198.984375,880.0
1767275342.1906092,15,200.28125,886.5
1767275342.1906092,15,201.46875,894.0
1767275342.1906092,15,202.59375,902.0
1767275342.1906092,15,203.90625,909.5
1767275342.1906092,15,205.109375,918.25
1767275342.1906092,15,206.296875,929.25
1767275342.1906092,15,207.515625,940.75
1767275342.1906092,15,208.78125,951.0
1767275342.1906092,15,209.921875,961.25
1767275342.1906092,15,211.109375,974.25
1767275342.1906092,15,212.296875,987.0
1767275342.1906092,15,213.59375,998.75
1767275342.1906092,15,214.75,1013.25
1767275342.1906092,15,215.90625,1029.75
1767275342.1906092,15,217.21875,1046.0
1767275342.1906092,15,218.40625,1063.0
1767275342.1906092,15,219.515625,1081.0
1767275342.1906092,15,220.734375,1099.0
1767275342.1906092,15,221.96875,1120.5
1767275342.1906092,15,223.109375,1144.0
1767275342.1906092,15,226.21875,792.25
1767275342.1906092,15,227.40625,793.75
1767275342.1906092,15,228.609375,795.25
1767275342.1906092,15,229.8125,798.0
1767275342.1906092,15,230.96875,801.0
1767275342.1906092,15,232.296875,804.5
1767275342.1906092,15,236.296875,1422.25
1767275342.1906092,15,237.515625,1403.75
1767275342.1906092,15,238.75,1382.5
1767275342.1906092,15,240.046875,1363.5
1767275342.1906092,15,241.25,1346.75
1767275342.1906092,15,242.46875,1331.75
1767275342.1906092,15,243.65625,1320.25
1767275342.1906092,15,244.90625,1306.75
1767275342.1906092,15,246.171875,1294.0
1767275342.1906092,15,247.40625,1284.25
1767275342.1906092,15,248.59375,1273.5
1767275342.1906092,15,249.8125,1264.0
1767275342.1906092,15,251.03125,1255.75
1767275342.1906092,15,252.234375,1247.25
1767275342.1906092,15,253.453125,1238.25
1767275342.1906092,15,254.703125,1231.5
1767275342.1906092,15,255.921875,1226.0
1767275342.1906092,15,257.09375,1221.25
1767275342.1906092,15,258.375,1216.0
1767275342.1906092,15,259.578125,1211.0
1767275342.1906092,15,260.859375,1207.5
1767275342.1906092,15,262.078125,1204.5
1767275342.1906092,15,263.203125,1201.75
1767275342.1906092,15,264.453125,1199.5
1767275342.1906092,15,265.734375,1197.75
1767275342.1906092,15,266.953125,1196.5
1767275342.1906092,15,268.15625,1195.25
1767275342.1906092,15,269.34375,1195.5
1767275342.1906092,15,270.59375,1195.5
1767275342.1906092,15,271.78125,1197.0
1767275342.1906092,15,273.03125,1199.5
1767275342.1906092,15,274.171875,1201.75
1767275342.1906092,15,275.34375,1204.5
1767275342.1906092,15,276.53125,1208.0
1767275342.1906092,15,277.75,1212.0
1767275342.1906092,15,279.015625,1215.75
1767275342.1906092,15,280.25,1219.75
1767275342.1906092,15,281.4375,1224.0
1767275342.1906092,15,282.640625,1229.75
1767275342.1906092,15,283.84375,1236.5
1767275342.1906092,15,285.046875,1244.75
1767275342.1906092,15,286.28125,1252.5
1767275342.1906092,15,287.4375,1260.75
1767275342.1906092,15,288.65625,1269.75
1767275342.1906092,15,289.921875,1279.25
1767275342.1906092,15,291.09375,1291.25
1767275342.1906092,15,292.3125,1305.25
1767275342.1906092,15,293.484375,1317.75
1767275342.1906092,15,294.71875,1328.75
1767275342.1906092,15,295.875,1342.5
1767275342.1906092,15,297.078125,1358.25
1767275342.1906092,15,298.296875,1375.25
1767275342.1906092,15,299.546875,1394.0
1767275342.1906092,15,300.734375,1411.0
1767275342.1906092,15,302.0,1408.5
1767275342.1906092,15,304.5,1336.0
1767275342.1906092,15,305.6875,1300.75
1767275342.1906092,15,307.0,1262.75
1767275342.1906092,15,310.78125,1122.0
1767275342.1906092,15,312.0,1095.25
1767275342.1906092,15,313.21875,1069.5
1767275342.1906092,15,314.5,1048.0
1767275342.1906092,15,315.734375,1028.0
1767275342.1906092,15,316.953125,1006.5
1767275342.1906092,15,318.265625,987.75
1767275342.1906092,15,319.5,972.25
1767275342.1906092,15,320.703125,957.0
1767275342.1906092,15,321.953125,940.25
1767275342.1906092,15,323.21875,924.75
1767275342.1906092,15,324.375,911.5
1767275342.1906092,15,325.640625,900.25
1767275342.1906092,15,326.953125,888.75
1767275342.1906092,15,328.09375,877.25
1767275342.1906092,15,329.34375,866.75
1767275342.1906092,15,330.546875,857.0
1767275342.1906092,15,331.875,846.75
1767275342.1906092,15,333.078125,835.75
1767275342.1906092,15,334.296875,826.5
1767275342.1906092,15,335.5,819.0
1767275342.1906092,15,336.84375,811.25
1767275342.1906092,15,338.078125,803.0
1767275342.1906092,15,339.3125,796.75
1767275342.1906092,15,340.421875,791.5
1767275342.1906092,15,341.734375,786.25
1767275342.1906092,15,342.984375,780.75
1767275342.1906092,15,344.078125,776.25
1767275342.1906092,15,345.40625,772.0
1767275342.1906092,15,346.609375,767.75
1767275342.1906092,15,347.8125,764.25
1767275342.1906092,15,349.0,761.25
1767275342.1906092,15,350.203125,758.25
1767275342.1906092,15,351.5,755.75
1767275342.3432088,15,352.703125,753.0
1767275342.3432088,15,353.90625,751.5
1767275342.3432088,15,355.125,750.75
1767275342.3432088,15,356.421875,749.25
1767275342.3432088,15,357.546875,759.25
1767275342.3432088,15,358.78125,772.0
1767275342.3432088,15,359.984375,774.0
1767275342.3432088,15,2.390625,802.75
1767275342.3432088,15,3.625,795.25
1767275342.3432088,15,4.734375,796.75
1767275342.3432088,15,5.921875,798.25
1767275342.3432088,15,7.203125,800.25
1767275342.3432088,15,8.453125,802.75
1767275342.3432088,15,9.625,806.5
1767275342.3432088,15,10.84375,811.0
1767275342.3432088,15,12.046875,815.25
1767275342.3432088,15,13.1875,819.25
1767275342.3432088,15,14.390625,824.0
1767275342.3432088,15,15.609375,829.75
1767275342.3432088,15,16.890625,836.0
1767275342.3432088,15,18.109375,843.0
1767275342.3432088,15,19.234375,850.0
1767275342.3432088,15,20.515625,857.25
1767275342.3432088,15,21.65625,865.5
1767275342.3432088,15,22.90625,872.75
1767275342.3432088,15,24.171875,880.5
1767275342.3432088,15,25.359375,889.75
1767275342.3432088,15,26.515625,898.5
1767275342.3432088,15,27.6875,907.25
1767275342.3432088,15,28.84375,917.5
1767275342.3432088,15,30.140625,929.0
1767275342.3432088,15,31.265625,941.5
1767275342.3432088,15,32.453125,953.5
1767275342.3432088,15,33.71875,965.75
1767275342.3432088,15,34.953125,979.25
1767275342.3432088,15,36.15625,993.75
1767275342.3432088,15,37.390625,1010.25
1767275342.3432088,15,38.640625,1028.0
1767275342.3432088,15,39.796875,1045.25
1767275342.3432088,15,41.046875,1062.25
1767275342.3432088,15,42.1875,1082.75
1767275342.3432088,15,45.921875,587.25
1767275342.3432088,15,46.921875,586.0
1767275342.3432088,15,48.21875,585.25
1767275342.3432088,15,49.40625,585.0
1767275342.3432088,15,50.796875,585.25
1767275342.3432088,15,51.953125,586.0
1767275342.3432088,15,53.046875,587.0
1767275342.3432088,15,54.265625,587.75
1767275342.3432088,15,55.53125,589.0
1767275342.3432088,15,56.765625,591.25
1767275342.3432088,15,58.109375,592.75
1767275342.3432088,15,59.296875,593.75
1767275342.3432088,15,60.4375,594.75
1767275342.3432088,15,61.640625,596.5
1767275342.3432088,15,62.71875,599.25
1767275342.3432088,15,63.96875,601.75
1767275342.3432088,15,65.171875,604.75
1767275342.3432088,15,66.375,608.5
1767275342.3432088,15,67.71875,612.5
1767275342.3432088,15,68.75,616.5
1767275342.3432088,15,69.953125,621.0
1767275342.3432088,15,72.75,1075.75
1767275342.3432088,15,73.984375,1070.25
1767275342.3432088,15,75.171875,1064.25
1767275342.3432088,15,76.421875,1058.5
1767275342.3432088,15,77.640625,1053.25
1767275342.3432088,15,78.859375,1048.5
1767275342.3432088,15,80.046875,1045.5
1767275342.3432088,15,81.3125,1043.0
1767275342.3432088,15,82.5,1041.5
1767275342.3432088,15,83.703125,1038.75
1767275342.3432088,15,84.9375,1036.75
1767275342.3432088,15,86.125,1036.25
1767275342.3432088,15,87.40625,1036.0
1767275342.3432088,15,88.59375,1036.0
1767275342.3432088,15,89.78125,1036.25
1767275342.3432088,15,90.9375,1037.0
1767275342.3432088,15,92.25,1038.75
1767275342.3432088,15,93.375,1040.75
1767275342.3432088,15,94.640625,1042.5
1767275342.3432088,15,95.828125,1044.5
1767275342.3432088,15,97.078125,1047.75
1767275342.3432088,15,98.28125,1051.5
1767275342.3432088,15,99.515625,1055.5
1767275342.3432088,15,100.71875,1060.0
1767275342.3432088,15,101.9375,1064.5
1767275342.3432088,15,103.140625,1069.5
1767275342.3432088,15,104.265625,1075.5
1767275342.3432088,15,105.578125,1081.75
1767275342.3432088,15,106.78125,1087.75
1767275342.3432088,15,107.96875,1094.5
1767275342.3432088,15,109.21875,1102.25
1767275342.3432088,15,110.40625,1111.0
1767275342.3432088,15,111.5625,1119.5
1767275342.3432088,15,112.84375,1128.5
1767275342.3432088,15,114.046875,1138.25
1767275342.3432088,15,115.1875,1150.0
1767275342.3432088,15,116.359375,1162.25
1767275342.3432088,15,117.65625,1174.0
1767275342.3432088,15,120.671875,760.75
1767275342.3432088,15,121.90625,751.5
1767275342.3432088,15,123.296875,742.0
1767275342.3432088,15,124.46875,734.75
1767275342.3432088,15,125.671875,728.25
1767275342.3432088,15,126.90625,720.5
1767275342.3432088,15,128.140625,714.25
1767275342.3432088,15,129.46875,708.5
1767275342.3432088,15,130.609375,702.5
1767275342.3432088,15,131.828125,697.0
1767275342.3432088,15,133.125,691.75
1767275342.3432088,15,134.34375,687.75
1767275342.3432088,15,135.5625,684.5
1767275342.3432088,15,139.65625,1050.75
1767275342.3432088,15,143.34375,998.25
1767275342.3432088,15,144.5625,986.25
1767275342.3432088,15,145.828125,973.25
1767275342.3432088,15,147.109375,959.5
1767275342.3432088,15,148.265625,949.0
1767275342.3432088,15,149.515625,937.5
1767275342.3432088,15,150.734375,926.5
1767275342.3432088,15,151.953125,916.75
1767275342.3432088,15,153.25,907.5
1767275342.3432088,15,154.546875,898.75
1767275342.3432088,15,155.796875,891.25
1767275342.3432088,15,156.890625,884.5
1767275342.3432088,15,158.203125,877.5
1767275342.3432088,15,159.4375,871.5
1767275342.3432088,15,160.6875,866.5
1767275342.3432088,15,161.78125,861.0
1767275342.3432088,15,163.03125,855.0
1767275342.3432088,15,164.25,849.5
1767275342.3432088,15,165.5,845.25
1767275342.3432088,15,166.75,841.0
1767275342.3432088,15,167.96875,836.75
1767275342.3432088,15,169.25,833.25
1767275342.3432088,15,170.359375,830.0
1767275342.3432088,15,171.640625,827.75
1767275342.3432088,15,172.90625,825.5
1767275342.3432088,15,174.109375,823.5
1767275342.3432088,15,175.296875,823.25
1767275342.3432088,15,176.515625,822.75
1767275342.3432088,15,177.8125,822.75
1767275342.3432088,15,178.921875,823.25
1767275342.3432088,15,180.328125,823.5
1767275342.3432088,15,181.40625,824.5
1767275342.3432088,15,182.65625,825.5
1767275342.3432088,15,184.0,827.0
1767275342.3432088,15,185.15625,829.0
1767275342.3432088,15,186.265625,831.5
1767275342.3432088,15,187.625,834.5
1767275342.3432088,15,188.78125,838.0
1767275342.3432088,15,189.90625,842.25
1767275342.3432088,15,191.1875,846.25
1767275342.3432088,15,192.359375,851.0
1767275342.3432088,15,193.5625,855.75
1767275342.3432088,15,194.84375,861.0
1767275342.3432088,15,196.078125,866.75
1767275342.3432088,15,197.25,871.75
1767275342.3432088,15,198.390625,877.25
1767275342.3432088,15,199.703125,883.75
1767275342.3432088,15,200.828125,891.0
1767275342.3432088,15,202.0,898.25
1767275342.3432088,15,203.34375,906.25
1767275342.3432088,15,204.46875,915.0
1767275342.3432088,15,205.75,923.25
1767275342.3432088,15,206.875,933.0
1767275342.3432088,15,208.140625,944.75
1767275342.3432088,15,209.34375,956.5
1767275342.3432088,15,210.546875,967.25
1767275342.3432088,15,211.703125,978.75
1767275342.3432088,15,212.984375,992.0
1767275342.3432088,15,214.1875,1006.25
1767275342.3432088,15,215.34375,1022.5
1767275342.3432088,15,216.609375,1038.0
1767275342.3432088,15,217.703125,1053.25
1767275342.3432088,15,218.984375,1071.5
1767275342.3432088,15,220.140625,1091.5
1767275342.3432088,15,221.40625,1111.5
1767275342.3432088,15,222.59375,1131.25
1767275342.3432088,15,223.75,1155.25
1767275342.3432088,15,226.8125,792.75
1767275342.3432088,15,227.96875,794.0
1767275342.3432088,15,229.234375,796.25
1767275342.3432088,15,230.375,799.0
1767275342.3432088,15,231.53125,802.0
1767275342.3432088,15,232.828125,807.5
1767275342.3432088,15,235.65625,1429.5
1767275342.3432088,15,236.921875,1414.0
1767275342.3432088,15,238.171875,1395.5
1767275342.3432088,15,239.375,1373.75
1767275342.3432088,15,240.65625,1353.75
1767275342.3432088,15,241.859375,1337.75
1767275342.3432088,15,243.109375,1325.25
1767275342.3432088,15,244.3125,1312.25
1767275342.3432088,15,245.515625,1300.0
1767275342.3432088,15,246.75,1289.0
1767275342.3432088,15,248.0,1278.5
1767275342.3432088,15,249.234375,1269.0
1767275342.3432088,15,250.4375,1260.5
1767275342.3432088,15,251.65625,1251.25
1767275342.3432088,15,252.890625,1242.5
1767275342.3432088,15,254.171875,1234.75
1767275342.3432088,15,255.40625,1228.5
1767275342.3432088,15,256.609375,1224.75
1767275342.3432088,15,257.828125,1219.0
1767275342.3432088,15,259.03125,1213.25
1767275342.3432088,15,260.25,1209.5
1767275342.3432088,15,261.515625,1206.0
1767275342.3432088,15,262.71875,1202.5
1767275342.3432088,15,263.9375,1199.75
1767275342.3432088,15,265.15625,1197.5
1767275342.3432088,15,266.359375,1196.0
1767275342.3432088,15,267.59375,1195.75
1767275342.3432088,15,268.78125,1195.75
1767275342.3432088,15,269.984375,1195.5
1767275342.3432088,15,271.203125,1196.5
1767275342.3432088,15,272.453125,1199.0
1767275342.3432088,15,273.640625,1201.75
1767275342.3432088,15,274.90625,1203.75
1767275342.3432088,15,276.171875,1205.75
1767275342.3432088,15,277.34375,1209.25
1767275342.3432088,15,278.515625,1214.25
1767275342.3432088,15,279.765625,1218.75
1767275342.3432088,15,280.953125,1224.0
1767275342.3432088,15,282.1875,1227.75
1767275342.3432088,15,283.4375,1232.75
1767275342.3432088,15,284.671875,1240.25
1767275342.3432088,15,285.875,1248.75
1767275342.3432088,15,287.078125,1258.0
1767275342.3432088,15,288.296875,1267.25
1767275342.3432088,15,289.484375,1278.0
1767275342.3432088,15,290.703125,1289.25
1767275342.3432088,15,291.9375,1300.0
1767275342.3432088,15,293.140625,1312.25
1767275342.3432088,15,294.296875,1326.25
1767275342.3432088,15,295.53125,1337.75
1767275342.3432088,15,296.734375,1352.75
1767275342.3432088,15,297.984375,1370.25
1767275342.3432088,15,299.15625,1386.5
1767275342.3432088,15,300.328125,1404.75
1767275342.3432088,15,301.515625,1415.25
1767275342.3432088,15,302.859375,1396.5
1767275342.3432088,15,305.375,1311.5
1767275342.3432088,15,306.609375,1276.5
1767275342.3432088,15,310.375,1128.0
1767275342.3432088,15,311.578125,1102.0
1767275342.3432088,15,312.90625,1078.75
1767275342.3432088,15,314.078125,1055.75
1767275342.3432088,15,315.34375,1033.25
1767275342.3432088,15,316.59375,1012.0
1767275342.3432088,15,317.921875,993.25
1767275342.3432088,15,319.0625,976.5
1767275342.3432088,15,320.3125,961.25
1767275342.3432088,15,321.59375,946.5
1767275342.3432088,15,322.90625,931.0
1767275342.3432088,15,324.140625,916.25
1767275342.3432088,15,325.375,903.75
1767275342.3432088,15,326.609375,891.75
1767275342.3432088,15,327.859375,880.25
1767275342.3432088,15,328.96875,870.0
1767275342.3432088,15,330.296875,859.0
1767275342.3432088,15,331.546875,849.25
1767275342.3432088,15,332.796875,840.0
1767275342.3432088,15,334.0,829.5
1767275342.3432088,15,335.3125,820.75
1767275342.3432088,15,336.546875,814.0
1767275342.3432088,15,337.734375,806.0
1767275342.3432088,15,338.875,798.25
1767275342.3432088,15,340.125,792.5
1767275342.3432088,15,341.421875,787.5
1767275342.3432088,15,342.65625,782.75
1767275342.3432088,15,343.84375,778.0
1767275342.3432088,15,345.078125,773.0
1767275342.3432088,15,346.359375,768.5
1767275342.3432088,15,347.640625,765.0
1767275342.3432088,15,348.84375,761.75
1767275342.3432088,15,350.0,758.5
1767275342.3432088,15,351.234375,756.0
1767275342.4942186,15,352.453125,753.25
1767275342.4942186,15,353.65625,751.75
1767275342.4942186,15,355.015625,750.5
1767275342.4942186,15,356.234375,749.0
1767275342.4942186,15,2.15625,797.75
1767275342.4942186,15,3.390625,794.25
1767275342.4942186,15,4.546875,796.25
1767275342.4942186,15,5.921875,797.75
1767275342.4942186,15,7.125,799.5
1767275342.4942186,15,8.203125,802.5
1767275342.4942186,15,9.421875,806.75
1767275342.4942186,15,10.625,810.75
1767275342.4942186,15,11.890625,814.75
1767275342.4942186,15,13.171875,819.0
1767275342.4942186,15,14.34375,823.5
1767275342.4942186,15,15.578125,829.25
1767275342.4942186,15,16.71875,835.25
1767275342.4942186,15,17.90625,841.5
1767275342.4942186,15,19.109375,848.5
1767275342.4942186,15,20.296875,856.25
1767275342.4942186,15,21.59375,864.75
1767275342.4942186,15,22.734375,872.25
1767275342.4942186,15,23.96875,879.5
1767275342.4942186,15,25.1875,888.25
1767275342.4942186,15,26.453125,897.25
1767275342.4942186,15,27.640625,906.5
1767275342.4942186,15,28.75,916.5
1767275342.4942186,15,30.015625,927.5
1767275342.4942186,15,31.21875,940.5
1767275342.4942186,15,32.40625,953.25
1767275342.4942186,15,33.609375,964.5
1767275342.4942186,15,34.734375,977.5
1767275342.4942186,15,36.046875,991.5
1767275342.4942186,15,37.25,1006.75
1767275342.4942186,15,38.515625,1024.5
1767275342.4942186,15,39.6875,1042.75
1767275342.4942186,15,40.859375,1060.5
1767275342.4942186,15,42.03125,1079.5
1767275342.4942186,15,45.625,587.0
1767275342.4942186,15,46.828125,585.5
1767275342.4942186,15,48.078125,585.0
1767275342.4942186,15,49.4375,584.75
1767275342.4942186,15,50.453125,585.25
1767275342.4942186,15,51.8125,586.0
1767275342.4942186,15,52.890625,586.75
1767275342.4942186,15,54.3125,587.75
1767275342.4942186,15,55.453125,588.5
1767275342.4942186,15,56.625,590.25
1767275342.4942186,15,57.890625,592.25
1767275342.4942186,15,58.96875,593.75
1767275342.4942186,15,60.28125,594.75
1767275342.4942186,15,61.453125,596.75
1767275342.4942186,15,62.625,599.25
1767275342.4942186,15,63.875,601.75
1767275342.4942186,15,65.015625,605.0
1767275342.4942186,15,66.3125,608.5
1767275342.4942186,15,67.5625,612.25
1767275342.4942186,15,68.671875,616.25
1767275342.4942186,15,70.0,620.75
1767275342.4942186,15,72.65625,1076.0
1767275342.4942186,15,73.796875,1070.5
1767275342.4942186,15,75.03125,1064.0
1767275342.4942186,15,76.28125,1059.5
1767275342.4942186,15,77.546875,1054.5
1767275342.4942186,15,78.78125,1048.75
1767275342.4942186,15,79.953125,1045.25
1767275342.4942186,15,81.15625,1043.0
1767275342.4942186,15,82.453125,1041.5
1767275342.4942186,15,83.71875,1038.5
1767275342.4942186,15,84.90625,1036.5
1767275342.4942186,15,86.125,1036.0
1767275342.4942186,15,87.34375,1035.75
1767275342.4942186,15,88.609375,1036.0
1767275342.4942186,15,89.828125,1036.25
1767275342.4942186,15,91.015625,1037.0
1767275342.4942186,15,92.1875,1038.75
1767275342.4942186,15,93.40625,1040.75
1767275342.4942186,15,94.71875,1042.25
1767275342.4942186,15,95.84375,1044.25
1767275342.4942186,15,97.125,1047.75
1767275342.4942186,15,98.3125,1051.75
1767275342.4942186,15,99.515625,1055.5
1767275342.4942186,15,100.75,1060.0
1767275342.4942186,15,102.03125,1064.25
1767275342.4942186,15,103.171875,1069.25
1767275342.4942186,15,104.390625,1076.5
1767275342.4942186,15,105.578125,1082.5
1767275342.4942186,15,106.828125,1087.75
1767275342.4942186,15,107.953125,1095.25
1767275342.4942186,15,109.203125,1103.25
1767275342.4942186,15,110.421875,1111.0
1767275342.4942186,15,111.65625,1119.5
1767275342.4942186,15,112.875,1128.25
1767275342.4942186,15,114.046875,1138.25
1767275342.4942186,15,115.203125,1150.5
1767275342.4942186,15,116.484375,1162.5
1767275342.4942186,15,117.625,1174.0
1767275342.4942186,15,120.78125,760.0
1767275342.4942186,15,121.96875,751.25
1767275342.4942186,15,123.296875,742.0
1767275342.4942186,15,124.515625,733.75
1767275342.4942186,15,125.6875,726.25
1767275342.4942186,15,126.96875,719.75
1767275342.4942186,15,128.25,714.25
1767275342.4942186,15,129.5,708.0
1767275342.4942186,15,130.8125,702.0
1767275342.4942186,15,131.890625,697.0
1767275342.4942186,15,133.140625,691.75
1767275342.4942186,15,134.25,687.25
1767275342.4942186,15,135.625,684.25
1767275342.4942186,15,139.734375,1049.5
1767275342.4942186,15,143.421875,998.25
1767275342.4942186,15,144.671875,986.0
1767275342.4942186,15,145.875,973.0
1767275342.4942186,15,147.125,959.75
1767275342.4942186,15,148.375,948.25
1767275342.4942186,15,149.546875,936.5
1767275342.4942186,15,150.8125,926.5
1767275342.4942186,15,152.09375,916.75
1767275342.4942186,15,153.296875,907.0
1767275342.4942186,15,154.515625,898.25
1767275342.4942186,15,155.8125,890.75
1767275342.4942186,15,157.0,884.0
1767275342.4942186,15,158.265625,877.5
1767275342.4942186,15,159.421875,871.0
1767275342.4942186,15,160.703125,865.25
1767275342.4942186,15,161.984375,860.25
1767275342.4942186,15,163.125,854.75
1767275342.4942186,15,164.4375,849.25
1767275342.4942186,15,165.71875,844.5
1767275342.4942186,15,166.84375,840.25
1767275342.4942186,15,168.03125,836.75
1767275342.4942186,15,169.375,833.0
1767275342.4942186,15,170.515625,829.25
1767275342.4942186,15,171.765625,826.5
1767275342.4942186,15,172.9375,824.75
1767275342.4942186,15,174.296875,823.5
1767275342.4942186,15,175.375,823.0
1767275342.4942186,15,176.703125,822.75
1767275342.4942186,15,177.8125,822.75
1767275342.4942186,15,179.140625,822.75
1767275342.4942186,15,180.5,823.0
1767275342.4942186,15,181.625,824.25
1767275342.4942186,15,182.84375,825.75
1767275342.4942186,15,184.140625,826.75
1767275342.4942186,15,185.359375,829.25
1767275342.4942186,15,186.59375,832.25
1767275342.4942186,15,187.6875,835.0
1767275342.4942186,15,188.9375,838.5
1767275342.4942186,15,190.25,842.5
1767275342.4942186,15,191.3125,846.25
1767275342.4942186,15,192.546875,850.75
1767275342.4942186,15,193.828125,856.0
1767275342.4942186,15,195.046875,861.25
1767275342.4942186,15,196.203125,866.75
1767275342.4942186,15,197.4375,872.0
1767275342.4942186,15,198.640625,878.0
1767275342.4942186,15,199.9375,885.0
1767275342.4942186,15,201.15625,891.75
1767275342.4942186,15,202.34375,899.25
1767275342.4942186,15,203.46875,907.25
1767275342.4942186,15,204.765625,915.75
1767275342.4942186,15,205.96875,925.0
1767275342.4942186,15,207.140625,935.0
1767275342.4942186,15,208.28125,946.75
1767275342.4942186,15,209.515625,958.0
1767275342.4942186,15,210.6875,969.25
1767275342.4942186,15,211.96875,980.75
1767275342.4942186,15,213.1875,993.25
1767275342.4942186,15,214.3125,1007.5
1767275342.4942186,15,215.578125,1024.5
1767275342.4942186,15,216.734375,1040.0
1767275342.4942186,15,217.984375,1055.75
1767275342.4942186,15,219.171875,1074.25
1767275342.4942186,15,220.3125,1093.5
1767275342.4942186,15,221.5625,1114.0
1767275342.4942186,15,222.765625,1134.25
1767275342.4942186,15,225.75,793.25
1767275342.4942186,15,226.921875,793.25
1767275342.4942186,15,228.15625,794.75
1767275342.4942186,15,229.40625,797.0
1767275342.4942186,15,230.59375,799.75
1767275342.4942186,15,231.734375,802.75
1767275342.4942186,15,234.65625,1432.75
1767275342.4942186,15,235.90625,1427.75
1767275342.4942186,15,237.15625,1412.5
1767275342.4942186,15,238.375,1393.25
1767275342.4942186,15,239.65625,1371.25
1767275342.4942186,15,240.84375,1351.25
1767275342.4942186,15,242.078125,1335.0
1767275342.4942186,15,243.28125,1323.75
1767275342.4942186,15,244.5625,1311.5
1767275342.4942186,15,245.828125,1299.0
1767275342.4942186,15,247.0,1288.0
1767275342.4942186,15,248.265625,1277.25
1767275342.4942186,15,249.515625,1267.0
1767275342.4942186,15,250.6875,1258.5
1767275342.4942186,15,251.984375,1250.25
1767275342.4942186,15,253.21875,1242.0
1767275342.4942186,15,254.375,1233.75
1767275342.4942186,15,255.65625,1227.5
1767275342.4942186,15,256.921875,1222.25
1767275342.4942186,15,258.078125,1217.25
1767275342.4942186,15,259.375,1213.0
1767275342.4942186,15,260.578125,1208.5
1767275342.4942186,15,261.78125,1204.75
1767275342.4942186,15,263.046875,1202.25
1767275342.4942186,15,264.203125,1200.25
1767275342.4942186,15,265.4375,1198.0
1767275342.4942186,15,266.734375,1196.25
1767275342.4942186,15,267.921875,1191.0
1767275342.4942186,15,269.1875,1191.25
1767275342.4942186,15,270.34375,1196.5
1767275342.4942186,15,271.625,1198.5
1767275342.4942186,15,272.796875,1200.0
1767275342.4942186,15,274.015625,1201.75
1767275342.4942186,15,275.25,1204.25
1767275342.4942186,15,276.375,1207.0
1767275342.4942186,15,277.578125,1211.0
1767275342.4942186,15,278.78125,1215.0
1767275342.4942186,15,280.03125,1219.5
1767275342.4942186,15,281.234375,1224.5
1767275342.4942186,15,282.453125,1229.25
1767275342.4942186,15,283.625,1235.25
1767275342.4942186,15,284.890625,1242.75
1767275342.4942186,15,286.078125,1251.75
1767275342.4942186,15,287.265625,1260.25
1767275342.4942186,15,288.515625,1268.25
1767275342.4942186,15,289.734375,1278.75
1767275342.4942186,15,290.9375,1289.5
1767275342.4942186,15,292.125,1302.0
1767275342.4942186,15,293.359375,1315.5
1767275342.4942186,15,294.546875,1327.75
1767275342.4942186,15,295.78125,1340.0
1767275342.4942186,15,296.9375,1354.75
1767275342.4942186,15,298.203125,1373.25
1767275342.4942186,15,299.359375,1390.25
1767275342.4942186,15,300.546875,1406.5
1767275342.4942186,15,301.765625,1412.5
1767275342.4942186,15,304.25,1345.75
1767275342.4942186,15,306.78125,1267.5
1767275342.4942186,15,310.609375,1125.0
1767275342.4942186,15,311.828125,1098.75
1767275342.4942186,15,313.0625,1074.0
1767275342.4942186,15,314.390625,1050.5
1767275342.4942186,15,315.59375,1030.5
1767275342.4942186,15,316.8125,1010.75
1767275342.4942186,15,318.0625,991.75
1767275342.4942186,15,319.359375,974.5
1767275342.4942186,15,320.625,959.0
1767275342.4942186,15,321.796875,944.25
1767275342.4942186,15,323.078125,929.0
1767275342.4942186,15,324.265625,914.5
1767275342.4942186,15,325.5,901.25
1767275342.4942186,15,326.765625,890.0
1767275342.4942186,15,327.96875,879.25
1767275342.4942186,15,329.34375,868.25
1767275342.4942186,15,330.484375,857.5
1767275342.4942186,15,331.8125,846.75
1767275342.4942186,15,333.078125,836.5
1767275342.4942186,15,334.265625,828.0
1767275342.4942186,15,335.515625,819.75
1767275342.4942186,15,336.671875,811.5
1767275342.4942186,15,337.859375,804.0
1767275342.4942186,15,339.15625,797.5
1767275342.4942186,15,340.4375,791.75
1767275342.4942186,15,341.6875,786.25
1767275342.4942186,15,342.921875,781.0
1767275342.4942186,15,344.09375,776.5
1767275342.4942186,15,345.25,772.25
1767275342.4942186,15,346.640625,767.75
1767275342.4942186,15,347.734375,764.5
1767275342.4942186,15,349.015625,761.25
1767275342.4942186,15,350.328125,758.25
1767275342.4942186,15,351.515625,755.5
1767275342.6454954,15,352.6875,752.75
1767275342.6454954,15,354.015625,751.5
1767275342.6454954,15,355.265625,750.75
1767275342.6454954,15,356.46875,749.5
1767275342.6454954,15,357.515625,759.5
1767275342.6454954,15,358.8125,772.25
1767275342.6454954,15,359.984375,773.75
1767275342.6454954,15,1.21875,783.25
1767275342.6454954,15,2.34375,793.75
1767275342.6454954,15,3.703125,795.0
1767275342.6454954,15,4.84375,796.75
1767275342.6454954,15,6.03125,798.25
1767275342.6454954,15,7.3125,800.5
1767275342.6454954,15,8.59375,803.0
1767275342.6454954,15,9.734375,806.75
1767275342.6454954,15,10.890625,811.25
1767275342.6454954,15,12.09375,815.75
1767275342.6454954,15,13.296875,819.75
1767275342.6454954,15,14.515625,824.25
1767275342.6454954,15,15.734375,830.25
1767275342.6454954,15,16.96875,836.75
1767275342.6454954,15,18.21875,843.5
1767275342.6454954,15,19.328125,850.0
1767275342.6454954,15,20.625,857.25
1767275342.6454954,15,21.828125,866.0
1767275342.6454954,15,22.984375,874.0
1767275342.6454954,15,24.203125,881.25
1767275342.6454954,15,25.34375,889.75
1767275342.6454954,15,26.578125,899.25
1767275342.6454954,15,27.875,908.25
1767275342.6454954,15,29.03125,918.0
1767275342.6454954,15,30.25,928.75
1767275342.6454954,15,31.359375,942.5
1767275342.6454954,15,32.59375,955.5
1767275342.6454954,15,33.859375,967.75
1767275342.6454954,15,34.984375,980.5
1767275342.6454954,15,36.3125,994.25
1767275342.6454954,15,37.53125,1010.5
1767275342.6454954,15,38.71875,1027.75
1767275342.6454954,15,39.84375,1045.25
1767275342.6454954,15,41.03125,1064.0
1767275342.6454954,15,42.28125,1084.5
1767275342.6454954,15,45.890625,587.25
1767275342.6454954,15,47.0,585.75
1767275342.6454954,15,48.265625,585.25
1767275342.6454954,15,49.46875,585.0
1767275342.6454954,15,50.671875,585.25
1767275342.6454954,15,51.890625,586.0
1767275342.6454954,15,53.234375,586.75
1767275342.6454954,15,54.515625,587.75
1767275342.6454954,15,55.765625,589.25
1767275342.6454954,15,56.75,591.25
1767275342.6454954,15,58.171875,592.75
1767275342.6454954,15,59.390625,593.75
1767275342.6454954,15,60.390625,595.0
1767275342.6454954,15,61.609375,596.75
1767275342.6454954,15,62.9375,599.25
1767275342.6454954,15,64.140625,602.25
1767275342.6454954,15,65.265625,605.75
1767275342.6454954,15,66.546875,609.0
1767275342.6454954,15,67.671875,612.5
1767275342.6454954,15,69.0,616.75
1767275342.6454954,15,70.109375,622.0
1767275342.6454954,15,72.84375,1075.5
1767275342.6454954,15,74.109375,1069.0
1767275342.6454954,15,75.296875,1063.5
1767275342.6454954,15,76.453125,1058.75
1767275342.6454954,15,77.78125,1053.25
1767275342.6454954,15,78.96875,1048.0
1767275342.6454954,15,80.21875,1045.0
1767275342.6454954,15,81.40625,1042.5
1767275342.6454954,15,82.59375,1041.0
1767275342.6454954,15,83.796875,1038.75
1767275342.6454954,15,84.984375,1037.0
1767275342.6454954,15,86.203125,1036.25
1767275342.6454954,15,87.484375,1035.75
1767275342.6454954,15,88.640625,1036.5
1767275342.6454954,15,89.921875,1037.0
1767275342.6454954,15,91.09375,1036.75
1767275342.6454954,15,92.3125,1038.25
1767275342.6454954,15,93.546875,1040.75
1767275342.6454954,15,94.75,1042.75
1767275342.6454954,15,95.953125,1044.75
1767275342.6454954,15,97.203125,1047.5
1767275342.6454954,15,98.375,1051.5
1767275342.6454954,15,99.671875,1056.0
1767275342.6454954,15,100.828125,1060.75
1767275342.6454954,15,102.125,1065.75
1767275342.6454954,15,103.25,1070.5
1767275342.6454954,15,104.453125,1076.25
1767275342.6454954,15,105.75,1082.5
1767275342.6454954,15,106.90625,1089.25
1767275342.6454954,15,108.15625,1096.25
1767275342.6454954,15,109.328125,1103.0
1767275342.6454954,15,110.46875,1111.75
1767275342.6454954,15,111.71875,1120.5
1767275342.6454954,15,112.953125,1128.75
1767275342.6454954,15,114.125,1138.5
1767275342.6454954,15,115.375,1151.5
1767275342.6454954,15,116.59375,1164.75
1767275342.6454954,15,117.75,1175.5
1767275342.6454954,15,120.90625,759.5
1767275342.6454954,15,122.046875,749.75
1767275342.6454954,15,123.34375,741.0
1767275342.6454954,15,124.515625,733.75
1767275342.6454954,15,125.875,726.25
1767275342.6454954,15,127.0625,719.5
1767275342.6454954,15,128.34375,713.25
1767275342.6454954,15,129.484375,707.25
1767275342.6454954,15,130.796875,702.25
1767275342.6454954,15,132.015625,696.5
1767275342.6454954,15,133.1875,691.0
1767275342.6454954,15,134.546875,686.75
1767275342.6454954,15,135.734375,684.0
1767275342.6454954,15,139.828125,1048.25
1767275342.6454954,15,143.546875,997.0
1767275342.6454954,15,144.765625,984.5
1767275342.6454954,15,146.03125,971.0
1767275342.6454954,15,147.21875,957.75
1767275342.6454954,15,148.578125,945.75
1767275342.6454954,15,149.78125,934.5
1767275342.6454954,15,150.984375,924.75
1767275342.6454954,15,152.265625,915.25
1767275342.6454954,15,153.484375,905.5
1767275342.6454954,15,154.703125,897.25
1767275342.6454954,15,155.921875,890.5
1767275342.6454954,15,157.25,883.25
1767275342.6454954,15,158.484375,876.0
1767275342.6454954,15,159.65625,870.25
1767275342.6454954,15,160.875,865.25
1767275342.6454954,15,162.140625,859.5
1767275342.6454954,15,163.40625,853.75
1767275342.6454954,15,164.609375,848.25
1767275342.6454954,15,165.859375,843.25
1767275342.6454954,15,167.09375,839.75
1767275342.6454954,15,168.265625,836.25
1767275342.6454954,15,169.453125,832.5
1767275342.6454954,15,170.703125,829.0
1767275342.6454954,15,171.984375,826.25
1767275342.6454954,15,173.171875,824.75
1767275342.6454954,15,174.34375,823.75
1767275342.6454954,15,175.671875,823.0
1767275342.6454954,15,176.890625,822.5
1767275342.6454954,15,178.09375,822.75
1767275342.6454954,15,179.296875,823.0
1767275342.6454954,15,180.484375,823.25
1767275342.6454954,15,181.6875,824.25
1767275342.6454954,15,182.875,825.5
1767275342.6454954,15,184.1875,826.5
1767275342.6454954,15,185.3125,829.25
1767275342.6454954,15,186.65625,832.0
1767275342.6454954,15,187.84375,835.0
1767275342.6454954,15,189.078125,839.0
1767275342.6454954,15,190.265625,842.75
1767275342.6454954,15,191.484375,846.5
1767275342.6454954,15,192.671875,850.75
1767275342.6454954,15,193.921875,856.25
1767275342.6454954,15,195.078125,861.25
1767275342.6454954,15,196.21875,866.5
1767275342.6454954,15,197.53125,872.0
1767275342.6454954,15,198.71875,878.0
1767275342.6454954,15,199.9375,885.25
1767275342.6454954,15,201.171875,892.25
1767275342.6454954,15,202.359375,899.0
1767275342.6454954,15,203.5625,907.0
1767275342.6454954,15,204.671875,915.75
1767275342.6454954,15,205.953125,924.75
1767275342.6454954,15,207.203125,935.0
1767275342.6454954,15,208.328125,946.5
1767275342.6454954,15,209.5,957.75
1767275342.6454954,15,210.734375,969.75
1767275342.6454954,15,211.90625,981.5
1767275342.6454954,15,213.109375,993.5
1767275342.6454954,15,214.34375,1007.5
1767275342.6454954,15,215.609375,1024.25
1767275342.6454954,15,216.734375,1039.75
1767275342.6454954,15,217.890625,1055.5
1767275342.6454954,15,219.15625,1074.25
1767275342.6454954,15,220.296875,1093.5
1767275342.6454954,15,221.578125,1113.75
1767275342.6454954,15,222.71875,1134.0
1767275342.6454954,15,225.65625,793.0
1767275342.6454954,15,226.90625,793.25
1767275342.6454954,15,228.1875,794.75
1767275342.6454954,15,229.40625,797.0
1767275342.6454954,15,230.5625,799.75
1767275342.6454954,15,231.8125,802.75
1767275342.6454954,15,234.703125,1433.0
1767275342.6454954,15,235.875,1428.0
1767275342.6454954,15,237.15625,1412.5
1767275342.6454954,15,238.40625,1393.25
1767275342.6454954,15,239.65625,1371.25
1767275342.6454954,15,240.828125,1351.25
1767275342.6454954,15,242.046875,1335.25
1767275342.6454954,15,243.296875,1324.0
1767275342.6454954,15,244.546875,1311.5
1767275342.6454954,15,245.765625,1298.75
1767275342.6454954,15,246.984375,1288.0
1767275342.6454954,15,248.21875,1277.0
1767275342.6454954,15,249.484375,1267.25
1767275342.6454954,15,250.71875,1258.75
1767275342.6454954,15,251.984375,1250.25
1767275342.6454954,15,253.203125,1242.25
1767275342.6454954,15,254.421875,1233.75
1767275342.6454954,15,255.609375,1227.5
1767275342.6454954,15,256.90625,1223.25
1767275342.6454954,15,258.046875,1218.5
1767275342.6454954,15,259.34375,1213.0
1767275342.6454954,15,260.53125,1208.5
1767275342.6454954,15,261.71875,1204.75
1767275342.6454954,15,262.96875,1201.75
1767275342.6454954,15,264.25,1199.5
1767275342.6454954,15,265.4375,1198.0
1767275342.6454954,15,266.6875,1196.25
1767275342.6454954,15,267.890625,1195.25
1767275342.6454954,15,269.109375,1195.5
1767275342.6454954,15,270.28125,1197.0
1767275342.6454954,15,271.578125,1198.75
1767275342.6454954,15,272.75,1200.0
1767275342.6454954,15,274.015625,1202.25
1767275342.6454954,15,275.171875,1204.75
1767275342.6454954,15,276.28125,1205.75
1767275342.6454954,15,277.484375,1209.25
1767275342.6454954,15,278.65625,1214.75
1767275342.6454954,15,279.859375,1219.0
1767275342.6454954,15,281.140625,1223.75
1767275342.6454954,15,282.265625,1228.75
1767275342.6454954,15,283.46875,1234.75
1767275342.6454954,15,284.71875,1241.25
1767275342.6454954,15,285.921875,1249.0
1767275342.6454954,15,287.109375,1259.0
1767275342.6454954,15,288.328125,1268.5
1767275342.6454954,15,289.546875,1278.5
1767275342.6454954,15,290.734375,1289.25
1767275342.6454954,15,291.921875,1300.0
1767275342.6454954,15,293.15625,1313.0
1767275342.6454954,15,294.390625,1326.75
1767275342.6454954,15,295.53125,1337.5
1767275342.6454954,15,296.75,1352.75
1767275342.6454954,15,297.921875,1371.0
1767275342.6454954,15,299.1875,1387.25
1767275342.6454954,15,300.359375,1404.5
1767275342.6454954,15,301.625,1415.5
1767275342.6454954,15,305.296875,1311.5
1767275342.6454954,15,306.625,1276.25
1767275342.6454954,15,310.375,1128.25
1767275342.6454954,15,311.578125,1102.25
1767275342.6454954,15,312.859375,1079.0
1767275342.6454954,15,314.109375,1056.0
1767275342.6454954,15,315.359375,1033.5
1767275342.6454954,15,316.640625,1012.25
1767275342.6454954,15,317.828125,993.25
1767275342.6454954,15,319.109375,976.75
1767275342.6454954,15,320.28125,961.5
1767275342.6454954,15,321.484375,946.75
1767275342.6454954,15,322.765625,931.25
1767275342.6454954,15,324.046875,916.5
1767275342.6454954,15,325.34375,903.75
1767275342.6454954,15,326.59375,891.75
1767275342.6454954,15,327.859375,880.25
1767275342.6454954,15,329.078125,870.0
1767275342.6454954,15,330.265625,859.25
1767275342.6454954,15,331.484375,849.5
1767275342.6454954,15,332.8125,840.0
1767275342.6454954,15,334.0625,829.5
1767275342.6454954,15,335.296875,820.75
1767275342.6454954,15,336.46875,814.25
1767275342.6454954,15,337.671875,806.0
1767275342.6454954,15,338.984375,798.0
1767275342.6454954,15,340.078125,792.5
1767275342.6454954,15,341.359375,787.5
1767275342.6454954,15,342.671875,782.5
1767275342.6454954,15,343.828125,777.75
1767275342.6454954,15,345.015625,773.0
1767275342.6454954,15,346.28125,768.75
1767275342.6454954,15,347.5625,765.25
1767275342.6454954,15,348.734375,761.75
1767275342.6454954,15,350.09375,758.75
1767275342.6454954,15,351.3125,756.0
1767275342.7965703,15,352.5625,753.5
1767275342.7965703,15,353.75,751.5
1767275342.7965703,15,354.828125,750.25
1767275342.7965703,15,356.203125,749.0
1767275342.7965703,15,0.875,783.25
1767275342.7965703,15,2.140625,792.5
1767275342.7965703,15,3.265625,794.0
1767275342.7965703,15,4.5625,795.75
1767275342.7965703,15,5.8125,797.25
1767275342.7965703,15,7.015625,799.5
1767275342.7965703,15,8.1875,802.25
1767275342.7965703,15,9.328125,806.25
1767275342.7965703,15,10.53125,810.5
1767275342.7965703,15,11.796875,814.5
1767275342.7965703,15,13.046875,818.25
1767275342.7965703,15,14.109375,822.75
1767275342.7965703,15,15.359375,828.0
1767275342.7965703,15,16.546875,834.0
1767275342.7965703,15,17.71875,841.0
1767275342.7965703,15,19.046875,848.0
1767275342.7965703,15,20.15625,855.75
1767275342.7965703,15,21.40625,864.0
1767275342.7965703,15,22.546875,871.0
1767275342.7965703,15,23.796875,878.25
1767275342.7965703,15,24.9375,887.0
1767275342.7965703,15,26.25,896.25
1767275342.7965703,15,27.40625,905.0
1767275342.7965703,15,28.53125,915.0
1767275342.7965703,15,29.78125,926.25
1767275342.7965703,15,31.015625,938.75
1767275342.7965703,15,32.203125,951.0
1767275342.7965703,15,33.390625,963.25
1767275342.7965703,15,34.53125,977.25
1767275342.7965703,15,35.828125,990.75
1767275342.7965703,15,37.09375,1005.25
1767275342.7965703,15,38.296875,1022.25
1767275342.7965703,15,39.421875,1040.25
1767275342.7965703,15,40.671875,1058.25
1767275342.7965703,15,41.875,1077.75
1767275342.7965703,15,45.484375,587.0
1767275342.7965703,15,46.71875,586.0
1767275342.7965703,15,47.8125,585.25
1767275342.7965703,15,48.984375,585.5
1767275342.7965703,15,50.328125,585.5
1767275342.7965703,15,51.484375,585.75
1767275342.7965703,15,52.875,586.5
1767275342.7965703,15,54.078125,587.5
1767275342.7965703,15,55.171875,589.25
1767275342.7965703,15,56.5,590.75
1767275342.7965703,15,57.546875,592.25
1767275342.7965703,15,58.875,593.5
1767275342.7965703,15,60.15625,594.75
1767275342.7965703,15,61.390625,596.75
1767275342.7965703,15,62.484375,598.75
1767275342.7965703,15,63.65625,601.25
1767275342.7965703,15,64.90625,603.75
1767275342.7965703,15,66.1875,606.75
1767275342.7965703,15,67.453125,611.75
1767275342.7965703,15,68.65625,616.5
1767275342.7965703,15,69.65625,620.75
1767275342.7965703,15,72.453125,1077.5
1767275342.7965703,15,73.625,1070.75
1767275342.7965703,15,74.890625,1064.75
1767275342.7965703,15,76.140625,1059.75
1767275342.7965703,15,77.28125,1055.0
1767275342.7965703,15,78.578125,1050.25
1767275342.7965703,15,79.796875,1046.25
1767275342.7965703,15,80.984375,1043.5
1767275342.7965703,15,82.25,1040.75
1767275342.7965703,15,83.421875,1039.75
1767275342.7965703,15,84.5625,1038.5
1767275342.7965703,15,85.8125,1036.0
1767275342.7965703,15,87.0,1035.5
1767275342.7965703,15,88.28125,1035.5
1767275342.7965703,15,89.484375,1036.25
1767275342.7965703,15,90.609375,1037.0
1767275342.7965703,15,91.84375,1038.25
1767275342.7965703,15,93.03125,1040.25
1767275342.7965703,15,94.296875,1042.0
1767275342.7965703,15,95.484375,1043.75
1767275342.7965703,15,96.75,1046.25
1767275342.7965703,15,97.96875,1049.75
1767275342.7965703,15,99.140625,1054.25
1767275342.7965703,15,100.328125,1059.25
1767275342.7965703,15,101.59375,1063.25
1767275342.7965703,15,102.796875,1067.75
1767275342.7965703,15,104.0,1073.25
1767275342.7965703,15,105.265625,1079.25
1767275342.7965703,15,106.390625,1086.5
1767275342.7965703,15,107.578125,1093.25
1767275342.7965703,15,108.796875,1100.25
1767275342.7965703,15,109.96875,1108.5
1767275342.7965703,15,111.109375,1116.75
1767275342.7965703,15,112.34375,1123.75
1767275342.7965703,15,113.59375,1133.5
1767275342.7965703,15,114.734375,1146.25
1767275342.7965703,15,115.984375,1158.5
1767275342.7965703,15,117.140625,1171.0
1767275342.7965703,15,120.265625,757.5
1767275342.7965703,15,121.53125,754.75
1767275342.7965703,15,122.65625,746.25
1767275342.7965703,15,123.90625,737.75
1767275342.7965703,15,125.265625,729.25
1767275342.7965703,15,126.515625,721.75
1767275342.7965703,15,127.65625,716.0
1767275342.7965703,15,128.890625,710.25
1767275342.7965703,15,130.234375,703.5
1767275342.7965703,15,131.296875,698.5
1767275342.7965703,15,132.671875,694.25
1767275342.7965703,15,133.75,689.5
1767275342.7965703,15,135.078125,685.75
1767275342.7965703,15,136.328125,683.25
1767275342.7965703,15,137.359375,691.75
1767275342.7965703,15,142.8125,1005.5
1767275342.7965703,15,144.078125,991.25
1767275342.7965703,15,145.375,977.25
1767275342.7965703,15,146.546875,964.25
1767275342.7965703,15,147.828125,953.25
1767275342.7965703,15,148.984375,942.25
1767275342.7965703,15,150.28125,930.5
1767275342.7965703,15,151.453125,920.5
1767275342.7965703,15,152.765625,911.25
1767275342.7965703,15,153.9375,902.5
1767275342.7965703,15,155.234375,894.75
1767275342.7965703,15,156.53125,887.0
1767275342.7965703,15,157.796875,879.5
1767275342.7965703,15,158.9375,873.5
1767275342.7965703,15,160.21875,867.5
1767275342.7965703,15,161.453125,861.75
1767275342.7965703,15,162.671875,856.75
1767275342.7965703,15,163.8125,851.75
1767275342.7965703,15,165.125,846.25
1767275342.7965703,15,166.28125,841.25
1767275342.7965703,15,167.578125,837.75
1767275342.7965703,15,168.796875,834.5
1767275342.7965703,15,170.0625,831.5
1767275342.7965703,15,171.28125,828.25
1767275342.7965703,15,172.453125,826.0
1767275342.7965703,15,173.734375,824.25
1767275342.7965703,15,174.96875,823.0
1767275342.7965703,15,176.140625,822.75
1767275342.7965703,15,177.28125,822.5
1767275342.7965703,15,178.546875,822.5
1767275342.7965703,15,179.71875,822.75
1767275342.7965703,15,180.984375,823.25
1767275342.7965703,15,182.28125,824.5
1767275342.7965703,15,183.390625,826.0
1767275342.7965703,15,184.609375,828.0
1767275342.7965703,15,185.84375,831.0
1767275342.7965703,15,186.984375,834.0
1767275342.7965703,15,188.234375,836.5
1767275342.7965703,15,189.421875,840.0
1767275342.7965703,15,190.640625,844.5
1767275342.7965703,15,191.8125,848.75
1767275342.7965703,15,193.046875,853.25
1767275342.7965703,15,194.25,858.0
1767275342.7965703,15,195.53125,863.0
1767275342.7965703,15,196.671875,868.75
1767275342.7965703,15,197.953125,874.25
1767275342.7965703,15,199.078125,880.0
1767275342.7965703,15,200.359375,886.75
1767275342.7965703,15,201.5,894.75
1767275342.7965703,15,202.671875,903.25
1767275342.7965703,15,203.96875,910.25
1767275342.7965703,15,205.109375,918.0
1767275342.7965703,15,206.296875,929.0
1767275342.7965703,15,207.5,939.5
1767275342.7965703,15,208.671875,949.75
1767275342.7965703,15,209.90625,961.25
1767275342.7965703,15,211.109375,974.25
1767275342.7965703,15,212.25,986.5
1767275342.7965703,15,213.515625,998.25
1767275342.7965703,15,214.640625,1013.25
1767275342.7965703,15,215.84375,1029.75
1767275342.7965703,15,217.125,1045.25
1767275342.7965703,15,218.25,1061.25
1767275342.7965703,15,219.453125,1080.0
1767275342.7965703,15,220.71875,1099.0
1767275342.7965703,15,221.859375,1118.5
1767275342.7965703,15,223.015625,1141.0
1767275342.7965703,15,226.078125,792.0
1767275342.7965703,15,227.296875,793.75
1767275342.7965703,15,228.484375,795.25
1767275342.7965703,15,229.796875,798.0
1767275342.7965703,15,230.9375,800.75
1767275342.7965703,15,232.109375,804.25
1767275342.7965703,15,235.046875,1431.25
1767275342.7965703,15,236.234375,1422.75
1767275342.7965703,15,237.453125,1404.0
1767275342.7965703,15,238.75,1383.5
1767275342.7965703,15,239.96875,1364.5
1767275342.7965703,15,241.1875,1347.25
1767275342.7965703,15,242.390625,1332.0
1767275342.7965703,15,243.671875,1319.5
1767275342.7965703,15,244.890625,1306.75
1767275342.7965703,15,246.109375,1294.5
1767275342.7965703,15,247.359375,1284.25
1767275342.7965703,15,248.5625,1274.0
1767275342.7965703,15,249.734375,1264.25
1767275342.7965703,15,251.015625,1255.75
1767275342.7965703,15,252.28125,1247.25
1767275342.7965703,15,253.484375,1238.5
1767275342.7965703,15,254.6875,1231.75
1767275342.7965703,15,255.921875,1226.25
1767275342.7965703,15,257.1875,1221.5
1767275342.7965703,15,258.390625,1216.5
1767275342.7965703,15,259.5625,1211.25
1767275342.7965703,15,260.859375,1207.75
1767275342.7965703,15,262.015625,1204.5
1767275342.7965703,15,263.203125,1202.0
1767275342.7965703,15,264.515625,1199.75
1767275342.7965703,15,265.640625,1198.0
1767275342.7965703,15,266.953125,1196.5
1767275342.7965703,15,268.09375,1195.25
1767275342.7965703,15,269.3125,1195.25
1767275342.7965703,15,270.609375,1195.5
1767275342.7965703,15,271.75,1197.0
1767275342.7965703,15,273.03125,1199.75
1767275342.7965703,15,274.25,1202.0
1767275342.7965703,15,275.28125,1204.25
1767275342.7965703,15,276.4375,1207.0
1767275342.7965703,15,277.671875,1211.0
1767275342.7965703,15,278.90625,1215.25
1767275342.7965703,15,280.125,1219.5
1767275342.7965703,15,281.265625,1224.25
1767275342.7965703,15,282.515625,1229.25
1767275342.7965703,15,283.75,1235.5
1767275342.7965703,15,284.96875,1242.75
1767275342.7965703,15,286.078125,1251.5
1767275342.7965703,15,287.3125,1260.25
1767275342.7965703,15,288.5,1268.25
1767275342.7965703,15,289.734375,1278.5
1767275342.7965703,15,290.921875,1289.75
1767275342.7965703,15,292.09375,1302.0
1767275342.7965703,15,293.359375,1315.25
1767275342.7965703,15,294.53125,1327.5
1767275342.7965703,15,295.765625,1339.75
1767275342.7965703,15,296.890625,1354.5
1767275342.7965703,15,298.125,1371.0
1767275342.7965703,15,299.328125,1388.5
1767275342.7965703,15,300.5625,1406.75
1767275342.7965703,15,301.75,1413.0
1767275342.7965703,15,303.0,1390.5
1767275342.7965703,15,306.703125,1267.5
1767275342.7965703,15,310.515625,1125.0
1767275342.7965703,15,311.765625,1100.5
1767275342.7965703,15,313.015625,1078.75
1767275342.7965703,15,314.21875,1054.5
1767275342.7965703,15,315.484375,1031.5
1767275342.7965703,15,316.65625,1011.5
1767275342.7965703,15,317.9375,993.25
1767275342.7965703,15,319.140625,976.5
1767275342.7965703,15,320.34375,960.5
1767275342.7965703,15,321.65625,945.75
1767275342.7965703,15,322.859375,930.75
1767275342.7965703,15,324.1875,916.25
1767275342.7965703,15,325.453125,903.5
1767275342.7965703,15,326.640625,891.0
1767275342.7965703,15,327.953125,879.75
1767275342.7965703,15,329.046875,870.0
1767275342.7965703,15,330.296875,859.25
1767275342.7965703,15,331.546875,848.25
1767275342.7965703,15,332.78125,839.0
1767275342.7965703,15,334.046875,829.5
1767275342.7965703,15,335.328125,820.75
1767275342.7965703,15,336.53125,813.0
1767275342.7965703,15,337.71875,805.0
1767275342.7965703,15,339.015625,798.25
1767275342.7965703,15,340.171875,792.5
1767275342.7965703,15,341.40625,787.0
1767275342.7965703,15,342.671875,782.0
1767275342.7965703,15,343.96875,777.75
1767275342.7965703,15,345.15625,773.0
1767275342.7965703,15,346.421875,768.5
1767275342.7965703,15,347.640625,765.0
1767275342.7965703,15,348.859375,761.75
1767275342.7965703,15,349.953125,758.75
1767275342.7965703,15,351.234375,755.75
1767275342.9465623,15,352.4375,753.25
1767275342.9465623,15,353.625,751.5
1767275342.9465623,15,354.84375,750.5
1767275342.9465623,15,356.03125,749.0
1767275342.9465623,15,357.328125,743.5
1767275342.9465623,15,359.625,774.0
1767275342.9465623,15,0.890625,778.75
1767275342.9465623,15,2.109375,787.75
1767275342.9465623,15,3.28125,794.0
1767275342.9465623,15,4.46875,795.5
1767275342.9465623,15,5.59375,797.25
1767275342.9465623,15,6.8125,799.75
1767275342.9465623,15,8.046875,802.25
1767275342.9465623,15,9.28125,806.0
1767275342.9465623,15,10.546875,810.0
1767275342.9465623,15,11.640625,814.0
1767275342.9465623,15,12.84375,818.0
1767275342.9465623,15,14.046875,822.75
1767275342.9465623,15,15.3125,827.75
1767275342.9465623,15,16.46875,833.75
1767275342.9465623,15,17.75,840.75
1767275342.9465623,15,18.9375,847.75
1767275342.9465623,15,20.171875,855.25
1767275342.9465623,15,21.25,863.5
1767275342.9465623,15,22.5625,870.75
1767275342.9465623,15,23.671875,878.0
1767275342.9465623,15,24.84375,886.25
1767275342.9465623,15,26.109375,894.75
1767275342.9465623,15,27.328125,904.25
1767275342.9465623,15,28.484375,914.75
1767275342.9465623,15,29.671875,925.5
1767275342.9465623,15,30.90625,937.25
1767275342.9465623,15,32.046875,950.0
1767275342.9465623,15,33.3125,962.25
1767275342.9465623,15,34.484375,975.5
1767275342.9465623,15,35.8125,989.75
1767275342.9465623,15,36.984375,1005.0
1767275342.9465623,15,38.171875,1021.75
1767275342.9465623,15,39.375,1038.25
1767275342.9465623,15,40.578125,1056.75
1767275342.9465623,15,41.796875,1077.25
1767275342.9465623,15,45.28125,587.25
1767275342.9465623,15,46.640625,586.5
1767275342.9465623,15,47.875,585.25
1767275342.9465623,15,48.984375,585.25
1767275342.9465623,15,50.140625,585.5
1767275342.9465623,15,51.53125,586.0
1767275342.9465623,15,52.703125,586.75
1767275342.9465623,15,53.890625,587.75
1767275342.9465623,15,55.203125,589.25
1767275342.9465623,15,56.375,590.5
1767275342.9465623,15,57.609375,592.0
1767275342.9465623,15,58.75,593.25
1767275342.9465623,15,60.0,594.75
1767275342.9465623,15,61.109375,597.0
1767275342.9465623,15,62.453125,598.75
1767275342.9465623,15,63.578125,600.75
1767275342.9465623,15,64.71875,603.25
1767275342.9465623,15,65.953125,606.75
1767275342.9465623,15,67.109375,611.0
1767275342.9465623,15,68.453125,615.5
1767275342.9465623,15,69.703125,620.0
1767275342.9465623,15,74.6875,1065.5
1767275342.9465623,15,75.984375,1060.0
1767275342.9465623,15,77.21875,1055.0
1767275342.9465623,15,78.375,1050.0
1767275342.9465623,15,79.609375,1046.75
1767275342.9465623,15,80.890625,1044.25
1767275342.9465623,15,82.078125,1041.75
1767275342.9465623,15,83.34375,1039.75
1767275342.9465623,15,84.421875,1038.25
1767275342.9465623,15,85.671875,1037.75
1767275342.9465623,15,86.828125,1037.0
1767275342.9465623,15,88.046875,1035.5
1767275342.9465623,15,89.28125,1035.5
1767275342.9465623,15,90.5625,1035.75
1767275342.9465623,15,91.703125,1037.75
1767275342.9465623,15,92.90625,1040.0
1767275342.9465623,15,94.109375,1041.5
1767275342.9465623,15,95.296875,1043.5
1767275342.9465623,15,96.578125,1046.25
1767275342.9465623,15,97.796875,1049.0
1767275342.9465623,15,98.984375,1053.25
1767275342.9465623,15,100.21875,1058.0
1767275342.9465623,15,101.34375,1062.25
1767275342.9465623,15,102.59375,1066.75
1767275342.9465623,15,103.84375,1072.5
1767275342.9465623,15,105.046875,1078.25
1767275342.9465623,15,106.171875,1084.5
1767275342.9465623,15,107.390625,1092.25
1767275342.9465623,15,108.640625,1099.5
1767275342.9465623,15,109.796875,1107.0
1767275342.9465623,15,111.078125,1115.5
1767275342.9465623,15,112.28125,1123.5
1767275342.9465623,15,113.40625,1132.5
1767275342.9465623,15,114.59375,1142.25
1767275342.9465623,15,115.828125,1155.25
1767275342.9465623,15,117.0625,1169.75
1767275342.9465623,15,118.265625,1180.25
1767275342.9465623,15,121.3125,755.75
1767275342.9465623,15,122.640625,746.5
1767275342.9465623,15,123.890625,739.0
1767275342.9465623,15,125.0,731.25
1767275342.9465623,15,126.25,723.0
1767275342.9465623,15,127.609375,716.75
1767275342.9465623,15,128.8125,711.25
1767275342.9465623,15,129.953125,705.0
1767275342.9465623,15,131.21875,699.25
1767275342.9465623,15,132.484375,695.0
1767275342.9465623,15,133.75,690.5
1767275342.9465623,15,134.984375,686.0
1767275342.9465623,15,136.046875,683.25
1767275342.9465623,15,137.3125,688.75
1767275342.9465623,15,143.953125,992.0
1767275342.9465623,15,145.125,979.25
1767275342.9465623,15,146.375,967.5
1767275342.9465623,15,147.640625,955.5
1767275342.9465623,15,148.921875,943.0
1767275342.9465623,15,150.078125,930.75
1767275342.9465623,15,151.28125,920.75
1767275342.9465623,15,152.59375,911.5
1767275342.9465623,15,153.8125,903.5
1767275342.9465623,15,155.0,896.0
1767275342.9465623,15,156.296875,888.5
1767275342.9465623,15,157.5625,880.75
1767275342.9465623,15,158.78125,874.0
1767275342.9465623,15,159.96875,869.0
1767275342.9465623,15,161.234375,863.5
1767275342.9465623,15,162.40625,857.5
1767275342.9465623,15,163.609375,852.25
1767275342.9465623,15,164.796875,847.5
1767275342.9465623,15,166.140625,843.5
1767275342.9465623,15,167.3125,839.75
1767275342.9465623,15,168.484375,836.0
1767275342.9465623,15,169.796875,831.75
1767275342.9465623,15,170.9375,828.5
1767275342.9465623,15,172.125,826.0
1767275342.9465623,15,173.34375,824.5
1767275342.9465623,15,174.640625,823.25
1767275342.9465623,15,175.859375,822.5
1767275342.9465623,15,177.015625,822.75
1767275342.9465623,15,178.203125,822.5
1767275342.9465623,15,179.421875,823.0
1767275342.9465623,15,180.703125,824.0
1767275342.9465623,15,181.84375,824.5
1767275342.9465623,15,183.046875,825.5
1767275342.9465623,15,184.265625,827.0
1767275342.9465623,15,185.46875,830.0
1767275342.9465623,15,186.671875,833.25
1767275342.9465623,15,187.984375,835.75
1767275342.9465623,15,189.140625,839.25
1767275342.9465623,15,190.265625,843.25
1767275342.9465623,15,191.5,847.25
1767275342.9465623,15,192.75,851.25
1767275342.9465623,15,193.890625,856.25
1767275342.9465623,15,195.21875,861.75
1767275342.9465623,15,196.375,867.5
1767275342.9465623,15,197.53125,872.75
1767275342.9465623,15,198.796875,878.25
1767275342.9465623,15,199.921875,885.5
1767275342.9465623,15,201.125,893.0
1767275342.9465623,15,202.375,900.0
1767275342.9465623,15,203.609375,908.0
1767275342.9465623,15,204.90625,916.75
1767275342.9465623,15,206.015625,926.5
1767275342.9465623,15,207.3125,937.5
1767275342.9465623,15,208.453125,948.25
1767275342.9465623,15,209.671875,959.25
1767275342.9465623,15,210.875,970.5
1767275342.9465623,15,212.125,982.75
1767275342.9465623,15,213.28125,995.5
1767275342.9465623,15,214.4375,1010.25
1767275342.9465623,15,215.703125,1026.25
1767275342.9465623,15,216.90625,1041.0
1767275342.9465623,15,218.09375,1058.25
1767275342.9465623,15,219.234375,1077.75
1767275342.9465623,15,220.46875,1095.5
1767275342.9465623,15,221.625,1114.0
1767275342.9465623,15,222.875,1135.5
1767275342.9465623,15,225.8125,791.25
1767275342.9465623,15,227.046875,793.5
1767275342.9465623,15,228.390625,794.75
1767275342.9465623,15,229.515625,797.0
1767275342.9465623,15,230.6875,799.75
1767275342.9465623,15,231.921875,803.5
1767275342.9465623,15,234.828125,1434.0
1767275342.9465623,15,236.09375,1425.5
1767275342.9465623,15,237.265625,1409.5
1767275342.9465623,15,238.53125,1391.75
1767275342.9465623,15,239.765625,1369.5
1767275342.9465623,15,240.984375,1349.75
1767275342.9465623,15,242.234375,1333.5
1767275342.9465623,15,243.484375,1322.5
1767275342.9465623,15,244.6875,1311.0
1767275342.9465623,15,245.96875,1297.75
1767275342.9465623,15,247.1875,1286.5
1767275342.9465623,15,248.421875,1275.25
1767275342.9465623,15,249.609375,1266.25
1767275342.9465623,15,250.8125,1258.0
1767275342.9465623,15,252.0,1249.25
1767275342.9465623,15,253.25,1241.5
1767275342.9465623,15,254.484375,1233.75
1767275342.9465623,15,255.671875,1227.5
1767275342.9465623,15,256.875,1222.25
1767275342.9465623,15,258.125,1217.0
1767275342.9465623,15,259.328125,1212.75
1767275342.9465623,15,260.625,1208.5
1767275342.9465623,15,261.765625,1205.0
1767275342.9465623,15,263.03125,1202.75
1767275342.9465623,15,264.234375,1200.25
1767275342.9465623,15,265.453125,1197.75
1767275342.9465623,15,266.65625,1196.25
1767275342.9465623,15,267.875,1195.0
1767275342.9465623,15,269.09375,1195.5
1767275342.9465623,15,270.375,1197.0
1767275342.9465623,15,271.5625,1198.75
1767275342.9465623,15,272.734375,1200.25
1767275342.9465623,15,273.96875,1202.5
1767275342.9465623,15,275.234375,1204.5
1767275342.9465623,15,276.296875,1205.75
1767275342.9465623,15,277.546875,1209.5
1767275342.9465623,15,278.734375,1214.75
1767275342.9465623,15,279.984375,1219.5
1767275342.9465623,15,281.15625,1224.0
1767275342.9465623,15,282.390625,1228.5
1767275342.9465623,15,283.546875,1234.75
1767275342.9465623,15,284.734375,1242.25
1767275342.9465623,15,286.0,1250.25
1767275342.9465623,15,287.15625,1259.0
1767275342.9465623,15,288.375,1268.5
1767275342.9465623,15,289.609375,1279.0
1767275342.9465623,15,290.796875,1289.5
1767275342.9465623,15,292.0,1300.25
1767275342.9465623,15,293.15625,1313.0
1767275342.9465623,15,294.375,1326.5
1767275342.9465623,15,295.625,1337.5
1767275342.9465623,15,296.78125,1352.5
1767275342.9465623,15,297.984375,1370.75
1767275342.9465623,15,299.328125,1388.25
1767275342.9465623,15,300.515625,1406.5
1767275342.9465623,15,301.734375,1413.25
1767275342.9465623,15,303.0,1390.5
1767275342.9465623,15,306.75,1267.75
1767275342.9465623,15,310.53125,1125.0
1767275342.9465623,15,311.796875,1099.25
1767275342.9465623,15,312.96875,1077.0
1767275342.9465623,15,314.296875,1054.0
1767275342.9465623,15,315.53125,1031.25
1767275342.9465623,15,316.703125,1010.75
1767275342.9465623,15,318.03125,992.0
1767275342.9465623,15,319.28125,975.75
1767275342.9465623,15,320.46875,960.5
1767275342.9465623,15,321.765625,944.5
1767275342.9465623,15,322.90625,929.0
1767275342.9465623,15,324.296875,915.75
1767275342.9465623,15,325.53125,903.25
1767275342.9465623,15,326.71875,891.0
1767275342.9465623,15,327.921875,879.5
1767275342.9465623,15,329.15625,868.5
1767275342.9465623,15,330.484375,858.0
1767275342.9465623,15,331.734375,848.0
1767275342.9465623,15,332.828125,837.75
1767275342.9465623,15,334.171875,828.0
1767275342.9465623,15,335.4375,820.5
1767275342.9465623,15,336.625,813.0
1767275342.9465623,15,337.875,804.75
1767275342.9465623,15,339.109375,797.5
1767275342.9465623,15,340.28125,792.0
1767275342.9465623,15,341.5,787.0
1767275342.9465623,15,342.828125,781.5
1767275342.9465623,15,344.015625,777.0
1767275342.9465623,15,345.265625,772.75
1767275342.9465623,15,346.4375,768.5
1767275342.9465623,15,347.640625,764.75
1767275342.9465623,15,348.78125,761.5
1767275342.9465623,15,350.015625,758.5
1767275342.9465623,15,351.359375,755.75
1767275343.097621,15,352.515625,753.25
1767275343.097621,15,353.75,751.75
1767275343.097621,15,354.90625,750.75
1767275343.097621,15,356.28125,749.0
1767275343.097621,15,2.078125,797.5
1767275343.097621,15,3.375,794.0
1767275343.097621,15,4.609375,795.75
1767275343.097621,15,5.78125,797.25
1767275343.097621,15,7.03125,799.5
1767275343.097621,15,8.203125,802.5
1767275343.097621,15,9.359375,806.5
1767275343.097621,15,10.65625,810.5
1767275343.097621,15,11.8125,814.25
1767275343.097621,15,13.109375,818.5
1767275343.097621,15,14.3125,823.25
1767275343.097621,15,15.484375,828.25
1767275343.097621,15,16.6875,834.25
1767275343.097621,15,17.796875,841.25
1767275343.097621,15,19.109375,848.5
1767275343.097621,15,20.34375,856.0
1767275343.097621,15,21.515625,864.0
1767275343.097621,15,22.75,871.5
1767275343.097621,15,23.859375,879.5
1767275343.097621,15,25.0625,887.75
1767275343.097621,15,26.296875,896.25
1767275343.097621,15,27.515625,906.0
1767275343.097621,15,28.703125,916.5
1767275343.097621,15,29.875,926.75
1767275343.097621,15,31.078125,939.0
1767275343.097621,15,32.296875,951.5
1767275343.097621,15,33.40625,963.75
1767275343.097621,15,34.671875,977.25
1767275343.097621,15,36.0625,991.0
1767275343.097621,15,37.265625,1006.25
1767275343.097621,15,38.40625,1024.25
1767275343.097621,15,39.5625,1041.25
1767275343.097621,15,40.796875,1059.25
1767275343.097621,15,42.046875,1079.5
1767275343.097621,15,45.640625,587.0
1767275343.097621,15,46.796875,585.75
1767275343.097621,15,48.15625,585.25
1767275343.097621,15,49.375,584.75
1767275343.097621,15,50.453125,585.25
1767275343.097621,15,51.828125,586.0
1767275343.097621,15,52.984375,586.5
1767275343.097621,15,54.046875,587.5
1767275343.097621,15,55.375,588.5
1767275343.097621,15,56.703125,590.25
1767275343.097621,15,57.84375,592.25
1767275343.097621,15,59.0625,593.5
1767275343.097621,15,60.3125,594.5
1767275343.097621,15,61.359375,596.75
1767275343.097621,15,62.75,599.25
1767275343.097621,15,63.71875,601.5
1767275343.097621,15,65.0,604.75
1767275343.097621,15,66.28125,608.25
1767275343.097621,15,67.390625,612.0
1767275343.097621,15,68.78125,616.25
1767275343.097621,15,69.765625,620.75
1767275343.097621,15,72.578125,1075.75
1767275343.097621,15,73.71875,1070.5
1767275343.097621,15,75.0,1064.75
1767275343.097621,15,76.1875,1060.25
1767275343.097621,15,77.5,1054.5
1767275343.097621,15,78.734375,1048.75
1767275343.097621,15,79.890625,1045.5
1767275343.097621,15,81.125,1043.25
1767275343.097621,15,82.390625,1041.5
1767275343.097621,15,83.4375,1040.0
1767275343.097621,15,84.671875,1038.5
1767275343.097621,15,85.90625,1036.5
1767275343.097621,15,87.1875,1035.5
1767275343.097621,15,88.40625,1035.25
1767275343.097621,15,89.5625,1036.0
1767275343.097621,15,90.78125,1037.25
1767275343.097621,15,92.03125,1038.25
1767275343.097621,15,93.203125,1040.0
1767275343.097621,15,94.421875,1042.0
1767275343.097621,15,95.6875,1044.0
1767275343.097621,15,96.84375,1047.0
1767275343.097621,15,98.09375,1050.25
1767275343.097621,15,99.28125,1054.75
1767275343.097621,15,100.5625,1060.0
1767275343.097621,15,101.71875,1064.0
1767275343.097621,15,102.96875,1068.25
1767275343.097621,15,104.1875,1073.75
1767275343.097621,15,105.359375,1080.5
1767275343.097621,15,106.578125,1087.25
1767275343.097621,15,107.71875,1093.5
1767275343.097621,15,108.984375,1101.0
1767275343.097621,15,110.125,1109.5
1767275343.097621,15,111.359375,1117.5
1767275343.097621,15,112.578125,1126.75
1767275343.097621,15,113.828125,1136.5
1767275343.097621,15,114.96875,1149.0
1767275343.097621,15,116.171875,1161.5
1767275343.097621,15,117.40625,1172.0
1767275343.097621,15,120.46875,761.5
1767275343.097621,15,121.8125,751.75
1767275343.097621,15,123.0625,743.0
1767275343.097621,15,124.15625,736.25
1767275343.097621,15,125.484375,728.75
1767275343.097621,15,126.625,721.25
1767275343.097621,15,127.984375,715.25
1767275343.097621,15,129.203125,709.25
1767275343.097621,15,130.421875,703.25
1767275343.097621,15,131.578125,697.75
1767275343.097621,15,132.859375,693.0
1767275343.097621,15,134.09375,688.5
1767275343.097621,15,135.328125,685.0
1767275343.097621,15,143.171875,1001.75
1767275343.097621,15,144.421875,988.75
1767275343.097621,15,145.625,975.5
1767275343.097621,15,146.9375,962.0
1767275343.097621,15,148.078125,951.0
1767275343.097621,15,149.40625,940.0
1767275343.097621,15,150.578125,928.0
1767275343.097621,15,151.828125,917.25
1767275343.097621,15,153.09375,908.25
1767275343.097621,15,154.25,900.75
1767275343.097621,15,155.546875,893.0
1767275343.097621,15,156.71875,885.25
1767275343.097621,15,157.9375,878.0
1767275343.097621,15,159.25,872.75
1767275343.097621,15,160.421875,867.0
1767275343.097621,15,161.703125,861.0
1767275343.097621,15,162.953125,855.75
1767275343.097621,15,164.171875,851.25
1767275343.097621,15,165.296875,846.5
1767275343.097621,15,166.609375,841.25
1767275343.097621,15,167.859375,836.75
1767275343.097621,15,168.96875,833.25
1767275343.097621,15,170.25,830.0
1767275343.097621,15,171.453125,827.5
1767275343.097621,15,172.75,826.0
1767275343.097621,15,173.9375,824.25
1767275343.097621,15,175.0625,823.25
1767275343.097621,15,176.28125,822.5
1767275343.097621,15,177.640625,822.75
1767275343.097621,15,178.796875,823.25
1767275343.097621,15,180.03125,823.5
1767275343.097621,15,181.15625,824.0
1767275343.097621,15,182.46875,824.75
1767275343.097621,15,183.625,826.0
1767275343.097621,15,184.796875,828.0
1767275343.097621,15,186.140625,830.75
1767275343.097621,15,187.28125,833.5
1767275343.097621,15,188.4375,837.5
1767275343.097621,15,189.6875,841.5
1767275343.097621,15,190.96875,845.5
1767275343.097621,15,192.1875,849.75
1767275343.097621,15,193.25,854.25
1767275343.097621,15,194.484375,858.75
1767275343.097621,15,195.734375,864.0
1767275343.097621,15,197.015625,870.0
1767275343.097621,15,198.21875,875.5
1767275343.097621,15,199.40625,881.75
1767275343.097621,15,200.546875,888.5
1767275343.097621,15,201.703125,895.75
1767275343.097621,15,203.0,904.25
1767275343.097621,15,204.21875,913.0
1767275343.097621,15,205.46875,921.5
1767275343.097621,15,206.671875,931.25
1767275343.097621,15,207.90625,942.25
1767275343.097621,15,209.03125,953.25
1767275343.097621,15,210.25,964.75
1767275343.097621,15,211.515625,977.5
1767275343.097621,15,212.734375,990.25
1767275343.097621,15,213.859375,1003.25
1767275343.097621,15,215.125,1017.75
1767275343.097621,15,216.328125,1035.0
1767275343.097621,15,217.484375,1052.0
1767275343.097621,15,218.65625,1067.75
1767275343.097621,15,219.859375,1085.75
1767275343.097621,15,221.125,1105.75
1767275343.097621,15,222.3125,1127.5
1767275343.097621,15,223.453125,1150.0
1767275343.097621,15,226.515625,793.0
1767275343.097621,15,227.734375,794.25
1767275343.097621,15,228.953125,796.0
1767275343.097621,15,230.25,799.25
1767275343.097621,15,231.34375,802.25
1767275343.097621,15,232.625,805.25
1767275343.097621,15,235.53125,1439.75
1767275343.097621,15,236.75,1416.5
1767275343.097621,15,237.953125,1398.5
1767275343.097621,15,239.171875,1378.0
1767275343.097621,15,240.453125,1357.75
1767275343.097621,15,241.640625,1340.25
1767275343.097621,15,242.890625,1327.25
1767275343.097621,15,244.109375,1316.25
1767275343.097621,15,245.375,1303.5
1767275343.097621,15,246.625,1290.5
1767275343.097621,15,247.828125,1279.5
1767275343.097621,15,249.078125,1270.5
1767275343.097621,15,250.3125,1261.75
1767275343.097621,15,251.484375,1253.5
1767275343.097621,15,252.71875,1245.5
1767275343.097621,15,253.984375,1236.75
1767275343.097621,15,255.25,1230.0
1767275343.097621,15,256.390625,1224.25
1767275343.097621,15,257.609375,1218.75
1767275343.097621,15,258.859375,1213.5
1767275343.097621,15,260.09375,1209.75
1767275343.097621,15,261.3125,1206.5
1767275343.097621,15,262.53125,1203.5
1767275343.097621,15,263.75,1201.0
1767275343.097621,15,265.015625,1198.25
1767275343.097621,15,266.265625,1197.0
1767275343.097621,15,267.484375,1196.5
1767275343.097621,15,268.703125,1195.25
1767275343.097621,15,269.859375,1195.5
1767275343.097621,15,271.0625,1197.5
1767275343.097621,15,272.34375,1199.5
1767275343.097621,15,273.5625,1201.0
1767275343.097621,15,274.75,1203.5
1767275343.097621,15,275.921875,1206.0
1767275343.097621,15,277.09375,1208.75
1767275343.097621,15,278.359375,1213.5
1767275343.097621,15,279.5,1218.0
1767275343.097621,15,280.703125,1221.5
1767275343.097621,15,281.921875,1226.25
1767275343.097621,15,283.15625,1232.25
1767275343.097621,15,284.375,1238.5
1767275343.097621,15,285.5625,1247.25
1767275343.097621,15,286.796875,1256.75
1767275343.097621,15,288.03125,1265.5
1767275343.097621,15,289.1875,1274.25
1767275343.097621,15,290.4375,1284.5
1767275343.097621,15,291.625,1297.0
1767275343.097621,15,292.84375,1310.5
1767275343.097621,15,294.015625,1322.75
1767275343.097621,15,295.203125,1333.75
1767275343.097621,15,296.4375,1348.25
1767275343.097621,15,297.65625,1365.0
1767275343.097621,15,298.859375,1382.25
1767275343.097621,15,300.09375,1400.75
1767275343.097621,15,305.0625,1318.5
1767275343.097621,15,306.28125,1282.0
1767275343.097621,15,307.625,1247.0
1767275343.097621,15,310.171875,1137.5
1767275343.097621,15,311.4375,1108.0
1767275343.097621,15,312.609375,1084.75
1767275343.097621,15,313.828125,1062.25
1767275343.097621,15,315.078125,1039.25
1767275343.097621,15,316.359375,1016.5
1767275343.097621,15,317.59375,997.5
1767275343.097621,15,318.875,981.25
1767275343.097621,15,320.125,963.75
1767275343.097621,15,321.3125,947.75
1767275343.097621,15,322.59375,933.75
1767275343.097621,15,323.796875,919.75
1767275343.097621,15,325.125,906.0
1767275343.097621,15,326.34375,893.0
1767275343.097621,15,327.59375,880.75
1767275343.097621,15,328.75,871.25
1767275343.097621,15,330.078125,862.75
1767275343.097621,15,331.296875,852.25
1767275343.097621,15,332.453125,841.0
1767275343.097621,15,333.796875,830.75
1767275343.097621,15,335.078125,822.25
1767275343.097621,15,336.1875,815.25
1767275343.097621,15,337.546875,807.0
1767275343.097621,15,338.765625,799.25
1767275343.097621,15,340.0,793.75
1767275343.097621,15,341.15625,789.0
1767275343.097621,15,342.375,783.5
1767275343.097621,15,343.609375,778.25
1767275343.097621,15,344.84375,773.25
1767275343.097621,15,346.15625,768.75
1767275343.097621,15,347.296875,765.5
1767275343.097621,15,348.5625,762.5
1767275343.097621,15,349.8125,759.75
1767275343.097621,15,351.03125,756.75
1767275343.097621,15,352.140625,754.5
1767275343.250465,15,353.359375,752.25
1767275343.250465,15,354.71875,750.0
1767275343.250465,15,355.90625,749.25
1767275343.250465,15,357.015625,749.0
1767275343.250465,15,359.484375,774.25
1767275343.250465,15,3.140625,784.75
1767275343.250465,15,4.34375,796.0
1767275343.250465,15,5.546875,797.5
1767275343.250465,15,6.6875,799.25
1767275343.250465,15,7.9375,801.75
1767275343.250465,15,9.0625,805.25
1767275343.250465,15,10.390625,809.5
1767275343.250465,15,11.515625,813.25
1767275343.250465,15,12.734375,817.5
1767275343.250465,15,13.984375,822.25
1767275343.250465,15,15.265625,827.5
1767275343.250465,15,16.34375,833.5
1767275343.250465,15,17.59375,840.0
1767275343.250465,15,18.890625,847.0
1767275343.250465,15,20.046875,855.0
1767275343.250465,15,21.171875,863.0
1767275343.250465,15,22.40625,870.5
1767275343.250465,15,23.640625,877.75
1767275343.250465,15,24.875,885.75
1767275343.250465,15,26.015625,894.5
1767275343.250465,15,27.234375,903.75
1767275343.250465,15,28.375,913.75
1767275343.250465,15,29.671875,924.5
1767275343.250465,15,30.859375,936.75
1767275343.250465,15,32.046875,949.5
1767275343.250465,15,33.265625,962.0
1767275343.250465,15,34.453125,975.5
1767275343.250465,15,35.765625,988.25
1767275343.250465,15,36.890625,1002.5
1767275343.250465,15,38.171875,1020.25
1767275343.250465,15,39.296875,1038.0
1767275343.250465,15,40.59375,1056.25
1767275343.250465,15,41.6875,1076.0
1767275343.250465,15,45.296875,586.75
1767275343.250465,15,46.59375,586.25
1767275343.250465,15,47.671875,585.25
1767275343.250465,15,48.96875,584.25
1767275343.250465,15,50.1875,584.5
1767275343.250465,15,51.46875,586.0
1767275343.250465,15,52.734375,587.0
1767275343.250465,15,53.921875,587.75
1767275343.250465,15,55.0625,589.0
1767275343.250465,15,56.265625,590.25
1767275343.250465,15,57.625,592.0
1767275343.250465,15,58.6875,593.25
1767275343.250465,15,59.90625,595.0
1767275343.250465,15,61.09375,597.0
1767275343.250465,15,62.453125,598.75
1767275343.250465,15,63.609375,600.75
1767275343.250465,15,64.65625,603.5
1767275343.250465,15,65.953125,607.0
1767275343.250465,15,67.265625,610.75
1767275343.250465,15,68.375,615.25
1767275343.250465,15,69.515625,619.75
1767275343.250465,15,74.75,1066.25
1767275343.250465,15,75.96875,1060.75
1767275343.250465,15,77.203125,1055.25
1767275343.250465,15,78.390625,1050.0
1767275343.250465,15,79.546875,1046.75
1767275343.250465,15,80.875,1044.25
1767275343.250465,15,82.015625,1041.75
1767275343.250465,15,83.234375,1039.75
1767275343.250465,15,84.453125,1038.25
1767275343.250465,15,85.671875,1037.75
1767275343.250465,15,86.859375,1037.0
1767275343.250465,15,88.109375,1035.5
1767275343.250465,15,89.359375,1035.75
1767275343.250465,15,90.59375,1035.75
1767275343.250465,15,91.734375,1037.5
1767275343.250465,15,92.953125,1040.25
1767275343.250465,15,94.1875,1041.75
1767275343.250465,15,95.40625,1043.75
1767275343.250465,15,96.59375,1046.25
1767275343.250465,15,97.859375,1049.5
1767275343.250465,15,99.015625,1053.75
1767275343.250465,15,100.265625,1058.25
1767275343.250465,15,101.5,1062.25
1767275343.250465,15,102.71875,1067.25
1767275343.250465,15,103.84375,1073.0
1767275343.250465,15,105.03125,1078.25
1767275343.250465,15,106.328125,1084.5
1767275343.250465,15,107.578125,1092.25
1767275343.250465,15,108.8125,1100.25
1767275343.250465,15,110.015625,1108.5
1767275343.250465,15,111.1875,1116.5
1767275343.250465,15,112.390625,1123.75
1767275343.250465,15,113.59375,1133.5
1767275343.250465,15,114.828125,1146.25
1767275343.250465,15,116.015625,1158.75
1767275343.250465,15,117.28125,1171.5
1767275343.250465,15,120.265625,759.75
1767275343.250465,15,121.625,753.75
1767275343.250465,15,122.828125,744.25
1767275343.250465,15,124.09375,736.75
1767275343.250465,15,125.265625,729.25
1767275343.250465,15,126.5,721.5
1767275343.250465,15,127.796875,715.0
1767275343.250465,15,129.046875,709.25
1767275343.250465,15,130.359375,703.0
1767275343.250465,15,131.5625,697.75
1767275343.250465,15,132.640625,693.25
1767275343.250465,15,133.859375,689.0
1767275343.250465,15,135.125,685.75
1767275343.250465,15,136.328125,683.0
1767275343.250465,15,143.046875,1002.75
1767275343.250465,15,144.203125,989.0
1767275343.250465,15,145.515625,976.25
1767275343.250465,15,146.703125,963.25
1767275343.250465,15,147.96875,952.0
1767275343.250465,15,149.25,940.75
1767275343.250465,15,150.390625,929.25
1767275343.250465,15,151.6875,918.5
1767275343.250465,15,152.859375,909.25
1767275343.250465,15,154.1875,901.75
1767275343.250465,15,155.453125,893.75
1767275343.250465,15,156.65625,885.75
1767275343.250465,15,157.875,879.0
1767275343.250465,15,159.03125,873.25
1767275343.250465,15,160.328125,867.75
1767275343.250465,15,161.53125,861.5
1767275343.250465,15,162.75,855.5
1767275343.250465,15,164.015625,851.0
1767275343.250465,15,165.234375,846.5
1767275343.250465,15,166.453125,841.5
1767275343.250465,15,167.578125,837.5
1767275343.250465,15,168.90625,833.5
1767275343.250465,15,170.140625,830.5
1767275343.250465,15,171.328125,828.0
1767275343.250465,15,172.59375,825.75
1767275343.250465,15,173.84375,824.25
1767275343.250465,15,174.90625,823.0
1767275343.250465,15,176.265625,822.5
1767275343.250465,15,177.359375,822.75
1767275343.250465,15,178.703125,823.25
1767275343.250465,15,179.84375,823.5
1767275343.250465,15,181.171875,824.25
1767275343.250465,15,182.4375,824.75
1767275343.250465,15,183.640625,825.75
1767275343.250465,15,184.796875,827.75
1767275343.250465,15,185.984375,830.75
1767275343.250465,15,187.265625,833.75
1767275343.250465,15,188.375,836.75
1767275343.250465,15,189.6875,840.75
1767275343.250465,15,190.875,845.5
1767275343.250465,15,192.015625,849.75
1767275343.250465,15,193.328125,853.75
1767275343.250465,15,194.453125,858.25
1767275343.250465,15,195.65625,863.75
1767275343.250465,15,196.984375,869.75
1767275343.250465,15,198.09375,875.5
1767275343.250465,15,199.328125,881.5
1767275343.250465,15,200.515625,888.25
1767275343.250465,15,201.734375,895.5
1767275343.250465,15,202.90625,904.0
1767275343.250465,15,204.140625,912.75
1767275343.250465,15,205.4375,920.75
1767275343.250465,15,206.625,930.25
1767275343.250465,15,207.765625,941.75
1767275343.250465,15,208.984375,953.0
1767275343.250465,15,210.265625,964.5
1767275343.250465,15,211.46875,976.75
1767275343.250465,15,212.671875,989.0
1767275343.250465,15,213.859375,1002.5
1767275343.250465,15,215.0,1017.5
1767275343.250465,15,216.1875,1034.75
1767275343.250465,15,217.484375,1050.75
1767275343.250465,15,218.6875,1066.5
1767275343.250465,15,219.828125,1085.25
1767275343.250465,15,221.046875,1105.25
1767275343.250465,15,222.234375,1127.0
1767275343.250465,15,223.46875,1148.25
1767275343.250465,15,226.4375,793.0
1767275343.250465,15,227.6875,794.25
1767275343.250465,15,228.84375,795.5
1767275343.250465,15,230.109375,798.5
1767275343.250465,15,231.28125,801.75
1767275343.250465,15,232.515625,805.0
1767275343.250465,15,236.609375,1418.0
1767275343.250465,15,237.859375,1398.75
1767275343.250465,15,239.0625,1378.25
1767275343.250465,15,240.359375,1359.25
1767275343.250465,15,241.59375,1342.5
1767275343.250465,15,242.796875,1328.5
1767275343.250465,15,244.046875,1316.25
1767275343.250465,15,245.234375,1304.0
1767275343.250465,15,246.515625,1291.5
1767275343.250465,15,247.78125,1280.75
1767275343.250465,15,248.984375,1271.5
1767275343.250465,15,250.203125,1262.0
1767275343.250465,15,251.328125,1253.0
1767275343.250465,15,252.5625,1245.0
1767275343.250465,15,253.84375,1236.5
1767275343.250465,15,255.078125,1230.5
1767275343.250465,15,256.234375,1225.5
1767275343.250465,15,257.46875,1220.5
1767275343.250465,15,258.71875,1215.25
1767275343.250465,15,259.953125,1210.25
1767275343.250465,15,261.125,1206.25
1767275343.250465,15,262.421875,1202.5
1767275343.250465,15,263.578125,1200.25
1767275343.250465,15,264.84375,1198.5
1767275343.250465,15,266.046875,1196.25
1767275343.250465,15,267.234375,1194.75
1767275343.250465,15,268.484375,1195.25
1767275343.250465,15,269.703125,1196.0
1767275343.250465,15,270.921875,1197.5
1767275343.250465,15,272.171875,1198.75
1767275343.250465,15,273.390625,1200.0
1767275343.250465,15,274.53125,1202.5
1767275343.250465,15,275.828125,1205.25
1767275343.250465,15,277.03125,1208.0
1767275343.250465,15,278.25,1212.5
1767275343.250465,15,279.484375,1217.75
1767275343.250465,15,280.625,1221.75
1767275343.250465,15,281.890625,1225.75
1767275343.250465,15,283.09375,1231.25
1767275343.250465,15,284.296875,1238.0
1767275343.250465,15,285.484375,1247.25
1767275343.250465,15,286.6875,1256.5
1767275343.250465,15,287.953125,1264.25
1767275343.250465,15,289.125,1273.5
1767275343.250465,15,290.359375,1284.25
1767275343.250465,15,291.578125,1296.5
1767275343.250465,15,292.765625,1310.25
1767275343.250465,15,293.9375,1322.5
1767275343.250465,15,295.15625,1333.5
1767275343.250465,15,296.359375,1347.5
1767275343.250465,15,297.5625,1363.5
1767275343.250465,15,298.765625,1380.75
1767275343.250465,15,300.0,1399.75
1767275343.250465,15,301.25,1398.25
1767275343.250465,15,302.390625,1388.0
1767275343.250465,15,304.890625,1322.5
1767275343.250465,15,306.1875,1283.75
1767275343.250465,15,307.421875,1250.0
1767275343.250465,15,311.203125,1111.0
1767275343.250465,15,312.4375,1087.0
1767275343.250465,15,313.734375,1063.5
1767275343.250465,15,314.984375,1041.5
1767275343.250465,15,316.234375,1019.25
1767275343.250465,15,317.53125,999.0
1767275343.250465,15,318.671875,982.5
1767275343.250465,15,320.0,966.0
1767275343.250465,15,321.1875,950.25
1767275343.250465,15,322.515625,935.5
1767275343.250465,15,323.625,920.75
1767275343.250465,15,324.9375,908.0
1767275343.250465,15,326.109375,895.5
1767275343.250465,15,327.390625,883.25
1767275343.250465,15,328.59375,873.0
1767275343.250465,15,329.828125,863.75
1767275343.250465,15,331.046875,853.75
1767275343.250465,15,332.3125,842.75
1767275343.250465,15,333.53125,832.5
1767275343.250465,15,334.78125,824.5
1767275343.250465,15,335.9375,816.75
1767275343.250465,15,337.28125,808.5
1767275343.250465,15,338.53125,801.25
1767275343.250465,15,339.75,795.5
1767275343.250465,15,340.984375,790.0
1767275343.250465,15,342.171875,784.25
1767275343.250465,15,343.484375,779.25
1767275343.250465,15,344.546875,774.5
1767275343.250465,15,345.8125,770.25
1767275343.250465,15,347.15625,766.25
1767275343.250465,15,348.34375,762.75
1767275343.250465,15,349.46875,760.25
1767275343.250465,15,350.71875,757.25
1767275343.250465,15,352.046875,754.75
1767275343.4012496,15,353.109375,752.5
1767275343.4012496,15,354.359375,751.0
1767275343.4012496,15,355.59375,750.0
1767275343.4012496,15,356.84375,748.75
1767275343.4012496,15,359.265625,774.0
1767275343.4012496,15,0.484375,775.5
1767275343.4012496,15,1.609375,785.0
1767275343.4012496,15,2.8125,793.25
1767275343.4012496,15,3.96875,795.0
1767275343.4012496,15,5.234375,796.75
1767275343.4012496,15,6.40625,798.75
1767275343.4012496,15,7.703125,801.75
1767275343.4012496,15,8.796875,805.0
1767275343.4012496,15,10.078125,808.5
1767275343.4012496,15,11.296875,812.5
1767275343.4012496,15,12.59375,816.75
1767275343.4012496,15,13.71875,821.75
1767275343.4012496,15,14.984375,826.75
1767275343.4012496,15,16.234375,831.75
1767275343.4012496,15,17.359375,838.5
1767275343.4012496,15,18.53125,846.0
1767275343.4012496,15,19.78125,853.5
1767275343.4012496,15,21.015625,860.75
1767275343.4012496,15,22.171875,868.25
1767275343.4012496,15,23.484375,876.0
1767275343.4012496,15,24.59375,883.75
1767275343.4012496,15,25.875,892.75
1767275343.4012496,15,27.0625,902.75
1767275343.4012496,15,28.3125,912.0
1767275343.4012496,15,29.390625,922.5
1767275343.4012496,15,30.6875,935.0
1767275343.4012496,15,31.8125,946.5
1767275343.4012496,15,33.0625,958.75
1767275343.4012496,15,34.234375,972.75
1767275343.4012496,15,35.515625,986.25
1767275343.4012496,15,36.609375,1000.0
1767275343.4012496,15,37.8125,1015.75
1767275343.4012496,15,39.03125,1033.0
1767275343.4012496,15,40.203125,1051.0
1767275343.4012496,15,41.453125,1070.5
1767275343.4012496,15,46.171875,586.5
1767275343.4012496,15,47.421875,585.75
1767275343.4012496,15,48.703125,584.5
1767275343.4012496,15,49.96875,584.5
1767275343.4012496,15,51.171875,585.5
1767275343.4012496,15,52.3125,586.75
1767275343.4012496,15,53.5625,587.5
1767275343.4012496,15,54.671875,588.75
1767275343.4012496,15,55.875,590.5
1767275343.4012496,15,57.1875,592.0
1767275343.4012496,15,58.4375,593.0
1767275343.4012496,15,59.734375,594.0
1767275343.4012496,15,60.875,595.25
1767275343.4012496,15,62.03125,597.25
1767275343.4012496,15,63.203125,600.0
1767275343.4012496,15,64.46875,603.0
1767275343.4012496,15,65.53125,606.0
1767275343.4012496,15,66.890625,609.5
1767275343.4012496,15,68.078125,613.5
1767275343.4012496,15,69.1875,617.75
1767275343.4012496,15,70.375,622.5
1767275343.4012496,15,73.046875,1074.0
1767275343.4012496,15,74.28125,1068.0
1767275343.4012496,15,75.5,1062.25
1767275343.4012496,15,76.71875,1057.75
1767275343.4012496,15,77.984375,1052.25
1767275343.4012496,15,79.15625,1047.5
1767275343.4012496,15,80.453125,1045.0
1767275343.4012496,15,81.625,1042.0
1767275343.4012496,15,82.8125,1039.0
1767275343.4012496,15,84.046875,1037.75
1767275343.4012496,15,85.265625,1037.0
1767275343.4012496,15,86.453125,1036.75
1767275343.4012496,15,87.65625,1036.25
1767275343.4012496,15,88.859375,1035.25
1767275343.4012496,15,90.078125,1036.0
1767275343.4012496,15,91.328125,1037.0
1767275343.4012496,15,92.484375,1038.25
1767275343.4012496,15,93.703125,1040.75
1767275343.4012496,15,94.96875,1043.0
1767275343.4012496,15,96.15625,1044.75
1767275343.4012496,15,97.359375,1047.75
1767275343.4012496,15,98.609375,1052.5
1767275343.4012496,15,99.71875,1057.0
1767275343.4012496,15,100.921875,1061.25
1767275343.4012496,15,102.1875,1065.75
1767275343.4012496,15,103.453125,1070.75
1767275343.4012496,15,104.546875,1076.75
1767275343.4012496,15,105.796875,1082.75
1767275343.4012496,15,107.015625,1089.25
1767275343.4012496,15,108.203125,1096.75
1767275343.4012496,15,109.375,1104.0
1767275343.4012496,15,110.65625,1112.25
1767275343.4012496,15,111.8125,1120.25
1767275343.4012496,15,113.015625,1130.0
1767275343.4012496,15,114.21875,1141.0
1767275343.4012496,15,115.390625,1152.75
1767275343.4012496,15,116.625,1165.0
1767275343.4012496,15,117.796875,1176.5
1767275343.4012496,15,121.0,759.25
1767275343.4012496,15,122.171875,749.75
1767275343.4012496,15,123.453125,740.75
1767275343.4012496,15,124.578125,733.5
1767275343.4012496,15,125.8125,726.5
1767275343.4012496,15,127.0625,719.5
1767275343.4012496,15,128.34375,713.25
1767275343.4012496,15,129.546875,707.5
1767275343.4012496,15,130.890625,702.25
1767275343.4012496,15,131.984375,696.5
1767275343.4012496,15,133.234375,691.25
1767275343.4012496,15,134.375,687.0
1767275343.4012496,15,135.5625,684.0
1767275343.4012496,15,139.78125,1048.25
1767275343.4012496,15,143.40625,998.25
1767275343.4012496,15,144.65625,984.75
1767275343.4012496,15,145.921875,971.75
1767275343.4012496,15,147.09375,959.5
1767275343.4012496,15,148.390625,948.25
1767275343.4012496,15,149.625,935.75
1767275343.4012496,15,150.78125,925.5
1767275343.4012496,15,152.0,916.75
1767275343.4012496,15,153.328125,907.0
1767275343.4012496,15,154.484375,898.25
1767275343.4012496,15,155.84375,891.0
1767275343.4012496,15,156.96875,884.5
1767275343.4012496,15,158.28125,877.5
1767275343.4012496,15,159.4375,871.0
1767275343.4012496,15,160.703125,865.75
1767275343.4012496,15,161.828125,860.75
1767275343.4012496,15,163.078125,854.75
1767275343.4012496,15,164.296875,849.25
1767275343.4012496,15,165.640625,845.25
1767275343.4012496,15,166.828125,841.0
1767275343.4012496,15,168.03125,836.75
1767275343.4012496,15,169.25,833.0
1767275343.4012496,15,170.453125,829.5
1767275343.4012496,15,171.71875,827.75
1767275343.4012496,15,172.890625,825.5
1767275343.4012496,15,174.109375,823.75
1767275343.4012496,15,175.296875,823.25
1767275343.4012496,15,176.578125,822.5
1767275343.4012496,15,177.6875,822.5
1767275343.4012496,15,178.890625,823.25
1767275343.4012496,15,180.328125,823.5
1767275343.4012496,15,181.40625,824.5
1767275343.4012496,15,182.625,825.5
1767275343.4012496,15,183.859375,826.75
1767275343.4012496,15,185.171875,828.75
1767275343.4012496,15,186.234375,831.5
1767275343.4012496,15,187.515625,834.5
1767275343.4012496,15,188.765625,837.75
1767275343.4012496,15,189.890625,842.0
1767275343.4012496,15,191.109375,845.75
1767275343.4012496,15,192.390625,850.5
1767275343.4012496,15,193.578125,855.75
1767275343.4012496,15,194.796875,861.0
1767275343.4012496,15,195.96875,866.5
1767275343.4012496,15,197.15625,871.5
1767275343.4012496,15,198.359375,877.0
1767275343.4012496,15,199.546875,883.75
1767275343.4012496,15,200.8125,891.0
1767275343.4012496,15,202.0,897.5
1767275343.4012496,15,203.21875,905.5
1767275343.4012496,15,204.484375,914.75
1767275343.4012496,15,205.6875,923.25
1767275343.4012496,15,206.859375,933.0
1767275343.4012496,15,208.046875,944.25
1767275343.4012496,15,209.234375,954.5
1767275343.4012496,15,210.453125,965.5
1767275343.4012496,15,211.609375,978.5
1767275343.4012496,15,212.84375,990.75
1767275343.4012496,15,214.046875,1004.0
1767275343.4012496,15,215.25,1020.0
1767275343.4012496,15,216.484375,1036.5
1767275343.4012496,15,217.671875,1051.75
1767275343.4012496,15,218.828125,1069.5
1767275343.4012496,15,220.0625,1089.25
1767275343.4012496,15,221.171875,1108.75
1767275343.4012496,15,222.4375,1130.0
1767275343.4012496,15,223.640625,1151.5
1767275343.4012496,15,226.578125,792.5
1767275343.4012496,15,227.859375,794.0
1767275343.4012496,15,229.0625,796.0
1767275343.4012496,15,230.265625,799.0
1767275343.4012496,15,231.515625,802.0
1767275343.4012496,15,232.65625,805.5
1767275343.4012496,15,235.515625,1436.0
1767275343.4012496,15,236.71875,1415.75
1767275343.4012496,15,237.984375,1397.5
1767275343.4012496,15,239.25,1377.75
1767275343.4012496,15,240.453125,1358.0
1767275343.4012496,15,241.65625,1340.25
1767275343.4012496,15,242.890625,1327.5
1767275343.4012496,15,244.125,1316.25
1767275343.4012496,15,245.34375,1303.5
1767275343.4012496,15,246.5625,1291.0
1767275343.4012496,15,247.84375,1280.5
1767275343.4012496,15,249.0,1271.5
1767275343.4012496,15,250.265625,1262.0
1767275343.4012496,15,251.484375,1253.25
1767275343.4012496,15,252.703125,1245.0
1767275343.4012496,15,253.921875,1236.5
1767275343.4012496,15,255.109375,1230.0
1767275343.4012496,15,256.328125,1224.25
1767275343.4012496,15,257.546875,1219.75
1767275343.4012496,15,258.75,1215.25
1767275343.4012496,15,260.0,1210.5
1767275343.4012496,15,261.21875,1206.25
1767275343.4012496,15,262.46875,1202.75
1767275343.4012496,15,263.671875,1200.25
1767275343.4012496,15,264.90625,1198.25
1767275343.4012496,15,266.046875,1196.75
1767275343.4012496,15,267.25,1195.5
1767275343.4012496,15,268.46875,1194.75
1767275343.4012496,15,269.6875,1196.0
1767275343.4012496,15,270.921875,1197.75
1767275343.4012496,15,272.1875,1198.75
1767275343.4012496,15,273.390625,1200.0
1767275343.4012496,15,274.609375,1202.5
1767275343.4012496,15,275.75,1205.5
1767275343.4012496,15,277.0,1208.25
1767275343.4012496,15,278.125,1212.25
1767275343.4012496,15,279.3125,1217.5
1767275343.4012496,15,280.53125,1221.25
1767275343.4012496,15,281.796875,1225.5
1767275343.4012496,15,282.953125,1231.25
1767275343.4012496,15,284.21875,1237.75
1767275343.4012496,15,285.375,1246.0
1767275343.4012496,15,286.578125,1255.25
1767275343.4012496,15,287.765625,1264.0
1767275343.4012496,15,289.0,1273.0
1767275343.4012496,15,290.234375,1283.25
1767275343.4012496,15,291.390625,1294.75
1767275343.4012496,15,292.65625,1308.75
1767275343.4012496,15,293.859375,1321.0
1767275343.4012496,15,295.015625,1332.25
1767275343.4012496,15,296.21875,1347.25
1767275343.4012496,15,297.4375,1362.0
1767275343.4012496,15,298.609375,1378.5
1767275343.4012496,15,299.8125,1398.25
1767275343.4012496,15,302.25,1374.0
1767275343.4012496,15,303.546875,1369.0
1767275343.4012496,15,304.78125,1329.0
1767275343.4012496,15,307.28125,1254.0
1767275343.4012496,15,311.046875,1113.75
1767275343.4012496,15,312.265625,1089.5
1767275343.4012496,15,313.53125,1066.0
1767275343.4012496,15,314.796875,1043.75
1767275343.4012496,15,315.984375,1023.5
1767275343.4012496,15,317.203125,1004.25
1767275343.4012496,15,318.484375,985.5
1767275343.4012496,15,319.671875,967.75
1767275343.4012496,15,321.0,951.75
1767275343.4012496,15,322.265625,937.25
1767275343.4012496,15,323.390625,923.0
1767275343.4012496,15,324.671875,909.0
1767275343.4012496,15,325.90625,896.5
1767275343.4012496,15,327.1875,885.25
1767275343.4012496,15,328.40625,875.75
1767275343.4012496,15,329.625,865.5
1767275343.4012496,15,330.8125,855.0
1767275343.4012496,15,332.0625,844.75
1767275343.4012496,15,333.28125,834.25
1767275343.4012496,15,334.484375,824.75
1767275343.4012496,15,335.78125,817.0
1767275343.4012496,15,336.953125,809.25
1767275343.4012496,15,338.25,802.0
1767275343.4012496,15,339.515625,796.0
1767275343.4012496,15,340.71875,790.75
1767275343.4012496,15,342.0,785.25
1767275343.4012496,15,343.109375,780.0
1767275343.4012496,15,344.359375,775.25
1767275343.4012496,15,345.546875,770.25
1767275343.4012496,15,346.828125,766.75
1767275343.4012496,15,348.078125,763.5
1767275343.4012496,15,349.234375,760.5
1767275343.4012496,15,350.53125,757.75
1767275343.4012496,15,351.734375,755.0
1767275343.5529866,15,353.03125,752.25
1767275343.5529866,15,354.234375,751.25
1767275343.5529866,15,355.359375,750.5
1767275343.5529866,15,356.53125,749.25
1767275343.5529866,15,359.0625,775.25
1767275343.5529866,15,0.171875,774.5
1767275343.5529866,15,1.359375,783.75
1767275343.5529866,15,2.640625,793.25
1767275343.5529866,15,3.859375,794.75
1767275343.5529866,15,5.0625,796.5
1767275343.5529866,15,6.1875,798.25
1767275343.5529866,15,7.359375,800.5
1767275343.5529866,15,8.640625,803.5
1767275343.5529866,15,9.875,808.0
1767275343.5529866,15,11.125,812.5
1767275343.5529866,15,12.234375,816.0
1767275343.5529866,15,13.46875,820.25
1767275343.5529866,15,14.65625,825.0
1767275343.5529866,15,15.828125,830.75
1767275343.5529866,15,17.0,837.0
1767275343.5529866,15,18.25,843.75
1767275343.5529866,15,19.53125,852.0
1767275343.5529866,15,20.65625,859.75
1767275343.5529866,15,21.875,866.75
1767275343.5529866,15,23.03125,874.0
1767275343.5529866,15,24.203125,881.5
1767275343.5529866,15,25.484375,890.25
1767275343.5529866,15,26.625,899.25
1767275343.5529866,15,27.8125,908.5
1767275343.5529866,15,29.125,918.75
1767275343.5529866,15,30.3125,929.5
1767275343.5529866,15,31.453125,942.25
1767275343.5529866,15,32.625,955.25
1767275343.5529866,15,33.78125,967.5
1767275343.5529866,15,35.015625,980.5
1767275343.5529866,15,36.25,994.25
1767275343.5529866,15,37.546875,1010.0
1767275343.5529866,15,38.71875,1027.75
1767275343.5529866,15,39.875,1045.25
1767275343.5529866,15,41.09375,1063.75
1767275343.5529866,15,42.296875,1084.25
1767275343.5529866,15,45.796875,587.25
1767275343.5529866,15,47.09375,585.75
1767275343.5529866,15,48.328125,585.0
1767275343.5529866,15,49.46875,585.0
1767275343.5529866,15,50.859375,585.25
1767275343.5529866,15,51.875,585.75
1767275343.5529866,15,53.234375,586.5
1767275343.5529866,15,54.453125,587.75
1767275343.5529866,15,55.5,589.0
1767275343.5529866,15,56.890625,591.25
1767275343.5529866,15,58.078125,592.75
1767275343.5529866,15,59.203125,593.75
1767275343.5529866,15,60.546875,595.0
1767275343.5529866,15,61.578125,596.75
1767275343.5529866,15,62.828125,599.25
1767275343.5529866,15,64.171875,602.0
1767275343.5529866,15,65.25,605.0
1767275343.5529866,15,66.421875,608.5
1767275343.5529866,15,67.625,612.5
1767275343.5529866,15,68.921875,616.75
1767275343.5529866,15,70.125,621.25
1767275343.5529866,15,72.71875,1075.25
1767275343.5529866,15,74.03125,1069.0
1767275343.5529866,15,75.171875,1063.25
1767275343.5529866,15,76.453125,1058.5
1767275343.5529866,15,77.65625,1053.0
1767275343.5529866,15,78.84375,1047.75
1767275343.5529866,15,80.09375,1044.75
1767275343.5529866,15,81.28125,1043.0
1767275343.5529866,15,82.578125,1041.25
1767275343.5529866,15,83.734375,1038.5
1767275343.5529866,15,85.015625,1036.75
1767275343.5529866,15,86.203125,1036.0
1767275343.5529866,15,87.421875,1035.5
1767275343.5529866,15,88.671875,1036.25
1767275343.5529866,15,89.796875,1036.75
1767275343.5529866,15,91.09375,1037.25
1767275343.5529866,15,92.234375,1038.75
1767275343.5529866,15,93.4375,1040.75
1767275343.5529866,15,94.71875,1042.5
1767275343.5529866,15,95.90625,1044.25
1767275343.5529866,15,97.171875,1047.5
1767275343.5529866,15,98.296875,1051.25
1767275343.5529866,15,99.5625,1055.25
1767275343.5529866,15,100.765625,1060.0
1767275343.5529866,15,101.96875,1064.25
1767275343.5529866,15,103.234375,1069.25
1767275343.5529866,15,104.40625,1076.25
1767275343.5529866,15,105.578125,1082.0
1767275343.5529866,15,106.875,1087.75
1767275343.5529866,15,107.984375,1095.0
1767275343.5529866,15,109.15625,1102.75
1767275343.5529866,15,110.359375,1111.0
1767275343.5529866,15,111.59375,1119.5
1767275343.5529866,15,112.8125,1128.0
1767275343.5529866,15,113.953125,1137.75
1767275343.5529866,15,115.1875,1150.25
1767275343.5529866,15,116.40625,1162.5
1767275343.5529866,15,117.59375,1173.75
1767275343.5529866,15,120.75,760.5
1767275343.5529866,15,121.953125,751.25
1767275343.5529866,15,123.21875,741.75
1767275343.5529866,15,124.328125,734.75
1767275343.5529866,15,125.75,728.0
1767275343.5529866,15,126.90625,720.5
1767275343.5529866,15,128.046875,714.5
1767275343.5529866,15,129.40625,708.75
1767275343.5529866,15,130.625,702.5
1767275343.5529866,15,131.875,697.0
1767275343.5529866,15,133.03125,692.25
1767275343.5529866,15,134.15625,688.0
1767275343.5529866,15,135.453125,684.5
1767275343.5529866,15,139.625,1050.0
1767275343.5529866,15,143.34375,1000.0
1767275343.5529866,15,144.546875,986.25
1767275343.5529866,15,145.765625,974.75
1767275343.5529866,15,146.984375,962.0
1767275343.5529866,15,148.21875,949.75
1767275343.5529866,15,149.46875,937.5
1767275343.5529866,15,150.640625,926.75
1767275343.5529866,15,151.90625,917.25
1767275343.5529866,15,153.171875,907.75
1767275343.5529866,15,154.3125,898.75
1767275343.5529866,15,155.640625,891.25
1767275343.5529866,15,156.921875,884.75
1767275343.5529866,15,158.125,878.25
1767275343.5529866,15,159.390625,872.0
1767275343.5529866,15,160.578125,866.25
1767275343.5529866,15,161.8125,860.75
1767275343.5529866,15,163.03125,855.25
1767275343.5529866,15,164.21875,850.0
1767275343.5529866,15,165.4375,845.5
1767275343.5529866,15,166.65625,841.0
1767275343.5529866,15,167.953125,836.5
1767275343.5529866,15,169.078125,833.0
1767275343.5529866,15,170.328125,829.75
1767275343.5529866,15,171.515625,827.5
1767275343.5529866,15,172.859375,825.75
1767275343.5529866,15,173.96875,824.0
1767275343.5529866,15,175.1875,822.75
1767275343.5529866,15,176.4375,822.5
1767275343.5529866,15,177.671875,822.75
1767275343.5529866,15,178.859375,823.25
1767275343.5529866,15,180.171875,823.75
1767275343.5529866,15,181.40625,824.5
1767275343.5529866,15,182.65625,825.5
1767275343.5529866,15,183.796875,826.75
1767275343.5529866,15,185.078125,828.5
1767275343.5529866,15,186.28125,831.5
1767275343.5529866,15,187.484375,834.5
1767275343.5529866,15,188.6875,837.25
1767275343.5529866,15,189.984375,841.5
1767275343.5529866,15,191.15625,845.75
1767275343.5529866,15,192.28125,850.5
1767275343.5529866,15,193.484375,855.75
1767275343.5529866,15,194.796875,860.75
1767275343.5529866,15,195.96875,866.0
1767275343.5529866,15,197.171875,871.0
1767275343.5529866,15,198.421875,876.5
1767275343.5529866,15,199.625,883.25
1767275343.5529866,15,200.765625,890.75
1767275343.5529866,15,202.0625,897.5
1767275343.5529866,15,203.1875,905.25
1767275343.5529866,15,204.453125,914.5
1767275343.5529866,15,205.71875,923.0
1767275343.5529866,15,206.84375,933.0
1767275343.5529866,15,208.109375,944.5
1767275343.5529866,15,209.328125,954.75
1767275343.5529866,15,210.4375,965.75
1767275343.5529866,15,211.75,978.5
1767275343.5529866,15,212.859375,991.75
1767275343.5529866,15,214.0625,1005.25
1767275343.5529866,15,215.3125,1020.0
1767275343.5529866,15,216.546875,1036.25
1767275343.5529866,15,217.640625,1052.75
1767275343.5529866,15,218.90625,1071.0
1767275343.5529866,15,220.046875,1090.0
1767275343.5529866,15,221.234375,1109.0
1767275343.5529866,15,222.453125,1129.75
1767275343.5529866,15,223.671875,1155.0
1767275343.5529866,15,226.71875,792.75
1767275343.5529866,15,227.921875,793.75
1767275343.5529866,15,229.15625,796.0
1767275343.5529866,15,230.296875,799.0
1767275343.5529866,15,231.59375,801.75
1767275343.5529866,15,232.765625,807.25
1767275343.5529866,15,235.640625,1430.0
1767275343.5529866,15,236.875,1414.5
1767275343.5529866,15,238.171875,1395.75
1767275343.5529866,15,239.390625,1373.75
1767275343.5529866,15,240.65625,1354.0
1767275343.5529866,15,241.828125,1338.25
1767275343.5529866,15,243.109375,1325.75
1767275343.5529866,15,244.34375,1312.75
1767275343.5529866,15,245.578125,1300.25
1767275343.5529866,15,246.796875,1289.0
1767275343.5529866,15,248.0,1278.25
1767275343.5529866,15,249.21875,1269.0
1767275343.5529866,15,250.484375,1260.5
1767275343.5529866,15,251.671875,1251.25
1767275343.5529866,15,252.90625,1242.5
1767275343.5529866,15,254.140625,1235.0
1767275343.5529866,15,255.34375,1228.75
1767275343.5529866,15,256.578125,1224.5
1767275343.5529866,15,257.828125,1218.75
1767275343.5529866,15,259.09375,1213.0
1767275343.5529866,15,260.28125,1209.25
1767275343.5529866,15,261.484375,1206.0
1767275343.5529866,15,262.734375,1202.5
1767275343.5529866,15,263.984375,1199.5
1767275343.5529866,15,265.1875,1197.75
1767275343.5529866,15,266.421875,1196.5
1767275343.5529866,15,267.6875,1195.75
1767275343.5529866,15,268.90625,1195.5
1767275343.5529866,15,270.109375,1196.0
1767275343.5529866,15,271.34375,1197.25
1767275343.5529866,15,272.515625,1199.5
1767275343.5529866,15,273.734375,1201.5
1767275343.5529866,15,275.0,1203.75
1767275343.5529866,15,276.046875,1205.75
1767275343.5529866,15,277.265625,1209.25
1767275343.5529866,15,278.53125,1214.25
1767275343.5529866,15,279.75,1218.0
1767275343.5529866,15,280.96875,1223.0
1767275343.5529866,15,282.171875,1227.75
1767275343.5529866,15,283.34375,1233.25
1767275343.5529866,15,284.5625,1240.25
1767275343.5529866,15,285.796875,1248.25
1767275343.5529866,15,287.03125,1257.5
1767275343.5529866,15,288.171875,1267.0
1767275343.5529866,15,289.390625,1277.5
1767275343.5529866,15,290.625,1288.0
1767275343.5529866,15,291.859375,1299.0
1767275343.5529866,15,293.0,1312.25
1767275343.5529866,15,294.21875,1325.75
1767275343.5529866,15,295.46875,1337.25
1767275343.5529866,15,296.6875,1350.25
1767275343.5529866,15,297.859375,1368.0
1767275343.5529866,15,299.0625,1386.25
1767275343.5529866,15,300.203125,1403.0
1767275343.5529866,15,303.90625,1356.0
1767275343.5529866,15,305.21875,1318.0
1767275343.5529866,15,306.484375,1280.0
1767275343.5529866,15,307.640625,1243.75
1767275343.5529866,15,310.203125,1132.5
1767275343.5529866,15,311.515625,1105.5
1767275343.5529866,15,312.78125,1081.25
1767275343.5529866,15,314.03125,1056.75
1767275343.5529866,15,315.203125,1036.5
1767275343.5529866,15,316.515625,1016.0
1767275343.5529866,15,317.734375,995.0
1767275343.5529866,15,318.953125,977.75
1767275343.5529866,15,320.140625,962.5
1767275343.5529866,15,321.40625,947.75
1767275343.5529866,15,322.671875,933.5
1767275343.5529866,15,323.921875,919.25
1767275343.5529866,15,325.203125,904.75
1767275343.5529866,15,326.46875,892.25
1767275343.5529866,15,327.640625,881.0
1767275343.5529866,15,328.890625,870.5
1767275343.5529866,15,330.21875,860.0
1767275343.5529866,15,331.421875,850.0
1767275343.5529866,15,332.53125,840.75
1767275343.5529866,15,333.859375,830.5
1767275343.5529866,15,335.03125,821.75
1767275343.5529866,15,336.25,814.5
1767275343.5529866,15,337.640625,806.75
1767275343.5529866,15,338.8125,799.25
1767275343.5529866,15,340.015625,793.25
1767275343.5529866,15,341.203125,787.75
1767275343.5529866,15,342.453125,783.0
1767275343.5529866,15,343.734375,778.25
1767275343.5529866,15,344.890625,773.25
1767275343.5529866,15,346.171875,769.0
1767275343.5529866,15,347.328125,765.5
1767275343.5529866,15,348.6875,762.0
1767275343.5529866,15,350.03125,758.75
1767275343.5529866,15,351.171875,755.75
1767275343.7034638,15,352.453125,753.25
1767275343.7034638,15,353.6875,751.5
1767275343.7034638,15,354.9375,750.5
1767275343.7034638,15,356.140625,749.0
1767275343.7034638,15,357.359375,743.0
1767275343.7034638,15,359.609375,774.0
1767275343.7034638,15,0.84375,782.0
1767275343.7034638,15,2.078125,791.25
1767275343.7034638,15,3.328125,794.0
1767275343.7034638,15,4.53125,795.75
1767275343.7034638,15,5.78125,797.25
1767275343.7034638,15,6.890625,799.5
1767275343.7034638,15,8.125,802.5
1767275343.7034638,15,9.359375,806.5
1767275343.7034638,15,10.65625,810.5
1767275343.7034638,15,11.796875,814.25
1767275343.7034638,15,12.96875,818.25
1767275343.7034638,15,14.171875,822.75
1767275343.7034638,15,15.421875,828.0
1767275343.7034638,15,16.578125,834.0
1767275343.7034638,15,17.921875,841.0
1767275343.7034638,15,19.125,848.0
1767275343.7034638,15,20.25,855.5
1767275343.7034638,15,21.5,863.5
1767275343.7034638,15,22.609375,871.25
1767275343.7034638,15,23.828125,879.25
1767275343.7034638,15,25.125,887.5
1767275343.7034638,15,26.359375,896.0
1767275343.7034638,15,27.453125,905.75
1767275343.7034638,15,28.703125,916.25
1767275343.7034638,15,29.859375,927.25
1767275343.7034638,15,31.15625,939.25
1767275343.7034638,15,32.328125,951.25
1767275343.7034638,15,33.46875,963.5
1767275343.7034638,15,34.71875,977.5
1767275343.7034638,15,35.984375,991.0
1767275343.7034638,15,37.125,1005.0
1767275343.7034638,15,38.359375,1022.0
1767275343.7034638,15,39.5,1040.25
1767275343.7034638,15,40.765625,1059.0
1767275343.7034638,15,41.953125,1078.25
1767275343.7034638,15,45.59375,586.75
1767275343.7034638,15,46.71875,586.0
1767275343.7034638,15,47.875,585.25
1767275343.7034638,15,49.203125,585.25
1767275343.7034638,15,50.359375,585.25
1767275343.7034638,15,51.71875,585.75
1767275343.7034638,15,52.859375,586.5
1767275343.7034638,15,54.125,587.5
1767275343.7034638,15,55.1875,589.25
1767275343.7034638,15,56.46875,590.75
1767275343.7034638,15,57.65625,592.25
1767275343.7034638,15,59.0,593.5
1767275343.7034638,15,60.125,594.5
1767275343.7034638,15,61.25,596.5
1767275343.7034638,15,62.5625,598.75
1767275343.7034638,15,63.828125,601.25
1767275343.7034638,15,65.046875,604.5
1767275343.7034638,15,66.09375,607.5
1767275343.7034638,15,67.484375,611.75
1767275343.7034638,15,68.625,616.25
1767275343.7034638,15,69.796875,620.75
1767275343.7034638,15,72.4375,1077.25
1767275343.7034638,15,73.65625,1070.75
1767275343.7034638,15,74.890625,1064.75
1767275343.7034638,15,76.203125,1060.25
1767275343.7034638,15,77.453125,1055.25
1767275343.7034638,15,78.65625,1049.75
1767275343.7034638,15,79.796875,1046.0
1767275343.7034638,15,81.015625,1043.25
1767275343.7034638,15,82.234375,1041.0
1767275343.7034638,15,83.5,1039.5
1767275343.7034638,15,84.6875,1038.25
1767275343.7034638,15,86.0,1036.5
1767275343.7034638,15,87.125,1035.5
1767275343.7034638,15,88.34375,1035.25
1767275343.7034638,15,89.53125,1035.75
1767275343.7034638,15,90.8125,1037.25
1767275343.7034638,15,91.984375,1038.0
1767275343.7034638,15,93.25,1040.0
1767275343.7034638,15,94.4375,1041.75
1767275343.7034638,15,95.640625,1043.75
1767275343.7034638,15,96.9375,1046.75
1767275343.7034638,15,98.140625,1050.25
1767275343.7034638,15,99.375,1054.75
1767275343.7034638,15,100.515625,1060.0
1767275343.7034638,15,101.765625,1063.75
1767275343.7034638,15,102.984375,1068.75
1767275343.7034638,15,104.21875,1074.25
1767275343.7034638,15,105.328125,1080.5
1767275343.7034638,15,106.578125,1087.25
1767275343.7034638,15,107.734375,1093.5
1767275343.7034638,15,108.953125,1101.0
1767275343.7034638,15,110.109375,1109.5
1767275343.7034638,15,111.359375,1117.0
1767275343.7034638,15,112.5625,1126.25
1767275343.7034638,15,113.78125,1136.5
1767275343.7034638,15,114.953125,1148.5
1767275343.7034638,15,116.171875,1160.75
1767275343.7034638,15,117.3125,1171.5
1767275343.7034638,15,120.53125,761.5
1767275343.7034638,15,121.703125,752.5
1767275343.7034638,15,122.96875,744.0
1767275343.7034638,15,124.265625,736.5
1767275343.7034638,15,125.53125,728.75
1767275343.7034638,15,126.6875,721.25
1767275343.7034638,15,127.859375,715.0
1767275343.7034638,15,129.109375,709.25
1767275343.7034638,15,130.328125,703.25
1767275343.7034638,15,131.65625,697.75
1767275343.7034638,15,132.796875,693.0
1767275343.7034638,15,134.046875,688.5
1767275343.7034638,15,135.28125,685.0
1767275343.7034638,15,136.375,682.5
1767275343.7034638,15,143.109375,1002.75
1767275343.7034638,15,144.296875,988.75
1767275343.7034638,15,145.578125,976.25
1767275343.7034638,15,146.8125,963.25
1767275343.7034638,15,148.015625,952.0
1767275343.7034638,15,149.28125,940.5
1767275343.7034638,15,150.4375,929.0
1767275343.7034638,15,151.703125,918.5
1767275343.7034638,15,152.875,909.25
1767275343.7034638,15,154.203125,901.75
1767275343.7034638,15,155.390625,893.75
1767275343.7034638,15,156.625,886.0
1767275343.7034638,15,157.84375,879.0
1767275343.7034638,15,159.140625,873.0
1767275343.7034638,15,160.3125,867.25
1767275343.7034638,15,161.53125,861.0
1767275343.7034638,15,162.84375,855.5
1767275343.7034638,15,164.125,851.0
1767275343.7034638,15,165.28125,846.5
1767275343.7034638,15,166.453125,841.25
1767275343.7034638,15,167.6875,837.0
1767275343.7034638,15,168.890625,833.5
1767275343.7034638,15,170.25,830.0
1767275343.7034638,15,171.359375,827.75
1767275343.7034638,15,172.609375,826.25
1767275343.7034638,15,173.875,824.25
1767275343.7034638,15,175.078125,823.0
1767275343.7034638,15,176.21875,822.5
1767275343.7034638,15,177.453125,822.75
1767275343.7034638,15,178.765625,823.25
1767275343.7034638,15,180.0,823.5
1767275343.7034638,15,181.171875,824.25
1767275343.7034638,15,182.328125,824.5
1767275343.7034638,15,183.53125,825.75
1767275343.7034638,15,184.75,827.75
1767275343.7034638,15,186.015625,830.75
1767275343.7034638,15,187.171875,833.75
1767275343.7034638,15,188.375,836.75
1767275343.7034638,15,189.640625,840.75
1767275343.7034638,15,190.8125,845.5
1767275343.7034638,15,192.09375,849.5
1767275343.7034638,15,193.203125,853.75
1767275343.7034638,15,194.515625,858.5
1767275343.7034638,15,195.671875,863.5
1767275343.7034638,15,196.890625,869.75
1767275343.7034638,15,198.0625,875.0
1767275343.7034638,15,199.328125,881.0
1767275343.7034638,15,200.578125,888.0
1767275343.7034638,15,201.765625,895.25
1767275343.7034638,15,202.9375,904.0
1767275343.7034638,15,204.125,912.25
1767275343.7034638,15,205.375,920.0
1767275343.7034638,15,206.625,930.0
1767275343.7034638,15,207.75,941.5
1767275343.7034638,15,208.96875,952.75
1767275343.7034638,15,210.171875,963.5
1767275343.7034638,15,211.4375,976.0
1767275343.7034638,15,212.609375,988.75
1767275343.7034638,15,213.71875,1001.75
1767275343.7034638,15,214.984375,1016.25
1767275343.7034638,15,216.125,1032.25
1767275343.7034638,15,217.40625,1048.75
1767275343.7034638,15,218.609375,1066.0
1767275343.7034638,15,219.765625,1084.75
1767275343.7034638,15,220.984375,1104.0
1767275343.7034638,15,222.203125,1124.5
1767275343.7034638,15,223.296875,1146.75
1767275343.7034638,15,226.4375,793.0
1767275343.7034638,15,227.609375,794.25
1767275343.7034638,15,228.875,795.5
1767275343.7034638,15,230.03125,798.25
1767275343.7034638,15,231.21875,801.5
1767275343.7034638,15,232.5625,805.0
1767275343.7034638,15,236.625,1418.25
1767275343.7034638,15,237.875,1398.75
1767275343.7034638,15,239.03125,1378.25
1767275343.7034638,15,240.296875,1359.5
1767275343.7034638,15,241.59375,1342.5
1767275343.7034638,15,242.78125,1328.5
1767275343.7034638,15,244.046875,1316.0
1767275343.7034638,15,245.265625,1303.5
1767275343.7034638,15,246.46875,1291.5
1767275343.7034638,15,247.703125,1280.75
1767275343.7034638,15,248.984375,1271.5
1767275343.7034638,15,250.1875,1262.5
1767275343.7034638,15,251.4375,1253.75
1767275343.7034638,15,252.625,1244.5
1767275343.7034638,15,253.859375,1236.25
1767275343.7034638,15,255.109375,1230.25
1767275343.7034638,15,256.34375,1225.0
1767275343.7034638,15,257.578125,1220.25
1767275343.7034638,15,258.75,1215.25
1767275343.7034638,15,260.015625,1210.75
1767275343.7034638,15,261.203125,1206.25
1767275343.7034638,15,262.421875,1202.75
1767275343.7034638,15,263.640625,1200.5
1767275343.7034638,15,264.90625,1198.0
1767275343.7034638,15,266.171875,1196.5
1767275343.7034638,15,267.375,1195.5
1767275343.7034638,15,268.53125,1195.0
1767275343.7034638,15,269.75,1196.0
1767275343.7034638,15,271.03125,1197.75
1767275343.7034638,15,272.25,1199.25
1767275343.7034638,15,273.4375,1200.5
1767275343.7034638,15,274.625,1202.5
1767275343.7034638,15,275.78125,1205.0
1767275343.7034638,15,277.0625,1208.0
1767275343.7034638,15,278.203125,1212.25
1767275343.7034638,15,279.46875,1217.75
1767275343.7034638,15,280.65625,1221.75
1767275343.7034638,15,281.828125,1225.75
1767275343.7034638,15,283.03125,1231.25
1767275343.7034638,15,284.28125,1238.0
1767275343.7034638,15,285.484375,1247.0
1767275343.7034638,15,286.6875,1256.5
1767275343.7034638,15,287.875,1264.25
1767275343.7034638,15,289.140625,1273.25
1767275343.7034638,15,290.359375,1284.25
1767275343.7034638,15,291.546875,1295.5
1767275343.7034638,15,292.71875,1308.75
1767275343.7034638,15,293.96875,1322.0
1767275343.7034638,15,295.125,1333.5
1767275343.7034638,15,296.390625,1347.75
1767275343.7034638,15,297.546875,1363.5
1767275343.7034638,15,298.734375,1380.5
1767275343.7034638,15,299.984375,1399.5
1767275343.7034638,15,301.21875,1405.0
1767275343.7034638,15,302.421875,1392.0
1767275343.7034638,15,303.703125,1362.5
1767275343.7034638,15,304.984375,1322.5
1767275343.7034638,15,306.1875,1284.0
1767275343.7034638,15,307.4375,1249.75
1767275343.7034638,15,311.296875,1111.0
1767275343.7034638,15,312.578125,1087.0
1767275343.7034638,15,313.734375,1062.75
1767275343.7034638,15,315.0625,1040.75
1767275343.7034638,15,316.234375,1019.25
1767275343.7034638,15,317.546875,999.0
1767275343.7034638,15,318.765625,981.5
1767275343.7034638,15,319.96875,965.0
1767275343.7034638,15,321.21875,950.25
1767275343.7034638,15,322.46875,935.25
1767275343.7034638,15,323.71875,920.0
1767275343.7034638,15,324.953125,906.0
1767275343.7034638,15,326.171875,894.25
1767275343.7034638,15,327.46875,883.25
1767275343.7034638,15,328.671875,872.5
1767275343.7034638,15,330.0,862.75
1767275343.7034638,15,331.109375,853.25
1767275343.7034638,15,332.40625,842.5
1767275343.7034638,15,333.625,832.25
1767275343.7034638,15,334.96875,823.25
1767275343.7034638,15,336.046875,815.75
1767275343.7034638,15,337.3125,808.25
1767275343.7034638,15,338.640625,800.25
1767275343.7034638,15,339.828125,794.0
1767275343.7034638,15,341.109375,789.0
1767275343.7034638,15,342.359375,784.0
1767275343.7034638,15,343.484375,779.25
1767275343.7034638,15,344.828125,773.75
1767275343.7034638,15,345.90625,769.25
1767275343.7034638,15,347.15625,766.0
1767275343.7034638,15,348.390625,762.75
1767275343.7034638,15,349.609375,759.75
1767275343.7034638,15,350.84375,757.0
1767275343.7034638,15,352.1875,754.5
1767275343.8534055,15,353.40625,752.0
1767275343.8534055,15,354.5,750.0
1767275343.8534055,15,355.71875,749.0
1767275343.8534055,15,357.015625,748.75
1767275343.8534055,15,359.328125,774.0
1767275343.8534055,15,0.640625,776.25
1767275343.8534055,15,1.765625,786.25
1767275343.8534055,15,3.015625,794.25
1767275343.8534055,15,4.25,795.5
1767275343.8534055,15,5.484375,797.0
1767275343.8534055,15,6.640625,799.0
1767275343.8534055,15,7.921875,801.5
1767275343.8534055,15,9.078125,805.25
1767275343.8534055,15,10.3125,809.5
1767275343.8534055,15,11.484375,813.25
1767275343.8534055,15,12.703125,817.5
1767275343.8534055,15,13.859375,822.0
1767275343.8534055,15,15.046875,826.75
1767275343.8534055,15,16.28125,832.5
1767275343.8534055,15,17.46875,839.5
1767275343.8534055,15,18.734375,846.5
1767275343.8534055,15,19.859375,853.5
1767275343.8534055,15,21.171875,861.0
1767275343.8534055,15,22.328125,869.0
1767275343.8534055,15,23.46875,876.75
1767275343.8534055,15,24.6875,884.0
1767275343.8534055,15,25.875,892.75
1767275343.8534055,15,27.09375,903.25
1767275343.8534055,15,28.375,914.0
1767275343.8534055,15,29.578125,924.0
1767275343.8534055,15,30.65625,935.25
1767275343.8534055,15,31.859375,947.75
1767275343.8534055,15,33.109375,961.25
1767275343.8534055,15,34.28125,974.25
1767275343.8534055,15,35.640625,987.25
1767275343.8534055,15,36.78125,1002.0
1767275343.8534055,15,38.078125,1019.5
1767275343.8534055,15,39.21875,1036.75
1767275343.8534055,15,40.4375,1053.25
1767275343.8534055,15,41.703125,1073.75
1767275343.8534055,15,45.140625,586.5
1767275343.8534055,15,46.359375,586.0
1767275343.8534055,15,47.59375,585.25
1767275343.8534055,15,48.96875,584.25
1767275343.8534055,15,50.03125,584.25
1767275343.8534055,15,51.3125,585.75
1767275343.8534055,15,52.5,587.25
1767275343.8534055,15,53.78125,588.0
1767275343.8534055,15,54.90625,588.75
1767275343.8534055,15,56.21875,590.25
1767275343.8534055,15,57.421875,591.75
1767275343.8534055,15,58.75,593.25
1767275343.8534055,15,59.828125,595.5
1767275343.8534055,15,61.0625,597.5
1767275343.8534055,15,62.234375,598.75
1767275343.8534055,15,63.59375,600.75
1767275343.8534055,15,64.75,603.25
1767275343.8534055,15,66.046875,606.5
1767275343.8534055,15,67.28125,610.75
1767275343.8534055,15,68.46875,615.25
1767275343.8534055,15,69.6875,619.75
1767275343.8534055,15,74.78125,1065.5
1767275343.8534055,15,76.015625,1059.75
1767275343.8534055,15,77.203125,1055.0
1767275343.8534055,15,78.421875,1050.25
1767275343.8534055,15,79.6875,1046.75
1767275343.8534055,15,80.96875,1044.0
1767275343.8534055,15,82.1875,1041.0
1767275343.8534055,15,83.421875,1039.5
1767275343.8534055,15,84.46875,1038.25
1767275343.8534055,15,85.75,1037.5
1767275343.8534055,15,86.9375,1036.75
1767275343.8534055,15,88.1875,1035.75
1767275343.8534055,15,89.328125,1036.75
1767275343.8534055,15,90.5625,1037.0
1767275343.8534055,15,91.78125,1038.0
1767275343.8534055,15,93.078125,1040.25
1767275343.8534055,15,94.1875,1041.75
1767275343.8534055,15,95.421875,1043.5
1767275343.8534055,15,96.671875,1046.5
1767275343.8534055,15,97.859375,1049.5
1767275343.8534055,15,99.078125,1053.5
1767275343.8534055,15,100.265625,1058.75
1767275343.8534055,15,101.53125,1063.0
1767275343.8534055,15,102.78125,1067.0
1767275343.8534055,15,103.9375,1072.75
1767275343.8534055,15,105.171875,1079.25
1767275343.8534055,15,106.40625,1086.0
1767275343.8534055,15,107.515625,1093.0
1767275343.8534055,15,108.765625,1100.5
1767275343.8534055,15,109.953125,1108.25
1767275343.8534055,15,111.171875,1116.0
1767275343.8534055,15,112.359375,1123.5
1767275343.8534055,15,113.5625,1133.5
1767275343.8534055,15,114.734375,1146.25
1767275343.8534055,15,115.984375,1158.25
1767275343.8534055,15,117.203125,1170.75
1767275343.8534055,15,120.21875,759.5
1767275343.8534055,15,121.46875,754.5
1767275343.8534055,15,122.71875,746.0
1767275343.8534055,15,124.03125,737.5
1767275343.8534055,15,125.171875,729.5
1767275343.8534055,15,126.453125,721.5
1767275343.8534055,15,127.8125,715.5
1767275343.8534055,15,128.890625,710.0
1767275343.8534055,15,130.296875,703.25
1767275343.8534055,15,131.484375,697.75
1767275343.8534055,15,132.65625,693.25
1767275343.8534055,15,133.953125,689.0
1767275343.8534055,15,135.171875,685.75
1767275343.8534055,15,136.453125,683.0
1767275343.8534055,15,143.109375,1002.75
1767275343.8534055,15,144.265625,988.5
1767275343.8534055,15,145.515625,976.0
1767275343.8534055,15,146.71875,963.25
1767275343.8534055,15,147.984375,952.0
1767275343.8534055,15,149.28125,940.5
1767275343.8534055,15,150.5,929.0
1767275343.8534055,15,151.640625,918.75
1767275343.8534055,15,152.875,909.5
1767275343.8534055,15,154.140625,901.5
1767275343.8534055,15,155.4375,893.25
1767275343.8534055,15,156.65625,886.0
1767275343.8534055,15,157.953125,879.0
1767275343.8534055,15,159.140625,873.0
1767275343.8534055,15,160.359375,867.25
1767275343.8534055,15,161.625,861.0
1767275343.8534055,15,162.921875,855.5
1767275343.8534055,15,164.09375,851.0
1767275343.8534055,15,165.359375,846.5
1767275343.8534055,15,166.53125,841.25
1767275343.8534055,15,167.78125,837.0
1767275343.8534055,15,169.0625,833.5
1767275343.8534055,15,170.265625,829.75
1767275343.8534055,15,171.4375,827.5
1767275343.8534055,15,172.71875,826.25
1767275343.8534055,15,173.90625,824.25
1767275343.8534055,15,175.15625,823.0
1767275343.8534055,15,176.375,822.5
1767275343.8534055,15,177.609375,822.75
1767275343.8534055,15,178.796875,823.25
1767275343.8534055,15,179.96875,823.5
1767275343.8534055,15,181.203125,824.25
1767275343.8534055,15,182.375,824.75
1767275343.8534055,15,183.59375,826.0
1767275343.8534055,15,184.84375,828.0
1767275343.8534055,15,186.15625,830.75
1767275343.8534055,15,187.28125,833.75
1767275343.8534055,15,188.515625,837.25
1767275343.8534055,15,189.78125,841.5
1767275343.8534055,15,191.015625,845.75
1767275343.8534055,15,192.234375,849.75
1767275343.8534055,15,193.328125,854.0
1767275343.8534055,15,194.65625,859.25
1767275343.8534055,15,195.875,864.75
1767275343.8534055,15,197.0625,870.5
1767275343.8534055,15,198.15625,875.5
1767275343.8534055,15,199.359375,882.25
1767275343.8534055,15,200.609375,890.0
1767275343.8534055,15,201.90625,896.5
1767275343.8534055,15,203.09375,904.0
1767275343.8534055,15,204.375,912.75
1767275343.8534055,15,205.5625,921.5
1767275343.8534055,15,206.78125,931.25
1767275343.8534055,15,207.90625,943.0
1767275343.8534055,15,209.15625,954.0
1767275343.8534055,15,210.296875,964.25
1767275343.8534055,15,211.59375,977.0
1767275343.8534055,15,212.78125,990.0
1767275343.8534055,15,213.90625,1004.0
1767275343.8534055,15,215.125,1018.5
1767275343.8534055,15,216.34375,1034.75
1767275343.8534055,15,217.546875,1051.5
1767275343.8534055,15,218.8125,1069.0
1767275343.8534055,15,220.0,1089.25
1767275343.8534055,15,221.125,1107.5
1767275343.8534055,15,222.3125,1127.25
1767275343.8534055,15,223.59375,1150.25
1767275343.8534055,15,226.578125,792.25
1767275343.8534055,15,227.8125,793.75
1767275343.8534055,15,229.09375,796.0
1767275343.8534055,15,230.21875,799.0
1767275343.8534055,15,231.515625,801.75
1767275343.8534055,15,232.65625,806.75
1767275343.8534055,15,235.640625,1431.75
1767275343.8534055,15,236.875,1415.5
1767275343.8534055,15,238.09375,1396.0
1767275343.8534055,15,239.359375,1374.25
1767275343.8534055,15,240.625,1354.25
1767275343.8534055,15,241.8125,1338.75
1767275343.8534055,15,243.046875,1326.5
1767275343.8534055,15,244.28125,1313.0
1767275343.8534055,15,245.53125,1300.5
1767275343.8534055,15,246.8125,1289.25
1767275343.8534055,15,247.96875,1278.5
1767275343.8534055,15,249.21875,1269.0
1767275343.8534055,15,250.484375,1260.75
1767275343.8534055,15,251.671875,1251.25
1767275343.8534055,15,252.921875,1242.5
1767275343.8534055,15,254.171875,1235.0
1767275343.8534055,15,255.390625,1228.5
1767275343.8534055,15,256.5625,1224.25
1767275343.8534055,15,257.8125,1218.75
1767275343.8534055,15,259.015625,1213.25
1767275343.8534055,15,260.296875,1209.5
1767275343.8534055,15,261.484375,1206.0
1767275343.8534055,15,262.796875,1202.5
1767275343.8534055,15,264.015625,1199.25
1767275343.8534055,15,265.1875,1197.5
1767275343.8534055,15,266.4375,1196.5
1767275343.8534055,15,267.625,1195.75
1767275343.8534055,15,268.84375,1195.5
1767275343.8534055,15,270.125,1195.5
1767275343.8534055,15,271.359375,1197.25
1767275343.8534055,15,272.5625,1199.5
1767275343.8534055,15,273.734375,1201.5
1767275343.8534055,15,274.96875,1203.75
1767275343.8534055,15,276.109375,1205.75
1767275343.8534055,15,277.375,1209.25
1767275343.8534055,15,278.5625,1214.25
1767275343.8534055,15,279.828125,1218.5
1767275343.8534055,15,280.953125,1223.5
1767275343.8534055,15,282.203125,1228.25
1767275343.8534055,15,283.4375,1233.25
1767275343.8534055,15,284.671875,1240.25
1767275343.8534055,15,285.828125,1249.0
1767275343.8534055,15,287.09375,1258.25
1767275343.8534055,15,288.296875,1267.0
1767275343.8534055,15,289.484375,1277.75
1767275343.8534055,15,290.734375,1289.0
1767275343.8534055,15,291.890625,1300.0
1767275343.8534055,15,293.125,1312.25
1767275343.8534055,15,294.3125,1325.75
1767275343.8534055,15,295.53125,1337.5
1767275343.8534055,15,296.75,1352.75
1767275343.8534055,15,297.984375,1370.25
1767275343.8534055,15,299.25,1387.5
1767275343.8534055,15,300.390625,1405.5
1767275343.8534055,15,301.625,1415.5
1767275343.8534055,15,305.390625,1307.25
1767275343.8534055,15,306.6875,1273.0
1767275343.8534055,15,310.46875,1125.25
1767275343.8534055,15,311.734375,1100.5
1767275343.8534055,15,312.96875,1078.25
1767275343.8534055,15,314.21875,1053.75
1767275343.8534055,15,315.484375,1031.0
1767275343.8534055,15,316.703125,1011.0
1767275343.8534055,15,318.03125,992.75
1767275343.8534055,15,319.25,976.25
1767275343.8534055,15,320.515625,960.25
1767275343.8534055,15,321.703125,944.25
1767275343.8534055,15,323.03125,929.0
1767275343.8534055,15,324.234375,914.5
1767275343.8534055,15,325.515625,901.5
1767275343.8534055,15,326.75,890.25
1767275343.8534055,15,328.015625,879.5
1767275343.8534055,15,329.265625,868.75
1767275343.8534055,15,330.484375,858.0
1767275343.8534055,15,331.6875,847.0
1767275343.8534055,15,333.046875,836.75
1767275343.8534055,15,334.328125,827.75
1767275343.8534055,15,335.546875,819.5
1767275343.8534055,15,336.703125,811.75
1767275343.8534055,15,337.9375,803.5
1767275343.8534055,15,339.171875,796.75
1767275343.8534055,15,340.515625,791.75
1767275343.8534055,15,341.640625,786.25
1767275343.8534055,15,342.90625,781.0
1767275343.8534055,15,344.171875,776.5
1767275343.8534055,15,345.453125,771.75
1767275343.8534055,15,346.671875,767.75
1767275343.8534055,15,347.90625,764.5
1767275343.8534055,15,349.09375,761.25
1767275343.8534055,15,350.390625,758.0
1767275343.8534055,15,351.609375,755.0
1767275344.0047607,15,352.84375,752.75
1767275344.0047607,15,353.9375,751.25
1767275344.0047607,15,355.21875,750.75
1767275344.0047607,15,356.484375,749.5
1767275344.0047607,15,357.609375,760.0
1767275344.0047607,15,358.9375,772.75
1767275344.0047607,15,0.0,773.75
1767275344.0047607,15,1.28125,783.25
1767275344.0047607,15,2.484375,793.5
1767275344.0047607,15,3.78125,795.0
1767275344.0047607,15,5.0,796.75
1767275344.0047607,15,6.125,798.25
1767275344.0047607,15,7.390625,800.25
1767275344.0047607,15,8.609375,803.25
1767275344.0047607,15,9.859375,807.0
1767275344.0047607,15,11.0625,811.5
1767275344.0047607,15,12.171875,816.25
1767275344.0047607,15,13.46875,820.25
1767275344.0047607,15,14.578125,824.75
1767275344.0047607,15,15.796875,830.5
1767275344.0047607,15,17.03125,836.75
1767275344.0047607,15,18.171875,843.5
1767275344.0047607,15,19.390625,851.5
1767275344.0047607,15,20.609375,858.75
1767275344.0047607,15,21.890625,866.25
1767275344.0047607,15,23.0625,873.75
1767275344.0047607,15,24.25,881.5
1767275344.0047607,15,25.421875,890.75
1767275344.0047607,15,26.703125,899.75
1767275344.0047607,15,27.875,908.5
1767275344.0047607,15,29.03125,918.5
1767275344.0047607,15,30.296875,930.5
1767275344.0047607,15,31.515625,943.5
1767275344.0047607,15,32.671875,955.5
1767275344.0047607,15,33.890625,967.5
1767275344.0047607,15,35.0625,982.0
1767275344.0047607,15,36.453125,996.0
1767275344.0047607,15,37.65625,1010.25
1767275344.0047607,15,38.875,1029.0
1767275344.0047607,15,40.0625,1048.25
1767275344.0047607,15,41.296875,1067.5
1767275344.0047607,15,42.484375,1088.0
1767275344.0047607,15,46.15625,586.25
1767275344.0047607,15,47.171875,585.25
1767275344.0047607,15,48.453125,585.25
1767275344.0047607,15,49.734375,584.5
1767275344.0047607,15,51.046875,584.75
1767275344.0047607,15,52.21875,586.5
1767275344.0047607,15,53.4375,587.75
1767275344.0047607,15,54.546875,588.5
1767275344.0047607,15,55.78125,590.0
1767275344.0047607,15,57.046875,591.75
1767275344.0047607,15,58.3125,593.0
1767275344.0047607,15,59.609375,594.0
1767275344.0047607,15,60.71875,595.25
1767275344.0047607,15,62.0,597.25
1767275344.0047607,15,63.171875,600.0
1767275344.0047607,15,64.46875,603.0
1767275344.0047607,15,65.671875,606.0
1767275344.0047607,15,66.875,609.5
1767275344.0047607,15,68.171875,613.5
1767275344.0047607,15,69.25,618.75
1767275344.0047607,15,70.375,624.75
1767275344.0047607,15,73.171875,1073.25
1767275344.0047607,15,74.421875,1067.5
1767275344.0047607,15,75.703125,1061.75
1767275344.0047607,15,76.953125,1057.0
1767275344.0047607,15,78.109375,1052.0
1767275344.0047607,15,79.375,1047.5
1767275344.0047607,15,80.640625,1044.5
1767275344.0047607,15,81.828125,1042.0
1767275344.0047607,15,83.046875,1040.25
1767275344.0047607,15,84.140625,1038.25
1767275344.0047607,15,85.421875,1036.25
1767275344.0047607,15,86.59375,1036.25
1767275344.0047607,15,87.875,1036.75
1767275344.0047607,15,89.046875,1036.5
1767275344.0047607,15,90.328125,1036.25
1767275344.0047607,15,91.578125,1037.75
1767275344.0047607,15,92.8125,1039.75
1767275344.0047607,15,94.015625,1041.25
1767275344.0047607,15,95.203125,1043.0
1767275344.0047607,15,96.421875,1046.0
1767275344.0047607,15,97.640625,1049.25
1767275344.0047607,15,98.828125,1053.0
1767275344.0047607,15,100.109375,1057.75
1767275344.0047607,15,101.359375,1062.25
1767275344.0047607,15,102.5,1066.5
1767275344.0047607,15,103.703125,1072.0
1767275344.0047607,15,104.921875,1078.0
1767275344.0047607,15,106.1875,1084.5
1767275344.0047607,15,107.375,1092.25
1767275344.0047607,15,108.5625,1099.5
1767275344.0047607,15,109.78125,1106.5
1767275344.0047607,15,110.953125,1114.25
1767275344.0047607,15,112.171875,1122.5
1767275344.0047607,15,113.390625,1132.5
1767275344.0047607,15,114.546875,1142.25
1767275344.0047607,15,115.8125,1154.75
1767275344.0047607,15,117.015625,1169.25
1767275344.0047607,15,118.234375,1180.25
1767275344.0047607,15,121.3125,756.0
1767275344.0047607,15,122.578125,746.75
1767275344.0047607,15,123.765625,738.75
1767275344.0047607,15,125.078125,731.0
1767275344.0047607,15,126.28125,723.0
1767275344.0047607,15,127.484375,716.75
1767275344.0047607,15,128.765625,711.25
1767275344.0047607,15,129.953125,705.0
1767275344.0047607,15,131.375,699.25
1767275344.0047607,15,132.515625,694.25
1767275344.0047607,15,133.703125,689.75
1767275344.0047607,15,135.078125,685.75
1767275344.0047607,15,136.1875,683.25
1767275344.0047607,15,137.4375,691.5
1767275344.0047607,15,144.15625,991.5
1767275344.0047607,15,145.421875,977.5
1767275344.0047607,15,146.625,964.5
1767275344.0047607,15,147.828125,953.5
1767275344.0047607,15,149.03125,941.75
1767275344.0047607,15,150.265625,930.0
1767275344.0047607,15,151.546875,920.25
1767275344.0047607,15,152.796875,911.25
1767275344.0047607,15,154.015625,902.5
1767275344.0047607,15,155.28125,893.75
1767275344.0047607,15,156.53125,886.0
1767275344.0047607,15,157.671875,879.25
1767275344.0047607,15,158.984375,873.25
1767275344.0047607,15,160.203125,867.75
1767275344.0047607,15,161.34375,862.0
1767275344.0047607,15,162.71875,856.75
1767275344.0047607,15,163.890625,851.75
1767275344.0047607,15,165.1875,846.5
1767275344.0047607,15,166.28125,841.75
1767275344.0047607,15,167.578125,837.75
1767275344.0047607,15,168.8125,834.5
1767275344.0047607,15,170.046875,831.0
1767275344.0047607,15,171.328125,827.75
1767275344.0047607,15,172.40625,825.75
1767275344.0047607,15,173.734375,824.25
1767275344.0047607,15,174.90625,823.0
1767275344.0047607,15,176.21875,822.5
1767275344.0047607,15,177.390625,822.75
1767275344.0047607,15,178.515625,822.75
1767275344.0047607,15,179.875,822.75
1767275344.0047607,15,181.0625,823.5
1767275344.0047607,15,182.28125,824.25
1767275344.0047607,15,183.484375,825.5
1767275344.0047607,15,184.734375,827.75
1767275344.0047607,15,185.890625,831.0
1767275344.0047607,15,187.171875,834.0
1767275344.0047607,15,188.34375,836.75
1767275344.0047607,15,189.515625,840.25
1767275344.0047607,15,190.75,844.25
1767275344.0047607,15,191.953125,848.5
1767275344.0047607,15,193.140625,853.5
1767275344.0047607,15,194.390625,858.5
1767275344.0047607,15,195.578125,863.25
1767275344.0047607,15,196.8125,869.0
1767275344.0047607,15,198.0625,874.5
1767275344.0047607,15,199.171875,880.75
1767275344.0047607,15,200.421875,887.5
1767275344.0047607,15,201.671875,894.75
1767275344.0047607,15,202.859375,903.25
1767275344.0047607,15,204.109375,911.75
1767275344.0047607,15,205.3125,920.0
1767275344.0047607,15,206.578125,929.75
1767275344.0047607,15,207.671875,941.25
1767275344.0047607,15,208.921875,952.0
1767275344.0047607,15,210.140625,963.0
1767275344.0047607,15,211.3125,976.0
1767275344.0047607,15,212.609375,988.5
1767275344.0047607,15,213.703125,1001.25
1767275344.0047607,15,215.015625,1016.0
1767275344.0047607,15,216.15625,1032.25
1767275344.0047607,15,217.40625,1048.5
1767275344.0047607,15,218.578125,1065.5
1767275344.0047607,15,219.78125,1084.5
1767275344.0047607,15,220.984375,1103.75
1767275344.0047607,15,222.109375,1124.25
1767275344.0047607,15,223.375,1146.5
1767275344.0047607,15,226.34375,793.0
1767275344.0047607,15,227.578125,794.25
1767275344.0047607,15,228.796875,795.25
1767275344.0047607,15,230.03125,798.25
1767275344.0047607,15,231.296875,801.5
1767275344.0047607,15,232.515625,804.75
1767275344.0047607,15,236.625,1418.5
1767275344.0047607,15,237.828125,1398.75
1767275344.0047607,15,239.046875,1378.25
1767275344.0047607,15,240.296875,1359.5
1767275344.0047607,15,241.53125,1342.75
1767275344.0047607,15,242.765625,1328.5
1767275344.0047607,15,244.046875,1316.0
1767275344.0047607,15,245.265625,1303.5
1767275344.0047607,15,246.453125,1291.5
1767275344.0047607,15,247.78125,1281.0
1767275344.0047607,15,248.96875,1271.75
1767275344.0047607,15,250.171875,1262.0
1767275344.0047607,15,251.40625,1253.25
1767275344.0047607,15,252.625,1244.5
1767275344.0047607,15,253.828125,1236.0
1767275344.0047607,15,255.09375,1230.75
1767275344.0047607,15,256.28125,1225.5
1767275344.0047607,15,257.53125,1220.5
1767275344.0047607,15,258.75,1215.25
1767275344.0047607,15,260.0,1210.5
1767275344.0047607,15,261.203125,1206.25
1767275344.0047607,15,262.40625,1203.0
1767275344.0047607,15,263.625,1200.5
1767275344.0047607,15,264.84375,1197.75
1767275344.0047607,15,266.125,1196.25
1767275344.0047607,15,267.265625,1195.0
1767275344.0047607,15,268.484375,1194.5
1767275344.0047607,15,269.734375,1196.0
1767275344.0047607,15,270.984375,1197.75
1767275344.0047607,15,272.21875,1198.75
1767275344.0047607,15,273.40625,1200.5
1767275344.0047607,15,274.59375,1202.5
1767275344.0047607,15,275.71875,1205.5
1767275344.0047607,15,276.96875,1208.25
1767275344.0047607,15,278.203125,1212.0
1767275344.0047607,15,279.34375,1217.75
1767275344.0047607,15,280.578125,1221.5
1767275344.0047607,15,281.84375,1225.5
1767275344.0047607,15,283.015625,1231.25
1767275344.0047607,15,284.1875,1238.0
1767275344.0047607,15,285.40625,1246.0
1767275344.0047607,15,286.609375,1255.5
1767275344.0047607,15,287.84375,1264.25
1767275344.0047607,15,289.03125,1273.25
1767275344.0047607,15,290.296875,1283.75
1767275344.0047607,15,291.4375,1295.0
1767275344.0047607,15,292.703125,1308.75
1767275344.0047607,15,293.859375,1321.75
1767275344.0047607,15,295.125,1333.0
1767275344.0047607,15,296.28125,1347.25
1767275344.0047607,15,297.5,1363.25
1767275344.0047607,15,298.671875,1380.5
1767275344.0047607,15,300.0,1399.5
1767275344.0047607,15,301.234375,1404.5
1767275344.0047607,15,302.453125,1394.0
1767275344.0047607,15,304.96875,1322.25
1767275344.0047607,15,306.21875,1284.0
1767275344.0047607,15,307.4375,1249.75
1767275344.0047607,15,311.28125,1111.0
1767275344.0047607,15,312.46875,1086.75
1767275344.0047607,15,313.734375,1062.5
1767275344.0047607,15,314.96875,1040.75
1767275344.0047607,15,316.296875,1019.25
1767275344.0047607,15,317.5,999.25
1767275344.0047607,15,318.828125,981.5
1767275344.0047607,15,320.015625,964.0
1767275344.0047607,15,321.21875,949.25
1767275344.0047607,15,322.53125,935.25
1767275344.0047607,15,323.828125,919.75
1767275344.0047607,15,324.96875,906.0
1767275344.0047607,15,326.3125,894.5
1767275344.0047607,15,327.46875,883.0
1767275344.0047607,15,328.703125,872.5
1767275344.0047607,15,329.984375,863.0
1767275344.0047607,15,331.140625,852.25
1767275344.0047607,15,332.4375,841.5
1767275344.0047607,15,333.78125,832.25
1767275344.0047607,15,334.90625,823.25
1767275344.0047607,15,336.25,815.25
1767275344.0047607,15,337.390625,807.0
1767275344.0047607,15,338.703125,799.5
1767275344.0047607,15,339.828125,794.0
1767275344.0047607,15,341.140625,789.0
1767275344.0047607,15,342.34375,783.75
1767275344.0047607,15,343.515625,779.0
1767275344.0047607,15,344.84375,774.0
1767275344.0047607,15,346.109375,769.5
1767275344.0047607,15,347.265625,766.0
1767275344.0047607,15,348.515625,762.5
1767275344.0047607,15,349.640625,759.75
1767275344.0047607,15,350.859375,757.0
1767275344.0047607,15,352.140625,754.5
1767275344.155285,15,353.375,752.0
1767275344.155285,15,354.578125,750.0
1767275344.155285,15,355.84375,749.0
1767275344.155285,15,356.96875,748.75
1767275344.155285,15,359.5,774.0
1767275344.155285,15,3.0,784.0
1767275344.155285,15,4.21875,795.5
1767275344.155285,15,5.5,797.0
1767275344.155285,15,6.609375,799.0
1767275344.155285,15,7.828125,801.5
1767275344.155285,15,9.109375,805.0
1767275344.155285,15,10.234375,809.5
1767275344.155285,15,11.453125,813.25
1767275344.155285,15,12.71875,817.25
1767275344.155285,15,13.96875,822.0
1767275344.155285,15,15.1875,827.5
1767275344.155285,15,16.390625,833.0
1767275344.155285,15,17.59375,839.5
1767275344.155285,15,18.734375,847.0
1767275344.155285,15,20.03125,855.0
1767275344.155285,15,21.25,862.75
1767275344.155285,15,22.4375,870.0
1767275344.155285,15,23.59375,877.25
1767275344.155285,15,24.8125,885.5
1767275344.155285,15,26.03125,894.25
1767275344.155285,15,27.203125,903.75
1767275344.155285,15,28.453125,913.75
1767275344.155285,15,29.671875,924.5
1767275344.155285,15,30.859375,936.5
1767275344.155285,15,32.046875,949.25
1767275344.155285,15,33.203125,961.75
1767275344.155285,15,34.46875,975.25
1767275344.155285,15,35.6875,988.25
1767275344.155285,15,36.96875,1002.25
1767275344.155285,15,38.078125,1019.75
1767275344.155285,15,39.328125,1037.75
1767275344.155285,15,40.578125,1056.0
1767275344.155285,15,41.71875,1075.5
1767275344.155285,15,45.265625,586.5
1767275344.155285,15,46.484375,586.0
1767275344.155285,15,47.828125,585.0
1767275344.155285,15,49.078125,584.75
1767275344.155285,15,50.171875,584.75
1767275344.155285,15,51.546875,585.75
1767275344.155285,15,52.671875,587.0
1767275344.155285,15,53.890625,588.0
1767275344.155285,15,55.078125,589.0
1767275344.155285,15,56.296875,590.5
1767275344.155285,15,57.5,591.75
1767275344.155285,15,58.859375,593.0
1767275344.155285,15,60.0625,594.75
1767275344.155285,15,61.171875,597.0
1767275344.155285,15,62.390625,598.75
1767275344.155285,15,63.546875,600.75
1767275344.155285,15,64.9375,603.25
1767275344.155285,15,66.0625,606.75
1767275344.155285,15,67.15625,611.0
1767275344.155285,15,68.375,615.25
1767275344.155285,15,69.5625,619.75
1767275344.155285,15,72.328125,1073.25
1767275344.155285,15,73.515625,1072.0
1767275344.155285,15,74.78125,1065.5
1767275344.155285,15,76.015625,1060.0
1767275344.155285,15,77.28125,1055.0
1767275344.155285,15,78.5,1050.0
1767275344.155285,15,79.671875,1046.75
1767275344.155285,15,80.90625,1044.0
1767275344.155285,15,82.15625,1041.25
1767275344.155285,15,83.359375,1039.5
1767275344.155285,15,84.546875,1038.0
1767275344.155285,15,85.671875,1036.25
1767275344.155285,15,86.921875,1035.25
1767275344.155285,15,88.15625,1035.5
1767275344.155285,15,89.34375,1037.0
1767275344.155285,15,90.59375,1037.0
1767275344.155285,15,91.859375,1038.0
1767275344.155285,15,93.0625,1040.25
1767275344.155285,15,94.25,1041.5
1767275344.155285,15,95.484375,1043.5
1767275344.155285,15,96.625,1046.5
1767275344.155285,15,97.90625,1049.5
1767275344.155285,15,99.109375,1053.5
1767275344.155285,15,100.328125,1058.75
1767275344.155285,15,101.484375,1062.75
1767275344.155285,15,102.75,1067.0
1767275344.155285,15,103.96875,1072.75
1767275344.155285,15,105.125,1079.0
1767275344.155285,15,106.34375,1086.0
1767275344.155285,15,107.625,1093.0
1767275344.155285,15,108.84375,1100.5
1767275344.155285,15,110.0625,1108.25
1767275344.155285,15,111.234375,1116.5
1767275344.155285,15,112.421875,1126.0
1767275344.155285,15,113.703125,1136.0
1767275344.155285,15,114.84375,1146.25
1767275344.155285,15,116.09375,1158.75
1767275344.155285,15,117.296875,1171.5
1767275344.155285,15,120.5,762.25
1767275344.155285,15,121.640625,753.25
1767275344.155285,15,122.859375,744.0
1767275344.155285,15,124.21875,736.5
1767275344.155285,15,125.453125,729.0
1767275344.155285,15,126.671875,721.5
1767275344.155285,15,127.875,715.0
1767275344.155285,15,129.140625,709.25
1767275344.155285,15,130.375,703.5
1767275344.155285,15,131.515625,698.0
1767275344.155285,15,132.734375,693.25
1767275344.155285,15,134.0,688.75
1767275344.155285,15,135.3125,685.0
1767275344.155285,15,136.515625,682.5
1767275344.155285,15,143.140625,1002.75
1767275344.155285,15,144.390625,988.5
1767275344.155285,15,145.59375,975.5
1767275344.155285,15,146.875,963.0
1767275344.155285,15,148.015625,952.0
1767275344.155285,15,149.328125,940.25
1767275344.155285,15,150.53125,928.25
1767275344.155285,15,151.734375,918.25
1767275344.155285,15,152.953125,909.75
1767275344.155285,15,154.171875,901.5
1767275344.155285,15,155.515625,893.25
1767275344.155285,15,156.65625,886.0
1767275344.155285,15,157.84375,879.0
1767275344.155285,15,159.078125,873.0
1767275344.155285,15,160.3125,867.25
1767275344.155285,15,161.546875,861.0
1767275344.155285,15,162.84375,855.5
1767275344.155285,15,164.046875,851.0
1767275344.155285,15,165.265625,846.75
1767275344.155285,15,166.46875,841.75
1767275344.155285,15,167.6875,837.5
1767275344.155285,15,168.921875,833.5
1767275344.155285,15,170.21875,829.75
1767275344.155285,15,171.40625,827.25
1767275344.155285,15,172.671875,826.0
1767275344.155285,15,173.859375,824.25
1767275344.155285,15,175.03125,823.0
1767275344.155285,15,176.265625,822.5
1767275344.155285,15,177.5625,822.75
1767275344.155285,15,178.671875,823.25
1767275344.155285,15,179.953125,823.5
1767275344.155285,15,181.109375,824.25
1767275344.155285,15,182.390625,824.5
1767275344.155285,15,183.578125,825.5
1767275344.155285,15,184.765625,827.5
1767275344.155285,15,186.078125,830.75
1767275344.155285,15,187.234375,833.75
1767275344.155285,15,188.453125,836.5
1767275344.155285,15,189.703125,840.75
1767275344.155285,15,190.859375,845.5
1767275344.155285,15,192.03125,849.75
1767275344.155285,15,193.34375,854.0
1767275344.155285,15,194.453125,858.5
1767275344.155285,15,195.765625,863.5
1767275344.155285,15,196.90625,869.75
1767275344.155285,15,198.109375,875.5
1767275344.155285,15,199.390625,881.25
1767275344.155285,15,200.5625,888.0
1767275344.155285,15,201.8125,895.25
1767275344.155285,15,202.96875,904.0
1767275344.155285,15,204.25,912.75
1767275344.155285,15,205.5,921.25
1767275344.155285,15,206.671875,931.0
1767275344.155285,15,207.9375,943.0
1767275344.155285,15,209.109375,954.0
1767275344.155285,15,210.265625,964.25
1767275344.155285,15,211.5625,977.0
1767275344.155285,15,212.671875,989.75
1767275344.155285,15,213.921875,1003.75
1767275344.155285,15,215.15625,1018.25
1767275344.155285,15,216.34375,1034.5
1767275344.155285,15,217.546875,1051.25
1767275344.155285,15,218.78125,1068.5
1767275344.155285,15,219.984375,1088.5
1767275344.155285,15,221.109375,1107.25
1767275344.155285,15,222.359375,1127.0
1767275344.155285,15,223.578125,1149.75
1767275344.155285,15,226.578125,792.25
1767275344.155285,15,227.734375,793.75
1767275344.155285,15,228.921875,795.75
1767275344.155285,15,230.28125,798.75
1767275344.155285,15,231.34375,801.75
1767275344.155285,15,232.625,805.0
1767275344.155285,15,235.5,1439.5
1767275344.155285,15,236.71875,1416.25
1767275344.155285,15,237.96875,1397.75
1767275344.155285,15,239.21875,1377.75
1767275344.155285,15,240.46875,1358.0
1767275344.155285,15,241.703125,1340.5
1767275344.155285,15,242.9375,1326.75
1767275344.155285,15,244.1875,1315.5
1767275344.155285,15,245.40625,1303.5
1767275344.155285,15,246.578125,1291.25
1767275344.155285,15,247.84375,1280.0
1767275344.155285,15,249.078125,1270.75
1767275344.155285,15,250.296875,1262.0
1767275344.155285,15,251.5,1253.5
1767275344.155285,15,252.71875,1245.5
1767275344.155285,15,253.921875,1237.25
1767275344.155285,15,255.21875,1230.25
1767275344.155285,15,256.375,1224.25
1767275344.155285,15,257.625,1218.75
1767275344.155285,15,258.84375,1214.25
1767275344.155285,15,260.046875,1210.5
1767275344.155285,15,261.328125,1206.25
1767275344.155285,15,262.5,1202.75
1767275344.155285,15,263.765625,1200.75
1767275344.155285,15,264.9375,1198.5
1767275344.155285,15,266.1875,1196.5
1767275344.155285,15,267.453125,1195.5
1767275344.155285,15,268.609375,1195.0
1767275344.155285,15,269.828125,1195.75
1767275344.155285,15,271.109375,1197.5
1767275344.155285,15,272.34375,1199.0
1767275344.155285,15,273.5,1200.75
1767275344.155285,15,274.796875,1203.75
1767275344.155285,15,275.9375,1205.75
1767275344.155285,15,277.078125,1208.75
1767275344.155285,15,278.265625,1213.5
1767275344.155285,15,279.5625,1218.0
1767275344.155285,15,280.71875,1221.75
1767275344.155285,15,281.96875,1226.0
1767275344.155285,15,283.125,1232.25
1767275344.155285,15,284.375,1238.75
1767275344.155285,15,285.578125,1247.25
1767275344.155285,15,286.765625,1256.75
1767275344.155285,15,288.0,1265.25
1767275344.155285,15,289.203125,1274.25
1767275344.155285,15,290.390625,1284.5
1767275344.155285,15,291.625,1296.75
1767275344.155285,15,292.78125,1310.25
1767275344.155285,15,294.046875,1322.5
1767275344.155285,15,295.25,1333.75
1767275344.155285,15,296.40625,1348.0
1767275344.155285,15,297.625,1364.5
1767275344.155285,15,298.8125,1382.0
1767275344.155285,15,300.125,1400.5
1767275344.155285,15,305.046875,1319.0
1767275344.155285,15,306.296875,1280.5
1767275344.155285,15,307.625,1244.75
1767275344.155285,15,311.390625,1106.0
1767275344.155285,15,312.6875,1084.0
1767275344.155285,15,313.84375,1062.0
1767275344.155285,15,315.125,1039.25
1767275344.155285,15,316.328125,1016.25
1767275344.155285,15,317.65625,995.75
1767275344.155285,15,318.84375,979.5
1767275344.155285,15,320.125,963.75
1767275344.155285,15,321.375,948.0
1767275344.155285,15,322.578125,933.75
1767275344.155285,15,323.78125,919.5
1767275344.155285,15,325.0625,905.75
1767275344.155285,15,326.28125,893.25
1767275344.155285,15,327.515625,881.0
1767275344.155285,15,328.859375,871.5
1767275344.155285,15,330.0625,862.75
1767275344.155285,15,331.21875,852.0
1767275344.155285,15,332.5625,841.0
1767275344.155285,15,333.8125,831.5
1767275344.155285,15,335.03125,823.0
1767275344.155285,15,336.15625,815.25
1767275344.155285,15,337.53125,807.25
1767275344.155285,15,338.703125,799.5
1767275344.155285,15,339.84375,793.75
1767275344.155285,15,341.171875,788.75
1767275344.155285,15,342.328125,783.5
1767275344.155285,15,343.625,778.5
1767275344.155285,15,344.890625,773.5
1767275344.155285,15,346.109375,769.5
1767275344.155285,15,347.234375,766.0
1767275344.155285,15,348.5625,762.5
1767275344.155285,15,349.875,759.25
1767275344.155285,15,350.953125,756.5
1767275344.155285,15,352.234375,754.5
1767275344.3053129,15,353.53125,751.75
1767275344.3053129,15,354.71875,750.0
1767275344.3053129,15,355.828125,749.25
1767275344.3053129,15,357.125,749.0
1767275344.3053129,15,359.484375,774.25
1767275344.3053129,15,3.15625,784.25
1767275344.3053129,15,4.234375,795.5
1767275344.3053129,15,5.609375,797.5
1767275344.3053129,15,6.78125,799.5
1767275344.3053129,15,7.984375,801.25
1767275344.3053129,15,9.140625,805.0
1767275344.3053129,15,10.296875,809.75
1767275344.3053129,15,11.65625,813.75
1767275344.3053129,15,12.78125,818.0
1767275344.3053129,15,14.078125,822.5
1767275344.3053129,15,15.28125,827.25
1767275344.3053129,15,16.4375,833.5
1767275344.3053129,15,17.734375,840.5
1767275344.3053129,15,18.875,847.75
1767275344.3053129,15,20.15625,855.0
1767275344.3053129,15,21.28125,863.0
1767275344.3053129,15,22.546875,870.5
1767275344.3053129,15,23.765625,878.0
1767275344.3053129,15,24.875,886.0
1767275344.3053129,15,26.15625,894.5
1767275344.3053129,15,27.265625,904.0
1767275344.3053129,15,28.578125,914.75
1767275344.3053129,15,29.796875,925.75
1767275344.3053129,15,30.921875,937.25
1767275344.3053129,15,32.171875,949.25
1767275344.3053129,15,33.390625,962.75
1767275344.3053129,15,34.546875,977.0
1767275344.3053129,15,35.796875,990.25
1767275344.3053129,15,37.0625,1004.75
1767275344.3053129,15,38.21875,1022.0
1767275344.3053129,15,39.453125,1038.75
1767275344.3053129,15,40.65625,1056.0
1767275344.3053129,15,41.78125,1076.25
1767275344.3053129,15,45.375,586.75
1767275344.3053129,15,46.671875,586.0
1767275344.3053129,15,47.84375,585.0
1767275344.3053129,15,49.21875,584.75
1767275344.3053129,15,50.234375,585.0
1767275344.3053129,15,51.53125,585.75
1767275344.3053129,15,52.734375,586.75
1767275344.3053129,15,54.0,587.75
1767275344.3053129,15,55.1875,589.0
1767275344.3053129,15,56.375,590.5
1767275344.3053129,15,57.578125,592.25
1767275344.3053129,15,58.828125,593.5
1767275344.3053129,15,60.015625,594.75
1767275344.3053129,15,61.3125,596.75
1767275344.3053129,15,62.453125,598.75
1767275344.3053129,15,63.78125,601.25
1767275344.3053129,15,64.875,603.75
1767275344.3053129,15,66.171875,606.75
1767275344.3053129,15,67.234375,611.5
1767275344.3053129,15,68.484375,616.25
1767275344.3053129,15,69.84375,620.5
1767275344.3053129,15,72.484375,1077.25
1767275344.3053129,15,73.625,1070.75
1767275344.3053129,15,74.828125,1064.5
1767275344.3053129,15,76.078125,1059.75
1767275344.3053129,15,77.390625,1055.0
1767275344.3053129,15,78.609375,1049.5
1767275344.3053129,15,79.8125,1045.75
1767275344.3053129,15,81.078125,1043.5
1767275344.3053129,15,82.21875,1041.25
1767275344.3053129,15,83.421875,1039.75
1767275344.3053129,15,84.625,1038.0
1767275344.3053129,15,85.90625,1036.0
1767275344.3053129,15,87.125,1035.5
1767275344.3053129,15,88.265625,1035.0
1767275344.3053129,15,89.5,1036.25
1767275344.3053129,15,90.6875,1037.25
1767275344.3053129,15,91.90625,1037.75
1767275344.3053129,15,93.125,1040.0
1767275344.3053129,15,94.390625,1041.75
1767275344.3053129,15,95.546875,1043.5
1767275344.3053129,15,96.734375,1046.25
1767275344.3053129,15,98.03125,1049.5
1767275344.3053129,15,99.171875,1054.75
1767275344.3053129,15,100.40625,1059.5
1767275344.3053129,15,101.640625,1063.0
1767275344.3053129,15,102.8125,1067.5
1767275344.3053129,15,104.046875,1073.25
1767275344.3053129,15,105.21875,1079.75
1767275344.3053129,15,106.46875,1086.5
1767275344.3053129,15,107.671875,1093.0
1767275344.3053129,15,108.890625,1100.75
1767275344.3053129,15,110.15625,1109.5
1767275344.3053129,15,111.34375,1117.0
1767275344.3053129,15,112.515625,1126.0
1767275344.3053129,15,113.78125,1136.5
1767275344.3053129,15,114.953125,1148.25
1767275344.3053129,15,116.125,1160.25
1767275344.3053129,15,117.359375,1171.5
1767275344.3053129,15,120.515625,761.25
1767275344.3053129,15,121.671875,751.75
1767275344.3053129,15,122.90625,743.25
1767275344.3053129,15,124.3125,736.5
1767275344.3053129,15,125.515625,728.75
1767275344.3053129,15,126.75,721.25
1767275344.3053129,15,127.96875,715.0
1767275344.3053129,15,129.140625,709.25
1767275344.3053129,15,130.4375,703.25
1767275344.3053129,15,131.65625,697.75
1767275344.3053129,15,132.90625,693.0
1767275344.3053129,15,133.984375,688.5
1767275344.3053129,15,135.265625,685.0
1767275344.3053129,15,143.140625,1002.5
1767275344.3053129,15,144.421875,988.5
1767275344.3053129,15,145.59375,975.75
1767275344.3053129,15,146.90625,963.0
1767275344.3053129,15,148.0625,951.75
1767275344.3053129,15,149.359375,940.25
1767275344.3053129,15,150.625,928.25
1767275344.3053129,15,151.8125,918.0
1767275344.3053129,15,153.0625,909.5
1767275344.3053129,15,154.28125,901.25
1767275344.3053129,15,155.515625,893.25
1767275344.3053129,15,156.71875,885.25
1767275344.3053129,15,157.890625,878.25
1767275344.3053129,15,159.15625,873.0
1767275344.3053129,15,160.40625,867.25
1767275344.3053129,15,161.65625,861.0
1767275344.3053129,15,162.875,855.5
1767275344.3053129,15,164.125,851.0
1767275344.3053129,15,165.359375,846.75
1767275344.3053129,15,166.484375,841.5
1767275344.3053129,15,167.8125,837.0
1767275344.3053129,15,169.0,833.5
1767275344.3053129,15,170.15625,829.75
1767275344.3053129,15,171.484375,827.5
1767275344.3053129,15,172.71875,826.25
1767275344.3053129,15,173.890625,824.25
1767275344.3053129,15,175.15625,823.0
1767275344.3053129,15,176.265625,822.5
1767275344.3053129,15,177.578125,822.75
1767275344.3053129,15,178.734375,823.25
1767275344.3053129,15,180.078125,823.5
1767275344.3053129,15,181.171875,824.25
1767275344.3053129,15,182.5,824.5
1767275344.3053129,15,183.703125,825.75
1767275344.3053129,15,184.859375,828.0
1767275344.3053129,15,186.171875,830.75
1767275344.3053129,15,187.28125,833.75
1767275344.3053129,15,188.578125,837.0
1767275344.3053129,15,189.8125,841.5
1767275344.3053129,15,190.96875,845.75
1767275344.3053129,15,192.1875,849.75
1767275344.3053129,15,193.359375,854.25
1767275344.3053129,15,194.59375,859.0
1767275344.3053129,15,195.859375,864.0
1767275344.3053129,15,197.0,869.75
1767275344.3053129,15,198.140625,875.5
1767275344.3053129,15,199.359375,882.0
1767275344.3053129,15,200.546875,889.75
1767275344.3053129,15,201.828125,896.25
1767275344.3053129,15,203.09375,904.0
1767275344.3053129,15,204.34375,912.75
1767275344.3053129,15,205.4375,921.25
1767275344.3053129,15,206.734375,931.0
1767275344.3053129,15,207.859375,943.0
1767275344.3053129,15,209.046875,954.0
1767275344.3053129,15,210.328125,964.25
1767275344.3053129,15,211.484375,977.0
1767275344.3053129,15,212.734375,989.75
1767275344.3053129,15,213.9375,1003.5
1767275344.3053129,15,215.09375,1018.25
1767275344.3053129,15,216.296875,1034.5
1767275344.3053129,15,217.546875,1051.0
1767275344.3053129,15,218.6875,1068.25
1767275344.3053129,15,219.875,1086.5
1767275344.3053129,15,221.109375,1105.0
1767275344.3053129,15,222.296875,1126.75
1767275344.3053129,15,223.515625,1149.5
1767275344.3053129,15,226.609375,792.5
1767275344.3053129,15,227.78125,794.0
1767275344.3053129,15,228.921875,795.75
1767275344.3053129,15,230.125,798.75
1767275344.3053129,15,231.40625,801.5
1767275344.3053129,15,232.640625,804.75
1767275344.3053129,15,236.6875,1418.5
1767275344.3053129,15,237.890625,1398.75
1767275344.3053129,15,239.15625,1377.75
1767275344.3053129,15,240.375,1358.25
1767275344.3053129,15,241.640625,1341.5
1767275344.3053129,15,242.875,1328.25
1767275344.3053129,15,244.109375,1316.25
1767275344.3053129,15,245.328125,1303.5
1767275344.3053129,15,246.53125,1291.5
1767275344.3053129,15,247.765625,1281.25
1767275344.3053129,15,249.03125,1271.5
1767275344.3053129,15,250.21875,1262.0
1767275344.3053129,15,251.46875,1253.5
1767275344.3053129,15,252.671875,1244.75
1767275344.3053129,15,253.875,1236.25
1767275344.3053129,15,255.109375,1230.5
1767275344.3053129,15,256.421875,1224.25
1767275344.3053129,15,257.609375,1218.75
1767275344.3053129,15,258.796875,1214.5
1767275344.3053129,15,260.03125,1210.75
1767275344.3053129,15,261.265625,1206.0
1767275344.3053129,15,262.5,1202.75
1767275344.3053129,15,263.71875,1200.5
1767275344.3053129,15,264.953125,1198.0
1767275344.3053129,15,266.203125,1196.5
1767275344.3053129,15,267.40625,1195.25
1767275344.3053129,15,268.5625,1194.5
1767275344.3053129,15,269.78125,1196.0
1767275344.3053129,15,271.015625,1197.75
1767275344.3053129,15,272.265625,1198.75
1767275344.3053129,15,273.53125,1200.75
1767275344.3053129,15,274.75,1203.25
1767275344.3053129,15,275.875,1205.0
1767275344.3053129,15,277.03125,1208.5
1767275344.3053129,15,278.265625,1213.25
1767275344.3053129,15,279.5,1218.0
1767275344.3053129,15,280.734375,1221.75
1767275344.3053129,15,281.9375,1225.75
1767275344.3053129,15,283.140625,1231.5
1767275344.3053129,15,284.375,1238.0
1767275344.3053129,15,285.546875,1247.0
1767275344.3053129,15,286.734375,1256.75
1767275344.3053129,15,287.96875,1265.25
1767275344.3053129,15,289.203125,1274.0
1767275344.3053129,15,290.359375,1284.5
1767275344.3053129,15,291.578125,1296.5
1767275344.3053129,15,292.765625,1310.25
1767275344.3053129,15,293.96875,1322.5
1767275344.3053129,15,295.1875,1333.75
1767275344.3053129,15,296.375,1348.0
1767275344.3053129,15,297.625,1364.25
1767275344.3053129,15,298.828125,1381.75
1767275344.3053129,15,300.0,1399.75
1767275344.3053129,15,301.28125,1412.75
1767275344.3053129,15,302.453125,1399.75
1767275344.3053129,15,304.984375,1322.25
1767275344.3053129,15,306.28125,1284.0
1767275344.3053129,15,307.5,1247.25
1767275344.3053129,15,311.28125,1111.0
1767275344.3053129,15,312.5,1086.25
1767275344.3053129,15,313.765625,1062.25
1767275344.3053129,15,315.015625,1040.75
1767275344.3053129,15,316.28125,1019.25
1767275344.3053129,15,317.546875,999.25
1767275344.3053129,15,318.703125,981.75
1767275344.3053129,15,319.96875,965.0
1767275344.3053129,15,321.1875,950.0
1767275344.3053129,15,322.5,935.25
1767275344.3053129,15,323.71875,920.0
1767275344.3053129,15,324.96875,907.0
1767275344.3053129,15,326.15625,895.25
1767275344.3053129,15,327.46875,883.0
1767275344.3053129,15,328.59375,872.5
1767275344.3053129,15,329.96875,863.25
1767275344.3053129,15,331.140625,853.5
1767275344.3053129,15,332.34375,842.5
1767275344.3053129,15,333.578125,832.0
1767275344.3053129,15,334.78125,824.0
1767275344.3053129,15,336.0,816.75
1767275344.3053129,15,337.25,808.25
1767275344.3053129,15,338.484375,800.5
1767275344.3053129,15,339.78125,794.75
1767275344.3053129,15,341.015625,790.0
1767275344.3053129,15,342.3125,784.5
1767275344.3053129,15,343.453125,779.25
1767275344.3053129,15,344.65625,774.0
1767275344.3053129,15,345.875,769.75
1767275344.3053129,15,347.0625,766.5
1767275344.3053129,15,348.390625,762.75
1767275344.3053129,15,349.625,760.0
1767275344.3053129,15,350.890625,757.25
1767275344.3053129,15,352.140625,754.75
1767275344.456186,15,353.28125,752.0
1767275344.456186,15,354.5625,750.0
1767275344.456186,15,355.71875,749.0
1767275344.456186,15,356.84375,748.75
1767275344.456186,15,359.390625,773.75
1767275344.456186,15,0.515625,776.25
1767275344.456186,15,1.765625,785.5
1767275344.456186,15,3.0,793.25
1767275344.456186,15,4.09375,795.25
1767275344.456186,15,5.359375,797.0
1767275344.456186,15,6.578125,798.75
1767275344.456186,15,7.671875,801.75
1767275344.456186,15,8.96875,805.5
1767275344.456186,15,10.125,809.5
1767275344.456186,15,11.453125,813.0
1767275344.456186,15,12.609375,816.75
1767275344.456186,15,13.78125,821.75
1767275344.456186,15,15.109375,826.75
1767275344.456186,15,16.25,832.5
1767275344.456186,15,17.5,839.25
1767275344.456186,15,18.75,846.25
1767275344.456186,15,19.90625,853.5
1767275344.456186,15,21.09375,861.0
1767275344.456186,15,22.28125,868.75
1767275344.456186,15,23.5,876.5
1767275344.456186,15,24.640625,884.25
1767275344.456186,15,25.84375,893.0
1767275344.456186,15,27.171875,903.25
1767275344.456186,15,28.296875,913.75
1767275344.456186,15,29.515625,924.0
1767275344.456186,15,30.671875,935.25
1767275344.456186,15,31.921875,947.5
1767275344.456186,15,33.109375,960.75
1767275344.456186,15,34.265625,974.0
1767275344.456186,15,35.53125,987.0
1767275344.456186,15,36.75,1000.75
1767275344.456186,15,37.953125,1017.25
1767275344.456186,15,39.21875,1035.5
1767275344.456186,15,40.34375,1053.25
1767275344.456186,15,41.625,1073.25
1767275344.456186,15,46.515625,586.25
1767275344.456186,15,47.65625,585.25
1767275344.456186,15,48.84375,584.25
1767275344.456186,15,50.109375,584.25
1767275344.456186,15,51.421875,585.5
1767275344.456186,15,52.4375,586.75
1767275344.456186,15,53.640625,588.0
1767275344.456186,15,54.953125,588.75
1767275344.456186,15,56.234375,590.0
1767275344.456186,15,57.375,591.75
1767275344.456186,15,58.65625,593.25
1767275344.456186,15,59.765625,595.25
1767275344.456186,15,60.9375,596.75
1767275344.456186,15,62.234375,598.0
1767275344.456186,15,63.515625,600.25
1767275344.456186,15,64.65625,603.5
1767275344.456186,15,65.875,606.75
1767275344.456186,15,66.96875,610.25
1767275344.456186,15,68.296875,614.25
1767275344.456186,15,69.453125,619.5
1767275344.456186,15,70.578125,630.25
1767275344.456186,15,73.34375,1073.5
1767275344.456186,15,74.578125,1067.25
1767275344.456186,15,75.765625,1061.0
1767275344.456186,15,77.046875,1056.5
1767275344.456186,15,78.21875,1051.25
1767275344.456186,15,79.421875,1046.5
1767275344.456186,15,80.65625,1043.5
1767275344.456186,15,81.921875,1041.75
1767275344.456186,15,83.078125,1040.25
1767275344.456186,15,84.28125,1038.25
1767275344.456186,15,85.53125,1036.25
1767275344.456186,15,86.71875,1036.25
1767275344.456186,15,87.90625,1036.25
1767275344.456186,15,89.21875,1035.5
1767275344.456186,15,90.40625,1036.0
1767275344.456186,15,91.65625,1037.75
1767275344.456186,15,92.828125,1039.5
1767275344.456186,15,94.03125,1041.25
1767275344.456186,15,95.25,1043.5
1767275344.456186,15,96.421875,1046.0
1767275344.456186,15,97.65625,1049.0
1767275344.456186,15,98.875,1053.0
1767275344.456186,15,100.109375,1057.75
1767275344.456186,15,101.3125,1062.25
1767275344.456186,15,102.5625,1066.25
1767275344.456186,15,103.796875,1071.75
1767275344.456186,15,104.953125,1078.0
1767275344.456186,15,106.15625,1084.5
1767275344.456186,15,107.40625,1092.25
1767275344.456186,15,108.53125,1099.5
1767275344.456186,15,109.734375,1106.5
1767275344.456186,15,110.9375,1114.25
1767275344.456186,15,112.203125,1122.5
1767275344.456186,15,113.359375,1132.5
1767275344.456186,15,114.5625,1142.25
1767275344.456186,15,115.8125,1154.5
1767275344.456186,15,116.984375,1169.0
1767275344.456186,15,118.15625,1180.0
1767275344.456186,15,121.328125,756.0
1767275344.456186,15,122.546875,746.75
1767275344.456186,15,123.8125,738.75
1767275344.456186,15,125.046875,731.0
1767275344.456186,15,126.375,723.5
1767275344.456186,15,127.46875,717.5
1767275344.456186,15,128.71875,711.25
1767275344.456186,15,130.03125,704.75
1767275344.456186,15,131.15625,699.5
1767275344.456186,15,132.359375,695.25
1767275344.456186,15,133.65625,690.25
1767275344.456186,15,134.90625,685.75
1767275344.456186,15,136.015625,683.25
1767275344.456186,15,137.3125,687.25
1767275344.456186,15,140.1875,1043.0
1767275344.456186,15,143.9375,992.5
1767275344.456186,15,145.09375,979.25
1767275344.456186,15,146.34375,967.5
1767275344.456186,15,147.5625,956.25
1767275344.456186,15,148.875,944.25
1767275344.456186,15,150.09375,931.75
1767275344.456186,15,151.296875,921.0
1767275344.456186,15,152.53125,913.0
1767275344.456186,15,153.671875,905.0
1767275344.456186,15,155.015625,896.0
1767275344.456186,15,156.1875,888.5
1767275344.456186,15,157.390625,881.0
1767275344.456186,15,158.640625,874.5
1767275344.456186,15,159.859375,869.5
1767275344.456186,15,161.15625,863.75
1767275344.456186,15,162.359375,857.75
1767275344.456186,15,163.578125,853.0
1767275344.456186,15,164.84375,848.25
1767275344.456186,15,165.953125,843.5
1767275344.456186,15,167.296875,839.5
1767275344.456186,15,168.40625,835.75
1767275344.456186,15,169.75,831.75
1767275344.456186,15,170.859375,828.5
1767275344.456186,15,172.078125,826.5
1767275344.456186,15,173.390625,824.75
1767275344.456186,15,174.578125,823.25
1767275344.456186,15,175.8125,822.5
1767275344.456186,15,176.921875,822.5
1767275344.456186,15,178.1875,822.25
1767275344.456186,15,179.46875,823.0
1767275344.456186,15,180.78125,823.75
1767275344.456186,15,182.015625,824.5
1767275344.456186,15,183.171875,825.5
1767275344.456186,15,184.359375,827.25
1767275344.456186,15,185.609375,830.0
1767275344.456186,15,186.828125,833.25
1767275344.456186,15,188.09375,836.0
1767275344.456186,15,189.203125,839.25
1767275344.456186,15,190.484375,843.75
1767275344.456186,15,191.65625,848.0
1767275344.456186,15,192.90625,852.25
1767275344.456186,15,194.109375,857.25
1767275344.456186,15,195.375,862.75
1767275344.456186,15,196.484375,868.5
1767275344.456186,15,197.75,873.75
1767275344.456186,15,198.890625,879.75
1767275344.456186,15,200.171875,886.25
1767275344.456186,15,201.34375,893.75
1767275344.456186,15,202.640625,901.75
1767275344.456186,15,203.875,909.25
1767275344.456186,15,205.0,917.75
1767275344.456186,15,206.28125,927.75
1767275344.456186,15,207.5,938.5
1767275344.456186,15,208.640625,949.75
1767275344.456186,15,209.796875,961.0
1767275344.456186,15,211.109375,973.0
1767275344.456186,15,212.203125,985.25
1767275344.456186,15,213.515625,998.0
1767275344.456186,15,214.6875,1013.0
1767275344.456186,15,215.875,1029.25
1767275344.456186,15,217.015625,1044.75
1767275344.456186,15,218.234375,1061.25
1767275344.456186,15,219.5,1079.75
1767275344.456186,15,220.609375,1098.75
1767275344.456186,15,221.828125,1118.25
1767275344.456186,15,223.0,1140.75
1767275344.456186,15,226.078125,792.0
1767275344.456186,15,227.3125,793.5
1767275344.456186,15,228.421875,795.25
1767275344.456186,15,229.671875,797.75
1767275344.456186,15,230.859375,800.5
1767275344.456186,15,232.03125,803.75
1767275344.456186,15,234.921875,1432.25
1767275344.456186,15,236.21875,1423.75
1767275344.456186,15,237.390625,1406.0
1767275344.456186,15,238.65625,1385.25
1767275344.456186,15,239.890625,1365.0
1767275344.456186,15,241.15625,1347.75
1767275344.456186,15,242.34375,1332.5
1767275344.456186,15,243.5625,1320.25
1767275344.456186,15,244.796875,1307.25
1767275344.456186,15,246.09375,1294.75
1767275344.456186,15,247.265625,1284.0
1767275344.456186,15,248.53125,1274.0
1767275344.456186,15,249.78125,1264.5
1767275344.456186,15,251.0,1255.75
1767275344.456186,15,252.203125,1247.5
1767275344.456186,15,253.4375,1238.5
1767275344.456186,15,254.71875,1231.5
1767275344.456186,15,255.859375,1226.25
1767275344.456186,15,257.109375,1221.5
1767275344.456186,15,258.359375,1216.5
1767275344.456186,15,259.609375,1211.25
1767275344.456186,15,260.734375,1207.5
1767275344.456186,15,262.03125,1204.5
1767275344.456186,15,263.203125,1202.25
1767275344.456186,15,264.5,1200.25
1767275344.456186,15,265.65625,1198.0
1767275344.456186,15,266.9375,1196.5
1767275344.456186,15,268.125,1195.5
1767275344.456186,15,269.3125,1195.5
1767275344.456186,15,270.53125,1195.75
1767275344.456186,15,271.8125,1197.25
1767275344.456186,15,273.0,1199.75
1767275344.456186,15,274.15625,1201.75
1767275344.456186,15,275.375,1204.5
1767275344.456186,15,276.609375,1207.75
1767275344.456186,15,277.828125,1212.0
1767275344.456186,15,279.015625,1216.5
1767275344.456186,15,280.234375,1220.25
1767275344.456186,15,281.4375,1224.0
1767275344.456186,15,282.703125,1230.0
1767275344.456186,15,283.90625,1236.0
1767275344.456186,15,285.109375,1243.5
1767275344.456186,15,286.375,1251.75
1767275344.456186,15,287.5625,1260.75
1767275344.456186,15,288.78125,1270.5
1767275344.456186,15,289.90625,1281.0
1767275344.456186,15,291.171875,1292.0
1767275344.456186,15,292.34375,1305.25
1767275344.456186,15,293.59375,1319.0
1767275344.456186,15,294.765625,1330.5
1767275344.456186,15,295.96875,1343.0
1767275344.456186,15,297.21875,1358.25
1767275344.456186,15,298.375,1376.25
1767275344.456186,15,299.5625,1396.0
1767275344.456186,15,300.84375,1412.25
1767275344.456186,15,302.0625,1408.75
1767275344.456186,15,304.53125,1334.25
1767275344.456186,15,305.828125,1296.5
1767275344.456186,15,307.046875,1260.75
1767275344.456186,15,310.78125,1119.0
1767275344.456186,15,312.078125,1093.75
1767275344.456186,15,313.3125,1069.75
1767275344.456186,15,314.5625,1046.25
1767275344.456186,15,315.828125,1025.0
1767275344.456186,15,317.09375,1005.25
1767275344.456186,15,318.265625,987.75
1767275344.456186,15,319.546875,971.0
1767275344.456186,15,320.765625,954.75
1767275344.456186,15,322.0625,938.75
1767275344.456186,15,323.265625,924.25
1767275344.456186,15,324.578125,911.5
1767275344.456186,15,325.75,899.25
1767275344.456186,15,327.046875,887.0
1767275344.456186,15,328.28125,876.5
1767275344.456186,15,329.453125,866.75
1767275344.456186,15,330.6875,856.0
1767275344.456186,15,332.0,845.25
1767275344.456186,15,333.1875,835.0
1767275344.456186,15,334.375,826.5
1767275344.456186,15,335.734375,818.5
1767275344.456186,15,336.984375,809.75
1767275344.456186,15,338.09375,802.0
1767275344.456186,15,339.421875,796.5
1767275344.456186,15,340.671875,791.0
1767275344.456186,15,341.796875,785.25
1767275344.456186,15,343.046875,780.25
1767275344.456186,15,344.328125,776.0
1767275344.456186,15,345.59375,771.5
1767275344.456186,15,346.78125,767.25
1767275344.456186,15,348.09375,763.75
1767275344.456186,15,349.265625,760.5
1767275344.456186,15,350.46875,757.75
1767275344.456186,15,351.640625,755.5
1767275344.6102874,15,352.953125,753.0
1767275344.6102874,15,354.109375,751.5
1767275344.6102874,15,355.453125,750.75
1767275344.6102874,15,356.5,749.25
1767275344.6102874,15,358.984375,775.25
1767275344.6102874,15,0.125,774.25
1767275344.6102874,15,1.40625,783.75
1767275344.6102874,15,2.625,793.25
1767275344.6102874,15,3.734375,794.75
1767275344.6102874,15,5.0,796.75
1767275344.6102874,15,6.140625,798.25
1767275344.6102874,15,7.5,800.25
1767275344.6102874,15,8.59375,803.25
1767275344.6102874,15,9.828125,808.0
1767275344.6102874,15,10.984375,812.75
1767275344.6102874,15,12.25,816.25
1767275344.6102874,15,13.4375,820.5
1767275344.6102874,15,14.703125,825.0
1767275344.6102874,15,15.9375,831.0
1767275344.6102874,15,17.125,837.25
1767275344.6102874,15,18.3125,843.5
1767275344.6102874,15,19.5,851.5
1767275344.6102874,15,20.703125,859.25
1767275344.6102874,15,21.828125,866.75
1767275344.6102874,15,23.09375,873.75
1767275344.6102874,15,24.375,881.25
1767275344.6102874,15,25.5625,890.75
1767275344.6102874,15,26.765625,900.5
1767275344.6102874,15,27.953125,909.25
1767275344.6102874,15,29.0625,918.5
1767275344.6102874,15,30.328125,930.25
1767275344.6102874,15,31.515625,943.0
1767275344.6102874,15,32.703125,955.25
1767275344.6102874,15,33.890625,967.5
1767275344.6102874,15,35.09375,982.0
1767275344.6102874,15,36.328125,995.75
1767275344.6102874,15,37.53125,1010.0
1767275344.6102874,15,38.734375,1028.5
1767275344.6102874,15,39.953125,1046.25
1767275344.6102874,15,41.109375,1063.75
1767275344.6102874,15,42.328125,1085.75
1767275344.6102874,15,46.046875,586.5
1767275344.6102874,15,47.046875,585.5
1767275344.6102874,15,48.40625,585.0
1767275344.6102874,15,49.5625,584.75
1767275344.6102874,15,50.8125,585.25
1767275344.6102874,15,51.953125,585.75
1767275344.6102874,15,53.328125,586.5
1767275344.6102874,15,54.4375,587.75
1767275344.6102874,15,55.71875,589.0
1767275344.6102874,15,56.953125,590.75
1767275344.6102874,15,58.078125,592.5
1767275344.6102874,15,59.234375,593.75
1767275344.6102874,15,60.515625,595.75
1767275344.6102874,15,61.765625,597.75
1767275344.6102874,15,63.0,599.5
1767275344.6102874,15,64.1875,602.0
1767275344.6102874,15,65.375,605.5
1767275344.6102874,15,66.65625,609.0
1767275344.6102874,15,67.734375,612.75
1767275344.6102874,15,68.953125,617.0
1767275344.6102874,15,70.234375,621.75
1767275344.6102874,15,72.859375,1075.0
1767275344.6102874,15,74.09375,1068.5
1767275344.6102874,15,75.375,1063.25
1767275344.6102874,15,76.5625,1058.5
1767275344.6102874,15,77.875,1052.5
1767275344.6102874,15,79.0,1047.5
1767275344.6102874,15,80.25,1044.75
1767275344.6102874,15,81.484375,1042.5
1767275344.6102874,15,82.75,1040.0
1767275344.6102874,15,83.921875,1038.0
1767275344.6102874,15,85.203125,1036.75
1767275344.6102874,15,86.375,1035.75
1767275344.6102874,15,87.546875,1035.25
1767275344.6102874,15,88.796875,1035.0
1767275344.6102874,15,89.984375,1035.75
1767275344.6102874,15,91.21875,1036.75
1767275344.6102874,15,92.46875,1038.25
1767275344.6102874,15,93.671875,1040.75
1767275344.6102874,15,94.921875,1042.75
1767275344.6102874,15,96.046875,1044.5
1767275344.6102874,15,97.28125,1047.75
1767275344.6102874,15,98.546875,1052.25
1767275344.6102874,15,99.6875,1056.5
1767275344.6102874,15,100.96875,1060.75
1767275344.6102874,15,102.203125,1065.75
1767275344.6102874,15,103.421875,1070.75
1767275344.6102874,15,104.640625,1076.5
1767275344.6102874,15,105.796875,1082.5
1767275344.6102874,15,107.03125,1089.0
1767275344.6102874,15,108.140625,1096.5
1767275344.6102874,15,109.40625,1103.5
1767275344.6102874,15,110.578125,1111.5
1767275344.6102874,15,111.75,1120.25
1767275344.6102874,15,113.03125,1130.0
1767275344.6102874,15,114.21875,1140.75
1767275344.6102874,15,115.390625,1152.5
1767275344.6102874,15,116.59375,1165.0
1767275344.6102874,15,117.796875,1176.5
1767275344.6102874,15,120.9375,759.25
1767275344.6102874,15,122.28125,749.75
1767275344.6102874,15,123.453125,740.5
1767275344.6102874,15,124.59375,733.5
1767275344.6102874,15,125.84375,726.25
1767275344.6102874,15,127.140625,719.5
1767275344.6102874,15,128.453125,713.25
1767275344.6102874,15,129.671875,707.25
1767275344.6102874,15,130.765625,702.0
1767275344.6102874,15,132.015625,696.5
1767275344.6102874,15,133.40625,690.75
1767275344.6102874,15,134.546875,686.75
1767275344.6102874,15,135.734375,684.0
1767275344.6102874,15,136.90625,682.75
1767275344.6102874,15,139.859375,1047.75
1767275344.6102874,15,143.5625,996.5
1767275344.6102874,15,144.796875,984.25
1767275344.6102874,15,146.0625,971.5
1767275344.6102874,15,147.34375,958.0
1767275344.6102874,15,148.546875,946.0
1767275344.6102874,15,149.75,935.0
1767275344.6102874,15,151.03125,925.0
1767275344.6102874,15,152.21875,915.25
1767275344.6102874,15,153.515625,905.5
1767275344.6102874,15,154.75,897.5
1767275344.6102874,15,156.015625,890.5
1767275344.6102874,15,157.203125,883.25
1767275344.6102874,15,158.34375,876.0
1767275344.6102874,15,159.640625,870.25
1767275344.6102874,15,160.796875,865.25
1767275344.6102874,15,162.125,859.5
1767275344.6102874,15,163.265625,854.0
1767275344.6102874,15,164.484375,848.5
1767275344.6102874,15,165.78125,843.75
1767275344.6102874,15,167.0625,840.25
1767275344.6102874,15,168.15625,836.25
1767275344.6102874,15,169.4375,832.5
1767275344.6102874,15,170.6875,829.25
1767275344.6102874,15,171.875,826.5
1767275344.6102874,15,173.09375,824.75
1767275344.6102874,15,174.359375,823.75
1767275344.6102874,15,175.625,823.0
1767275344.6102874,15,176.71875,822.5
1767275344.6102874,15,178.03125,822.75
1767275344.6102874,15,179.140625,823.0
1767275344.6102874,15,180.421875,823.25
1767275344.6102874,15,181.71875,824.25
1767275344.6102874,15,182.984375,825.75
1767275344.6102874,15,184.1875,827.0
1767275344.6102874,15,185.390625,829.25
1767275344.6102874,15,186.53125,832.0
1767275344.6102874,15,187.71875,834.75
1767275344.6102874,15,188.9375,839.0
1767275344.6102874,15,190.15625,842.75
1767275344.6102874,15,191.4375,846.5
1767275344.6102874,15,192.59375,850.75
1767275344.6102874,15,193.875,856.25
1767275344.6102874,15,195.0,861.25
1767275344.6102874,15,196.28125,866.5
1767275344.6102874,15,197.46875,872.0
1767275344.6102874,15,198.65625,878.0
1767275344.6102874,15,199.890625,884.75
1767275344.6102874,15,201.140625,891.75
1767275344.6102874,15,202.25,899.0
1767275344.6102874,15,203.484375,907.0
1767275344.6102874,15,204.765625,914.75
1767275344.6102874,15,205.921875,924.0
1767275344.6102874,15,207.078125,935.0
1767275344.6102874,15,208.296875,946.25
1767275344.6102874,15,209.484375,957.5
1767275344.6102874,15,210.703125,969.0
1767275344.6102874,15,211.90625,980.75
1767275344.6102874,15,213.09375,993.25
1767275344.6102874,15,214.265625,1007.5
1767275344.6102874,15,215.5,1023.25
1767275344.6102874,15,216.75,1038.75
1767275344.6102874,15,217.890625,1055.5
1767275344.6102874,15,219.140625,1074.25
1767275344.6102874,15,220.3125,1093.25
1767275344.6102874,15,221.484375,1112.25
1767275344.6102874,15,222.71875,1132.75
1767275344.6102874,15,225.71875,793.0
1767275344.6102874,15,226.828125,792.75
1767275344.6102874,15,228.1875,794.25
1767275344.6102874,15,229.453125,796.75
1767275344.6102874,15,230.65625,799.5
1767275344.6102874,15,231.75,802.75
1767275344.6102874,15,234.6875,1433.0
1767275344.6102874,15,235.90625,1428.0
1767275344.6102874,15,237.109375,1412.75
1767275344.6102874,15,238.359375,1393.0
1767275344.6102874,15,239.578125,1370.75
1767275344.6102874,15,240.8125,1351.25
1767275344.6102874,15,242.078125,1335.25
1767275344.6102874,15,243.34375,1324.0
1767275344.6102874,15,244.515625,1311.5
1767275344.6102874,15,245.734375,1298.75
1767275344.6102874,15,246.984375,1288.0
1767275344.6102874,15,248.234375,1277.0
1767275344.6102874,15,249.5,1267.5
1767275344.6102874,15,250.6875,1259.0
1767275344.6102874,15,251.984375,1250.25
1767275344.6102874,15,253.203125,1242.0
1767275344.6102874,15,254.390625,1233.5
1767275344.6102874,15,255.640625,1227.25
1767275344.6102874,15,256.84375,1223.0
1767275344.6102874,15,258.125,1218.25
1767275344.6102874,15,259.28125,1213.0
1767275344.6102874,15,260.546875,1208.75
1767275344.6102874,15,261.75,1205.25
1767275344.6102874,15,262.953125,1202.25
1767275344.6102874,15,264.171875,1199.5
1767275344.6102874,15,265.421875,1197.75
1767275344.6102874,15,266.640625,1196.25
1767275344.6102874,15,267.859375,1195.25
1767275344.6102874,15,269.125,1195.5
1767275344.6102874,15,270.375,1197.25
1767275344.6102874,15,271.59375,1199.0
1767275344.6102874,15,272.765625,1200.25
1767275344.6102874,15,274.0,1202.25
1767275344.6102874,15,275.265625,1204.5
1767275344.6102874,15,276.3125,1205.75
1767275344.6102874,15,277.46875,1209.5
1767275344.6102874,15,278.734375,1215.0
1767275344.6102874,15,279.875,1219.75
1767275344.6102874,15,281.09375,1224.25
1767275344.6102874,15,282.359375,1228.75
1767275344.6102874,15,283.5,1234.75
1767275344.6102874,15,284.71875,1242.0
1767275344.6102874,15,285.96875,1250.0
1767275344.6102874,15,287.21875,1258.75
1767275344.6102874,15,288.375,1268.5
1767275344.6102874,15,289.609375,1278.75
1767275344.6102874,15,290.78125,1289.25
1767275344.6102874,15,291.96875,1300.0
1767275344.6102874,15,293.234375,1312.75
1767275344.6102874,15,294.4375,1326.75
1767275344.6102874,15,295.578125,1337.75
1767275344.6102874,15,296.8125,1352.5
1767275344.6102874,15,298.046875,1370.5
1767275344.6102874,15,299.1875,1386.75
1767275344.6102874,15,300.390625,1404.25
1767275344.6102874,15,301.625,1415.5
1767275344.6102874,15,304.046875,1350.25
1767275344.6102874,15,306.59375,1273.5
1767275344.6102874,15,310.375,1128.75
1767275344.6102874,15,311.59375,1102.0
1767275344.6102874,15,312.8125,1078.5
1767275344.6102874,15,314.140625,1056.0
1767275344.6102874,15,315.34375,1034.0
1767275344.6102874,15,316.59375,1012.25
1767275344.6102874,15,317.84375,994.0
1767275344.6102874,15,319.109375,977.75
1767275344.6102874,15,320.234375,961.75
1767275344.6102874,15,321.546875,946.5
1767275344.6102874,15,322.8125,932.5
1767275344.6102874,15,324.09375,917.75
1767275344.6102874,15,325.34375,904.0
1767275344.6102874,15,326.53125,892.0
1767275344.6102874,15,327.796875,880.25
1767275344.6102874,15,329.015625,870.0
1767275344.6102874,15,330.28125,859.75
1767275344.6102874,15,331.578125,849.75
1767275344.6102874,15,332.734375,840.25
1767275344.6102874,15,333.90625,829.75
1767275344.6102874,15,335.1875,821.25
1767275344.6102874,15,336.484375,814.75
1767275344.6102874,15,337.71875,806.25
1767275344.6102874,15,338.9375,798.0
1767275344.6102874,15,340.109375,792.75
1767275344.6102874,15,341.421875,787.75
1767275344.6102874,15,342.5625,782.75
1767275344.6102874,15,343.78125,778.0
1767275344.6102874,15,345.140625,773.0
1767275344.6102874,15,346.296875,768.75
1767275344.6102874,15,347.546875,765.25
1767275344.6102874,15,348.6875,762.0
1767275344.6102874,15,350.046875,759.0
1767275344.6102874,15,351.25,755.75
1767275344.761511,15,352.453125,753.5
1767275344.761511,15,353.59375,751.75
1767275344.761511,15,354.765625,750.5
1767275344.761511,15,355.984375,749.25
1767275344.761511,15,357.328125,747.75
1767275344.761511,15,359.609375,774.0
1767275344.761511,15,0.921875,777.0
1767275344.761511,15,2.0625,786.0
1767275344.761511,15,3.15625,794.0
1767275344.761511,15,4.5,795.75
1767275344.761511,15,5.640625,797.25
1767275344.761511,15,6.921875,799.5
1767275344.761511,15,8.171875,802.0
1767275344.761511,15,9.21875,805.75
1767275344.761511,15,10.546875,810.25
1767275344.761511,15,11.734375,814.0
1767275344.761511,15,12.90625,818.0
1767275344.761511,15,14.015625,822.75
1767275344.761511,15,15.328125,827.5
1767275344.761511,15,16.515625,833.25
1767275344.761511,15,17.6875,840.5
1767275344.761511,15,18.84375,847.75
1767275344.761511,15,20.0625,854.75
1767275344.761511,15,21.359375,862.75
1767275344.761511,15,22.53125,870.25
1767275344.761511,15,23.671875,878.0
1767275344.761511,15,24.875,886.0
1767275344.761511,15,26.046875,894.5
1767275344.761511,15,27.328125,904.0
1767275344.761511,15,28.484375,914.5
1767275344.761511,15,29.640625,925.0
1767275344.761511,15,30.875,936.5
1767275344.761511,15,32.09375,949.0
1767275344.761511,15,33.265625,962.5
1767275344.761511,15,34.46875,976.0
1767275344.761511,15,35.734375,988.25
1767275344.761511,15,36.96875,1002.5
1767275344.761511,15,38.171875,1020.0
1767275344.761511,15,39.328125,1037.5
1767275344.761511,15,40.546875,1055.5
1767275344.761511,15,41.734375,1074.75
1767275344.761511,15,45.3125,586.25
1767275344.761511,15,46.5,585.75
1767275344.761511,15,47.671875,585.25
1767275344.761511,15,49.078125,584.0
1767275344.761511,15,50.234375,584.0
1767275344.761511,15,51.28125,585.75
1767275344.761511,15,52.609375,587.25
1767275344.761511,15,53.921875,587.75
1767275344.761511,15,55.046875,588.5
1767275344.761511,15,56.171875,590.0
1767275344.761511,15,57.5,591.5
1767275344.761511,15,58.796875,593.0
1767275344.761511,15,59.96875,595.25
1767275344.761511,15,61.046875,597.25
1767275344.761511,15,62.328125,598.75
1767275344.761511,15,63.40625,600.75
1767275344.761511,15,64.8125,603.25
1767275344.761511,15,65.8125,606.75
1767275344.761511,15,67.046875,610.5
1767275344.761511,15,68.375,615.0
1767275344.761511,15,69.625,619.75
1767275344.761511,15,74.59375,1067.0
1767275344.761511,15,75.828125,1060.75
1767275344.761511,15,77.125,1055.25
1767275344.761511,15,78.28125,1050.5
1767275344.761511,15,79.546875,1046.5
1767275344.761511,15,80.78125,1043.75
1767275344.761511,15,81.96875,1041.5
1767275344.761511,15,83.25,1040.0
1767275344.761511,15,84.375,1038.5
1767275344.761511,15,85.609375,1037.5
1767275344.761511,15,86.75,1037.5
1767275344.761511,15,88.015625,1036.25
1767275344.761511,15,89.296875,1035.5
1767275344.761511,15,90.421875,1035.5
1767275344.761511,15,91.703125,1037.25
1767275344.761511,15,92.859375,1039.5
1767275344.761511,15,94.078125,1041.25
1767275344.761511,15,95.296875,1043.5
1767275344.761511,15,96.46875,1046.0
1767275344.761511,15,97.75,1049.25
1767275344.761511,15,98.96875,1053.25
1767275344.761511,15,100.125,1058.0
1767275344.761511,15,101.40625,1062.25
1767275344.761511,15,102.53125,1066.25
1767275344.761511,15,103.8125,1071.75
1767275344.761511,15,105.015625,1078.0
1767275344.761511,15,106.203125,1084.5
1767275344.761511,15,107.34375,1092.0
1767275344.761511,15,108.5625,1099.5
1767275344.761511,15,109.75,1106.25
1767275344.761511,15,110.96875,1113.75
1767275344.761511,15,112.140625,1122.25
1767275344.761511,15,113.40625,1132.5
1767275344.761511,15,114.578125,1142.25
1767275344.761511,15,115.75,1154.5
1767275344.761511,15,117.015625,1169.0
1767275344.761511,15,118.21875,1179.75
1767275344.761511,15,121.34375,756.0
1767275344.761511,15,122.5625,746.75
1767275344.761511,15,123.859375,738.75
1767275344.761511,15,124.953125,731.0
1767275344.761511,15,126.265625,723.5
1767275344.761511,15,127.515625,717.5
1767275344.761511,15,128.78125,711.25
1767275344.761511,15,129.890625,704.75
1767275344.761511,15,131.296875,699.5
1767275344.761511,15,132.359375,695.25
1767275344.761511,15,133.6875,690.25
1767275344.761511,15,134.75,685.75
1767275344.761511,15,136.046875,683.25
1767275344.761511,15,137.21875,687.25
1767275344.761511,15,140.171875,1042.75
1767275344.761511,15,143.921875,993.0
1767275344.761511,15,145.078125,979.25
1767275344.761511,15,146.28125,967.5
1767275344.761511,15,147.515625,956.25
1767275344.761511,15,148.765625,944.0
1767275344.761511,15,150.0,932.0
1767275344.761511,15,151.25,921.0
1767275344.761511,15,152.5625,912.75
1767275344.761511,15,153.6875,904.75
1767275344.761511,15,154.984375,896.25
1767275344.761511,15,156.234375,888.5
1767275344.761511,15,157.4375,880.75
1767275344.761511,15,158.78125,874.0
1767275344.761511,15,159.953125,869.0
1767275344.761511,15,161.171875,863.75
1767275344.761511,15,162.4375,857.75
1767275344.761511,15,163.6875,852.5
1767275344.761511,15,164.875,848.0
1767275344.761511,15,166.078125,843.75
1767275344.761511,15,167.328125,839.5
1767275344.761511,15,168.484375,836.0
1767275344.761511,15,169.828125,832.0
1767275344.761511,15,170.953125,828.25
1767275344.761511,15,172.15625,826.0
1767275344.761511,15,173.484375,824.5
1767275344.761511,15,174.625,823.25
1767275344.761511,15,175.9375,822.5
1767275344.761511,15,177.015625,822.5
1767275344.761511,15,178.3125,822.5
1767275344.761511,15,179.515625,822.75
1767275344.761511,15,180.703125,823.5
1767275344.761511,15,182.03125,824.5
1767275344.761511,15,183.1875,825.75
1767275344.761511,15,184.375,827.25
1767275344.761511,15,185.640625,830.0
1767275344.761511,15,186.796875,833.5
1767275344.761511,15,188.03125,836.0
1767275344.761511,15,189.25,839.25
1767275344.761511,15,190.34375,843.5
1767275344.761511,15,191.625,847.75
1767275344.761511,15,192.875,852.25
1767275344.761511,15,194.015625,857.0
1767275344.761511,15,195.3125,862.0
1767275344.761511,15,196.46875,867.5
1767275344.761511,15,197.65625,873.5
1767275344.761511,15,198.90625,879.5
1767275344.761511,15,200.125,886.0
1767275344.761511,15,201.203125,893.0
1767275344.761511,15,202.484375,901.0
1767275344.761511,15,203.734375,909.0
1767275344.761511,15,204.875,917.5
1767275344.761511,15,206.171875,927.25
1767275344.761511,15,207.28125,937.5
1767275344.761511,15,208.5,948.25
1767275344.761511,15,209.6875,959.0
1767275344.761511,15,210.9375,970.5
1767275344.761511,15,212.109375,982.5
1767275344.761511,15,213.28125,995.25
1767275344.761511,15,214.53125,1010.0
1767275344.761511,15,215.671875,1026.0
1767275344.761511,15,216.875,1040.75
1767275344.761511,15,218.046875,1057.75
1767275344.761511,15,219.3125,1077.5
1767275344.761511,15,220.453125,1095.75
1767275344.761511,15,221.65625,1113.75
1767275344.761511,15,222.796875,1135.5
1767275344.761511,15,225.921875,791.0
1767275344.761511,15,227.0625,793.25
1767275344.761511,15,228.28125,794.75
1767275344.761511,15,229.46875,797.0
1767275344.761511,15,230.609375,799.75
1767275344.761511,15,231.96875,803.0
1767275344.761511,15,234.75,1434.25
1767275344.761511,15,236.015625,1427.25
1767275344.761511,15,237.203125,1411.75
1767275344.761511,15,238.46875,1392.25
1767275344.761511,15,239.671875,1369.75
1767275344.761511,15,240.890625,1350.5
1767275344.761511,15,242.171875,1335.5
1767275344.761511,15,243.390625,1324.0
1767275344.761511,15,244.625,1311.25
1767275344.761511,15,245.859375,1298.0
1767275344.761511,15,247.046875,1287.5
1767275344.761511,15,248.296875,1277.0
1767275344.761511,15,249.484375,1267.5
1767275344.761511,15,250.75,1258.75
1767275344.761511,15,252.015625,1249.75
1767275344.761511,15,253.1875,1241.75
1767275344.761511,15,254.40625,1233.5
1767275344.761511,15,255.65625,1227.25
1767275344.761511,15,256.90625,1223.0
1767275344.761511,15,258.09375,1218.25
1767275344.761511,15,259.296875,1213.0
1767275344.761511,15,260.546875,1209.0
1767275344.761511,15,261.75,1205.5
1767275344.761511,15,262.953125,1202.5
1767275344.761511,15,264.1875,1199.75
1767275344.761511,15,265.4375,1197.75
1767275344.761511,15,266.609375,1196.5
1767275344.761511,15,267.875,1195.25
1767275344.761511,15,269.046875,1191.25
1767275344.761511,15,270.265625,1193.25
1767275344.761511,15,271.546875,1199.25
1767275344.761511,15,272.703125,1200.25
1767275344.761511,15,273.984375,1202.5
1767275344.761511,15,275.09375,1204.75
1767275344.761511,15,276.28125,1206.0
1767275344.761511,15,277.5,1209.5
1767275344.761511,15,278.671875,1215.0
1767275344.761511,15,279.921875,1219.0
1767275344.761511,15,281.078125,1223.5
1767275344.761511,15,282.328125,1228.75
1767275344.761511,15,283.5,1234.5
1767275344.761511,15,284.734375,1240.75
1767275344.761511,15,285.90625,1249.0
1767275344.761511,15,287.171875,1258.75
1767275344.761511,15,288.359375,1268.25
1767275344.761511,15,289.5,1278.75
1767275344.761511,15,290.734375,1289.25
1767275344.761511,15,291.96875,1299.75
1767275344.761511,15,293.171875,1312.5
1767275344.761511,15,294.359375,1326.25
1767275344.761511,15,295.515625,1337.5
1767275344.761511,15,296.734375,1352.25
1767275344.761511,15,297.96875,1369.5
1767275344.761511,15,299.09375,1386.0
1767275344.761511,15,300.3125,1404.0
1767275344.761511,15,301.5,1415.5
1767275344.761511,15,305.296875,1313.5
1767275344.761511,15,306.53125,1278.5
1767275344.761511,15,307.78125,1243.5
1767275344.761511,15,310.28125,1129.25
1767275344.761511,15,311.5625,1104.25
1767275344.761511,15,312.765625,1081.25
1767275344.761511,15,314.0,1057.25
1767275344.761511,15,315.21875,1034.5
1767275344.761511,15,316.46875,1013.75
1767275344.761511,15,317.734375,995.25
1767275344.761511,15,318.9375,978.0
1767275344.761511,15,320.1875,962.0
1767275344.761511,15,321.40625,947.5
1767275344.761511,15,322.640625,933.0
1767275344.761511,15,323.9375,918.5
1767275344.761511,15,325.171875,905.0
1767275344.761511,15,326.40625,892.25
1767275344.761511,15,327.75,880.5
1767275344.761511,15,328.90625,870.5
1767275344.761511,15,330.21875,860.25
1767275344.761511,15,331.40625,850.0
1767275344.761511,15,332.59375,840.75
1767275344.761511,15,333.953125,830.75
1767275344.761511,15,335.0625,821.75
1767275344.761511,15,336.40625,814.75
1767275344.761511,15,337.578125,807.25
1767275344.761511,15,338.890625,799.5
1767275344.761511,15,340.078125,793.25
1767275344.761511,15,341.25,788.0
1767275344.761511,15,342.515625,783.25
1767275344.761511,15,343.65625,778.5
1767275344.761511,15,345.03125,773.25
1767275344.761511,15,346.09375,769.0
1767275344.761511,15,347.390625,765.75
1767275344.761511,15,348.6875,762.5
1767275344.761511,15,349.890625,759.25
1767275344.761511,15,350.984375,756.25
1767275344.761511,15,352.296875,754.0
1767275344.911231,15,353.453125,751.75
1767275344.911231,15,354.71875,750.25
1767275344.911231,15,355.953125,749.25
1767275344.911231,15,357.109375,748.75
1767275344.911231,15,359.546875,774.0
1767275344.911231,15,3.046875,784.0
1767275344.911231,15,4.34375,795.5
1767275344.911231,15,5.5625,797.5
1767275344.911231,15,6.640625,799.5
1767275344.911231,15,8.015625,801.25
1767275344.911231,15,9.171875,804.75
1767275344.911231,15,10.40625,809.75
1767275344.911231,15,11.515625,813.5
1767275344.911231,15,12.84375,817.25
1767275344.911231,15,13.90625,822.0
1767275344.911231,15,15.25,827.25
1767275344.911231,15,16.34375,832.75
1767275344.911231,15,17.578125,839.25
1767275344.911231,15,18.828125,847.0
1767275344.911231,15,20.015625,854.75
1767275344.911231,15,21.21875,861.5
1767275344.911231,15,22.40625,868.75
1767275344.911231,15,23.59375,877.0
1767275344.911231,15,24.75,885.5
1767275344.911231,15,25.953125,893.75
1767275344.911231,15,27.140625,903.25
1767275344.911231,15,28.4375,913.75
1767275344.911231,15,29.59375,924.25
1767275344.911231,15,30.765625,935.75
1767275344.911231,15,31.953125,947.75
1767275344.911231,15,33.21875,960.75
1767275344.911231,15,34.421875,975.0
1767275344.911231,15,35.578125,988.0
1767275344.911231,15,36.875,1002.0
1767275344.911231,15,38.015625,1018.5
1767275344.911231,15,39.21875,1035.5
1767275344.911231,15,40.375,1053.25
1767275344.911231,15,41.578125,1073.25
1767275344.911231,15,45.125,586.25
1767275344.911231,15,46.515625,586.25
1767275344.911231,15,47.65625,585.25
1767275344.911231,15,48.78125,584.25
1767275344.911231,15,50.078125,584.0
1767275344.911231,15,51.3125,585.25
1767275344.911231,15,52.515625,586.75
1767275344.911231,15,53.6875,587.75
1767275344.911231,15,54.90625,588.5
1767275344.911231,15,56.265625,590.0
1767275344.911231,15,57.359375,591.5
1767275344.911231,15,58.703125,593.25
1767275344.911231,15,59.65625,595.0
1767275344.911231,15,60.984375,596.5
1767275344.911231,15,62.15625,598.0
1767275344.911231,15,63.390625,600.5
1767275344.911231,15,64.640625,603.25
1767275344.911231,15,65.859375,606.75
1767275344.911231,15,67.015625,610.25
1767275344.911231,15,68.203125,614.25
1767275344.911231,15,69.453125,619.25
1767275344.911231,15,70.671875,631.0
1767275344.911231,15,73.328125,1072.75
1767275344.911231,15,74.546875,1066.75
1767275344.911231,15,75.75,1061.25
1767275344.911231,15,77.0,1056.25
1767275344.911231,15,78.25,1051.0
1767275344.911231,15,79.46875,1046.5
1767275344.911231,15,80.6875,1043.5
1767275344.911231,15,81.9375,1041.75
1767275344.911231,15,83.109375,1040.25
1767275344.911231,15,84.234375,1038.0
1767275344.911231,15,85.515625,1036.0
1767275344.911231,15,86.703125,1036.5
1767275344.911231,15,87.921875,1036.5
1767275344.911231,15,89.1875,1035.75
1767275344.911231,15,90.34375,1036.0
1767275344.911231,15,91.609375,1037.75
1767275344.911231,15,92.765625,1039.75
1767275344.911231,15,93.984375,1041.0
1767275344.911231,15,95.1875,1043.0
1767275344.911231,15,96.4375,1045.75
1767275344.911231,15,97.578125,1048.75
1767275344.911231,15,98.78125,1053.25
1767275344.911231,15,100.015625,1058.25
1767275344.911231,15,101.234375,1062.0
1767275344.911231,15,102.484375,1065.75
1767275344.911231,15,103.6875,1071.75
1767275344.911231,15,104.90625,1078.5
1767275344.911231,15,106.09375,1084.5
1767275344.911231,15,107.3125,1091.75
1767275344.911231,15,108.421875,1099.0
1767275344.911231,15,109.703125,1106.0
1767275344.911231,15,110.890625,1113.75
1767275344.911231,15,112.03125,1122.25
1767275344.911231,15,113.25,1132.25
1767275344.911231,15,114.453125,1142.0
1767275344.911231,15,115.703125,1154.75
1767275344.911231,15,116.90625,1167.5
1767275344.911231,15,118.0625,1177.25
1767275344.911231,15,121.171875,756.75
1767275344.911231,15,122.390625,747.5
1767275344.911231,15,123.71875,739.5
1767275344.911231,15,124.875,731.0
1767275344.911231,15,126.203125,723.5
1767275344.911231,15,127.34375,717.5
1767275344.911231,15,128.578125,711.5
1767275344.911231,15,129.734375,706.0
1767275344.911231,15,131.109375,700.25
1767275344.911231,15,132.265625,695.0
1767275344.911231,15,133.53125,690.5
1767275344.911231,15,134.75,686.25
1767275344.911231,15,135.9375,683.25
1767275344.911231,15,137.25,687.0
1767275344.911231,15,140.125,1043.0
1767275344.911231,15,143.90625,993.0
1767275344.911231,15,145.125,979.0
1767275344.911231,15,146.34375,967.5
1767275344.911231,15,147.578125,956.25
1767275344.911231,15,148.734375,944.0
1767275344.911231,15,149.953125,932.0
1767275344.911231,15,151.296875,921.5
1767275344.911231,15,152.4375,913.25
1767275344.911231,15,153.65625,904.75
1767275344.911231,15,154.984375,896.25
1767275344.911231,15,156.21875,888.5
1767275344.911231,15,157.46875,880.75
1767275344.911231,15,158.71875,874.5
1767275344.911231,15,159.90625,869.5
1767275344.911231,15,161.109375,863.75
1767275344.911231,15,162.421875,857.75
1767275344.911231,15,163.6875,852.5
1767275344.911231,15,164.828125,848.0
1767275344.911231,15,166.09375,843.75
1767275344.911231,15,167.28125,839.75
1767275344.911231,15,168.46875,836.25
1767275344.911231,15,169.75,832.0
1767275344.911231,15,170.953125,828.25
1767275344.911231,15,172.203125,826.0
1767275344.911231,15,173.4375,824.5
1767275344.911231,15,174.640625,823.25
1767275344.911231,15,175.890625,822.5
1767275344.911231,15,177.109375,822.5
1767275344.911231,15,178.328125,822.5
1767275344.911231,15,179.578125,823.0
1767275344.911231,15,180.765625,823.75
1767275344.911231,15,181.890625,824.5
1767275344.911231,15,183.09375,825.75
1767275344.911231,15,184.4375,827.25
1767275344.911231,15,185.671875,830.0
1767275344.911231,15,186.75,833.5
1767275344.911231,15,188.0,836.0
1767275344.911231,15,189.234375,839.25
1767275344.911231,15,190.375,843.5
1767275344.911231,15,191.640625,847.75
1767275344.911231,15,192.921875,852.0
1767275344.911231,15,194.046875,857.0
1767275344.911231,15,195.296875,862.75
1767275344.911231,15,196.515625,868.0
1767275344.911231,15,197.703125,873.25
1767275344.911231,15,198.828125,879.5
1767275344.911231,15,200.140625,886.0
1767275344.911231,15,201.25,893.0
1767275344.911231,15,202.453125,901.0
1767275344.911231,15,203.796875,908.75
1767275344.911231,15,205.03125,917.5
1767275344.911231,15,206.15625,927.75
1767275344.911231,15,207.390625,938.5
1767275344.911231,15,208.59375,949.5
1767275344.911231,15,209.859375,960.0
1767275344.911231,15,210.984375,971.75
1767275344.911231,15,212.203125,985.0
1767275344.911231,15,213.40625,997.75
1767275344.911231,15,214.671875,1011.5
1767275344.911231,15,215.8125,1027.5
1767275344.911231,15,217.0625,1044.25
1767275344.911231,15,218.203125,1061.0
1767275344.911231,15,219.46875,1079.5
1767275344.911231,15,220.609375,1098.0
1767275344.911231,15,221.84375,1117.75
1767275344.911231,15,223.0625,1140.5
1767275344.911231,15,226.0,792.0
1767275344.911231,15,227.21875,793.5
1767275344.911231,15,228.515625,795.25
1767275344.911231,15,229.6875,797.75
1767275344.911231,15,230.875,800.25
1767275344.911231,15,232.0625,803.75
1767275344.911231,15,235.0,1432.75
1767275344.911231,15,236.265625,1423.5
1767275344.911231,15,237.4375,1404.25
1767275344.911231,15,238.6875,1383.75
1767275344.911231,15,239.9375,1365.0
1767275344.911231,15,241.171875,1348.25
1767275344.911231,15,242.453125,1332.5
1767275344.911231,15,243.640625,1320.0
1767275344.911231,15,244.890625,1307.5
1767275344.911231,15,246.140625,1294.75
1767275344.911231,15,247.375,1284.0
1767275344.911231,15,248.609375,1273.5
1767275344.911231,15,249.84375,1264.0
1767275344.911231,15,251.046875,1255.75
1767275344.911231,15,252.265625,1247.5
1767275344.911231,15,253.5,1238.75
1767275344.911231,15,254.75,1231.75
1767275344.911231,15,255.953125,1226.25
1767275344.911231,15,257.109375,1221.75
1767275344.911231,15,258.359375,1216.75
1767275344.911231,15,259.59375,1211.5
1767275344.911231,15,260.875,1207.5
1767275344.911231,15,262.0625,1204.5
1767275344.911231,15,263.234375,1202.25
1767275344.911231,15,264.5,1200.0
1767275344.911231,15,265.765625,1197.25
1767275344.911231,15,266.984375,1195.75
1767275344.911231,15,268.15625,1195.5
1767275344.911231,15,269.375,1195.25
1767275344.911231,15,270.59375,1196.25
1767275344.911231,15,271.828125,1198.0
1767275344.911231,15,273.015625,1199.75
1767275344.911231,15,274.234375,1201.75
1767275344.911231,15,275.390625,1204.25
1767275344.911231,15,276.5,1207.5
1767275344.911231,15,277.796875,1211.5
1767275344.911231,15,278.96875,1215.5
1767275344.911231,15,280.1875,1219.25
1767275344.911231,15,281.4375,1224.0
1767275344.911231,15,282.609375,1229.5
1767275344.911231,15,283.84375,1235.5
1767275344.911231,15,285.0625,1244.25
1767275344.911231,15,286.1875,1252.25
1767275344.911231,15,287.4375,1260.0
1767275344.911231,15,288.625,1268.75
1767275344.911231,15,289.859375,1279.0
1767275344.911231,15,291.046875,1290.5
1767275344.911231,15,292.234375,1303.0
1767275344.911231,15,293.46875,1315.5
1767275344.911231,15,294.625,1328.5
1767275344.911231,15,295.875,1342.25
1767275344.911231,15,297.03125,1356.25
1767275344.911231,15,298.21875,1373.5
1767275344.911231,15,299.5,1394.0
1767275344.911231,15,300.734375,1411.25
1767275344.911231,15,302.015625,1408.75
1767275344.911231,15,304.4375,1336.5
1767275344.911231,15,305.703125,1300.0
1767275344.911231,15,306.96875,1262.5
1767275344.911231,15,310.734375,1120.5
1767275344.911231,15,312.015625,1095.25
1767275344.911231,15,313.28125,1070.0
1767275344.911231,15,314.53125,1046.5
1767275344.911231,15,315.828125,1026.25
1767275344.911231,15,317.0,1006.25
1767275344.911231,15,318.25,987.75
1767275344.911231,15,319.53125,971.25
1767275344.911231,15,320.8125,955.75
1767275344.911231,15,322.046875,940.25
1767275344.911231,15,323.25,925.0
1767275344.911231,15,324.46875,911.75
1767275344.911231,15,325.703125,899.5
1767275344.911231,15,326.9375,887.25
1767275344.911231,15,328.1875,876.75
1767275344.911231,15,329.515625,867.0
1767275344.911231,15,330.71875,856.25
1767275344.911231,15,332.0,845.5
1767275344.911231,15,333.265625,834.5
1767275344.911231,15,334.515625,825.75
1767275344.911231,15,335.75,818.5
1767275344.911231,15,336.921875,809.75
1767275344.911231,15,338.15625,802.0
1767275344.911231,15,339.421875,796.5
1767275344.911231,15,340.671875,791.25
1767275344.911231,15,341.921875,785.5
1767275344.911231,15,343.171875,780.25
1767275344.911231,15,344.265625,775.5
1767275344.911231,15,345.53125,771.0
1767275344.911231,15,346.703125,767.5
1767275344.911231,15,347.96875,764.25
1767275344.911231,15,349.15625,761.0
1767275344.911231,15,350.421875,757.75
1767275344.911231,15,351.5625,755.5
1767275345.0628517,15,352.859375,753.0
1767275345.0628517,15,354.0,751.25
1767275345.0628517,15,355.28125,750.5
1767275345.0628517,15,356.4375,749.25
1767275345.0628517,15,358.828125,774.75
1767275345.0628517,15,0.03125,773.75
1767275345.0628517,15,1.203125,783.25
1767275345.0628517,15,2.375,793.25
1767275345.0628517,15,3.65625,794.75
1767275345.0628517,15,4.953125,796.75
1767275345.0628517,15,6.078125,798.25
1767275345.0628517,15,7.390625,800.25
1767275345.0628517,15,8.46875,803.0
1767275345.0628517,15,9.734375,806.75
1767275345.0628517,15,10.921875,811.75
1767275345.0628517,15,12.078125,816.25
1767275345.0628517,15,13.296875,820.0
1767275345.0628517,15,14.46875,824.25
1767275345.0628517,15,15.8125,830.25
1767275345.0628517,15,16.90625,836.75
1767275345.0628517,15,18.125,843.5
1767275345.0628517,15,19.390625,850.0
1767275345.0628517,15,20.609375,857.25
1767275345.0628517,15,21.703125,866.0
1767275345.0628517,15,22.984375,873.25
1767275345.0628517,15,24.1875,880.25
1767275345.0628517,15,25.296875,889.5
1767275345.0628517,15,26.578125,899.25
1767275345.0628517,15,27.734375,908.0
1767275345.0628517,15,28.96875,917.25
1767275345.0628517,15,30.15625,928.5
1767275345.0628517,15,31.375,942.0
1767275345.0628517,15,32.578125,954.0
1767275345.0628517,15,33.75,965.75
1767275345.0628517,15,34.984375,979.75
1767275345.0628517,15,36.234375,994.0
1767275345.0628517,15,37.5,1009.5
1767275345.0628517,15,38.59375,1027.5
1767275345.0628517,15,39.890625,1045.25
1767275345.0628517,15,41.03125,1063.5
1767275345.0628517,15,42.28125,1083.75
1767275345.0628517,15,45.78125,587.0
1767275345.0628517,15,47.046875,585.25
1767275345.0628517,15,48.25,584.75
1767275345.0628517,15,49.4375,584.75
1767275345.0628517,15,50.640625,585.25
1767275345.0628517,15,52.0,585.75
1767275345.0628517,15,53.234375,586.5
1767275345.0628517,15,54.4375,587.75
1767275345.0628517,15,55.59375,589.25
1767275345.0628517,15,56.75,591.0
1767275345.0628517,15,58.0625,592.75
1767275345.0628517,15,59.1875,593.75
1767275345.0628517,15,60.359375,594.75
1767275345.0628517,15,61.765625,596.75
1767275345.0628517,15,62.84375,599.25
1767275345.0628517,15,64.125,602.0
1767275345.0628517,15,65.25,605.0
1767275345.0628517,15,66.4375,608.5
1767275345.0628517,15,67.796875,612.5
1767275345.0628517,15,68.890625,616.75
1767275345.0628517,15,70.0,621.25
1767275345.0628517,15,72.75,1075.25
1767275345.0628517,15,74.0,1069.75
1767275345.0628517,15,75.234375,1064.0
1767275345.0628517,15,76.390625,1058.5
1767275345.0628517,15,77.703125,1053.0
1767275345.0628517,15,78.921875,1048.0
1767275345.0628517,15,80.15625,1044.75
1767275345.0628517,15,81.328125,1043.0
1767275345.0628517,15,82.578125,1041.25
1767275345.0628517,15,83.71875,1038.0
1767275345.0628517,15,84.9375,1036.25
1767275345.0628517,15,86.109375,1035.75
1767275345.0628517,15,87.328125,1035.5
1767275345.0628517,15,88.484375,1036.0
1767275345.0628517,15,89.78125,1036.5
1767275345.0628517,15,91.0,1037.0
1767275345.0628517,15,92.171875,1038.25
1767275345.0628517,15,93.390625,1040.25
1767275345.0628517,15,94.609375,1042.25
1767275345.0628517,15,95.765625,1044.0
1767275345.0628517,15,97.0,1047.0
1767275345.0628517,15,98.265625,1051.0
1767275345.0628517,15,99.46875,1055.5
1767275345.0628517,15,100.609375,1060.0
1767275345.0628517,15,101.8125,1064.25
1767275345.0628517,15,103.09375,1068.75
1767275345.0628517,15,104.3125,1075.25
1767275345.0628517,15,105.515625,1081.5
1767275345.0628517,15,106.75,1087.25
1767275345.0628517,15,107.84375,1094.0
1767275345.0628517,15,109.046875,1102.0
1767275345.0628517,15,110.25,1110.5
1767275345.0628517,15,111.484375,1118.25
1767275345.0628517,15,112.6875,1127.0
1767275345.0628517,15,113.859375,1137.5
1767275345.0628517,15,115.140625,1150.25
1767275345.0628517,15,116.328125,1162.0
1767275345.0628517,15,117.546875,1173.0
1767275345.0628517,15,120.5625,761.0
1767275345.0628517,15,121.84375,751.5
1767275345.0628517,15,123.171875,742.25
1767275345.0628517,15,124.265625,735.25
1767275345.0628517,15,125.5625,728.25
1767275345.0628517,15,126.890625,721.0
1767275345.0628517,15,128.0625,715.0
1767275345.0628517,15,129.34375,708.75
1767275345.0628517,15,130.546875,702.75
1767275345.0628517,15,131.734375,697.5
1767275345.0628517,15,132.9375,692.5
1767275345.0628517,15,134.28125,688.0
1767275345.0628517,15,135.453125,684.5
1767275345.0628517,15,139.53125,1048.0
1767275345.0628517,15,143.28125,1000.25
1767275345.0628517,15,144.515625,986.5
1767275345.0628517,15,145.765625,974.75
1767275345.0628517,15,147.0,962.25
1767275345.0628517,15,148.296875,950.0
1767275345.0628517,15,149.4375,938.0
1767275345.0628517,15,150.71875,927.0
1767275345.0628517,15,151.90625,917.0
1767275345.0628517,15,153.1875,907.5
1767275345.0628517,15,154.375,899.0
1767275345.0628517,15,155.71875,891.5
1767275345.0628517,15,156.875,885.0
1767275345.0628517,15,158.078125,878.5
1767275345.0628517,15,159.328125,872.25
1767275345.0628517,15,160.5625,866.25
1767275345.0628517,15,161.84375,860.75
1767275345.0628517,15,162.9375,855.5
1767275345.0628517,15,164.203125,850.0
1767275345.0628517,15,165.40625,845.5
1767275345.0628517,15,166.640625,841.0
1767275345.0628517,15,167.90625,836.5
1767275345.0628517,15,169.078125,833.0
1767275345.0628517,15,170.3125,830.0
1767275345.0628517,15,171.578125,827.75
1767275345.0628517,15,172.71875,826.0
1767275345.0628517,15,174.0625,824.0
1767275345.0628517,15,175.28125,822.75
1767275345.0628517,15,176.40625,822.5
1767275345.0628517,15,177.71875,822.75
1767275345.0628517,15,178.875,823.25
1767275345.0628517,15,180.171875,823.5
1767275345.0628517,15,181.328125,824.25
1767275345.0628517,15,182.546875,825.5
1767275345.0628517,15,183.71875,826.75
1767275345.0628517,15,184.96875,828.25
1767275345.0628517,15,186.25,831.5
1767275345.0628517,15,187.46875,834.5
1767275345.0628517,15,188.703125,837.25
1767275345.0628517,15,189.765625,841.25
1767275345.0628517,15,190.984375,845.5
1767275345.0628517,15,192.234375,850.5
1767275345.0628517,15,193.484375,855.0
1767275345.0628517,15,194.59375,859.25
1767275345.0628517,15,195.8125,864.75
1767275345.0628517,15,197.09375,870.75
1767275345.0628517,15,198.328125,876.0
1767275345.0628517,15,199.453125,882.25
1767275345.0628517,15,200.75,890.0
1767275345.0628517,15,201.890625,897.0
1767275345.0628517,15,203.109375,905.0
1767275345.0628517,15,204.390625,914.0
1767275345.0628517,15,205.53125,922.5
1767275345.0628517,15,206.8125,931.75
1767275345.0628517,15,207.9375,943.0
1767275345.0628517,15,209.15625,954.5
1767275345.0628517,15,210.34375,965.5
1767275345.0628517,15,211.640625,977.75
1767275345.0628517,15,212.859375,990.0
1767275345.0628517,15,214.0625,1003.75
1767275345.0628517,15,215.1875,1019.5
1767275345.0628517,15,216.46875,1036.25
1767275345.0628517,15,217.578125,1051.5
1767275345.0628517,15,218.796875,1068.75
1767275345.0628517,15,219.96875,1088.75
1767275345.0628517,15,221.203125,1108.5
1767275345.0628517,15,222.453125,1129.5
1767275345.0628517,15,223.59375,1151.25
1767275345.0628517,15,226.625,792.25
1767275345.0628517,15,227.828125,793.75
1767275345.0628517,15,229.125,796.0
1767275345.0628517,15,230.234375,798.75
1767275345.0628517,15,231.4375,801.75
1767275345.0628517,15,232.640625,806.75
1767275345.0628517,15,235.578125,1434.0
1767275345.0628517,15,236.8125,1415.75
1767275345.0628517,15,238.09375,1396.25
1767275345.0628517,15,239.296875,1374.75
1767275345.0628517,15,240.515625,1356.5
1767275345.0628517,15,241.75,1341.0
1767275345.0628517,15,243.0,1327.0
1767275345.0628517,15,244.234375,1313.5
1767275345.0628517,15,245.5,1301.0
1767275345.0628517,15,246.703125,1290.5
1767275345.0628517,15,247.953125,1280.0
1767275345.0628517,15,249.171875,1269.75
1767275345.0628517,15,250.4375,1261.0
1767275345.0628517,15,251.578125,1253.25
1767275345.0628517,15,252.828125,1245.5
1767275345.0628517,15,254.09375,1236.0
1767275345.0628517,15,255.3125,1228.75
1767275345.0628517,15,256.53125,1224.0
1767275345.0628517,15,257.71875,1218.75
1767275345.0628517,15,258.96875,1213.75
1767275345.0628517,15,260.1875,1209.5
1767275345.0628517,15,261.4375,1206.0
1767275345.0628517,15,262.609375,1203.25
1767275345.0628517,15,263.84375,1200.75
1767275345.0628517,15,265.0625,1198.25
1767275345.0628517,15,266.28125,1196.5
1767275345.0628517,15,267.46875,1195.5
1767275345.0628517,15,268.75,1195.0
1767275345.0628517,15,269.9375,1195.75
1767275345.0628517,15,271.203125,1197.25
1767275345.0628517,15,272.4375,1199.25
1767275345.0628517,15,273.625,1201.75
1767275345.0628517,15,274.828125,1204.0
1767275345.0628517,15,275.90625,1205.75
1767275345.0628517,15,277.109375,1208.5
1767275345.0628517,15,278.40625,1213.5
1767275345.0628517,15,279.546875,1218.25
1767275345.0628517,15,280.75,1221.5
1767275345.0628517,15,281.953125,1225.75
1767275345.0628517,15,283.203125,1232.25
1767275345.0628517,15,284.4375,1239.75
1767275345.0628517,15,285.609375,1248.25
1767275345.0628517,15,286.8125,1256.75
1767275345.0628517,15,288.0,1265.0
1767275345.0628517,15,289.28125,1275.5
1767275345.0628517,15,290.4375,1286.25
1767275345.0628517,15,291.671875,1297.0
1767275345.0628517,15,292.875,1310.5
1767275345.0628517,15,294.09375,1323.5
1767275345.0628517,15,295.28125,1334.5
1767275345.0628517,15,296.4375,1348.25
1767275345.0628517,15,297.703125,1364.75
1767275345.0628517,15,298.890625,1383.0
1767275345.0628517,15,300.140625,1401.5
1767275345.0628517,15,305.125,1319.25
1767275345.0628517,15,306.34375,1280.5
1767275345.0628517,15,307.609375,1245.0
1767275345.0628517,15,311.359375,1106.25
1767275345.0628517,15,312.59375,1083.75
1767275345.0628517,15,313.9375,1061.75
1767275345.0628517,15,315.1875,1039.25
1767275345.0628517,15,316.453125,1016.25
1767275345.0628517,15,317.609375,995.75
1767275345.0628517,15,318.859375,979.75
1767275345.0628517,15,320.078125,964.0
1767275345.0628517,15,321.375,948.0
1767275345.0628517,15,322.546875,933.25
1767275345.0628517,15,323.828125,919.0
1767275345.0628517,15,325.015625,905.75
1767275345.0628517,15,326.390625,893.0
1767275345.0628517,15,327.59375,881.0
1767275345.0628517,15,328.8125,871.5
1767275345.0628517,15,329.96875,862.5
1767275345.0628517,15,331.21875,852.0
1767275345.0628517,15,332.5625,841.25
1767275345.0628517,15,333.71875,831.5
1767275345.0628517,15,334.9375,823.0
1767275345.0628517,15,336.140625,815.25
1767275345.0628517,15,337.453125,807.5
1767275345.0628517,15,338.59375,800.0
1767275345.0628517,15,339.921875,794.25
1767275345.0628517,15,341.125,788.75
1767275345.0628517,15,342.375,783.5
1767275345.0628517,15,343.609375,778.5
1767275345.0628517,15,344.828125,773.5
1767275345.0628517,15,346.0625,769.5
1767275345.0628517,15,347.28125,766.0
1767275345.0628517,15,348.5625,762.5
1767275345.0628517,15,349.6875,759.75
1767275345.0628517,15,350.90625,757.25
1767275345.0628517,15,352.25,754.25
1767275345.212977,15,353.390625,751.75
1767275345.212977,15,354.734375,750.25
1767275345.212977,15,355.890625,749.5
1767275345.212977,15,357.140625,749.0
1767275345.212977,15,359.453125,774.0
1767275345.212977,15,3.125,783.75
1767275345.212977,15,4.25,795.5
1767275345.212977,15,5.453125,797.25
1767275345.212977,15,6.75,799.25
1767275345.212977,15,7.875,801.25
1767275345.212977,15,9.078125,804.75
1767275345.212977,15,10.296875,809.5
1767275345.212977,15,11.609375,813.25
1767275345.212977,15,12.734375,817.25
1767275345.212977,15,13.921875,822.0
1767275345.212977,15,15.171875,827.25
1767275345.212977,15,16.40625,832.75
1767275345.212977,15,17.59375,839.25
1767275345.212977,15,18.734375,847.0
1767275345.212977,15,19.953125,854.75
1767275345.212977,15,21.1875,862.5
1767275345.212977,15,22.359375,869.75
1767275345.212977,15,23.59375,877.0
1767275345.212977,15,24.8125,885.5
1767275345.212977,15,26.0625,894.25
1767275345.212977,15,27.203125,903.75
1767275345.212977,15,28.40625,914.0
1767275345.212977,15,29.578125,924.5
1767275345.212977,15,30.8125,936.25
1767275345.212977,15,32.03125,948.5
1767275345.212977,15,33.203125,961.0
1767275345.212977,15,34.453125,975.0
1767275345.212977,15,35.75,988.0
1767275345.212977,15,36.90625,1002.25
1767275345.212977,15,38.09375,1020.0
1767275345.212977,15,39.3125,1037.5
1767275345.212977,15,40.484375,1055.0
1767275345.212977,15,41.703125,1074.5
1767275345.212977,15,45.265625,586.0
1767275345.212977,15,46.640625,585.5
1767275345.212977,15,47.6875,585.0
1767275345.212977,15,48.953125,584.0
1767275345.212977,15,50.15625,584.0
1767275345.212977,15,51.34375,585.5
1767275345.212977,15,52.671875,587.0
1767275345.212977,15,53.765625,587.75
1767275345.212977,15,55.15625,588.75
1767275345.212977,15,56.421875,590.0
1767275345.212977,15,57.625,591.5
1767275345.212977,15,58.65625,592.75
1767275345.212977,15,60.0625,594.75
1767275345.212977,15,61.21875,597.0
1767275345.212977,15,62.390625,598.75
1767275345.212977,15,63.5,600.75
1767275345.212977,15,64.625,603.25
1767275345.212977,15,65.921875,606.75
1767275345.212977,15,67.21875,610.5
1767275345.212977,15,68.3125,615.0
1767275345.212977,15,69.453125,619.75
1767275345.212977,15,74.71875,1066.25
1767275345.212977,15,75.921875,1060.75
1767275345.212977,15,77.140625,1055.5
1767275345.212977,15,78.359375,1050.25
1767275345.212977,15,79.59375,1046.5
1767275345.212977,15,80.765625,1043.75
1767275345.212977,15,82.03125,1041.5
1767275345.212977,15,83.296875,1039.75
1767275345.212977,15,84.453125,1038.5
1767275345.212977,15,85.671875,1037.75
1767275345.212977,15,86.8125,1036.75
1767275345.212977,15,88.09375,1035.75
1767275345.212977,15,89.28125,1036.0
1767275345.212977,15,90.5,1035.5
1767275345.212977,15,91.734375,1037.5
1767275345.212977,15,92.953125,1040.25
1767275345.212977,15,94.15625,1041.75
1767275345.212977,15,95.4375,1043.75
1767275345.212977,15,96.546875,1046.5
1767275345.212977,15,97.796875,1049.5
1767275345.212977,15,99.046875,1053.25
1767275345.212977,15,100.28125,1058.0
1767275345.212977,15,101.421875,1062.25
1767275345.212977,15,102.671875,1066.75
1767275345.212977,15,103.84375,1072.5
1767275345.212977,15,105.109375,1078.5
1767275345.212977,15,106.328125,1084.5
1767275345.212977,15,107.484375,1092.25
1767275345.212977,15,108.75,1100.5
1767275345.212977,15,109.875,1107.5
1767275345.212977,15,111.15625,1115.0
1767275345.212977,15,112.375,1123.25
1767275345.212977,15,113.546875,1133.25
1767275345.212977,15,114.703125,1145.75
1767275345.212977,15,115.921875,1158.0
1767275345.212977,15,117.140625,1170.75
1767275345.212977,15,120.203125,757.0
1767275345.212977,15,121.4375,754.5
1767275345.212977,15,122.671875,746.0
1767275345.212977,15,124.03125,737.5
1767275345.212977,15,125.171875,729.25
1767275345.212977,15,126.390625,722.0
1767275345.212977,15,127.765625,716.0
1767275345.212977,15,128.875,710.0
1767275345.212977,15,130.125,703.25
1767275345.212977,15,131.453125,698.0
1767275345.212977,15,132.671875,694.0
1767275345.212977,15,133.78125,689.5
1767275345.212977,15,135.09375,685.75
1767275345.212977,15,136.21875,683.25
1767275345.212977,15,137.484375,691.5
1767275345.212977,15,142.90625,1005.5
1767275345.212977,15,144.15625,990.75
1767275345.212977,15,145.328125,976.75
1767275345.212977,15,146.578125,964.5
1767275345.212977,15,147.890625,953.5
1767275345.212977,15,149.015625,942.0
1767275345.212977,15,150.3125,930.25
1767275345.212977,15,151.53125,920.25
1767275345.212977,15,152.796875,911.25
1767275345.212977,15,154.046875,902.5
1767275345.212977,15,155.234375,894.5
1767275345.212977,15,156.5625,886.75
1767275345.212977,15,157.65625,879.25
1767275345.212977,15,159.015625,873.25
1767275345.212977,15,160.171875,867.75
1767275345.212977,15,161.375,862.0
1767275345.212977,15,162.671875,856.75
1767275345.212977,15,163.8125,851.75
1767275345.212977,15,165.0625,846.5
1767275345.212977,15,166.3125,842.0
1767275345.212977,15,167.546875,838.25
1767275345.212977,15,168.6875,834.5
1767275345.212977,15,170.078125,831.0
1767275345.212977,15,171.15625,828.0
1767275345.212977,15,172.390625,826.0
1767275345.212977,15,173.671875,824.25
1767275345.212977,15,174.890625,823.0
1767275345.212977,15,176.03125,822.5
1767275345.212977,15,177.328125,822.5
1767275345.212977,15,178.5,822.5
1767275345.212977,15,179.78125,822.75
1767275345.212977,15,181.0,823.5
1767275345.212977,15,182.171875,824.25
1767275345.212977,15,183.40625,825.5
1767275345.212977,15,184.703125,827.5
1767275345.212977,15,185.796875,831.0
1767275345.212977,15,187.140625,834.0
1767275345.212977,15,188.234375,836.5
1767275345.212977,15,189.515625,840.0
1767275345.212977,15,190.640625,844.25
1767275345.212977,15,191.90625,848.25
1767275345.212977,15,193.078125,853.25
1767275345.212977,15,194.28125,858.25
1767275345.212977,15,195.515625,863.25
1767275345.212977,15,196.734375,869.25
1767275345.212977,15,197.96875,874.5
1767275345.212977,15,199.1875,880.25
1767275345.212977,15,200.375,887.25
1767275345.212977,15,201.546875,895.0
1767275345.212977,15,202.78125,903.25
1767275345.212977,15,204.15625,911.5
1767275345.212977,15,205.34375,919.75
1767275345.212977,15,206.53125,929.5
1767275345.212977,15,207.6875,941.0
1767275345.212977,15,208.921875,951.75
1767275345.212977,15,210.140625,963.0
1767275345.212977,15,211.375,976.0
1767275345.212977,15,212.5625,988.0
1767275345.212977,15,213.75,1000.5
1767275345.212977,15,214.890625,1015.25
1767275345.212977,15,216.125,1032.0
1767275345.212977,15,217.375,1048.5
1767275345.212977,15,218.546875,1065.0
1767275345.212977,15,219.734375,1083.5
1767275345.212977,15,220.9375,1103.0
1767275345.212977,15,222.140625,1124.25
1767275345.212977,15,223.3125,1146.25
1767275345.212977,15,226.3125,792.75
1767275345.212977,15,227.546875,794.0
1767275345.212977,15,228.796875,795.25
1767275345.212977,15,230.03125,798.0
1767275345.212977,15,231.25,801.5
1767275345.212977,15,232.53125,804.75
1767275345.212977,15,236.609375,1418.75
1767275345.212977,15,237.84375,1399.25
1767275345.212977,15,239.109375,1378.25
1767275345.212977,15,240.28125,1359.5
1767275345.212977,15,241.5625,1342.75
1767275345.212977,15,242.765625,1328.5
1767275345.212977,15,244.046875,1316.5
1767275345.212977,15,245.28125,1303.75
1767275345.212977,15,246.484375,1291.5
1767275345.212977,15,247.734375,1281.5
1767275345.212977,15,248.9375,1272.0
1767275345.212977,15,250.234375,1262.25
1767275345.212977,15,251.390625,1253.5
1767275345.212977,15,252.578125,1244.5
1767275345.212977,15,253.828125,1236.0
1767275345.212977,15,255.0,1230.75
1767275345.212977,15,256.234375,1225.5
1767275345.212977,15,257.546875,1220.5
1767275345.212977,15,258.78125,1215.25
1767275345.212977,15,259.953125,1210.75
1767275345.212977,15,261.125,1206.5
1767275345.212977,15,262.4375,1203.0
1767275345.212977,15,263.59375,1200.5
1767275345.212977,15,264.828125,1198.0
1767275345.212977,15,266.09375,1196.0
1767275345.212977,15,267.28125,1194.5
1767275345.212977,15,268.515625,1194.5
1767275345.212977,15,269.734375,1196.0
1767275345.212977,15,270.9375,1197.75
1767275345.212977,15,272.21875,1198.75
1767275345.212977,15,273.390625,1200.5
1767275345.212977,15,274.625,1202.75
1767275345.212977,15,275.78125,1205.5
1767275345.212977,15,276.9375,1208.25
1767275345.212977,15,278.21875,1212.25
1767275345.212977,15,279.421875,1218.0
1767275345.212977,15,280.578125,1221.75
1767275345.212977,15,281.828125,1225.75
1767275345.212977,15,283.015625,1231.5
1767275345.212977,15,284.25,1238.0
1767275345.212977,15,285.5,1247.0
1767275345.212977,15,286.671875,1256.5
1767275345.212977,15,287.9375,1264.25
1767275345.212977,15,289.078125,1273.5
1767275345.212977,15,290.28125,1284.75
1767275345.212977,15,291.53125,1295.75
1767275345.212977,15,292.71875,1308.75
1767275345.212977,15,293.90625,1321.75
1767275345.212977,15,295.109375,1333.25
1767275345.212977,15,296.34375,1347.5
1767275345.212977,15,297.5625,1363.25
1767275345.212977,15,298.734375,1380.75
1767275345.212977,15,299.953125,1399.75
1767275345.212977,15,301.203125,1401.0
1767275345.212977,15,302.40625,1390.25
1767275345.212977,15,304.953125,1322.25
1767275345.212977,15,306.171875,1284.5
1767275345.212977,15,307.46875,1248.0
1767275345.212977,15,311.265625,1111.0
1767275345.212977,15,312.46875,1086.25
1767275345.212977,15,313.703125,1062.75
1767275345.212977,15,314.96875,1041.5
1767275345.212977,15,316.21875,1019.25
1767275345.212977,15,317.453125,999.5
1767275345.212977,15,318.796875,982.0
1767275345.212977,15,319.96875,965.0
1767275345.212977,15,321.265625,950.0
1767275345.212977,15,322.515625,935.5
1767275345.212977,15,323.75,920.25
1767275345.212977,15,325.0,907.25
1767275345.212977,15,326.203125,895.25
1767275345.212977,15,327.390625,883.0
1767275345.212977,15,328.6875,872.5
1767275345.212977,15,329.953125,863.25
1767275345.212977,15,331.09375,853.5
1767275345.212977,15,332.390625,842.5
1767275345.212977,15,333.578125,832.0
1767275345.212977,15,334.921875,823.75
1767275345.212977,15,336.015625,816.5
1767275345.212977,15,337.234375,808.25
1767275345.212977,15,338.578125,800.5
1767275345.212977,15,339.796875,794.25
1767275345.212977,15,341.0,789.5
1767275345.212977,15,342.25,784.5
1767275345.212977,15,343.46875,779.25
1767275345.212977,15,344.640625,774.25
1767275345.212977,15,345.921875,770.0
1767275345.212977,15,347.078125,766.5
1767275345.212977,15,348.390625,763.0
1767275345.212977,15,349.671875,760.0
1767275345.212977,15,350.78125,757.25
1767275345.212977,15,351.984375,754.75
1767275345.3672843,15,353.265625,752.0
1767275345.3672843,15,354.59375,750.0
1767275345.3672843,15,355.65625,749.0
1767275345.3672843,15,356.921875,748.5
1767275345.3672843,15,359.328125,774.0
1767275345.3672843,15,0.53125,776.25
1767275345.3672843,15,1.65625,785.5
1767275345.3672843,15,2.9375,793.0
1767275345.3672843,15,4.15625,795.25
1767275345.3672843,15,5.359375,797.0
1767275345.3672843,15,6.5,798.75
1767275345.3672843,15,7.828125,801.75
1767275345.3672843,15,9.015625,805.5
1767275345.3672843,15,10.15625,809.5
1767275345.3672843,15,11.453125,813.0
1767275345.3672843,15,12.734375,816.75
1767275345.3672843,15,13.90625,821.75
1767275345.3672843,15,15.0625,826.75
1767275345.3672843,15,16.21875,832.5
1767275345.3672843,15,17.515625,839.25
1767275345.3672843,15,18.75,846.25
1767275345.3672843,15,19.90625,853.5
1767275345.3672843,15,21.15625,861.0
1767275345.3672843,15,22.28125,868.75
1767275345.3672843,15,23.546875,877.0
1767275345.3672843,15,24.78125,884.75
1767275345.3672843,15,25.890625,893.0
1767275345.3672843,15,27.140625,903.5
1767275345.3672843,15,28.328125,914.0
1767275345.3672843,15,29.53125,924.0
1767275345.3672843,15,30.78125,935.5
1767275345.3672843,15,32.015625,948.0
1767275345.3672843,15,33.09375,961.0
1767275345.3672843,15,34.40625,974.75
1767275345.3672843,15,35.671875,987.75
1767275345.3672843,15,36.890625,1002.0
1767275345.3672843,15,37.984375,1018.75
1767275345.3672843,15,39.296875,1035.5
1767275345.3672843,15,40.4375,1053.25
1767275345.3672843,15,41.671875,1073.5
1767275345.3672843,15,45.21875,586.0
1767275345.3672843,15,46.546875,586.0
1767275345.3672843,15,47.5625,585.25
1767275345.3672843,15,48.984375,584.25
1767275345.3672843,15,50.234375,584.0
1767275345.3672843,15,51.4375,585.25
1767275345.3672843,15,52.546875,586.75
1767275345.3672843,15,53.859375,587.75
1767275345.3672843,15,55.125,588.5
1767275345.3672843,15,56.28125,590.0
1767275345.3672843,15,57.5,591.25
1767275345.3672843,15,58.75,593.0
1767275345.3672843,15,59.921875,595.0
1767275345.3672843,15,60.984375,596.5
1767275345.3672843,15,62.28125,598.25
1767275345.3672843,15,63.4375,600.5
1767275345.3672843,15,64.578125,603.25
1767275345.3672843,15,65.921875,606.75
1767275345.3672843,15,67.140625,610.25
1767275345.3672843,15,68.359375,614.25
1767275345.3672843,15,69.515625,619.25
1767275345.3672843,15,70.625,631.0
1767275345.3672843,15,73.34375,1072.5
1767275345.3672843,15,74.515625,1066.5
1767275345.3672843,15,75.796875,1061.0
1767275345.3672843,15,76.984375,1056.0
1767275345.3672843,15,78.28125,1050.75
1767275345.3672843,15,79.46875,1046.5
1767275345.3672843,15,80.734375,1043.5
1767275345.3672843,15,81.9375,1041.75
1767275345.3672843,15,83.09375,1040.5
1767275345.3672843,15,84.328125,1038.5
1767275345.3672843,15,85.578125,1036.25
1767275345.3672843,15,86.703125,1036.5
1767275345.3672843,15,87.921875,1036.75
1767275345.3672843,15,89.203125,1035.5
1767275345.3672843,15,90.40625,1035.75
1767275345.3672843,15,91.640625,1037.5
1767275345.3672843,15,92.828125,1039.5
1767275345.3672843,15,94.03125,1041.5
1767275345.3672843,15,95.28125,1043.25
1767275345.3672843,15,96.390625,1045.75
1767275345.3672843,15,97.703125,1048.75
1767275345.3672843,15,98.921875,1052.75
1767275345.3672843,15,100.125,1057.75
1767275345.3672843,15,101.265625,1062.0
1767275345.3672843,15,102.4375,1065.75
1767275345.3672843,15,103.75,1071.5
1767275345.3672843,15,104.921875,1078.0
1767275345.3672843,15,106.125,1084.5
1767275345.3672843,15,107.390625,1091.75
1767275345.3672843,15,108.578125,1099.25
1767275345.3672843,15,109.734375,1106.25
1767275345.3672843,15,110.953125,1113.75
1767275345.3672843,15,112.125,1122.25
1767275345.3672843,15,113.3125,1132.5
1767275345.3672843,15,114.578125,1142.0
1767275345.3672843,15,115.765625,1154.5
1767275345.3672843,15,117.0,1169.0
1767275345.3672843,15,118.125,1179.75
1767275345.3672843,15,121.25,756.0
1767275345.3672843,15,122.609375,746.75
1767275345.3672843,15,123.859375,738.75
1767275345.3672843,15,125.015625,731.0
1767275345.3672843,15,126.203125,723.75
1767275345.3672843,15,127.484375,717.5
1767275345.3672843,15,128.765625,711.25
1767275345.3672843,15,130.046875,704.75
1767275345.3672843,15,131.203125,699.5
1767275345.3672843,15,132.4375,695.0
1767275345.3672843,15,133.546875,690.25
1767275345.3672843,15,134.75,685.75
1767275345.3672843,15,136.09375,683.25
1767275345.3672843,15,137.21875,687.0
1767275345.3672843,15,140.1875,1043.0
1767275345.3672843,15,143.953125,992.5
1767275345.3672843,15,145.125,979.0
1767275345.3672843,15,146.375,967.5
1767275345.3672843,15,147.546875,956.0
1767275345.3672843,15,148.875,943.75
1767275345.3672843,15,150.078125,932.25
1767275345.3672843,15,151.34375,921.25
1767275345.3672843,15,152.515625,912.0
1767275345.3672843,15,153.8125,904.0
1767275345.3672843,15,154.921875,896.25
1767275345.3672843,15,156.203125,888.75
1767275345.3672843,15,157.4375,881.0
1767275345.3672843,15,158.71875,874.5
1767275345.3672843,15,159.875,869.5
1767275345.3672843,15,161.078125,863.75
1767275345.3672843,15,162.34375,858.0
1767275345.3672843,15,163.640625,853.0
1767275345.3672843,15,164.8125,848.5
1767275345.3672843,15,166.0,843.75
1767275345.3672843,15,167.265625,839.5
1767275345.3672843,15,168.484375,836.0
1767275345.3672843,15,169.71875,831.75
1767275345.3672843,15,170.828125,828.5
1767275345.3672843,15,172.15625,826.0
1767275345.3672843,15,173.3125,824.5
1767275345.3672843,15,174.484375,823.25
1767275345.3672843,15,175.84375,822.5
1767275345.3672843,15,176.953125,822.5
1767275345.3672843,15,178.140625,822.5
1767275345.3672843,15,179.375,823.0
1767275345.3672843,15,180.734375,823.75
1767275345.3672843,15,181.921875,824.5
1767275345.3672843,15,183.078125,825.75
1767275345.3672843,15,184.28125,827.0
1767275345.3672843,15,185.484375,830.0
1767275345.3672843,15,186.8125,833.5
1767275345.3672843,15,187.9375,836.0
1767275345.3672843,15,189.1875,839.0
1767275345.3672843,15,190.359375,843.5
1767275345.3672843,15,191.578125,847.75
1767275345.3672843,15,192.78125,851.75
1767275345.3672843,15,194.03125,856.75
1767275345.3672843,15,195.140625,862.0
1767275345.3672843,15,196.421875,867.5
1767275345.3672843,15,197.625,873.0
1767275345.3672843,15,198.84375,878.75
1767275345.3672843,15,199.96875,885.5
1767275345.3672843,15,201.25,893.0
1767275345.3672843,15,202.453125,900.75
1767275345.3672843,15,203.640625,908.75
1767275345.3672843,15,204.9375,917.25
1767275345.3672843,15,206.140625,927.0
1767275345.3672843,15,207.3125,937.25
1767275345.3672843,15,208.484375,948.25
1767275345.3672843,15,209.703125,959.0
1767275345.3672843,15,210.921875,970.5
1767275345.3672843,15,212.109375,982.5
1767275345.3672843,15,213.34375,995.0
1767275345.3672843,15,214.515625,1010.0
1767275345.3672843,15,215.734375,1027.0
1767275345.3672843,15,216.9375,1041.75
1767275345.3672843,15,218.125,1057.75
1767275345.3672843,15,219.28125,1077.5
1767275345.3672843,15,220.46875,1097.0
1767275345.3672843,15,221.671875,1115.0
1767275345.3672843,15,222.921875,1135.5
1767275345.3672843,15,225.890625,790.75
1767275345.3672843,15,227.078125,793.5
1767275345.3672843,15,228.359375,794.75
1767275345.3672843,15,229.515625,797.0
1767275345.3672843,15,230.765625,799.75
1767275345.3672843,15,231.90625,803.25
1767275345.3672843,15,234.8125,1434.5
1767275345.3672843,15,236.0,1426.0
1767275345.3672843,15,237.265625,1410.0
1767275345.3672843,15,238.515625,1392.0
1767275345.3672843,15,239.703125,1370.0
1767275345.3672843,15,240.921875,1350.25
1767275345.3672843,15,242.171875,1335.0
1767275345.3672843,15,243.421875,1324.0
1767275345.3672843,15,244.625,1311.0
1767275345.3672843,15,245.859375,1298.0
1767275345.3672843,15,247.09375,1287.5
1767275345.3672843,15,248.28125,1277.0
1767275345.3672843,15,249.546875,1267.5
1767275345.3672843,15,250.78125,1258.75
1767275345.3672843,15,251.953125,1249.25
1767275345.3672843,15,253.25,1241.5
1767275345.3672843,15,254.40625,1233.75
1767275345.3672843,15,255.640625,1227.25
1767275345.3672843,15,256.84375,1222.25
1767275345.3672843,15,258.0625,1217.5
1767275345.3672843,15,259.296875,1213.25
1767275345.3672843,15,260.546875,1209.0
1767275345.3672843,15,261.71875,1205.5
1767275345.3672843,15,263.015625,1202.5
1767275345.3672843,15,264.15625,1199.5
1767275345.3672843,15,265.453125,1197.75
1767275345.3672843,15,266.65625,1196.5
1767275345.3672843,15,267.875,1191.25
1767275345.3672843,15,269.125,1191.75
1767275345.3672843,15,270.328125,1197.5
1767275345.3672843,15,271.515625,1199.0
1767275345.3672843,15,272.6875,1200.25
1767275345.3672843,15,273.9375,1202.5
1767275345.3672843,15,275.15625,1204.5
1767275345.3672843,15,276.359375,1206.75
1767275345.3672843,15,277.5625,1210.75
1767275345.3672843,15,278.78125,1215.0
1767275345.3672843,15,280.015625,1219.75
1767275345.3672843,15,281.1875,1224.5
1767275345.3672843,15,282.46875,1229.0
1767275345.3672843,15,283.65625,1234.75
1767275345.3672843,15,284.875,1242.0
1767275345.3672843,15,286.046875,1251.5
1767275345.3672843,15,287.296875,1260.5
1767275345.3672843,15,288.484375,1268.5
1767275345.3672843,15,289.65625,1279.0
1767275345.3672843,15,290.859375,1290.0
1767275345.3672843,15,292.109375,1302.5
1767275345.3672843,15,293.296875,1314.75
1767275345.3672843,15,294.5,1326.75
1767275345.3672843,15,295.734375,1339.5
1767275345.3672843,15,296.9375,1354.25
1767275345.3672843,15,298.109375,1370.75
1767275345.3672843,15,299.375,1388.0
1767275345.3672843,15,300.578125,1406.5
1767275345.3672843,15,301.75,1413.5
1767275345.3672843,15,304.234375,1345.75
1767275345.3672843,15,306.8125,1267.75
1767275345.3672843,15,310.578125,1125.0
1767275345.3672843,15,311.78125,1099.25
1767275345.3672843,15,313.125,1074.75
1767275345.3672843,15,314.375,1051.0
1767275345.3672843,15,315.546875,1030.5
1767275345.3672843,15,316.765625,1011.0
1767275345.3672843,15,318.015625,992.25
1767275345.3672843,15,319.3125,974.75
1767275345.3672843,15,320.578125,959.25
1767275345.3672843,15,321.75,944.5
1767275345.3672843,15,323.015625,929.0
1767275345.3672843,15,324.296875,914.5
1767275345.3672843,15,325.5,902.25
1767275345.3672843,15,326.71875,891.0
1767275345.3672843,15,327.96875,879.5
1767275345.3672843,15,329.15625,868.75
1767275345.3672843,15,330.4375,858.0
1767275345.3672843,15,331.640625,848.0
1767275345.3672843,15,332.890625,837.75
1767275345.3672843,15,334.171875,827.75
1767275345.3672843,15,335.34375,819.75
1767275345.3672843,15,336.578125,812.25
1767275345.3672843,15,337.859375,804.75
1767275345.3672843,15,339.0625,797.5
1767275345.3672843,15,340.421875,791.75
1767275345.3672843,15,341.546875,786.75
1767275345.3672843,15,342.734375,781.5
1767275345.3672843,15,344.03125,777.0
1767275345.3672843,15,345.328125,772.25
1767275345.3672843,15,346.5,768.25
1767275345.3672843,15,347.78125,764.75
1767275345.3672843,15,348.890625,761.25
1767275345.3672843,15,350.203125,758.25
1767275345.3672843,15,351.421875,755.25
1767275345.5172608,15,352.578125,753.0
1767275345.5172608,15,353.921875,751.75
1767275345.5172608,15,355.109375,750.75
1767275345.5172608,15,356.390625,749.25
1767275345.5172608,15,357.40625,756.5
1767275345.5172608,15,358.640625,769.0
1767275345.5172608,15,359.859375,774.0
1767275345.5172608,15,2.25,802.75
1767275345.5172608,15,3.5625,794.75
1767275345.5172608,15,4.734375,796.25
1767275345.5172608,15,5.984375,798.0
1767275345.5172608,15,7.078125,800.0
1767275345.5172608,15,8.296875,802.75
1767275345.5172608,15,9.53125,806.75
1767275345.5172608,15,10.734375,811.0
1767275345.5172608,15,11.953125,815.5
1767275345.5172608,15,13.203125,819.5
1767275345.5172608,15,14.375,823.5
1767275345.5172608,15,15.625,829.25
1767275345.5172608,15,16.78125,836.0
1767275345.5172608,15,18.109375,843.0
1767275345.5172608,15,19.203125,850.0
1767275345.5172608,15,20.5,856.75
1767275345.5172608,15,21.65625,864.75
1767275345.5172608,15,22.921875,872.5
1767275345.5172608,15,24.046875,880.25
1767275345.5172608,15,25.28125,889.5
1767275345.5172608,15,26.515625,898.25
1767275345.5172608,15,27.703125,907.0
1767275345.5172608,15,28.890625,917.25
1767275345.5172608,15,30.09375,928.25
1767275345.5172608,15,31.25,941.0
1767275345.5172608,15,32.5625,953.0
1767275345.5172608,15,33.71875,965.25
1767275345.5172608,15,34.921875,979.25
1767275345.5172608,15,36.1875,993.75
1767275345.5172608,15,37.328125,1008.25
1767275345.5172608,15,38.546875,1024.25
1767275345.5172608,15,39.703125,1042.25
1767275345.5172608,15,40.96875,1061.0
1767275345.5172608,15,42.109375,1082.0
1767275345.5172608,15,45.828125,587.0
1767275345.5172608,15,46.875,585.5
1767275345.5172608,15,48.265625,584.75
1767275345.5172608,15,49.484375,584.75
1767275345.5172608,15,50.484375,585.5
1767275345.5172608,15,51.75,586.0
1767275345.5172608,15,53.03125,586.75
1767275345.5172608,15,54.140625,588.0
1767275345.5172608,15,55.390625,589.0
1767275345.5172608,15,56.6875,590.5
1767275345.5172608,15,58.0,592.25
1767275345.5172608,15,59.03125,593.75
1767275345.5172608,15,60.4375,594.75
1767275345.5172608,15,61.40625,596.75
1767275345.5172608,15,62.734375,599.25
1767275345.5172608,15,63.953125,601.5
1767275345.5172608,15,65.078125,604.75
1767275345.5172608,15,66.40625,608.25
1767275345.5172608,15,67.671875,612.0
1767275345.5172608,15,68.71875,616.25
1767275345.5172608,15,70.015625,621.0
1767275345.5172608,15,72.609375,1075.75
1767275345.5172608,15,73.90625,1070.25
1767275345.5172608,15,75.046875,1064.0
1767275345.5172608,15,76.328125,1059.75
1767275345.5172608,15,77.59375,1054.5
1767275345.5172608,15,78.78125,1048.5
1767275345.5172608,15,80.015625,1045.0
1767275345.5172608,15,81.265625,1043.0
1767275345.5172608,15,82.484375,1041.5
1767275345.5172608,15,83.671875,1038.5
1767275345.5172608,15,84.859375,1036.25
1767275345.5172608,15,86.015625,1036.0
1767275345.5172608,15,87.265625,1035.75
1767275345.5172608,15,88.515625,1036.0
1767275345.5172608,15,89.703125,1036.5
1767275345.5172608,15,90.953125,1037.0
1767275345.5172608,15,92.171875,1038.25
1767275345.5172608,15,93.390625,1040.25
1767275345.5172608,15,94.578125,1042.25
1767275345.5172608,15,95.8125,1044.0
1767275345.5172608,15,97.015625,1046.75
1767275345.5172608,15,98.234375,1051.0
1767275345.5172608,15,99.5,1055.5
1767275345.5172608,15,100.703125,1060.25
1767275345.5172608,15,101.90625,1064.25
1767275345.5172608,15,103.109375,1068.5
1767275345.5172608,15,104.25,1075.0
1767275345.5172608,15,105.546875,1081.25
1767275345.5172608,15,106.671875,1087.5
1767275345.5172608,15,107.859375,1094.0
1767275345.5172608,15,109.046875,1101.75
1767275345.5172608,15,110.234375,1109.5
1767275345.5172608,15,111.5,1117.5
1767275345.5172608,15,112.625,1126.75
1767275345.5172608,15,113.90625,1137.25
1767275345.5172608,15,115.03125,1149.25
1767275345.5172608,15,116.265625,1161.0
1767275345.5172608,15,117.515625,1172.75
1767275345.5172608,15,120.546875,761.0
1767275345.5172608,15,121.78125,751.5
1767275345.5172608,15,123.09375,742.5
1767275345.5172608,15,124.34375,735.25
1767275345.5172608,15,125.484375,728.25
1767275345.5172608,15,126.84375,721.0
1767275345.5172608,15,128.015625,715.0
1767275345.5172608,15,129.3125,708.75
1767275345.5172608,15,130.546875,702.75
1767275345.5172608,15,131.640625,697.75
1767275345.5172608,15,132.8125,692.75
1767275345.5172608,15,134.140625,688.5
1767275345.5172608,15,135.375,685.0
1767275345.5172608,15,143.171875,1002.25
1767275345.5172608,15,144.28125,988.25
1767275345.5172608,15,145.5625,976.0
1767275345.5172608,15,146.8125,963.25
1767275345.5172608,15,148.078125,951.75
1767275345.5172608,15,149.203125,940.25
1767275345.5172608,15,150.546875,928.75
1767275345.5172608,15,151.734375,918.75
1767275345.5172608,15,152.984375,909.25
1767275345.5172608,15,154.09375,901.25
1767275345.5172608,15,155.390625,893.5
1767275345.5172608,15,156.71875,886.0
1767275345.5172608,15,157.84375,879.0
1767275345.5172608,15,159.078125,873.0
1767275345.5172608,15,160.390625,867.25
1767275345.5172608,15,161.578125,861.0
1767275345.5172608,15,162.765625,855.5
1767275345.5172608,15,164.046875,851.0
1767275345.5172608,15,165.34375,846.75
1767275345.5172608,15,166.453125,841.75
1767275345.5172608,15,167.734375,837.25
1767275345.5172608,15,169.0,833.5
1767275345.5172608,15,170.109375,829.75
1767275345.5172608,15,171.4375,827.25
1767275345.5172608,15,172.671875,826.0
1767275345.5172608,15,173.859375,824.25
1767275345.5172608,15,175.03125,823.0
1767275345.5172608,15,176.28125,822.5
1767275345.5172608,15,177.53125,822.75
1767275345.5172608,15,178.65625,823.25
1767275345.5172608,15,179.875,823.5
1767275345.5172608,15,181.0625,824.25
1767275345.5172608,15,182.359375,824.5
1767275345.5172608,15,183.53125,825.5
1767275345.5172608,15,184.765625,827.75
1767275345.5172608,15,185.96875,831.0
1767275345.5172608,15,187.265625,834.0
1767275345.5172608,15,188.359375,836.5
1767275345.5172608,15,189.65625,840.5
1767275345.5172608,15,190.84375,845.5
1767275345.5172608,15,192.078125,849.0
1767275345.5172608,15,193.203125,853.5
1767275345.5172608,15,194.46875,858.75
1767275345.5172608,15,195.6875,863.75
1767275345.5172608,15,196.859375,869.5
1767275345.5172608,15,198.03125,874.5
1767275345.5172608,15,199.265625,880.5
1767275345.5172608,15,200.4375,887.75
1767275345.5172608,15,201.71875,895.25
1767275345.5172608,15,202.953125,903.25
1767275345.5172608,15,204.109375,911.5
1767275345.5172608,15,205.3125,919.5
1767275345.5172608,15,206.5,929.25
1767275345.5172608,15,207.734375,940.75
1767275345.5172608,15,208.921875,951.5
1767275345.5172608,15,210.078125,963.0
1767275345.5172608,15,211.28125,976.0
1767275345.5172608,15,212.546875,987.25
1767275345.5172608,15,213.65625,999.75
1767275345.5172608,15,214.90625,1015.0
1767275345.5172608,15,216.0625,1031.75
1767275345.5172608,15,217.34375,1047.5
1767275345.5172608,15,218.53125,1063.0
1767275345.5172608,15,219.671875,1082.25
1767275345.5172608,15,220.8125,1102.5
1767275345.5172608,15,222.0625,1123.25
1767275345.5172608,15,223.234375,1144.75
1767275345.5172608,15,226.28125,792.25
1767275345.5172608,15,227.546875,793.75
1767275345.5172608,15,228.71875,795.0
1767275345.5172608,15,229.828125,797.75
1767275345.5172608,15,231.140625,801.0
1767275345.5172608,15,232.234375,805.0
1767275345.5172608,15,236.390625,1419.75
1767275345.5172608,15,237.578125,1403.0
1767275345.5172608,15,238.859375,1383.0
1767275345.5172608,15,240.125,1362.75
1767275345.5172608,15,241.28125,1345.25
1767275345.5172608,15,242.5625,1331.0
1767275345.5172608,15,243.78125,1320.0
1767275345.5172608,15,244.9375,1306.75
1767275345.5172608,15,246.203125,1293.5
1767275345.5172608,15,247.40625,1283.25
1767275345.5172608,15,248.6875,1273.25
1767275345.5172608,15,249.890625,1263.75
1767275345.5172608,15,251.140625,1254.75
1767275345.5172608,15,252.375,1245.75
1767275345.5172608,15,253.5625,1237.75
1767275345.5172608,15,254.828125,1231.75
1767275345.5172608,15,256.03125,1226.5
1767275345.5172608,15,257.25,1220.75
1767275345.5172608,15,258.46875,1215.75
1767275345.5172608,15,259.6875,1211.25
1767275345.5172608,15,260.90625,1206.5
1767275345.5172608,15,262.171875,1203.25
1767275345.5172608,15,263.359375,1201.5
1767275345.5172608,15,264.53125,1199.75
1767275345.5172608,15,265.828125,1197.25
1767275345.5172608,15,267.015625,1196.0
1767275345.5172608,15,268.1875,1195.5
1767275345.5172608,15,269.4375,1195.75
1767275345.5172608,15,270.609375,1197.0
1767275345.5172608,15,271.84375,1198.75
1767275345.5172608,15,273.0625,1200.25
1767275345.5172608,15,274.3125,1201.75
1767275345.5172608,15,275.46875,1205.0
1767275345.5172608,15,276.609375,1208.25
1767275345.5172608,15,277.859375,1212.0
1767275345.5172608,15,279.0625,1216.5
1767275345.5172608,15,280.328125,1221.0
1767275345.5172608,15,281.53125,1225.0
1767275345.5172608,15,282.71875,1230.0
1767275345.5172608,15,283.9375,1236.25
1767275345.5172608,15,285.0625,1243.75
1767275345.5172608,15,286.3125,1252.0
1767275345.5172608,15,287.53125,1260.75
1767275345.5172608,15,288.734375,1270.25
1767275345.5172608,15,289.921875,1280.0
1767275345.5172608,15,291.140625,1291.0
1767275345.5172608,15,292.375,1305.0
1767275345.5172608,15,293.53125,1318.75
1767275345.5172608,15,294.734375,1329.75
1767275345.5172608,15,295.984375,1342.0
1767275345.5172608,15,297.109375,1357.5
1767275345.5172608,15,298.328125,1376.0
1767275345.5172608,15,299.578125,1395.5
1767275345.5172608,15,300.765625,1412.25
1767275345.5172608,15,301.984375,1409.0
1767275345.5172608,15,304.5,1335.0
1767275345.5172608,15,305.765625,1298.25
1767275345.5172608,15,306.9375,1262.25
1767275345.5172608,15,310.734375,1120.5
1767275345.5172608,15,312.03125,1095.5
1767275345.5172608,15,313.28125,1070.25
1767275345.5172608,15,314.546875,1047.0
1767275345.5172608,15,315.78125,1026.75
1767275345.5172608,15,317.015625,1006.5
1767275345.5172608,15,318.21875,988.25
1767275345.5172608,15,319.46875,971.75
1767275345.5172608,15,320.703125,955.75
1767275345.5172608,15,321.984375,940.25
1767275345.5172608,15,323.140625,925.25
1767275345.5172608,15,324.40625,912.0
1767275345.5172608,15,325.65625,900.75
1767275345.5172608,15,326.875,889.0
1767275345.5172608,15,328.171875,877.5
1767275345.5172608,15,329.34375,867.0
1767275345.5172608,15,330.578125,857.25
1767275345.5172608,15,331.84375,846.75
1767275345.5172608,15,333.125,835.75
1767275345.5172608,15,334.3125,826.5
1767275345.5172608,15,335.515625,819.25
1767275345.5172608,15,336.71875,811.75
1767275345.5172608,15,338.015625,803.5
1767275345.5172608,15,339.328125,796.5
1767275345.5172608,15,340.53125,791.5
1767275345.5172608,15,341.734375,786.5
1767275345.5172608,15,342.96875,781.25
1767275345.5172608,15,344.109375,776.5
1767275345.5172608,15,345.28125,771.75
1767275345.5172608,15,346.515625,768.0
1767275345.5172608,15,347.828125,764.5
1767275345.5172608,15,349.15625,761.0
1767275345.5172608,15,350.28125,757.75
1767275345.5172608,15,351.484375,755.0
1767275345.6676083,15,352.828125,752.75
1767275345.6676083,15,353.96875,751.25
1767275345.6676083,15,355.28125,750.5
1767275345.6676083,15,356.484375,749.25
1767275345.6676083,15,357.609375,760.25
1767275345.6676083,15,358.796875,773.0
1767275345.6676083,15,359.953125,774.0
1767275345.6676083,15,1.1875,783.5
1767275345.6676083,15,2.46875,793.75
1767275345.6676083,15,3.5625,795.0
1767275345.6676083,15,4.765625,796.75
1767275345.6676083,15,6.046875,798.25
1767275345.6676083,15,7.203125,800.0
1767275345.6676083,15,8.53125,802.75
1767275345.6676083,15,9.625,806.75
1767275345.6676083,15,10.84375,811.75
1767275345.6676083,15,12.15625,816.0
1767275345.6676083,15,13.21875,819.5
1767275345.6676083,15,14.4375,824.0
1767275345.6676083,15,15.75,830.0
1767275345.6676083,15,16.9375,836.25
1767275345.6676083,15,18.078125,843.0
1767275345.6676083,15,19.375,850.0
1767275345.6676083,15,20.4375,857.25
1767275345.6676083,15,21.671875,865.25
1767275345.6676083,15,22.921875,872.5
1767275345.6676083,15,24.140625,880.25
1767275345.6676083,15,25.28125,889.25
1767275345.6676083,15,26.453125,898.0
1767275345.6676083,15,27.71875,907.0
1767275345.6676083,15,28.9375,917.0
1767275345.6676083,15,30.046875,928.25
1767275345.6676083,15,31.34375,940.75
1767275345.6676083,15,32.453125,952.75
1767275345.6676083,15,33.703125,965.0
1767275345.6676083,15,34.9375,978.75
1767275345.6676083,15,36.109375,993.5
1767275345.6676083,15,37.3125,1008.5
1767275345.6676083,15,38.484375,1024.5
1767275345.6676083,15,39.765625,1042.25
1767275345.6676083,15,40.890625,1060.75
1767275345.6676083,15,42.0625,1081.5
1767275345.6676083,15,45.59375,587.0
1767275345.6676083,15,46.84375,585.5
1767275345.6676083,15,48.21875,584.75
1767275345.6676083,15,49.234375,584.75
1767275345.6676083,15,50.59375,585.25
1767275345.6676083,15,51.734375,586.0
1767275345.6676083,15,52.90625,586.75
1767275345.6676083,15,54.171875,587.75
1767275345.6676083,15,55.328125,588.5
1767275345.6676083,15,56.59375,590.25
1767275345.6676083,15,57.921875,592.25
1767275345.6676083,15,59.109375,593.5
1767275345.6676083,15,60.15625,594.75
1767275345.6676083,15,61.453125,596.75
1767275345.6676083,15,62.71875,599.25
1767275345.6676083,15,63.8125,601.25
1767275345.6676083,15,65.171875,604.25
1767275345.6676083,15,66.34375,608.0
1767275345.6676083,15,67.515625,612.0
1767275345.6676083,15,68.6875,616.0
1767275345.6676083,15,69.9375,620.5
1767275345.6676083,15,72.46875,1076.0
1767275345.6676083,15,73.734375,1070.75
1767275345.6676083,15,74.96875,1064.75
1767275345.6676083,15,76.203125,1060.0
1767275345.6676083,15,77.421875,1054.75
1767275345.6676083,15,78.671875,1049.25
1767275345.6676083,15,79.8125,1045.75
1767275345.6676083,15,81.03125,1043.25
1767275345.6676083,15,82.3125,1041.25
1767275345.6676083,15,83.515625,1039.75
1767275345.6676083,15,84.6875,1038.25
1767275345.6676083,15,85.921875,1036.25
1767275345.6676083,15,87.078125,1035.25
1767275345.6676083,15,88.359375,1034.75
1767275345.6676083,15,89.5625,1035.5
1767275345.6676083,15,90.78125,1036.75
1767275345.6676083,15,91.96875,1037.5
1767275345.6676083,15,93.171875,1040.0
1767275345.6676083,15,94.375,1041.5
1767275345.6676083,15,95.640625,1043.5
1767275345.6676083,15,96.8125,1046.25
1767275345.6676083,15,97.984375,1049.5
1767275345.6676083,15,99.265625,1054.25
1767275345.6676083,15,100.421875,1059.25
1767275345.6676083,15,101.671875,1062.75
1767275345.6676083,15,102.875,1067.25
1767275345.6676083,15,104.09375,1073.0
1767275345.6676083,15,105.3125,1079.25
1767275345.6676083,15,106.453125,1086.25
1767275345.6676083,15,107.625,1093.0
1767275345.6676083,15,108.890625,1100.25
1767275345.6676083,15,110.09375,1108.25
1767275345.6676083,15,111.265625,1116.25
1767275345.6676083,15,112.421875,1125.75
1767275345.6676083,15,113.609375,1135.25
1767275345.6676083,15,114.875,1145.5
1767275345.6676083,15,116.046875,1158.5
1767275345.6676083,15,117.296875,1171.5
1767275345.6676083,15,120.421875,759.25
1767275345.6676083,15,121.671875,753.5
1767275345.6676083,15,122.78125,745.0
1767275345.6676083,15,124.046875,737.5
1767275345.6676083,15,125.359375,729.25
1767275345.6676083,15,126.609375,721.5
1767275345.6676083,15,127.828125,715.25
1767275345.6676083,15,128.96875,709.75
1767275345.6676083,15,130.296875,703.0
1767275345.6676083,15,131.4375,697.75
1767275345.6676083,15,132.53125,693.75
1767275345.6676083,15,133.890625,689.5
1767275345.6676083,15,134.953125,685.75
1767275345.6676083,15,136.234375,683.25
1767275345.6676083,15,137.375,691.25
1767275345.6676083,15,144.046875,992.25
1767275345.6676083,15,145.3125,977.75
1767275345.6676083,15,146.453125,966.5
1767275345.6676083,15,147.71875,956.0
1767275345.6676083,15,149.0,943.25
1767275345.6676083,15,150.125,930.75
1767275345.6676083,15,151.328125,920.5
1767275345.6676083,15,152.578125,911.75
1767275345.6676083,15,153.90625,902.75
1767275345.6676083,15,155.0,894.5
1767275345.6676083,15,156.421875,886.75
1767275345.6676083,15,157.53125,879.75
1767275345.6676083,15,158.75,874.25
1767275345.6676083,15,160.015625,868.75
1767275345.6676083,15,161.203125,863.25
1767275345.6676083,15,162.40625,857.75
1767275345.6676083,15,163.671875,852.5
1767275345.6676083,15,164.890625,847.5
1767275345.6676083,15,166.140625,843.25
1767275345.6676083,15,167.328125,839.75
1767275345.6676083,15,168.484375,836.5
1767275345.6676083,15,169.75,832.25
1767275345.6676083,15,171.046875,828.25
1767275345.6676083,15,172.171875,826.0
1767275345.6676083,15,173.359375,824.5
1767275345.6676083,15,174.59375,823.25
1767275345.6676083,15,175.828125,822.5
1767275345.6676083,15,177.046875,822.5
1767275345.6676083,15,178.3125,822.5
1767275345.6676083,15,179.453125,823.0
1767275345.6676083,15,180.625,823.75
1767275345.6676083,15,181.859375,824.75
1767275345.6676083,15,183.15625,825.75
1767275345.6676083,15,184.390625,827.0
1767275345.6676083,15,185.5,830.0
1767275345.6676083,15,186.71875,833.5
1767275345.6676083,15,187.953125,836.0
1767275345.6676083,15,189.21875,838.75
1767275345.6676083,15,190.375,843.25
1767275345.6676083,15,191.609375,847.5
1767275345.6676083,15,192.796875,851.5
1767275345.6676083,15,193.90625,856.5
1767275345.6676083,15,195.21875,862.0
1767275345.6676083,15,196.421875,867.5
1767275345.6676083,15,197.546875,872.5
1767275345.6676083,15,198.75,878.5
1767275345.6676083,15,199.96875,885.75
1767275345.6676083,15,201.203125,893.0
1767275345.6676083,15,202.40625,900.0
1767275345.6676083,15,203.578125,907.75
1767275345.6676083,15,204.890625,916.5
1767275345.6676083,15,206.0,926.25
1767275345.6676083,15,207.234375,937.25
1767275345.6676083,15,208.5,948.0
1767275345.6676083,15,209.65625,958.25
1767275345.6676083,15,210.765625,969.5
1767275345.6676083,15,212.015625,982.0
1767275345.6676083,15,213.25,994.75
1767275345.6676083,15,214.375,1008.25
1767275345.6676083,15,215.640625,1024.25
1767275345.6676083,15,216.765625,1040.25
1767275345.6676083,15,218.0,1057.25
1767275345.6676083,15,219.15625,1075.25
1767275345.6676083,15,220.375,1093.75
1767275345.6676083,15,221.625,1113.5
1767275345.6676083,15,222.734375,1135.0
1767275345.6676083,15,225.75,792.75
1767275345.6676083,15,226.890625,793.0
1767275345.6676083,15,228.078125,794.5
1767275345.6676083,15,229.359375,796.75
1767275345.6676083,15,230.515625,799.5
1767275345.6676083,15,231.71875,802.75
1767275345.6676083,15,234.65625,1432.75
1767275345.6676083,15,235.84375,1428.0
1767275345.6676083,15,237.03125,1412.5
1767275345.6676083,15,238.265625,1392.5
1767275345.6676083,15,239.546875,1370.5
1767275345.6676083,15,240.765625,1351.5
1767275345.6676083,15,242.0,1336.5
1767275345.6676083,15,243.25,1325.5
1767275345.6676083,15,244.40625,1311.75
1767275345.6676083,15,245.65625,1299.0
1767275345.6676083,15,246.890625,1288.75
1767275345.6676083,15,248.109375,1278.5
1767275345.6676083,15,249.328125,1268.75
1767275345.6676083,15,250.515625,1259.5
1767275345.6676083,15,251.765625,1250.25
1767275345.6676083,15,253.015625,1242.25
1767275345.6676083,15,254.171875,1234.5
1767275345.6676083,15,255.453125,1228.0
1767275345.6676083,15,256.703125,1223.75
1767275345.6676083,15,257.921875,1218.5
1767275345.6676083,15,259.125,1213.5
1767275345.6676083,15,260.296875,1209.75
1767275345.6676083,15,261.5,1206.0
1767275345.6676083,15,262.734375,1202.5
1767275345.6676083,15,263.953125,1199.0
1767275345.6676083,15,265.171875,1197.25
1767275345.6676083,15,266.375,1196.5
1767275345.6676083,15,267.640625,1195.75
1767275345.6676083,15,268.828125,1195.25
1767275345.6676083,15,270.0,1195.25
1767275345.6676083,15,271.21875,1196.5
1767275345.6676083,15,272.421875,1199.5
1767275345.6676083,15,273.671875,1201.5
1767275345.6676083,15,274.859375,1203.5
1767275345.6676083,15,276.046875,1205.5
1767275345.6676083,15,277.25,1208.5
1767275345.6676083,15,278.421875,1213.5
1767275345.6676083,15,279.65625,1218.0
1767275345.6676083,15,280.859375,1222.5
1767275345.6676083,15,282.0625,1226.75
1767275345.6676083,15,283.21875,1232.25
1767275345.6676083,15,284.484375,1239.75
1767275345.6676083,15,285.640625,1248.25
1767275345.6676083,15,286.90625,1256.75
1767275345.6676083,15,288.03125,1265.0
1767275345.6676083,15,289.21875,1275.25
1767275345.6676083,15,290.4375,1286.0
1767275345.6676083,15,291.65625,1297.0
1767275345.6676083,15,292.84375,1310.5
1767275345.6676083,15,294.0625,1323.25
1767275345.6676083,15,295.265625,1334.25
1767275345.6676083,15,296.5,1348.0
1767275345.6676083,15,297.671875,1364.5
1767275345.6676083,15,298.8125,1382.5
1767275345.6676083,15,300.015625,1400.75
1767275345.6676083,15,301.234375,1416.25
1767275345.6676083,15,302.5,1403.5
1767275345.6676083,15,305.015625,1322.25
1767275345.6676083,15,306.234375,1284.5
1767275345.6676083,15,307.40625,1248.5
1767275345.6676083,15,311.265625,1111.25
1767275345.6676083,15,312.484375,1087.0
1767275345.6676083,15,313.734375,1063.5
1767275345.6676083,15,314.9375,1041.75
1767275345.6676083,15,316.203125,1019.5
1767275345.6676083,15,317.453125,999.75
1767275345.6676083,15,318.59375,983.25
1767275345.6676083,15,319.90625,966.0
1767275345.6676083,15,321.09375,951.0
1767275345.6676083,15,322.375,936.5
1767275345.6676083,15,323.609375,921.25
1767275345.6676083,15,324.859375,908.0
1767275345.6676083,15,326.140625,895.25
1767275345.6676083,15,327.390625,883.0
1767275345.6676083,15,328.53125,873.0
1767275345.6676083,15,329.765625,863.75
1767275345.6676083,15,331.03125,853.5
1767275345.6676083,15,332.25,843.0
1767275345.6676083,15,333.5,833.0
1767275345.6676083,15,334.71875,824.5
1767275345.6676083,15,336.015625,816.5
1767275345.6676083,15,337.234375,808.75
1767275345.6676083,15,338.453125,801.5
1767275345.6676083,15,339.59375,795.5
1767275345.6676083,15,340.828125,790.0
1767275345.6676083,15,342.15625,784.75
1767275345.6676083,15,343.421875,779.5
1767275345.6676083,15,344.546875,774.5
1767275345.6676083,15,345.828125,770.25
1767275345.6676083,15,347.09375,766.75
1767275345.6676083,15,348.203125,763.25
1767275345.6676083,15,349.484375,760.25
1767275345.6676083,15,350.734375,757.5
1767275345.6676083,15,351.921875,754.75
1767275345.8184505,15,353.1875,752.5
1767275345.8184505,15,354.46875,751.0
1767275345.8184505,15,355.625,749.75
1767275345.8184505,15,356.8125,748.5
1767275345.8184505,15,359.140625,774.0
1767275345.8184505,15,0.390625,775.25
1767275345.8184505,15,1.640625,784.5
1767275345.8184505,15,2.84375,793.0
1767275345.8184505,15,4.046875,795.0
1767275345.8184505,15,5.171875,796.75
1767275345.8184505,15,6.453125,798.75
1767275345.8184505,15,7.609375,801.0
1767275345.8184505,15,8.84375,804.25
1767275345.8184505,15,10.0,808.5
1767275345.8184505,15,11.1875,812.5
1767275345.8184505,15,12.421875,816.5
1767275345.8184505,15,13.6875,821.25
1767275345.8184505,15,14.796875,825.75
1767275345.8184505,15,16.0,831.0
1767275345.8184505,15,17.25,838.0
1767275345.8184505,15,18.5,845.5
1767275345.8184505,15,19.703125,853.75
1767275345.8184505,15,20.90625,861.0
1767275345.8184505,15,21.984375,867.5
1767275345.8184505,15,23.3125,874.5
1767275345.8184505,15,24.453125,882.75
1767275345.8184505,15,25.609375,891.75
1767275345.8184505,15,26.875,901.0
1767275345.8184505,15,27.984375,910.0
1767275345.8184505,15,29.234375,920.0
1767275345.8184505,15,30.484375,931.25
1767275345.8184505,15,31.59375,943.25
1767275345.8184505,15,32.8125,956.75
1767275345.8184505,15,34.0,970.5
1767275345.8184505,15,35.140625,983.75
1767275345.8184505,15,36.5,997.5
1767275345.8184505,15,37.703125,1014.25
1767275345.8184505,15,38.84375,1031.0
1767275345.8184505,15,40.109375,1047.75
1767275345.8184505,15,41.28125,1067.25
1767275345.8184505,15,42.421875,1089.25
1767275345.8184505,15,45.984375,586.0
1767275345.8184505,15,47.21875,585.25
1767275345.8184505,15,48.40625,585.25
1767275345.8184505,15,49.65625,584.5
1767275345.8184505,15,50.921875,584.5
1767275345.8184505,15,52.1875,586.5
1767275345.8184505,15,53.28125,587.75
1767275345.8184505,15,54.71875,588.5
1767275345.8184505,15,55.859375,589.5
1767275345.8184505,15,57.03125,591.0
1767275345.8184505,15,58.171875,592.75
1767275345.8184505,15,59.359375,594.0
1767275345.8184505,15,60.609375,595.25
1767275345.8184505,15,61.828125,597.25
1767275345.8184505,15,63.0,599.75
1767275345.8184505,15,64.390625,602.75
1767275345.8184505,15,65.5625,606.0
1767275345.8184505,15,66.671875,609.5
1767275345.8184505,15,68.015625,613.25
1767275345.8184505,15,69.21875,617.5
1767275345.8184505,15,70.328125,622.25
1767275345.8184505,15,73.015625,1075.0
1767275345.8184505,15,74.265625,1068.25
1767275345.8184505,15,75.4375,1062.25
1767275345.8184505,15,76.625,1058.25
1767275345.8184505,15,77.875,1052.75
1767275345.8184505,15,79.1875,1047.5
1767275345.8184505,15,80.40625,1045.0
1767275345.8184505,15,81.640625,1042.0
1767275345.8184505,15,82.796875,1039.5
1767275345.8184505,15,83.90625,1038.5
1767275345.8184505,15,85.140625,1037.0
1767275345.8184505,15,86.453125,1035.5
1767275345.8184505,15,87.578125,1035.0
1767275345.8184505,15,88.84375,1035.0
1767275345.8184505,15,90.0,1035.5
1767275345.8184505,15,91.28125,1036.5
1767275345.8184505,15,92.4375,1038.25
1767275345.8184505,15,93.65625,1041.0
1767275345.8184505,15,94.890625,1042.75
1767275345.8184505,15,96.140625,1044.25
1767275345.8184505,15,97.28125,1047.5
1767275345.8184505,15,98.5625,1051.75
1767275345.8184505,15,99.765625,1056.25
1767275345.8184505,15,100.890625,1060.75
1767275345.8184505,15,102.09375,1066.0
1767275345.8184505,15,103.328125,1071.0
1767275345.8184505,15,104.515625,1076.25
1767275345.8184505,15,105.765625,1082.0
1767275345.8184505,15,106.921875,1088.75
1767275345.8184505,15,108.109375,1095.75
1767275345.8184505,15,109.328125,1102.75
1767275345.8184505,15,110.5,1111.75
1767275345.8184505,15,111.75,1120.0
1767275345.8184505,15,112.875,1128.25
1767275345.8184505,15,114.15625,1138.25
1767275345.8184505,15,115.25,1151.5
1767275345.8184505,15,116.546875,1163.75
1767275345.8184505,15,117.75,1174.0
1767275345.8184505,15,120.78125,759.5
1767275345.8184505,15,122.0,750.5
1767275345.8184505,15,123.3125,741.75
1767275345.8184505,15,124.625,733.75
1767275345.8184505,15,125.8125,727.0
1767275345.8184505,15,127.0625,720.25
1767275345.8184505,15,128.265625,714.0
1767275345.8184505,15,129.484375,708.0
1767275345.8184505,15,130.71875,702.0
1767275345.8184505,15,131.953125,697.0
1767275345.8184505,15,133.25,691.75
1767275345.8184505,15,134.40625,687.0
1767275345.8184505,15,135.640625,684.0
1767275345.8184505,15,139.671875,1049.0
1767275345.8184505,15,143.375,998.25
1767275345.8184505,15,144.59375,986.0
1767275345.8184505,15,145.828125,972.75
1767275345.8184505,15,147.078125,959.5
1767275345.8184505,15,148.359375,948.25
1767275345.8184505,15,149.53125,936.75
1767275345.8184505,15,150.796875,926.5
1767275345.8184505,15,152.046875,916.75
1767275345.8184505,15,153.1875,907.0
1767275345.8184505,15,154.453125,898.5
1767275345.8184505,15,155.8125,890.75
1767275345.8184505,15,157.015625,884.0
1767275345.8184505,15,158.234375,877.5
1767275345.8184505,15,159.484375,871.0
1767275345.8184505,15,160.71875,865.25
1767275345.8184505,15,162.015625,860.0
1767275345.8184505,15,163.15625,854.5
1767275345.8184505,15,164.421875,849.0
1767275345.8184505,15,165.59375,844.75
1767275345.8184505,15,166.921875,840.5
1767275345.8184505,15,168.046875,836.75
1767275345.8184505,15,169.296875,833.0
1767275345.8184505,15,170.625,829.0
1767275345.8184505,15,171.703125,826.5
1767275345.8184505,15,173.046875,824.75
1767275345.8184505,15,174.234375,823.5
1767275345.8184505,15,175.390625,823.0
1767275345.8184505,15,176.578125,822.5
1767275345.8184505,15,177.921875,822.5
1767275345.8184505,15,179.15625,822.75
1767275345.8184505,15,180.203125,823.25
1767275345.8184505,15,181.5625,824.5
1767275345.8184505,15,182.640625,825.75
1767275345.8184505,15,183.890625,827.0
1767275345.8184505,15,185.078125,828.75
1767275345.8184505,15,186.390625,831.5
1767275345.8184505,15,187.578125,834.25
1767275345.8184505,15,188.6875,837.0
1767275345.8184505,15,189.890625,841.25
1767275345.8184505,15,191.140625,846.25
1767275345.8184505,15,192.3125,850.75
1767275345.8184505,15,193.59375,855.75
1767275345.8184505,15,194.734375,860.75
1767275345.8184505,15,196.015625,866.0
1767275345.8184505,15,197.1875,871.0
1767275345.8184505,15,198.359375,876.5
1767275345.8184505,15,199.625,883.25
1767275345.8184505,15,200.84375,890.75
1767275345.8184505,15,202.0625,897.5
1767275345.8184505,15,203.25,905.0
1767275345.8184505,15,204.40625,913.75
1767275345.8184505,15,205.5625,922.5
1767275345.8184505,15,206.765625,931.75
1767275345.8184505,15,207.953125,943.25
1767275345.8184505,15,209.203125,954.5
1767275345.8184505,15,210.390625,965.25
1767275345.8184505,15,211.625,977.5
1767275345.8184505,15,212.71875,990.0
1767275345.8184505,15,213.9375,1003.75
1767275345.8184505,15,215.234375,1019.0
1767275345.8184505,15,216.34375,1035.5
1767275345.8184505,15,217.53125,1051.0
1767275345.8184505,15,218.796875,1068.5
1767275345.8184505,15,219.890625,1088.5
1767275345.8184505,15,221.171875,1107.0
1767275345.8184505,15,222.265625,1126.75
1767275345.8184505,15,223.53125,1150.0
1767275345.8184505,15,226.59375,792.5
1767275345.8184505,15,227.828125,794.0
1767275345.8184505,15,228.921875,795.75
1767275345.8184505,15,230.265625,798.75
1767275345.8184505,15,231.34375,801.75
1767275345.8184505,15,232.625,805.0
1767275345.8184505,15,235.484375,1437.25
1767275345.8184505,15,236.6875,1417.25
1767275345.8184505,15,237.9375,1399.0
1767275345.8184505,15,239.171875,1377.75
1767275345.8184505,15,240.421875,1358.25
1767275345.8184505,15,241.671875,1341.5
1767275345.8184505,15,242.890625,1328.25
1767275345.8184505,15,244.140625,1316.5
1767275345.8184505,15,245.296875,1303.75
1767275345.8184505,15,246.546875,1291.75
1767275345.8184505,15,247.8125,1281.5
1767275345.8184505,15,248.984375,1272.0
1767275345.8184505,15,250.1875,1262.5
1767275345.8184505,15,251.46875,1253.5
1767275345.8184505,15,252.703125,1244.5
1767275345.8184505,15,253.875,1236.25
1767275345.8184505,15,255.140625,1230.5
1767275345.8184505,15,256.390625,1224.5
1767275345.8184505,15,257.53125,1219.75
1767275345.8184505,15,258.78125,1215.25
1767275345.8184505,15,260.0,1211.0
1767275345.8184505,15,261.21875,1206.25
1767275345.8184505,15,262.46875,1202.75
1767275345.8184505,15,263.6875,1200.75
1767275345.8184505,15,264.9375,1197.75
1767275345.8184505,15,266.15625,1196.25
1767275345.8184505,15,267.375,1194.75
1767275345.8184505,15,268.59375,1194.25
1767275345.8184505,15,269.78125,1195.75
1767275345.8184505,15,270.984375,1197.75
1767275345.8184505,15,272.21875,1199.0
1767275345.8184505,15,273.40625,1200.75
1767275345.8184505,15,274.609375,1202.75
1767275345.8184505,15,275.703125,1205.5
1767275345.8184505,15,276.953125,1208.0
1767275345.8184505,15,278.09375,1212.25
1767275345.8184505,15,279.375,1217.75
1767275345.8184505,15,280.609375,1221.5
1767275345.8184505,15,281.8125,1225.75
1767275345.8184505,15,282.9375,1231.25
1767275345.8184505,15,284.140625,1237.75
1767275345.8184505,15,285.421875,1245.75
1767275345.8184505,15,286.59375,1255.25
1767275345.8184505,15,287.78125,1264.0
1767275345.8184505,15,288.984375,1272.5
1767275345.8184505,15,290.171875,1283.25
1767275345.8184505,15,291.421875,1294.75
1767275345.8184505,15,292.5625,1308.25
1767275345.8184505,15,293.75,1320.5
1767275345.8184505,15,294.96875,1332.0
1767275345.8184505,15,296.1875,1347.0
1767275345.8184505,15,297.40625,1361.75
1767275345.8184505,15,298.578125,1378.25
1767275345.8184505,15,299.8125,1397.75
1767275345.8184505,15,300.96875,1413.0
1767275345.8184505,15,302.21875,1408.0
1767275345.8184505,15,304.734375,1329.5
1767275345.8184505,15,305.984375,1293.5
1767275345.8184505,15,307.21875,1258.25
1767275345.8184505,15,311.0,1115.25
1767275345.8184505,15,312.234375,1091.0
1767275345.8184505,15,313.46875,1066.25
1767275345.8184505,15,314.75,1044.0
1767275345.8184505,15,315.984375,1023.75
1767275345.8184505,15,317.203125,1004.25
1767275345.8184505,15,318.359375,985.75
1767275345.8184505,15,319.640625,969.75
1767275345.8184505,15,320.875,954.5
1767275345.8184505,15,322.0625,938.75
1767275345.8184505,15,323.390625,923.25
1767275345.8184505,15,324.703125,909.25
1767275345.8184505,15,325.890625,896.75
1767275345.8184505,15,327.203125,885.75
1767275345.8184505,15,328.34375,875.75
1767275345.8184505,15,329.65625,865.5
1767275345.8184505,15,330.84375,855.0
1767275345.8184505,15,332.046875,845.0
1767275345.8184505,15,333.34375,834.5
1767275345.8184505,15,334.609375,825.0
1767275345.8184505,15,335.71875,817.25
1767275345.8184505,15,336.96875,809.25
1767275345.8184505,15,338.21875,802.25
1767275345.8184505,15,339.421875,796.25
1767275345.8184505,15,340.625,790.75
1767275345.8184505,15,341.96875,785.5
1767275345.8184505,15,343.21875,780.25
1767275345.8184505,15,344.4375,775.5
1767275345.8184505,15,345.6875,770.5
1767275345.8184505,15,346.84375,767.0
1767275345.8184505,15,347.984375,763.75
1767275345.8184505,15,349.203125,760.75
1767275345.8184505,15,350.5,757.75
1767275345.8184505,15,351.71875,755.5
1767275345.9725826,15,352.875,753.0
1767275345.9725826,15,354.046875,751.5
1767275345.9725826,15,355.375,750.75
1767275345.9725826,15,356.5625,749.25
1767275345.9725826,15,358.890625,774.75
1767275345.9725826,15,0.109375,773.75
1767275345.9725826,15,1.359375,783.25
1767275345.9725826,15,2.4375,793.25
1767275345.9725826,15,3.765625,794.75
1767275345.9725826,15,4.96875,796.5
1767275345.9725826,15,6.171875,798.25
1767275345.9725826,15,7.34375,800.25
1767275345.9725826,15,8.609375,803.25
1767275345.9725826,15,9.765625,807.0
1767275345.9725826,15,10.890625,811.75
1767275345.9725826,15,12.140625,816.25
1767275345.9725826,15,13.296875,820.0
1767275345.9725826,15,14.640625,824.25
1767275345.9725826,15,15.765625,830.0
1767275345.9725826,15,16.984375,836.5
1767275345.9725826,15,18.203125,843.25
1767275345.9725826,15,19.328125,850.0
1767275345.9725826,15,20.625,857.25
1767275345.9725826,15,21.671875,866.0
1767275345.9725826,15,23.015625,873.25
1767275345.9725826,15,24.171875,880.25
1767275345.9725826,15,25.328125,889.25
1767275345.9725826,15,26.609375,898.75
1767275345.9725826,15,27.796875,907.5
1767275345.9725826,15,28.875,917.0
1767275345.9725826,15,30.140625,928.25
1767275345.9725826,15,31.265625,941.5
1767275345.9725826,15,32.5,953.75
1767275345.9725826,15,33.71875,965.0
1767275345.9725826,15,34.90625,978.75
1767275345.9725826,15,36.21875,993.5
1767275345.9725826,15,37.421875,1009.25
1767275345.9725826,15,38.546875,1027.25
1767275345.9725826,15,39.734375,1044.25
1767275345.9725826,15,40.921875,1061.0
1767275345.9725826,15,42.125,1081.75
1767275345.9725826,15,45.65625,587.0
1767275345.9725826,15,46.921875,585.25
1767275345.9725826,15,48.28125,584.5
1767275345.9725826,15,49.515625,584.75
1767275345.9725826,15,50.65625,585.25
1767275345.9725826,15,51.734375,586.0
1767275345.9725826,15,52.984375,586.75
1767275345.9725826,15,54.265625,588.0
1767275345.9725826,15,55.484375,589.0
1767275345.9725826,15,56.703125,590.5
1767275345.9725826,15,57.796875,592.25
1767275345.9725826,15,59.015625,593.5
1767275345.9725826,15,60.375,594.5
1767275345.9725826,15,61.640625,596.75
1767275345.9725826,15,62.703125,599.25
1767275345.9725826,15,63.859375,601.5
1767275345.9725826,15,65.109375,604.75
1767275345.9725826,15,66.40625,608.5
1767275345.9725826,15,67.53125,612.25
1767275345.9725826,15,68.6875,616.25
1767275345.9725826,15,69.984375,621.0
1767275345.9725826,15,72.703125,1075.25
1767275345.9725826,15,73.875,1070.0
1767275345.9725826,15,75.125,1064.0
1767275345.9725826,15,76.28125,1059.75
1767275345.9725826,15,77.5625,1054.75
1767275345.9725826,15,78.8125,1048.75
1767275345.9725826,15,79.953125,1045.0
1767275345.9725826,15,81.15625,1043.0
1767275345.9725826,15,82.484375,1041.25
1767275345.9725826,15,83.515625,1039.75
1767275345.9725826,15,84.71875,1038.0
1767275345.9725826,15,86.015625,1036.25
1767275345.9725826,15,87.15625,1035.75
1767275345.9725826,15,88.484375,1035.25
1767275345.9725826,15,89.640625,1035.5
1767275345.9725826,15,90.828125,1037.0
1767275345.9725826,15,92.0625,1038.25
1767275345.9725826,15,93.265625,1040.0
1767275345.9725826,15,94.453125,1041.75
1767275345.9725826,15,95.75,1043.5
1767275345.9725826,15,96.875,1046.5
1767275345.9725826,15,98.046875,1049.75
1767275345.9725826,15,99.34375,1054.5
1767275345.9725826,15,100.53125,1059.75
1767275345.9725826,15,101.75,1063.75
1767275345.9725826,15,102.9375,1067.75
1767275345.9725826,15,104.15625,1073.0
1767275345.9725826,15,105.34375,1080.25
1767275345.9725826,15,106.578125,1087.25
1767275345.9725826,15,107.6875,1093.25
1767275345.9725826,15,108.90625,1100.75
1767275345.9725826,15,110.15625,1109.0
1767275345.9725826,15,111.328125,1116.5
1767275345.9725826,15,112.515625,1125.5
1767275345.9725826,15,113.75,1135.75
1767275345.9725826,15,114.9375,1146.0
1767275345.9725826,15,116.15625,1158.25
1767275345.9725826,15,117.3125,1171.5
1767275345.9725826,15,120.34375,762.0
1767275345.9725826,15,121.6875,753.5
1767275345.9725826,15,122.890625,744.25
1767275345.9725826,15,124.046875,736.75
1767275345.9725826,15,125.421875,729.25
1767275345.9725826,15,126.578125,721.5
1767275345.9725826,15,127.828125,715.0
1767275345.9725826,15,129.046875,709.25
1767275345.9725826,15,130.203125,703.0
1767275345.9725826,15,131.40625,697.5
1767275345.9725826,15,132.71875,693.0
1767275345.9725826,15,133.9375,688.75
1767275345.9725826,15,135.171875,685.75
1767275345.9725826,15,136.328125,683.0
1767275345.9725826,15,142.953125,1005.5
1767275345.9725826,15,144.109375,990.75
1767275345.9725826,15,145.453125,976.25
1767275345.9725826,15,146.6875,963.75
1767275345.9725826,15,147.921875,953.5
1767275345.9725826,15,149.09375,942.25
1767275345.9725826,15,150.359375,930.0
1767275345.9725826,15,151.578125,920.0
1767275345.9725826,15,152.84375,911.25
1767275345.9725826,15,153.953125,902.5
1767275345.9725826,15,155.171875,894.5
1767275345.9725826,15,156.515625,886.75
1767275345.9725826,15,157.6875,879.5
1767275345.9725826,15,158.828125,873.5
1767275345.9725826,15,160.0625,868.25
1767275345.9725826,15,161.28125,862.5
1767275345.9725826,15,162.5,857.0
1767275345.9725826,15,163.84375,852.0
1767275345.9725826,15,164.9375,847.25
1767275345.9725826,15,166.1875,842.75
1767275345.9725826,15,167.515625,838.25
1767275345.9725826,15,168.640625,835.25
1767275345.9725826,15,169.90625,832.0
1767275345.9725826,15,171.171875,828.25
1767275345.9725826,15,172.25,826.0
1767275345.9725826,15,173.46875,824.5
1767275345.9725826,15,174.78125,823.25
1767275345.9725826,15,176.015625,823.0
1767275345.9725826,15,177.171875,822.75
1767275345.9725826,15,178.296875,822.5
1767275345.9725826,15,179.59375,823.0
1767275345.9725826,15,180.765625,823.75
1767275345.9725826,15,182.015625,824.75
1767275345.9725826,15,183.171875,825.75
1767275345.9725826,15,184.515625,827.25
1767275345.9725826,15,185.703125,830.0
1767275345.9725826,15,186.828125,833.25
1767275345.9725826,15,188.0625,835.75
1767275345.9725826,15,189.3125,839.25
1767275345.9725826,15,190.453125,843.75
1767275345.9725826,15,191.640625,848.0
1767275345.9725826,15,192.875,851.75
1767275345.9725826,15,194.09375,856.75
1767275345.9725826,15,195.21875,862.75
1767275345.9725826,15,196.421875,868.0
1767275345.9725826,15,197.71875,873.0
1767275345.9725826,15,198.90625,879.25
1767275345.9725826,15,200.140625,886.0
1767275345.9725826,15,201.328125,892.75
1767275345.9725826,15,202.4375,900.75
1767275345.9725826,15,203.796875,908.5
1767275345.9725826,15,204.96875,917.25
1767275345.9725826,15,206.078125,927.5
1767275345.9725826,15,207.359375,937.75
1767275345.9725826,15,208.484375,948.25
1767275345.9725826,15,209.6875,959.0
1767275345.9725826,15,210.921875,971.5
1767275345.9725826,15,212.15625,983.5
1767275345.9725826,15,213.296875,995.25
1767275345.9725826,15,214.46875,1010.0
1767275345.9725826,15,215.703125,1026.75
1767275345.9725826,15,216.890625,1041.5
1767275345.9725826,15,218.03125,1057.75
1767275345.9725826,15,219.265625,1077.5
1767275345.9725826,15,220.515625,1097.0
1767275345.9725826,15,221.625,1115.0
1767275345.9725826,15,222.8125,1135.25
1767275345.9725826,15,225.765625,790.75
1767275345.9725826,15,227.109375,793.25
1767275345.9725826,15,228.375,794.5
1767275345.9725826,15,229.5,797.0
1767275345.9725826,15,230.765625,799.75
1767275345.9725826,15,231.96875,803.25
1767275345.9725826,15,234.765625,1434.5
1767275345.9725826,15,236.0625,1426.25
1767275345.9725826,15,237.25,1410.25
1767275345.9725826,15,238.46875,1392.0
1767275345.9725826,15,239.71875,1370.0
1767275345.9725826,15,240.921875,1350.5
1767275345.9725826,15,242.15625,1335.25
1767275345.9725826,15,243.390625,1324.0
1767275345.9725826,15,244.59375,1311.0
1767275345.9725826,15,245.890625,1298.0
1767275345.9725826,15,247.109375,1287.5
1767275345.9725826,15,248.328125,1277.0
1767275345.9725826,15,249.53125,1267.75
1767275345.9725826,15,250.796875,1259.0
1767275345.9725826,15,251.90625,1249.75
1767275345.9725826,15,253.140625,1242.25
1767275345.9725826,15,254.328125,1233.75
1767275345.9725826,15,255.546875,1227.5
1767275345.9725826,15,256.828125,1223.5
1767275345.9725826,15,258.0,1218.25
1767275345.9725826,15,259.25,1213.0
1767275345.9725826,15,260.5,1209.0
1767275345.9725826,15,261.671875,1206.0
1767275345.9725826,15,262.90625,1202.75
1767275345.9725826,15,264.140625,1199.5
1767275345.9725826,15,265.375,1197.5
1767275345.9725826,15,266.5625,1196.5
1767275345.9725826,15,267.796875,1196.25
1767275345.9725826,15,268.953125,1196.25
1767275345.9725826,15,270.203125,1196.0
1767275345.9725826,15,271.421875,1197.0
1767275345.9725826,15,272.59375,1199.75
1767275345.9725826,15,273.828125,1202.25
1767275345.9725826,15,275.046875,1204.5
1767275345.9725826,15,276.21875,1205.75
1767275345.9725826,15,277.375,1209.25
1767275345.9725826,15,278.546875,1214.25
1767275345.9725826,15,279.75,1218.5
1767275345.9725826,15,280.953125,1223.5
1767275345.9725826,15,282.265625,1228.25
1767275345.9725826,15,283.421875,1233.25
1767275345.9725826,15,284.609375,1240.25
1767275345.9725826,15,285.84375,1248.75
1767275345.9725826,15,287.015625,1258.0
1767275345.9725826,15,288.234375,1267.0
1767275345.9725826,15,289.40625,1277.5
1767275345.9725826,15,290.59375,1288.0
1767275345.9725826,15,291.84375,1298.75
1767275345.9725826,15,293.03125,1312.0
1767275345.9725826,15,294.21875,1325.5
1767275345.9725826,15,295.4375,1337.0
1767275345.9725826,15,296.65625,1350.5
1767275345.9725826,15,297.859375,1368.0
1767275345.9725826,15,299.0625,1386.0
1767275345.9725826,15,300.265625,1402.75
1767275345.9725826,15,303.953125,1356.5
1767275345.9725826,15,305.21875,1318.5
1767275345.9725826,15,306.390625,1280.0
1767275345.9725826,15,307.65625,1243.5
1767275345.9725826,15,310.1875,1134.5
1767275345.9725826,15,311.390625,1105.75
1767275345.9725826,15,312.640625,1081.5
1767275345.9725826,15,313.96875,1059.5
1767275345.9725826,15,315.171875,1038.75
1767275345.9725826,15,316.4375,1016.25
1767275345.9725826,15,317.59375,996.0
1767275345.9725826,15,318.84375,979.75
1767275345.9725826,15,320.171875,963.75
1767275345.9725826,15,321.328125,948.0
1767275345.9725826,15,322.515625,934.5
1767275345.9725826,15,323.90625,920.0
1767275345.9725826,15,325.125,905.75
1767275345.9725826,15,326.359375,893.0
1767275345.9725826,15,327.59375,881.25
1767275345.9725826,15,328.71875,871.5
1767275345.9725826,15,329.96875,862.5
1767275345.9725826,15,331.328125,852.0
1767275345.9725826,15,332.46875,841.25
1767275345.9725826,15,333.703125,831.5
1767275345.9725826,15,334.984375,823.0
1767275345.9725826,15,336.109375,815.25
1767275345.9725826,15,337.46875,807.75
1767275345.9725826,15,338.65625,800.25
1767275345.9725826,15,339.90625,794.25
1767275345.9725826,15,341.015625,788.75
1767275345.9725826,15,342.359375,784.0
1767275345.9725826,15,343.515625,779.25
1767275345.9725826,15,344.796875,774.0
1767275345.9725826,15,346.015625,769.75
1767275345.9725826,15,347.265625,766.25
1767275345.9725826,15,348.46875,762.75
1767275345.9725826,15,349.609375,760.0
1767275345.9725826,15,350.890625,757.5
1767275345.9725826,15,351.984375,754.75
1767275346.1232069,15,353.234375,752.0
1767275346.1232069,15,354.484375,750.0
1767275346.1232069,15,355.65625,749.0
1767275346.1232069,15,356.875,748.5
1767275346.1232069,15,359.234375,773.75
1767275346.1232069,15,0.40625,775.25
1767275346.1232069,15,1.5625,784.5
1767275346.1232069,15,2.890625,793.0
1767275346.1232069,15,4.109375,795.0
1767275346.1232069,15,5.328125,796.75
1767275346.1232069,15,6.5,798.75
1767275346.1232069,15,7.65625,801.75
1767275346.1232069,15,8.921875,805.0
1767275346.1232069,15,10.125,808.5
1767275346.1232069,15,11.375,812.5
1767275346.1232069,15,12.5625,816.5
1767275346.1232069,15,13.703125,821.25
1767275346.1232069,15,14.890625,825.75
1767275346.1232069,15,16.15625,831.0
1767275346.1232069,15,17.375,838.0
1767275346.1232069,15,18.4375,845.5
1767275346.1232069,15,19.75,853.5
1767275346.1232069,15,20.90625,861.0
1767275346.1232069,15,22.15625,868.0
1767275346.1232069,15,23.265625,875.25
1767275346.1232069,15,24.5,882.75
1767275346.1232069,15,25.75,892.25
1767275346.1232069,15,26.90625,902.5
1767275346.1232069,15,28.140625,911.0
1767275346.1232069,15,29.21875,920.0
1767275346.1232069,15,30.484375,932.5
1767275346.1232069,15,31.65625,944.75
1767275346.1232069,15,32.828125,957.0
1767275346.1232069,15,34.09375,970.75
1767275346.1232069,15,35.203125,984.75
1767275346.1232069,15,36.578125,998.5
1767275346.1232069,15,37.78125,1014.5
1767275346.1232069,15,39.03125,1032.75
1767275346.1232069,15,40.15625,1050.5
1767275346.1232069,15,41.421875,1068.5
1767275346.1232069,15,46.203125,586.25
1767275346.1232069,15,47.40625,585.75
1767275346.1232069,15,48.546875,585.25
1767275346.1232069,15,49.90625,584.5
1767275346.1232069,15,51.0,584.75
1767275346.1232069,15,52.171875,586.5
1767275346.1232069,15,53.515625,587.25
1767275346.1232069,15,54.609375,588.25
1767275346.1232069,15,55.984375,590.0
1767275346.1232069,15,57.125,591.75
1767275346.1232069,15,58.40625,592.75
1767275346.1232069,15,59.53125,594.0
1767275346.1232069,15,60.765625,595.25
1767275346.1232069,15,62.0,597.25
1767275346.1232069,15,63.15625,599.75
1767275346.1232069,15,64.40625,602.75
1767275346.1232069,15,65.640625,606.0
1767275346.1232069,15,66.8125,609.5
1767275346.1232069,15,67.890625,613.5
1767275346.1232069,15,69.203125,617.75
1767275346.1232069,15,70.328125,622.25
1767275346.1232069,15,73.046875,1074.25
1767275346.1232069,15,74.328125,1068.25
1767275346.1232069,15,75.484375,1062.25
1767275346.1232069,15,76.734375,1058.0
1767275346.1232069,15,77.953125,1052.5
1767275346.1232069,15,79.234375,1047.5
1767275346.1232069,15,80.375,1045.0
1767275346.1232069,15,81.671875,1042.0
1767275346.1232069,15,82.875,1039.0
1767275346.1232069,15,83.953125,1038.0
1767275346.1232069,15,85.15625,1036.75
1767275346.1232069,15,86.453125,1035.25
1767275346.1232069,15,87.640625,1035.0
1767275346.1232069,15,88.796875,1035.0
1767275346.1232069,15,90.03125,1035.5
1767275346.1232069,15,91.1875,1036.5
1767275346.1232069,15,92.46875,1038.5
1767275346.1232069,15,93.640625,1041.0
1767275346.1232069,15,94.921875,1042.75
1767275346.1232069,15,96.0625,1044.25
1767275346.1232069,15,97.3125,1047.25
1767275346.1232069,15,98.5,1051.75
1767275346.1232069,15,99.734375,1056.25
1767275346.1232069,15,100.875,1060.75
1767275346.1232069,15,102.09375,1066.0
1767275346.1232069,15,103.296875,1071.25
1767275346.1232069,15,104.546875,1076.25
1767275346.1232069,15,105.765625,1082.0
1767275346.1232069,15,106.984375,1088.75
1767275346.1232069,15,108.140625,1096.25
1767275346.1232069,15,109.390625,1103.25
1767275346.1232069,15,110.546875,1111.75
1767275346.1232069,15,111.78125,1120.5
1767275346.1232069,15,112.96875,1129.75
1767275346.1232069,15,114.21875,1139.5
1767275346.1232069,15,115.359375,1151.25
1767275346.1232069,15,116.59375,1165.0
1767275346.1232069,15,117.8125,1176.25
1767275346.1232069,15,120.84375,759.5
1767275346.1232069,15,122.125,749.75
1767275346.1232069,15,123.359375,740.75
1767275346.1232069,15,124.65625,733.5
1767275346.1232069,15,125.890625,726.25
1767275346.1232069,15,127.015625,719.5
1767275346.1232069,15,128.3125,713.75
1767275346.1232069,15,129.53125,707.75
1767275346.1232069,15,130.734375,702.0
1767275346.1232069,15,131.984375,696.5
1767275346.1232069,15,133.15625,691.0
1767275346.1232069,15,134.453125,686.75
1767275346.1232069,15,135.609375,684.0
1767275346.1232069,15,139.796875,1048.0
1767275346.1232069,15,143.53125,998.0
1767275346.1232069,15,144.765625,985.0
1767275346.1232069,15,146.03125,971.75
1767275346.1232069,15,147.21875,959.0
1767275346.1232069,15,148.375,948.0
1767275346.1232069,15,149.6875,935.75
1767275346.1232069,15,150.84375,925.0
1767275346.1232069,15,152.09375,916.0
1767275346.1232069,15,153.40625,906.75
1767275346.1232069,15,154.609375,898.25
1767275346.1232069,15,155.875,890.5
1767275346.1232069,15,157.03125,883.25
1767275346.1232069,15,158.28125,876.75
1767275346.1232069,15,159.484375,871.0
1767275346.1232069,15,160.703125,865.25
1767275346.1232069,15,161.9375,860.0
1767275346.1232069,15,163.15625,854.5
1767275346.1232069,15,164.5,849.0
1767275346.1232069,15,165.625,844.75
1767275346.1232069,15,166.8125,840.5
1767275346.1232069,15,168.078125,836.75
1767275346.1232069,15,169.34375,833.0
1767275346.1232069,15,170.484375,829.0
1767275346.1232069,15,171.8125,826.75
1767275346.1232069,15,172.953125,825.0
1767275346.1232069,15,174.140625,823.5
1767275346.1232069,15,175.34375,823.0
1767275346.1232069,15,176.6875,822.25
1767275346.1232069,15,177.90625,822.5
1767275346.1232069,15,179.046875,823.0
1767275346.1232069,15,180.265625,823.25
1767275346.1232069,15,181.53125,824.5
1767275346.1232069,15,182.6875,825.75
1767275346.1232069,15,183.84375,827.0
1767275346.1232069,15,185.09375,828.75
1767275346.1232069,15,186.25,831.5
1767275346.1232069,15,187.609375,834.25
1767275346.1232069,15,188.78125,836.75
1767275346.1232069,15,189.9375,841.25
1767275346.1232069,15,191.171875,846.25
1767275346.1232069,15,192.375,850.75
1767275346.1232069,15,193.546875,855.75
1767275346.1232069,15,194.78125,860.75
1767275346.1232069,15,196.03125,866.0
1767275346.1232069,15,197.140625,871.0
1767275346.1232069,15,198.4375,876.5
1767275346.1232069,15,199.578125,883.25
1767275346.1232069,15,200.859375,890.75
1767275346.1232069,15,201.9375,897.5
1767275346.1232069,15,203.125,905.0
1767275346.1232069,15,204.46875,913.75
1767275346.1232069,15,205.703125,922.5
1767275346.1232069,15,206.953125,933.0
1767275346.1232069,15,208.078125,944.25
1767275346.1232069,15,209.265625,954.5
1767275346.1232069,15,210.515625,965.5
1767275346.1232069,15,211.71875,978.25
1767275346.1232069,15,212.96875,991.75
1767275346.1232069,15,214.09375,1006.0
1767275346.1232069,15,215.296875,1020.5
1767275346.1232069,15,216.484375,1036.0
1767275346.1232069,15,217.65625,1052.75
1767275346.1232069,15,218.921875,1070.75
1767275346.1232069,15,220.140625,1091.0
1767275346.1232069,15,221.328125,1110.0
1767275346.1232069,15,222.5625,1129.5
1767275346.1232069,15,223.640625,1155.25
1767275346.1232069,15,226.703125,792.75
1767275346.1232069,15,227.890625,793.75
1767275346.1232069,15,229.109375,796.0
1767275346.1232069,15,230.34375,798.75
1767275346.1232069,15,231.59375,802.0
1767275346.1232069,15,232.8125,807.75
1767275346.1232069,15,235.734375,1431.0
1767275346.1232069,15,236.921875,1414.25
1767275346.1232069,15,238.1875,1395.5
1767275346.1232069,15,239.421875,1374.5
1767275346.1232069,15,240.6875,1354.5
1767275346.1232069,15,241.84375,1338.25
1767275346.1232069,15,243.125,1325.75
1767275346.1232069,15,244.3125,1313.0
1767275346.1232069,15,245.625,1301.0
1767275346.1232069,15,246.8125,1289.75
1767275346.1232069,15,248.046875,1278.75
1767275346.1232069,15,249.3125,1269.25
1767275346.1232069,15,250.515625,1261.0
1767275346.1232069,15,251.609375,1251.5
1767275346.1232069,15,252.90625,1243.25
1767275346.1232069,15,254.078125,1236.0
1767275346.1232069,15,255.296875,1229.0
1767275346.1232069,15,256.546875,1224.25
1767275346.1232069,15,257.765625,1218.75
1767275346.1232069,15,259.015625,1213.5
1767275346.1232069,15,260.15625,1209.75
1767275346.1232069,15,261.40625,1206.0
1767275346.1232069,15,262.640625,1203.25
1767275346.1232069,15,263.890625,1200.75
1767275346.1232069,15,265.09375,1198.25
1767275346.1232069,15,266.28125,1196.75
1767275346.1232069,15,267.5625,1196.0
1767275346.1232069,15,268.765625,1195.5
1767275346.1232069,15,269.921875,1195.75
1767275346.1232069,15,271.140625,1197.25
1767275346.1232069,15,272.390625,1199.25
1767275346.1232069,15,273.625,1201.75
1767275346.1232069,15,274.796875,1204.0
1767275346.1232069,15,275.890625,1205.75
1767275346.1232069,15,277.140625,1208.5
1767275346.1232069,15,278.34375,1213.5
1767275346.1232069,15,279.578125,1218.25
1767275346.1232069,15,280.734375,1221.25
1767275346.1232069,15,282.015625,1225.25
1767275346.1232069,15,283.171875,1232.0
1767275346.1232069,15,284.421875,1239.75
1767275346.1232069,15,285.59375,1248.0
1767275346.1232069,15,286.796875,1256.5
1767275346.1232069,15,287.984375,1264.75
1767275346.1232069,15,289.171875,1274.0
1767275346.1232069,15,290.453125,1285.0
1767275346.1232069,15,291.59375,1297.0
1767275346.1232069,15,292.84375,1310.5
1767275346.1232069,15,294.046875,1322.25
1767275346.1232069,15,295.234375,1333.5
1767275346.1232069,15,296.453125,1348.0
1767275346.1232069,15,297.65625,1364.25
1767275346.1232069,15,298.8125,1381.5
1767275346.1232069,15,300.078125,1399.75
1767275346.1232069,15,301.234375,1430.25
1767275346.1232069,15,304.984375,1320.5
1767275346.1232069,15,306.25,1284.0
1767275346.1232069,15,307.46875,1248.25
1767275346.1232069,15,311.265625,1110.75
1767275346.1232069,15,312.5,1086.0
1767275346.1232069,15,313.796875,1061.5
1767275346.1232069,15,314.984375,1040.5
1767275346.1232069,15,316.234375,1019.25
1767275346.1232069,15,317.578125,999.25
1767275346.1232069,15,318.71875,981.75
1767275346.1232069,15,320.0,965.0
1767275346.1232069,15,321.21875,950.0
1767275346.1232069,15,322.46875,935.0
1767275346.1232069,15,323.75,920.0
1767275346.1232069,15,324.9375,905.75
1767275346.1232069,15,326.21875,894.0
1767275346.1232069,15,327.515625,883.0
1767275346.1232069,15,328.65625,872.5
1767275346.1232069,15,329.953125,862.75
1767275346.1232069,15,331.140625,853.0
1767275346.1232069,15,332.421875,842.5
1767275346.1232069,15,333.671875,832.0
1767275346.1232069,15,334.84375,823.0
1767275346.1232069,15,336.109375,815.75
1767275346.1232069,15,337.40625,808.25
1767275346.1232069,15,338.5625,800.25
1767275346.1232069,15,339.765625,794.25
1767275346.1232069,15,341.078125,789.0
1767275346.1232069,15,342.296875,784.0
1767275346.1232069,15,343.5,779.25
1767275346.1232069,15,344.6875,774.0
1767275346.1232069,15,345.875,769.75
1767275346.1232069,15,347.15625,766.5
1767275346.1232069,15,348.421875,762.75
1767275346.1232069,15,349.59375,760.0
1767275346.1232069,15,350.859375,757.25
1767275346.1232069,15,352.0625,754.5
1767275346.2743242,15,353.375,752.0
1767275346.2743242,15,354.484375,750.0
1767275346.2743242,15,355.703125,749.0
1767275346.2743242,15,356.9375,748.5
1767275346.2743242,15,359.390625,773.75
1767275346.2743242,15,0.515625,776.0
1767275346.2743242,15,1.6875,785.25
1767275346.2743242,15,2.875,793.0
1767275346.2743242,15,4.1875,795.0
1767275346.2743242,15,5.34375,796.75
1767275346.2743242,15,6.484375,798.75
1767275346.2743242,15,7.796875,801.5
1767275346.2743242,15,9.015625,805.25
1767275346.2743242,15,10.171875,809.25
1767275346.2743242,15,11.34375,812.75
1767275346.2743242,15,12.65625,816.5
1767275346.2743242,15,13.84375,821.5
1767275346.2743242,15,15.046875,826.75
1767275346.2743242,15,16.15625,832.5
1767275346.2743242,15,17.46875,838.75
1767275346.2743242,15,18.625,845.75
1767275346.2743242,15,19.78125,853.5
1767275346.2743242,15,21.046875,861.0
1767275346.2743242,15,22.25,868.25
1767275346.2743242,15,23.359375,876.0
1767275346.2743242,15,24.703125,884.0
1767275346.2743242,15,25.796875,892.75
1767275346.2743242,15,27.03125,903.0
1767275346.2743242,15,28.234375,912.25
1767275346.2743242,15,29.46875,922.75
1767275346.2743242,15,30.640625,935.5
1767275346.2743242,15,31.875,947.0
1767275346.2743242,15,33.0,958.75
1767275346.2743242,15,34.171875,973.0
1767275346.2743242,15,35.5,986.75
1767275346.2743242,15,36.71875,1000.25
1767275346.2743242,15,37.984375,1017.5
1767275346.2743242,15,39.15625,1035.5
1767275346.2743242,15,40.3125,1053.0
1767275346.2743242,15,41.578125,1071.5
1767275346.2743242,15,46.3125,586.25
1767275346.2743242,15,47.53125,585.5
1767275346.2743242,15,48.703125,584.5
1767275346.2743242,15,49.984375,584.25
1767275346.2743242,15,51.203125,585.25
1767275346.2743242,15,52.53125,586.75
1767275346.2743242,15,53.6875,587.75
1767275346.2743242,15,54.984375,588.75
1767275346.2743242,15,56.03125,590.0
1767275346.2743242,15,57.3125,591.5
1767275346.2743242,15,58.46875,593.0
1767275346.2743242,15,59.703125,594.0
1767275346.2743242,15,60.90625,595.75
1767275346.2743242,15,62.125,598.25
1767275346.2743242,15,63.28125,600.25
1767275346.2743242,15,64.625,603.0
1767275346.2743242,15,65.640625,606.5
1767275346.2743242,15,66.96875,610.25
1767275346.2743242,15,68.15625,614.0
1767275346.2743242,15,69.25,618.75
1767275346.2743242,15,70.5625,626.5
1767275346.2743242,15,73.296875,1073.0
1767275346.2743242,15,74.515625,1067.5
1767275346.2743242,15,75.671875,1061.75
1767275346.2743242,15,76.90625,1056.25
1767275346.2743242,15,78.15625,1050.75
1767275346.2743242,15,79.375,1047.0
1767275346.2743242,15,80.640625,1044.0
1767275346.2743242,15,81.84375,1041.75
1767275346.2743242,15,83.0625,1040.25
1767275346.2743242,15,84.140625,1038.25
1767275346.2743242,15,85.375,1036.5
1767275346.2743242,15,86.59375,1036.25
1767275346.2743242,15,87.90625,1036.5
1767275346.2743242,15,89.0,1036.25
1767275346.2743242,15,90.328125,1036.0
1767275346.2743242,15,91.4375,1037.25
1767275346.2743242,15,92.734375,1039.75
1767275346.2743242,15,93.9375,1041.0
1767275346.2743242,15,95.15625,1042.75
1767275346.2743242,15,96.28125,1045.25
1767275346.2743242,15,97.5,1047.75
1767275346.2743242,15,98.78125,1052.25
1767275346.2743242,15,99.96875,1057.75
1767275346.2743242,15,101.15625,1061.75
1767275346.2743242,15,102.359375,1066.0
1767275346.2743242,15,103.546875,1072.0
1767275346.2743242,15,104.84375,1078.0
1767275346.2743242,15,105.953125,1084.25
1767275346.2743242,15,107.234375,1091.75
1767275346.2743242,15,108.421875,1098.75
1767275346.2743242,15,109.71875,1105.75
1767275346.2743242,15,110.84375,1113.5
1767275346.2743242,15,112.109375,1122.25
1767275346.2743242,15,113.234375,1132.0
1767275346.2743242,15,114.453125,1141.75
1767275346.2743242,15,115.703125,1154.5
1767275346.2743242,15,116.921875,1168.5
1767275346.2743242,15,118.078125,1178.5
1767275346.2743242,15,121.3125,756.5
1767275346.2743242,15,122.578125,747.0
1767275346.2743242,15,123.8125,739.0
1767275346.2743242,15,124.984375,731.0
1767275346.2743242,15,126.15625,723.75
1767275346.2743242,15,127.390625,717.5
1767275346.2743242,15,128.625,711.0
1767275346.2743242,15,129.984375,705.5
1767275346.2743242,15,131.1875,700.25
1767275346.2743242,15,132.296875,695.0
1767275346.2743242,15,133.5625,690.5
1767275346.2743242,15,134.703125,686.25
1767275346.2743242,15,135.96875,683.25
1767275346.2743242,15,137.140625,687.0
1767275346.2743242,15,140.1875,1043.25
1767275346.2743242,15,143.875,993.0
1767275346.2743242,15,145.09375,979.0
1767275346.2743242,15,146.28125,967.5
1767275346.2743242,15,147.578125,956.25
1767275346.2743242,15,148.765625,944.0
1767275346.2743242,15,150.0625,932.25
1767275346.2743242,15,151.328125,921.5
1767275346.2743242,15,152.484375,913.0
1767275346.2743242,15,153.78125,904.75
1767275346.2743242,15,155.0,896.25
1767275346.2743242,15,156.1875,888.5
1767275346.2743242,15,157.53125,880.75
1767275346.2743242,15,158.640625,874.5
1767275346.2743242,15,159.984375,869.5
1767275346.2743242,15,161.109375,863.75
1767275346.2743242,15,162.375,857.75
1767275346.2743242,15,163.640625,852.75
1767275346.2743242,15,164.890625,848.5
1767275346.2743242,15,166.0,844.0
1767275346.2743242,15,167.25,839.75
1767275346.2743242,15,168.5,836.25
1767275346.2743242,15,169.703125,832.25
1767275346.2743242,15,170.921875,828.5
1767275346.2743242,15,172.171875,826.0
1767275346.2743242,15,173.40625,824.5
1767275346.2743242,15,174.546875,823.25
1767275346.2743242,15,175.765625,822.5
1767275346.2743242,15,177.109375,822.25
1767275346.2743242,15,178.234375,822.5
1767275346.2743242,15,179.546875,823.25
1767275346.2743242,15,180.796875,823.75
1767275346.2743242,15,182.03125,824.75
1767275346.2743242,15,183.203125,825.75
1767275346.2743242,15,184.3125,827.25
1767275346.2743242,15,185.59375,830.0
1767275346.2743242,15,186.828125,833.5
1767275346.2743242,15,188.015625,836.0
1767275346.2743242,15,189.21875,839.25
1767275346.2743242,15,190.40625,843.75
1767275346.2743242,15,191.640625,848.0
1767275346.2743242,15,192.890625,852.0
1767275346.2743242,15,194.125,856.75
1767275346.2743242,15,195.234375,862.75
1767275346.2743242,15,196.515625,868.0
1767275346.2743242,15,197.640625,873.0
1767275346.2743242,15,198.921875,879.25
1767275346.2743242,15,200.125,886.0
1767275346.2743242,15,201.34375,892.75
1767275346.2743242,15,202.53125,900.75
1767275346.2743242,15,203.828125,908.5
1767275346.2743242,15,204.984375,917.25
1767275346.2743242,15,206.265625,927.5
1767275346.2743242,15,207.390625,938.25
1767275346.2743242,15,208.578125,949.5
1767275346.2743242,15,209.765625,959.75
1767275346.2743242,15,211.078125,971.75
1767275346.2743242,15,212.234375,985.0
1767275346.2743242,15,213.5,997.5
1767275346.2743242,15,214.578125,1012.5
1767275346.2743242,15,215.8125,1028.0
1767275346.2743242,15,217.0,1043.75
1767275346.2743242,15,218.21875,1061.0
1767275346.2743242,15,219.484375,1079.5
1767275346.2743242,15,220.59375,1098.5
1767275346.2743242,15,221.8125,1118.0
1767275346.2743242,15,222.984375,1140.25
1767275346.2743242,15,225.984375,792.0
1767275346.2743242,15,227.25,793.5
1767275346.2743242,15,228.5,795.25
1767275346.2743242,15,229.578125,797.5
1767275346.2743242,15,230.8125,800.0
1767275346.2743242,15,232.15625,803.5
1767275346.2743242,15,234.953125,1433.5
1767275346.2743242,15,236.171875,1425.0
1767275346.2743242,15,237.390625,1406.75
1767275346.2743242,15,238.6875,1385.0
1767275346.2743242,15,239.890625,1365.5
1767275346.2743242,15,241.109375,1348.75
1767275346.2743242,15,242.34375,1333.0
1767275346.2743242,15,243.609375,1320.5
1767275346.2743242,15,244.78125,1308.0
1767275346.2743242,15,246.046875,1295.25
1767275346.2743242,15,247.28125,1285.25
1767275346.2743242,15,248.5,1275.0
1767275346.2743242,15,249.734375,1264.5
1767275346.2743242,15,250.921875,1256.0
1767275346.2743242,15,252.140625,1248.5
1767275346.2743242,15,253.359375,1239.5
1767275346.2743242,15,254.609375,1231.5
1767275346.2743242,15,255.78125,1226.5
1767275346.2743242,15,257.03125,1222.25
1767275346.2743242,15,258.28125,1217.75
1767275346.2743242,15,259.5625,1212.25
1767275346.2743242,15,260.765625,1207.75
1767275346.2743242,15,261.9375,1204.5
1767275346.2743242,15,263.125,1202.5
1767275346.2743242,15,264.4375,1200.5
1767275346.2743242,15,265.625,1198.25
1767275346.2743242,15,266.8125,1196.5
1767275346.2743242,15,268.09375,1195.5
1767275346.2743242,15,269.296875,1195.25
1767275346.2743242,15,270.5,1195.25
1767275346.2743242,15,271.734375,1197.25
1767275346.2743242,15,272.96875,1199.5
1767275346.2743242,15,274.140625,1201.75
1767275346.2743242,15,275.34375,1204.5
1767275346.2743242,15,276.53125,1207.5
1767275346.2743242,15,277.734375,1211.5
1767275346.2743242,15,278.984375,1215.5
1767275346.2743242,15,280.21875,1219.25
1767275346.2743242,15,281.421875,1224.0
1767275346.2743242,15,282.65625,1230.25
1767275346.2743242,15,283.859375,1236.25
1767275346.2743242,15,285.046875,1244.0
1767275346.2743242,15,286.234375,1252.5
1767275346.2743242,15,287.453125,1261.0
1767275346.2743242,15,288.640625,1269.75
1767275346.2743242,15,289.828125,1279.25
1767275346.2743242,15,291.09375,1290.5
1767275346.2743242,15,292.296875,1304.75
1767275346.2743242,15,293.484375,1317.5
1767275346.2743242,15,294.703125,1328.5
1767275346.2743242,15,295.9375,1342.0
1767275346.2743242,15,297.109375,1357.5
1767275346.2743242,15,298.28125,1375.25
1767275346.2743242,15,299.546875,1393.75
1767275346.2743242,15,300.71875,1411.0
1767275346.2743242,15,301.921875,1409.25
1767275346.2743242,15,304.4375,1336.75
1767275346.2743242,15,305.703125,1299.75
1767275346.2743242,15,306.984375,1262.5
1767275346.2743242,15,310.796875,1121.75
1767275346.2743242,15,311.9375,1095.75
1767275346.2743242,15,313.265625,1070.5
1767275346.2743242,15,314.4375,1048.5
1767275346.2743242,15,315.734375,1028.5
1767275346.2743242,15,317.015625,1007.0
1767275346.2743242,15,318.15625,988.75
1767275346.2743242,15,319.40625,973.25
1767275346.2743242,15,320.6875,957.25
1767275346.2743242,15,321.96875,940.5
1767275346.2743242,15,323.125,925.5
1767275346.2743242,15,324.4375,913.0
1767275346.2743242,15,325.6875,901.5
1767275346.2743242,15,326.828125,889.25
1767275346.2743242,15,328.0625,877.75
1767275346.2743242,15,329.34375,867.75
1767275346.2743242,15,330.515625,857.75
1767275346.2743242,15,331.84375,846.5
1767275346.2743242,15,333.015625,835.75
1767275346.2743242,15,334.359375,827.0
1767275346.2743242,15,335.59375,819.5
1767275346.2743242,15,336.71875,812.0
1767275346.2743242,15,338.03125,803.75
1767275346.2743242,15,339.25,796.75
1767275346.2743242,15,340.5,791.75
1767275346.2743242,15,341.75,786.25
1767275346.2743242,15,342.84375,781.25
1767275346.2743242,15,344.109375,776.75
1767275346.2743242,15,345.328125,772.0
1767275346.2743242,15,346.640625,768.0
1767275346.2743242,15,347.75,764.5
1767275346.2743242,15,349.046875,761.25
1767275346.2743242,15,350.296875,758.0
1767275346.2743242,15,351.453125,755.0
1767275346.4244623,15,352.671875,752.5
1767275346.4244623,15,353.921875,751.25
1767275346.4244623,15,355.265625,750.5
1767275346.4244623,15,356.421875,749.25
1767275346.4244623,15,357.625,760.25
1767275346.4244623,15,358.75,773.0
1767275346.4244623,15,0.015625,774.0
1767275346.4244623,15,1.109375,784.0
1767275346.4244623,15,2.296875,794.25
1767275346.4244623,15,3.546875,795.0
1767275346.4244623,15,4.78125,796.75
1767275346.4244623,15,6.03125,798.25
1767275346.4244623,15,7.25,799.75
1767275346.4244623,15,8.453125,802.75
1767275346.4244623,15,9.703125,806.75
1767275346.4244623,15,10.84375,811.25
1767275346.4244623,15,12.171875,815.75
1767275346.4244623,15,13.265625,819.75
1767275346.4244623,15,14.484375,824.25
1767275346.4244623,15,15.671875,830.0
1767275346.4244623,15,16.875,836.25
1767275346.4244623,15,18.0625,843.25
1767275346.4244623,15,19.40625,850.0
1767275346.4244623,15,20.515625,857.0
1767275346.4244623,15,21.8125,865.75
1767275346.4244623,15,22.96875,873.0
1767275346.4244623,15,24.15625,880.25
1767275346.4244623,15,25.375,889.25
1767275346.4244623,15,26.578125,898.5
1767275346.4244623,15,27.8125,907.5
1767275346.4244623,15,28.9375,917.0
1767275346.4244623,15,30.171875,928.25
1767275346.4244623,15,31.296875,941.75
1767275346.4244623,15,32.515625,954.75
1767275346.4244623,15,33.765625,966.0
1767275346.4244623,15,34.90625,978.75
1767275346.4244623,15,36.25,993.25
1767275346.4244623,15,37.375,1009.25
1767275346.4244623,15,38.5625,1027.25
1767275346.4244623,15,39.8125,1045.0
1767275346.4244623,15,41.015625,1062.0
1767275346.4244623,15,42.203125,1082.0
1767275346.4244623,15,45.734375,586.75
1767275346.4244623,15,46.953125,585.25
1767275346.4244623,15,48.34375,584.75
1767275346.4244623,15,49.59375,584.75
1767275346.4244623,15,50.828125,585.25
1767275346.4244623,15,51.890625,585.75
1767275346.4244623,15,53.046875,586.5
1767275346.4244623,15,54.40625,587.75
1767275346.4244623,15,55.546875,589.0
1767275346.4244623,15,56.75,591.0
1767275346.4244623,15,57.96875,592.75
1767275346.4244623,15,59.234375,593.5
1767275346.4244623,15,60.5,594.5
1767275346.4244623,15,61.59375,596.5
1767275346.4244623,15,62.859375,599.0
1767275346.4244623,15,64.109375,601.5
1767275346.4244623,15,65.296875,604.75
1767275346.4244623,15,66.359375,608.5
1767275346.4244623,15,67.703125,612.5
1767275346.4244623,15,68.734375,616.5
1767275346.4244623,15,70.0625,621.0
1767275346.4244623,15,72.6875,1075.5
1767275346.4244623,15,73.9375,1069.75
1767275346.4244623,15,75.15625,1063.75
1767275346.4244623,15,76.375,1058.75
1767275346.4244623,15,77.5625,1053.75
1767275346.4244623,15,78.859375,1048.5
1767275346.4244623,15,80.078125,1045.0
1767275346.4244623,15,81.21875,1043.0
1767275346.4244623,15,82.546875,1041.25
1767275346.4244623,15,83.625,1038.25
1767275346.4244623,15,84.828125,1036.5
1767275346.4244623,15,86.140625,1036.0
1767275346.4244623,15,87.296875,1035.5
1767275346.4244623,15,88.546875,1036.0
1767275346.4244623,15,89.734375,1036.25
1767275346.4244623,15,90.984375,1037.0
1767275346.4244623,15,92.15625,1038.5
1767275346.4244623,15,93.375,1040.5
1767275346.4244623,15,94.609375,1042.25
1767275346.4244623,15,95.828125,1043.75
1767275346.4244623,15,97.0625,1046.75
1767275346.4244623,15,98.21875,1051.0
1767275346.4244623,15,99.484375,1055.5
1767275346.4244623,15,100.703125,1060.25
1767275346.4244623,15,101.84375,1064.25
1767275346.4244623,15,103.15625,1068.75
1767275346.4244623,15,104.265625,1075.0
1767275346.4244623,15,105.5625,1081.25
1767275346.4244623,15,106.734375,1087.25
1767275346.4244623,15,107.984375,1094.0
1767275346.4244623,15,109.140625,1101.75
1767275346.4244623,15,110.421875,1110.25
1767275346.4244623,15,111.546875,1119.0
1767275346.4244623,15,112.765625,1127.5
1767275346.4244623,15,113.96875,1137.25
1767275346.4244623,15,115.15625,1150.25
1767275346.4244623,15,116.40625,1162.75
1767275346.4244623,15,117.625,1173.75
1767275346.4244623,15,120.65625,760.5
1767275346.4244623,15,122.046875,751.0
1767275346.4244623,15,123.15625,741.75
1767275346.4244623,15,124.46875,734.5
1767275346.4244623,15,125.734375,727.75
1767275346.4244623,15,126.921875,720.0
1767275346.4244623,15,128.234375,714.0
1767275346.4244623,15,129.328125,708.25
1767275346.4244623,15,130.640625,702.25
1767275346.4244623,15,131.9375,696.75
1767275346.4244623,15,133.03125,692.25
1767275346.4244623,15,134.203125,688.0
1767275346.4244623,15,135.5625,684.5
1767275346.4244623,15,139.625,1050.0
1767275346.4244623,15,143.359375,1000.25
1767275346.4244623,15,144.625,986.5
1767275346.4244623,15,145.84375,973.25
1767275346.4244623,15,147.015625,960.5
1767275346.4244623,15,148.265625,949.75
1767275346.4244623,15,149.5625,937.75
1767275346.4244623,15,150.78125,926.75
1767275346.4244623,15,151.921875,917.0
1767275346.4244623,15,153.171875,907.5
1767275346.4244623,15,154.40625,898.75
1767275346.4244623,15,155.65625,891.75
1767275346.4244623,15,156.9375,885.0
1767275346.4244623,15,158.09375,878.25
1767275346.4244623,15,159.328125,872.25
1767275346.4244623,15,160.609375,866.25
1767275346.4244623,15,161.875,860.25
1767275346.4244623,15,163.046875,855.0
1767275346.4244623,15,164.28125,849.75
1767275346.4244623,15,165.515625,845.25
1767275346.4244623,15,166.71875,841.0
1767275346.4244623,15,167.984375,836.5
1767275346.4244623,15,169.15625,833.0
1767275346.4244623,15,170.390625,830.0
1767275346.4244623,15,171.59375,827.5
1767275346.4244623,15,172.796875,825.75
1767275346.4244623,15,174.0,824.0
1767275346.4244623,15,175.25,822.75
1767275346.4244623,15,176.5625,822.5
1767275346.4244623,15,177.703125,822.75
1767275346.4244623,15,178.859375,823.25
1767275346.4244623,15,180.328125,823.5
1767275346.4244623,15,181.484375,824.25
1767275346.4244623,15,182.75,825.5
1767275346.4244623,15,183.859375,827.0
1767275346.4244623,15,185.171875,828.75
1767275346.4244623,15,186.359375,831.5
1767275346.4244623,15,187.609375,834.25
1767275346.4244623,15,188.796875,836.75
1767275346.4244623,15,189.984375,841.0
1767275346.4244623,15,191.171875,846.25
1767275346.4244623,15,192.34375,850.75
1767275346.4244623,15,193.625,855.5
1767275346.4244623,15,194.796875,860.5
1767275346.4244623,15,196.03125,866.0
1767275346.4244623,15,197.296875,871.25
1767275346.4244623,15,198.53125,877.0
1767275346.4244623,15,199.65625,883.25
1767275346.4244623,15,200.921875,890.75
1767275346.4244623,15,202.09375,898.25
1767275346.4244623,15,203.3125,906.25
1767275346.4244623,15,204.609375,914.75
1767275346.4244623,15,205.75,923.0
1767275346.4244623,15,206.921875,933.25
1767275346.4244623,15,208.125,944.5
1767275346.4244623,15,209.34375,955.75
1767275346.4244623,15,210.625,968.25
1767275346.4244623,15,211.8125,979.75
1767275346.4244623,15,213.046875,992.0
1767275346.4244623,15,214.1875,1006.0
1767275346.4244623,15,215.359375,1022.5
1767275346.4244623,15,216.578125,1038.5
1767275346.4244623,15,217.796875,1053.5
1767275346.4244623,15,218.96875,1071.0
1767275346.4244623,15,220.15625,1091.25
1767275346.4244623,15,221.359375,1111.25
1767275346.4244623,15,222.59375,1132.25
1767275346.4244623,15,223.8125,1161.0
1767275346.4244623,15,226.8125,792.75
1767275346.4244623,15,228.0625,794.25
1767275346.4244623,15,229.28125,796.75
1767275346.4244623,15,230.5625,799.25
1767275346.4244623,15,231.765625,802.0
1767275346.4244623,15,232.875,808.0
1767275346.4244623,15,234.59375,1432.5
1767275346.4244623,15,235.8125,1429.75
1767275346.4244623,15,237.0,1414.25
1767275346.4244623,15,238.25,1392.75
1767275346.4244623,15,239.53125,1370.5
1767275346.4244623,15,240.796875,1351.5
1767275346.4244623,15,242.0,1336.75
1767275346.4244623,15,243.203125,1326.0
1767275346.4244623,15,244.46875,1312.25
1767275346.4244623,15,245.6875,1299.25
1767275346.4244623,15,246.921875,1288.5
1767275346.4244623,15,248.15625,1278.25
1767275346.4244623,15,249.390625,1268.75
1767275346.4244623,15,250.609375,1259.5
1767275346.4244623,15,251.859375,1250.5
1767275346.4244623,15,253.046875,1242.25
1767275346.4244623,15,254.265625,1234.25
1767275346.4244623,15,255.453125,1228.0
1767275346.4244623,15,256.6875,1223.25
1767275346.4244623,15,257.984375,1218.25
1767275346.4244623,15,259.125,1213.25
1767275346.4244623,15,260.40625,1209.5
1767275346.4244623,15,261.65625,1206.0
1767275346.4244623,15,262.828125,1202.75
1767275346.4244623,15,264.03125,1199.25
1767275346.4244623,15,265.265625,1197.25
1767275346.4244623,15,266.515625,1193.0
1767275346.4244623,15,267.78125,1192.75
1767275346.4244623,15,268.90625,1195.5
1767275346.4244623,15,270.203125,1195.75
1767275346.4244623,15,271.359375,1197.5
1767275346.4244623,15,272.609375,1199.75
1767275346.4244623,15,273.875,1202.25
1767275346.4244623,15,275.015625,1204.5
1767275346.4244623,15,276.21875,1206.0
1767275346.4244623,15,277.40625,1209.5
1767275346.4244623,15,278.65625,1215.0
1767275346.4244623,15,279.921875,1219.0
1767275346.4244623,15,281.078125,1223.5
1767275346.4244623,15,282.34375,1228.75
1767275346.4244623,15,283.5,1234.5
1767275346.4244623,15,284.71875,1241.0
1767275346.4244623,15,285.953125,1249.0
1767275346.4244623,15,287.203125,1258.5
1767275346.4244623,15,288.40625,1268.25
1767275346.4244623,15,289.5625,1278.75
1767275346.4244623,15,290.78125,1289.25
1767275346.4244623,15,291.953125,1300.0
1767275346.4244623,15,293.234375,1312.5
1767275346.4244623,15,294.421875,1326.75
1767275346.4244623,15,295.609375,1337.75
1767275346.4244623,15,296.8125,1352.25
1767275346.4244623,15,298.015625,1370.5
1767275346.4244623,15,299.296875,1387.75
1767275346.4244623,15,300.4375,1406.25
1767275346.4244623,15,301.65625,1416.5
1767275346.4244623,15,306.71875,1269.5
1767275346.4244623,15,310.515625,1125.25
1767275346.4244623,15,311.75,1099.75
1767275346.4244623,15,313.0,1077.5
1767275346.4244623,15,314.203125,1054.0
1767275346.4244623,15,315.484375,1031.25
1767275346.4244623,15,316.8125,1011.0
1767275346.4244623,15,317.9375,992.75
1767275346.4244623,15,319.28125,976.25
1767275346.4244623,15,320.4375,960.5
1767275346.4244623,15,321.78125,944.75
1767275346.4244623,15,322.96875,929.25
1767275346.4244623,15,324.265625,915.75
1767275346.4244623,15,325.375,903.25
1767275346.4244623,15,326.65625,891.0
1767275346.4244623,15,327.890625,879.5
1767275346.4244623,15,329.203125,869.5
1767275346.4244623,15,330.453125,859.0
1767275346.4244623,15,331.703125,848.0
1767275346.4244623,15,332.890625,838.0
1767275346.4244623,15,334.03125,828.5
1767275346.4244623,15,335.28125,820.75
1767275346.4244623,15,336.625,813.0
1767275346.4244623,15,337.8125,804.75
1767275346.4244623,15,339.0,797.75
1767275346.4244623,15,340.328125,792.5
1767275346.4244623,15,341.5625,787.0
1767275346.4244623,15,342.75,781.5
1767275346.4244623,15,343.96875,777.0
1767275346.4244623,15,345.25,772.5
1767275346.4244623,15,346.4375,768.5
1767275346.4244623,15,347.703125,764.75
1767275346.4244623,15,348.859375,761.25
1767275346.4244623,15,350.125,758.5
1767275346.4244623,15,351.34375,755.75
1767275346.5788383,15,352.53125,753.25
1767275346.5788383,15,353.6875,751.75
1767275346.5788383,15,354.921875,750.75
1767275346.5788383,15,356.203125,749.0
1767275346.5788383,15,357.515625,744.0
1767275346.5788383,15,359.75,774.0
1767275346.5788383,15,2.140625,800.25
1767275346.5788383,15,3.375,794.25
1767275346.5788383,15,4.625,796.25
1767275346.5788383,15,5.78125,797.75
1767275346.5788383,15,7.0,799.5
1767275346.5788383,15,8.28125,802.5
1767275346.5788383,15,9.40625,806.75
1767275346.5788383,15,10.640625,811.25
1767275346.5788383,15,11.921875,814.75
1767275346.5788383,15,13.109375,818.5
1767275346.5788383,15,14.25,823.25
1767275346.5788383,15,15.578125,829.25
1767275346.5788383,15,16.765625,835.25
1767275346.5788383,15,17.96875,841.25
1767275346.5788383,15,19.078125,848.5
1767275346.5788383,15,20.359375,856.25
1767275346.5788383,15,21.578125,864.0
1767275346.5788383,15,22.75,871.25
1767275346.5788383,15,23.984375,879.25
1767275346.5788383,15,25.09375,888.0
1767275346.5788383,15,26.375,897.25
1767275346.5788383,15,27.515625,906.5
1767275346.5788383,15,28.734375,916.25
1767275346.5788383,15,30.0,927.25
1767275346.5788383,15,31.171875,940.0
1767275346.5788383,15,32.28125,952.25
1767275346.5788383,15,33.53125,963.75
1767275346.5788383,15,34.703125,977.5
1767275346.5788383,15,36.03125,991.25
1767275346.5788383,15,37.21875,1007.0
1767275346.5788383,15,38.484375,1024.5
1767275346.5788383,15,39.625,1042.0
1767275346.5788383,15,40.859375,1060.75
1767275346.5788383,15,42.03125,1080.25
1767275346.5788383,15,45.578125,587.0
1767275346.5788383,15,46.859375,585.5
1767275346.5788383,15,48.21875,584.5
1767275346.5788383,15,49.46875,584.5
1767275346.5788383,15,50.671875,585.25
1767275346.5788383,15,51.734375,586.0
1767275346.5788383,15,52.921875,586.75
1767275346.5788383,15,54.25,587.75
1767275346.5788383,15,55.484375,588.5
1767275346.5788383,15,56.609375,590.25
1767275346.5788383,15,57.921875,592.25
1767275346.5788383,15,59.0625,593.5
1767275346.5788383,15,60.296875,594.5
1767275346.5788383,15,61.484375,596.75
1767275346.5788383,15,62.6875,599.25
1767275346.5788383,15,63.78125,601.5
1767275346.5788383,15,65.015625,604.5
1767275346.5788383,15,66.265625,608.0
1767275346.5788383,15,67.421875,612.0
1767275346.5788383,15,68.796875,616.25
1767275346.5788383,15,69.84375,621.0
1767275346.5788383,15,72.640625,1075.0
1767275346.5788383,15,73.859375,1069.75
1767275346.5788383,15,75.0,1064.25
1767275346.5788383,15,76.265625,1059.75
1767275346.5788383,15,77.5,1054.5
1767275346.5788383,15,78.75,1048.5
1767275346.5788383,15,79.96875,1045.0
1767275346.5788383,15,81.21875,1043.0
1767275346.5788383,15,82.46875,1041.25
1767275346.5788383,15,83.625,1038.5
1767275346.5788383,15,84.78125,1036.75
1767275346.5788383,15,86.0625,1036.5
1767275346.5788383,15,87.25,1035.75
1767275346.5788383,15,88.421875,1036.0
1767275346.5788383,15,89.71875,1036.0
1767275346.5788383,15,90.9375,1036.75
1767275346.5788383,15,92.078125,1038.25
1767275346.5788383,15,93.359375,1040.25
1767275346.5788383,15,94.5625,1042.0
1767275346.5788383,15,95.796875,1043.75
1767275346.5788383,15,96.96875,1046.5
1767275346.5788383,15,98.25,1051.0
1767275346.5788383,15,99.40625,1055.75
1767275346.5788383,15,100.59375,1060.0
1767275346.5788383,15,101.859375,1063.75
1767275346.5788383,15,103.046875,1068.5
1767275346.5788383,15,104.25,1074.75
1767275346.5788383,15,105.4375,1081.0
1767275346.5788383,15,106.640625,1087.25
1767275346.5788383,15,107.859375,1093.75
1767275346.5788383,15,109.0625,1101.5
1767275346.5788383,15,110.25,1109.25
1767275346.5788383,15,111.453125,1117.5
1767275346.5788383,15,112.640625,1126.75
1767275346.5788383,15,113.859375,1137.0
1767275346.5788383,15,115.078125,1149.25
1767275346.5788383,15,116.3125,1161.0
1767275346.5788383,15,117.453125,1172.75
1767275346.5788383,15,120.625,761.0
1767275346.5788383,15,121.78125,751.5
1767275346.5788383,15,123.09375,742.25
1767275346.5788383,15,124.265625,735.25
1767275346.5788383,15,125.484375,728.25
1767275346.5788383,15,126.796875,721.0
1767275346.5788383,15,128.0625,715.0
1767275346.5788383,15,129.234375,708.75
1767275346.5788383,15,130.421875,702.25
1767275346.5788383,15,131.703125,697.25
1767275346.5788383,15,132.890625,692.75
1767275346.5788383,15,134.1875,688.25
1767275346.5788383,15,135.34375,684.75
1767275346.5788383,15,143.1875,1001.25
1767275346.5788383,15,144.375,988.25
1767275346.5788383,15,145.65625,975.75
1767275346.5788383,15,146.921875,962.25
1767275346.5788383,15,148.0625,951.0
1767275346.5788383,15,149.296875,940.0
1767275346.5788383,15,150.578125,928.0
1767275346.5788383,15,151.765625,917.25
1767275346.5788383,15,153.0625,908.5
1767275346.5788383,15,154.28125,901.0
1767275346.5788383,15,155.5,893.25
1767275346.5788383,15,156.71875,885.5
1767275346.5788383,15,158.046875,878.75
1767275346.5788383,15,159.21875,873.0
1767275346.5788383,15,160.4375,867.25
1767275346.5788383,15,161.625,861.25
1767275346.5788383,15,162.875,855.5
1767275346.5788383,15,164.140625,850.75
1767275346.5788383,15,165.4375,846.5
1767275346.5788383,15,166.578125,841.25
1767275346.5788383,15,167.84375,836.5
1767275346.5788383,15,169.03125,833.0
1767275346.5788383,15,170.203125,830.0
1767275346.5788383,15,171.453125,827.5
1767275346.5788383,15,172.75,826.0
1767275346.5788383,15,173.890625,824.25
1767275346.5788383,15,175.109375,823.0
1767275346.5788383,15,176.296875,822.5
1767275346.5788383,15,177.65625,822.75
1767275346.5788383,15,178.75,823.25
1767275346.5788383,15,180.0625,823.5
1767275346.5788383,15,181.265625,824.0
1767275346.5788383,15,182.546875,824.75
1767275346.5788383,15,183.734375,826.25
1767275346.5788383,15,185.0,828.5
1767275346.5788383,15,186.125,831.5
1767275346.5788383,15,187.4375,834.5
1767275346.5788383,15,188.546875,837.25
1767275346.5788383,15,189.8125,841.25
1767275346.5788383,15,191.046875,845.5
1767275346.5788383,15,192.328125,850.5
1767275346.5788383,15,193.4375,855.0
1767275346.5788383,15,194.65625,859.25
1767275346.5788383,15,195.921875,865.0
1767275346.5788383,15,197.15625,870.75
1767275346.5788383,15,198.328125,876.5
1767275346.5788383,15,199.546875,883.0
1767275346.5788383,15,200.6875,890.25
1767275346.5788383,15,201.90625,897.25
1767275346.5788383,15,203.125,904.75
1767275346.5788383,15,204.359375,913.5
1767275346.5788383,15,205.5,921.75
1767275346.5788383,15,206.71875,931.25
1767275346.5788383,15,207.96875,943.25
1767275346.5788383,15,209.171875,954.5
1767275346.5788383,15,210.375,964.75
1767275346.5788383,15,211.515625,977.0
1767275346.5788383,15,212.734375,990.0
1767275346.5788383,15,213.96875,1003.5
1767275346.5788383,15,215.171875,1019.0
1767275346.5788383,15,216.390625,1035.5
1767275346.5788383,15,217.546875,1051.0
1767275346.5788383,15,218.78125,1068.5
1767275346.5788383,15,219.984375,1088.5
1767275346.5788383,15,221.15625,1106.75
1767275346.5788383,15,222.34375,1126.75
1767275346.5788383,15,223.546875,1150.0
1767275346.5788383,15,226.65625,792.25
1767275346.5788383,15,227.8125,793.75
1767275346.5788383,15,229.078125,795.75
1767275346.5788383,15,230.25,798.75
1767275346.5788383,15,231.46875,801.75
1767275346.5788383,15,232.578125,806.5
1767275346.5788383,15,235.5625,1437.0
1767275346.5788383,15,236.734375,1416.0
1767275346.5788383,15,237.984375,1397.75
1767275346.5788383,15,239.203125,1377.75
1767275346.5788383,15,240.484375,1358.0
1767275346.5788383,15,241.71875,1341.0
1767275346.5788383,15,242.921875,1327.25
1767275346.5788383,15,244.15625,1315.75
1767275346.5788383,15,245.40625,1303.5
1767275346.5788383,15,246.640625,1291.0
1767275346.5788383,15,247.84375,1280.0
1767275346.5788383,15,249.0625,1271.0
1767275346.5788383,15,250.34375,1262.25
1767275346.5788383,15,251.53125,1253.5
1767275346.5788383,15,252.75,1245.75
1767275346.5788383,15,254.0,1236.25
1767275346.5788383,15,255.234375,1229.25
1767275346.5788383,15,256.453125,1224.5
1767275346.5788383,15,257.71875,1218.75
1767275346.5788383,15,258.859375,1213.75
1767275346.5788383,15,260.171875,1210.25
1767275346.5788383,15,261.328125,1206.25
1767275346.5788383,15,262.609375,1203.0
1767275346.5788383,15,263.84375,1200.75
1767275346.5788383,15,265.015625,1198.5
1767275346.5788383,15,266.21875,1196.5
1767275346.5788383,15,267.46875,1195.5
1767275346.5788383,15,268.71875,1195.25
1767275346.5788383,15,269.890625,1195.75
1767275346.5788383,15,271.15625,1197.25
1767275346.5788383,15,272.3125,1198.75
1767275346.5788383,15,273.578125,1201.0
1767275346.5788383,15,274.78125,1204.0
1767275346.5788383,15,275.921875,1205.5
1767275346.5788383,15,277.125,1208.25
1767275346.5788383,15,278.28125,1213.5
1767275346.5788383,15,279.53125,1218.5
1767275346.5788383,15,280.71875,1221.5
1767275346.5788383,15,281.984375,1225.25
1767275346.5788383,15,283.140625,1231.0
1767275346.5788383,15,284.390625,1238.0
1767275346.5788383,15,285.53125,1247.0
1767275346.5788383,15,286.765625,1256.75
1767275346.5788383,15,287.953125,1264.75
1767275346.5788383,15,289.171875,1273.75
1767275346.5788383,15,290.40625,1284.75
1767275346.5788383,15,291.609375,1297.0
1767275346.5788383,15,292.78125,1310.0
1767275346.5788383,15,294.015625,1321.75
1767275346.5788383,15,295.1875,1333.25
1767275346.5788383,15,296.34375,1348.0
1767275346.5788383,15,297.578125,1364.0
1767275346.5788383,15,298.78125,1381.0
1767275346.5788383,15,299.953125,1399.5
1767275346.5788383,15,301.1875,1397.25
1767275346.5788383,15,302.46875,1386.5
1767275346.5788383,15,304.921875,1322.5
1767275346.5788383,15,306.15625,1284.5
1767275346.5788383,15,307.390625,1250.0
1767275346.5788383,15,311.140625,1111.25
1767275346.5788383,15,312.453125,1087.25
1767275346.5788383,15,313.6875,1063.75
1767275346.5788383,15,314.890625,1042.0
1767275346.5788383,15,316.109375,1019.75
1767275346.5788383,15,317.4375,1000.25
1767275346.5788383,15,318.6875,983.25
1767275346.5788383,15,319.859375,966.0
1767275346.5788383,15,321.078125,950.75
1767275346.5788383,15,322.375,936.25
1767275346.5788383,15,323.640625,921.25
1767275346.5788383,15,324.890625,908.0
1767275346.5788383,15,326.171875,895.25
1767275346.5788383,15,327.34375,883.25
1767275346.5788383,15,328.65625,873.25
1767275346.5788383,15,329.78125,863.75
1767275346.5788383,15,331.015625,853.5
1767275346.5788383,15,332.21875,843.0
1767275346.5788383,15,333.578125,832.75
1767275346.5788383,15,334.703125,824.25
1767275346.5788383,15,335.984375,816.5
1767275346.5788383,15,337.15625,808.75
1767275346.5788383,15,338.453125,801.5
1767275346.5788383,15,339.65625,795.5
1767275346.5788383,15,340.875,790.0
1767275346.5788383,15,342.09375,784.5
1767275346.5788383,15,343.375,779.25
1767275346.5788383,15,344.65625,774.5
1767275346.5788383,15,345.796875,770.25
1767275346.5788383,15,347.125,766.5
1767275346.5788383,15,348.421875,762.75
1767275346.5788383,15,349.59375,760.0
1767275346.5788383,15,350.78125,757.75
1767275346.5788383,15,351.953125,755.0
1767275346.728715,15,353.296875,752.25
1767275346.728715,15,354.4375,750.0
1767275346.728715,15,355.765625,749.0
1767275346.728715,15,356.984375,748.5
1767275346.728715,15,359.375,773.75
1767275346.728715,15,0.453125,775.25
1767275346.728715,15,1.703125,784.5
1767275346.728715,15,2.9375,792.75
1767275346.728715,15,4.15625,795.0
1767275346.728715,15,5.25,796.75
1767275346.728715,15,6.515625,798.75
1767275346.728715,15,7.6875,801.5
1767275346.728715,15,9.015625,805.0
1767275346.728715,15,10.171875,809.0
1767275346.728715,15,11.34375,812.75
1767275346.728715,15,12.484375,816.5
1767275346.728715,15,13.65625,821.5
1767275346.728715,15,14.90625,826.25
1767275346.728715,15,16.109375,831.0
1767275346.728715,15,17.34375,838.0
1767275346.728715,15,18.53125,845.5
1767275346.728715,15,19.75,853.5
1767275346.728715,15,20.90625,860.75
1767275346.728715,15,22.125,868.0
1767275346.728715,15,23.40625,876.0
1767275346.728715,15,24.625,883.5
1767275346.728715,15,25.796875,892.25
1767275346.728715,15,26.984375,902.5
1767275346.728715,15,28.125,912.0
1767275346.728715,15,29.328125,920.75
1767275346.728715,15,30.5,932.5
1767275346.728715,15,31.75,945.25
1767275346.728715,15,32.9375,958.5
1767275346.728715,15,34.125,971.75
1767275346.728715,15,35.375,985.0
1767275346.728715,15,36.625,998.5
1767275346.728715,15,37.703125,1014.75
1767275346.728715,15,38.96875,1032.5
1767275346.728715,15,40.15625,1048.75
1767275346.728715,15,41.28125,1067.0
1767275346.728715,15,42.578125,1089.25
1767275346.728715,15,46.140625,586.25
1767275346.728715,15,47.34375,585.75
1767275346.728715,15,48.671875,585.25
1767275346.728715,15,49.765625,584.5
1767275346.728715,15,50.984375,584.75
1767275346.728715,15,52.328125,586.5
1767275346.728715,15,53.375,587.5
1767275346.728715,15,54.671875,588.25
1767275346.728715,15,55.9375,590.0
1767275346.728715,15,57.15625,591.5
1767275346.728715,15,58.171875,592.75
1767275346.728715,15,59.453125,594.0
1767275346.728715,15,60.8125,595.25
1767275346.728715,15,61.859375,597.25
1767275346.728715,15,63.015625,599.5
1767275346.728715,15,64.3125,602.5
1767275346.728715,15,65.484375,606.0
1767275346.728715,15,66.734375,609.5
1767275346.728715,15,67.890625,613.5
1767275346.728715,15,69.03125,617.75
1767275346.728715,15,70.421875,622.25
1767275346.728715,15,72.96875,1075.0
1767275346.728715,15,74.21875,1068.25
1767275346.728715,15,75.46875,1062.25
1767275346.728715,15,76.71875,1058.0
1767275346.728715,15,77.953125,1052.5
1767275346.728715,15,79.09375,1047.5
1767275346.728715,15,80.40625,1045.0
1767275346.728715,15,81.53125,1042.5
1767275346.728715,15,82.75,1040.0
1767275346.728715,15,83.9375,1038.75
1767275346.728715,15,85.203125,1037.25
1767275346.728715,15,86.421875,1035.5
1767275346.728715,15,87.65625,1035.0
1767275346.728715,15,88.84375,1035.0
1767275346.728715,15,90.046875,1035.75
1767275346.728715,15,91.3125,1036.75
1767275346.728715,15,92.484375,1038.5
1767275346.728715,15,93.703125,1041.0
1767275346.728715,15,94.890625,1043.25
1767275346.728715,15,96.140625,1044.75
1767275346.728715,15,97.296875,1047.25
1767275346.728715,15,98.578125,1051.75
1767275346.728715,15,99.765625,1056.75
1767275346.728715,15,100.9375,1061.0
1767275346.728715,15,102.125,1066.0
1767275346.728715,15,103.375,1071.25
1767275346.728715,15,104.609375,1076.75
1767275346.728715,15,105.84375,1082.25
1767275346.728715,15,106.96875,1088.75
1767275346.728715,15,108.171875,1095.75
1767275346.728715,15,109.359375,1102.75
1767275346.728715,15,110.5625,1111.5
1767275346.728715,15,111.78125,1120.5
1767275346.728715,15,112.96875,1128.75
1767275346.728715,15,114.125,1138.5
1767275346.728715,15,115.359375,1151.5
1767275346.728715,15,116.5625,1164.75
1767275346.728715,15,117.796875,1175.25
1767275346.728715,15,120.796875,759.5
1767275346.728715,15,122.046875,749.75
1767275346.728715,15,123.359375,741.0
1767275346.728715,15,124.5625,733.5
1767275346.728715,15,125.859375,726.25
1767275346.728715,15,126.984375,719.5
1767275346.728715,15,128.3125,713.75
1767275346.728715,15,129.40625,708.0
1767275346.728715,15,130.671875,702.25
1767275346.728715,15,131.859375,697.0
1767275346.728715,15,133.109375,691.75
1767275346.728715,15,134.375,687.25
1767275346.728715,15,135.59375,684.25
1767275346.728715,15,139.65625,1049.5
1767275346.728715,15,143.390625,998.75
1767275346.728715,15,144.609375,986.25
1767275346.728715,15,145.78125,973.5
1767275346.728715,15,147.046875,960.75
1767275346.728715,15,148.234375,949.5
1767275346.728715,15,149.484375,937.5
1767275346.728715,15,150.734375,926.75
1767275346.728715,15,151.96875,917.0
1767275346.728715,15,153.21875,907.5
1767275346.728715,15,154.359375,898.75
1767275346.728715,15,155.6875,891.75
1767275346.728715,15,156.953125,885.25
1767275346.728715,15,158.09375,878.5
1767275346.728715,15,159.4375,872.5
1767275346.728715,15,160.65625,866.25
1767275346.728715,15,161.890625,860.25
1767275346.728715,15,163.046875,855.0
1767275346.728715,15,164.265625,849.75
1767275346.728715,15,165.53125,845.25
1767275346.728715,15,166.765625,840.75
1767275346.728715,15,167.90625,836.5
1767275346.728715,15,169.203125,833.0
1767275346.728715,15,170.40625,830.0
1767275346.728715,15,171.578125,827.25
1767275346.728715,15,172.78125,825.75
1767275346.728715,15,173.984375,824.25
1767275346.728715,15,175.3125,822.75
1767275346.728715,15,176.390625,822.5
1767275346.728715,15,177.671875,823.0
1767275346.728715,15,178.828125,823.5
1767275346.728715,15,180.046875,823.5
1767275346.728715,15,181.34375,824.0
1767275346.728715,15,182.546875,824.75
1767275346.728715,15,183.71875,826.5
1767275346.728715,15,184.90625,828.5
1767275346.728715,15,186.125,831.5
1767275346.728715,15,187.390625,834.25
1767275346.728715,15,188.5,837.0
1767275346.728715,15,189.75,841.5
1767275346.728715,15,191.0,845.75
1767275346.728715,15,192.21875,849.5
1767275346.728715,15,193.359375,854.25
1767275346.728715,15,194.5625,859.25
1767275346.728715,15,195.8125,864.25
1767275346.728715,15,197.03125,870.0
1767275346.728715,15,198.15625,875.5
1767275346.728715,15,199.40625,882.25
1767275346.728715,15,200.59375,889.75
1767275346.728715,15,201.734375,896.25
1767275346.728715,15,202.953125,904.0
1767275346.728715,15,204.1875,912.75
1767275346.728715,15,205.484375,921.0
1767275346.728715,15,206.578125,930.0
1767275346.728715,15,207.765625,941.25
1767275346.728715,15,208.984375,952.75
1767275346.728715,15,210.203125,964.25
1767275346.728715,15,211.375,976.5
1767275346.728715,15,212.546875,988.25
1767275346.728715,15,213.828125,1001.25
1767275346.728715,15,215.015625,1016.75
1767275346.728715,15,216.125,1033.0
1767275346.728715,15,217.40625,1048.5
1767275346.728715,15,218.59375,1065.0
1767275346.728715,15,219.703125,1083.5
1767275346.728715,15,220.921875,1102.75
1767275346.728715,15,222.078125,1123.5
1767275346.728715,15,223.28125,1145.75
1767275346.728715,15,226.265625,792.5
1767275346.728715,15,227.609375,793.5
1767275346.728715,15,228.796875,794.75
1767275346.728715,15,230.046875,797.75
1767275346.728715,15,231.109375,801.25
1767275346.728715,15,232.40625,804.5
1767275346.728715,15,235.265625,1446.25
1767275346.728715,15,236.5,1419.75
1767275346.728715,15,237.71875,1400.5
1767275346.728715,15,238.921875,1379.0
1767275346.728715,15,240.171875,1361.0
1767275346.728715,15,241.4375,1345.0
1767275346.728715,15,242.640625,1329.75
1767275346.728715,15,243.828125,1317.75
1767275346.728715,15,245.078125,1305.5
1767275346.728715,15,246.3125,1293.25
1767275346.728715,15,247.546875,1282.25
1767275346.728715,15,248.703125,1272.25
1767275346.728715,15,250.03125,1263.75
1767275346.728715,15,251.265625,1255.0
1767275346.728715,15,252.453125,1246.25
1767275346.728715,15,253.703125,1237.5
1767275346.728715,15,254.90625,1230.75
1767275346.728715,15,256.15625,1226.0
1767275346.728715,15,257.296875,1221.0
1767275346.728715,15,258.59375,1215.75
1767275346.728715,15,259.765625,1211.25
1767275346.728715,15,261.0,1206.5
1767275346.728715,15,262.28125,1203.25
1767275346.728715,15,263.453125,1201.25
1767275346.728715,15,264.71875,1199.0
1767275346.728715,15,265.890625,1193.75
1767275346.728715,15,267.140625,1192.75
1767275346.728715,15,268.296875,1195.5
1767275346.728715,15,269.53125,1196.25
1767275346.728715,15,270.78125,1197.5
1767275346.728715,15,271.96875,1198.5
1767275346.728715,15,273.234375,1200.5
1767275346.728715,15,274.359375,1203.0
1767275346.728715,15,275.5,1205.5
1767275346.728715,15,276.71875,1207.75
1767275346.728715,15,277.9375,1211.5
1767275346.728715,15,279.15625,1216.25
1767275346.728715,15,280.375,1221.0
1767275346.728715,15,281.578125,1226.25
1767275346.728715,15,282.78125,1231.25
1767275346.728715,15,283.90625,1236.5
1767275346.728715,15,285.1875,1244.25
1767275346.728715,15,286.3125,1252.5
1767275346.728715,15,287.546875,1261.25
1767275346.728715,15,288.71875,1270.5
1767275346.728715,15,289.96875,1280.75
1767275346.728715,15,291.15625,1291.75
1767275346.728715,15,292.375,1305.0
1767275346.728715,15,293.53125,1318.5
1767275346.728715,15,294.765625,1330.0
1767275346.728715,15,295.953125,1342.0
1767275346.728715,15,297.125,1357.25
1767275346.728715,15,298.375,1375.75
1767275346.728715,15,299.578125,1395.25
1767275346.728715,15,300.765625,1412.25
1767275346.728715,15,302.015625,1409.25
1767275346.728715,15,304.515625,1336.75
1767275346.728715,15,305.75,1299.5
1767275346.728715,15,306.96875,1262.5
1767275346.728715,15,310.75,1121.75
1767275346.728715,15,311.984375,1096.0
1767275346.728715,15,313.203125,1070.75
1767275346.728715,15,314.484375,1048.5
1767275346.728715,15,315.75,1028.5
1767275346.728715,15,316.90625,1007.5
1767275346.728715,15,318.125,989.0
1767275346.728715,15,319.4375,973.25
1767275346.728715,15,320.703125,957.25
1767275346.728715,15,321.84375,940.75
1767275346.728715,15,323.15625,927.0
1767275346.728715,15,324.375,914.25
1767275346.728715,15,325.609375,901.5
1767275346.728715,15,326.859375,889.5
1767275346.728715,15,328.125,877.75
1767275346.728715,15,329.3125,867.75
1767275346.728715,15,330.640625,857.75
1767275346.728715,15,331.859375,846.5
1767275346.728715,15,332.984375,836.0
1767275346.728715,15,334.328125,827.25
1767275346.728715,15,335.5,819.5
1767275346.728715,15,336.65625,812.0
1767275346.728715,15,338.0,803.75
1767275346.728715,15,339.125,796.75
1767275346.728715,15,340.40625,791.75
1767275346.728715,15,341.640625,786.25
1767275346.728715,15,342.8125,781.25
1767275346.728715,15,344.078125,776.75
1767275346.728715,15,345.234375,772.0
1767275346.728715,15,346.609375,768.0
1767275346.728715,15,347.828125,764.5
1767275346.728715,15,349.0,761.25
1767275346.728715,15,350.234375,758.25
1767275346.728715,15,351.484375,755.0
1767275346.8797746,15,352.703125,752.75
1767275346.8797746,15,353.859375,751.75
1767275346.8797746,15,355.046875,750.75
1767275346.8797746,15,356.28125,749.25
1767275346.8797746,15,357.421875,751.5
1767275346.8797746,15,358.6875,764.0
1767275346.8797746,15,359.90625,774.0
1767275346.8797746,15,2.3125,801.25
1767275346.8797746,15,3.484375,794.25
1767275346.8797746,15,4.640625,796.0
1767275346.8797746,15,5.890625,798.0
1767275346.8797746,15,7.03125,799.5
1767275346.8797746,15,8.265625,802.5
1767275346.8797746,15,9.421875,806.75
1767275346.8797746,15,10.734375,811.25
1767275346.8797746,15,11.828125,814.75
1767275346.8797746,15,13.125,818.25
1767275346.8797746,15,14.28125,823.25
1767275346.8797746,15,15.5625,828.5
1767275346.8797746,15,16.75,834.5
1767275346.8797746,15,17.875,841.25
1767275346.8797746,15,19.03125,848.5
1767275346.8797746,15,20.25,856.0
1767275346.8797746,15,21.515625,863.75
1767275346.8797746,15,22.734375,871.25
1767275346.8797746,15,23.9375,879.0
1767275346.8797746,15,25.0,887.25
1767275346.8797746,15,26.265625,896.0
1767275346.8797746,15,27.515625,905.75
1767275346.8797746,15,28.703125,916.25
1767275346.8797746,15,29.859375,926.5
1767275346.8797746,15,31.109375,938.75
1767275346.8797746,15,32.203125,951.25
1767275346.8797746,15,33.40625,963.5
1767275346.8797746,15,34.671875,977.0
1767275346.8797746,15,35.875,990.5
1767275346.8797746,15,37.0625,1004.75
1767275346.8797746,15,38.296875,1022.0
1767275346.8797746,15,39.46875,1040.0
1767275346.8797746,15,40.703125,1057.0
1767275346.8797746,15,41.890625,1076.0
1767275346.8797746,15,45.484375,586.75
1767275346.8797746,15,46.609375,586.0
1767275346.8797746,15,47.875,585.0
1767275346.8797746,15,49.015625,584.75
1767275346.8797746,15,50.453125,585.0
1767275346.8797746,15,51.65625,585.75
1767275346.8797746,15,52.71875,586.5
1767275346.8797746,15,53.875,587.5
1767275346.8797746,15,55.09375,589.0
1767275346.8797746,15,56.4375,590.5
1767275346.8797746,15,57.671875,591.75
1767275346.8797746,15,58.859375,593.0
1767275346.8797746,15,60.0,594.75
1767275346.8797746,15,61.359375,596.75
1767275346.8797746,15,62.484375,598.5
1767275346.8797746,15,63.609375,600.5
1767275346.8797746,15,64.765625,603.25
1767275346.8797746,15,66.140625,606.75
1767275346.8797746,15,67.1875,611.5
1767275346.8797746,15,68.359375,615.5
1767275346.8797746,15,69.625,619.75
1767275346.8797746,15,72.34375,1077.25
1767275346.8797746,15,73.546875,1071.75
1767275346.8797746,15,74.75,1065.25
1767275346.8797746,15,75.953125,1059.75
1767275346.8797746,15,77.234375,1055.25
1767275346.8797746,15,78.46875,1050.25
1767275346.8797746,15,79.671875,1046.75
1767275346.8797746,15,80.859375,1044.25
1767275346.8797746,15,82.09375,1041.5
1767275346.8797746,15,83.28125,1039.75
1767275346.8797746,15,84.484375,1038.5
1767275346.8797746,15,85.640625,1037.75
1767275346.8797746,15,86.859375,1036.75
1767275346.8797746,15,88.078125,1036.0
1767275346.8797746,15,89.265625,1035.75
1767275346.8797746,15,90.5625,1035.25
1767275346.8797746,15,91.703125,1037.5
1767275346.8797746,15,92.90625,1040.25
1767275346.8797746,15,94.1875,1041.5
1767275346.8797746,15,95.34375,1043.75
1767275346.8797746,15,96.515625,1046.5
1767275346.8797746,15,97.765625,1049.5
1767275346.8797746,15,98.953125,1053.0
1767275346.8797746,15,100.109375,1058.0
1767275346.8797746,15,101.421875,1062.25
1767275346.8797746,15,102.59375,1066.0
1767275346.8797746,15,103.796875,1071.5
1767275346.8797746,15,105.015625,1078.25
1767275346.8797746,15,106.1875,1084.5
1767275346.8797746,15,107.421875,1091.75
1767275346.8797746,15,108.609375,1099.25
1767275346.8797746,15,109.828125,1106.5
1767275346.8797746,15,110.921875,1114.0
1767275346.8797746,15,112.125,1122.25
1767275346.8797746,15,113.390625,1132.25
1767275346.8797746,15,114.5625,1142.0
1767275346.8797746,15,115.796875,1154.5
1767275346.8797746,15,116.921875,1168.5
1767275346.8797746,15,118.1875,1179.5
1767275346.8797746,15,121.203125,756.5
1767275346.8797746,15,122.5625,747.0
1767275346.8797746,15,123.765625,738.75
1767275346.8797746,15,124.953125,731.0
1767275346.8797746,15,126.140625,723.75
1767275346.8797746,15,127.40625,717.5
1767275346.8797746,15,128.75,711.25
1767275346.8797746,15,129.953125,705.75
1767275346.8797746,15,131.125,700.25
1767275346.8797746,15,132.296875,695.0
1767275346.8797746,15,133.53125,690.25
1767275346.8797746,15,134.8125,686.0
1767275346.8797746,15,135.953125,683.25
1767275346.8797746,15,137.140625,686.25
1767275346.8797746,15,140.171875,1043.5
1767275346.8797746,15,143.84375,993.0
1767275346.8797746,15,145.078125,980.0
1767275346.8797746,15,146.296875,968.5
1767275346.8797746,15,147.515625,956.25
1767275346.8797746,15,148.78125,944.0
1767275346.8797746,15,149.875,932.25
1767275346.8797746,15,151.15625,922.0
1767275346.8797746,15,152.453125,913.25
1767275346.8797746,15,153.65625,905.0
1767275346.8797746,15,154.78125,897.0
1767275346.8797746,15,156.1875,889.75
1767275346.8797746,15,157.359375,882.0
1767275346.8797746,15,158.515625,875.25
1767275346.8797746,15,159.875,869.5
1767275346.8797746,15,160.984375,864.0
1767275346.8797746,15,162.25,857.75
1767275346.8797746,15,163.515625,852.5
1767275346.8797746,15,164.640625,848.0
1767275346.8797746,15,165.984375,843.5
1767275346.8797746,15,167.09375,839.5
1767275346.8797746,15,168.3125,835.75
1767275346.8797746,15,169.53125,832.5
1767275346.8797746,15,170.78125,829.25
1767275346.8797746,15,171.96875,826.5
1767275346.8797746,15,173.171875,824.75
1767275346.8797746,15,174.515625,823.5
1767275346.8797746,15,175.59375,823.0
1767275346.8797746,15,176.875,822.5
1767275346.8797746,15,178.125,822.5
1767275346.8797746,15,179.34375,822.75
1767275346.8797746,15,180.46875,823.25
1767275346.8797746,15,181.75,824.25
1767275346.8797746,15,182.890625,825.75
1767275346.8797746,15,184.140625,827.0
1767275346.8797746,15,185.34375,829.25
1767275346.8797746,15,186.5625,831.75
1767275346.8797746,15,187.734375,834.5
1767275346.8797746,15,188.921875,838.75
1767275346.8797746,15,190.109375,842.75
1767275346.8797746,15,191.28125,846.5
1767275346.8797746,15,192.515625,851.0
1767275346.8797746,15,193.734375,856.5
1767275346.8797746,15,194.9375,861.25
1767275346.8797746,15,196.234375,866.25
1767275346.8797746,15,197.328125,871.5
1767275346.8797746,15,198.546875,877.5
1767275346.8797746,15,199.796875,884.5
1767275346.8797746,15,201.015625,891.5
1767275346.8797746,15,202.125,898.5
1767275346.8797746,15,203.40625,906.25
1767275346.8797746,15,204.640625,914.75
1767275346.8797746,15,205.8125,923.75
1767275346.8797746,15,206.953125,934.25
1767275346.8797746,15,208.171875,944.75
1767275346.8797746,15,209.359375,956.0
1767275346.8797746,15,210.546875,968.0
1767275346.8797746,15,211.796875,979.75
1767275346.8797746,15,213.0,992.25
1767275346.8797746,15,214.125,1006.25
1767275346.8797746,15,215.375,1022.25
1767275346.8797746,15,216.546875,1037.75
1767275346.8797746,15,217.71875,1052.75
1767275346.8797746,15,218.90625,1071.0
1767275346.8797746,15,220.078125,1091.0
1767275346.8797746,15,221.296875,1109.75
1767275346.8797746,15,222.46875,1129.5
1767275346.8797746,15,223.625,1157.0
1767275346.8797746,15,226.71875,792.75
1767275346.8797746,15,228.0,793.75
1767275346.8797746,15,229.203125,796.0
1767275346.8797746,15,230.34375,798.75
1767275346.8797746,15,231.53125,802.0
1767275346.8797746,15,232.796875,807.0
1767275346.8797746,15,235.703125,1431.25
1767275346.8797746,15,236.890625,1415.25
1767275346.8797746,15,238.1875,1396.25
1767275346.8797746,15,239.421875,1374.5
1767275346.8797746,15,240.578125,1354.5
1767275346.8797746,15,241.890625,1338.5
1767275346.8797746,15,243.046875,1326.5
1767275346.8797746,15,244.328125,1313.75
1767275346.8797746,15,245.578125,1301.25
1767275346.8797746,15,246.734375,1289.75
1767275346.8797746,15,247.953125,1279.25
1767275346.8797746,15,249.234375,1269.75
1767275346.8797746,15,250.453125,1261.25
1767275346.8797746,15,251.671875,1251.75
1767275346.8797746,15,252.90625,1243.5
1767275346.8797746,15,254.109375,1236.0
1767275346.8797746,15,255.3125,1229.25
1767275346.8797746,15,256.59375,1224.5
1767275346.8797746,15,257.734375,1218.5
1767275346.8797746,15,259.03125,1213.5
1767275346.8797746,15,260.203125,1209.75
1767275346.8797746,15,261.421875,1206.0
1767275346.8797746,15,262.65625,1202.5
1767275346.8797746,15,263.921875,1200.0
1767275346.8797746,15,265.078125,1198.25
1767275346.8797746,15,266.296875,1196.75
1767275346.8797746,15,267.515625,1196.0
1767275346.8797746,15,268.71875,1195.5
1767275346.8797746,15,269.953125,1195.75
1767275346.8797746,15,271.21875,1197.5
1767275346.8797746,15,272.390625,1199.5
1767275346.8797746,15,273.609375,1201.75
1767275346.8797746,15,274.78125,1203.75
1767275346.8797746,15,275.90625,1205.5
1767275346.8797746,15,277.09375,1208.25
1767275346.8797746,15,278.359375,1213.5
1767275346.8797746,15,279.515625,1218.25
1767275346.8797746,15,280.765625,1221.25
1767275346.8797746,15,282.0,1225.0
1767275346.8797746,15,283.15625,1231.75
1767275346.8797746,15,284.34375,1238.75
1767275346.8797746,15,285.5625,1247.0
1767275346.8797746,15,286.8125,1256.75
1767275346.8797746,15,287.96875,1264.75
1767275346.8797746,15,289.140625,1273.75
1767275346.8797746,15,290.359375,1284.75
1767275346.8797746,15,291.578125,1296.75
1767275346.8797746,15,292.78125,1310.0
1767275346.8797746,15,293.984375,1321.75
1767275346.8797746,15,295.171875,1333.25
1767275346.8797746,15,296.34375,1348.0
1767275346.8797746,15,297.53125,1363.75
1767275346.8797746,15,298.765625,1380.5
1767275346.8797746,15,300.0,1399.5
1767275346.8797746,15,301.25,1408.0
1767275346.8797746,15,302.46875,1395.75
1767275346.8797746,15,304.9375,1322.5
1767275346.8797746,15,306.234375,1284.5
1767275346.8797746,15,307.46875,1248.5
1767275346.8797746,15,311.1875,1111.25
1767275346.8797746,15,312.515625,1086.25
1767275346.8797746,15,313.71875,1062.75
1767275346.8797746,15,314.96875,1041.75
1767275346.8797746,15,316.265625,1019.5
1767275346.8797746,15,317.484375,999.75
1767275346.8797746,15,318.71875,983.0
1767275346.8797746,15,319.9375,965.75
1767275346.8797746,15,321.125,950.0
1767275346.8797746,15,322.390625,935.75
1767275346.8797746,15,323.625,920.5
1767275346.8797746,15,324.890625,907.25
1767275346.8797746,15,326.109375,895.25
1767275346.8797746,15,327.4375,883.0
1767275346.8797746,15,328.703125,872.75
1767275346.8797746,15,329.890625,863.5
1767275346.8797746,15,331.125,853.5
1767275346.8797746,15,332.34375,842.5
1767275346.8797746,15,333.53125,832.0
1767275346.8797746,15,334.828125,824.0
1767275346.8797746,15,336.03125,816.5
1767275346.8797746,15,337.21875,808.5
1767275346.8797746,15,338.515625,800.75
1767275346.8797746,15,339.765625,794.75
1767275346.8797746,15,341.0625,790.0
1767275346.8797746,15,342.140625,784.5
1767275346.8797746,15,343.484375,779.25
1767275346.8797746,15,344.6875,774.5
1767275346.8797746,15,345.796875,770.25
1767275346.8797746,15,347.171875,766.5
1767275346.8797746,15,348.296875,763.0
1767275346.8797746,15,349.578125,760.5
1767275346.8797746,15,350.75,757.75
1767275346.8797746,15,351.890625,755.0
1767275347.0310426,15,353.203125,752.5
1767275347.0310426,15,354.359375,751.0
1767275347.0310426,15,355.59375,749.5
1767275347.0310426,15,356.890625,748.5
1767275347.0310426,15,359.125,774.0
1767275347.0310426,15,0.421875,775.25
1767275347.0310426,15,1.53125,784.25
1767275347.0310426,15,2.765625,793.0
1767275347.0310426,15,4.046875,795.0
1767275347.0310426,15,5.203125,796.75
1767275347.0310426,15,6.484375,798.75
1767275347.0310426,15,7.59375,801.0
1767275347.0310426,15,8.921875,804.25
1767275347.0310426,15,10.015625,808.5
1767275347.0310426,15,11.25,812.25
1767275347.0310426,15,12.453125,816.25
1767275347.0310426,15,13.609375,821.0
1767275347.0310426,15,14.84375,825.75
1767275347.0310426,15,16.0,831.0
1767275347.0310426,15,17.15625,838.0
1767275347.0310426,15,18.453125,845.5
1767275347.0310426,15,19.671875,853.25
1767275347.0310426,15,20.875,860.25
1767275347.0310426,15,22.046875,866.75
1767275347.0310426,15,23.203125,874.5
1767275347.0310426,15,24.453125,882.5
1767275347.0310426,15,25.671875,891.5
1767275347.0310426,15,26.875,901.0
1767275347.0310426,15,27.953125,910.0
1767275347.0310426,15,29.21875,919.75
1767275347.0310426,15,30.40625,931.0
1767275347.0310426,15,31.640625,943.5
1767275347.0310426,15,32.71875,956.75
1767275347.0310426,15,33.921875,970.5
1767275347.0310426,15,35.203125,983.75
1767275347.0310426,15,36.4375,997.5
1767275347.0310426,15,37.703125,1012.0
1767275347.0310426,15,38.875,1029.0
1767275347.0310426,15,40.078125,1047.5
1767275347.0310426,15,41.203125,1066.75
1767275347.0310426,15,42.390625,1087.75
1767275347.0310426,15,46.0,586.25
1767275347.0310426,15,47.234375,585.25
1767275347.0310426,15,48.46875,585.0
1767275347.0310426,15,49.75,584.75
1767275347.0310426,15,50.8125,585.0
1767275347.0310426,15,52.25,586.5
1767275347.0310426,15,53.453125,587.5
1767275347.0310426,15,54.46875,588.25
1767275347.0310426,15,55.78125,589.25
1767275347.0310426,15,56.875,591.0
1767275347.0310426,15,58.203125,592.75
1767275347.0310426,15,59.46875,594.0
1767275347.0310426,15,60.59375,595.5
1767275347.0310426,15,61.96875,597.5
1767275347.0310426,15,63.0625,599.5
1767275347.0310426,15,64.328125,602.5
1767275347.0310426,15,65.4375,606.0
1767275347.0310426,15,66.78125,609.0
1767275347.0310426,15,68.015625,613.0
1767275347.0310426,15,69.0625,617.75
1767275347.0310426,15,70.34375,622.25
1767275347.0310426,15,73.0625,1075.0
1767275347.0310426,15,74.203125,1068.25
1767275347.0310426,15,75.4375,1062.5
1767275347.0310426,15,76.671875,1058.25
1767275347.0310426,15,77.90625,1052.5
1767275347.0310426,15,79.078125,1047.5
1767275347.0310426,15,80.34375,1045.0
1767275347.0310426,15,81.546875,1042.0
1767275347.0310426,15,82.8125,1039.75
1767275347.0310426,15,83.859375,1038.5
1767275347.0310426,15,85.15625,1036.5
1767275347.0310426,15,86.3125,1035.5
1767275347.0310426,15,87.578125,1035.25
1767275347.0310426,15,88.765625,1036.0
1767275347.0310426,15,90.015625,1036.5
1767275347.0310426,15,91.140625,1036.5
1767275347.0310426,15,92.421875,1038.5
1767275347.0310426,15,93.5625,1041.0
1767275347.0310426,15,94.8125,1042.5
1767275347.0310426,15,96.015625,1044.25
1767275347.0310426,15,97.21875,1047.0
1767275347.0310426,15,98.5,1051.0
1767275347.0310426,15,99.671875,1055.75
1767275347.0310426,15,100.875,1060.75
1767275347.0310426,15,102.0625,1066.0
1767275347.0310426,15,103.25,1071.0
1767275347.0310426,15,104.484375,1076.0
1767275347.0310426,15,105.734375,1082.0
1767275347.0310426,15,106.953125,1088.75
1767275347.0310426,15,108.046875,1095.5
1767275347.0310426,15,109.265625,1102.5
1767275347.0310426,15,110.46875,1111.5
1767275347.0310426,15,111.625,1120.0
1767275347.0310426,15,112.875,1128.5
1767275347.0310426,15,114.140625,1138.5
1767275347.0310426,15,115.3125,1151.25
1767275347.0310426,15,116.5,1163.75
1767275347.0310426,15,117.71875,1174.0
1767275347.0310426,15,120.875,760.0
1767275347.0310426,15,122.0625,750.75
1767275347.0310426,15,123.21875,741.5
1767275347.0310426,15,124.46875,733.75
1767275347.0310426,15,125.6875,726.75
1767275347.0310426,15,126.984375,720.0
1767275347.0310426,15,128.15625,713.75
1767275347.0310426,15,129.40625,708.0
1767275347.0310426,15,130.578125,702.25
1767275347.0310426,15,131.96875,697.0
1767275347.0310426,15,133.15625,691.75
1767275347.0310426,15,134.328125,687.25
1767275347.0310426,15,135.625,684.25
1767275347.0310426,15,139.640625,1049.0
1767275347.0310426,15,143.375,998.25
1767275347.0310426,15,144.640625,986.0
1767275347.0310426,15,145.875,973.25
1767275347.0310426,15,147.03125,959.75
1767275347.0310426,15,148.359375,948.25
1767275347.0310426,15,149.515625,937.0
1767275347.0310426,15,150.75,926.75
1767275347.0310426,15,152.03125,916.75
1767275347.0310426,15,153.21875,907.25
1767275347.0310426,15,154.53125,898.75
1767275347.0310426,15,155.75,891.75
1767275347.0310426,15,156.9375,885.0
1767275347.0310426,15,158.1875,877.75
1767275347.0310426,15,159.484375,871.0
1767275347.0310426,15,160.734375,865.5
1767275347.0310426,15,161.84375,860.25
1767275347.0310426,15,163.15625,854.5
1767275347.0310426,15,164.40625,849.0
1767275347.0310426,15,165.53125,845.0
1767275347.0310426,15,166.734375,841.0
1767275347.0310426,15,167.9375,836.75
1767275347.0310426,15,169.21875,833.0
1767275347.0310426,15,170.46875,829.5
1767275347.0310426,15,171.609375,827.25
1767275347.0310426,15,172.9375,825.0
1767275347.0310426,15,174.078125,823.75
1767275347.0310426,15,175.265625,823.0
1767275347.0310426,15,176.5,822.5
1767275347.0310426,15,177.8125,822.75
1767275347.0310426,15,179.03125,823.0
1767275347.0310426,15,180.21875,823.25
1767275347.0310426,15,181.375,824.0
1767275347.0310426,15,182.625,825.25
1767275347.0310426,15,183.75,826.75
1767275347.0310426,15,184.953125,828.5
1767275347.0310426,15,186.28125,831.75
1767275347.0310426,15,187.40625,834.5
1767275347.0310426,15,188.671875,837.25
1767275347.0310426,15,189.90625,841.5
1767275347.0310426,15,191.078125,845.75
1767275347.0310426,15,192.296875,850.5
1767275347.0310426,15,193.4375,855.0
1767275347.0310426,15,194.671875,859.25
1767275347.0310426,15,195.84375,865.0
1767275347.0310426,15,197.09375,870.75
1767275347.0310426,15,198.21875,876.0
1767275347.0310426,15,199.546875,882.25
1767275347.0310426,15,200.71875,889.75
1767275347.0310426,15,201.890625,897.0
1767275347.0310426,15,203.140625,904.5
1767275347.0310426,15,204.34375,913.0
1767275347.0310426,15,205.515625,921.5
1767275347.0310426,15,206.71875,931.0
1767275347.0310426,15,207.984375,943.25
1767275347.0310426,15,209.125,954.5
1767275347.0310426,15,210.390625,964.75
1767275347.0310426,15,211.546875,976.75
1767275347.0310426,15,212.796875,990.0
1767275347.0310426,15,213.9375,1003.5
1767275347.0310426,15,215.09375,1018.0
1767275347.0310426,15,216.375,1034.5
1767275347.0310426,15,217.5,1051.0
1767275347.0310426,15,218.6875,1068.5
1767275347.0310426,15,219.90625,1087.0
1767275347.0310426,15,221.125,1105.5
1767275347.0310426,15,222.328125,1127.0
1767275347.0310426,15,223.46875,1150.25
1767275347.0310426,15,226.484375,792.5
1767275347.0310426,15,227.796875,793.75
1767275347.0310426,15,229.0,795.75
1767275347.0310426,15,230.15625,798.75
1767275347.0310426,15,231.375,801.75
1767275347.0310426,15,232.59375,805.25
1767275347.0310426,15,235.546875,1437.75
1767275347.0310426,15,236.75,1416.5
1767275347.0310426,15,238.0,1398.0
1767275347.0310426,15,239.25,1377.75
1767275347.0310426,15,240.4375,1358.25
1767275347.0310426,15,241.71875,1341.0
1767275347.0310426,15,242.90625,1327.75
1767275347.0310426,15,244.109375,1316.5
1767275347.0310426,15,245.375,1303.5
1767275347.0310426,15,246.59375,1291.25
1767275347.0310426,15,247.84375,1280.25
1767275347.0310426,15,249.078125,1271.0
1767275347.0310426,15,250.28125,1262.25
1767275347.0310426,15,251.484375,1253.5
1767275347.0310426,15,252.734375,1244.5
1767275347.0310426,15,253.9375,1236.25
1767275347.0310426,15,255.171875,1230.5
1767275347.0310426,15,256.390625,1224.25
1767275347.0310426,15,257.59375,1219.5
1767275347.0310426,15,258.796875,1215.0
1767275347.0310426,15,260.03125,1211.0
1767275347.0310426,15,261.28125,1206.25
1767275347.0310426,15,262.4375,1203.0
1767275347.0310426,15,263.671875,1200.75
1767275347.0310426,15,264.875,1197.75
1767275347.0310426,15,266.09375,1196.0
1767275347.0310426,15,267.359375,1194.5
1767275347.0310426,15,268.515625,1194.0
1767275347.0310426,15,269.8125,1195.75
1767275347.0310426,15,270.984375,1197.75
1767275347.0310426,15,272.171875,1199.0
1767275347.0310426,15,273.390625,1200.75
1767275347.0310426,15,274.578125,1202.75
1767275347.0310426,15,275.8125,1205.5
1767275347.0310426,15,276.953125,1208.0
1767275347.0310426,15,278.21875,1212.0
1767275347.0310426,15,279.34375,1217.75
1767275347.0310426,15,280.578125,1221.5
1767275347.0310426,15,281.78125,1225.5
1767275347.0310426,15,283.03125,1231.5
1767275347.0310426,15,284.203125,1238.25
1767275347.0310426,15,285.4375,1246.0
1767275347.0310426,15,286.609375,1255.5
1767275347.0310426,15,287.859375,1264.25
1767275347.0310426,15,289.03125,1273.0
1767275347.0310426,15,290.21875,1283.5
1767275347.0310426,15,291.484375,1295.0
1767275347.0310426,15,292.59375,1308.75
1767275347.0310426,15,293.875,1320.75
1767275347.0310426,15,295.03125,1332.0
1767275347.0310426,15,296.21875,1347.25
1767275347.0310426,15,297.453125,1363.25
1767275347.0310426,15,298.625,1379.75
1767275347.0310426,15,299.953125,1398.5
1767275347.0310426,15,301.203125,1390.25
1767275347.0310426,15,302.421875,1379.5
1767275347.0310426,15,304.875,1323.0
1767275347.0310426,15,306.1875,1286.25
1767275347.0310426,15,307.390625,1251.5
1767275347.0310426,15,311.15625,1111.75
1767275347.0310426,15,312.421875,1087.5
1767275347.0310426,15,313.640625,1063.75
1767275347.0310426,15,314.953125,1042.0
1767275347.0310426,15,316.21875,1019.75
1767275347.0310426,15,317.390625,1000.0
1767275347.0310426,15,318.703125,983.0
1767275347.0310426,15,319.953125,966.0
1767275347.0310426,15,321.171875,950.25
1767275347.0310426,15,322.390625,935.75
1767275347.0310426,15,323.65625,921.25
1767275347.0310426,15,324.9375,908.0
1767275347.0310426,15,326.15625,895.25
1767275347.0310426,15,327.328125,883.0
1767275347.0310426,15,328.625,873.0
1767275347.0310426,15,329.78125,863.75
1767275347.0310426,15,331.09375,853.5
1767275347.0310426,15,332.390625,842.5
1767275347.0310426,15,333.578125,832.5
1767275347.0310426,15,334.75,824.25
1767275347.0310426,15,335.9375,816.5
1767275347.0310426,15,337.1875,808.5
1767275347.0310426,15,338.46875,801.5
1767275347.0310426,15,339.765625,795.5
1767275347.0310426,15,340.875,790.0
1767275347.0310426,15,342.25,784.5
1767275347.0310426,15,343.484375,779.25
1767275347.0310426,15,344.703125,774.5
1767275347.0310426,15,345.796875,770.5
1767275347.0310426,15,347.078125,766.25
1767275347.0310426,15,348.21875,763.0
1767275347.0310426,15,349.453125,760.5
1767275347.0310426,15,350.765625,757.75
1767275347.0310426,15,352.03125,755.0
1767275347.1838894,15,353.109375,752.5
1767275347.1838894,15,354.34375,751.0
1767275347.1838894,15,355.703125,749.5
1767275347.1838894,15,356.796875,748.5
1767275347.1838894,15,359.171875,773.75
1767275347.1838894,15,0.5,775.0
1767275347.1838894,15,1.640625,784.25
1767275347.1838894,15,2.828125,793.0
1767275347.1838894,15,3.96875,795.0
1767275347.1838894,15,5.21875,796.75
1767275347.1838894,15,6.40625,798.75
1767275347.1838894,15,7.6875,801.5
1767275347.1838894,15,8.828125,804.75
1767275347.1838894,15,10.140625,808.5
1767275347.1838894,15,11.234375,812.5
1767275347.1838894,15,12.59375,816.5
1767275347.1838894,15,13.734375,821.5
1767275347.1838894,15,14.890625,826.0
1767275347.1838894,15,16.109375,831.0
1767275347.1838894,15,17.328125,837.75
1767275347.1838894,15,18.5,845.25
1767275347.1838894,15,19.671875,853.25
1767275347.1838894,15,20.921875,860.75
1767275347.1838894,15,22.125,868.0
1767275347.1838894,15,23.421875,875.75
1767275347.1838894,15,24.5,883.25
1767275347.1838894,15,25.828125,892.0
1767275347.1838894,15,26.90625,902.5
1767275347.1838894,15,28.109375,911.75
1767275347.1838894,15,29.390625,920.75
1767275347.1838894,15,30.609375,932.75
1767275347.1838894,15,31.828125,945.25
1767275347.1838894,15,32.921875,958.5
1767275347.1838894,15,34.1875,973.0
1767275347.1838894,15,35.40625,986.5
1767275347.1838894,15,36.703125,1000.0
1767275347.1838894,15,37.875,1015.75
1767275347.1838894,15,39.0625,1033.0
1767275347.1838894,15,40.25,1050.5
1767275347.1838894,15,41.390625,1070.0
1767275347.1838894,15,46.234375,586.25
1767275347.1838894,15,47.375,585.75
1767275347.1838894,15,48.828125,584.5
1767275347.1838894,15,49.953125,584.25
1767275347.1838894,15,51.21875,585.25
1767275347.1838894,15,52.265625,586.5
1767275347.1838894,15,53.578125,587.5
1767275347.1838894,15,54.84375,588.75
1767275347.1838894,15,56.09375,590.0
1767275347.1838894,15,57.25,591.5
1767275347.1838894,15,58.375,592.75
1767275347.1838894,15,59.71875,593.75
1767275347.1838894,15,60.890625,595.25
1767275347.1838894,15,62.0,597.25
1767275347.1838894,15,63.28125,600.0
1767275347.1838894,15,64.40625,602.75
1767275347.1838894,15,65.625,606.25
1767275347.1838894,15,66.78125,609.75
1767275347.1838894,15,68.078125,613.5
1767275347.1838894,15,69.3125,618.5
1767275347.1838894,15,70.578125,624.5
1767275347.1838894,15,73.125,1073.5
1767275347.1838894,15,74.4375,1067.75
1767275347.1838894,15,75.59375,1062.25
1767275347.1838894,15,76.828125,1057.5
1767275347.1838894,15,78.0625,1052.25
1767275347.1838894,15,79.3125,1047.25
1767275347.1838894,15,80.53125,1044.0
1767275347.1838894,15,81.8125,1041.5
1767275347.1838894,15,82.9375,1039.5
1767275347.1838894,15,84.140625,1038.0
1767275347.1838894,15,85.296875,1036.75
1767275347.1838894,15,86.59375,1036.25
1767275347.1838894,15,87.78125,1036.25
1767275347.1838894,15,89.03125,1036.25
1767275347.1838894,15,90.28125,1036.25
1767275347.1838894,15,91.421875,1037.5
1767275347.1838894,15,92.65625,1039.75
1767275347.1838894,15,93.859375,1041.0
1767275347.1838894,15,95.03125,1042.5
1767275347.1838894,15,96.265625,1045.25
1767275347.1838894,15,97.53125,1048.0
1767275347.1838894,15,98.6875,1052.5
1767275347.1838894,15,99.953125,1057.75
1767275347.1838894,15,101.078125,1061.75
1767275347.1838894,15,102.359375,1065.75
1767275347.1838894,15,103.53125,1071.5
1767275347.1838894,15,104.78125,1077.75
1767275347.1838894,15,105.9375,1083.5
1767275347.1838894,15,107.171875,1091.0
1767275347.1838894,15,108.359375,1098.5
1767275347.1838894,15,109.625,1105.5
1767275347.1838894,15,110.875,1113.5
1767275347.1838894,15,111.984375,1122.25
1767275347.1838894,15,113.265625,1132.0
1767275347.1838894,15,114.421875,1141.75
1767275347.1838894,15,115.671875,1154.5
1767275347.1838894,15,116.859375,1167.25
1767275347.1838894,15,118.09375,1177.25
1767275347.1838894,15,121.21875,756.5
1767275347.1838894,15,122.484375,747.5
1767275347.1838894,15,123.734375,739.5
1767275347.1838894,15,124.859375,731.0
1767275347.1838894,15,126.203125,724.0
1767275347.1838894,15,127.34375,717.75
1767275347.1838894,15,128.5625,711.5
1767275347.1838894,15,129.765625,705.75
1767275347.1838894,15,131.125,700.25
1767275347.1838894,15,132.25,695.0
1767275347.1838894,15,133.625,690.25
1767275347.1838894,15,134.75,686.0
1767275347.1838894,15,136.046875,683.25
1767275347.1838894,15,137.15625,686.25
1767275347.1838894,15,140.15625,1043.75
1767275347.1838894,15,143.859375,993.25
1767275347.1838894,15,145.140625,979.25
1767275347.1838894,15,146.328125,967.5
1767275347.1838894,15,147.53125,956.5
1767275347.1838894,15,148.75,944.0
1767275347.1838894,15,150.0,932.25
1767275347.1838894,15,151.28125,921.75
1767275347.1838894,15,152.546875,913.25
1767275347.1838894,15,153.671875,905.0
1767275347.1838894,15,155.0,896.25
1767275347.1838894,15,156.15625,888.75
1767275347.1838894,15,157.359375,881.5
1767275347.1838894,15,158.59375,875.0
1767275347.1838894,15,159.84375,869.75
1767275347.1838894,15,161.109375,864.0
1767275347.1838894,15,162.328125,857.75
1767275347.1838894,15,163.578125,852.75
1767275347.1838894,15,164.71875,848.5
1767275347.1838894,15,165.921875,843.75
1767275347.1838894,15,167.265625,839.25
1767275347.1838894,15,168.484375,835.5
1767275347.1838894,15,169.640625,832.0
1767275347.1838894,15,170.9375,828.75
1767275347.1838894,15,172.09375,826.25
1767275347.1838894,15,173.25,824.5
1767275347.1838894,15,174.484375,823.25
1767275347.1838894,15,175.71875,822.75
1767275347.1838894,15,176.90625,822.75
1767275347.1838894,15,178.125,822.5
1767275347.1838894,15,179.46875,823.0
1767275347.1838894,15,180.65625,823.75
1767275347.1838894,15,181.90625,824.25
1767275347.1838894,15,183.0,825.25
1767275347.1838894,15,184.21875,827.0
1767275347.1838894,15,185.5,830.0
1767275347.1838894,15,186.625,833.75
1767275347.1838894,15,187.859375,836.0
1767275347.1838894,15,189.0625,838.75
1767275347.1838894,15,190.265625,843.25
1767275347.1838894,15,191.453125,847.75
1767275347.1838894,15,192.78125,851.5
1767275347.1838894,15,193.96875,856.25
1767275347.1838894,15,195.140625,862.0
1767275347.1838894,15,196.359375,867.5
1767275347.1838894,15,197.625,872.5
1767275347.1838894,15,198.796875,878.5
1767275347.1838894,15,199.984375,885.75
1767275347.1838894,15,201.1875,893.0
1767275347.1838894,15,202.390625,900.0
1767275347.1838894,15,203.609375,907.75
1767275347.1838894,15,204.84375,916.5
1767275347.1838894,15,206.015625,926.25
1767275347.1838894,15,207.234375,937.25
1767275347.1838894,15,208.53125,948.25
1767275347.1838894,15,209.671875,959.0
1767275347.1838894,15,210.8125,970.25
1767275347.1838894,15,212.109375,982.25
1767275347.1838894,15,213.328125,995.0
1767275347.1838894,15,214.484375,1010.0
1767275347.1838894,15,215.6875,1026.0
1767275347.1838894,15,216.9375,1040.5
1767275347.1838894,15,218.078125,1057.5
1767275347.1838894,15,219.296875,1077.5
1767275347.1838894,15,220.484375,1097.0
1767275347.1838894,15,221.65625,1114.75
1767275347.1838894,15,222.875,1135.25
1767275347.1838894,15,225.9375,790.75
1767275347.1838894,15,227.125,793.25
1767275347.1838894,15,228.28125,794.75
1767275347.1838894,15,229.484375,797.0
1767275347.1838894,15,230.75,799.75
1767275347.1838894,15,232.0,803.25
1767275347.1838894,15,234.828125,1434.75
1767275347.1838894,15,236.0625,1426.5
1767275347.1838894,15,237.234375,1410.25
1767275347.1838894,15,238.484375,1391.5
1767275347.1838894,15,239.703125,1370.25
1767275347.1838894,15,240.96875,1350.75
1767275347.1838894,15,242.234375,1334.0
1767275347.1838894,15,243.40625,1322.75
1767275347.1838894,15,244.6875,1311.25
1767275347.1838894,15,245.90625,1298.0
1767275347.1838894,15,247.09375,1286.75
1767275347.1838894,15,248.3125,1276.0
1767275347.1838894,15,249.546875,1267.75
1767275347.1838894,15,250.84375,1259.0
1767275347.1838894,15,251.921875,1250.0
1767275347.1838894,15,253.203125,1242.5
1767275347.1838894,15,254.375,1233.75
1767275347.1838894,15,255.640625,1227.25
1767275347.1838894,15,256.8125,1223.25
1767275347.1838894,15,258.03125,1218.25
1767275347.1838894,15,259.28125,1213.0
1767275347.1838894,15,260.46875,1209.0
1767275347.1838894,15,261.75,1205.75
1767275347.1838894,15,262.9375,1202.75
1767275347.1838894,15,264.109375,1199.75
1767275347.1838894,15,265.359375,1197.75
1767275347.1838894,15,266.5625,1196.75
1767275347.1838894,15,267.8125,1192.5
1767275347.1838894,15,268.984375,1187.75
1767275347.1838894,15,270.234375,1192.75
1767275347.1838894,15,271.484375,1198.75
1767275347.1838894,15,272.65625,1200.0
1767275347.1838894,15,273.828125,1202.25
1767275347.1838894,15,275.125,1204.5
1767275347.1838894,15,276.25,1205.75
1767275347.1838894,15,277.421875,1209.5
1767275347.1838894,15,278.671875,1214.5
1767275347.1838894,15,279.890625,1218.5
1767275347.1838894,15,281.03125,1223.5
1767275347.1838894,15,282.28125,1228.5
1767275347.1838894,15,283.4375,1233.5
1767275347.1838894,15,284.671875,1240.25
1767275347.1838894,15,285.875,1249.25
1767275347.1838894,15,287.09375,1258.5
1767275347.1838894,15,288.3125,1267.5
1767275347.1838894,15,289.484375,1278.0
1767275347.1838894,15,290.703125,1289.25
1767275347.1838894,15,291.953125,1300.0
1767275347.1838894,15,293.09375,1312.0
1767275347.1838894,15,294.265625,1325.5
1767275347.1838894,15,295.46875,1337.25
1767275347.1838894,15,296.75,1351.0
1767275347.1838894,15,297.90625,1368.75
1767275347.1838894,15,299.1875,1386.5
1767275347.1838894,15,300.359375,1404.0
1767275347.1838894,15,301.59375,1415.5
1767275347.1838894,15,304.09375,1350.5
1767275347.1838894,15,305.328125,1313.0
1767275347.1838894,15,306.546875,1277.25
1767275347.1838894,15,310.34375,1129.25
1767275347.1838894,15,311.640625,1102.5
1767275347.1838894,15,312.859375,1078.75
1767275347.1838894,15,314.125,1056.0
1767275347.1838894,15,315.390625,1034.25
1767275347.1838894,15,316.578125,1012.5
1767275347.1838894,15,317.890625,993.25
1767275347.1838894,15,319.046875,977.0
1767275347.1838894,15,320.3125,962.0
1767275347.1838894,15,321.625,946.75
1767275347.1838894,15,322.828125,931.25
1767275347.1838894,15,324.09375,916.5
1767275347.1838894,15,325.328125,904.0
1767275347.1838894,15,326.515625,892.25
1767275347.1838894,15,327.8125,880.25
1767275347.1838894,15,328.9375,870.0
1767275347.1838894,15,330.1875,860.0
1767275347.1838894,15,331.453125,850.0
1767275347.1838894,15,332.75,840.25
1767275347.1838894,15,334.015625,829.75
1767275347.1838894,15,335.203125,821.25
1767275347.1838894,15,336.421875,814.5
1767275347.1838894,15,337.71875,806.25
1767275347.1838894,15,338.859375,798.0
1767275347.1838894,15,340.15625,793.0
1767275347.1838894,15,341.390625,788.0
1767275347.1838894,15,342.640625,782.75
1767275347.1838894,15,343.84375,778.0
1767275347.1838894,15,345.0,773.25
1767275347.1838894,15,346.28125,769.0
1767275347.1838894,15,347.46875,765.25
1767275347.1838894,15,348.65625,762.0
1767275347.1838894,15,349.90625,759.25
1767275347.1838894,15,351.203125,756.25
1767275347.1838894,15,352.40625,753.5
