timestamp,quality,angle_deg,distance_mm
1767277059.9594662,15,196.71875,2717.75
1767277059.9594662,15,197.90625,2733.25
1767277059.9594662,15,199.046875,2753.0
1767277059.9594662,15,200.203125,2772.0
1767277059.9594662,15,201.375,2785.25
1767277059.9594662,15,202.578125,2806.0
1767277059.9594662,15,203.75,2839.25
1767277059.9594662,15,204.9375,2878.25
1767277059.9594662,15,206.09375,2912.75
1767277059.9594662,15,207.25,2938.75
1767277059.9594662,15,208.4375,2960.75
1767277059.9594662,15,209.578125,2989.25
1767277059.9594662,15,210.765625,3024.5
1767277059.9594662,15,211.90625,3054.25
1767277059.9594662,15,213.09375,3078.0
1767277059.9594662,15,214.265625,3120.0
1767277059.9594662,15,215.421875,3181.5
1767277059.9594662,15,216.578125,3229.0
1767277059.9594662,15,217.75,3274.0
1767277059.9594662,15,220.921875,1165.0
1767277059.9594662,15,222.09375,1159.75
1767277059.9594662,15,223.28125,1153.25
1767277059.9594662,15,224.46875,1147.5
1767277059.9594662,15,227.140625,3815.25
1767277059.9594662,15,230.390625,1128.5
1767277059.9594662,15,231.609375,1125.0
1767277059.9594662,15,232.78125,1122.25
1767277059.9594662,15,233.90625,1120.5
1767277059.9594662,15,235.15625,1120.0
1767277059.9594662,15,236.3125,1119.75
1767277059.9594662,15,237.5,1120.25
1767277059.9594662,15,238.640625,1120.25
1767277059.9594662,15,239.84375,1121.25
1767277059.9594662,15,240.953125,1139.5
1767277059.9594662,13,243.59375,3955.0
1767277059.9594662,15,246.859375,1126.0
1767277059.9594662,15,248.09375,1128.0
1767277059.9594662,15,249.171875,1133.0
1767277059.9594662,15,250.421875,1136.25
1767277059.9594662,15,251.484375,1138.75
1767277059.9594662,15,252.625,1143.5
1767277059.9594662,15,253.796875,1147.25
1767277059.9594662,15,254.984375,1152.25
1767277059.9594662,15,256.171875,1157.25
1767277059.9594662,15,257.3125,1163.25
1767277059.9594662,14,262.28125,3967.5
1767277059.9594662,15,263.46875,3985.75
1767277059.9594662,15,264.625,4004.0
1767277059.9594662,15,265.78125,4003.75
1767277059.9594662,14,266.953125,3994.0
1767277059.9594662,15,268.125,3992.5
1767277059.9594662,15,269.3125,3995.0
1767277059.9594662,15,270.484375,3997.75
1767277059.9594662,15,271.65625,4010.25
1767277059.9594662,14,272.8125,4019.0
1767277059.9594662,15,273.984375,4021.5
1767277059.9594662,12,275.0,4032.25
1767277059.9594662,12,276.171875,4043.0
1767277059.9594662,12,277.328125,4050.25
1767277059.9594662,8,278.5,4069.75
1767277059.9594662,11,279.65625,4068.5
1767277059.9594662,10,280.828125,4041.0
1767277059.9594662,14,282.0,4005.25
1767277059.9594662,15,292.734375,2253.75
1767277059.9594662,15,293.921875,2215.25
1767277059.9594662,15,295.125,2186.25
1767277059.9594662,15,296.265625,2171.25
1767277059.9594662,15,297.453125,2151.25
1767277059.9594662,15,298.609375,2128.25
1767277059.9594662,15,299.8125,2126.75
1767277059.9594662,15,306.453125,4254.5
1767277059.9594662,15,307.625,4315.25
1767277059.9594662,15,308.78125,4396.5
1767277059.9594662,15,309.9375,4468.25
1767277059.9594662,15,311.09375,4526.75
1767277059.9594662,15,312.265625,4585.0
1767277059.9594662,15,314.5625,4824.75
1767277059.9594662,15,315.71875,4895.75
1767277059.9594662,15,316.890625,4960.5
1767277059.9594662,15,319.203125,5260.25
1767277059.9594662,15,327.890625,1920.75
1767277059.9594662,15,329.078125,1917.75
1767277059.9594662,15,330.265625,1918.5
1767277059.9594662,15,331.40625,1920.75
1767277059.9594662,15,332.59375,1922.0
1767277059.9594662,15,333.75,1922.5
1767277059.9594662,15,334.9375,1921.75
1767277059.9594662,15,336.09375,1914.25
1767277059.9594662,15,337.25,1893.5
1767277059.9594662,15,338.4375,1871.0
1767277059.9594662,15,339.59375,1858.5
1767277059.9594662,15,340.78125,1849.25
1767277059.9594662,15,341.96875,1838.0
1767277059.9594662,15,346.53125,2088.75
1767277059.9594662,15,347.671875,2078.75
1767277059.9594662,15,348.84375,2068.5
1767277059.9594662,15,349.96875,2062.0
1767277059.9594662,15,351.15625,2058.75
1767277060.117305,15,352.328125,2055.75
1767277060.117305,15,353.53125,2053.0
1767277060.117305,15,354.6875,2050.0
1767277060.117305,15,355.84375,2047.0
1767277060.117305,15,357.0,2046.5
1767277060.117305,15,358.1875,2044.5
1767277060.117305,15,359.3125,2043.25
1767277060.117305,15,0.5,2043.25
1767277060.117305,15,1.640625,2044.0
1767277060.117305,15,2.859375,2044.75
1767277060.117305,15,3.984375,2046.75
1767277060.117305,15,5.171875,2049.5
1767277060.117305,15,6.34375,2050.25
1767277060.117305,15,7.46875,2053.5
1767277060.117305,15,8.640625,2057.0
1767277060.117305,15,9.8125,2060.25
1767277060.117305,15,10.984375,2065.5
1767277060.117305,15,12.140625,2073.0
1767277060.117305,15,13.3125,2083.0
1767277060.117305,15,14.46875,2094.0
1767277060.117305,15,15.578125,2108.0
1767277060.117305,15,16.765625,2121.75
1767277060.117305,15,17.921875,2138.25
1767277060.117305,15,19.078125,2155.0
1767277060.117305,15,20.234375,2166.25
1767277060.117305,15,21.40625,2180.0
1767277060.117305,15,22.578125,2201.5
1767277060.117305,15,23.71875,2224.0
1767277060.117305,15,24.90625,2244.0
1767277060.117305,15,26.015625,2266.5
1767277060.117305,15,27.21875,2291.0
1767277060.117305,15,28.359375,2310.75
1767277060.117305,15,29.515625,2329.25
1767277060.117305,15,30.65625,2354.5
1767277060.117305,15,31.859375,2378.75
1767277060.117305,15,33.0,2367.75
1767277060.117305,15,34.171875,2312.75
1767277060.117305,15,36.703125,2196.0
1767277060.117305,15,37.875,2219.75
1767277060.117305,15,39.0625,2244.5
1767277060.117305,15,40.234375,2228.75
1767277060.117305,15,41.4375,2185.25
1767277060.117305,15,42.59375,2140.5
1767277060.117305,15,43.828125,2089.0
1767277060.117305,15,44.984375,2043.0
1767277060.117305,15,46.15625,2003.25
1767277060.117305,15,47.34375,1961.25
1767277060.117305,15,48.515625,1914.5
1767277060.117305,15,49.75,1877.25
1767277060.117305,15,50.921875,1841.25
1767277060.117305,15,52.09375,1807.25
1767277060.117305,15,53.3125,1777.75
1767277060.117305,15,54.46875,1752.0
1767277060.117305,15,55.640625,1725.75
1767277060.117305,15,56.84375,1700.0
1767277060.117305,15,58.078125,1676.0
1767277060.117305,15,59.203125,1652.5
1767277060.117305,15,60.390625,1632.25
1767277060.117305,15,61.578125,1614.25
1767277060.117305,15,62.734375,1595.0
1767277060.117305,15,63.96875,1574.25
1767277060.117305,15,65.109375,1558.5
1767277060.117305,15,66.34375,1539.5
1767277060.117305,15,67.484375,1523.5
1767277060.117305,15,68.65625,1515.25
1767277060.117305,15,69.828125,1503.75
1767277060.117305,15,71.03125,1489.75
1767277060.117305,15,72.1875,1477.75
1767277060.117305,15,73.375,1468.75
1767277060.117305,15,74.59375,1459.5
1767277060.117305,15,75.78125,1446.5
1767277060.117305,15,76.921875,1436.5
1767277060.117305,15,78.0625,1432.0
1767277060.117305,15,79.234375,1426.0
1767277060.117305,15,80.421875,1419.5
1767277060.117305,15,81.625,1414.25
1767277060.117305,15,82.75,1410.0
1767277060.117305,15,83.875,1406.75
1767277060.117305,15,85.0,1405.25
1767277060.117305,15,86.1875,1403.25
1767277060.117305,15,87.359375,1400.5
1767277060.117305,15,88.5,1395.5
1767277060.117305,15,89.671875,1393.75
1767277060.117305,15,90.84375,1395.75
1767277060.117305,15,92.015625,1394.0
1767277060.117305,15,93.171875,1394.75
1767277060.117305,15,94.328125,1397.0
1767277060.117305,15,95.5625,1397.5
1767277060.117305,15,96.734375,1399.0
1767277060.117305,15,97.890625,1401.25
1767277060.117305,15,99.0,1404.5
1767277060.117305,15,100.203125,1408.0
1767277060.117305,15,101.34375,1411.5
1767277060.117305,15,102.5625,1416.25
1767277060.117305,15,103.71875,1421.75
1767277060.117305,15,104.84375,1427.25
1767277060.117305,15,106.015625,1432.5
1767277060.117305,15,107.15625,1438.5
1767277060.117305,15,108.328125,1448.25
1767277060.117305,15,109.453125,1460.0
1767277060.117305,15,110.625,1471.75
1767277060.117305,15,111.765625,1481.25
1767277060.117305,15,112.953125,1489.5
1767277060.117305,15,114.078125,1502.75
1767277060.117305,15,115.234375,1514.0
1767277060.117305,15,116.40625,1521.5
1767277060.117305,15,117.578125,1539.0
1767277060.117305,15,118.765625,1557.75
1767277060.117305,15,119.859375,1572.0
1767277060.117305,15,121.015625,1593.5
1767277060.117305,15,122.171875,1612.0
1767277060.117305,15,123.375,1628.25
1767277060.117305,15,124.546875,1650.25
1767277060.117305,15,125.65625,1674.25
1767277060.117305,15,126.796875,1697.75
1767277060.117305,15,127.984375,1722.75
1767277060.117305,15,129.140625,1749.25
1767277060.117305,15,130.265625,1770.25
1767277060.117305,15,131.453125,1798.5
1767277060.117305,15,132.59375,1836.5
1767277060.117305,15,133.75,1871.0
1767277060.117305,15,134.9375,1908.75
1767277060.117305,15,136.078125,1954.75
1767277060.117305,15,137.21875,1992.5
1767277060.117305,15,138.359375,2032.0
1767277060.117305,15,139.53125,2079.0
1767277060.117305,15,140.671875,2129.75
1767277060.117305,15,141.84375,2174.0
1767277060.117305,15,144.15625,2295.5
1767277060.117305,15,145.265625,2353.0
1767277060.117305,15,146.421875,2412.75
1767277060.117305,15,149.875,2659.75
1767277060.117305,15,153.34375,2933.0
1767277060.117305,15,154.53125,2931.25
1767277060.117305,15,155.71875,2913.25
1767277060.117305,15,156.859375,2887.0
1767277060.117305,15,158.046875,2845.5
1767277060.117305,15,159.234375,2815.25
1767277060.117305,15,160.40625,2793.75
1767277060.117305,15,161.578125,2775.0
1767277060.117305,15,162.75,2753.25
1767277060.117305,15,163.921875,2734.0
1767277060.117305,15,165.078125,2723.25
1767277060.117305,15,166.25,2714.0
1767277060.117305,15,167.421875,2699.75
1767277060.117305,15,168.578125,2686.25
1767277060.117305,15,169.75,2675.5
1767277060.117305,15,170.921875,2667.25
1767277060.117305,15,172.109375,2659.0
1767277060.117305,15,173.28125,2650.5
1767277060.117305,15,174.421875,2646.5
1767277060.117305,15,175.625,2643.75
1767277060.117305,15,176.78125,2640.0
1767277060.117305,15,177.9375,2640.5
1767277060.117305,15,179.140625,2642.5
1767277060.117305,13,180.296875,2637.75
1767277060.117305,7,181.4375,2634.0
1767277060.117305,15,182.609375,2633.75
1767277060.117305,15,183.765625,2633.75
1767277060.117305,8,184.953125,2635.25
1767277060.117305,8,186.140625,2639.75
1767277060.117305,11,187.296875,2642.75
1767277060.117305,15,188.46875,2641.5
1767277060.117305,15,189.640625,2648.25
1767277060.117305,15,190.765625,2664.75
1767277060.117305,15,191.96875,2677.75
1767277060.117305,15,193.125,2684.5
1767277060.117305,15,194.265625,2691.75
1767277060.117305,15,195.4375,2702.5
1767277060.117305,15,196.609375,2715.0
1767277060.117305,15,197.796875,2730.0
1767277060.117305,15,198.9375,2748.75
1767277060.117305,15,200.09375,2768.25
1767277060.117305,15,201.265625,2783.0
1767277060.117305,15,202.421875,2804.25
1767277060.117305,15,203.65625,2838.5
1767277060.117305,15,204.8125,2873.75
1767277060.117305,15,205.984375,2908.75
1767277060.117305,15,207.140625,2936.5
1767277060.117305,15,208.296875,2958.5
1767277060.117305,15,209.484375,2986.0
1767277060.117305,15,210.640625,3021.0
1767277060.117305,15,211.8125,3053.25
1767277060.117305,15,212.96875,3076.75
1767277060.117305,15,214.125,3115.25
1767277060.117305,15,215.296875,3177.0
1767277060.117305,15,216.46875,3228.25
1767277060.117305,15,217.609375,3272.75
1767277060.117305,15,220.78125,1167.25
1767277060.117305,15,221.921875,1160.0
1767277060.117305,15,223.15625,1153.25
1767277060.117305,15,224.28125,1148.0
1767277060.117305,15,226.9375,3794.25
1767277060.117305,15,228.09375,3878.5
1767277060.117305,15,231.375,1125.25
1767277060.117305,15,232.5625,1123.25
1767277060.117305,15,233.6875,1122.0
1767277060.117305,15,234.921875,1120.25
1767277060.117305,15,236.0625,1120.25
1767277060.117305,15,237.25,1119.75
1767277060.117305,15,238.375,1120.5
1767277060.117305,15,239.53125,1121.5
1767277060.117305,15,240.71875,1123.25
1767277060.117305,15,245.40625,1124.75
1767277060.117305,15,246.53125,1125.75
1767277060.117305,15,247.78125,1127.75
1767277060.117305,15,248.90625,1130.5
1767277060.117305,15,250.046875,1134.0
1767277060.117305,15,251.21875,1137.0
1767277060.117305,15,252.328125,1141.75
1767277060.117305,15,253.46875,1146.5
1767277060.117305,15,254.671875,1151.25
1767277060.117305,15,255.84375,1156.0
1767277060.117305,15,257.0,1161.25
1767277060.117305,15,258.1875,1168.5
1767277060.117305,15,260.796875,3957.0
1767277060.117305,15,261.96875,3967.75
1767277060.117305,15,263.140625,3980.75
1767277060.117305,15,264.3125,3996.25
1767277060.117305,15,265.484375,4002.75
1767277060.117305,15,266.65625,3993.25
1767277060.117305,15,267.8125,3994.5
1767277060.117305,15,268.96875,4001.5
1767277060.117305,14,270.140625,4000.25
1767277060.117305,15,271.3125,4007.75
1767277060.117305,14,272.484375,4017.0
1767277060.117305,15,273.65625,4026.25
1767277060.117305,13,274.734375,4035.75
1767277060.117305,13,275.921875,4042.5
1767277060.117305,12,277.0625,4049.5
1767277060.117305,11,278.234375,4058.25
1767277060.117305,10,280.578125,4049.0
1767277060.117305,15,281.734375,4014.75
1767277060.117305,15,292.53125,2261.5
1767277060.117305,15,293.65625,2222.5
1767277060.117305,15,294.875,2191.0
1767277060.117305,15,296.015625,2176.0
1767277060.117305,15,297.203125,2156.25
1767277060.117305,15,298.34375,2133.0
1767277060.117305,15,299.59375,2124.75
1767277060.117305,15,307.390625,4303.0
1767277060.117305,15,308.5625,4383.25
1767277060.117305,15,309.703125,4455.5
1767277060.117305,15,310.875,4513.25
1767277060.117305,15,312.046875,4568.25
1767277060.117305,15,313.1875,4668.5
1767277060.117305,15,314.375,4793.25
1767277060.117305,15,315.53125,4875.0
1767277060.117305,15,316.671875,4942.5
1767277060.117305,15,319.0,5222.5
1767277060.117305,15,327.625,1922.0
1767277060.117305,15,328.765625,1916.25
1767277060.117305,15,329.96875,1917.0
1767277060.117305,15,331.125,1918.0
1767277060.117305,15,332.265625,1920.0
1767277060.117305,15,333.46875,1922.25
1767277060.117305,15,334.625,1925.25
1767277060.117305,15,335.8125,1919.25
1767277060.117305,15,336.984375,1895.25
1767277060.117305,15,338.15625,1873.25
1767277060.117305,15,339.296875,1862.0
1767277060.117305,15,340.484375,1852.25
1767277060.117305,15,341.640625,1841.0
1767277060.117305,15,342.765625,1854.0
1767277060.117305,15,347.40625,2080.0
1767277060.117305,15,348.578125,2071.5
1767277060.117305,15,349.71875,2065.0
1767277060.117305,15,350.9375,2059.25
1767277060.2740448,15,352.0625,2055.0
1767277060.2740448,15,353.234375,2051.5
1767277060.2740448,15,354.4375,2050.0
1767277060.2740448,15,355.5625,2048.25
1767277060.2740448,15,356.71875,2046.25
1767277060.2740448,15,357.890625,2045.0
1767277060.2740448,15,359.09375,2043.25
1767277060.2740448,15,0.234375,2043.75
1767277060.2740448,15,1.40625,2044.75
1767277060.2740448,15,2.5625,2044.5
1767277060.2740448,15,3.71875,2046.75
1767277060.2740448,15,4.890625,2049.25
1767277060.2740448,15,6.0625,2050.5
1767277060.2740448,15,7.234375,2052.75
1767277060.2740448,15,8.40625,2056.5
1767277060.2740448,15,9.578125,2060.5
1767277060.2740448,15,10.765625,2064.75
1767277060.2740448,15,11.9375,2070.75
1767277060.2740448,15,13.0625,2079.0
1767277060.2740448,15,14.25,2089.0
1767277060.2740448,15,15.421875,2102.5
1767277060.2740448,15,16.5625,2120.5
1767277060.2740448,15,17.71875,2138.5
1767277060.2740448,15,18.875,2152.5
1767277060.2740448,15,20.0625,2164.5
1767277060.2740448,15,21.21875,2173.0
1767277060.2740448,15,22.40625,2193.5
1767277060.2740448,15,23.515625,2220.75
1767277060.2740448,15,24.6875,2243.0
1767277060.2740448,15,25.84375,2266.75
1767277060.2740448,15,27.0,2287.75
1767277060.2740448,15,28.203125,2307.25
1767277060.2740448,15,29.34375,2328.5
1767277060.2740448,15,30.515625,2352.75
1767277060.2740448,15,31.65625,2377.25
1767277060.2740448,15,32.828125,2372.25
1767277060.2740448,15,36.515625,2196.25
1767277060.2740448,15,37.703125,2214.0
1767277060.2740448,15,38.859375,2243.0
1767277060.2740448,15,40.03125,2242.25
1767277060.2740448,15,41.234375,2201.5
1767277060.2740448,15,42.390625,2147.5
1767277060.2740448,15,43.578125,2096.0
1767277060.2740448,15,44.78125,2048.5
1767277060.2740448,15,45.953125,2008.5
1767277060.2740448,15,47.140625,1965.25
1767277060.2740448,15,48.359375,1918.5
1767277060.2740448,15,49.515625,1880.75
1767277060.2740448,15,50.75,1843.5
1767277060.2740448,15,51.875,1811.25
1767277060.2740448,15,53.078125,1782.25
1767277060.2740448,15,54.265625,1755.0
1767277060.2740448,15,55.484375,1731.75
1767277060.2740448,15,56.640625,1705.75
1767277060.2740448,15,57.8125,1679.0
1767277060.2740448,15,58.953125,1657.0
1767277060.2740448,15,60.125,1638.25
1767277060.2740448,15,61.34375,1617.75
1767277060.2740448,15,62.53125,1598.5
1767277060.2740448,15,63.671875,1578.75
1767277060.2740448,15,64.859375,1562.25
1767277060.2740448,15,66.046875,1543.0
1767277060.2740448,15,67.234375,1525.25
1767277060.2740448,15,68.390625,1515.75
1767277060.2740448,15,69.5625,1506.0
1767277060.2740448,15,70.765625,1494.25
1767277060.2740448,15,71.921875,1482.75
1767277060.2740448,15,73.09375,1471.75
1767277060.2740448,15,74.28125,1460.75
1767277060.2740448,15,75.46875,1449.25
1767277060.2740448,15,76.65625,1438.25
1767277060.2740448,15,77.796875,1432.25
1767277060.2740448,15,78.953125,1427.25
1767277060.2740448,15,80.1875,1420.5
1767277060.2740448,15,81.34375,1415.0
1767277060.2740448,15,82.5,1410.25
1767277060.2740448,15,83.578125,1407.25
1767277060.2740448,15,84.734375,1405.5
1767277060.2740448,15,85.953125,1402.25
1767277060.2740448,15,87.09375,1399.5
1767277060.2740448,15,88.3125,1398.25
1767277060.2740448,15,89.453125,1393.75
1767277060.2740448,15,90.59375,1394.25
1767277060.2740448,15,91.75,1395.25
1767277060.2740448,15,92.921875,1395.0
1767277060.2740448,15,94.109375,1397.25
1767277060.2740448,15,95.265625,1396.75
1767277060.2740448,15,96.40625,1398.25
1767277060.2740448,15,97.609375,1400.75
1767277060.2740448,15,98.71875,1403.0
1767277060.2740448,15,99.921875,1406.25
1767277060.2740448,15,101.09375,1410.75
1767277060.2740448,15,102.234375,1415.0
1767277060.2740448,15,103.40625,1419.5
1767277060.2740448,15,104.578125,1424.75
1767277060.2740448,15,105.734375,1431.5
1767277060.2740448,15,106.875,1437.25
1767277060.2740448,15,108.046875,1444.0
1767277060.2740448,15,109.203125,1454.5
1767277060.2740448,15,110.421875,1467.5
1767277060.2740448,15,111.5625,1478.75
1767277060.2740448,15,112.71875,1490.0
1767277060.2740448,15,113.84375,1501.75
1767277060.2740448,15,115.0,1511.75
1767277060.2740448,15,116.21875,1520.0
1767277060.2740448,15,117.34375,1536.75
1767277060.2740448,15,118.546875,1554.75
1767277060.2740448,15,119.6875,1569.0
1767277060.2740448,15,120.8125,1589.25
1767277060.2740448,15,121.96875,1607.75
1767277060.2740448,15,123.171875,1625.75
1767277060.2740448,15,124.25,1647.0
1767277060.2740448,15,125.46875,1671.25
1767277060.2740448,15,126.625,1694.25
1767277060.2740448,15,127.734375,1719.5
1767277060.2740448,15,128.90625,1745.75
1767277060.2740448,15,130.09375,1767.0
1767277060.2740448,15,131.1875,1794.0
1767277060.2740448,15,132.34375,1825.25
1767277060.2740448,15,133.515625,1859.5
1767277060.2740448,15,134.625,1901.75
1767277060.2740448,15,135.78125,1939.5
1767277060.2740448,15,136.921875,1978.25
1767277060.2740448,15,138.109375,2024.0
1767277060.2740448,15,139.234375,2065.75
1767277060.2740448,15,140.390625,2114.25
1767277060.2740448,15,141.5625,2166.0
1767277060.2740448,15,142.671875,2220.0
1767277060.2740448,15,143.828125,2283.75
1767277060.2740448,15,144.96875,2340.5
1767277060.2740448,15,146.140625,2400.75
1767277060.2740448,15,147.296875,2457.5
1767277060.2740448,15,149.578125,2639.25
1767277060.2740448,15,153.03125,2938.25
1767277060.2740448,15,154.203125,2955.25
1767277060.2740448,15,155.375,2924.25
1767277060.2740448,15,156.546875,2896.0
1767277060.2740448,15,157.71875,2862.0
1767277060.2740448,15,158.859375,2828.0
1767277060.2740448,15,160.0625,2802.25
1767277060.2740448,15,161.21875,2780.25
1767277060.2740448,15,162.359375,2760.0
1767277060.2740448,15,163.5625,2740.5
1767277060.2740448,15,164.71875,2727.0
1767277060.2740448,15,165.890625,2716.75
1767277060.2740448,15,167.046875,2701.75
1767277060.2740448,15,168.203125,2689.75
1767277060.2740448,15,169.375,2680.5
1767277060.2740448,15,170.546875,2671.0
1767277060.2740448,15,171.703125,2662.5
1767277060.2740448,15,172.90625,2655.5
1767277060.2740448,15,174.046875,2646.75
1767277060.2740448,15,175.234375,2640.5
1767277060.2740448,15,176.390625,2640.5
1767277060.2740448,15,177.53125,2641.25
1767277060.2740448,15,178.75,2641.25
1767277060.2740448,12,179.90625,2636.5
1767277060.2740448,8,181.078125,2632.5
1767277060.2740448,15,182.265625,2633.75
1767277060.2740448,15,183.4375,2632.5
1767277060.2740448,15,184.609375,2632.5
1767277060.2740448,8,185.75,2635.5
1767277060.2740448,10,186.953125,2638.75
1767277060.2740448,13,188.078125,2642.5
1767277060.2740448,14,189.25,2647.25
1767277060.2740448,15,190.453125,2657.75
1767277060.2740448,15,191.609375,2673.0
1767277060.2740448,15,192.78125,2682.75
1767277060.2740448,15,193.9375,2688.75
1767277060.2740448,15,195.078125,2698.75
1767277060.2740448,15,196.28125,2712.75
1767277060.2740448,15,197.421875,2727.75
1767277060.2740448,15,198.59375,2744.75
1767277060.2740448,15,199.75,2764.0
1767277060.2740448,15,200.921875,2779.5
1767277060.2740448,15,202.078125,2797.0
1767277060.2740448,15,203.34375,2822.5
1767277060.2740448,15,204.515625,2859.5
1767277060.2740448,15,205.65625,2908.5
1767277060.2740448,15,206.84375,2936.25
1767277060.2740448,15,208.015625,2953.5
1767277060.2740448,15,209.1875,2974.75
1767277060.2740448,15,210.34375,3006.0
1767277060.2740448,15,211.515625,3044.0
1767277060.2740448,15,212.6875,3067.0
1767277060.2740448,15,213.828125,3101.25
1767277060.2740448,15,215.015625,3157.75
1767277060.2740448,15,216.1875,3215.25
1767277060.2740448,15,217.34375,3257.0
1767277060.2740448,15,220.484375,1167.0
1767277060.2740448,15,221.625,1161.75
1767277060.2740448,15,222.8125,1155.0
1767277060.2740448,15,224.0,1148.75
1767277060.2740448,15,231.0,1126.5
1767277060.2740448,15,232.21875,1123.25
1767277060.2740448,15,233.359375,1121.25
1767277060.2740448,15,234.53125,1120.5
1767277060.2740448,15,235.71875,1119.5
1767277060.2740448,15,236.9375,1119.25
1767277060.2740448,15,238.078125,1120.0
1767277060.2740448,15,239.265625,1121.0
1767277060.2740448,15,240.421875,1123.0
1767277060.2740448,15,245.046875,1122.5
1767277060.2740448,15,246.25,1123.5
1767277060.2740448,15,247.40625,1127.5
1767277060.2740448,15,248.578125,1130.0
1767277060.2740448,15,249.78125,1132.75
1767277060.2740448,15,250.875,1137.25
1767277060.2740448,15,251.953125,1141.25
1767277060.2740448,15,253.140625,1144.0
1767277060.2740448,15,254.25,1150.0
1767277060.2740448,15,255.4375,1155.25
1767277060.2740448,15,256.65625,1159.0
1767277060.2740448,15,257.765625,1164.5
1767277060.2740448,15,262.734375,3977.25
1767277060.2740448,15,263.90625,3997.25
1767277060.2740448,15,265.078125,4008.25
1767277060.2740448,15,266.21875,4005.25
1767277060.2740448,15,267.390625,3997.5
1767277060.2740448,15,268.578125,3995.5
1767277060.2740448,15,269.71875,3998.0
1767277060.2740448,15,270.890625,4006.5
1767277060.2740448,15,272.046875,4012.75
1767277060.2740448,15,273.234375,4019.0
1767277060.2740448,14,274.390625,4031.75
1767277060.2740448,10,275.46875,4040.0
1767277060.2740448,9,276.625,4048.25
1767277060.2740448,13,277.796875,4061.75
1767277060.2740448,11,278.953125,4068.25
1767277060.2740448,11,280.125,4055.0
1767277060.2740448,10,281.28125,4020.0
1767277060.2740448,5,282.46875,3955.75
1767277060.2740448,15,292.0,2260.5
1767277060.2740448,15,293.21875,2240.25
1767277060.2740448,15,294.359375,2206.5
1767277060.2740448,15,295.53125,2180.25
1767277060.2740448,15,296.671875,2163.0
1767277060.2740448,15,297.875,2141.0
1767277060.2740448,15,299.125,2117.5
1767277060.2740448,15,306.96875,4270.5
1767277060.2740448,15,308.09375,4354.75
1767277060.2740448,15,309.265625,4436.75
1767277060.2740448,15,310.4375,4494.75
1767277060.2740448,15,311.59375,4548.0
1767277060.2740448,15,312.765625,4630.0
1767277060.2740448,15,313.921875,4743.25
1767277060.2740448,15,315.078125,4847.5
1767277060.2740448,15,316.234375,4911.75
1767277060.2740448,15,318.546875,5184.25
1767277060.2740448,15,323.15625,5664.5
1767277060.2740448,15,328.3125,1919.0
1767277060.2740448,15,329.5,1917.0
1767277060.2740448,15,330.625,1917.75
1767277060.2740448,15,331.828125,1919.25
1767277060.2740448,15,332.984375,1920.5
1767277060.2740448,15,334.15625,1922.25
1767277060.2740448,15,335.3125,1921.75
1767277060.2740448,15,336.484375,1905.5
1767277060.2740448,15,337.625,1881.25
1767277060.2740448,15,338.78125,1866.25
1767277060.2740448,15,340.0,1855.5
1767277060.2740448,15,341.15625,1844.25
1767277060.2740448,15,342.3125,1837.25
1767277060.2740448,15,345.734375,2075.75
1767277060.2740448,15,346.859375,2085.5
1767277060.2740448,15,348.015625,2075.25
1767277060.2740448,15,349.15625,2065.75
1767277060.2740448,15,350.328125,2060.5
1767277060.431416,15,351.5,2057.0
1767277060.431416,15,352.671875,2055.0
1767277060.431416,15,353.828125,2051.75
1767277060.431416,15,354.984375,2047.25
1767277060.431416,15,356.15625,2045.75
1767277060.431416,15,357.34375,2044.75
1767277060.431416,15,358.5,2044.25
1767277060.431416,15,359.625,2044.5
1767277060.431416,15,0.796875,2044.75
1767277060.431416,15,1.96875,2044.75
1767277060.431416,15,3.125,2044.75
1767277060.431416,15,4.28125,2047.0
1767277060.431416,15,5.46875,2049.75
1767277060.431416,15,6.609375,2051.25
1767277060.431416,15,7.78125,2053.75
1767277060.431416,15,8.90625,2057.5
1767277060.431416,15,10.0625,2060.75
1767277060.431416,15,11.265625,2066.0
1767277060.431416,15,12.421875,2074.75
1767277060.431416,15,13.609375,2085.0
1767277060.431416,15,14.765625,2096.75
1767277060.431416,15,15.9375,2110.0
1767277060.431416,15,17.0625,2128.25
1767277060.431416,15,18.21875,2145.25
1767277060.431416,15,19.359375,2155.5
1767277060.431416,15,20.5625,2165.5
1767277060.431416,15,21.6875,2183.0
1767277060.431416,15,22.84375,2206.25
1767277060.431416,15,24.03125,2229.75
1767277060.431416,15,25.171875,2251.25
1767277060.431416,15,26.328125,2274.5
1767277060.431416,15,27.484375,2297.25
1767277060.431416,15,28.65625,2315.75
1767277060.431416,15,29.8125,2335.5
1767277060.431416,15,30.953125,2360.25
1767277060.431416,15,34.5,2292.5
1767277060.431416,15,36.953125,2194.75
1767277060.431416,15,38.109375,2226.5
1767277060.431416,15,39.25,2269.25
1767277060.431416,15,41.640625,2176.0
1767277060.431416,15,42.828125,2131.75
1767277060.431416,15,44.03125,2080.5
1767277060.431416,15,45.234375,2035.25
1767277060.431416,15,46.390625,1993.75
1767277060.431416,15,47.578125,1953.25
1767277060.431416,15,48.71875,1907.75
1767277060.431416,15,49.953125,1870.5
1767277060.431416,15,51.140625,1837.5
1767277060.431416,15,52.34375,1799.75
1767277060.431416,15,53.46875,1770.5
1767277060.431416,15,54.671875,1749.5
1767277060.431416,15,55.859375,1722.5
1767277060.431416,15,57.03125,1696.75
1767277060.431416,15,58.1875,1673.0
1767277060.431416,15,59.34375,1648.25
1767277060.431416,15,60.484375,1630.0
1767277060.431416,15,61.671875,1612.75
1767277060.431416,15,62.859375,1594.0
1767277060.431416,15,64.0,1573.75
1767277060.431416,15,65.21875,1558.25
1767277060.431416,15,66.375,1538.25
1767277060.431416,15,67.546875,1522.0
1767277060.431416,15,68.703125,1514.25
1767277060.431416,15,69.953125,1503.0
1767277060.431416,15,71.0625,1489.5
1767277060.431416,15,72.234375,1478.25
1767277060.431416,15,73.40625,1469.25
1767277060.431416,15,74.625,1459.5
1767277060.431416,15,75.8125,1446.25
1767277060.431416,15,76.90625,1436.5
1767277060.431416,15,78.109375,1432.0
1767277060.431416,15,79.28125,1426.0
1767277060.431416,15,80.484375,1419.5
1767277060.431416,15,81.609375,1414.25
1767277060.431416,15,82.8125,1410.0
1767277060.431416,15,83.875,1406.5
1767277060.431416,15,85.09375,1405.0
1767277060.431416,15,86.25,1403.25
1767277060.431416,15,87.4375,1400.5
1767277060.431416,15,88.59375,1395.5
1767277060.431416,15,89.71875,1393.75
1767277060.431416,15,90.90625,1395.75
1767277060.431416,15,92.015625,1394.25
1767277060.431416,15,93.21875,1395.0
1767277060.431416,15,94.375,1397.0
1767277060.431416,15,95.578125,1397.5
1767277060.431416,15,96.734375,1398.25
1767277060.431416,15,97.890625,1400.75
1767277060.431416,15,99.03125,1404.5
1767277060.431416,15,100.1875,1407.75
1767277060.431416,15,101.328125,1411.25
1767277060.431416,15,102.5,1416.0
1767277060.431416,15,103.65625,1421.5
1767277060.431416,15,104.78125,1427.5
1767277060.431416,15,105.984375,1432.5
1767277060.431416,15,107.140625,1438.25
1767277060.431416,15,108.34375,1448.25
1767277060.431416,15,109.484375,1460.25
1767277060.431416,15,110.671875,1472.0
1767277060.431416,15,111.765625,1481.25
1767277060.431416,15,113.0,1489.75
1767277060.431416,15,114.125,1503.0
1767277060.431416,15,115.234375,1514.0
1767277060.431416,15,116.40625,1521.5
1767277060.431416,15,117.59375,1539.0
1767277060.431416,15,118.75,1557.5
1767277060.431416,15,119.890625,1571.5
1767277060.431416,15,121.03125,1593.0
1767277060.431416,15,122.203125,1611.75
1767277060.431416,15,123.328125,1628.25
1767277060.431416,15,124.546875,1650.0
1767277060.431416,15,125.640625,1674.0
1767277060.431416,15,126.796875,1697.5
1767277060.431416,15,128.0,1722.5
1767277060.431416,15,129.109375,1749.25
1767277060.431416,15,130.296875,1771.0
1767277060.431416,15,131.375,1796.75
1767277060.431416,15,132.484375,1826.75
1767277060.431416,15,133.625,1861.25
1767277060.431416,15,134.78125,1905.75
1767277060.431416,15,135.953125,1950.75
1767277060.431416,15,137.078125,1989.0
1767277060.431416,15,138.21875,2028.25
1767277060.431416,15,139.390625,2068.0
1767277060.431416,15,140.515625,2117.75
1767277060.431416,15,141.65625,2169.25
1767277060.431416,15,142.796875,2221.5
1767277060.431416,15,143.984375,2285.75
1767277060.431416,15,145.109375,2344.0
1767277060.431416,15,146.265625,2404.0
1767277060.431416,15,149.6875,2640.75
1767277060.431416,15,153.109375,2933.0
1767277060.431416,15,154.265625,2950.25
1767277060.431416,15,155.46875,2923.75
1767277060.431416,15,156.59375,2895.0
1767277060.431416,15,157.78125,2860.25
1767277060.431416,15,158.953125,2826.0
1767277060.431416,15,160.140625,2801.75
1767277060.431416,15,161.3125,2780.25
1767277060.431416,15,162.4375,2759.25
1767277060.431416,15,163.609375,2739.25
1767277060.431416,15,164.78125,2724.0
1767277060.431416,15,165.9375,2713.5
1767277060.431416,15,167.09375,2701.5
1767277060.431416,15,168.28125,2689.75
1767277060.431416,15,169.4375,2680.5
1767277060.431416,15,170.609375,2670.0
1767277060.431416,15,171.75,2661.75
1767277060.431416,15,172.9375,2657.5
1767277060.431416,15,174.078125,2648.75
1767277060.431416,15,175.25,2642.5
1767277060.431416,14,176.421875,2641.75
1767277060.431416,15,177.578125,2640.5
1767277060.431416,15,178.8125,2640.5
1767277060.431416,14,179.96875,2637.0
1767277060.431416,15,181.171875,2633.0
1767277060.431416,15,182.328125,2633.25
1767277060.431416,15,183.484375,2632.25
1767277060.431416,15,184.65625,2632.75
1767277060.431416,8,185.8125,2636.5
1767277060.431416,10,187.0,2641.25
1767277060.431416,13,188.15625,2644.0
1767277060.431416,14,189.3125,2648.5
1767277060.431416,15,190.5,2658.75
1767277060.431416,15,191.671875,2672.0
1767277060.431416,15,192.8125,2682.5
1767277060.431416,15,193.984375,2689.25
1767277060.431416,15,195.125,2699.25
1767277060.431416,15,196.328125,2712.5
1767277060.431416,15,197.46875,2727.25
1767277060.431416,15,198.609375,2744.75
1767277060.431416,15,199.796875,2764.0
1767277060.431416,15,200.953125,2779.5
1767277060.431416,15,202.09375,2796.75
1767277060.431416,15,203.328125,2822.75
1767277060.431416,15,204.515625,2859.5
1767277060.431416,15,205.640625,2908.25
1767277060.431416,15,206.8125,2936.25
1767277060.431416,15,207.984375,2953.0
1767277060.431416,15,209.171875,2974.25
1767277060.431416,15,210.328125,3005.5
1767277060.431416,15,211.484375,3044.25
1767277060.431416,15,212.65625,3067.0
1767277060.431416,15,213.828125,3100.75
1767277060.431416,15,214.984375,3157.0
1767277060.431416,15,216.15625,3214.0
1767277060.431416,15,217.3125,3256.0
1767277060.431416,15,220.453125,1167.0
1767277060.431416,15,221.625,1161.75
1767277060.431416,15,222.8125,1155.0
1767277060.431416,15,224.0,1148.5
1767277060.431416,15,225.140625,1160.5
1767277060.431416,15,227.75,3852.0
1767277060.431416,15,230.953125,1126.5
1767277060.431416,15,232.15625,1123.25
1767277060.431416,15,233.359375,1121.25
1767277060.431416,15,234.546875,1120.5
1767277060.431416,15,235.671875,1119.5
1767277060.431416,15,236.859375,1119.0
1767277060.431416,15,238.0625,1119.75
1767277060.431416,15,239.1875,1120.75
1767277060.431416,15,240.359375,1122.75
1767277060.431416,15,244.984375,1122.5
1767277060.431416,15,246.21875,1123.25
1767277060.431416,15,247.390625,1127.5
1767277060.431416,15,248.546875,1129.75
1767277060.431416,15,249.734375,1132.75
1767277060.431416,15,250.875,1137.25
1767277060.431416,15,252.03125,1141.25
1767277060.431416,15,253.1875,1144.0
1767277060.431416,15,254.359375,1150.0
1767277060.431416,15,255.515625,1155.25
1767277060.431416,15,256.671875,1159.0
1767277060.431416,15,257.765625,1164.75
1767277060.431416,15,262.765625,3976.0
1767277060.431416,15,263.921875,3994.25
1767277060.431416,15,265.09375,4005.75
1767277060.431416,15,266.265625,4004.25
1767277060.431416,15,267.421875,3999.0
1767277060.431416,15,268.59375,3996.75
1767277060.431416,15,269.765625,3996.0
1767277060.431416,15,270.9375,4004.25
1767277060.431416,15,272.109375,4017.75
1767277060.431416,15,273.25,4025.25
1767277060.431416,15,274.421875,4033.75
1767277060.431416,11,275.5,4040.0
1767277060.431416,8,276.65625,4046.0
1767277060.431416,13,277.84375,4057.75
1767277060.431416,9,279.0,4065.75
1767277060.431416,10,280.15625,4055.25
1767277060.431416,10,281.328125,4021.0
1767277060.431416,6,282.5,3957.25
1767277060.431416,15,292.078125,2257.5
1767277060.431416,15,293.234375,2238.75
1767277060.431416,15,294.421875,2204.75
1767277060.431416,15,295.59375,2180.0
1767277060.431416,15,296.75,2162.75
1767277060.431416,15,297.90625,2140.5
1767277060.431416,15,299.09375,2117.25
1767277060.431416,15,306.890625,4270.25
1767277060.431416,15,308.03125,4344.75
1767277060.431416,15,309.1875,4426.5
1767277060.431416,15,310.375,4490.5
1767277060.431416,15,311.5,4544.25
1767277060.431416,15,312.671875,4616.25
1767277060.431416,15,313.84375,4729.5
1767277060.431416,15,314.984375,4842.0
1767277060.431416,15,316.140625,4905.75
1767277060.431416,15,317.3125,4991.25
1767277060.431416,15,323.0625,5628.75
1767277060.431416,15,328.1875,1918.25
1767277060.431416,15,329.375,1916.5
1767277060.431416,15,330.515625,1917.5
1767277060.431416,15,331.6875,1918.75
1767277060.431416,15,332.875,1920.0
1767277060.431416,15,334.015625,1921.5
1767277060.431416,15,335.15625,1921.0
1767277060.431416,15,336.328125,1911.25
1767277060.431416,15,337.53125,1889.5
1767277060.431416,15,338.671875,1869.25
1767277060.431416,15,339.8125,1857.5
1767277060.431416,15,340.984375,1846.0
1767277060.431416,15,342.1875,1837.5
1767277060.431416,15,345.578125,2076.5
1767277060.431416,15,346.796875,2086.75
1767277060.431416,15,347.953125,2075.0
1767277060.431416,15,349.140625,2065.75
1767277060.431416,15,350.265625,2060.5
1767277060.5909574,15,351.46875,2056.75
1767277060.5909574,15,352.609375,2055.0
1767277060.5909574,15,353.796875,2051.25
1767277060.5909574,15,354.9375,2046.75
1767277060.5909574,15,356.140625,2045.75
1767277060.5909574,15,357.28125,2045.25
1767277060.5909574,15,358.453125,2043.5
1767277060.5909574,15,359.59375,2043.5
1767277060.5909574,15,0.78125,2045.0
1767277060.5909574,15,1.953125,2045.5
1767277060.5909574,15,3.109375,2045.0
1767277060.5909574,15,4.25,2047.0
1767277060.5909574,15,5.453125,2050.0
1767277060.5909574,15,6.59375,2051.25
1767277060.5909574,15,7.78125,2053.5
1767277060.5909574,15,8.921875,2057.5
1767277060.5909574,15,10.09375,2060.75
1767277060.5909574,15,11.234375,2066.0
1767277060.5909574,15,12.4375,2074.25
1767277060.5909574,15,13.609375,2084.5
1767277060.5909574,15,14.71875,2096.75
1767277060.5909574,15,15.90625,2111.25
1767277060.5909574,15,17.0625,2129.5
1767277060.5909574,15,18.203125,2144.25
1767277060.5909574,15,19.359375,2154.5
1767277060.5909574,15,20.53125,2165.25
1767277060.5909574,15,21.6875,2180.75
1767277060.5909574,15,22.859375,2204.25
1767277060.5909574,15,24.015625,2229.25
1767277060.5909574,15,25.171875,2250.5
1767277060.5909574,15,26.359375,2273.75
1767277060.5909574,15,27.5,2297.25
1767277060.5909574,15,28.625,2315.75
1767277060.5909574,15,29.8125,2335.25
1767277060.5909574,15,30.953125,2360.0
1767277060.5909574,15,32.125,2365.0
1767277060.5909574,15,33.3125,2341.5
1767277060.5909574,15,34.5,2293.25
1767277060.5909574,15,36.890625,2191.5
1767277060.5909574,15,38.046875,2223.25
1767277060.5909574,15,39.1875,2234.0
1767277060.5909574,15,40.34375,2211.0
1767277060.5909574,15,41.53125,2180.25
1767277060.5909574,15,42.75,2136.0
1767277060.5909574,15,43.921875,2082.5
1767277060.5909574,15,45.09375,2036.0
1767277060.5909574,15,46.265625,1996.0
1767277060.5909574,15,47.4375,1956.75
1767277060.5909574,15,48.625,1911.25
1767277060.5909574,15,49.828125,1875.25
1767277060.5909574,15,51.0,1841.25
1767277060.5909574,15,52.1875,1807.0
1767277060.5909574,15,53.359375,1777.5
1767277060.5909574,15,54.515625,1752.0
1767277060.5909574,15,55.703125,1725.75
1767277060.5909574,15,56.921875,1699.75
1767277060.5909574,15,58.078125,1675.75
1767277060.5909574,15,59.25,1652.25
1767277060.5909574,15,60.4375,1631.75
1767277060.5909574,15,61.546875,1613.75
1767277060.5909574,15,62.75,1595.25
1767277060.5909574,15,63.890625,1574.25
1767277060.5909574,15,65.09375,1559.0
1767277060.5909574,15,66.28125,1539.75
1767277060.5909574,15,67.453125,1523.25
1767277060.5909574,15,68.59375,1515.25
1767277060.5909574,15,69.765625,1504.5
1767277060.5909574,15,70.96875,1490.0
1767277060.5909574,15,72.15625,1478.25
1767277060.5909574,15,73.328125,1469.25
1767277060.5909574,15,74.46875,1459.5
1767277060.5909574,15,75.65625,1446.25
1767277060.5909574,15,76.796875,1436.5
1767277060.5909574,15,78.015625,1432.0
1767277060.5909574,15,79.125,1426.0
1767277060.5909574,15,80.34375,1419.5
1767277060.5909574,15,81.515625,1414.0
1767277060.5909574,15,82.671875,1410.0
1767277060.5909574,15,83.828125,1406.5
1767277060.5909574,15,85.0,1405.0
1767277060.5909574,15,86.1875,1402.75
1767277060.5909574,15,87.296875,1400.5
1767277060.5909574,15,88.46875,1395.5
1767277060.5909574,15,89.609375,1393.75
1767277060.5909574,15,90.78125,1395.75
1767277060.5909574,15,91.9375,1394.75
1767277060.5909574,15,93.15625,1395.25
1767277060.5909574,15,94.296875,1396.5
1767277060.5909574,15,95.453125,1397.75
1767277060.5909574,15,96.609375,1398.25
1767277060.5909574,15,97.765625,1400.75
1767277060.5909574,15,98.96875,1404.75
1767277060.5909574,15,100.078125,1407.25
1767277060.5909574,15,101.296875,1410.75
1767277060.5909574,15,102.46875,1415.5
1767277060.5909574,15,103.578125,1421.0
1767277060.5909574,15,104.78125,1426.5
1767277060.5909574,15,105.90625,1431.5
1767277060.5909574,15,106.984375,1437.5
1767277060.5909574,15,108.1875,1444.25
1767277060.5909574,15,109.296875,1455.75
1767277060.5909574,15,110.5,1468.75
1767277060.5909574,15,111.59375,1478.75
1767277060.5909574,15,112.796875,1490.25
1767277060.5909574,15,113.90625,1503.5
1767277060.5909574,15,115.046875,1513.5
1767277060.5909574,15,116.234375,1521.0
1767277060.5909574,15,117.375,1537.75
1767277060.5909574,15,118.546875,1554.75
1767277060.5909574,15,119.6875,1569.0
1767277060.5909574,15,120.84375,1589.5
1767277060.5909574,15,122.015625,1607.75
1767277060.5909574,15,123.15625,1625.25
1767277060.5909574,15,124.28125,1647.0
1767277060.5909574,15,125.453125,1671.0
1767277060.5909574,15,126.59375,1693.75
1767277060.5909574,15,127.71875,1718.75
1767277060.5909574,15,128.875,1745.25
1767277060.5909574,15,130.0625,1767.0
1767277060.5909574,15,131.125,1794.25
1767277060.5909574,15,132.265625,1823.75
1767277060.5909574,15,133.375,1857.75
1767277060.5909574,15,134.546875,1900.0
1767277060.5909574,15,135.6875,1937.25
1767277060.5909574,15,136.8125,1976.0
1767277060.5909574,15,137.984375,2021.75
1767277060.5909574,15,139.09375,2061.5
1767277060.5909574,15,140.265625,2106.25
1767277060.5909574,15,141.390625,2158.0
1767277060.5909574,15,142.53125,2211.75
1767277060.5909574,15,143.671875,2273.75
1767277060.5909574,15,144.796875,2331.25
1767277060.5909574,15,145.96875,2392.0
1767277060.5909574,9,147.109375,2446.0
1767277060.5909574,13,149.390625,2628.75
1767277060.5909574,15,150.5,2709.75
1767277060.5909574,15,152.78125,2891.5
1767277060.5909574,15,153.9375,2927.75
1767277060.5909574,15,155.171875,2926.75
1767277060.5909574,15,156.359375,2900.25
1767277060.5909574,15,157.53125,2870.5
1767277060.5909574,15,158.671875,2832.5
1767277060.5909574,15,159.8125,2803.0
1767277060.5909574,15,161.015625,2782.75
1767277060.5909574,15,162.15625,2762.0
1767277060.5909574,15,163.328125,2744.75
1767277060.5909574,15,164.515625,2730.25
1767277060.5909574,15,165.671875,2718.75
1767277060.5909574,15,166.8125,2706.5
1767277060.5909574,15,167.984375,2693.25
1767277060.5909574,15,169.140625,2682.75
1767277060.5909574,15,170.296875,2672.75
1767277060.5909574,15,171.484375,2664.0
1767277060.5909574,15,172.640625,2656.5
1767277060.5909574,15,173.796875,2653.0
1767277060.5909574,15,174.9375,2647.75
1767277060.5909574,15,176.125,2642.0
1767277060.5909574,15,177.28125,2640.0
1767277060.5909574,15,178.53125,2640.75
1767277060.5909574,14,179.71875,2641.25
1767277060.5909574,9,180.875,2634.75
1767277060.5909574,15,182.03125,2634.25
1767277060.5909574,15,183.1875,2636.25
1767277060.5909574,15,184.359375,2634.25
1767277060.5909574,8,185.53125,2637.5
1767277060.5909574,9,186.703125,2640.75
1767277060.5909574,13,187.859375,2641.75
1767277060.5909574,14,189.03125,2644.5
1767277060.5909574,15,190.21875,2653.0
1767277060.5909574,15,191.34375,2669.5
1767277060.5909574,15,192.5,2682.25
1767277060.5909574,15,193.703125,2687.75
1767277060.5909574,15,194.84375,2697.0
1767277060.5909574,15,196.015625,2710.0
1767277060.5909574,15,197.1875,2722.75
1767277060.5909574,15,198.34375,2737.75
1767277060.5909574,15,199.5,2756.25
1767277060.5909574,15,200.640625,2773.25
1767277060.5909574,15,201.828125,2789.75
1767277060.5909574,15,202.984375,2814.0
1767277060.5909574,15,204.171875,2847.0
1767277060.5909574,15,205.3125,2894.5
1767277060.5909574,15,206.484375,2927.75
1767277060.5909574,15,207.640625,2946.5
1767277060.5909574,15,208.796875,2967.0
1767277060.5909574,15,209.9375,2996.0
1767277060.5909574,15,211.125,3035.75
1767277060.5909574,15,212.28125,3061.0
1767277060.5909574,15,213.421875,3083.0
1767277060.5909574,15,214.59375,3134.0
1767277060.5909574,15,215.734375,3199.0
1767277060.5909574,15,216.90625,3242.5
1767277060.5909574,15,218.078125,3287.5
1767277060.5909574,15,221.1875,1163.0
1767277060.5909574,15,222.375,1157.0
1767277060.5909574,15,223.578125,1152.0
1767277060.5909574,15,224.765625,1150.5
1767277060.5909574,15,227.296875,3833.5
1767277060.5909574,15,230.546875,1127.5
1767277060.5909574,15,231.671875,1124.5
1767277060.5909574,15,232.90625,1122.0
1767277060.5909574,15,234.078125,1120.25
1767277060.5909574,15,235.234375,1120.0
1767277060.5909574,15,236.4375,1119.75
1767277060.5909574,15,237.609375,1120.25
1767277060.5909574,15,238.65625,1120.25
1767277060.5909574,15,239.828125,1121.0
1767277060.5909574,15,245.6875,1124.0
1767277060.5909574,15,246.84375,1126.25
1767277060.5909574,15,248.0,1128.0
1767277060.5909574,15,249.21875,1133.0
1767277060.5909574,15,250.375,1136.25
1767277060.5909574,15,251.515625,1138.75
1767277060.5909574,15,252.71875,1143.75
1767277060.5909574,15,253.796875,1147.5
1767277060.5909574,15,254.96875,1152.25
1767277060.5909574,15,256.140625,1157.5
1767277060.5909574,15,257.296875,1163.25
1767277060.5909574,15,262.265625,3968.75
1767277060.5909574,15,263.421875,3989.75
1767277060.5909574,15,264.578125,4008.75
1767277060.5909574,15,265.734375,4009.75
1767277060.5909574,15,266.921875,3998.75
1767277060.5909574,15,268.078125,3997.5
1767277060.5909574,15,269.25,4001.75
1767277060.5909574,15,270.40625,4006.5
1767277060.5909574,15,271.5625,4016.75
1767277060.5909574,14,272.75,4022.75
1767277060.5909574,15,273.90625,4025.5
1767277060.5909574,14,274.984375,4032.25
1767277060.5909574,10,276.140625,4043.25
1767277060.5909574,12,277.296875,4051.25
1767277060.5909574,4,278.453125,4071.5
1767277060.5909574,11,279.625,4073.75
1767277060.5909574,10,280.796875,4044.75
1767277060.5909574,14,281.953125,4010.5
1767277060.5909574,15,292.6875,2256.5
1767277060.5909574,15,293.84375,2218.25
1767277060.5909574,15,295.03125,2186.75
1767277060.5909574,15,296.203125,2171.75
1767277060.5909574,15,297.359375,2152.25
1767277060.5909574,15,298.53125,2129.5
1767277060.5909574,15,299.65625,2124.0
1767277060.5909574,15,307.421875,4305.25
1767277060.5909574,15,308.59375,4388.5
1767277060.5909574,15,309.75,4461.5
1767277060.5909574,15,310.890625,4514.0
1767277060.5909574,15,312.0625,4568.25
1767277060.5909574,15,313.203125,4665.75
1767277060.5909574,15,314.375,4788.0
1767277060.5909574,15,315.515625,4871.75
1767277060.5909574,15,316.671875,4942.25
1767277060.5909574,15,317.8125,5056.0
1767277060.5909574,15,318.96875,5200.0
1767277060.5909574,15,328.71875,1916.0
1767277060.5909574,15,329.875,1917.0
1767277060.5909574,15,331.015625,1918.0
1767277060.5909574,15,332.1875,1920.0
1767277060.5909574,15,333.34375,1921.75
1767277060.5909574,15,334.484375,1918.75
1767277060.5909574,15,335.671875,1913.25
1767277060.5909574,15,336.875,1898.0
1767277060.5909574,15,338.0,1875.75
1767277060.5909574,15,339.203125,1862.0
1767277060.5909574,15,340.34375,1852.75
1767277060.5909574,15,341.484375,1841.0
1767277060.5909574,15,342.625,1849.75
1767277060.5909574,15,344.890625,2009.0
1767277060.5909574,15,346.015625,2062.5
1767277060.5909574,15,347.234375,2081.5
1767277060.5909574,15,348.421875,2072.75
1767277060.5909574,15,349.59375,2064.5
1767277060.5909574,15,350.734375,2059.5
1767277060.7489033,15,351.90625,2055.75
1767277060.7489033,15,353.09375,2052.75
1767277060.7489033,15,354.21875,2051.0
1767277060.7489033,15,355.375,2047.5
1767277060.7489033,15,356.578125,2046.25
1767277060.7489033,15,357.6875,2044.75
1767277060.7489033,15,358.84375,2043.25
1767277060.7489033,15,0.0,2043.5
1767277060.7489033,15,1.1875,2044.25
1767277060.7489033,15,2.328125,2046.75
1767277060.7489033,15,3.484375,2048.0
1767277060.7489033,15,4.6875,2047.5
1767277060.7489033,15,5.8125,2048.0
1767277060.7489033,15,6.984375,2051.75
1767277060.7489033,15,8.15625,2055.5
1767277060.7489033,15,9.296875,2058.75
1767277060.7489033,15,10.453125,2063.5
1767277060.7489033,15,11.671875,2070.25
1767277060.7489033,15,12.84375,2079.75
1767277060.7489033,15,14.0,2088.25
1767277060.7489033,15,15.140625,2099.25
1767277060.7489033,15,16.296875,2117.5
1767277060.7489033,15,17.4375,2137.25
1767277060.7489033,15,18.59375,2150.5
1767277060.7489033,15,19.765625,2161.5
1767277060.7489033,15,20.953125,2171.25
1767277060.7489033,15,22.09375,2187.75
1767277060.7489033,15,23.25,2213.0
1767277060.7489033,15,24.390625,2235.75
1767277060.7489033,15,25.5625,2257.75
1767277060.7489033,15,26.6875,2280.5
1767277060.7489033,15,27.859375,2302.0
1767277060.7489033,15,29.0,2320.5
1767277060.7489033,15,30.1875,2341.5
1767277060.7489033,15,31.328125,2367.5
1767277060.7489033,15,32.46875,2378.75
1767277060.7489033,15,33.671875,2339.75
1767277060.7489033,15,34.921875,2272.25
1767277060.7489033,15,36.125,2210.0
1767277060.7489033,15,37.234375,2199.0
1767277060.7489033,15,38.390625,2232.25
1767277060.7489033,15,39.5625,2249.75
1767277060.7489033,15,41.921875,2164.75
1767277060.7489033,15,43.09375,2114.25
1767277060.7489033,15,44.296875,2066.0
1767277060.7489033,15,45.4375,2023.75
1767277060.7489033,15,46.65625,1981.25
1767277060.7489033,15,47.828125,1944.25
1767277060.7489033,15,49.0,1901.25
1767277060.7489033,15,50.1875,1857.75
1767277060.7489033,15,51.359375,1824.5
1767277060.7489033,15,52.5625,1795.5
1767277060.7489033,15,53.703125,1765.25
1767277060.7489033,15,54.921875,1742.5
1767277060.7489033,15,56.078125,1716.25
1767277060.7489033,15,57.265625,1692.25
1767277060.7489033,15,58.4375,1671.0
1767277060.7489033,15,59.609375,1647.75
1767277060.7489033,15,60.78125,1626.5
1767277060.7489033,15,61.9375,1610.0
1767277060.7489033,15,63.125,1591.5
1767277060.7489033,15,64.296875,1569.25
1767277060.7489033,15,65.453125,1553.5
1767277060.7489033,15,66.671875,1535.5
1767277060.7489033,15,67.84375,1521.0
1767277060.7489033,15,69.0,1511.25
1767277060.7489033,15,70.125,1500.0
1767277060.7489033,15,71.328125,1486.0
1767277060.7489033,15,72.484375,1475.0
1767277060.7489033,15,73.6875,1465.75
1767277060.7489033,15,74.875,1452.75
1767277060.7489033,15,76.015625,1442.25
1767277060.7489033,15,77.171875,1435.25
1767277060.7489033,15,78.359375,1430.0
1767277060.7489033,15,79.53125,1424.5
1767277060.7489033,15,80.671875,1417.75
1767277060.7489033,15,81.859375,1412.5
1767277060.7489033,15,83.03125,1409.25
1767277060.7489033,15,84.171875,1406.0
1767277060.7489033,15,85.3125,1402.75
1767277060.7489033,15,86.5,1402.0
1767277060.7489033,15,87.625,1401.5
1767277060.7489033,15,88.828125,1398.5
1767277060.7489033,15,89.953125,1392.75
1767277060.7489033,15,91.15625,1392.25
1767277060.7489033,15,92.25,1396.0
1767277060.7489033,15,93.421875,1396.75
1767277060.7489033,15,94.609375,1397.5
1767277060.7489033,15,95.8125,1398.25
1767277060.7489033,15,96.953125,1400.5
1767277060.7489033,15,98.125,1403.25
1767277060.7489033,15,99.234375,1406.5
1767277060.7489033,15,100.4375,1409.0
1767277060.7489033,15,101.609375,1411.75
1767277060.7489033,15,102.78125,1416.5
1767277060.7489033,15,103.90625,1423.0
1767277060.7489033,15,105.0625,1429.25
1767277060.7489033,15,106.21875,1433.25
1767277060.7489033,15,107.34375,1439.75
1767277060.7489033,15,108.484375,1450.25
1767277060.7489033,15,109.671875,1461.75
1767277060.7489033,15,110.828125,1472.0
1767277060.7489033,15,111.9375,1481.5
1767277060.7489033,15,113.109375,1491.25
1767277060.7489033,15,114.25,1504.25
1767277060.7489033,15,115.390625,1515.75
1767277060.7489033,15,116.578125,1523.25
1767277060.7489033,15,117.6875,1540.25
1767277060.7489033,15,118.859375,1558.5
1767277060.7489033,15,120.0,1574.0
1767277060.7489033,15,121.1875,1595.75
1767277060.7489033,15,122.296875,1613.75
1767277060.7489033,15,123.46875,1630.5
1767277060.7489033,15,124.640625,1650.75
1767277060.7489033,15,125.765625,1676.0
1767277060.7489033,15,126.875,1699.5
1767277060.7489033,15,128.0,1725.0
1767277060.7489033,15,129.171875,1751.75
1767277060.7489033,15,130.328125,1772.5
1767277060.7489033,15,131.40625,1800.25
1767277060.7489033,15,132.546875,1829.0
1767277060.7489033,15,133.6875,1863.5
1767277060.7489033,15,134.859375,1907.5
1767277060.7489033,15,136.015625,1950.25
1767277060.7489033,15,137.125,1988.75
1767277060.7489033,15,138.28125,2028.25
1767277060.7489033,15,139.40625,2075.5
1767277060.7489033,15,140.5625,2125.25
1767277060.7489033,15,141.6875,2169.75
1767277060.7489033,15,142.84375,2222.5
1767277060.7489033,15,144.0,2286.5
1767277060.7489033,15,145.140625,2344.25
1767277060.7489033,15,146.265625,2404.5
1767277060.7489033,15,149.6875,2640.75
1767277060.7489033,15,153.09375,2933.25
1767277060.7489033,15,154.234375,2950.75
1767277060.7489033,15,155.5,2924.0
1767277060.7489033,15,156.640625,2894.75
1767277060.7489033,15,157.828125,2860.0
1767277060.7489033,15,158.96875,2825.75
1767277060.7489033,15,160.15625,2802.0
1767277060.7489033,15,161.3125,2780.25
1767277060.7489033,15,162.453125,2758.5
1767277060.7489033,15,163.640625,2738.5
1767277060.7489033,15,164.78125,2724.5
1767277060.7489033,15,165.9375,2714.0
1767277060.7489033,15,167.09375,2701.5
1767277060.7489033,15,168.265625,2689.75
1767277060.7489033,15,169.4375,2680.5
1767277060.7489033,15,170.59375,2670.0
1767277060.7489033,15,171.78125,2661.75
1767277060.7489033,15,172.9375,2656.75
1767277060.7489033,15,174.078125,2648.5
1767277060.7489033,15,175.25,2643.0
1767277060.7489033,15,176.390625,2641.75
1767277060.7489033,15,177.578125,2640.75
1767277060.7489033,15,178.765625,2640.75
1767277060.7489033,15,179.921875,2637.5
1767277060.7489033,9,181.0625,2633.25
1767277060.7489033,15,182.234375,2632.75
1767277060.7489033,15,183.390625,2631.75
1767277060.7489033,15,184.578125,2633.0
1767277060.7489033,9,185.75,2636.75
1767277060.7489033,9,186.875,2639.0
1767277060.7489033,13,188.03125,2641.75
1767277060.7489033,15,189.21875,2647.0
1767277060.7489033,15,190.34375,2656.75
1767277060.7489033,15,191.546875,2671.75
1767277060.7489033,15,192.703125,2682.5
1767277060.7489033,15,193.859375,2688.25
1767277060.7489033,15,195.0,2697.5
1767277060.7489033,15,196.140625,2711.25
1767277060.7489033,15,197.328125,2725.0
1767277060.7489033,15,198.484375,2742.25
1767277060.7489033,15,199.640625,2764.25
1767277060.7489033,15,200.796875,2780.0
1767277060.7489033,15,201.9375,2795.0
1767277060.7489033,15,203.140625,2820.75
1767277060.7489033,15,204.28125,2855.5
1767277060.7489033,15,205.4375,2895.0
1767277060.7489033,15,206.609375,2923.75
1767277060.7489033,15,207.75,2946.75
1767277060.7489033,15,208.90625,2969.0
1767277060.7489033,15,210.09375,2997.75
1767277060.7489033,15,211.234375,3039.25
1767277060.7489033,15,212.375,3064.75
1767277060.7489033,15,213.5625,3093.25
1767277060.7489033,15,214.671875,3143.0
1767277060.7489033,15,215.84375,3200.75
1767277060.7489033,15,217.015625,3244.75
1767277060.7489033,15,218.15625,3294.0
1767277060.7489033,15,221.3125,1163.0
1767277060.7489033,15,222.421875,1158.25
1767277060.7489033,15,223.609375,1153.0
1767277060.7489033,15,224.765625,1152.5
1767277060.7489033,15,227.421875,3835.5
1767277060.7489033,15,230.65625,1127.0
1767277060.7489033,15,231.796875,1124.25
1767277060.7489033,15,232.9375,1121.75
1767277060.7489033,15,234.125,1121.0
1767277060.7489033,15,235.28125,1120.75
1767277060.7489033,15,236.515625,1120.75
1767277060.7489033,15,237.65625,1121.25
1767277060.7489033,15,238.796875,1120.5
1767277060.7489033,15,239.953125,1121.75
1767277060.7489033,15,244.546875,1134.0
1767277060.7489033,15,245.75,1134.75
1767277060.7489033,15,246.921875,1125.75
1767277060.7489033,15,248.125,1128.0
1767277060.7489033,15,249.21875,1132.25
1767277060.7489033,15,250.421875,1135.5
1767277060.7489033,15,251.59375,1138.5
1767277060.7489033,15,252.765625,1143.25
1767277060.7489033,15,253.890625,1148.25
1767277060.7489033,15,255.078125,1153.0
1767277060.7489033,15,256.296875,1158.0
1767277060.7489033,15,257.40625,1163.5
1767277060.7489033,13,262.34375,3965.75
1767277060.7489033,15,263.53125,3984.75
1767277060.7489033,15,264.6875,4004.25
1767277060.7489033,15,265.84375,4004.5
1767277060.7489033,15,267.015625,3996.0
1767277060.7489033,14,268.171875,3995.0
1767277060.7489033,15,269.328125,3999.0
1767277060.7489033,15,270.5,4003.0
1767277060.7489033,15,271.671875,4013.0
1767277060.7489033,13,272.84375,4020.25
1767277060.7489033,13,274.0,4025.0
1767277060.7489033,10,275.03125,4038.0
1767277060.7489033,11,276.203125,4048.0
1767277060.7489033,13,277.359375,4053.25
1767277060.7489033,8,278.515625,4068.25
1767277060.7489033,10,279.6875,4067.25
1767277060.7489033,10,280.84375,4043.0
1767277060.7489033,13,282.015625,4007.25
1767277060.7489033,15,292.703125,2254.0
1767277060.7489033,15,293.890625,2215.75
1767277060.7489033,15,295.03125,2186.5
1767277060.7489033,15,296.234375,2171.25
1767277060.7489033,15,297.390625,2152.0
1767277060.7489033,15,298.546875,2129.25
1767277060.7489033,15,299.6875,2124.0
1767277060.7489033,15,306.3125,4244.5
1767277060.7489033,15,307.46875,4303.0
1767277060.7489033,15,308.625,4384.75
1767277060.7489033,15,309.78125,4459.5
1767277060.7489033,15,310.9375,4514.75
1767277060.7489033,15,312.078125,4567.5
1767277060.7489033,15,313.234375,4664.25
1767277060.7489033,15,314.40625,4788.25
1767277060.7489033,15,315.5625,4871.0
1767277060.7489033,15,316.703125,4940.75
1767277060.7489033,15,319.0,5228.5
1767277060.7489033,15,327.671875,1914.0
1767277060.7489033,15,328.84375,1918.0
1767277060.7489033,15,330.015625,1918.75
1767277060.7489033,15,331.15625,1918.5
1767277060.7489033,15,332.296875,1920.25
1767277060.7489033,15,333.4375,1921.25
1767277060.7489033,15,334.625,1928.5
1767277060.7489033,15,335.828125,1923.25
1767277060.7489033,15,336.953125,1895.25
1767277060.7489033,15,338.109375,1873.0
1767277060.7489033,15,339.328125,1862.0
1767277060.7489033,15,340.5,1852.25
1767277060.7489033,15,341.640625,1841.0
1767277060.7489033,15,342.765625,1853.75
1767277060.7489033,15,347.359375,2079.5
1767277060.7489033,15,348.53125,2071.0
1767277060.7489033,15,349.671875,2065.0
1767277060.7489033,15,350.8125,2060.0
1767277060.9067888,15,352.015625,2055.25
1767277060.9067888,15,353.140625,2052.5
1767277060.9067888,15,354.328125,2051.25
1767277060.9067888,15,355.46875,2048.75
1767277060.9067888,15,356.65625,2046.5
1767277060.9067888,15,357.78125,2044.75
1767277060.9067888,15,358.984375,2043.5
1767277060.9067888,15,0.140625,2044.25
1767277060.9067888,15,1.28125,2045.25
1767277060.9067888,15,2.4375,2044.75
1767277060.9067888,15,3.640625,2046.0
1767277060.9067888,15,4.765625,2048.75
1767277060.9067888,15,5.9375,2049.5
1767277060.9067888,15,7.109375,2052.0
1767277060.9067888,15,8.25,2054.75
1767277060.9067888,15,9.40625,2058.25
1767277060.9067888,15,10.59375,2063.0
1767277060.9067888,15,11.75,2069.25
1767277060.9067888,15,12.890625,2079.75
1767277060.9067888,15,14.03125,2088.75
1767277060.9067888,15,15.171875,2099.5
1767277060.9067888,15,16.359375,2117.75
1767277060.9067888,15,17.484375,2137.5
1767277060.9067888,15,18.671875,2150.5
1767277060.9067888,15,19.828125,2161.5
1767277060.9067888,15,20.96875,2171.25
1767277060.9067888,15,22.109375,2188.0
1767277060.9067888,15,23.265625,2214.0
1767277060.9067888,15,24.4375,2236.75
1767277060.9067888,15,25.578125,2260.0
1767277060.9067888,15,26.71875,2282.0
1767277060.9067888,15,27.890625,2301.5
1767277060.9067888,15,29.0625,2320.75
1767277060.9067888,15,30.203125,2341.75
1767277060.9067888,15,31.359375,2367.5
1767277060.9067888,15,32.53125,2378.25
1767277060.9067888,15,33.703125,2339.25
1767277060.9067888,15,36.15625,2206.0
1767277060.9067888,15,37.296875,2200.25
1767277060.9067888,15,38.453125,2233.75
1767277060.9067888,15,39.625,2249.5
1767277060.9067888,15,41.984375,2164.75
1767277060.9067888,15,43.140625,2114.0
1767277060.9067888,15,44.3125,2066.0
1767277060.9067888,15,45.484375,2023.5
1767277060.9067888,15,46.6875,1974.25
1767277060.9067888,15,47.859375,1937.0
1767277060.9067888,15,49.015625,1900.5
1767277060.9067888,15,50.234375,1856.25
1767277060.9067888,15,51.421875,1823.25
1767277060.9067888,15,52.578125,1793.25
1767277060.9067888,15,53.734375,1763.0
1767277060.9067888,15,54.90625,1741.5
1767277060.9067888,15,56.125,1715.0
1767277060.9067888,15,57.265625,1691.75
1767277060.9067888,15,58.484375,1670.5
1767277060.9067888,15,59.71875,1646.0
1767277060.9067888,15,60.859375,1624.5
1767277060.9067888,15,62.046875,1608.0
1767277060.9067888,15,63.25,1589.5
1767277060.9067888,15,64.421875,1568.5
1767277060.9067888,15,65.5625,1553.0
1767277060.9067888,15,66.78125,1534.75
1767277060.9067888,15,67.953125,1519.5
1767277060.9067888,15,69.109375,1509.75
1767277060.9067888,15,70.296875,1497.5
1767277060.9067888,15,71.453125,1485.75
1767277060.9067888,15,72.671875,1477.25
1767277060.9067888,15,73.859375,1466.0
1767277060.9067888,15,74.984375,1453.25
1767277060.9067888,15,76.171875,1442.5
1767277060.9067888,15,77.359375,1434.5
1767277060.9067888,15,78.484375,1429.25
1767277060.9067888,15,79.671875,1422.75
1767277060.9067888,15,80.875,1416.5
1767277060.9067888,15,82.0,1411.25
1767277060.9067888,15,83.078125,1408.25
1767277060.9067888,15,84.296875,1406.0
1767277060.9067888,15,85.4375,1402.25
1767277060.9067888,15,86.59375,1401.0
1767277060.9067888,15,87.8125,1399.75
1767277060.9067888,15,88.953125,1393.75
1767277060.9067888,15,90.109375,1389.75
1767277060.9067888,15,91.234375,1392.75
1767277060.9067888,15,92.390625,1395.0
1767277060.9067888,15,93.625,1394.75
1767277060.9067888,15,94.71875,1396.25
1767277060.9067888,15,95.90625,1397.75
1767277060.9067888,15,97.09375,1400.75
1767277060.9067888,15,98.25,1403.75
1767277060.9067888,15,99.40625,1406.25
1767277060.9067888,15,100.5625,1409.25
1767277060.9067888,15,101.6875,1412.0
1767277060.9067888,15,102.90625,1418.0
1767277060.9067888,15,104.046875,1424.5
1767277060.9067888,15,105.171875,1430.0
1767277060.9067888,15,106.390625,1435.0
1767277060.9067888,15,107.453125,1440.75
1767277060.9067888,15,108.59375,1450.75
1767277060.9067888,15,109.765625,1462.25
1767277060.9067888,15,110.875,1472.25
1767277060.9067888,15,112.03125,1481.5
1767277060.9067888,15,113.21875,1491.25
1767277060.9067888,15,114.34375,1505.0
1767277060.9067888,15,115.46875,1516.25
1767277060.9067888,15,116.625,1525.0
1767277060.9067888,15,117.796875,1542.0
1767277060.9067888,15,118.96875,1560.5
1767277060.9067888,15,120.078125,1575.75
1767277060.9067888,15,121.234375,1596.25
1767277060.9067888,15,122.359375,1613.75
1767277060.9067888,15,123.53125,1630.75
1767277060.9067888,15,124.65625,1652.75
1767277060.9067888,15,125.8125,1677.75
1767277060.9067888,15,126.96875,1701.0
1767277060.9067888,15,128.140625,1726.75
1767277060.9067888,15,129.25,1752.75
1767277060.9067888,15,130.4375,1773.25
1767277060.9067888,15,131.5625,1800.5
1767277060.9067888,15,132.71875,1839.0
1767277060.9067888,15,133.859375,1873.75
1767277060.9067888,15,134.984375,1910.75
1767277060.9067888,15,136.125,1956.5
1767277060.9067888,15,137.265625,1995.0
1767277060.9067888,15,138.40625,2034.5
1767277060.9067888,15,139.546875,2081.5
1767277060.9067888,15,140.671875,2132.0
1767277060.9067888,15,141.84375,2174.25
1767277060.9067888,15,144.125,2296.0
1767277060.9067888,15,145.25,2353.5
1767277060.9067888,15,146.421875,2413.0
1767277060.9067888,15,149.84375,2654.5
1767277060.9067888,15,153.25,2929.75
1767277060.9067888,15,154.546875,2930.5
1767277060.9067888,15,155.703125,2913.25
1767277060.9067888,15,156.859375,2887.0
1767277060.9067888,15,158.03125,2845.25
1767277060.9067888,15,159.203125,2815.0
1767277060.9067888,15,160.375,2793.75
1767277060.9067888,15,161.53125,2775.25
1767277060.9067888,15,162.71875,2753.0
1767277060.9067888,15,163.875,2734.75
1767277060.9067888,15,165.046875,2724.25
1767277060.9067888,15,166.1875,2713.25
1767277060.9067888,15,167.375,2698.75
1767277060.9067888,15,168.5625,2687.25
1767277060.9067888,15,169.6875,2677.0
1767277060.9067888,15,170.875,2667.25
1767277060.9067888,15,172.046875,2659.0
1767277060.9067888,15,173.203125,2651.25
1767277060.9067888,15,174.390625,2647.5
1767277060.9067888,15,175.53125,2642.75
1767277060.9067888,15,176.703125,2638.5
1767277060.9067888,15,177.84375,2639.75
1767277060.9067888,15,178.984375,2641.5
1767277060.9067888,13,180.125,2637.75
1767277060.9067888,9,181.3125,2633.5
1767277060.9067888,15,182.453125,2633.75
1767277060.9067888,15,183.625,2633.0
1767277060.9067888,15,184.78125,2633.75
1767277060.9067888,15,185.9375,2637.75
1767277060.9067888,10,187.09375,2641.0
1767277060.9067888,15,188.28125,2642.5
1767277060.9067888,15,189.421875,2648.0
1767277060.9067888,15,190.578125,2660.5
1767277060.9067888,15,191.75,2673.25
1767277060.9067888,15,192.9375,2683.75
1767277060.9067888,15,194.078125,2690.75
1767277060.9067888,15,195.234375,2701.75
1767277060.9067888,15,196.390625,2714.75
1767277060.9067888,15,197.5625,2727.75
1767277060.9067888,15,198.703125,2744.75
1767277060.9067888,15,199.875,2763.5
1767277060.9067888,15,201.046875,2779.0
1767277060.9067888,15,202.1875,2795.75
1767277060.9067888,15,203.359375,2821.25
1767277060.9067888,15,204.5,2858.0
1767277060.9067888,15,205.65625,2907.75
1767277060.9067888,15,206.828125,2936.5
1767277060.9067888,15,207.984375,2953.5
1767277060.9067888,15,209.171875,2974.5
1767277060.9067888,15,210.296875,3005.5
1767277060.9067888,15,211.453125,3043.75
1767277060.9067888,15,212.625,3065.75
1767277060.9067888,15,213.78125,3099.75
1767277060.9067888,15,214.921875,3156.25
1767277060.9067888,15,216.078125,3213.25
1767277060.9067888,15,217.25,3254.75
1767277060.9067888,15,220.3125,1167.0
1767277060.9067888,15,221.578125,1162.0
1767277060.9067888,15,222.734375,1156.5
1767277060.9067888,15,223.875,1150.0
1767277060.9067888,15,224.96875,1160.5
1767277060.9067888,15,227.71875,3851.25
1767277060.9067888,15,230.953125,1126.5
1767277060.9067888,15,232.09375,1123.75
1767277060.9067888,15,233.265625,1121.75
1767277060.9067888,15,234.515625,1120.25
1767277060.9067888,15,235.671875,1119.25
1767277060.9067888,15,236.796875,1119.0
1767277060.9067888,15,237.921875,1119.75
1767277060.9067888,15,239.09375,1121.25
1767277060.9067888,15,240.328125,1123.25
1767277060.9067888,15,244.90625,1122.5
1767277060.9067888,15,246.09375,1123.0
1767277060.9067888,15,247.265625,1127.0
1767277060.9067888,15,248.390625,1129.25
1767277060.9067888,15,249.5625,1132.25
1767277060.9067888,15,250.734375,1136.75
1767277060.9067888,15,251.890625,1140.75
1767277060.9067888,15,253.109375,1144.0
1767277060.9067888,15,254.265625,1148.5
1767277060.9067888,15,255.359375,1153.75
1767277060.9067888,15,256.5625,1159.0
1767277060.9067888,15,257.703125,1164.5
1767277060.9067888,15,260.34375,3956.75
1767277060.9067888,15,261.5,3959.5
1767277060.9067888,14,262.65625,3974.25
1767277060.9067888,15,263.828125,3992.75
1767277060.9067888,15,265.015625,4003.75
1767277060.9067888,15,266.171875,4001.75
1767277060.9067888,15,267.34375,3994.75
1767277060.9067888,15,268.5,3993.5
1767277060.9067888,15,269.65625,3998.25
1767277060.9067888,15,270.828125,4003.5
1767277060.9067888,15,272.0,4008.5
1767277060.9067888,15,273.15625,4016.75
1767277060.9067888,15,274.3125,4030.75
1767277060.9067888,11,275.359375,4037.75
1767277060.9067888,12,276.5,4044.0
1767277060.9067888,13,277.671875,4057.5
1767277060.9067888,8,278.828125,4061.5
1767277060.9067888,9,279.984375,4050.25
1767277060.9067888,14,281.140625,4027.25
1767277060.9067888,15,282.3125,3995.5
1767277060.9067888,15,291.84375,2286.0
1767277060.9067888,15,293.03125,2245.25
1767277060.9067888,15,294.203125,2210.25
1767277060.9067888,15,295.390625,2183.0
1767277060.9067888,15,296.546875,2166.75
1767277060.9067888,15,297.6875,2146.25
1767277060.9067888,15,298.890625,2123.25
1767277060.9067888,9,300.0625,2130.25
1767277060.9067888,15,306.671875,4257.75
1767277060.9067888,15,307.8125,4332.25
1767277060.9067888,15,308.984375,4419.5
1767277060.9067888,15,310.140625,4485.75
1767277060.9067888,15,311.28125,4540.25
1767277060.9067888,15,312.453125,4602.5
1767277060.9067888,15,314.75,4839.25
1767277060.9067888,15,315.90625,4892.0
1767277060.9067888,15,318.21875,5156.25
1767277060.9067888,15,328.09375,1917.75
1767277060.9067888,15,329.21875,1916.75
1767277060.9067888,15,330.421875,1917.25
1767277060.9067888,15,331.546875,1917.75
1767277060.9067888,15,332.71875,1919.75
1767277060.9067888,15,333.890625,1922.75
1767277060.9067888,15,335.078125,1921.5
1767277060.9067888,15,336.234375,1911.5
1767277060.9067888,15,337.390625,1889.75
1767277060.9067888,15,338.5625,1869.75
1767277060.9067888,15,339.71875,1857.75
1767277060.9067888,15,340.9375,1846.25
1767277060.9067888,15,342.0625,1835.5
1767277060.9067888,15,345.46875,2065.0
1767277060.9067888,15,346.65625,2087.25
1767277060.9067888,15,347.78125,2077.25
1767277060.9067888,15,348.984375,2069.25
1767277060.9067888,15,350.140625,2063.5
1767277061.0667098,15,351.28125,2059.0
1767277061.0667098,15,352.484375,2055.25
1767277061.0667098,15,353.625,2051.25
1767277061.0667098,15,354.828125,2049.0
1767277061.0667098,15,355.96875,2047.5
1767277061.0667098,15,357.125,2045.75
1767277061.0667098,15,358.3125,2044.0
1767277061.0667098,15,359.46875,2043.75
1767277061.0667098,15,0.59375,2045.0
1767277061.0667098,15,1.78125,2045.0
1767277061.0667098,15,2.921875,2044.25
1767277061.0667098,15,4.140625,2046.0
1767277061.0667098,15,5.265625,2049.0
1767277061.0667098,15,6.421875,2050.0
1767277061.0667098,15,7.609375,2053.0
1767277061.0667098,15,8.78125,2056.5
1767277061.0667098,15,9.921875,2060.0
1767277061.0667098,15,11.078125,2066.25
1767277061.0667098,15,12.234375,2073.5
1767277061.0667098,15,13.359375,2083.5
1767277061.0667098,15,14.546875,2095.75
1767277061.0667098,15,15.6875,2109.0
1767277061.0667098,15,16.875,2124.5
1767277061.0667098,15,18.015625,2141.5
1767277061.0667098,15,19.171875,2155.0
1767277061.0667098,15,20.359375,2166.5
1767277061.0667098,15,21.484375,2177.75
1767277061.0667098,15,22.640625,2198.5
1767277061.0667098,15,23.828125,2225.5
1767277061.0667098,15,24.953125,2245.75
1767277061.0667098,15,26.125,2268.0
1767277061.0667098,15,27.265625,2292.5
1767277061.0667098,15,28.40625,2310.75
1767277061.0667098,15,29.5625,2328.5
1767277061.0667098,15,30.734375,2354.0
1767277061.0667098,15,31.90625,2377.75
1767277061.0667098,15,33.078125,2366.5
1767277061.0667098,15,34.25,2310.0
1767277061.0667098,15,36.6875,2196.25
1767277061.0667098,15,37.84375,2219.5
1767277061.0667098,15,39.015625,2244.5
1767277061.0667098,15,40.171875,2238.75
1767277061.0667098,15,41.359375,2194.5
1767277061.0667098,15,42.53125,2143.25
1767277061.0667098,15,43.703125,2092.0
1767277061.0667098,15,44.90625,2045.0
1767277061.0667098,15,46.046875,2005.5
1767277061.0667098,15,47.234375,1962.75
1767277061.0667098,15,48.421875,1916.25
1767277061.0667098,15,49.609375,1878.25
1767277061.0667098,15,50.796875,1843.5
1767277061.0667098,15,51.953125,1810.75
1767277061.0667098,15,53.1875,1780.75
1767277061.0667098,15,54.296875,1753.75
1767277061.0667098,15,55.515625,1726.75
1767277061.0667098,15,56.671875,1701.0
1767277061.0667098,15,57.90625,1678.25
1767277061.0667098,15,59.03125,1656.25
1767277061.0667098,15,60.25,1636.0
1767277061.0667098,15,61.40625,1616.0
1767277061.0667098,15,62.59375,1597.0
1767277061.0667098,15,63.765625,1577.25
1767277061.0667098,15,64.921875,1560.75
1767277061.0667098,15,66.09375,1545.0
1767277061.0667098,15,67.3125,1528.25
1767277061.0667098,15,68.484375,1515.25
1767277061.0667098,15,69.625,1504.5
1767277061.0667098,15,70.796875,1492.5
1767277061.0667098,15,71.96875,1481.75
1767277061.0667098,15,73.171875,1471.25
1767277061.0667098,15,74.359375,1460.5
1767277061.0667098,15,75.53125,1449.0
1767277061.0667098,15,76.671875,1438.25
1767277061.0667098,15,77.84375,1432.25
1767277061.0667098,15,79.046875,1427.25
1767277061.0667098,15,80.21875,1420.75
1767277061.0667098,15,81.328125,1415.0
1767277061.0667098,15,82.5,1410.25
1767277061.0667098,15,83.578125,1407.25
1767277061.0667098,15,84.75,1405.5
1767277061.0667098,15,85.96875,1402.5
1767277061.0667098,15,87.09375,1399.5
1767277061.0667098,15,88.21875,1398.0
1767277061.0667098,15,89.390625,1396.75
1767277061.0667098,15,90.59375,1397.25
1767277061.0667098,15,91.78125,1395.25
1767277061.0667098,15,92.90625,1395.25
1767277061.0667098,15,94.046875,1397.25
1767277061.0667098,15,95.265625,1396.75
1767277061.0667098,15,96.390625,1398.25
1767277061.0667098,15,97.53125,1401.0
1767277061.0667098,15,98.6875,1403.5
1767277061.0667098,15,99.84375,1406.5
1767277061.0667098,15,101.046875,1410.5
1767277061.0667098,15,102.1875,1415.0
1767277061.0667098,15,103.359375,1419.75
1767277061.0667098,15,104.53125,1425.0
1767277061.0667098,15,105.65625,1431.25
1767277061.0667098,15,106.796875,1436.75
1767277061.0667098,15,107.9375,1443.75
1767277061.0667098,15,109.125,1454.0
1767277061.0667098,15,110.234375,1466.5
1767277061.0667098,15,111.453125,1478.0
1767277061.0667098,15,112.609375,1488.0
1767277061.0667098,15,113.71875,1500.0
1767277061.0667098,15,114.875,1510.75
1767277061.0667098,15,116.03125,1519.0
1767277061.0667098,15,117.21875,1533.75
1767277061.0667098,15,118.359375,1552.0
1767277061.0667098,15,119.46875,1566.5
1767277061.0667098,15,120.671875,1587.0
1767277061.0667098,15,121.796875,1606.25
1767277061.0667098,15,122.9375,1622.0
1767277061.0667098,15,124.09375,1644.0
1767277061.0667098,15,125.234375,1668.5
1767277061.0667098,15,126.421875,1690.5
1767277061.0667098,15,127.515625,1714.5
1767277061.0667098,15,128.6875,1739.5
1767277061.0667098,15,129.859375,1760.75
1767277061.0667098,15,130.9375,1790.0
1767277061.0667098,15,132.09375,1821.75
1767277061.0667098,15,133.265625,1853.5
1767277061.0667098,15,134.375,1886.5
1767277061.0667098,15,135.546875,1924.75
1767277061.0667098,15,136.671875,1970.75
1767277061.0667098,15,137.859375,2016.0
1767277061.0667098,15,138.984375,2055.5
1767277061.0667098,15,140.109375,2102.5
1767277061.0667098,15,141.28125,2154.5
1767277061.0667098,15,142.4375,2209.0
1767277061.0667098,15,143.5625,2269.75
1767277061.0667098,15,144.6875,2327.25
1767277061.0667098,15,145.84375,2388.0
1767277061.0667098,11,147.0,2440.5
1767277061.0667098,15,149.296875,2623.0
1767277061.0667098,15,153.875,2942.25
1767277061.0667098,15,155.046875,2927.0
1767277061.0667098,15,156.1875,2902.0
1767277061.0667098,15,157.390625,2874.0
1767277061.0667098,15,158.53125,2838.5
1767277061.0667098,15,159.703125,2809.0
1767277061.0667098,15,160.859375,2787.25
1767277061.0667098,15,162.03125,2769.0
1767277061.0667098,15,163.1875,2749.5
1767277061.0667098,15,164.375,2731.25
1767277061.0667098,15,165.5,2720.0
1767277061.0667098,15,166.6875,2707.25
1767277061.0667098,15,167.828125,2694.25
1767277061.0667098,15,169.03125,2684.5
1767277061.0667098,15,170.1875,2675.5
1767277061.0667098,15,171.328125,2665.25
1767277061.0667098,15,172.484375,2655.0
1767277061.0667098,15,173.65625,2651.0
1767277061.0667098,15,174.828125,2646.75
1767277061.0667098,15,175.984375,2641.5
1767277061.0667098,15,177.15625,2640.5
1767277061.0667098,15,178.328125,2640.75
1767277061.0667098,14,179.484375,2641.0
1767277061.0667098,11,180.65625,2634.5
1767277061.0667098,6,181.78125,2633.25
1767277061.0667098,15,182.9375,2635.5
1767277061.0667098,15,184.09375,2634.5
1767277061.0667098,15,185.296875,2637.0
1767277061.0667098,9,186.421875,2640.25
1767277061.0667098,12,187.609375,2642.0
1767277061.0667098,14,188.75,2644.0
1767277061.0667098,15,189.90625,2651.75
1767277061.0667098,15,191.078125,2664.75
1767277061.0667098,15,192.234375,2678.0
1767277061.0667098,15,193.375,2684.75
1767277061.0667098,15,194.53125,2695.25
1767277061.0667098,15,195.6875,2708.25
1767277061.0667098,15,196.84375,2720.25
1767277061.0667098,15,198.0,2736.75
1767277061.0667098,15,199.171875,2754.75
1767277061.0667098,15,200.3125,2770.75
1767277061.0667098,15,201.484375,2788.5
1767277061.0667098,15,202.734375,2812.25
1767277061.0667098,15,203.921875,2842.75
1767277061.0667098,15,205.0625,2880.5
1767277061.0667098,15,206.21875,2920.75
1767277061.0667098,15,207.390625,2946.25
1767277061.0667098,15,208.53125,2962.5
1767277061.0667098,15,209.703125,2990.25
1767277061.0667098,15,210.859375,3025.0
1767277061.0667098,15,212.015625,3055.5
1767277061.0667098,15,213.1875,3078.25
1767277061.0667098,15,214.359375,3119.75
1767277061.0667098,15,215.484375,3184.0
1767277061.0667098,15,216.671875,3231.5
1767277061.0667098,15,217.828125,3276.75
1767277061.0667098,15,221.0,1165.0
1767277061.0667098,15,222.09375,1159.75
1767277061.0667098,15,223.3125,1153.25
1767277061.0667098,15,224.4375,1147.5
1767277061.0667098,15,227.109375,3814.75
1767277061.0667098,15,231.546875,1124.75
1767277061.0667098,15,232.71875,1122.5
1767277061.0667098,15,233.921875,1121.25
1767277061.0667098,15,235.078125,1120.25
1767277061.0667098,15,236.265625,1119.75
1767277061.0667098,15,237.34375,1120.25
1767277061.0667098,15,238.5625,1120.5
1767277061.0667098,15,239.75,1121.5
1767277061.0667098,15,240.859375,1126.5
1767277061.0667098,15,243.453125,3959.75
1767277061.0667098,15,246.6875,1126.0
1767277061.0667098,15,247.828125,1127.75
1767277061.0667098,15,249.0,1130.5
1767277061.0667098,15,250.171875,1134.25
1767277061.0667098,15,251.34375,1137.25
1767277061.0667098,15,252.4375,1141.5
1767277061.0667098,15,253.578125,1147.25
1767277061.0667098,15,254.71875,1152.25
1767277061.0667098,15,255.984375,1156.5
1767277061.0667098,15,257.09375,1161.75
1767277061.0667098,15,258.21875,1170.0
1767277061.0667098,15,260.859375,3958.5
1767277061.0667098,13,262.015625,3971.0
1767277061.0667098,15,263.203125,3983.0
1767277061.0667098,15,264.34375,3997.0
1767277061.0667098,15,265.515625,4003.25
1767277061.0667098,14,266.671875,3993.75
1767277061.0667098,15,267.828125,3995.25
1767277061.0667098,15,268.984375,4002.5
1767277061.0667098,15,270.15625,4001.5
1767277061.0667098,15,271.34375,4007.5
1767277061.0667098,15,272.484375,4015.5
1767277061.0667098,15,273.65625,4025.25
1767277061.0667098,13,274.734375,4035.25
1767277061.0667098,11,275.90625,4043.0
1767277061.0667098,12,277.0625,4049.25
1767277061.0667098,12,278.21875,4056.5
1767277061.0667098,7,279.375,4057.0
1767277061.0667098,10,280.546875,4043.5
1767277061.0667098,14,281.703125,4014.75
1767277061.0667098,15,292.4375,2261.5
1767277061.0667098,15,293.609375,2226.0
1767277061.0667098,15,294.75,2195.0
1767277061.0667098,15,295.953125,2177.25
1767277061.0667098,15,297.109375,2157.0
1767277061.0667098,15,298.265625,2133.75
1767277061.0667098,15,299.5,2123.25
1767277061.0667098,15,307.28125,4295.0
1767277061.0667098,15,308.4375,4375.75
1767277061.0667098,15,309.609375,4459.5
1767277061.0667098,15,310.78125,4517.5
1767277061.0667098,15,311.921875,4562.5
1767277061.0667098,15,314.234375,4782.75
1767277061.0667098,15,315.390625,4862.75
1767277061.0667098,15,316.546875,4932.5
1767277061.0667098,15,318.859375,5203.25
1767277061.0667098,15,328.703125,1918.5
1767277061.0667098,15,329.84375,1917.0
1767277061.0667098,15,331.015625,1918.0
1767277061.0667098,15,332.1875,1920.0
1767277061.0667098,15,333.359375,1921.0
1767277061.0667098,15,334.484375,1918.0
1767277061.0667098,15,335.6875,1913.0
1767277061.0667098,15,336.875,1898.0
1767277061.0667098,15,338.0,1875.75
1767277061.0667098,15,339.15625,1861.75
1767277061.0667098,15,340.359375,1852.25
1767277061.0667098,15,341.53125,1834.75
1767277061.0667098,15,342.65625,1844.0
1767277061.0667098,15,344.921875,2007.5
1767277061.0667098,15,346.109375,2061.5
1767277061.0667098,15,347.234375,2081.5
1767277061.0667098,15,348.4375,2073.0
1767277061.0667098,15,349.59375,2064.5
1767277061.0667098,15,350.75,2059.5
1767277061.2238088,15,351.9375,2055.5
1767277061.2238088,15,353.09375,2052.75
1767277061.2238088,15,354.265625,2050.75
1767277061.2238088,15,355.390625,2048.0
1767277061.2238088,15,356.59375,2047.0
1767277061.2238088,15,357.75,2044.75
1767277061.2238088,15,358.875,2042.75
1767277061.2238088,15,0.09375,2043.0
1767277061.2238088,15,1.234375,2044.25
1767277061.2238088,15,2.390625,2046.5
1767277061.2238088,15,3.53125,2047.75
1767277061.2238088,15,4.71875,2047.5
1767277061.2238088,15,5.90625,2048.0
1767277061.2238088,15,7.046875,2051.75
1767277061.2238088,15,8.234375,2055.0
1767277061.2238088,15,9.390625,2058.25
1767277061.2238088,15,10.546875,2062.75
1767277061.2238088,15,11.703125,2069.0
1767277061.2238088,15,12.859375,2079.75
1767277061.2238088,15,14.046875,2088.5
1767277061.2238088,15,15.171875,2099.5
1767277061.2238088,15,16.359375,2118.0
1767277061.2238088,15,17.515625,2137.5
1767277061.2238088,15,18.640625,2150.25
1767277061.2238088,15,19.796875,2161.25
1767277061.2238088,15,20.96875,2171.0
1767277061.2238088,15,22.15625,2188.5
1767277061.2238088,15,23.28125,2214.25
1767277061.2238088,15,24.453125,2236.75
1767277061.2238088,15,25.609375,2260.0
1767277061.2238088,15,26.75,2282.25
1767277061.2238088,15,27.921875,2302.0
1767277061.2238088,15,29.09375,2320.5
1767277061.2238088,15,30.21875,2343.0
1767277061.2238088,15,31.375,2369.25
1767277061.2238088,15,32.59375,2373.75
1767277061.2238088,15,33.75,2334.25
1767277061.2238088,15,36.296875,2194.5
1767277061.2238088,15,37.40625,2202.75
1767277061.2238088,15,38.609375,2236.0
1767277061.2238088,15,39.765625,2245.75
1767277061.2238088,15,40.953125,2210.0
1767277061.2238088,15,42.140625,2160.75
1767277061.2238088,15,44.515625,2060.5
1767277061.2238088,15,45.671875,2018.75
1767277061.2238088,15,46.859375,1971.75
1767277061.2238088,15,48.046875,1926.5
1767277061.2238088,15,49.265625,1888.5
1767277061.2238088,15,50.4375,1852.25
1767277061.2238088,15,51.65625,1819.5
1767277061.2238088,15,52.828125,1789.75
1767277061.2238088,15,53.96875,1760.75
1767277061.2238088,15,55.171875,1738.5
1767277061.2238088,15,56.34375,1712.0
1767277061.2238088,15,57.53125,1688.25
1767277061.2238088,15,58.703125,1667.25
1767277061.2238088,15,59.875,1644.0
1767277061.2238088,15,61.0,1622.0
1767277061.2238088,15,62.234375,1602.25
1767277061.2238088,15,63.4375,1582.75
1767277061.2238088,15,64.59375,1564.75
1767277061.2238088,15,65.75,1550.0
1767277061.2238088,15,66.953125,1532.25
1767277061.2238088,15,68.125,1518.0
1767277061.2238088,15,69.28125,1508.0
1767277061.2238088,15,70.421875,1495.0
1767277061.2238088,15,71.609375,1484.75
1767277061.2238088,15,72.8125,1474.25
1767277061.2238088,15,74.0,1463.25
1767277061.2238088,15,75.171875,1454.0
1767277061.2238088,15,76.3125,1443.0
1767277061.2238088,15,77.46875,1434.25
1767277061.2238088,15,78.703125,1428.75
1767277061.2238088,15,79.875,1421.5
1767277061.2238088,15,80.984375,1415.25
1767277061.2238088,15,82.15625,1411.5
1767277061.2238088,15,83.25,1407.75
1767277061.2238088,15,84.4375,1404.5
1767277061.2238088,15,85.5625,1401.5
1767277061.2238088,15,86.71875,1399.75
1767277061.2238088,15,87.90625,1398.0
1767277061.2238088,15,89.03125,1396.5
1767277061.2238088,15,90.25,1393.5
1767277061.2238088,15,91.421875,1389.75
1767277061.2238088,15,92.546875,1391.75
1767277061.2238088,15,93.671875,1396.0
1767277061.2238088,15,94.859375,1397.5
1767277061.2238088,15,96.0625,1398.75
1767277061.2238088,15,97.15625,1401.5
1767277061.2238088,15,98.328125,1403.25
1767277061.2238088,15,99.515625,1405.75
1767277061.2238088,15,100.6875,1409.75
1767277061.2238088,15,101.859375,1413.75
1767277061.2238088,15,102.953125,1418.75
1767277061.2238088,15,104.140625,1424.5
1767277061.2238088,15,105.296875,1430.0
1767277061.2238088,15,106.4375,1435.5
1767277061.2238088,15,107.59375,1442.0
1767277061.2238088,15,108.75,1452.5
1767277061.2238088,15,109.9375,1464.5
1767277061.2238088,15,111.09375,1475.0
1767277061.2238088,15,112.234375,1485.5
1767277061.2238088,15,113.34375,1496.25
1767277061.2238088,15,114.53125,1508.5
1767277061.2238088,15,115.71875,1517.75
1767277061.2238088,15,116.859375,1529.75
1767277061.2238088,15,118.0,1547.0
1767277061.2238088,15,119.15625,1563.0
1767277061.2238088,15,120.28125,1579.25
1767277061.2238088,15,121.46875,1599.25
1767277061.2238088,15,122.59375,1618.25
1767277061.2238088,15,123.765625,1638.0
1767277061.2238088,15,124.90625,1658.25
1767277061.2238088,15,126.03125,1681.75
1767277061.2238088,15,127.171875,1704.75
1767277061.2238088,15,128.3125,1729.25
1767277061.2238088,15,129.484375,1756.75
1767277061.2238088,15,130.671875,1783.0
1767277061.2238088,15,131.859375,1811.75
1767277061.2238088,15,132.984375,1846.0
1767277061.2238088,15,134.171875,1882.25
1767277061.2238088,15,135.296875,1920.25
1767277061.2238088,15,136.4375,1966.25
1767277061.2238088,15,137.59375,2009.0
1767277061.2238088,15,138.78125,2049.0
1767277061.2238088,15,139.90625,2092.25
1767277061.2238088,15,141.046875,2143.5
1767277061.2238088,15,142.1875,2197.25
1767277061.2238088,15,143.34375,2255.5
1767277061.2238088,15,144.484375,2314.75
1767277061.2238088,15,145.65625,2373.0
1767277061.2238088,15,146.796875,2431.0
1767277061.2238088,15,150.21875,2690.5
1767277061.2238088,15,153.671875,2942.25
1767277061.2238088,15,154.875,2941.0
1767277061.2238088,15,156.03125,2909.5
1767277061.2238088,15,157.203125,2869.5
1767277061.2238088,15,158.375,2838.25
1767277061.2238088,15,159.5625,2808.75
1767277061.2238088,15,160.703125,2788.0
1767277061.2238088,15,161.890625,2770.25
1767277061.2238088,15,163.046875,2752.0
1767277061.2238088,15,164.21875,2734.5
1767277061.2238088,15,165.390625,2721.0
1767277061.2238088,15,166.5625,2709.25
1767277061.2238088,15,167.71875,2696.75
1767277061.2238088,15,168.90625,2685.25
1767277061.2238088,15,170.0625,2676.0
1767277061.2238088,15,171.25,2668.0
1767277061.2238088,15,172.40625,2657.25
1767277061.2238088,15,173.546875,2647.25
1767277061.2238088,15,174.71875,2643.5
1767277061.2238088,15,175.921875,2641.0
1767277061.2238088,15,177.046875,2639.5
1767277061.2238088,15,178.234375,2640.0
1767277061.2238088,15,179.390625,2640.75
1767277061.2238088,11,180.5625,2634.75
1767277061.2238088,7,181.75,2633.25
1767277061.2238088,15,182.890625,2635.0
1767277061.2238088,15,184.046875,2633.75
1767277061.2238088,15,185.203125,2636.25
1767277061.2238088,9,186.375,2639.0
1767277061.2238088,12,187.546875,2641.25
1767277061.2238088,15,188.734375,2642.75
1767277061.2238088,15,189.890625,2650.5
1767277061.2238088,15,191.03125,2664.75
1767277061.2238088,15,192.21875,2678.25
1767277061.2238088,15,193.375,2684.25
1767277061.2238088,15,194.53125,2694.5
1767277061.2238088,15,195.703125,2708.0
1767277061.2238088,15,196.84375,2719.5
1767277061.2238088,15,198.015625,2736.25
1767277061.2238088,15,199.15625,2754.5
1767277061.2238088,15,200.359375,2770.0
1767277061.2238088,15,201.515625,2787.25
1767277061.2238088,15,202.734375,2810.75
1767277061.2238088,15,203.90625,2841.25
1767277061.2238088,15,205.078125,2890.5
1767277061.2238088,15,206.21875,2930.0
1767277061.2238088,15,207.390625,2947.0
1767277061.2238088,15,208.578125,2964.5
1767277061.2238088,15,209.734375,2989.5
1767277061.2238088,15,210.890625,3024.0
1767277061.2238088,15,212.078125,3054.75
1767277061.2238088,15,213.21875,3077.25
1767277061.2238088,15,214.390625,3119.0
1767277061.2238088,15,215.53125,3183.25
1767277061.2238088,15,216.703125,3231.25
1767277061.2238088,15,217.875,3276.5
1767277061.2238088,15,221.03125,1165.0
1767277061.2238088,15,222.171875,1159.75
1767277061.2238088,15,223.328125,1153.25
1767277061.2238088,15,224.5,1147.5
1767277061.2238088,15,227.1875,3817.25
1767277061.2238088,15,230.484375,1127.75
1767277061.2238088,15,231.671875,1124.75
1767277061.2238088,15,232.765625,1122.25
1767277061.2238088,15,233.96875,1120.5
1767277061.2238088,15,235.109375,1119.5
1767277061.2238088,15,236.28125,1119.5
1767277061.2238088,15,237.484375,1120.0
1767277061.2238088,15,238.71875,1120.25
1767277061.2238088,15,239.859375,1121.25
1767277061.2238088,15,240.921875,1139.5
1767277061.2238088,12,243.59375,3955.0
1767277061.2238088,15,246.828125,1126.0
1767277061.2238088,15,248.046875,1127.75
1767277061.2238088,15,249.15625,1132.25
1767277061.2238088,15,250.359375,1135.75
1767277061.2238088,15,251.390625,1138.75
1767277061.2238088,15,252.640625,1143.0
1767277061.2238088,15,253.78125,1146.75
1767277061.2238088,15,254.890625,1151.75
1767277061.2238088,15,256.09375,1157.0
1767277061.2238088,15,257.203125,1162.75
1767277061.2238088,15,262.203125,3965.25
1767277061.2238088,15,263.359375,3986.0
1767277061.2238088,15,264.53125,4006.0
1767277061.2238088,15,265.703125,4007.25
1767277061.2238088,15,266.859375,3998.5
1767277061.2238088,15,268.046875,3997.5
1767277061.2238088,15,269.21875,4003.0
1767277061.2238088,15,270.359375,4007.25
1767277061.2238088,15,271.515625,4013.25
1767277061.2238088,13,272.703125,4021.0
1767277061.2238088,14,273.859375,4029.25
1767277061.2238088,13,274.953125,4036.25
1767277061.2238088,11,276.109375,4044.75
1767277061.2238088,11,277.265625,4052.25
1767277061.2238088,9,278.4375,4067.5
1767277061.2238088,11,279.609375,4068.5
1767277061.2238088,10,280.765625,4043.0
1767277061.2238088,14,281.9375,4008.0
1767277061.2238088,15,292.65625,2255.75
1767277061.2238088,15,293.84375,2217.5
1767277061.2238088,15,295.046875,2186.5
1767277061.2238088,15,296.1875,2171.25
1767277061.2238088,15,297.375,2151.5
1767277061.2238088,15,298.53125,2129.0
1767277061.2238088,15,299.765625,2126.75
1767277061.2238088,15,306.453125,4253.0
1767277061.2238088,15,307.59375,4312.75
1767277061.2238088,15,308.75,4392.75
1767277061.2238088,15,309.921875,4464.5
1767277061.2238088,15,311.09375,4517.25
1767277061.2238088,15,312.234375,4576.0
1767277061.2238088,15,314.5625,4822.75
1767277061.2238088,15,315.71875,4895.0
1767277061.2238088,15,316.890625,4960.0
1767277061.2238088,15,319.1875,5236.25
1767277061.2238088,15,327.8125,1921.25
1767277061.2238088,15,328.984375,1917.75
1767277061.2238088,15,330.203125,1918.0
1767277061.2238088,15,331.3125,1919.25
1767277061.2238088,15,332.46875,1920.0
1767277061.2238088,15,333.640625,1920.75
1767277061.2238088,15,334.8125,1923.0
1767277061.2238088,15,336.0,1917.25
1767277061.2238088,15,337.171875,1894.5
1767277061.2238088,15,338.375,1871.25
1767277061.2238088,15,339.546875,1859.25
1767277061.2238088,15,340.6875,1850.25
1767277061.2238088,15,341.859375,1833.0
1767277061.2238088,15,346.453125,2090.25
1767277061.2238088,15,347.609375,2080.0
1767277061.2238088,15,348.75,2070.0
1767277061.2238088,15,349.9375,2063.0
1767277061.2238088,15,351.109375,2059.25
1767277061.3810132,15,352.25,2055.5
1767277061.3810132,15,353.4375,2053.0
1767277061.3810132,15,354.625,2049.75
1767277061.3810132,15,355.796875,2046.5
1767277061.3810132,15,356.9375,2046.0
1767277061.3810132,15,358.09375,2045.25
1767277061.3810132,15,359.25,2044.0
1767277061.3810132,15,0.421875,2043.5
1767277061.3810132,15,1.578125,2044.0
1767277061.3810132,15,2.75,2045.25
1767277061.3810132,15,3.9375,2047.0
1767277061.3810132,15,5.109375,2048.75
1767277061.3810132,15,6.25,2049.5
1767277061.3810132,15,7.421875,2053.5
1767277061.3810132,15,8.5625,2057.0
1767277061.3810132,15,9.71875,2060.0
1767277061.3810132,15,10.96875,2065.0
1767277061.3810132,15,12.125,2072.75
1767277061.3810132,15,13.3125,2083.0
1767277061.3810132,15,14.484375,2094.5
1767277061.3810132,15,15.640625,2108.25
1767277061.3810132,15,16.8125,2123.25
1767277061.3810132,15,17.953125,2140.5
1767277061.3810132,15,19.109375,2155.25
1767277061.3810132,15,20.28125,2166.75
1767277061.3810132,15,21.453125,2177.0
1767277061.3810132,15,22.609375,2197.5
1767277061.3810132,15,23.765625,2223.5
1767277061.3810132,15,24.921875,2243.75
1767277061.3810132,15,26.09375,2266.0
1767277061.3810132,15,27.265625,2291.0
1767277061.3810132,15,28.421875,2310.75
1767277061.3810132,15,29.578125,2328.5
1767277061.3810132,15,30.765625,2354.0
1767277061.3810132,15,31.9375,2376.5
1767277061.3810132,15,33.09375,2364.75
1767277061.3810132,15,36.765625,2196.25
1767277061.3810132,15,37.921875,2219.75
1767277061.3810132,15,39.078125,2232.25
1767277061.3810132,15,40.265625,2216.25
1767277061.3810132,15,41.4375,2183.5
1767277061.3810132,15,42.640625,2139.0
1767277061.3810132,15,43.84375,2085.75
1767277061.3810132,15,45.03125,2038.5
1767277061.3810132,15,46.203125,1998.5
1767277061.3810132,15,47.40625,1957.75
1767277061.3810132,15,48.578125,1912.25
1767277061.3810132,15,49.78125,1875.0
1767277061.3810132,15,51.0,1840.75
1767277061.3810132,15,52.140625,1806.5
1767277061.3810132,15,53.328125,1777.25
1767277061.3810132,15,54.546875,1752.0
1767277061.3810132,15,55.6875,1725.75
1767277061.3810132,15,56.890625,1699.75
1767277061.3810132,15,58.046875,1675.75
1767277061.3810132,15,59.234375,1652.0
1767277061.3810132,15,60.4375,1631.75
1767277061.3810132,15,61.578125,1614.0
1767277061.3810132,15,62.734375,1595.25
1767277061.3810132,15,63.984375,1574.5
1767277061.3810132,15,65.140625,1558.75
1767277061.3810132,15,66.28125,1542.75
1767277061.3810132,15,67.46875,1526.75
1767277061.3810132,15,68.640625,1515.25
1767277061.3810132,15,69.84375,1503.75
1767277061.3810132,15,71.0,1489.5
1767277061.3810132,15,72.171875,1477.75
1767277061.3810132,15,73.375,1468.75
1767277061.3810132,15,74.515625,1459.25
1767277061.3810132,15,75.734375,1446.25
1767277061.3810132,15,76.90625,1436.25
1767277061.3810132,15,78.0625,1431.75
1767277061.3810132,15,79.234375,1425.75
1767277061.3810132,15,80.421875,1419.5
1767277061.3810132,15,81.578125,1414.0
1767277061.3810132,15,82.765625,1410.0
1767277061.3810132,15,83.921875,1406.5
1767277061.3810132,15,85.03125,1404.75
1767277061.3810132,15,86.25,1403.0
1767277061.3810132,15,87.390625,1400.25
1767277061.3810132,15,88.578125,1398.25
1767277061.3810132,15,89.703125,1396.75
1767277061.3810132,15,90.9375,1395.5
1767277061.3810132,15,92.09375,1393.5
1767277061.3810132,15,93.28125,1394.25
1767277061.3810132,15,94.421875,1396.5
1767277061.3810132,15,95.5625,1397.75
1767277061.3810132,15,96.75,1399.0
1767277061.3810132,15,97.890625,1401.25
1767277061.3810132,15,99.0625,1404.75
1767277061.3810132,15,100.25,1408.0
1767277061.3810132,15,101.4375,1411.5
1767277061.3810132,15,102.578125,1416.25
1767277061.3810132,15,103.78125,1422.25
1767277061.3810132,15,104.953125,1428.25
1767277061.3810132,15,106.078125,1433.0
1767277061.3810132,15,107.171875,1438.5
1767277061.3810132,15,108.375,1449.0
1767277061.3810132,15,109.515625,1461.0
1767277061.3810132,15,110.71875,1472.0
1767277061.3810132,15,111.875,1481.25
1767277061.3810132,15,112.984375,1489.75
1767277061.3810132,15,114.1875,1503.5
1767277061.3810132,15,115.28125,1514.25
1767277061.3810132,15,116.4375,1524.75
1767277061.3810132,15,117.65625,1542.5
1767277061.3810132,15,118.8125,1557.5
1767277061.3810132,15,119.921875,1571.75
1767277061.3810132,15,121.078125,1593.5
1767277061.3810132,15,122.28125,1612.0
1767277061.3810132,15,123.421875,1629.0
1767277061.3810132,15,124.546875,1651.0
1767277061.3810132,15,125.703125,1676.25
1767277061.3810132,15,126.859375,1699.5
1767277061.3810132,15,128.015625,1725.0
1767277061.3810132,15,129.1875,1751.5
1767277061.3810132,15,130.359375,1772.0
1767277061.3810132,15,131.453125,1800.25
1767277061.3810132,15,132.640625,1836.75
1767277061.3810132,15,133.765625,1871.25
1767277061.3810132,15,134.90625,1908.5
1767277061.3810132,15,136.078125,1954.25
1767277061.3810132,15,137.21875,1991.75
1767277061.3810132,15,138.375,2031.5
1767277061.3810132,15,139.515625,2079.0
1767277061.3810132,15,140.671875,2129.25
1767277061.3810132,15,141.828125,2173.5
1767277061.3810132,15,144.109375,2295.0
1767277061.3810132,15,145.25,2352.75
1767277061.3810132,15,146.4375,2412.25
1767277061.3810132,15,148.71875,2584.75
1767277061.3810132,15,149.859375,2657.0
1767277061.3810132,15,153.296875,2930.75
1767277061.3810132,15,154.46875,2939.75
1767277061.3810132,15,155.640625,2922.25
1767277061.3810132,15,156.796875,2892.25
1767277061.3810132,15,157.953125,2851.25
1767277061.3810132,15,159.125,2816.75
1767277061.3810132,15,160.3125,2795.5
1767277061.3810132,15,161.46875,2776.0
1767277061.3810132,15,162.625,2754.25
1767277061.3810132,15,163.828125,2735.25
1767277061.3810132,15,164.984375,2724.0
1767277061.3810132,15,166.125,2712.75
1767277061.3810132,15,167.296875,2700.75
1767277061.3810132,15,168.453125,2689.5
1767277061.3810132,15,169.625,2678.75
1767277061.3810132,15,170.796875,2669.0
1767277061.3810132,15,171.984375,2659.75
1767277061.3810132,15,173.125,2652.5
1767277061.3810132,15,174.296875,2648.25
1767277061.3810132,15,175.484375,2643.5
1767277061.3810132,15,176.640625,2639.0
1767277061.3810132,15,177.796875,2640.25
1767277061.3810132,15,179.03125,2642.25
1767277061.3810132,12,180.1875,2638.75
1767277061.3810132,7,181.34375,2633.5
1767277061.3810132,15,182.5,2633.25
1767277061.3810132,15,183.6875,2632.75
1767277061.3810132,15,184.84375,2633.0
1767277061.3810132,8,186.015625,2637.75
1767277061.3810132,10,187.203125,2641.0
1767277061.3810132,15,188.359375,2641.75
1767277061.3810132,15,189.53125,2648.25
1767277061.3810132,15,190.6875,2661.5
1767277061.3810132,15,191.859375,2674.75
1767277061.3810132,15,193.015625,2684.5
1767277061.3810132,15,194.15625,2691.25
1767277061.3810132,15,195.328125,2702.25
1767277061.3810132,15,196.5,2715.5
1767277061.3810132,15,197.671875,2728.25
1767277061.3810132,15,198.828125,2746.25
1767277061.3810132,15,199.984375,2766.5
1767277061.3810132,15,201.15625,2781.75
1767277061.3810132,15,202.3125,2802.0
1767277061.3810132,15,203.5625,2833.0
1767277061.3810132,15,204.734375,2871.0
1767277061.3810132,15,205.890625,2908.75
1767277061.3810132,15,207.078125,2935.75
1767277061.3810132,15,208.203125,2959.0
1767277061.3810132,15,209.390625,2985.0
1767277061.3810132,15,210.546875,3014.75
1767277061.3810132,15,211.734375,3047.75
1767277061.3810132,15,212.875,3071.75
1767277061.3810132,15,214.03125,3109.25
1767277061.3810132,15,215.234375,3171.75
1767277061.3810132,15,216.375,3225.0
1767277061.3810132,15,217.546875,3264.5
1767277061.3810132,15,220.671875,1165.25
1767277061.3810132,15,221.84375,1160.75
1767277061.3810132,15,223.0,1155.5
1767277061.3810132,15,224.21875,1150.5
1767277061.3810132,15,227.953125,3860.0
1767277061.3810132,15,231.203125,1126.5
1767277061.3810132,15,232.421875,1123.0
1767277061.3810132,15,233.5625,1121.75
1767277061.3810132,15,234.703125,1120.75
1767277061.3810132,15,235.828125,1119.0
1767277061.3810132,15,236.984375,1119.5
1767277061.3810132,15,238.171875,1120.75
1767277061.3810132,15,239.359375,1122.0
1767277061.3810132,15,240.515625,1124.25
1767277061.3810132,15,245.203125,1125.0
1767277061.3810132,15,246.34375,1125.5
1767277061.3810132,15,247.5,1127.5
1767277061.3810132,15,248.6875,1130.5
1767277061.3810132,15,249.859375,1134.25
1767277061.3810132,15,250.96875,1137.5
1767277061.3810132,15,252.109375,1141.5
1767277061.3810132,15,253.234375,1145.75
1767277061.3810132,15,254.421875,1150.75
1767277061.3810132,15,255.546875,1155.0
1767277061.3810132,15,256.734375,1160.0
1767277061.3810132,15,257.90625,1167.25
1767277061.3810132,15,260.53125,3956.5
1767277061.3810132,15,261.6875,3960.25
1767277061.3810132,15,262.84375,3976.5
1767277061.3810132,15,264.03125,3993.0
1767277061.3810132,15,265.171875,4004.5
1767277061.3810132,14,266.34375,4001.5
1767277061.3810132,15,267.515625,3995.75
1767277061.3810132,15,268.6875,3995.5
1767277061.3810132,14,269.84375,3995.25
1767277061.3810132,15,271.015625,4002.0
1767277061.3810132,12,272.15625,4015.0
1767277061.3810132,15,273.328125,4022.25
1767277061.3810132,15,274.46875,4030.0
1767277061.3810132,13,275.625,4039.25
1767277061.3810132,10,276.78125,4047.5
1767277061.3810132,14,277.953125,4058.75
1767277061.3810132,10,279.109375,4060.0
1767277061.3810132,11,280.28125,4049.5
1767277061.3810132,10,281.4375,4018.75
1767277061.3810132,8,282.609375,3949.25
1767277061.3810132,15,292.203125,2277.75
1767277061.3810132,15,293.375,2238.25
1767277061.3810132,15,294.53125,2205.5
1767277061.3810132,15,295.71875,2179.75
1767277061.3810132,15,296.875,2160.5
1767277061.3810132,15,298.046875,2138.5
1767277061.3810132,15,299.203125,2122.25
1767277061.3810132,15,307.0,4272.75
1767277061.3810132,15,308.171875,4356.0
1767277061.3810132,15,309.3125,4443.5
1767277061.3810132,15,310.484375,4502.5
1767277061.3810132,15,311.640625,4550.25
1767277061.3810132,15,312.796875,4627.0
1767277061.3810132,15,313.953125,4742.25
1767277061.3810132,15,315.125,4850.25
1767277061.3810132,15,316.25,4909.0
1767277061.3810132,15,318.578125,5180.25
1767277061.3810132,15,323.15625,5664.25
1767277061.3810132,15,328.296875,1919.0
1767277061.3810132,15,329.4375,1917.0
1767277061.3810132,15,330.640625,1917.75
1767277061.3810132,15,331.796875,1919.0
1767277061.3810132,15,332.9375,1919.75
1767277061.3810132,15,334.09375,1922.25
1767277061.3810132,15,335.265625,1921.75
1767277061.3810132,15,336.40625,1910.5
1767277061.3810132,15,337.59375,1888.25
1767277061.3810132,15,338.734375,1868.5
1767277061.3810132,15,339.9375,1856.75
1767277061.3810132,15,341.109375,1845.25
1767277061.3810132,15,342.28125,1836.5
1767277061.3810132,15,345.625,2076.5
1767277061.3810132,15,346.84375,2086.25
1767277061.3810132,15,348.015625,2075.0
1767277061.3810132,15,349.171875,2066.25
1767277061.3810132,15,350.328125,2060.5
1767277061.5414588,15,351.5,2056.75
1767277061.5414588,15,352.65625,2054.75
1767277061.5414588,15,353.828125,2051.0
1767277061.5414588,15,355.015625,2046.75
1767277061.5414588,15,356.15625,2046.0
1767277061.5414588,15,357.296875,2045.25
1767277061.5414588,15,358.5,2044.25
1767277061.5414588,15,359.640625,2044.25
1767277061.5414588,15,0.78125,2044.5
1767277061.5414588,15,1.96875,2045.0
1767277061.5414588,15,3.09375,2045.0
1767277061.5414588,15,4.28125,2047.0
1767277061.5414588,15,5.46875,2050.25
1767277061.5414588,15,6.625,2051.25
1767277061.5414588,15,7.78125,2053.5
1767277061.5414588,15,8.90625,2057.75
1767277061.5414588,15,10.125,2060.75
1767277061.5414588,15,11.296875,2065.5
1767277061.5414588,15,12.484375,2075.25
1767277061.5414588,15,13.640625,2086.0
1767277061.5414588,15,14.796875,2097.25
1767277061.5414588,15,15.96875,2110.75
1767277061.5414588,15,17.109375,2129.0
1767277061.5414588,15,18.28125,2145.75
1767277061.5414588,15,19.453125,2156.0
1767277061.5414588,15,20.59375,2166.25
1767277061.5414588,15,21.765625,2179.75
1767277061.5414588,15,22.921875,2204.75
1767277061.5414588,15,24.078125,2231.25
1767277061.5414588,15,25.234375,2254.25
1767277061.5414588,15,26.40625,2277.75
1767277061.5414588,15,27.59375,2298.25
1767277061.5414588,15,28.75,2316.75
1767277061.5414588,15,29.875,2337.5
1767277061.5414588,15,31.046875,2362.25
1767277061.5414588,15,36.953125,2194.0
1767277061.5414588,15,38.140625,2225.75
1767277061.5414588,15,39.296875,2269.5
1767277061.5414588,15,41.671875,2176.5
1767277061.5414588,15,42.875,2131.5
1767277061.5414588,15,44.03125,2080.25
1767277061.5414588,15,45.21875,2033.5
1767277061.5414588,15,46.421875,1992.25
1767277061.5414588,15,47.578125,1953.5
1767277061.5414588,15,48.75,1908.0
1767277061.5414588,15,49.984375,1870.5
1767277061.5414588,15,51.15625,1837.0
1767277061.5414588,15,52.34375,1799.5
1767277061.5414588,15,53.46875,1770.5
1767277061.5414588,15,54.671875,1749.25
1767277061.5414588,15,55.890625,1722.25
1767277061.5414588,15,57.015625,1696.75
1767277061.5414588,15,58.1875,1673.0
1767277061.5414588,15,59.375,1648.25
1767277061.5414588,15,60.515625,1629.75
1767277061.5414588,15,61.734375,1613.0
1767277061.5414588,15,62.890625,1594.0
1767277061.5414588,15,64.078125,1573.5
1767277061.5414588,15,65.265625,1558.0
1767277061.5414588,15,66.40625,1538.0
1767277061.5414588,15,67.59375,1521.75
1767277061.5414588,15,68.75,1514.25
1767277061.5414588,15,69.921875,1503.0
1767277061.5414588,15,71.09375,1489.5
1767277061.5414588,15,72.265625,1478.25
1767277061.5414588,15,73.484375,1468.75
1767277061.5414588,15,74.625,1459.0
1767277061.5414588,15,75.8125,1446.75
1767277061.5414588,15,77.0,1436.5
1767277061.5414588,15,78.15625,1430.5
1767277061.5414588,15,79.296875,1425.0
1767277061.5414588,15,80.53125,1420.0
1767277061.5414588,15,81.640625,1414.5
1767277061.5414588,15,82.796875,1410.0
1767277061.5414588,15,83.96875,1406.75
1767277061.5414588,15,85.125,1405.0
1767277061.5414588,15,86.3125,1402.75
1767277061.5414588,15,87.4375,1400.0
1767277061.5414588,15,88.609375,1396.75
1767277061.5414588,15,89.75,1395.25
1767277061.5414588,15,90.90625,1395.75
1767277061.5414588,15,92.109375,1394.25
1767277061.5414588,15,93.28125,1394.75
1767277061.5414588,15,94.46875,1396.75
1767277061.5414588,15,95.578125,1398.0
1767277061.5414588,15,96.78125,1399.0
1767277061.5414588,15,97.890625,1401.25
1767277061.5414588,15,99.046875,1405.0
1767277061.5414588,15,100.265625,1408.25
1767277061.5414588,15,101.421875,1411.5
1767277061.5414588,15,102.609375,1416.0
1767277061.5414588,15,103.6875,1422.25
1767277061.5414588,15,104.84375,1428.5
1767277061.5414588,15,106.046875,1433.0
1767277061.5414588,15,107.265625,1438.5
1767277061.5414588,15,108.359375,1448.75
1767277061.5414588,15,109.578125,1461.0
1767277061.5414588,15,110.75,1471.5
1767277061.5414588,15,111.875,1480.5
1767277061.5414588,15,113.0625,1490.5
1767277061.5414588,15,114.1875,1504.25
1767277061.5414588,15,115.359375,1515.5
1767277061.5414588,15,116.53125,1526.0
1767277061.5414588,15,117.609375,1542.5
1767277061.5414588,15,118.84375,1557.75
1767277061.5414588,15,119.953125,1571.75
1767277061.5414588,15,121.140625,1593.5
1767277061.5414588,15,122.296875,1612.0
1767277061.5414588,15,123.421875,1628.75
1767277061.5414588,15,124.5625,1650.75
1767277061.5414588,15,125.75,1676.0
1767277061.5414588,15,126.84375,1699.25
1767277061.5414588,15,128.03125,1724.25
1767277061.5414588,15,129.171875,1751.0
1767277061.5414588,15,130.328125,1772.0
1767277061.5414588,15,131.40625,1800.0
1767277061.5414588,15,132.578125,1836.5
1767277061.5414588,15,133.734375,1871.0
1767277061.5414588,15,134.84375,1908.0
1767277061.5414588,15,136.03125,1953.0
1767277061.5414588,15,137.15625,1991.0
1767277061.5414588,15,138.328125,2028.5
1767277061.5414588,15,139.453125,2075.75
1767277061.5414588,15,140.578125,2125.5
1767277061.5414588,15,141.75,2170.0
1767277061.5414588,15,142.875,2222.75
1767277061.5414588,15,144.03125,2290.5
1767277061.5414588,15,145.171875,2348.75
1767277061.5414588,15,146.328125,2408.0
1767277061.5414588,15,149.75,2651.0
1767277061.5414588,15,153.171875,2937.75
1767277061.5414588,15,154.34375,2949.5
1767277061.5414588,15,155.53125,2922.0
1767277061.5414588,15,156.6875,2892.5
1767277061.5414588,15,157.859375,2858.0
1767277061.5414588,15,159.0,2823.0
1767277061.5414588,15,160.203125,2799.75
1767277061.5414588,15,161.328125,2780.75
1767277061.5414588,15,162.53125,2759.25
1767277061.5414588,15,163.671875,2739.5
1767277061.5414588,15,164.84375,2724.75
1767277061.5414588,15,166.0,2713.75
1767277061.5414588,15,167.15625,2701.75
1767277061.5414588,15,168.328125,2690.25
1767277061.5414588,15,169.5,2679.5
1767277061.5414588,15,170.671875,2669.0
1767277061.5414588,15,171.828125,2659.75
1767277061.5414588,15,172.984375,2655.25
1767277061.5414588,15,174.140625,2649.25
1767277061.5414588,15,175.296875,2643.5
1767277061.5414588,14,176.484375,2641.5
1767277061.5414588,15,177.625,2640.25
1767277061.5414588,15,178.890625,2641.0
1767277061.5414588,13,180.03125,2637.25
1767277061.5414588,9,181.1875,2632.75
1767277061.5414588,15,182.359375,2633.25
1767277061.5414588,15,183.546875,2632.25
1767277061.5414588,15,184.703125,2632.75
1767277061.5414588,15,185.875,2637.75
1767277061.5414588,10,187.046875,2642.25
1767277061.5414588,13,188.171875,2643.0
1767277061.5414588,15,189.359375,2647.5
1767277061.5414588,15,190.515625,2658.25
1767277061.5414588,15,191.671875,2671.5
1767277061.5414588,15,192.828125,2682.75
1767277061.5414588,15,194.0,2689.5
1767277061.5414588,15,195.171875,2699.25
1767277061.5414588,15,196.359375,2712.25
1767277061.5414588,15,197.5,2726.5
1767277061.5414588,15,198.671875,2743.0
1767277061.5414588,15,199.828125,2762.75
1767277061.5414588,15,200.984375,2778.75
1767277061.5414588,15,202.140625,2794.75
1767277061.5414588,15,203.375,2820.25
1767277061.5414588,15,204.515625,2857.0
1767277061.5414588,15,205.671875,2907.0
1767277061.5414588,15,206.84375,2935.75
1767277061.5414588,15,208.03125,2952.25
1767277061.5414588,15,209.171875,2973.75
1767277061.5414588,15,210.359375,3005.25
1767277061.5414588,15,211.484375,3043.5
1767277061.5414588,15,212.65625,3065.5
1767277061.5414588,15,213.84375,3099.5
1767277061.5414588,15,214.984375,3155.25
1767277061.5414588,15,216.15625,3212.25
1767277061.5414588,15,217.296875,3254.0
1767277061.5414588,15,220.40625,1166.75
1767277061.5414588,15,221.609375,1161.5
1767277061.5414588,15,222.796875,1155.0
1767277061.5414588,15,223.984375,1148.5
1767277061.5414588,15,225.140625,1160.25
1767277061.5414588,15,227.734375,3850.75
1767277061.5414588,15,230.984375,1126.5
1767277061.5414588,15,232.109375,1123.25
1767277061.5414588,15,233.359375,1121.0
1767277061.5414588,15,234.46875,1120.5
1767277061.5414588,15,235.703125,1119.75
1767277061.5414588,15,236.796875,1119.0
1767277061.5414588,15,238.0,1120.0
1767277061.5414588,15,239.109375,1121.25
1767277061.5414588,15,240.296875,1123.0
1767277061.5414588,15,244.953125,1122.5
1767277061.5414588,15,246.109375,1123.25
1767277061.5414588,15,247.296875,1127.25
1767277061.5414588,15,248.546875,1129.25
1767277061.5414588,15,249.59375,1132.0
1767277061.5414588,15,250.8125,1136.75
1767277061.5414588,15,251.96875,1140.75
1767277061.5414588,15,253.125,1144.0
1767277061.5414588,15,254.25,1149.75
1767277061.5414588,15,255.359375,1155.0
1767277061.5414588,15,256.515625,1159.0
1767277061.5414588,15,257.78125,1164.5
1767277061.5414588,15,262.6875,3976.0
1767277061.5414588,15,263.828125,3993.25
1767277061.5414588,15,265.0,4004.25
1767277061.5414588,15,266.171875,4001.25
1767277061.5414588,15,267.328125,3992.75
1767277061.5414588,15,268.5,3993.0
1767277061.5414588,15,269.65625,3999.0
1767277061.5414588,15,270.828125,4005.25
1767277061.5414588,15,272.0,4009.75
1767277061.5414588,15,273.171875,4016.75
1767277061.5414588,15,274.3125,4031.25
1767277061.5414588,8,275.453125,4040.25
1767277061.5414588,11,276.625,4047.25
1767277061.5414588,12,277.78125,4059.25
1767277061.5414588,10,278.9375,4066.25
1767277061.5414588,11,280.125,4052.5
1767277061.5414588,11,281.28125,4018.25
1767277061.5414588,15,282.4375,3959.5
1767277061.5414588,15,292.046875,2261.0
1767277061.5414588,15,293.1875,2240.25
1767277061.5414588,15,294.359375,2206.75
1767277061.5414588,15,295.5625,2180.5
1767277061.5414588,15,296.71875,2162.75
1767277061.5414588,15,297.890625,2140.5
1767277061.5414588,15,299.046875,2117.25
1767277061.5414588,15,306.84375,4268.75
1767277061.5414588,15,307.984375,4341.75
1767277061.5414588,15,309.171875,4424.75
1767277061.5414588,15,310.328125,4490.75
1767277061.5414588,15,311.484375,4543.25
1767277061.5414588,15,312.640625,4613.25
1767277061.5414588,15,313.78125,4731.0
1767277061.5414588,15,314.953125,4845.5
1767277061.5414588,15,316.109375,4905.75
1767277061.5414588,15,317.25,4993.25
1767277061.5414588,15,323.03125,5630.0
1767277061.5414588,15,328.203125,1917.75
1767277061.5414588,15,329.375,1916.0
1767277061.5414588,15,330.515625,1917.25
1767277061.5414588,15,331.703125,1917.25
1767277061.5414588,15,332.859375,1918.5
1767277061.5414588,15,333.96875,1921.0
1767277061.5414588,15,335.125,1920.5
1767277061.5414588,15,336.3125,1910.75
1767277061.5414588,15,337.515625,1888.75
1767277061.5414588,15,338.65625,1868.75
1767277061.5414588,15,339.8125,1857.0
1767277061.5414588,15,340.984375,1845.75
1767277061.5414588,15,342.140625,1837.0
1767277061.5414588,15,345.53125,2074.0
1767277061.5414588,15,346.75,2086.5
1767277061.5414588,15,347.9375,2075.25
1767277061.5414588,15,349.109375,2067.5
1767277061.5414588,15,350.234375,2061.75
1767277061.6990783,15,351.421875,2057.25
1767277061.6990783,15,352.578125,2055.5
1767277061.6990783,15,353.78125,2051.5
1767277061.6990783,15,354.921875,2047.25
1767277061.6990783,15,356.09375,2046.0
1767277061.6990783,15,357.28125,2045.0
1767277061.6990783,15,358.390625,2043.5
1767277061.6990783,15,359.578125,2044.0
1767277061.6990783,15,0.75,2045.5
1767277061.6990783,15,1.90625,2045.5
1767277061.6990783,15,3.0625,2045.0
1767277061.6990783,15,4.234375,2046.75
1767277061.6990783,15,5.390625,2049.75
1767277061.6990783,15,6.5625,2051.0
1767277061.6990783,15,7.734375,2053.5
1767277061.6990783,15,8.90625,2056.25
1767277061.6990783,15,10.046875,2059.5
1767277061.6990783,15,11.203125,2065.75
1767277061.6990783,15,12.40625,2074.0
1767277061.6990783,15,13.5625,2084.0
1767277061.6990783,15,14.734375,2096.25
1767277061.6990783,15,15.875,2112.0
1767277061.6990783,15,17.015625,2130.25
1767277061.6990783,15,18.21875,2144.5
1767277061.6990783,15,19.328125,2155.0
1767277061.6990783,15,20.53125,2165.5
1767277061.6990783,15,21.6875,2179.75
1767277061.6990783,15,22.84375,2203.0
1767277061.6990783,15,24.0,2228.75
1767277061.6990783,15,25.125,2250.0
1767277061.6990783,15,26.28125,2273.25
1767277061.6990783,15,27.484375,2297.0
1767277061.6990783,15,28.625,2315.75
1767277061.6990783,15,29.796875,2335.0
1767277061.6990783,15,30.921875,2359.75
1767277061.6990783,15,32.09375,2381.0
1767277061.6990783,15,33.28125,2360.5
1767277061.6990783,15,36.859375,2191.25
1767277061.6990783,15,38.046875,2222.25
1767277061.6990783,15,39.21875,2247.25
1767277061.6990783,15,40.359375,2225.0
1767277061.6990783,15,41.578125,2179.5
1767277061.6990783,15,42.75,2134.0
1767277061.6990783,15,43.921875,2080.75
1767277061.6990783,15,45.09375,2035.5
1767277061.6990783,15,46.296875,1995.25
1767277061.6990783,15,47.46875,1955.75
1767277061.6990783,15,48.640625,1910.25
1767277061.6990783,15,49.859375,1873.0
1767277061.6990783,15,51.046875,1838.75
1767277061.6990783,15,52.234375,1805.0
1767277061.6990783,15,53.359375,1776.0
1767277061.6990783,15,54.546875,1750.75
1767277061.6990783,15,55.765625,1724.5
1767277061.6990783,15,56.90625,1699.5
1767277061.6990783,15,58.140625,1675.5
1767277061.6990783,15,59.25,1651.5
1767277061.6990783,15,60.46875,1631.25
1767277061.6990783,15,61.65625,1613.75
1767277061.6990783,15,62.8125,1594.75
1767277061.6990783,15,63.96875,1574.25
1767277061.6990783,15,65.1875,1558.25
1767277061.6990783,15,66.34375,1542.25
1767277061.6990783,15,67.53125,1526.25
1767277061.6990783,15,68.65625,1515.0
1767277061.6990783,15,69.875,1503.75
1767277061.6990783,15,71.015625,1489.5
1767277061.6990783,15,72.234375,1478.0
1767277061.6990783,15,73.375,1468.75
1767277061.6990783,15,74.546875,1459.0
1767277061.6990783,15,75.78125,1446.0
1767277061.6990783,15,76.90625,1435.75
1767277061.6990783,15,78.109375,1431.5
1767277061.6990783,15,79.28125,1426.0
1767277061.6990783,15,80.46875,1419.75
1767277061.6990783,15,81.578125,1414.25
1767277061.6990783,15,82.765625,1410.25
1767277061.6990783,15,83.953125,1406.75
1767277061.6990783,15,85.125,1404.75
1767277061.6990783,15,86.25,1402.75
1767277061.6990783,15,87.421875,1400.0
1767277061.6990783,15,88.59375,1396.5
1767277061.6990783,15,89.78125,1394.75
1767277061.6990783,15,90.90625,1395.5
1767277061.6990783,15,92.125,1393.75
1767277061.6990783,15,93.265625,1394.25
1767277061.6990783,15,94.421875,1396.25
1767277061.6990783,15,95.59375,1397.25
1767277061.6990783,15,96.75,1399.0
1767277061.6990783,15,97.90625,1401.25
1767277061.6990783,15,99.109375,1404.75
1767277061.6990783,15,100.265625,1408.25
1767277061.6990783,15,101.40625,1411.5
1767277061.6990783,15,102.578125,1416.0
1767277061.6990783,15,103.796875,1422.25
1767277061.6990783,15,104.875,1428.25
1767277061.6990783,15,106.078125,1433.0
1767277061.6990783,15,107.203125,1438.25
1767277061.6990783,15,108.390625,1447.75
1767277061.6990783,15,109.53125,1460.0
1767277061.6990783,15,110.671875,1471.5
1767277061.6990783,15,111.796875,1480.75
1767277061.6990783,15,113.0,1489.75
1767277061.6990783,15,114.15625,1503.5
1767277061.6990783,15,115.328125,1514.0
1767277061.6990783,15,116.4375,1524.5
1767277061.6990783,15,117.625,1542.5
1767277061.6990783,15,118.796875,1557.75
1767277061.6990783,15,119.921875,1571.5
1767277061.6990783,15,121.0625,1593.25
1767277061.6990783,15,122.265625,1612.0
1767277061.6990783,15,123.375,1629.0
1767277061.6990783,15,124.5,1650.5
1767277061.6990783,15,125.671875,1675.5
1767277061.6990783,15,126.828125,1698.75
1767277061.6990783,15,128.015625,1722.25
1767277061.6990783,15,129.140625,1749.25
1767277061.6990783,15,130.3125,1771.75
1767277061.6990783,15,131.421875,1799.25
1767277061.6990783,15,132.546875,1835.75
1767277061.6990783,15,133.71875,1869.0
1767277061.6990783,15,134.828125,1905.75
1767277061.6990783,15,135.984375,1950.5
1767277061.6990783,15,137.125,1988.75
1767277061.6990783,15,138.28125,2028.25
1767277061.6990783,15,139.40625,2075.5
1767277061.6990783,15,140.546875,2125.5
1767277061.6990783,15,141.6875,2170.25
1767277061.6990783,15,142.84375,2223.0
1767277061.6990783,15,143.984375,2290.0
1767277061.6990783,15,145.140625,2348.0
1767277061.6990783,15,146.296875,2405.5
1767277061.6990783,15,149.734375,2642.75
1767277061.6990783,15,153.140625,2937.75
1767277061.6990783,15,154.3125,2950.25
1767277061.6990783,15,155.5625,2921.5
1767277061.6990783,15,156.734375,2890.75
1767277061.6990783,15,157.90625,2856.0
1767277061.6990783,15,159.0625,2822.0
1767277061.6990783,15,160.21875,2799.5
1767277061.6990783,15,161.390625,2778.5
1767277061.6990783,15,162.546875,2757.75
1767277061.6990783,15,163.734375,2739.5
1767277061.6990783,15,164.890625,2724.25
1767277061.6990783,15,166.09375,2712.75
1767277061.6990783,15,167.265625,2701.25
1767277061.6990783,15,168.40625,2689.75
1767277061.6990783,15,169.578125,2678.5
1767277061.6990783,15,170.734375,2669.0
1767277061.6990783,15,171.90625,2660.0
1767277061.6990783,15,173.0625,2653.0
1767277061.6990783,15,174.265625,2649.25
1767277061.6990783,15,175.40625,2645.25
1767277061.6990783,15,176.578125,2640.5
1767277061.6990783,15,177.75,2639.5
1767277061.6990783,15,178.90625,2641.0
1767277061.6990783,13,180.109375,2637.75
1767277061.6990783,8,181.265625,2633.0
1767277061.6990783,15,182.40625,2633.75
1767277061.6990783,15,183.609375,2632.75
1767277061.6990783,15,184.75,2632.75
1767277061.6990783,15,185.9375,2637.75
1767277061.6990783,11,187.109375,2642.5
1767277061.6990783,15,188.25,2643.25
1767277061.6990783,15,189.4375,2647.75
1767277061.6990783,15,190.609375,2660.75
1767277061.6990783,15,191.734375,2673.5
1767277061.6990783,15,192.921875,2683.5
1767277061.6990783,15,194.09375,2690.75
1767277061.6990783,15,195.265625,2701.25
1767277061.6990783,15,196.40625,2714.0
1767277061.6990783,15,197.578125,2726.75
1767277061.6990783,15,198.71875,2743.75
1767277061.6990783,15,199.890625,2764.25
1767277061.6990783,15,201.03125,2780.5
1767277061.6990783,15,202.203125,2799.5
1767277061.6990783,15,203.4375,2824.75
1767277061.6990783,15,204.546875,2864.25
1767277061.6990783,15,205.734375,2914.0
1767277061.6990783,15,206.90625,2939.0
1767277061.6990783,15,208.03125,2955.75
1767277061.6990783,15,209.21875,2977.75
1767277061.6990783,15,210.390625,3009.0
1767277061.6990783,15,211.546875,3048.25
1767277061.6990783,15,212.71875,3070.5
1767277061.6990783,15,213.859375,3101.0
1767277061.6990783,15,215.015625,3156.75
1767277061.6990783,15,216.171875,3214.25
1767277061.6990783,15,217.359375,3256.0
1767277061.6990783,15,220.484375,1166.0
1767277061.6990783,15,221.65625,1161.5
1767277061.6990783,15,222.828125,1155.0
1767277061.6990783,15,223.984375,1148.5
1767277061.6990783,15,225.171875,1160.0
1767277061.6990783,15,227.75,3850.5
1767277061.6990783,15,230.96875,1126.5
1767277061.6990783,15,232.125,1123.0
1767277061.6990783,15,233.375,1121.0
1767277061.6990783,15,234.453125,1120.5
1767277061.6990783,15,235.671875,1119.75
1767277061.6990783,15,236.84375,1119.0
1767277061.6990783,15,238.03125,1120.0
1767277061.6990783,15,239.125,1121.0
1767277061.6990783,15,240.328125,1123.0
1767277061.6990783,15,244.984375,1122.5
1767277061.6990783,15,246.125,1123.0
1767277061.6990783,15,247.25,1127.25
1767277061.6990783,15,248.453125,1129.25
1767277061.6990783,15,249.640625,1132.25
1767277061.6990783,15,250.734375,1137.0
1767277061.6990783,15,252.03125,1141.0
1767277061.6990783,15,253.203125,1144.0
1767277061.6990783,15,254.359375,1149.75
1767277061.6990783,15,255.515625,1154.75
1767277061.6990783,15,256.65625,1158.75
1767277061.6990783,15,257.796875,1164.5
1767277061.6990783,15,260.4375,3958.75
1767277061.6990783,13,261.609375,3963.0
1767277061.6990783,14,262.78125,3977.75
1767277061.6990783,15,263.953125,3993.0
1767277061.6990783,15,265.09375,4004.75
1767277061.6990783,14,266.28125,4003.5
1767277061.6990783,15,267.453125,3997.25
1767277061.6990783,15,268.59375,3997.25
1767277061.6990783,15,269.765625,3996.75
1767277061.6990783,15,270.9375,4003.75
1767277061.6990783,15,272.09375,4016.0
1767277061.6990783,15,273.28125,4022.25
1767277061.6990783,14,274.4375,4030.75
1767277061.6990783,8,275.484375,4041.5
1767277061.6990783,10,276.65625,4049.25
1767277061.6990783,12,277.8125,4060.25
1767277061.6990783,9,278.984375,4068.0
1767277061.6990783,12,280.140625,4055.0
1767277061.6990783,10,281.3125,4019.5
1767277061.6990783,7,282.46875,3960.25
1767277061.6990783,15,292.046875,2261.0
1767277061.6990783,15,293.1875,2240.5
1767277061.6990783,15,294.40625,2207.0
1767277061.6990783,15,295.5625,2180.25
1767277061.6990783,15,296.703125,2162.75
1767277061.6990783,15,297.890625,2140.75
1767277061.6990783,15,299.015625,2119.5
1767277061.6990783,8,300.171875,2134.5
1767277061.6990783,15,306.796875,4261.75
1767277061.6990783,15,307.9375,4335.25
1767277061.6990783,15,309.09375,4423.0
1767277061.6990783,15,310.25,4488.5
1767277061.6990783,15,311.40625,4541.75
1767277061.6990783,15,312.546875,4610.75
1767277061.6990783,15,314.875,4848.0
1767277061.6990783,15,316.015625,4907.25
1767277061.6990783,15,317.171875,5003.25
1767277061.6990783,15,318.3125,5155.5
1767277061.6990783,15,328.0625,1916.25
1767277061.6990783,15,329.28125,1915.25
1767277061.6990783,15,330.421875,1917.0
1767277061.6990783,15,331.5625,1917.5
1767277061.6990783,15,332.75,1919.5
1767277061.6990783,15,333.859375,1922.0
1767277061.6990783,15,335.03125,1920.5
1767277061.6990783,15,336.203125,1911.25
1767277061.6990783,15,337.390625,1889.5
1767277061.6990783,15,338.578125,1869.5
1767277061.6990783,15,339.6875,1857.75
1767277061.6990783,15,340.875,1848.0
1767277061.6990783,15,342.0625,1830.75
1767277061.6990783,15,345.4375,2065.5
1767277061.6990783,15,346.578125,2087.25
1767277061.6990783,15,347.84375,2075.5
1767277061.6990783,15,349.015625,2067.5
1767277061.6990783,15,350.171875,2062.75
1767277061.856117,15,351.3125,2058.0
1767277061.856117,15,352.484375,2055.25
1767277061.856117,15,353.671875,2051.5
1767277061.856117,15,354.796875,2049.0
1767277061.856117,15,355.984375,2047.5
1767277061.856117,15,357.171875,2045.25
1767277061.856117,15,358.296875,2043.75
1767277061.856117,15,359.453125,2043.75
1767277061.856117,15,0.640625,2045.0
1767277061.856117,15,1.78125,2045.0
1767277061.856117,15,2.9375,2044.5
1767277061.856117,15,4.109375,2046.5
1767277061.856117,15,5.296875,2049.75
1767277061.856117,15,6.46875,2050.75
1767277061.856117,15,7.625,2053.0
1767277061.856117,15,8.796875,2056.25
1767277061.856117,15,9.953125,2059.75
1767277061.856117,15,11.0625,2066.0
1767277061.856117,15,12.234375,2073.5
1767277061.856117,15,13.40625,2083.0
1767277061.856117,15,14.546875,2095.0
1767277061.856117,15,15.703125,2108.0
1767277061.856117,15,16.875,2123.25
1767277061.856117,15,18.015625,2141.0
1767277061.856117,15,19.15625,2155.5
1767277061.856117,15,20.34375,2167.0
1767277061.856117,15,21.484375,2176.25
1767277061.856117,15,22.640625,2196.5
1767277061.856117,15,23.796875,2224.75
1767277061.856117,15,24.9375,2245.25
1767277061.856117,15,26.09375,2267.25
1767277061.856117,15,27.296875,2292.0
1767277061.856117,15,28.4375,2310.5
1767277061.856117,15,29.578125,2328.25
1767277061.856117,15,30.71875,2354.0
1767277061.856117,15,31.875,2377.0
1767277061.856117,15,33.046875,2365.5
1767277061.856117,15,34.234375,2309.5
1767277061.856117,15,36.671875,2199.5
1767277061.856117,15,37.796875,2217.75
1767277061.856117,15,38.984375,2243.5
1767277061.856117,15,40.125,2242.5
1767277061.856117,15,41.3125,2197.75
1767277061.856117,15,42.515625,2143.5
1767277061.856117,15,43.65625,2092.5
1767277061.856117,15,44.828125,2045.5
1767277061.856117,15,46.0,2005.75
1767277061.856117,15,47.21875,1962.75
1767277061.856117,15,48.375,1916.0
1767277061.856117,15,49.59375,1878.25
1767277061.856117,15,50.75,1843.25
1767277061.856117,15,51.921875,1810.75
1767277061.856117,15,53.125,1781.5
1767277061.856117,15,54.296875,1754.75
1767277061.856117,15,55.46875,1727.5
1767277061.856117,15,56.640625,1701.5
1767277061.856117,15,57.828125,1678.5
1767277061.856117,15,58.96875,1656.5
1767277061.856117,15,60.1875,1637.75
1767277061.856117,15,61.375,1617.75
1767277061.856117,15,62.546875,1598.25
1767277061.856117,15,63.671875,1578.5
1767277061.856117,15,64.921875,1562.0
1767277061.856117,15,66.09375,1546.25
1767277061.856117,15,67.21875,1528.5
1767277061.856117,15,68.421875,1515.5
1767277061.856117,15,69.578125,1506.0
1767277061.856117,15,70.734375,1494.0
1767277061.856117,15,71.9375,1482.25
1767277061.856117,15,73.109375,1471.5
1767277061.856117,15,74.265625,1460.75
1767277061.856117,15,75.453125,1448.75
1767277061.856117,15,76.59375,1438.25
1767277061.856117,15,77.765625,1432.75
1767277061.856117,15,78.96875,1427.75
1767277061.856117,15,80.09375,1421.0
1767277061.856117,15,81.25,1415.25
1767277061.856117,15,82.453125,1410.75
1767277061.856117,15,83.59375,1407.75
1767277061.856117,15,84.71875,1405.5
1767277061.856117,15,85.890625,1403.0
1767277061.856117,15,87.0625,1400.0
1767277061.856117,15,88.234375,1398.0
1767277061.856117,15,89.375,1396.5
1767277061.856117,15,90.609375,1396.25
1767277061.856117,15,91.703125,1394.0
1767277061.856117,15,92.921875,1394.75
1767277061.856117,15,94.09375,1397.5
1767277061.856117,15,95.21875,1397.0
1767277061.856117,15,96.40625,1398.25
1767277061.856117,15,97.5625,1401.0
1767277061.856117,15,98.71875,1403.75
1767277061.856117,15,99.875,1406.5
1767277061.856117,15,101.046875,1410.5
1767277061.856117,15,102.21875,1415.0
1767277061.856117,15,103.359375,1419.75
1767277061.856117,15,104.5,1425.25
1767277061.856117,15,105.65625,1431.5
1767277061.856117,15,106.84375,1436.75
1767277061.856117,15,107.90625,1443.5
1767277061.856117,15,109.0625,1454.5
1767277061.856117,15,110.1875,1467.0
1767277061.856117,15,111.375,1477.0
1767277061.856117,15,112.546875,1487.25
1767277061.856117,15,113.671875,1499.75
1767277061.856117,15,114.828125,1510.5
1767277061.856117,15,115.984375,1519.0
1767277061.856117,15,117.140625,1533.5
1767277061.856117,15,118.296875,1551.75
1767277061.856117,15,119.421875,1566.0
1767277061.856117,15,120.5625,1586.0
1767277061.856117,15,121.71875,1605.0
1767277061.856117,15,122.859375,1621.0
1767277061.856117,15,124.046875,1642.0
1767277061.856117,15,125.203125,1666.5
1767277061.856117,15,126.3125,1690.25
1767277061.856117,15,127.453125,1713.5
1767277061.856117,15,128.640625,1738.5
1767277061.856117,15,129.765625,1760.0
1767277061.856117,15,130.90625,1788.75
1767277061.856117,15,132.015625,1819.5
1767277061.856117,15,133.15625,1851.0
1767277061.856117,15,134.296875,1886.0
1767277061.856117,15,135.4375,1922.0
1767277061.856117,15,136.578125,1968.0
1767277061.856117,15,137.765625,2011.5
1767277061.856117,15,138.90625,2051.0
1767277061.856117,15,140.0625,2097.5
1767277061.856117,15,141.203125,2149.25
1767277061.856117,15,142.34375,2202.0
1767277061.856117,15,143.4375,2263.0
1767277061.856117,15,144.625,2323.0
1767277061.856117,15,145.765625,2377.75
1767277061.856117,10,146.875,2434.0
1767277061.856117,9,149.171875,2620.5
1767277061.856117,15,150.328125,2695.0
1767277061.856117,15,153.75,2942.25
1767277061.856117,15,155.0,2940.75
1767277061.856117,15,156.15625,2913.5
1767277061.856117,15,157.328125,2873.25
1767277061.856117,15,158.5,2837.75
1767277061.856117,15,159.671875,2808.5
1767277061.856117,15,160.84375,2786.5
1767277061.856117,15,162.015625,2768.0
1767277061.856117,15,163.171875,2748.75
1767277061.856117,15,164.359375,2730.5
1767277061.856117,15,165.484375,2719.5
1767277061.856117,15,166.65625,2707.0
1767277061.856117,15,167.828125,2694.5
1767277061.856117,15,168.984375,2685.0
1767277061.856117,15,170.1875,2675.75
1767277061.856117,15,171.34375,2665.5
1767277061.856117,15,172.484375,2655.0
1767277061.856117,15,173.671875,2650.25
1767277061.856117,15,174.84375,2646.0
1767277061.856117,15,176.0,2641.5
1767277061.856117,15,177.140625,2640.5
1767277061.856117,15,178.3125,2640.0
1767277061.856117,14,179.484375,2640.0
1767277061.856117,9,180.671875,2634.75
1767277061.856117,15,181.84375,2633.25
1767277061.856117,15,183.0,2635.5
1767277061.856117,15,184.171875,2634.75
1767277061.856117,15,185.328125,2637.25
1767277061.856117,9,186.484375,2640.75
1767277061.856117,13,187.65625,2642.0
1767277061.856117,13,188.796875,2644.25
1767277061.856117,15,189.984375,2652.0
1767277061.856117,15,191.140625,2666.25
1767277061.856117,15,192.28125,2679.5
1767277061.856117,15,193.453125,2685.0
1767277061.856117,15,194.640625,2694.75
1767277061.856117,15,195.78125,2708.5
1767277061.856117,15,196.953125,2720.25
1767277061.856117,15,198.109375,2736.0
1767277061.856117,15,199.25,2754.5
1767277061.856117,15,200.421875,2771.0
1767277061.856117,15,201.59375,2788.25
1767277061.856117,15,202.765625,2811.0
1767277061.856117,15,203.953125,2841.75
1767277061.856117,15,205.0625,2890.75
1767277061.856117,15,206.234375,2930.25
1767277061.856117,15,207.390625,2946.0
1767277061.856117,15,208.578125,2963.0
1767277061.856117,15,209.734375,2989.25
1767277061.856117,15,210.875,3023.25
1767277061.856117,15,212.046875,3054.25
1767277061.856117,15,213.234375,3076.75
1767277061.856117,15,214.34375,3118.0
1767277061.856117,15,215.53125,3182.75
1767277061.856117,15,216.671875,3231.0
1767277061.856117,15,217.828125,3277.0
1767277061.856117,15,221.015625,1165.25
1767277061.856117,15,222.171875,1159.75
1767277061.856117,15,223.28125,1153.25
1767277061.856117,15,224.5,1147.5
1767277061.856117,15,227.078125,3806.0
1767277061.856117,15,231.421875,1125.5
1767277061.856117,15,232.65625,1123.5
1767277061.856117,15,233.78125,1122.0
1767277061.856117,15,234.9375,1120.5
1767277061.856117,15,236.09375,1120.0
1767277061.856117,15,237.28125,1119.75
1767277061.856117,15,238.453125,1120.0
1767277061.856117,15,239.6875,1121.0
1767277061.856117,15,240.796875,1126.25
1767277061.856117,15,243.34375,3960.75
1767277061.856117,15,246.609375,1125.75
1767277061.856117,15,247.828125,1127.75
1767277061.856117,15,248.875,1130.5
1767277061.856117,15,250.125,1133.75
1767277061.856117,15,251.25,1136.75
1767277061.856117,15,252.40625,1141.5
1767277061.856117,15,253.625,1147.0
1767277061.856117,15,254.71875,1152.25
1767277061.856117,15,255.90625,1156.5
1767277061.856117,15,257.078125,1161.75
1767277061.856117,15,258.265625,1170.0
1767277061.856117,15,260.875,3960.25
1767277061.856117,13,262.03125,3971.25
1767277061.856117,15,263.21875,3981.0
1767277061.856117,15,264.375,3992.75
1767277061.856117,15,265.515625,4000.0
1767277061.856117,14,266.703125,3996.25
1767277061.856117,15,267.875,3997.5
1767277061.856117,15,269.015625,4004.75
1767277061.856117,15,270.203125,4004.25
1767277061.856117,15,271.359375,4008.5
1767277061.856117,15,272.515625,4017.25
1767277061.856117,15,273.671875,4027.0
1767277061.856117,13,274.734375,4038.25
1767277061.856117,11,275.890625,4045.75
1767277061.856117,13,277.046875,4049.0
1767277061.856117,12,278.203125,4055.5
1767277061.856117,8,279.375,4057.75
1767277061.856117,10,280.53125,4041.25
1767277061.856117,14,281.703125,4009.0
1767277061.856117,15,292.40625,2262.75
1767277061.856117,15,293.59375,2226.25
1767277061.856117,15,294.75,2194.25
1767277061.856117,15,295.890625,2177.0
1767277061.856117,15,297.0625,2156.75
1767277061.856117,15,298.234375,2133.5
1767277061.856117,15,299.421875,2123.0
1767277061.856117,15,307.21875,4292.25
1767277061.856117,15,308.375,4371.75
1767277061.856117,15,309.515625,4455.25
1767277061.856117,15,310.6875,4510.0
1767277061.856117,15,311.828125,4555.25
1767277061.856117,15,313.0,4649.75
1767277061.856117,15,314.15625,4771.0
1767277061.856117,15,315.3125,4859.0
1767277061.856117,15,316.453125,4922.75
1767277061.856117,15,318.78125,5200.5
1767277061.856117,15,328.546875,1917.5
1767277061.856117,15,329.6875,1917.0
1767277061.856117,15,330.84375,1917.5
1767277061.856117,15,332.03125,1919.25
1767277061.856117,15,333.234375,1919.0
1767277061.856117,15,334.359375,1920.25
1767277061.856117,15,335.515625,1919.0
1767277061.856117,15,336.703125,1900.0
1767277061.856117,15,337.84375,1877.25
1767277061.856117,15,339.0625,1864.75
1767277061.856117,15,340.1875,1854.5
1767277061.856117,15,341.375,1843.75
1767277061.856117,15,342.53125,1844.0
1767277061.856117,15,345.90625,2093.25
1767277061.856117,15,347.09375,2082.25
1767277061.856117,15,348.21875,2071.0
1767277061.856117,15,349.40625,2063.75
1767277061.856117,15,350.59375,2060.75
1767277062.0162768,15,351.703125,2055.75
1767277062.0162768,15,352.875,2052.25
1767277062.0162768,15,354.046875,2049.5
1767277062.0162768,15,355.203125,2046.75
1767277062.0162768,15,356.390625,2045.5
1767277062.0162768,15,357.546875,2043.75
1767277062.0162768,15,358.6875,2043.75
1767277062.0162768,15,359.84375,2045.25
1767277062.0162768,15,1.03125,2045.0
1767277062.0162768,15,2.1875,2045.75
1767277062.0162768,15,3.3125,2046.25
1767277062.0162768,15,4.484375,2047.0
1767277062.0162768,15,5.671875,2048.5
1767277062.0162768,15,6.84375,2051.75
1767277062.0162768,15,7.96875,2056.75
1767277062.0162768,15,9.125,2058.75
1767277062.0162768,15,10.3125,2061.75
1767277062.0162768,15,11.4375,2067.75
1767277062.0162768,15,12.59375,2075.75
1767277062.0162768,15,13.734375,2086.5
1767277062.0162768,15,14.890625,2097.5
1767277062.0162768,15,16.078125,2111.25
1767277062.0162768,15,17.1875,2130.5
1767277062.0162768,15,18.359375,2146.5
1767277062.0162768,15,19.5,2157.75
1767277062.0162768,15,20.6875,2167.75
1767277062.0162768,15,21.84375,2173.5
1767277062.0162768,15,22.984375,2199.0
1767277062.0162768,15,24.109375,2231.75
1767277062.0162768,15,25.296875,2254.75
1767277062.0162768,15,26.4375,2277.75
1767277062.0162768,15,27.609375,2298.0
1767277062.0162768,15,28.734375,2317.0
1767277062.0162768,15,29.875,2338.0
1767277062.0162768,15,31.046875,2362.5
1767277062.0162768,15,32.21875,2383.75
1767277062.0162768,15,33.40625,2359.5
1767277062.0162768,15,37.03125,2193.25
1767277062.0162768,15,38.171875,2227.5
1767277062.0162768,15,39.359375,2270.0
1767277062.0162768,15,41.703125,2172.25
1767277062.0162768,15,44.078125,2073.25
1767277062.0162768,15,45.25,2033.0
1767277062.0162768,15,46.46875,1991.5
1767277062.0162768,15,47.625,1952.75
1767277062.0162768,15,48.8125,1907.5
1767277062.0162768,15,49.96875,1870.25
1767277062.0162768,15,51.15625,1836.75
1767277062.0162768,15,52.34375,1802.75
1767277062.0162768,15,53.53125,1774.0
1767277062.0162768,15,54.71875,1748.5
1767277062.0162768,15,55.875,1721.75
1767277062.0162768,15,57.015625,1696.75
1767277062.0162768,15,58.203125,1672.75
1767277062.0162768,15,59.40625,1648.25
1767277062.0162768,15,60.609375,1628.75
1767277062.0162768,15,61.75,1612.0
1767277062.0162768,15,62.953125,1592.5
1767277062.0162768,15,64.140625,1571.75
1767277062.0162768,15,65.296875,1556.5
1767277062.0162768,15,66.515625,1536.5
1767277062.0162768,15,67.671875,1520.75
1767277062.0162768,15,68.828125,1513.0
1767277062.0162768,15,70.0,1502.0
1767277062.0162768,15,71.15625,1488.25
1767277062.0162768,15,72.359375,1478.25
1767277062.0162768,15,73.53125,1469.25
1767277062.0162768,15,74.671875,1459.0
1767277062.0162768,15,75.84375,1446.5
1767277062.0162768,15,77.078125,1436.25
1767277062.0162768,15,78.171875,1430.25
1767277062.0162768,15,79.40625,1425.0
1767277062.0162768,15,80.578125,1420.25
1767277062.0162768,15,81.734375,1414.5
1767277062.0162768,15,82.890625,1410.75
1767277062.0162768,15,83.90625,1407.0
1767277062.0162768,15,85.125,1404.5
1767277062.0162768,15,86.234375,1402.75
1767277062.0162768,15,87.40625,1400.0
1767277062.0162768,15,88.609375,1397.5
1767277062.0162768,15,89.734375,1396.25
1767277062.0162768,15,90.90625,1395.75
1767277062.0162768,15,92.078125,1393.5
1767277062.0162768,15,93.1875,1394.0
1767277062.0162768,15,94.375,1396.5
1767277062.0162768,15,95.53125,1396.5
1767277062.0162768,15,96.6875,1397.5
1767277062.0162768,15,97.828125,1400.75
1767277062.0162768,15,99.03125,1404.75
1767277062.0162768,15,100.1875,1407.75
1767277062.0162768,15,101.3125,1411.25
1767277062.0162768,15,102.484375,1416.0
1767277062.0162768,15,103.625,1421.25
1767277062.0162768,15,104.828125,1427.25
1767277062.0162768,15,105.921875,1432.5
1767277062.0162768,15,107.09375,1437.25
1767277062.0162768,15,108.25,1447.0
1767277062.0162768,15,109.390625,1459.0
1767277062.0162768,15,110.5,1470.5
1767277062.0162768,15,111.703125,1480.5
1767277062.0162768,15,112.796875,1489.75
1767277062.0162768,15,113.96875,1502.75
1767277062.0162768,15,115.125,1513.5
1767277062.0162768,15,116.265625,1520.75
1767277062.0162768,15,117.421875,1537.25
1767277062.0162768,15,118.59375,1554.75
1767277062.0162768,15,119.71875,1569.25
1767277062.0162768,15,120.84375,1588.5
1767277062.0162768,15,122.046875,1606.75
1767277062.0162768,15,123.1875,1625.5
1767277062.0162768,15,124.296875,1647.0
1767277062.0162768,15,125.453125,1671.25
1767277062.0162768,15,126.625,1693.75
1767277062.0162768,15,127.71875,1718.75
1767277062.0162768,15,128.9375,1745.0
1767277062.0162768,15,130.046875,1766.5
1767277062.0162768,15,131.203125,1794.25
1767277062.0162768,15,132.34375,1825.5
1767277062.0162768,15,133.4375,1859.75
1767277062.0162768,15,134.609375,1902.0
1767277062.0162768,15,135.765625,1939.5
1767277062.0162768,15,136.890625,1978.25
1767277062.0162768,15,138.0625,2023.5
1767277062.0162768,15,139.21875,2062.25
1767277062.0162768,15,140.34375,2110.75
1767277062.0162768,15,141.484375,2162.75
1767277062.0162768,15,142.640625,2217.0
1767277062.0162768,15,143.75,2278.5
1767277062.0162768,15,144.921875,2334.75
1767277062.0162768,15,146.03125,2395.5
1767277062.0162768,8,147.1875,2452.0
1767277062.0162768,15,149.46875,2633.5
1767277062.0162768,15,152.875,2935.25
1767277062.0162768,15,154.046875,2958.5
1767277062.0162768,15,155.265625,2926.25
1767277062.0162768,15,156.4375,2899.75
1767277062.0162768,15,157.609375,2866.25
1767277062.0162768,15,158.765625,2829.0
1767277062.0162768,15,159.96875,2802.75
1767277062.0162768,15,161.125,2782.0
1767277062.0162768,15,162.28125,2761.75
1767277062.0162768,15,163.4375,2744.5
1767277062.0162768,15,164.609375,2730.75
1767277062.0162768,15,165.78125,2717.5
1767277062.0162768,15,166.921875,2704.75
1767277062.0162768,15,168.078125,2691.0
1767277062.0162768,15,169.265625,2680.5
1767277062.0162768,15,170.4375,2671.5
1767277062.0162768,15,171.5625,2663.0
1767277062.0162768,15,172.765625,2655.5
1767277062.0162768,15,173.9375,2650.75
1767277062.0162768,15,175.09375,2644.75
1767277062.0162768,15,176.25,2641.0
1767277062.0162768,15,177.390625,2640.75
1767277062.0162768,15,178.59375,2641.0
1767277062.0162768,15,179.78125,2640.25
1767277062.0162768,8,180.9375,2633.25
1767277062.0162768,15,182.109375,2631.5
1767277062.0162768,15,183.234375,2633.75
1767277062.0162768,15,184.40625,2634.0
1767277062.0162768,15,185.59375,2637.25
1767277062.0162768,10,186.734375,2641.0
1767277062.0162768,12,187.875,2642.25
1767277062.0162768,14,189.0625,2645.0
1767277062.0162768,15,190.21875,2653.5
1767277062.0162768,15,191.359375,2669.5
1767277062.0162768,15,192.5625,2681.25
1767277062.0162768,15,193.6875,2687.25
1767277062.0162768,15,194.859375,2697.5
1767277062.0162768,15,196.015625,2710.75
1767277062.0162768,15,197.171875,2723.75
1767277062.0162768,15,198.34375,2738.5
1767277062.0162768,15,199.515625,2756.5
1767277062.0162768,15,200.640625,2773.0
1767277062.0162768,15,201.828125,2789.5
1767277062.0162768,15,203.0,2814.5
1767277062.0162768,15,204.15625,2847.75
1767277062.0162768,15,205.3125,2893.0
1767277062.0162768,15,206.46875,2926.5
1767277062.0162768,15,207.625,2947.0
1767277062.0162768,15,208.78125,2967.25
1767277062.0162768,15,209.9375,2996.5
1767277062.0162768,15,211.09375,3036.0
1767277062.0162768,15,212.25,3060.5
1767277062.0162768,15,213.421875,3082.75
1767277062.0162768,15,214.59375,3133.5
1767277062.0162768,15,215.734375,3198.75
1767277062.0162768,15,216.90625,3238.75
1767277062.0162768,15,218.046875,3283.5
1767277062.0162768,15,221.203125,1163.25
1767277062.0162768,15,222.3125,1157.0
1767277062.0162768,15,223.5,1152.25
1767277062.0162768,15,224.71875,1150.75
1767277062.0162768,15,227.375,3834.5
1767277062.0162768,15,230.59375,1127.0
1767277062.0162768,15,231.78125,1124.0
1767277062.0162768,15,232.9375,1121.5
1767277062.0162768,15,234.109375,1121.0
1767277062.0162768,15,235.3125,1120.5
1767277062.0162768,15,236.421875,1121.0
1767277062.0162768,15,237.625,1121.5
1767277062.0162768,15,238.78125,1121.5
1767277062.0162768,15,239.921875,1122.5
1767277062.0162768,15,246.9375,1126.0
1767277062.0162768,15,248.078125,1128.0
1767277062.0162768,15,249.3125,1132.5
1767277062.0162768,15,250.421875,1135.75
1767277062.0162768,15,251.515625,1138.75
1767277062.0162768,15,252.75,1143.25
1767277062.0162768,15,253.890625,1147.25
1767277062.0162768,15,255.015625,1152.25
1767277062.0162768,15,256.171875,1157.5
1767277062.0162768,15,257.3125,1163.0
1767277062.0162768,15,262.28125,3968.25
1767277062.0162768,15,263.453125,3986.25
1767277062.0162768,15,264.640625,4005.5
1767277062.0162768,15,265.796875,4007.25
1767277062.0162768,15,266.96875,3996.5
1767277062.0162768,15,268.109375,3995.25
1767277062.0162768,15,269.28125,4002.0
1767277062.0162768,15,270.4375,4007.75
1767277062.0162768,15,271.609375,4015.25
1767277062.0162768,13,272.765625,4024.25
1767277062.0162768,14,273.9375,4029.75
1767277062.0162768,12,274.9375,4036.25
1767277062.0162768,10,276.09375,4046.0
1767277062.0162768,11,277.25,4053.75
1767277062.0162768,8,278.421875,4067.5
1767277062.0162768,10,279.578125,4067.0
1767277062.0162768,10,280.734375,4042.75
1767277062.0162768,13,281.890625,4009.5
1767277062.0162768,15,292.59375,2258.75
1767277062.0162768,15,293.75,2219.25
1767277062.0162768,15,294.90625,2187.75
1767277062.0162768,15,296.078125,2173.0
1767277062.0162768,15,297.234375,2153.5
1767277062.0162768,15,298.40625,2130.0
1767277062.0162768,15,299.578125,2124.25
1767277062.0162768,15,307.328125,4299.5
1767277062.0162768,15,308.484375,4382.0
1767277062.0162768,15,309.640625,4458.25
1767277062.0162768,15,310.8125,4514.5
1767277062.0162768,15,311.953125,4562.25
1767277062.0162768,15,314.265625,4782.75
1767277062.0162768,15,315.421875,4863.0
1767277062.0162768,15,316.5625,4934.25
1767277062.0162768,15,318.859375,5203.5
1767277062.0162768,15,328.71875,1916.75
1767277062.0162768,15,329.875,1917.25
1767277062.0162768,15,331.078125,1918.0
1767277062.0162768,15,332.1875,1920.25
1767277062.0162768,15,333.359375,1921.25
1767277062.0162768,15,334.5625,1917.5
1767277062.0162768,15,335.703125,1912.75
1767277062.0162768,15,336.890625,1898.0
1767277062.0162768,15,338.03125,1875.75
1767277062.0162768,15,339.203125,1861.75
1767277062.0162768,15,340.40625,1852.25
1767277062.0162768,15,341.53125,1835.25
1767277062.0162768,15,342.703125,1844.25
1767277062.0162768,15,346.09375,2065.75
1767277062.0162768,15,347.234375,2082.0
1767277062.0162768,15,348.421875,2073.0
1767277062.0162768,15,349.578125,2064.25
1767277062.0162768,15,350.75,2059.5
1767277062.1741135,15,351.921875,2055.5
1767277062.1741135,15,353.0625,2052.25
1767277062.1741135,15,354.203125,2050.5
1767277062.1741135,15,355.390625,2047.25
1767277062.1741135,15,356.5625,2046.25
1767277062.1741135,15,357.6875,2045.0
1767277062.1741135,15,358.859375,2043.0
1767277062.1741135,15,0.03125,2042.75
1767277062.1741135,15,1.1875,2043.75
1767277062.1741135,15,2.375,2046.5
1767277062.1741135,15,3.53125,2047.5
1767277062.1741135,15,4.6875,2047.25
1767277062.1741135,15,5.84375,2048.25
1767277062.1741135,15,7.0,2052.0
1767277062.1741135,15,8.171875,2055.5
1767277062.1741135,15,9.28125,2058.75
1767277062.1741135,15,10.484375,2063.5
1767277062.1741135,15,11.59375,2069.75
1767277062.1741135,15,12.765625,2079.0
1767277062.1741135,15,13.890625,2088.0
1767277062.1741135,15,15.078125,2099.5
1767277062.1741135,15,16.203125,2114.75
1767277062.1741135,15,17.359375,2134.5
1767277062.1741135,15,18.53125,2150.0
1767277062.1741135,15,19.671875,2160.75
1767277062.1741135,15,20.84375,2170.0
1767277062.1741135,15,21.96875,2187.0
1767277062.1741135,15,23.125,2212.75
1767277062.1741135,15,24.296875,2233.75
1767277062.1741135,15,25.421875,2255.75
1767277062.1741135,15,26.609375,2280.75
1767277062.1741135,15,27.765625,2302.0
1767277062.1741135,15,28.90625,2320.0
1767277062.1741135,15,30.078125,2341.25
1767277062.1741135,15,31.1875,2366.25
1767277062.1741135,15,32.390625,2385.0
1767277062.1741135,15,36.0625,2210.5
1767277062.1741135,15,37.171875,2198.5
1767277062.1741135,15,38.34375,2230.25
1767277062.1741135,15,39.53125,2247.75
1767277062.1741135,15,40.703125,2219.25
1767277062.1741135,15,41.84375,2166.0
1767277062.1741135,15,43.046875,2117.75
1767277062.1741135,15,44.21875,2069.75
1767277062.1741135,15,45.390625,2025.75
1767277062.1741135,15,46.59375,1982.75
1767277062.1741135,15,47.78125,1944.75
1767277062.1741135,15,48.9375,1902.0
1767277062.1741135,15,50.15625,1865.0
1767277062.1741135,15,51.296875,1831.75
1767277062.1741135,15,52.484375,1795.5
1767277062.1741135,15,53.703125,1765.75
1767277062.1741135,15,54.875,1742.75
1767277062.1741135,15,56.0,1716.5
1767277062.1741135,15,57.21875,1692.25
1767277062.1741135,15,58.359375,1670.75
1767277062.1741135,15,59.546875,1648.0
1767277062.1741135,15,60.734375,1626.25
1767277062.1741135,15,61.90625,1609.75
1767277062.1741135,15,63.109375,1591.25
1767277062.1741135,15,64.296875,1569.25
1767277062.1741135,15,65.484375,1554.5
1767277062.1741135,15,66.671875,1536.75
1767277062.1741135,15,67.828125,1521.25
1767277062.1741135,15,69.03125,1511.25
1767277062.1741135,15,70.1875,1500.0
1767277062.1741135,15,71.34375,1486.0
1767277062.1741135,15,72.46875,1474.75
1767277062.1741135,15,73.65625,1465.5
1767277062.1741135,15,74.890625,1452.5
1767277062.1741135,15,76.0,1442.0
1767277062.1741135,15,77.21875,1435.5
1767277062.1741135,15,78.375,1430.25
1767277062.1741135,15,79.53125,1424.25
1767277062.1741135,15,80.6875,1417.75
1767277062.1741135,15,81.84375,1412.5
1767277062.1741135,15,83.015625,1409.5
1767277062.1741135,15,84.078125,1406.0
1767277062.1741135,15,85.296875,1402.5
1767277062.1741135,15,86.453125,1401.0
1767277062.1741135,15,87.578125,1400.5
1767277062.1741135,15,88.71875,1397.25
1767277062.1741135,15,89.875,1394.75
1767277062.1741135,15,91.03125,1395.5
1767277062.1741135,15,92.1875,1396.25
1767277062.1741135,15,93.359375,1396.75
1767277062.1741135,15,94.59375,1397.25
1767277062.1741135,15,95.703125,1398.25
1767277062.1741135,15,96.90625,1399.25
1767277062.1741135,15,98.046875,1402.0
1767277062.1741135,15,99.15625,1405.75
1767277062.1741135,15,100.3125,1408.25
1767277062.1741135,15,101.515625,1411.5
1767277062.1741135,15,102.703125,1416.25
1767277062.1741135,15,103.796875,1422.5
1767277062.1741135,15,104.9375,1428.75
1767277062.1741135,15,106.171875,1433.5
1767277062.1741135,15,107.265625,1438.5
1767277062.1741135,15,108.390625,1448.5
1767277062.1741135,15,109.59375,1460.75
1767277062.1741135,15,110.734375,1471.5
1767277062.1741135,15,111.859375,1480.5
1767277062.1741135,15,113.046875,1490.25
1767277062.1741135,15,114.203125,1504.0
1767277062.1741135,15,115.375,1514.0
1767277062.1741135,15,116.5,1523.75
1767277062.1741135,15,117.625,1541.75
1767277062.1741135,15,118.8125,1557.75
1767277062.1741135,15,119.953125,1571.75
1767277062.1741135,15,121.09375,1593.25
1767277062.1741135,15,122.234375,1612.0
1767277062.1741135,15,123.390625,1628.75
1767277062.1741135,15,124.53125,1650.5
1767277062.1741135,15,125.6875,1674.25
1767277062.1741135,15,126.84375,1697.75
1767277062.1741135,15,127.984375,1722.75
1767277062.1741135,15,129.125,1749.75
1767277062.1741135,15,130.234375,1772.0
1767277062.1741135,15,131.4375,1799.25
1767277062.1741135,15,132.546875,1836.0
1767277062.1741135,15,133.734375,1870.75
1767277062.1741135,15,134.84375,1907.5
1767277062.1741135,15,136.03125,1952.25
1767277062.1741135,15,137.140625,1990.5
1767277062.1741135,15,138.28125,2028.75
1767277062.1741135,15,139.4375,2075.75
1767277062.1741135,15,140.578125,2125.5
1767277062.1741135,15,141.71875,2170.75
1767277062.1741135,15,142.890625,2223.5
1767277062.1741135,15,144.03125,2289.75
1767277062.1741135,15,145.1875,2347.5
1767277062.1741135,15,146.296875,2408.0
1767277062.1741135,15,149.71875,2643.75
1767277062.1741135,15,153.171875,2936.5
1767277062.1741135,15,154.3125,2950.25
1767277062.1741135,15,155.515625,2922.0
1767277062.1741135,15,156.6875,2891.75
1767277062.1741135,15,157.84375,2857.75
1767277062.1741135,15,159.0,2822.75
1767277062.1741135,15,160.203125,2799.5
1767277062.1741135,15,161.375,2778.25
1767277062.1741135,15,162.5,2757.75
1767277062.1741135,15,163.703125,2739.75
1767277062.1741135,15,164.84375,2724.5
1767277062.1741135,15,166.015625,2713.25
1767277062.1741135,15,167.15625,2701.5
1767277062.1741135,15,168.328125,2690.5
1767277062.1741135,15,169.5,2679.5
1767277062.1741135,15,170.65625,2668.75
1767277062.1741135,15,171.828125,2659.75
1767277062.1741135,15,172.984375,2655.25
1767277062.1741135,15,174.140625,2649.5
1767277062.1741135,15,175.328125,2643.25
1767277062.1741135,15,176.453125,2640.5
1767277062.1741135,15,177.625,2640.0
1767277062.1741135,15,178.765625,2641.25
1767277062.1741135,13,179.953125,2638.0
1767277062.1741135,8,181.09375,2633.25
1767277062.1741135,15,182.28125,2633.5
1767277062.1741135,15,183.421875,2632.5
1767277062.1741135,15,184.59375,2633.0
1767277062.1741135,8,185.75,2636.75
1767277062.1741135,10,186.921875,2639.0
1767277062.1741135,12,188.0625,2641.5
1767277062.1741135,14,189.25,2646.0
1767277062.1741135,15,190.375,2656.0
1767277062.1741135,15,191.546875,2671.5
1767277062.1741135,15,192.71875,2683.0
1767277062.1741135,15,193.859375,2688.0
1767277062.1741135,15,195.015625,2697.75
1767277062.1741135,15,196.171875,2712.25
1767277062.1741135,15,197.34375,2725.0
1767277062.1741135,15,198.484375,2741.5
1767277062.1741135,15,199.640625,2763.75
1767277062.1741135,15,200.796875,2780.25
1767277062.1741135,15,201.953125,2795.75
1767277062.1741135,15,203.21875,2820.0
1767277062.1741135,15,204.390625,2856.5
1767277062.1741135,15,205.53125,2897.75
1767277062.1741135,15,206.703125,2925.75
1767277062.1741135,15,207.875,2950.75
1767277062.1741135,15,209.015625,2972.75
1767277062.1741135,15,210.171875,3001.25
1767277062.1741135,15,211.34375,3040.75
1767277062.1741135,15,212.515625,3065.5
1767277062.1741135,15,213.671875,3094.25
1767277062.1741135,15,214.828125,3149.75
1767277062.1741135,15,215.96875,3208.0
1767277062.1741135,15,217.125,3251.25
1767277062.1741135,15,221.453125,1162.25
1767277062.1741135,15,222.59375,1156.75
1767277062.1741135,15,223.78125,1151.0
1767277062.1741135,15,224.921875,1153.5
1767277062.1741135,15,227.59375,3845.5
1767277062.1741135,15,230.90625,1127.0
1767277062.1741135,15,232.046875,1124.25
1767277062.1741135,15,233.171875,1122.25
1767277062.1741135,15,234.390625,1120.75
1767277062.1741135,15,235.5625,1120.0
1767277062.1741135,15,236.734375,1119.5
1767277062.1741135,15,237.875,1120.25
1767277062.1741135,15,239.0625,1121.75
1767277062.1741135,15,240.1875,1122.0
1767277062.1741135,15,244.890625,1122.0
1767277062.1741135,15,246.046875,1123.75
1767277062.1741135,15,247.21875,1127.75
1767277062.1741135,15,248.359375,1130.0
1767277062.1741135,15,249.5625,1131.0
1767277062.1741135,15,250.65625,1135.25
1767277062.1741135,15,251.8125,1140.5
1767277062.1741135,15,253.0,1143.75
1767277062.1741135,15,254.15625,1148.5
1767277062.1741135,15,255.3125,1153.25
1767277062.1741135,15,256.46875,1158.75
1767277062.1741135,15,257.5625,1165.25
1767277062.1741135,15,262.546875,3969.5
1767277062.1741135,15,263.71875,3989.0
1767277062.1741135,15,264.875,4000.0
1767277062.1741135,15,266.046875,3999.75
1767277062.1741135,15,267.21875,3995.25
1767277062.1741135,14,268.359375,3997.25
1767277062.1741135,15,269.53125,3999.0
1767277062.1741135,15,270.703125,4004.5
1767277062.1741135,14,271.859375,4010.75
1767277062.1741135,15,273.03125,4012.25
1767277062.1741135,15,274.203125,4027.25
1767277062.1741135,10,275.296875,4042.5
1767277062.1741135,11,276.4375,4046.75
1767277062.1741135,12,277.59375,4053.25
1767277062.1741135,13,279.921875,4051.75
1767277062.1741135,10,281.078125,4028.25
1767277062.1741135,14,282.25,3993.25
1767277062.1741135,15,291.8125,2286.75
1767277062.1741135,15,292.96875,2245.5
1767277062.1741135,15,294.140625,2210.5
1767277062.1741135,15,295.3125,2183.25
1767277062.1741135,15,296.5,2166.5
1767277062.1741135,15,297.671875,2146.25
1767277062.1741135,15,298.875,2124.25
1767277062.1741135,9,299.984375,2131.25
1767277062.1741135,15,306.625,4256.75
1767277062.1741135,15,307.796875,4330.5
1767277062.1741135,15,308.953125,4417.5
1767277062.1741135,15,310.09375,4485.25
1767277062.1741135,15,311.265625,4534.25
1767277062.1741135,15,312.40625,4595.75
1767277062.1741135,15,314.71875,4840.25
1767277062.1741135,15,315.890625,4892.75
1767277062.1741135,15,319.34375,5257.75
1767277062.1741135,15,328.015625,1917.75
1767277062.1741135,15,329.171875,1916.75
1767277062.1741135,15,330.328125,1917.25
1767277062.1741135,15,331.5,1918.0
1767277062.1741135,15,332.6875,1919.75
1767277062.1741135,15,333.84375,1922.0
1767277062.1741135,15,335.015625,1920.75
1767277062.1741135,15,336.140625,1913.5
1767277062.1741135,15,337.3125,1892.25
1767277062.1741135,15,338.484375,1869.75
1767277062.1741135,15,339.6875,1857.75
1767277062.1741135,15,340.875,1842.5
1767277062.1741135,15,342.0,1831.0
1767277062.1741135,15,345.421875,2064.25
1767277062.1741135,15,346.5625,2087.25
1767277062.1741135,15,347.703125,2077.5
1767277062.1741135,15,348.890625,2068.5
1767277062.1741135,15,350.046875,2062.5
1767277062.330456,15,351.21875,2058.75
1767277062.330456,15,352.359375,2055.25
1767277062.330456,15,353.53125,2052.75
1767277062.330456,15,354.65625,2050.25
1767277062.330456,15,355.84375,2047.0
1767277062.330456,15,357.015625,2046.0
1767277062.330456,15,358.140625,2044.75
1767277062.330456,15,359.359375,2043.25
1767277062.330456,15,0.5,2043.25
1767277062.330456,15,1.65625,2044.25
1767277062.330456,15,2.8125,2044.75
1767277062.330456,15,4.0,2046.25
1767277062.330456,15,5.15625,2048.75
1767277062.330456,15,6.3125,2050.0
1767277062.330456,15,7.453125,2053.0
1767277062.330456,15,8.59375,2056.5
1767277062.330456,15,9.78125,2060.0
1767277062.330456,15,11.0,2065.0
1767277062.330456,15,12.140625,2072.75
1767277062.330456,15,13.296875,2082.75
1767277062.330456,15,14.46875,2094.25
1767277062.330456,15,15.65625,2108.75
1767277062.330456,15,16.78125,2123.5
1767277062.330456,15,17.984375,2140.25
1767277062.330456,15,19.125,2155.75
1767277062.330456,15,20.3125,2167.25
1767277062.330456,15,21.453125,2179.25
1767277062.330456,15,22.59375,2199.0
1767277062.330456,15,23.78125,2223.0
1767277062.330456,15,24.90625,2243.75
1767277062.330456,15,26.078125,2266.5
1767277062.330456,15,27.234375,2291.25
1767277062.330456,15,28.40625,2310.5
1767277062.330456,15,29.53125,2328.5
1767277062.330456,15,30.703125,2354.25
1767277062.330456,15,31.859375,2376.75
1767277062.330456,15,33.046875,2365.0
1767277062.330456,15,34.203125,2309.25
1767277062.330456,15,36.703125,2196.25
1767277062.330456,15,37.890625,2219.5
1767277062.330456,15,39.03125,2243.75
1767277062.330456,15,40.203125,2227.75
1767277062.330456,15,41.40625,2183.75
1767277062.330456,15,42.625,2139.75
1767277062.330456,15,43.765625,2088.5
1767277062.330456,15,45.0,2040.25
1767277062.330456,15,46.140625,2001.0
1767277062.330456,15,47.359375,1961.25
1767277062.330456,15,48.53125,1914.5
1767277062.330456,15,49.703125,1877.25
1767277062.330456,15,50.921875,1842.25
1767277062.330456,15,52.125,1808.0
1767277062.330456,15,53.296875,1778.0
1767277062.330456,15,54.4375,1752.5
1767277062.330456,15,55.625,1730.5
1767277062.330456,15,56.84375,1704.5
1767277062.330456,15,58.0,1677.75
1767277062.330456,15,59.15625,1654.0
1767277062.330456,15,60.296875,1633.0
1767277062.330456,15,61.46875,1615.25
1767277062.330456,15,62.65625,1596.5
1767277062.330456,15,63.84375,1575.5
1767277062.330456,15,65.015625,1559.25
1767277062.330456,15,66.234375,1543.75
1767277062.330456,15,67.390625,1527.0
1767277062.330456,15,68.546875,1515.0
1767277062.330456,15,69.71875,1504.25
1767277062.330456,15,70.90625,1490.25
1767277062.330456,15,72.0625,1478.25
1767277062.330456,15,73.265625,1470.25
1767277062.330456,15,74.4375,1460.25
1767277062.330456,15,75.59375,1448.5
1767277062.330456,15,76.828125,1438.5
1767277062.330456,15,77.984375,1432.5
1767277062.330456,15,79.140625,1426.5
1767277062.330456,15,80.28125,1420.0
1767277062.330456,15,81.484375,1414.75
1767277062.330456,15,82.609375,1410.0
1767277062.330456,15,83.71875,1407.25
1767277062.330456,15,84.890625,1405.5
1767277062.330456,15,86.03125,1402.5
1767277062.330456,15,87.1875,1400.25
1767277062.330456,15,88.40625,1398.5
1767277062.330456,15,89.53125,1394.0
1767277062.330456,15,90.71875,1389.75
1767277062.330456,15,91.8125,1392.0
1767277062.330456,15,92.984375,1392.75
1767277062.330456,15,94.171875,1393.5
1767277062.330456,15,95.328125,1397.25
1767277062.330456,15,96.484375,1398.25
1767277062.330456,15,97.640625,1401.5
1767277062.330456,15,98.78125,1404.25
1767277062.330456,15,99.953125,1406.5
1767277062.330456,15,101.109375,1410.25
1767277062.330456,15,102.328125,1415.0
1767277062.330456,15,103.4375,1420.0
1767277062.330456,15,104.640625,1425.5
1767277062.330456,15,105.765625,1431.75
1767277062.330456,15,107.0,1437.75
1767277062.330456,15,108.171875,1444.75
1767277062.330456,15,109.328125,1456.25
1767277062.330456,15,110.46875,1469.0
1767277062.330456,15,111.640625,1479.25
1767277062.330456,15,112.78125,1490.25
1767277062.330456,15,113.921875,1503.25
1767277062.330456,15,115.09375,1513.5
1767277062.330456,15,116.25,1520.75
1767277062.330456,15,117.40625,1537.0
1767277062.330456,15,118.59375,1554.5
1767277062.330456,15,119.6875,1569.0
1767277062.330456,15,120.875,1588.25
1767277062.330456,15,122.0625,1606.75
1767277062.330456,15,123.203125,1627.0
1767277062.330456,15,124.34375,1648.5
1767277062.330456,15,125.515625,1671.25
1767277062.330456,15,126.609375,1694.0
1767277062.330456,15,127.8125,1718.75
1767277062.330456,15,128.9375,1745.25
1767277062.330456,15,130.140625,1766.25
1767277062.330456,15,131.265625,1794.25
1767277062.330456,15,132.375,1826.0
1767277062.330456,15,133.515625,1860.75
1767277062.330456,15,134.671875,1903.0
1767277062.330456,15,135.84375,1940.5
1767277062.330456,15,136.96875,1979.0
1767277062.330456,15,138.140625,2023.5
1767277062.330456,15,139.296875,2065.5
1767277062.330456,15,140.40625,2114.75
1767277062.330456,15,141.5625,2166.75
1767277062.330456,15,142.734375,2220.25
1767277062.330456,15,143.890625,2284.25
1767277062.330456,15,145.0,2340.75
1767277062.330456,15,146.203125,2401.25
1767277062.330456,15,149.609375,2640.5
1767277062.330456,15,153.046875,2933.5
1767277062.330456,15,154.203125,2951.75
1767277062.330456,15,155.375,2925.25
1767277062.330456,15,156.546875,2895.75
1767277062.330456,15,157.734375,2861.5
1767277062.330456,15,158.875,2827.0
1767277062.330456,15,160.0625,2801.5
1767277062.330456,15,161.234375,2780.0
1767277062.330456,15,162.40625,2759.25
1767277062.330456,15,163.5625,2739.5
1767277062.330456,15,164.71875,2725.5
1767277062.330456,15,165.890625,2715.25
1767277062.330456,15,167.046875,2701.5
1767277062.330456,15,168.203125,2689.5
1767277062.330456,15,169.359375,2680.0
1767277062.330456,15,170.546875,2671.25
1767277062.330456,15,171.71875,2663.0
1767277062.330456,15,172.890625,2655.0
1767277062.330456,15,174.0625,2648.0
1767277062.330456,15,175.21875,2642.5
1767277062.330456,14,176.390625,2639.25
1767277062.330456,15,177.53125,2639.75
1767277062.330456,15,178.78125,2641.25
1767277062.330456,15,179.9375,2637.0
1767277062.330456,9,181.078125,2632.25
1767277062.330456,15,182.28125,2633.25
1767277062.330456,15,183.421875,2632.5
1767277062.330456,15,184.609375,2632.5
1767277062.330456,8,185.78125,2636.0
1767277062.330456,10,186.953125,2639.0
1767277062.330456,13,188.078125,2641.75
1767277062.330456,13,189.25,2646.0
1767277062.330456,15,190.4375,2656.0
1767277062.330456,15,191.609375,2671.5
1767277062.330456,15,192.765625,2683.0
1767277062.330456,15,193.921875,2688.5
1767277062.330456,15,195.078125,2697.75
1767277062.330456,15,196.25,2712.0
1767277062.330456,15,197.421875,2726.5
1767277062.330456,15,198.59375,2743.0
1767277062.330456,15,199.75,2762.75
1767277062.330456,15,200.90625,2779.0
1767277062.330456,15,202.046875,2795.25
1767277062.330456,15,203.328125,2820.25
1767277062.330456,15,204.484375,2857.5
1767277062.330456,15,205.640625,2907.75
1767277062.330456,15,206.84375,2935.25
1767277062.330456,15,208.0,2951.75
1767277062.330456,15,209.1875,2974.25
1767277062.330456,15,210.328125,3005.5
1767277062.330456,15,211.5,3044.0
1767277062.330456,15,212.671875,3066.0
1767277062.330456,15,213.84375,3099.75
1767277062.330456,15,214.984375,3155.25
1767277062.330456,15,216.140625,3212.0
1767277062.330456,15,217.3125,3253.75
1767277062.330456,15,220.421875,1166.75
1767277062.330456,15,221.640625,1161.5
1767277062.330456,15,222.859375,1155.0
1767277062.330456,15,223.96875,1148.5
1767277062.330456,14,225.09375,1156.25
1767277062.330456,15,227.78125,3851.0
1767277062.330456,15,231.0625,1126.5
1767277062.330456,15,232.25,1123.0
1767277062.330456,15,233.34375,1121.0
1767277062.330456,15,234.5,1120.5
1767277062.330456,15,235.703125,1119.5
1767277062.330456,15,236.9375,1118.75
1767277062.330456,15,238.046875,1119.75
1767277062.330456,15,239.234375,1121.0
1767277062.330456,15,240.359375,1122.75
1767277062.330456,15,245.109375,1122.25
1767277062.330456,15,246.265625,1123.0
1767277062.330456,15,247.421875,1127.25
1767277062.330456,15,248.5625,1130.0
1767277062.330456,15,249.765625,1132.75
1767277062.330456,15,250.90625,1137.25
1767277062.330456,15,252.0,1141.25
1767277062.330456,15,253.234375,1144.75
1767277062.330456,15,254.328125,1150.5
1767277062.330456,15,255.53125,1155.0
1767277062.330456,15,256.6875,1158.75
1767277062.330456,15,257.78125,1164.5
1767277062.330456,14,260.4375,3958.75
1767277062.330456,14,261.609375,3964.25
1767277062.330456,15,262.78125,3979.5
1767277062.330456,15,263.9375,3994.5
1767277062.330456,15,265.109375,4006.5
1767277062.330456,15,266.28125,4004.75
1767277062.330456,15,267.453125,3999.0
1767277062.330456,15,268.609375,3999.75
1767277062.330456,15,269.78125,3997.25
1767277062.330456,15,270.9375,4002.5
1767277062.330456,15,272.109375,4016.25
1767277062.330456,15,273.265625,4022.5
1767277062.330456,15,274.375,4030.25
1767277062.330456,11,275.53125,4038.5
1767277062.330456,9,276.6875,4044.0
1767277062.330456,14,277.84375,4054.75
1767277062.330456,10,279.015625,4064.0
1767277062.330456,12,280.171875,4055.75
1767277062.330456,10,281.34375,4022.0
1767277062.330456,7,282.53125,3958.75
1767277062.330456,15,292.109375,2277.75
1767277062.330456,15,293.265625,2238.75
1767277062.330456,15,294.453125,2205.25
1767277062.330456,15,295.59375,2179.0
1767277062.330456,15,296.78125,2161.5
1767277062.330456,15,297.953125,2139.75
1767277062.330456,15,299.171875,2116.5
1767277062.330456,15,307.0,4273.0
1767277062.330456,15,308.15625,4356.5
1767277062.330456,15,309.34375,4444.25
1767277062.330456,15,310.5,4502.0
1767277062.330456,15,311.65625,4549.75
1767277062.330456,15,312.8125,4626.0
1767277062.330456,15,313.96875,4748.5
1767277062.330456,15,315.140625,4856.5
1767277062.330456,15,316.296875,4920.75
1767277062.330456,15,318.609375,5183.5
1767277062.330456,15,323.203125,5666.5
1767277062.330456,15,328.34375,1918.5
1767277062.330456,15,329.53125,1918.5
1767277062.330456,15,330.703125,1919.0
1767277062.330456,15,331.84375,1918.5
1767277062.330456,15,333.015625,1919.75
1767277062.330456,15,334.15625,1922.75
1767277062.330456,15,335.359375,1922.25
1767277062.330456,15,336.515625,1910.75
1767277062.330456,15,337.703125,1886.25
1767277062.330456,15,338.875,1866.0
1767277062.330456,15,340.046875,1855.25
1767277062.330456,15,341.21875,1844.0
1767277062.330456,15,342.375,1837.75
1767277062.330456,15,345.765625,2083.25
1767277062.330456,15,346.921875,2085.75
1767277062.330456,15,348.046875,2075.25
1767277062.330456,15,349.234375,2066.25
1767277062.330456,15,350.359375,2060.25
1767277062.491085,15,351.546875,2056.25
1767277062.491085,15,352.75,2054.0
1767277062.491085,15,353.90625,2050.25
1767277062.491085,15,355.03125,2047.5
1767277062.491085,15,356.203125,2046.75
1767277062.491085,15,357.375,2045.0
1767277062.491085,15,358.515625,2044.25
1767277062.491085,15,359.703125,2044.75
1767277062.491085,15,0.828125,2045.0
1767277062.491085,15,2.03125,2045.0
1767277062.491085,15,3.171875,2045.75
1767277062.491085,15,4.34375,2047.75
1767277062.491085,15,5.5,2049.0
1767277062.491085,15,6.6875,2050.0
1767277062.491085,15,7.796875,2054.75
1767277062.491085,15,9.0,2059.0
1767277062.491085,15,10.15625,2060.5
1767277062.491085,15,11.34375,2065.25
1767277062.491085,15,12.5,2074.75
1767277062.491085,15,13.640625,2085.75
1767277062.491085,15,14.8125,2097.0
1767277062.491085,15,15.96875,2110.75
1767277062.491085,15,17.125,2129.5
1767277062.491085,15,18.296875,2146.0
1767277062.491085,15,19.453125,2156.25
1767277062.491085,15,20.625,2166.0
1767277062.491085,15,21.765625,2178.5
1767277062.491085,15,22.90625,2203.75
1767277062.491085,15,24.0625,2231.5
1767277062.491085,15,25.234375,2254.5
1767277062.491085,15,26.390625,2277.75
1767277062.491085,15,27.546875,2298.25
1767277062.491085,15,28.6875,2317.25
1767277062.491085,15,29.84375,2336.25
1767277062.491085,15,31.015625,2360.25
1767277062.491085,15,32.171875,2382.75
1767277062.491085,15,33.328125,2358.75
1767277062.491085,15,37.03125,2193.25
1767277062.491085,15,38.15625,2225.75
1767277062.491085,15,39.34375,2267.75
1767277062.491085,15,41.71875,2175.25
1767277062.491085,15,42.90625,2129.75
1767277062.491085,15,44.078125,2078.5
1767277062.491085,15,45.25,2032.0
1767277062.491085,15,46.46875,1990.5
1767277062.491085,15,47.640625,1952.25
1767277062.491085,15,48.8125,1907.25
1767277062.491085,15,49.96875,1870.0
1767277062.491085,15,51.15625,1836.25
1767277062.491085,15,52.359375,1798.5
1767277062.491085,15,53.53125,1769.75
1767277062.491085,15,54.703125,1748.0
1767277062.491085,15,55.90625,1721.25
1767277062.491085,15,57.09375,1696.5
1767277062.491085,15,58.234375,1676.25
1767277062.491085,15,59.453125,1652.0
1767277062.491085,15,60.59375,1629.0
1767277062.491085,15,61.78125,1612.0
1767277062.491085,15,62.953125,1592.5
1767277062.491085,15,64.140625,1571.75
1767277062.491085,15,65.296875,1556.25
1767277062.491085,15,66.53125,1536.75
1767277062.491085,15,67.71875,1520.75
1767277062.491085,15,68.890625,1513.0
1767277062.491085,15,70.0625,1502.25
1767277062.491085,15,71.1875,1488.25
1767277062.491085,15,72.359375,1477.0
1767277062.491085,15,73.546875,1468.0
1767277062.491085,15,74.765625,1457.75
1767277062.491085,15,75.890625,1445.25
1767277062.491085,15,77.078125,1435.75
1767277062.491085,15,78.296875,1429.75
1767277062.491085,15,79.421875,1423.75
1767277062.491085,15,80.625,1419.0
1767277062.491085,15,81.75,1413.75
1767277062.491085,15,82.90625,1410.0
1767277062.491085,15,84.0,1406.75
1767277062.491085,15,85.21875,1402.75
1767277062.491085,15,86.34375,1401.0
1767277062.491085,15,87.5625,1400.0
1767277062.491085,15,88.71875,1397.25
1767277062.491085,15,89.8125,1395.5
1767277062.491085,15,91.015625,1396.0
1767277062.491085,15,92.21875,1397.75
1767277062.491085,15,93.375,1398.5
1767277062.491085,15,94.53125,1397.5
1767277062.491085,15,95.65625,1398.0
1767277062.491085,15,96.8125,1399.75
1767277062.491085,15,98.015625,1402.5
1767277062.491085,15,99.171875,1405.75
1767277062.491085,15,100.296875,1408.5
1767277062.491085,15,101.5,1411.75
1767277062.491085,15,102.6875,1416.25
1767277062.491085,15,103.765625,1422.5
1767277062.491085,15,104.9375,1428.75
1767277062.491085,15,106.09375,1433.5
1767277062.491085,15,107.359375,1440.25
1767277062.491085,15,108.453125,1450.25
1767277062.491085,15,109.59375,1461.25
1767277062.491085,15,110.828125,1472.25
1767277062.491085,15,111.953125,1481.25
1767277062.491085,15,113.109375,1490.75
1767277062.491085,15,114.25,1504.5
1767277062.491085,15,115.4375,1515.75
1767277062.491085,15,116.609375,1524.75
1767277062.491085,15,117.734375,1542.25
1767277062.491085,15,118.890625,1558.75
1767277062.491085,15,120.015625,1574.25
1767277062.491085,15,121.203125,1595.75
1767277062.491085,15,122.359375,1613.0
1767277062.491085,15,123.515625,1629.75
1767277062.491085,15,124.671875,1652.0
1767277062.491085,15,125.828125,1677.25
1767277062.491085,15,126.953125,1700.25
1767277062.491085,15,128.140625,1725.75
1767277062.491085,15,129.296875,1752.0
1767277062.491085,15,130.4375,1772.75
1767277062.491085,15,131.5,1800.0
1767277062.491085,15,132.640625,1838.25
1767277062.491085,15,133.796875,1873.0
1767277062.491085,15,134.953125,1910.25
1767277062.491085,15,136.09375,1955.5
1767277062.491085,15,137.25,1993.5
1767277062.491085,15,138.40625,2034.0
1767277062.491085,15,139.5625,2078.75
1767277062.491085,15,140.671875,2129.0
1767277062.491085,15,141.828125,2174.0
1767277062.491085,15,144.140625,2293.75
1767277062.491085,15,145.28125,2351.75
1767277062.491085,15,146.40625,2412.0
1767277062.491085,15,149.84375,2655.75
1767277062.491085,15,153.28125,2927.75
1767277062.491085,15,154.484375,2930.0
1767277062.491085,15,155.65625,2913.75
1767277062.491085,15,156.828125,2887.25
1767277062.491085,15,158.0,2845.25
1767277062.491085,15,159.171875,2817.25
1767277062.491085,15,160.34375,2796.0
1767277062.491085,15,161.515625,2775.25
1767277062.491085,15,162.6875,2753.75
1767277062.491085,15,163.828125,2735.5
1767277062.491085,15,165.015625,2723.75
1767277062.491085,15,166.203125,2712.25
1767277062.491085,15,167.359375,2698.25
1767277062.491085,15,168.515625,2687.25
1767277062.491085,15,169.671875,2677.25
1767277062.491085,15,170.859375,2666.75
1767277062.491085,15,172.0,2658.75
1767277062.491085,15,173.171875,2652.0
1767277062.491085,15,174.359375,2647.75
1767277062.491085,15,175.515625,2642.75
1767277062.491085,15,176.65625,2639.25
1767277062.491085,15,177.84375,2640.25
1767277062.491085,15,179.0625,2642.0
1767277062.491085,13,180.203125,2637.25
1767277062.491085,7,181.390625,2632.75
1767277062.491085,15,182.546875,2634.0
1767277062.491085,15,183.71875,2634.5
1767277062.491085,15,184.890625,2635.0
1767277062.491085,8,186.046875,2638.0
1767277062.491085,10,187.21875,2641.25
1767277062.491085,15,188.390625,2641.5
1767277062.491085,15,189.53125,2648.25
1767277062.491085,15,190.71875,2662.0
1767277062.491085,15,191.875,2675.0
1767277062.491085,15,193.015625,2684.5
1767277062.491085,15,194.1875,2691.0
1767277062.491085,15,195.375,2701.75
1767277062.491085,15,196.53125,2715.5
1767277062.491085,15,197.703125,2728.0
1767277062.491085,15,198.828125,2745.75
1767277062.491085,15,200.0,2766.25
1767277062.491085,15,201.1875,2782.0
1767277062.491085,15,202.3125,2801.5
1767277062.491085,15,203.546875,2832.5
1767277062.491085,15,204.734375,2872.5
1767277062.491085,15,205.890625,2911.25
1767277062.491085,15,207.03125,2937.25
1767277062.491085,15,208.203125,2959.25
1767277062.491085,15,209.359375,2979.5
1767277062.491085,15,210.546875,3009.0
1767277062.491085,15,211.6875,3047.25
1767277062.491085,15,212.859375,3071.0
1767277062.491085,15,214.015625,3108.5
1767277062.491085,15,215.203125,3171.5
1767277062.491085,15,216.359375,3223.5
1767277062.491085,15,217.515625,3263.25
1767277062.491085,15,220.6875,1165.75
1767277062.491085,15,221.8125,1161.25
1767277062.491085,15,223.0,1156.25
1767277062.491085,15,224.21875,1150.5
1767277062.491085,15,227.953125,3860.25
1767277062.491085,15,231.25,1126.5
1767277062.491085,15,232.375,1123.0
1767277062.491085,15,233.609375,1122.0
1767277062.491085,15,234.78125,1120.75
1767277062.491085,15,235.84375,1119.25
1767277062.491085,15,237.015625,1119.75
1767277062.491085,15,238.203125,1120.75
1767277062.491085,15,239.375,1122.25
1767277062.491085,15,240.609375,1124.5
1767277062.491085,15,245.203125,1125.0
1767277062.491085,15,246.359375,1125.75
1767277062.491085,15,247.5625,1127.25
1767277062.491085,15,248.78125,1130.5
1767277062.491085,15,249.90625,1134.25
1767277062.491085,15,251.0625,1137.75
1767277062.491085,15,252.203125,1141.5
1767277062.491085,15,253.34375,1145.75
1767277062.491085,15,254.5,1151.0
1767277062.491085,15,255.65625,1155.25
1767277062.491085,15,256.796875,1159.75
1767277062.491085,15,258.0,1167.25
1767277062.491085,15,260.59375,3962.5
1767277062.491085,15,261.78125,3965.5
1767277062.491085,12,262.9375,3978.25
1767277062.491085,15,264.09375,3995.0
1767277062.491085,15,265.28125,4002.5
1767277062.491085,14,266.421875,3997.5
1767277062.491085,15,267.59375,3992.25
1767277062.491085,15,268.765625,3994.0
1767277062.491085,15,269.921875,3995.75
1767277062.491085,15,271.109375,4002.75
1767277062.491085,13,272.265625,4017.25
1767277062.491085,13,273.421875,4029.75
1767277062.491085,15,274.546875,4035.75
1767277062.491085,12,275.71875,4043.5
1767277062.491085,10,276.875,4051.75
1767277062.491085,12,278.046875,4060.75
1767277062.491085,9,279.203125,4062.25
1767277062.491085,10,280.375,4050.5
1767277062.491085,12,281.53125,4019.75
1767277062.491085,15,292.328125,2268.25
1767277062.491085,15,293.484375,2228.0
1767277062.491085,15,294.65625,2195.75
1767277062.491085,15,295.796875,2179.0
1767277062.491085,15,296.96875,2159.75
1767277062.491085,15,298.140625,2136.75
1767277062.491085,15,299.34375,2121.0
1767277062.491085,15,307.15625,4289.0
1767277062.491085,15,308.3125,4370.25
1767277062.491085,15,309.453125,4449.5
1767277062.491085,15,310.640625,4504.25
1767277062.491085,15,311.78125,4551.5
1767277062.491085,15,312.953125,4647.0
1767277062.491085,15,314.109375,4769.5
1767277062.491085,15,315.25,4856.0
1767277062.491085,15,316.421875,4919.75
1767277062.491085,15,318.734375,5196.25
1767277062.491085,15,323.34375,5672.0
1767277062.491085,15,328.53125,1917.5
1767277062.491085,15,329.6875,1918.5
1767277062.491085,15,330.828125,1919.25
1767277062.491085,15,331.984375,1918.75
1767277062.491085,15,333.140625,1918.25
1767277062.491085,15,334.296875,1920.0
1767277062.491085,15,335.484375,1919.0
1767277062.491085,15,336.640625,1899.75
1767277062.491085,15,337.8125,1877.25
1767277062.491085,15,339.015625,1864.75
1767277062.491085,15,340.171875,1854.75
1767277062.491085,15,341.34375,1844.0
1767277062.491085,15,342.484375,1844.25
1767277062.491085,15,345.890625,2091.5
1767277062.491085,15,347.140625,2082.25
1767277062.491085,15,348.265625,2070.75
1767277062.491085,15,349.453125,2063.5
1767277062.491085,15,350.59375,2060.5
1767277062.6481576,15,351.796875,2055.5
1767277062.6481576,15,352.96875,2052.25
1767277062.6481576,15,354.140625,2049.5
1767277062.6481576,15,355.296875,2047.0
1767277062.6481576,15,356.453125,2046.0
1767277062.6481576,15,357.609375,2044.0
1767277062.6481576,15,358.765625,2043.75
1767277062.6481576,15,359.953125,2043.75
1767277062.6481576,15,1.078125,2043.25
1767277062.6481576,15,2.25,2046.25
1767277062.6481576,15,3.4375,2046.75
1767277062.6481576,15,4.609375,2046.5
1767277062.6481576,15,5.765625,2048.0
1767277062.6481576,15,6.90625,2051.75
1767277062.6481576,15,8.109375,2055.25
1767277062.6481576,15,9.234375,2058.75
1767277062.6481576,15,10.40625,2063.5
1767277062.6481576,15,11.640625,2069.5
1767277062.6481576,15,12.765625,2078.5
1767277062.6481576,15,13.90625,2087.5
1767277062.6481576,15,15.078125,2099.0
1767277062.6481576,15,16.234375,2117.5
1767277062.6481576,15,17.4375,2137.25
1767277062.6481576,15,18.59375,2150.25
1767277062.6481576,15,19.734375,2161.0
1767277062.6481576,15,20.921875,2170.25
1767277062.6481576,15,22.0625,2187.5
1767277062.6481576,15,23.203125,2213.25
1767277062.6481576,15,24.375,2236.0
1767277062.6481576,15,25.546875,2258.0
1767277062.6481576,15,26.703125,2280.25
1767277062.6481576,15,27.859375,2301.75
1767277062.6481576,15,29.015625,2320.5
1767277062.6481576,15,30.203125,2341.5
1767277062.6481576,15,31.359375,2367.75
1767277062.6481576,15,32.515625,2378.25
1767277062.6481576,15,33.703125,2338.75
1767277062.6481576,15,36.171875,2205.5
1767277062.6481576,15,37.328125,2200.0
1767277062.6481576,15,38.46875,2234.0
1767277062.6481576,15,39.671875,2244.75
1767277062.6481576,15,40.84375,2213.25
1767277062.6481576,15,42.046875,2163.25
1767277062.6481576,15,43.203125,2112.5
1767277062.6481576,15,44.421875,2063.5
1767277062.6481576,15,45.5625,2021.25
1767277062.6481576,15,46.796875,1973.75
1767277062.6481576,15,47.953125,1936.0
1767277062.6481576,15,49.15625,1898.5
1767277062.6481576,15,50.359375,1854.75
1767277062.6481576,15,51.515625,1822.0
1767277062.6481576,15,52.703125,1791.5
1767277062.6481576,15,53.875,1762.5
1767277062.6481576,15,55.0625,1741.0
1767277062.6481576,15,56.25,1714.0
1767277062.6481576,15,57.4375,1689.5
1767277062.6481576,15,58.59375,1668.75
1767277062.6481576,15,59.734375,1645.75
1767277062.6481576,15,60.875,1624.5
1767277062.6481576,15,62.09375,1607.75
1767277062.6481576,15,63.234375,1589.25
1767277062.6481576,15,64.40625,1568.5
1767277062.6481576,15,65.625,1553.0
1767277062.6481576,15,66.8125,1534.5
1767277062.6481576,15,67.96875,1519.5
1767277062.6481576,15,69.140625,1509.5
1767277062.6481576,15,70.34375,1496.75
1767277062.6481576,15,71.46875,1485.25
1767277062.6481576,15,72.6875,1477.25
1767277062.6481576,15,73.828125,1466.0
1767277062.6481576,15,75.046875,1453.0
1767277062.6481576,15,76.171875,1442.0
1767277062.6481576,15,77.328125,1434.5
1767277062.6481576,15,78.5,1428.75
1767277062.6481576,15,79.6875,1422.0
1767277062.6481576,15,80.84375,1416.25
1767277062.6481576,15,82.046875,1411.25
1767277062.6481576,15,83.21875,1407.0
1767277062.6481576,15,84.40625,1404.0
1767277062.6481576,15,85.578125,1401.25
1767277062.6481576,15,86.75,1399.25
1767277062.6481576,15,87.84375,1398.0
1767277062.6481576,15,89.015625,1397.0
1767277062.6481576,15,90.203125,1393.75
1767277062.6481576,15,91.421875,1389.75
1767277062.6481576,15,92.515625,1391.75
1767277062.6481576,15,93.765625,1396.0
1767277062.6481576,15,94.859375,1397.75
1767277062.6481576,15,96.078125,1398.75
1767277062.6481576,15,97.234375,1401.25
1767277062.6481576,15,98.40625,1403.25
1767277062.6481576,15,99.515625,1406.0
1767277062.6481576,15,100.6875,1410.0
1767277062.6481576,15,101.90625,1414.0
1767277062.6481576,15,103.03125,1418.75
1767277062.6481576,15,104.21875,1424.5
1767277062.6481576,15,105.359375,1430.75
1767277062.6481576,15,106.484375,1436.0
1767277062.6481576,15,107.71875,1441.5
1767277062.6481576,15,108.875,1452.25
1767277062.6481576,15,109.984375,1466.0
1767277062.6481576,15,111.15625,1476.25
1767277062.6481576,15,112.3125,1485.5
1767277062.6481576,15,113.515625,1496.25
1767277062.6481576,15,114.671875,1508.0
1767277062.6481576,15,115.796875,1517.75
1767277062.6481576,15,116.921875,1532.25
1767277062.6481576,15,118.125,1550.0
1767277062.6481576,15,119.25,1564.75
1767277062.6481576,15,120.4375,1583.5
1767277062.6481576,15,121.578125,1602.75
1767277062.6481576,15,122.765625,1618.5
1767277062.6481576,15,123.90625,1638.25
1767277062.6481576,15,125.03125,1659.75
1767277062.6481576,15,126.1875,1683.0
1767277062.6481576,15,127.375,1704.75
1767277062.6481576,15,128.53125,1730.25
1767277062.6481576,15,129.65625,1758.75
1767277062.6481576,15,130.8125,1785.0
1767277062.6481576,15,131.875,1813.0
1767277062.6481576,15,132.984375,1846.0
1767277062.6481576,15,134.171875,1882.25
1767277062.6481576,15,135.328125,1920.25
1767277062.6481576,15,136.4375,1966.25
1767277062.6481576,15,137.609375,2008.5
1767277062.6481576,15,138.734375,2048.25
1767277062.6481576,15,139.875,2092.25
1767277062.6481576,15,141.03125,2143.5
1767277062.6481576,15,142.1875,2187.5
1767277062.6481576,15,144.46875,2314.0
1767277062.6481576,15,145.609375,2372.5
1767277062.6481576,15,146.796875,2430.75
1767277062.6481576,15,150.234375,2690.25
1767277062.6481576,15,153.671875,2940.5
1767277062.6481576,15,154.828125,2944.0
1767277062.6481576,15,156.015625,2910.75
1767277062.6481576,15,157.171875,2870.75
1767277062.6481576,15,158.34375,2841.25
1767277062.6481576,15,159.515625,2811.75
1767277062.6481576,15,160.703125,2790.5
1767277062.6481576,15,161.875,2769.75
1767277062.6481576,15,163.0,2751.25
1767277062.6481576,15,164.1875,2734.25
1767277062.6481576,15,165.34375,2720.75
1767277062.6481576,15,166.5,2709.0
1767277062.6481576,15,167.671875,2696.25
1767277062.6481576,15,168.84375,2684.5
1767277062.6481576,15,170.015625,2675.75
1767277062.6481576,15,171.1875,2668.0
1767277062.6481576,15,172.359375,2659.0
1767277062.6481576,15,173.5,2649.5
1767277062.6481576,15,174.6875,2644.5
1767277062.6481576,15,175.84375,2641.75
1767277062.6481576,15,176.984375,2640.0
1767277062.6481576,15,178.15625,2640.0
1767277062.6481576,14,179.4375,2639.75
1767277062.6481576,11,180.59375,2634.25
1767277062.6481576,6,181.765625,2633.25
1767277062.6481576,15,182.9375,2635.0
1767277062.6481576,15,184.078125,2633.25
1767277062.6481576,8,185.265625,2635.5
1767277062.6481576,9,186.453125,2639.75
1767277062.6481576,12,187.609375,2642.0
1767277062.6481576,15,188.765625,2644.25
1767277062.6481576,15,189.921875,2652.25
1767277062.6481576,15,191.09375,2666.25
1767277062.6481576,15,192.265625,2679.5
1767277062.6481576,15,193.453125,2684.5
1767277062.6481576,15,194.59375,2694.5
1767277062.6481576,15,195.765625,2708.5
1767277062.6481576,15,196.921875,2719.5
1767277062.6481576,15,198.078125,2735.5
1767277062.6481576,15,199.25,2754.25
1767277062.6481576,15,200.40625,2770.75
1767277062.6481576,15,201.59375,2788.0
1767277062.6481576,15,202.75,2810.5
1767277062.6481576,15,203.921875,2841.25
1767277062.6481576,15,205.09375,2888.25
1767277062.6481576,15,206.25,2927.0
1767277062.6481576,15,207.421875,2944.0
1767277062.6481576,15,208.59375,2962.25
1767277062.6481576,15,209.71875,2993.0
1767277062.6481576,15,210.890625,3027.5
1767277062.6481576,15,212.046875,3054.5
1767277062.6481576,15,213.21875,3076.5
1767277062.6481576,15,214.375,3117.75
1767277062.6481576,15,215.5625,3182.75
1767277062.6481576,15,216.6875,3231.25
1767277062.6481576,15,217.859375,3277.0
1767277062.6481576,15,221.015625,1165.25
1767277062.6481576,15,222.1875,1159.75
1767277062.6481576,15,223.3125,1153.25
1767277062.6481576,15,224.5625,1147.5
1767277062.6481576,15,227.125,3815.0
1767277062.6481576,15,230.40625,1126.0
1767277062.6481576,15,231.515625,1124.75
1767277062.6481576,15,232.71875,1122.5
1767277062.6481576,15,233.90625,1121.25
1767277062.6481576,15,235.078125,1120.5
1767277062.6481576,15,236.171875,1119.75
1767277062.6481576,15,237.390625,1120.0
1767277062.6481576,15,238.546875,1120.25
1767277062.6481576,15,239.734375,1121.5
1767277062.6481576,15,240.8125,1129.75
1767277062.6481576,15,243.4375,3960.5
1767277062.6481576,15,246.6875,1125.75
1767277062.6481576,15,247.90625,1127.75
1767277062.6481576,15,248.96875,1130.5
1767277062.6481576,15,250.171875,1134.0
1767277062.6481576,15,251.296875,1137.25
1767277062.6481576,15,252.484375,1141.75
1767277062.6481576,15,253.625,1147.5
1767277062.6481576,15,254.765625,1152.5
1767277062.6481576,15,256.0,1156.25
1767277062.6481576,15,257.109375,1162.0
1767277062.6481576,15,258.3125,1175.25
1767277062.6481576,15,260.9375,3955.5
1767277062.6481576,13,262.09375,3965.25
1767277062.6481576,15,263.265625,3986.5
1767277062.6481576,15,264.40625,4002.25
1767277062.6481576,15,265.578125,4002.75
1767277062.6481576,13,266.765625,3996.75
1767277062.6481576,15,267.90625,3997.5
1767277062.6481576,13,269.09375,4005.5
1767277062.6481576,15,270.25,4004.25
1767277062.6481576,15,271.421875,4007.75
1767277062.6481576,14,272.578125,4016.0
1767277062.6481576,15,273.75,4024.0
1767277062.6481576,13,274.859375,4036.0
1767277062.6481576,13,276.03125,4044.75
1767277062.6481576,11,277.1875,4050.5
1767277062.6481576,10,278.359375,4058.5
1767277062.6481576,10,279.515625,4059.25
1767277062.6481576,9,280.6875,4041.25
1767277062.6481576,15,281.875,4008.75
1767277062.6481576,15,292.609375,2257.5
1767277062.6481576,15,293.78125,2218.75
1767277062.6481576,15,294.953125,2186.75
1767277062.6481576,15,296.125,2173.0
1767277062.6481576,15,297.328125,2153.5
1767277062.6481576,15,298.453125,2130.25
1767277062.6481576,15,299.609375,2124.0
1767277062.6481576,15,307.390625,4300.75
1767277062.6481576,15,308.546875,4383.5
1767277062.6481576,15,309.71875,4457.25
1767277062.6481576,15,310.859375,4512.5
1767277062.6481576,15,312.015625,4566.0
1767277062.6481576,15,313.171875,4665.0
1767277062.6481576,15,314.328125,4786.5
1767277062.6481576,15,315.484375,4868.25
1767277062.6481576,15,316.640625,4939.5
1767277062.6481576,15,317.8125,5055.5
1767277062.6481576,15,318.953125,5196.0
1767277062.6481576,15,328.71875,1916.5
1767277062.6481576,15,329.890625,1917.25
1767277062.6481576,15,331.046875,1917.75
1767277062.6481576,15,332.21875,1920.0
1767277062.6481576,15,333.359375,1921.25
1767277062.6481576,15,334.578125,1917.25
1767277062.6481576,15,335.703125,1912.25
1767277062.6481576,15,336.875,1902.25
1767277062.6481576,15,338.078125,1880.25
1767277062.6481576,15,339.203125,1862.0
1767277062.6481576,15,340.375,1852.5
1767277062.6481576,15,341.515625,1840.75
1767277062.6481576,15,342.6875,1849.75
1767277062.6481576,15,346.09375,2104.0
1767277062.6481576,15,347.3125,2080.0
1767277062.6481576,15,348.5,2071.25
1767277062.6481576,15,349.640625,2065.0
1767277062.6481576,15,350.8125,2060.25
1767277062.8056571,15,351.96875,2055.5
1767277062.8056571,15,353.140625,2052.5
1767277062.8056571,15,354.328125,2051.25
1767277062.8056571,15,355.5,2048.5
1767277062.8056571,15,356.640625,2046.5
1767277062.8056571,15,357.796875,2045.25
1767277062.8056571,15,359.0,2043.5
1767277062.8056571,15,0.140625,2044.25
1767277062.8056571,15,1.296875,2045.25
1767277062.8056571,15,2.453125,2044.75
1767277062.8056571,15,3.640625,2046.0
1767277062.8056571,15,4.8125,2048.75
1767277062.8056571,15,5.96875,2050.0
1767277062.8056571,15,7.125,2052.25
1767277062.8056571,15,8.296875,2055.0
1767277062.8056571,15,9.453125,2058.75
1767277062.8056571,15,10.640625,2063.5
1767277062.8056571,15,11.796875,2069.25
1767277062.8056571,15,12.9375,2079.75
1767277062.8056571,15,14.125,2089.25
1767277062.8056571,15,15.3125,2100.5
1767277062.8056571,15,16.421875,2118.75
1767277062.8056571,15,17.59375,2138.25
1767277062.8056571,15,18.75,2151.0
1767277062.8056571,15,19.921875,2162.5
1767277062.8056571,15,21.09375,2172.0
1767277062.8056571,15,22.265625,2190.75
1767277062.8056571,15,23.375,2216.25
1767277062.8056571,15,24.546875,2237.5
1767277062.8056571,15,25.734375,2261.5
1767277062.8056571,15,26.84375,2285.0
1767277062.8056571,15,28.03125,2304.25
1767277062.8056571,15,29.1875,2321.75
1767277062.8056571,15,30.34375,2345.0
1767277062.8056571,15,31.515625,2372.0
1767277062.8056571,15,32.65625,2376.0
1767277062.8056571,15,33.84375,2330.5
1767277062.8056571,15,36.296875,2195.25
1767277062.8056571,15,37.453125,2202.25
1767277062.8056571,15,38.609375,2236.0
1767277062.8056571,15,39.796875,2246.5
1767277062.8056571,15,40.984375,2210.5
1767277062.8056571,15,42.15625,2160.5
1767277062.8056571,15,44.546875,2060.25
1767277062.8056571,15,45.6875,2019.0
1767277062.8056571,15,46.90625,1971.75
1767277062.8056571,15,48.109375,1926.25
1767277062.8056571,15,49.234375,1888.25
1767277062.8056571,15,50.421875,1852.0
1767277062.8056571,15,51.609375,1819.5
1767277062.8056571,15,52.8125,1790.0
1767277062.8056571,15,53.96875,1761.0
1767277062.8056571,15,55.15625,1738.5
1767277062.8056571,15,56.328125,1712.25
1767277062.8056571,15,57.515625,1688.25
1767277062.8056571,15,58.671875,1667.25
1767277062.8056571,15,59.859375,1644.0
1767277062.8056571,15,61.015625,1622.0
1767277062.8056571,15,62.171875,1602.5
1767277062.8056571,15,63.390625,1583.0
1767277062.8056571,15,64.59375,1565.0
1767277062.8056571,15,65.734375,1550.0
1767277062.8056571,15,66.9375,1532.25
1767277062.8056571,15,68.0625,1518.25
1767277062.8056571,15,69.296875,1508.75
1767277062.8056571,15,70.4375,1495.75
1767277062.8056571,15,71.640625,1484.75
1767277062.8056571,15,72.8125,1473.75
1767277062.8056571,15,74.0,1462.5
1767277062.8056571,15,75.140625,1453.75
1767277062.8056571,15,76.296875,1443.25
1767277062.8056571,15,77.453125,1434.25
1767277062.8056571,15,78.640625,1428.5
1767277062.8056571,15,79.859375,1421.0
1767277062.8056571,15,81.015625,1415.25
1767277062.8056571,15,82.171875,1411.5
1767277062.8056571,15,83.28125,1407.5
1767277062.8056571,15,84.515625,1404.25
1767277062.8056571,15,85.625,1401.25
1767277062.8056571,15,86.859375,1399.5
1767277062.8056571,15,87.984375,1398.0
1767277062.8056571,15,89.140625,1396.5
1767277062.8056571,15,90.3125,1395.25
1767277062.8056571,15,91.453125,1391.25
1767277062.8056571,15,92.640625,1393.0
1767277062.8056571,15,93.8125,1397.25
1767277062.8056571,15,94.984375,1397.5
1767277062.8056571,15,96.171875,1398.75
1767277062.8056571,15,97.265625,1401.0
1767277062.8056571,15,98.484375,1403.0
1767277062.8056571,15,99.59375,1406.0
1767277062.8056571,15,100.765625,1410.25
1767277062.8056571,15,101.9375,1414.0
1767277062.8056571,15,103.0625,1418.5
1767277062.8056571,15,104.296875,1424.75
1767277062.8056571,15,105.421875,1431.25
1767277062.8056571,15,106.59375,1436.25
1767277062.8056571,15,107.65625,1441.75
1767277062.8056571,15,108.875,1452.25
1767277062.8056571,15,110.03125,1465.75
1767277062.8056571,15,111.1875,1475.75
1767277062.8056571,15,112.3125,1485.75
1767277062.8056571,15,113.484375,1496.5
1767277062.8056571,15,114.65625,1508.25
1767277062.8056571,15,115.828125,1517.75
1767277062.8056571,15,116.90625,1530.5
1767277062.8056571,15,118.078125,1548.25
1767277062.8056571,15,119.234375,1563.75
1767277062.8056571,15,120.40625,1579.25
1767277062.8056571,15,121.53125,1599.5
1767277062.8056571,15,122.71875,1618.75
1767277062.8056571,15,123.84375,1638.25
1767277062.8056571,15,124.96875,1659.5
1767277062.8056571,15,126.171875,1682.75
1767277062.8056571,15,127.28125,1704.75
1767277062.8056571,15,128.453125,1730.5
1767277062.8056571,15,129.609375,1758.5
1767277062.8056571,15,130.75,1784.5
1767277062.8056571,15,131.875,1812.5
1767277062.8056571,15,132.984375,1845.75
1767277062.8056571,15,134.140625,1882.25
1767277062.8056571,15,135.28125,1918.25
1767277062.8056571,15,136.40625,1964.25
1767277062.8056571,15,137.578125,2004.5
1767277062.8056571,15,138.71875,2044.25
1767277062.8056571,15,139.84375,2092.25
1767277062.8056571,15,141.015625,2143.5
1767277062.8056571,15,142.1875,2187.25
1767277062.8056571,15,144.4375,2313.5
1767277062.8056571,15,145.59375,2366.0
1767277062.8056571,15,146.734375,2424.0
1767277062.8056571,15,150.15625,2681.0
1767277062.8056571,15,153.59375,2939.75
1767277062.8056571,15,154.796875,2943.5
1767277062.8056571,15,156.0,2909.25
1767277062.8056571,15,157.171875,2869.0
1767277062.8056571,15,158.3125,2841.25
1767277062.8056571,15,159.484375,2812.0
1767277062.8056571,15,160.671875,2790.75
1767277062.8056571,15,161.8125,2769.75
1767277062.8056571,15,162.96875,2751.25
1767277062.8056571,15,164.140625,2734.25
1767277062.8056571,15,165.3125,2723.25
1767277062.8056571,15,166.5,2711.5
1767277062.8056571,15,167.671875,2696.75
1767277062.8056571,15,168.8125,2684.5
1767277062.8056571,15,169.984375,2674.5
1767277062.8056571,15,171.15625,2666.75
1767277062.8056571,15,172.3125,2658.5
1767277062.8056571,15,173.46875,2648.75
1767277062.8056571,15,174.640625,2644.5
1767277062.8056571,15,175.8125,2642.0
1767277062.8056571,15,176.953125,2639.5
1767277062.8056571,15,178.109375,2641.0
1767277062.8056571,15,179.3125,2642.0
1767277062.8056571,11,180.5,2634.75
1767277062.8056571,6,181.671875,2631.5
1767277062.8056571,15,182.828125,2633.5
1767277062.8056571,15,183.984375,2633.75
1767277062.8056571,15,185.140625,2635.75
1767277062.8056571,15,186.3125,2638.75
1767277062.8056571,13,187.46875,2639.75
1767277062.8056571,14,188.640625,2641.5
1767277062.8056571,15,189.8125,2651.25
1767277062.8056571,15,190.96875,2665.25
1767277062.8056571,15,192.125,2676.5
1767277062.8056571,15,193.296875,2683.25
1767277062.8056571,15,194.46875,2691.75
1767277062.8056571,15,195.625,2704.75
1767277062.8056571,15,196.796875,2718.75
1767277062.8056571,15,197.9375,2735.0
1767277062.8056571,15,199.09375,2754.25
1767277062.8056571,15,200.25,2770.25
1767277062.8056571,15,201.421875,2783.5
1767277062.8056571,15,202.5625,2805.25
1767277062.8056571,15,203.75,2838.0
1767277062.8056571,15,204.890625,2876.75
1767277062.8056571,15,206.046875,2911.5
1767277062.8056571,15,207.203125,2935.5
1767277062.8056571,15,208.359375,2958.0
1767277062.8056571,15,209.515625,2985.25
1767277062.8056571,15,210.6875,3019.5
1767277062.8056571,15,211.859375,3052.25
1767277062.8056571,15,213.015625,3075.5
1767277062.8056571,15,214.1875,3113.0
1767277062.8056571,15,215.328125,3174.5
1767277062.8056571,15,216.46875,3227.75
1767277062.8056571,15,217.65625,3273.0
1767277062.8056571,15,220.796875,1167.0
1767277062.8056571,15,221.953125,1160.0
1767277062.8056571,15,223.15625,1153.25
1767277062.8056571,15,224.3125,1148.0
1767277062.8056571,15,226.921875,3790.0
1767277062.8056571,15,228.109375,3878.25
1767277062.8056571,15,231.3125,1125.25
1767277062.8056571,15,232.484375,1123.25
1767277062.8056571,15,233.671875,1122.0
1767277062.8056571,15,234.84375,1120.5
1767277062.8056571,15,235.984375,1120.25
1767277062.8056571,15,237.203125,1120.0
1767277062.8056571,15,238.328125,1120.5
1767277062.8056571,15,239.484375,1122.25
1767277062.8056571,15,240.71875,1124.0
1767277062.8056571,15,245.359375,1124.75
1767277062.8056571,15,246.5625,1125.5
1767277062.8056571,15,247.6875,1127.25
1767277062.8056571,15,248.8125,1130.5
1767277062.8056571,15,250.03125,1133.75
1767277062.8056571,15,251.125,1137.0
1767277062.8056571,15,252.265625,1141.75
1767277062.8056571,15,253.5,1146.25
1767277062.8056571,15,254.578125,1151.0
1767277062.8056571,15,255.765625,1156.0
1767277062.8056571,15,256.9375,1161.5
1767277062.8056571,15,258.0625,1168.5
1767277062.8056571,15,260.71875,3958.25
1767277062.8056571,14,261.890625,3967.5
1767277062.8056571,15,263.046875,3981.25
1767277062.8056571,15,264.203125,3997.0
1767277062.8056571,15,265.375,4004.75
1767277062.8056571,15,266.53125,3996.5
1767277062.8056571,15,267.71875,3991.0
1767277062.8056571,15,268.875,3997.75
1767277062.8056571,15,270.046875,3999.0
1767277062.8056571,14,271.203125,4006.5
1767277062.8056571,13,272.359375,4020.25
1767277062.8056571,14,273.53125,4029.0
1767277062.8056571,12,274.5625,4036.75
1767277062.8056571,12,275.71875,4044.75
1767277062.8056571,10,276.875,4052.0
1767277062.8056571,12,278.03125,4059.75
1767277062.8056571,9,279.203125,4060.75
1767277062.8056571,9,280.359375,4049.25
1767277062.8056571,11,281.53125,4018.75
1767277062.8056571,15,292.25,2269.25
1767277062.8056571,15,293.421875,2229.25
1767277062.8056571,15,294.578125,2197.25
1767277062.8056571,15,295.75,2180.0
1767277062.8056571,15,296.921875,2160.25
1767277062.8056571,15,298.078125,2138.0
1767277062.8056571,15,299.234375,2121.75
1767277062.8056571,15,301.5,2225.0
1767277062.8056571,15,307.015625,4272.25
1767277062.8056571,15,308.171875,4355.0
1767277062.8056571,15,309.3125,4443.5
1767277062.8056571,15,310.46875,4502.25
1767277062.8056571,15,311.609375,4548.0
1767277062.8056571,15,312.78125,4621.5
1767277062.8056571,15,313.9375,4742.0
1767277062.8056571,15,315.078125,4852.75
1767277062.8056571,15,316.234375,4910.5
1767277062.8056571,15,318.546875,5182.75
1767277062.8056571,15,323.171875,5663.0
1767277062.8056571,15,328.3125,1918.5
1767277062.8056571,15,329.453125,1917.0
1767277062.8056571,15,330.625,1917.5
1767277062.8056571,15,331.8125,1918.5
1767277062.8056571,15,332.96875,1919.5
1767277062.8056571,15,334.109375,1922.75
1767277062.8056571,15,335.265625,1922.25
1767277062.8056571,15,336.421875,1911.0
1767277062.8056571,15,337.609375,1888.25
1767277062.8056571,15,338.765625,1867.75
1767277062.8056571,15,339.9375,1856.25
1767277062.8056571,15,341.125,1837.75
1767277062.8056571,15,342.28125,1829.5
1767277062.8056571,15,345.640625,2076.5
1767277062.8056571,15,346.859375,2086.5
1767277062.8056571,15,348.046875,2075.5
1767277062.8056571,15,349.203125,2066.25
1767277062.8056571,15,350.375,2060.0
1767277062.966531,15,351.53125,2056.0
1767277062.966531,15,352.71875,2054.0
1767277062.966531,15,353.859375,2050.0
1767277062.966531,15,355.046875,2046.5
1767277062.966531,15,356.1875,2046.0
1767277062.966531,15,357.328125,2045.0
1767277062.966531,15,358.5,2044.25
1767277062.966531,15,359.6875,2045.0
1767277062.966531,15,0.8125,2045.0
1767277062.966531,15,2.0,2044.75
1767277062.966531,15,3.140625,2045.5
1767277062.966531,15,4.34375,2047.75
1767277062.966531,15,5.5,2049.5
1767277062.966531,15,6.65625,2050.25
1767277062.966531,15,7.78125,2053.75
1767277062.966531,15,8.984375,2058.0
1767277062.966531,15,10.140625,2060.75
1767277062.966531,15,11.28125,2065.0
1767277062.966531,15,12.484375,2073.25
1767277062.966531,15,13.59375,2085.0
1767277062.966531,15,14.765625,2097.0
1767277062.966531,15,15.953125,2111.0
1767277062.966531,15,17.09375,2129.75
1767277062.966531,15,18.28125,2145.75
1767277062.966531,15,19.40625,2156.0
1767277062.966531,15,20.578125,2165.5
1767277062.966531,15,21.734375,2177.25
1767277062.966531,15,22.90625,2200.25
1767277062.966531,15,24.03125,2228.75
1767277062.966531,15,25.203125,2250.5
1767277062.966531,15,26.34375,2273.5
1767277062.966531,15,27.515625,2297.5
1767277062.966531,15,28.671875,2316.5
1767277062.966531,15,29.8125,2336.0
1767277062.966531,15,30.96875,2360.5
1767277062.966531,15,32.109375,2403.75
1767277062.966531,15,34.484375,2292.25
1767277062.966531,15,36.890625,2191.75
1767277062.966531,15,38.078125,2223.0
1767277062.966531,15,39.203125,2248.75
1767277062.966531,15,40.390625,2225.25
1767277062.966531,15,41.5625,2178.75
1767277062.966531,15,42.75,2134.0
1767277062.966531,15,43.953125,2080.75
1767277062.966531,15,45.125,2033.5
1767277062.966531,15,46.3125,1993.0
1767277062.966531,15,47.484375,1955.25
1767277062.966531,15,48.671875,1909.5
1767277062.966531,15,49.859375,1872.25
1767277062.966531,15,51.046875,1838.25
1767277062.966531,15,52.1875,1806.0
1767277062.966531,15,53.390625,1777.0
1767277062.966531,15,54.546875,1749.75
1767277062.966531,15,55.75,1723.5
1767277062.966531,15,56.890625,1699.25
1767277062.966531,15,58.09375,1675.25
1767277062.966531,15,59.28125,1650.0
1767277062.966531,15,60.515625,1629.5
1767277062.966531,15,61.65625,1612.75
1767277062.966531,15,62.828125,1594.25
1767277062.966531,15,64.015625,1573.5
1767277062.966531,15,65.21875,1557.75
1767277062.966531,15,66.375,1542.25
1767277062.966531,15,67.5625,1526.5
1767277062.966531,15,68.6875,1514.75
1767277062.966531,15,69.875,1503.5
1767277062.966531,15,71.078125,1489.25
1767277062.966531,15,72.203125,1478.5
1767277062.966531,15,73.4375,1469.5
1767277062.966531,15,74.625,1459.0
1767277062.966531,15,75.75,1446.0
1767277062.966531,15,76.9375,1435.75
1767277062.966531,15,78.09375,1431.25
1767277062.966531,15,79.25,1426.0
1767277062.966531,15,80.484375,1419.75
1767277062.966531,15,81.640625,1414.25
1767277062.966531,15,82.796875,1410.25
1767277062.966531,15,83.875,1406.25
1767277062.966531,15,85.03125,1404.25
1767277062.966531,15,86.265625,1402.75
1767277062.966531,15,87.390625,1400.0
1767277062.966531,15,88.59375,1397.75
1767277062.966531,15,89.71875,1396.25
1767277062.966531,15,90.90625,1395.75
1767277062.966531,15,92.015625,1397.0
1767277062.966531,15,93.21875,1397.5
1767277062.966531,15,94.390625,1396.75
1767277062.966531,15,95.53125,1397.0
1767277062.966531,15,96.703125,1398.5
1767277062.966531,15,97.890625,1401.25
1767277062.966531,15,99.046875,1404.0
1767277062.966531,15,100.1875,1407.25
1767277062.966531,15,101.328125,1411.25
1767277062.966531,15,102.5,1415.75
1767277062.966531,15,103.65625,1421.25
1767277062.966531,15,104.84375,1427.0
1767277062.966531,15,106.0,1432.25
1767277062.966531,15,107.109375,1437.5
1767277062.966531,15,108.25,1447.0
1767277062.966531,15,109.390625,1458.75
1767277062.966531,15,110.578125,1470.0
1767277062.966531,15,111.703125,1480.25
1767277062.966531,15,112.890625,1489.75
1767277062.966531,15,114.03125,1502.75
1767277062.966531,15,115.15625,1513.5
1767277062.966531,15,116.34375,1520.75
1767277062.966531,15,117.46875,1537.25
1767277062.966531,15,118.59375,1554.75
1767277062.966531,15,119.796875,1569.0
1767277062.966531,15,120.921875,1592.0
1767277062.966531,15,122.09375,1610.75
1767277062.966531,15,123.25,1626.75
1767277062.966531,15,124.40625,1648.25
1767277062.966531,15,125.546875,1672.75
1767277062.966531,15,126.625,1695.5
1767277062.966531,15,127.828125,1719.0
1767277062.966531,15,129.0,1745.0
1767277062.966531,15,130.09375,1766.0
1767277062.966531,15,131.21875,1793.75
1767277062.966531,15,132.34375,1825.5
1767277062.966531,15,133.484375,1860.0
1767277062.966531,15,134.625,1902.25
1767277062.966531,15,135.78125,1939.75
1767277062.966531,15,136.921875,1978.25
1767277062.966531,15,138.078125,2023.25
1767277062.966531,15,139.203125,2065.0
1767277062.966531,15,140.359375,2114.0
1767277062.966531,15,141.5,2163.5
1767277062.966531,15,142.625,2217.25
1767277062.966531,15,143.796875,2278.5
1767277062.966531,15,144.953125,2334.75
1767277062.966531,15,146.046875,2396.0
1767277062.966531,15,147.21875,2453.5
1767277062.966531,15,149.484375,2636.75
1767277062.966531,15,152.921875,2934.5
1767277062.966531,15,154.078125,2957.5
1767277062.966531,15,155.359375,2926.25
1767277062.966531,15,156.515625,2896.25
1767277062.966531,15,157.6875,2862.0
1767277062.966531,15,158.84375,2827.0
1767277062.966531,15,160.015625,2801.5
1767277062.966531,15,161.171875,2780.0
1767277062.966531,15,162.375,2759.75
1767277062.966531,15,163.546875,2740.25
1767277062.966531,15,164.671875,2726.75
1767277062.966531,15,165.84375,2718.0
1767277062.966531,15,167.03125,2703.75
1767277062.966531,15,168.203125,2689.5
1767277062.966531,15,169.359375,2680.0
1767277062.966531,15,170.546875,2671.25
1767277062.966531,15,171.671875,2662.5
1767277062.966531,15,172.859375,2655.25
1767277062.966531,15,174.046875,2648.25
1767277062.966531,15,175.171875,2642.5
1767277062.966531,15,176.359375,2639.5
1767277062.966531,15,177.53125,2640.0
1767277062.966531,15,178.703125,2640.0
1767277062.966531,13,179.84375,2638.5
1767277062.966531,9,181.03125,2634.5
1767277062.966531,15,182.171875,2632.75
1767277062.966531,15,183.328125,2632.25
1767277062.966531,15,184.5,2633.0
1767277062.966531,8,185.671875,2636.5
1767277062.966531,8,186.859375,2639.0
1767277062.966531,11,188.015625,2641.25
1767277062.966531,13,189.15625,2645.0
1767277062.966531,15,190.328125,2654.0
1767277062.966531,15,191.515625,2669.75
1767277062.966531,15,192.65625,2682.0
1767277062.966531,15,193.796875,2687.25
1767277062.966531,15,194.984375,2697.25
1767277062.966531,15,196.15625,2711.0
1767277062.966531,15,197.28125,2724.5
1767277062.966531,15,198.4375,2742.25
1767277062.966531,15,199.609375,2763.5
1767277062.966531,15,200.796875,2778.75
1767277062.966531,15,201.9375,2794.0
1767277062.966531,15,203.09375,2818.0
1767277062.966531,15,204.25,2852.75
1767277062.966531,15,205.390625,2898.25
1767277062.966531,15,206.546875,2926.75
1767277062.966531,15,207.734375,2946.0
1767277062.966531,15,208.890625,2968.0
1767277062.966531,15,210.03125,2997.5
1767277062.966531,15,211.1875,3038.5
1767277062.966531,15,212.34375,3063.0
1767277062.966531,15,213.53125,3091.25
1767277062.966531,15,214.65625,3141.25
1767277062.966531,15,215.828125,3200.25
1767277062.966531,15,216.984375,3245.75
1767277062.966531,15,218.125,3288.5
1767277062.966531,15,221.3125,1162.75
1767277062.966531,15,222.453125,1157.75
1767277062.966531,15,223.65625,1152.75
1767277062.966531,15,224.78125,1152.25
1767277062.966531,15,227.421875,3836.5
1767277062.966531,15,230.640625,1127.0
1767277062.966531,15,231.859375,1124.0
1767277062.966531,15,233.0,1121.5
1767277062.966531,15,234.15625,1121.0
1767277062.966531,15,235.296875,1120.5
1767277062.966531,15,236.484375,1121.0
1767277062.966531,15,237.703125,1121.5
1767277062.966531,15,238.875,1121.5
1767277062.966531,15,239.953125,1122.5
1767277062.966531,15,244.59375,1129.5
1767277062.966531,15,245.859375,1130.25
1767277062.966531,15,246.96875,1125.75
1767277062.966531,15,248.140625,1128.25
1767277062.966531,15,249.3125,1132.75
1767277062.966531,15,250.421875,1135.5
1767277062.966531,15,251.671875,1138.5
1767277062.966531,15,252.8125,1143.25
1767277062.966531,15,254.0,1148.0
1767277062.966531,15,255.125,1153.0
1767277062.966531,15,256.25,1158.0
1767277062.966531,15,257.4375,1163.5
1767277062.966531,15,262.375,3969.75
1767277062.966531,15,263.5625,3987.75
1767277062.966531,15,264.71875,4000.75
1767277062.966531,15,265.890625,4000.0
1767277062.966531,15,267.0625,3996.25
1767277062.966531,14,268.21875,3996.25
1767277062.966531,15,269.375,3998.25
1767277062.966531,15,270.53125,4002.0
1767277062.966531,15,271.703125,4012.25
1767277062.966531,14,272.859375,4019.5
1767277062.966531,15,274.03125,4026.0
1767277062.966531,9,275.078125,4037.5
1767277062.966531,11,276.234375,4047.25
1767277062.966531,15,277.390625,4053.0
1767277062.966531,8,278.546875,4068.25
1767277062.966531,13,279.71875,4068.25
1767277062.966531,10,280.890625,4041.25
1767277062.966531,13,282.046875,4003.5
1767277062.966531,15,292.75,2253.75
1767277062.966531,15,293.921875,2214.75
1767277062.966531,15,295.078125,2185.75
1767277062.966531,15,296.296875,2170.75
1767277062.966531,15,297.421875,2150.75
1767277062.966531,15,298.609375,2128.25
1767277062.966531,15,299.75,2126.25
1767277062.966531,15,306.375,4248.75
1767277062.966531,15,307.546875,4306.5
1767277062.966531,15,308.6875,4391.0
1767277062.966531,15,309.859375,4464.5
1767277062.966531,15,311.0,4517.5
1767277062.966531,15,312.15625,4568.0
1767277062.966531,15,314.46875,4819.75
1767277062.966531,15,315.609375,4891.25
1767277062.966531,15,316.78125,4944.25
1767277062.966531,15,319.078125,5233.5
1767277062.966531,15,327.703125,1920.25
1767277062.966531,15,328.859375,1918.0
1767277062.966531,15,330.015625,1918.5
1767277062.966531,15,331.171875,1918.5
1767277062.966531,15,332.359375,1920.5
1767277062.966531,15,333.515625,1919.25
1767277062.966531,15,334.65625,1927.25
1767277062.966531,15,335.828125,1923.0
1767277062.966531,15,337.0,1894.5
1767277062.966531,15,338.171875,1873.0
1767277062.966531,15,339.3125,1862.0
1767277062.966531,15,340.515625,1852.25
1767277062.966531,15,341.65625,1841.0
1767277062.966531,15,342.828125,1854.25
1767277062.966531,15,347.375,2080.0
1767277062.966531,15,348.5625,2072.0
1767277062.966531,15,349.734375,2065.5
1767277062.966531,15,350.90625,2060.0
1767277063.1242485,15,352.015625,2055.5
1767277063.1242485,15,353.203125,2053.0
1767277063.1242485,15,354.375,2051.75
1767277063.1242485,15,355.5,2048.75
1767277063.1242485,15,356.703125,2046.5
1767277063.1242485,15,357.84375,2045.0
1767277063.1242485,15,359.015625,2043.0
1767277063.1242485,15,0.171875,2043.5
1767277063.1242485,15,1.3125,2044.75
1767277063.1242485,15,2.5,2044.5
1767277063.1242485,15,3.671875,2045.75
1767277063.1242485,15,4.8125,2048.5
1767277063.1242485,15,5.96875,2049.75
1767277063.1242485,15,7.125,2052.0
1767277063.1242485,15,8.296875,2054.75
1767277063.1242485,15,9.453125,2058.75
1767277063.1242485,15,10.640625,2063.5
1767277063.1242485,15,11.765625,2068.5
1767277063.1242485,15,12.90625,2079.25
1767277063.1242485,15,14.078125,2088.5
1767277063.1242485,15,15.203125,2099.5
1767277063.1242485,15,16.34375,2118.0
1767277063.1242485,15,17.515625,2137.75
1767277063.1242485,15,18.65625,2150.5
1767277063.1242485,15,19.8125,2161.25
1767277063.1242485,15,21.0,2171.0
1767277063.1242485,15,22.125,2188.25
1767277063.1242485,15,23.28125,2213.75
1767277063.1242485,15,24.453125,2236.0
1767277063.1242485,15,25.609375,2259.75
1767277063.1242485,15,26.75,2282.0
1767277063.1242485,15,27.890625,2301.5
1767277063.1242485,15,29.078125,2320.75
1767277063.1242485,15,30.1875,2341.0
1767277063.1242485,15,31.34375,2367.25
1767277063.1242485,15,32.515625,2377.75
1767277063.1242485,15,33.6875,2338.5
1767277063.1242485,15,36.140625,2205.75
1767277063.1242485,15,37.34375,2200.25
1767277063.1242485,15,38.46875,2234.5
1767277063.1242485,15,39.640625,2245.25
1767277063.1242485,15,40.828125,2212.75
1767277063.1242485,15,42.0,2162.75
1767277063.1242485,15,43.15625,2112.25
1767277063.1242485,15,44.375,2066.0
1767277063.1242485,15,45.515625,2023.5
1767277063.1242485,15,46.734375,1973.75
1767277063.1242485,15,47.875,1936.25
1767277063.1242485,15,49.09375,1900.25
1767277063.1242485,15,50.28125,1856.5
1767277063.1242485,15,51.453125,1823.5
1767277063.1242485,15,52.625,1793.0
1767277063.1242485,15,53.796875,1763.25
1767277063.1242485,15,54.953125,1742.0
1767277063.1242485,15,56.15625,1715.0
1767277063.1242485,15,57.296875,1690.5
1767277063.1242485,15,58.5,1669.5
1767277063.1242485,15,59.703125,1646.5
1767277063.1242485,15,60.84375,1624.5
1767277063.1242485,15,62.03125,1607.75
1767277063.1242485,15,63.203125,1589.25
1767277063.1242485,15,64.40625,1568.5
1767277063.1242485,15,65.546875,1553.25
1767277063.1242485,15,66.75,1534.75
1767277063.1242485,15,67.90625,1519.5
1767277063.1242485,15,69.09375,1509.25
1767277063.1242485,15,70.234375,1497.0
1767277063.1242485,15,71.46875,1485.5
1767277063.1242485,15,72.640625,1476.75
1767277063.1242485,15,73.828125,1466.0
1767277063.1242485,15,74.953125,1452.75
1767277063.1242485,15,76.15625,1442.5
1767277063.1242485,15,77.296875,1435.25
1767277063.1242485,15,78.484375,1429.75
1767277063.1242485,15,79.6875,1423.0
1767277063.1242485,15,80.796875,1416.5
1767277063.1242485,15,81.953125,1411.5
1767277063.1242485,15,83.046875,1408.5
1767277063.1242485,15,84.21875,1406.0
1767277063.1242485,15,85.390625,1402.25
1767277063.1242485,15,86.578125,1401.25
1767277063.1242485,15,87.765625,1399.75
1767277063.1242485,15,88.90625,1396.75
1767277063.1242485,15,90.046875,1393.0
1767277063.1242485,15,91.203125,1389.75
1767277063.1242485,15,92.390625,1389.75
1767277063.1242485,15,93.5,1392.0
1767277063.1242485,15,94.734375,1395.75
1767277063.1242485,15,95.84375,1398.25
1767277063.1242485,15,97.03125,1400.5
1767277063.1242485,15,98.203125,1403.0
1767277063.1242485,15,99.34375,1406.25
1767277063.1242485,15,100.46875,1409.25
1767277063.1242485,15,101.625,1412.0
1767277063.1242485,15,102.859375,1417.75
1767277063.1242485,15,103.96875,1424.25
1767277063.1242485,15,105.109375,1429.5
1767277063.1242485,15,106.28125,1434.5
1767277063.1242485,15,107.390625,1441.0
1767277063.1242485,15,108.578125,1450.75
1767277063.1242485,15,109.71875,1462.0
1767277063.1242485,15,110.84375,1472.0
1767277063.1242485,15,112.015625,1481.5
1767277063.1242485,15,113.171875,1491.5
1767277063.1242485,15,114.328125,1504.75
1767277063.1242485,15,115.453125,1516.0
1767277063.1242485,15,116.609375,1525.0
1767277063.1242485,15,117.765625,1542.0
1767277063.1242485,15,118.90625,1560.0
1767277063.1242485,15,120.09375,1575.25
1767277063.1242485,15,121.21875,1596.0
1767277063.1242485,15,122.359375,1613.75
1767277063.1242485,15,123.5,1630.25
1767277063.1242485,15,124.6875,1652.0
1767277063.1242485,15,125.859375,1677.0
1767277063.1242485,15,126.953125,1700.25
1767277063.1242485,15,128.125,1726.0
1767277063.1242485,15,129.296875,1752.0
1767277063.1242485,15,130.4375,1772.75
1767277063.1242485,15,131.546875,1800.0
1767277063.1242485,15,132.671875,1838.0
1767277063.1242485,15,133.828125,1873.0
1767277063.1242485,15,134.953125,1910.5
1767277063.1242485,15,136.09375,1955.75
1767277063.1242485,15,137.25,1991.75
1767277063.1242485,15,138.390625,2031.75
1767277063.1242485,15,139.53125,2078.5
1767277063.1242485,15,140.671875,2128.75
1767277063.1242485,15,141.796875,2173.75
1767277063.1242485,15,144.109375,2293.25
1767277063.1242485,15,145.21875,2349.0
1767277063.1242485,15,146.359375,2409.25
1767277063.1242485,15,149.796875,2650.25
1767277063.1242485,15,153.234375,2929.75
1767277063.1242485,15,154.375,2943.5
1767277063.1242485,15,155.59375,2924.75
1767277063.1242485,15,156.765625,2893.25
1767277063.1242485,15,157.921875,2851.75
1767277063.1242485,15,159.09375,2817.0
1767277063.1242485,15,160.25,2798.75
1767277063.1242485,15,161.4375,2777.75
1767277063.1242485,15,162.609375,2757.25
1767277063.1242485,15,163.75,2739.5
1767277063.1242485,15,164.890625,2724.25
1767277063.1242485,15,166.09375,2712.25
1767277063.1242485,15,167.234375,2701.0
1767277063.1242485,15,168.375,2690.0
1767277063.1242485,15,169.5625,2678.5
1767277063.1242485,15,170.71875,2668.25
1767277063.1242485,15,171.859375,2660.0
1767277063.1242485,15,173.03125,2655.5
1767277063.1242485,15,174.203125,2650.75
1767277063.1242485,15,175.375,2644.75
1767277063.1242485,14,176.546875,2640.0
1767277063.1242485,15,177.703125,2639.25
1767277063.1242485,15,178.859375,2641.0
1767277063.1242485,14,180.015625,2638.0
1767277063.1242485,10,181.171875,2632.75
1767277063.1242485,15,182.296875,2632.5
1767277063.1242485,15,183.484375,2632.25
1767277063.1242485,7,184.640625,2633.0
1767277063.1242485,8,185.796875,2636.75
1767277063.1242485,10,186.953125,2641.25
1767277063.1242485,12,188.140625,2643.75
1767277063.1242485,13,189.265625,2647.75
1767277063.1242485,15,190.4375,2657.75
1767277063.1242485,15,191.578125,2671.25
1767277063.1242485,15,192.75,2683.0
1767277063.1242485,15,193.890625,2688.5
1767277063.1242485,15,195.078125,2697.25
1767277063.1242485,15,196.203125,2711.25
1767277063.1242485,15,197.390625,2725.5
1767277063.1242485,15,198.546875,2742.75
1767277063.1242485,15,199.671875,2763.5
1767277063.1242485,15,200.84375,2779.25
1767277063.1242485,15,202.0,2794.75
1767277063.1242485,15,203.234375,2818.75
1767277063.1242485,15,204.40625,2856.0
1767277063.1242485,15,205.546875,2897.75
1767277063.1242485,15,206.703125,2924.75
1767277063.1242485,15,207.875,2950.25
1767277063.1242485,15,209.046875,2972.5
1767277063.1242485,15,210.203125,3000.5
1767277063.1242485,15,211.34375,3038.75
1767277063.1242485,15,212.53125,3063.75
1767277063.1242485,15,213.6875,3097.5
1767277063.1242485,15,214.84375,3152.75
1767277063.1242485,15,216.0,3207.0
1767277063.1242485,15,217.15625,3249.0
1767277063.1242485,15,221.4375,1162.25
1767277063.1242485,15,222.625,1156.5
1767277063.1242485,15,223.734375,1151.0
1767277063.1242485,15,224.890625,1153.5
1767277063.1242485,15,227.609375,3844.5
1767277063.1242485,15,230.875,1127.0
1767277063.1242485,15,232.03125,1124.0
1767277063.1242485,15,233.234375,1122.25
1767277063.1242485,15,234.40625,1120.75
1767277063.1242485,15,235.5625,1119.75
1767277063.1242485,15,236.65625,1119.25
1767277063.1242485,15,237.828125,1120.25
1767277063.1242485,15,239.015625,1121.75
1767277063.1242485,15,240.1875,1122.0
1767277063.1242485,15,244.828125,1122.0
1767277063.1242485,15,246.03125,1123.5
1767277063.1242485,15,247.125,1127.5
1767277063.1242485,15,248.34375,1130.25
1767277063.1242485,15,249.5625,1131.0
1767277063.1242485,15,250.6875,1135.0
1767277063.1242485,15,251.78125,1140.25
1767277063.1242485,15,252.90625,1143.75
1767277063.1242485,15,254.046875,1148.5
1767277063.1242485,15,255.25,1153.5
1767277063.1242485,15,256.375,1158.75
1767277063.1242485,15,257.546875,1165.25
1767277063.1242485,15,262.515625,3965.5
1767277063.1242485,15,263.6875,3986.5
1767277063.1242485,15,264.828125,4001.5
1767277063.1242485,15,266.0,4000.5
1767277063.1242485,15,267.140625,3995.75
1767277063.1242485,15,268.3125,3997.75
1767277063.1242485,15,269.484375,3999.0
1767277063.1242485,15,270.640625,4003.25
1767277063.1242485,15,271.8125,4009.75
1767277063.1242485,13,272.984375,4014.25
1767277063.1242485,15,274.140625,4027.75
1767277063.1242485,8,275.171875,4043.75
1767277063.1242485,11,276.3125,4051.25
1767277063.1242485,13,277.484375,4056.25
1767277063.1242485,9,278.625,4068.75
1767277063.1242485,11,279.796875,4063.75
1767277063.1242485,9,280.96875,4028.75
1767277063.1242485,15,282.109375,3994.75
1767277063.1242485,15,292.8125,2250.75
1767277063.1242485,15,294.0,2215.0
1767277063.1242485,15,295.125,2186.0
1767277063.1242485,15,296.328125,2170.25
1767277063.1242485,15,297.46875,2149.5
1767277063.1242485,15,298.734375,2125.0
1767277063.1242485,13,299.875,2124.0
1767277063.1242485,15,306.515625,4250.75
1767277063.1242485,15,307.6875,4311.5
1767277063.1242485,15,308.8125,4395.0
1767277063.1242485,15,309.984375,4467.25
1767277063.1242485,15,311.15625,4526.5
1767277063.1242485,15,312.296875,4585.25
1767277063.1242485,15,314.609375,4825.5
1767277063.1242485,15,315.765625,4897.75
1767277063.1242485,15,316.9375,4961.5
1767277063.1242485,15,319.234375,5255.0
1767277063.1242485,15,327.875,1921.25
1767277063.1242485,15,329.03125,1917.75
1767277063.1242485,15,330.234375,1918.0
1767277063.1242485,15,331.40625,1919.5
1767277063.1242485,15,332.546875,1920.0
1767277063.1242485,15,333.6875,1920.25
1767277063.1242485,15,334.84375,1922.5
1767277063.1242485,15,336.046875,1915.75
1767277063.1242485,15,337.234375,1892.75
1767277063.1242485,15,338.375,1870.5
1767277063.1242485,15,339.546875,1858.75
1767277063.1242485,15,340.71875,1850.0
1767277063.1242485,15,341.890625,1832.75
1767277063.1242485,15,346.421875,2090.5
1767277063.1242485,15,347.546875,2080.0
1767277063.1242485,15,348.71875,2072.0
1767277063.1242485,15,349.859375,2065.0
1767277063.1242485,15,351.0625,2059.25
1767277063.2802353,15,352.21875,2055.5
1767277063.2802353,15,353.359375,2052.0
1767277063.2802353,15,354.515625,2048.75
1767277063.2802353,15,355.671875,2047.0
1767277063.2802353,15,356.875,2046.5
1767277063.2802353,15,357.984375,2045.25
1767277063.2802353,15,359.15625,2043.75
1767277063.2802353,15,0.375,2043.25
1767277063.2802353,15,1.484375,2043.5
1767277063.2802353,15,2.65625,2044.5
1767277063.2802353,15,3.828125,2047.0
1767277063.2802353,15,4.984375,2049.0
1767277063.2802353,15,6.125,2050.25
1767277063.2802353,15,7.296875,2053.75
1767277063.2802353,15,8.453125,2057.25
1767277063.2802353,15,9.65625,2060.25
1767277063.2802353,15,10.78125,2064.5
1767277063.2802353,15,11.9375,2070.5
1767277063.2802353,15,13.09375,2078.75
1767277063.2802353,15,14.25,2088.5
1767277063.2802353,15,15.40625,2102.0
1767277063.2802353,15,16.5625,2120.5
1767277063.2802353,15,17.703125,2139.0
1767277063.2802353,15,18.875,2152.5
1767277063.2802353,15,20.03125,2164.5
1767277063.2802353,15,21.1875,2173.25
1767277063.2802353,15,22.34375,2193.5
1767277063.2802353,15,23.484375,2220.25
1767277063.2802353,15,24.671875,2239.75
1767277063.2802353,15,25.78125,2263.25
1767277063.2802353,15,26.9375,2287.0
1767277063.2802353,15,28.09375,2307.0
1767277063.2802353,15,29.28125,2324.75
1767277063.2802353,15,30.4375,2348.25
1767277063.2802353,15,31.59375,2374.75
1767277063.2802353,15,32.765625,2370.75
1767277063.2802353,15,33.921875,2325.0
1767277063.2802353,15,36.390625,2202.5
1767277063.2802353,15,37.609375,2211.0
1767277063.2802353,15,38.734375,2239.5
1767277063.2802353,15,39.90625,2245.25
1767277063.2802353,15,41.109375,2204.75
1767277063.2802353,15,42.265625,2153.25
1767277063.2802353,15,43.4375,2101.5
1767277063.2802353,15,44.625,2052.5
1767277063.2802353,15,45.796875,2012.25
1767277063.2802353,15,47.0,1968.75
1767277063.2802353,15,48.15625,1924.25
1767277063.2802353,15,49.359375,1884.75
1767277063.2802353,15,50.546875,1848.5
1767277063.2802353,15,51.75,1817.25
1767277063.2802353,15,52.921875,1787.25
1767277063.2802353,15,54.09375,1759.0
1767277063.2802353,15,55.265625,1737.0
1767277063.2802353,15,56.4375,1712.0
1767277063.2802353,15,57.59375,1688.0
1767277063.2802353,15,58.828125,1665.75
1767277063.2802353,15,59.984375,1642.75
1767277063.2802353,15,61.125,1621.0
1767277063.2802353,15,62.34375,1601.5
1767277063.2802353,15,63.515625,1582.5
1767277063.2802353,15,64.65625,1564.5
1767277063.2802353,15,65.8125,1549.25
1767277063.2802353,15,67.03125,1531.5
1767277063.2802353,15,68.21875,1517.0
1767277063.2802353,15,69.359375,1507.0
1767277063.2802353,15,70.5,1495.0
1767277063.2802353,15,71.71875,1484.25
1767277063.2802353,15,72.890625,1473.25
1767277063.2802353,15,74.03125,1462.0
1767277063.2802353,15,75.21875,1453.25
1767277063.2802353,15,76.375,1442.5
1767277063.2802353,15,77.53125,1433.75
1767277063.2802353,15,78.71875,1428.5
1767277063.2802353,15,79.890625,1421.0
1767277063.2802353,15,81.09375,1415.0
1767277063.2802353,15,82.265625,1411.5
1767277063.2802353,15,83.296875,1407.5
1767277063.2802353,15,84.46875,1404.0
1767277063.2802353,15,85.65625,1401.0
1767277063.2802353,15,86.859375,1399.25
1767277063.2802353,15,87.984375,1397.75
1767277063.2802353,15,89.171875,1396.0
1767277063.2802353,15,90.3125,1395.0
1767277063.2802353,15,91.46875,1391.5
1767277063.2802353,15,92.625,1392.75
1767277063.2802353,15,93.796875,1397.0
1767277063.2802353,15,94.984375,1397.5
1767277063.2802353,15,96.109375,1398.5
1767277063.2802353,15,97.28125,1401.0
1767277063.2802353,15,98.40625,1403.25
1767277063.2802353,15,99.609375,1406.25
1767277063.2802353,15,100.71875,1410.25
1767277063.2802353,15,101.890625,1414.0
1767277063.2802353,15,103.03125,1418.5
1767277063.2802353,15,104.203125,1424.5
1767277063.2802353,15,105.421875,1431.0
1767277063.2802353,15,106.546875,1436.0
1767277063.2802353,15,107.671875,1441.5
1767277063.2802353,15,108.828125,1452.5
1767277063.2802353,15,109.984375,1466.0
1767277063.2802353,15,111.09375,1476.0
1767277063.2802353,15,112.265625,1485.5
1767277063.2802353,15,113.453125,1496.25
1767277063.2802353,15,114.546875,1508.25
1767277063.2802353,15,115.75,1517.75
1767277063.2802353,15,116.921875,1530.75
1767277063.2802353,15,118.015625,1548.75
1767277063.2802353,15,119.1875,1563.75
1767277063.2802353,15,120.3125,1579.25
1767277063.2802353,15,121.46875,1599.5
1767277063.2802353,15,122.640625,1618.0
1767277063.2802353,15,123.78125,1637.75
1767277063.2802353,15,124.96875,1658.5
1767277063.2802353,15,126.09375,1681.5
1767277063.2802353,15,127.25,1708.75
1767277063.2802353,15,128.390625,1734.75
1767277063.2802353,15,129.515625,1758.5
1767277063.2802353,15,130.671875,1784.25
1767277063.2802353,15,131.84375,1812.5
1767277063.2802353,15,133.015625,1845.75
1767277063.2802353,15,134.1875,1882.0
1767277063.2802353,15,135.296875,1919.75
1767277063.2802353,15,136.421875,1966.0
1767277063.2802353,15,137.59375,2008.75
1767277063.2802353,15,138.78125,2048.0
1767277063.2802353,15,139.90625,2092.25
1767277063.2802353,15,141.0625,2143.75
1767277063.2802353,15,142.1875,2197.25
1767277063.2802353,15,143.328125,2254.5
1767277063.2802353,15,144.484375,2313.5
1767277063.2802353,15,145.625,2371.25
1767277063.2802353,15,146.796875,2429.25
1767277063.2802353,15,150.1875,2688.0
1767277063.2802353,15,153.65625,2941.0
1767277063.2802353,15,154.84375,2944.25
1767277063.2802353,15,156.03125,2907.75
1767277063.2802353,15,157.1875,2867.5
1767277063.2802353,15,158.328125,2840.25
1767277063.2802353,15,159.515625,2811.0
1767277063.2802353,15,160.6875,2790.75
1767277063.2802353,15,161.828125,2770.25
1767277063.2802353,15,163.0,2751.25
1767277063.2802353,15,164.171875,2734.25
1767277063.2802353,15,165.328125,2721.25
1767277063.2802353,15,166.5,2709.75
1767277063.2802353,15,167.65625,2696.5
1767277063.2802353,15,168.84375,2683.5
1767277063.2802353,15,169.984375,2674.0
1767277063.2802353,15,171.171875,2666.75
1767277063.2802353,15,172.328125,2657.75
1767277063.2802353,15,173.515625,2648.25
1767277063.2802353,15,174.671875,2644.5
1767277063.2802353,15,175.828125,2642.0
1767277063.2802353,15,176.984375,2639.5
1767277063.2802353,15,178.140625,2639.5
1767277063.2802353,15,179.328125,2640.5
1767277063.2802353,12,180.46875,2635.0
1767277063.2802353,7,181.640625,2631.5
1767277063.2802353,15,182.796875,2633.0
1767277063.2802353,15,183.9375,2633.0
1767277063.2802353,15,185.125,2636.5
1767277063.2802353,8,186.265625,2639.75
1767277063.2802353,12,187.453125,2640.0
1767277063.2802353,14,188.59375,2641.25
1767277063.2802353,15,189.78125,2651.0
1767277063.2802353,15,190.921875,2664.75
1767277063.2802353,15,192.078125,2676.5
1767277063.2802353,15,193.265625,2683.5
1767277063.2802353,15,194.40625,2691.25
1767277063.2802353,15,195.5625,2704.25
1767277063.2802353,15,196.71875,2718.25
1767277063.2802353,15,197.90625,2732.5
1767277063.2802353,15,199.03125,2751.75
1767277063.2802353,15,200.203125,2770.75
1767277063.2802353,15,201.359375,2783.75
1767277063.2802353,15,202.5625,2804.5
1767277063.2802353,15,203.71875,2837.5
1767277063.2802353,15,204.890625,2875.5
1767277063.2802353,15,206.0625,2910.25
1767277063.2802353,15,207.21875,2935.5
1767277063.2802353,15,208.375,2958.25
1767277063.2802353,15,209.53125,2985.5
1767277063.2802353,15,210.6875,3019.75
1767277063.2802353,15,211.84375,3052.5
1767277063.2802353,15,213.015625,3075.25
1767277063.2802353,15,214.171875,3112.5
1767277063.2802353,15,215.34375,3174.25
1767277063.2802353,15,216.5,3227.0
1767277063.2802353,15,217.640625,3272.75
1767277063.2802353,15,220.734375,1167.0
1767277063.2802353,15,221.953125,1159.75
1767277063.2802353,15,223.125,1153.25
1767277063.2802353,15,224.265625,1148.0
1767277063.2802353,15,226.953125,3789.0
1767277063.2802353,15,228.09375,3877.25
1767277063.2802353,15,231.34375,1125.0
1767277063.2802353,15,232.546875,1123.25
1767277063.2802353,15,233.75,1122.0
1767277063.2802353,15,234.921875,1120.25
1767277063.2802353,15,236.0625,1120.0
1767277063.2802353,15,237.21875,1119.75
1767277063.2802353,15,238.40625,1120.5
1767277063.2802353,15,239.53125,1121.5
1767277063.2802353,15,240.671875,1123.25
1767277063.2802353,14,243.28125,3961.25
1767277063.2802353,15,246.5,1125.25
1767277063.2802353,15,247.703125,1127.25
1767277063.2802353,15,248.859375,1130.75
1767277063.2802353,15,249.984375,1134.0
1767277063.2802353,15,251.1875,1137.0
1767277063.2802353,15,252.34375,1142.0
1767277063.2802353,15,253.484375,1146.25
1767277063.2802353,15,254.65625,1151.0
1767277063.2802353,15,255.828125,1155.75
1767277063.2802353,15,257.015625,1161.5
1767277063.2802353,15,258.109375,1168.5
1767277063.2802353,15,260.75,3958.5
1767277063.2802353,13,261.9375,3967.5
1767277063.2802353,15,263.078125,3978.25
1767277063.2802353,15,264.234375,3993.25
1767277063.2802353,15,265.421875,4000.5
1767277063.2802353,15,266.5625,3994.5
1767277063.2802353,15,267.75,3990.75
1767277063.2802353,15,268.90625,3997.75
1767277063.2802353,14,270.078125,3999.25
1767277063.2802353,15,271.25,4006.0
1767277063.2802353,15,272.40625,4019.25
1767277063.2802353,15,273.578125,4028.25
1767277063.2802353,14,274.609375,4038.25
1767277063.2802353,12,275.78125,4047.75
1767277063.2802353,13,276.9375,4050.75
1767277063.2802353,11,278.09375,4057.75
1767277063.2802353,9,279.25,4060.75
1767277063.2802353,8,280.40625,4047.75
1767277063.2802353,11,281.578125,4016.75
1767277063.2802353,15,292.328125,2268.75
1767277063.2802353,15,293.453125,2227.75
1767277063.2802353,15,294.65625,2195.75
1767277063.2802353,15,295.796875,2179.0
1767277063.2802353,15,296.953125,2159.5
1767277063.2802353,15,298.15625,2136.5
1767277063.2802353,15,299.359375,2121.0
1767277063.2802353,15,307.15625,4285.25
1767277063.2802353,15,308.3125,4368.5
1767277063.2802353,15,309.46875,4449.75
1767277063.2802353,15,310.640625,4503.5
1767277063.2802353,15,311.78125,4551.75
1767277063.2802353,15,312.921875,4649.25
1767277063.2802353,15,314.09375,4771.5
1767277063.2802353,15,315.265625,4856.0
1767277063.2802353,15,316.40625,4919.75
1767277063.2802353,15,318.71875,5194.25
1767277063.2802353,15,323.328125,5666.5
1767277063.2802353,15,328.453125,1917.5
1767277063.2802353,15,329.640625,1919.25
1767277063.2802353,15,330.828125,1919.5
1767277063.2802353,15,331.96875,1918.75
1767277063.2802353,15,333.109375,1918.5
1767277063.2802353,15,334.28125,1920.25
1767277063.2802353,15,335.46875,1921.25
1767277063.2802353,15,336.609375,1907.75
1767277063.2802353,15,337.8125,1883.5
1767277063.2802353,15,338.953125,1865.5
1767277063.2802353,15,340.140625,1855.0
1767277063.2802353,15,341.3125,1844.25
1767277063.2802353,15,342.421875,1844.0
1767277063.2802353,15,345.84375,2091.0
1767277063.2802353,15,347.03125,2082.0
1767277063.2802353,15,348.1875,2070.75
1767277063.2802353,15,349.390625,2063.25
1767277063.2802353,15,350.546875,2060.0
1767277063.4405775,15,351.6875,2055.5
1767277063.4405775,15,352.828125,2053.25
1767277063.4405775,15,354.03125,2051.0
1767277063.4405775,15,355.171875,2048.0
1767277063.4405775,15,356.328125,2046.0
1767277063.4405775,15,357.515625,2043.25
1767277063.4405775,15,358.671875,2043.25
1767277063.4405775,15,359.859375,2044.5
1767277063.4405775,15,1.0,2044.25
1767277063.4405775,15,2.15625,2045.5
1767277063.4405775,15,3.3125,2046.0
1767277063.4405775,15,4.5,2047.0
1767277063.4405775,15,5.640625,2048.5
1767277063.4405775,15,6.796875,2051.75
1767277063.4405775,15,7.96875,2056.5
1767277063.4405775,15,9.140625,2058.75
1767277063.4405775,15,10.3125,2061.75
1767277063.4405775,15,11.453125,2067.5
1767277063.4405775,15,12.609375,2075.75
1767277063.4405775,15,13.796875,2086.5
1767277063.4405775,15,14.953125,2097.5
1767277063.4405775,15,16.09375,2113.0
1767277063.4405775,15,17.265625,2132.25
1767277063.4405775,15,18.4375,2147.0
1767277063.4405775,15,19.578125,2158.25
1767277063.4405775,15,20.75,2168.25
1767277063.4405775,15,21.921875,2187.25
1767277063.4405775,15,23.0625,2212.0
1767277063.4405775,15,24.1875,2232.5
1767277063.4405775,15,25.359375,2255.5
1767277063.4405775,15,26.5,2280.25
1767277063.4405775,15,27.703125,2300.5
1767277063.4405775,15,28.828125,2319.0
1767277063.4405775,15,30.015625,2340.25
1767277063.4405775,15,31.171875,2364.5
1767277063.4405775,15,32.328125,2384.0
1767277063.4405775,15,37.125,2195.5
1767277063.4405775,15,38.328125,2229.75
1767277063.4405775,15,39.484375,2248.5
1767277063.4405775,15,41.828125,2166.75
1767277063.4405775,15,43.046875,2117.75
1767277063.4405775,15,44.1875,2069.25
1767277063.4405775,15,45.375,2026.0
1767277063.4405775,15,46.5625,1983.5
1767277063.4405775,15,47.78125,1945.75
1767277063.4405775,15,48.90625,1902.25
1767277063.4405775,15,50.125,1859.0
1767277063.4405775,15,51.296875,1825.75
1767277063.4405775,15,52.515625,1795.75
1767277063.4405775,15,53.6875,1766.0
1767277063.4405775,15,54.8125,1743.0
1767277063.4405775,15,56.0625,1716.25
1767277063.4405775,15,57.203125,1692.5
1767277063.4405775,15,58.421875,1671.0
1767277063.4405775,15,59.546875,1648.0
1767277063.4405775,15,60.765625,1628.5
1767277063.4405775,15,61.9375,1611.75
1767277063.4405775,15,63.09375,1592.25
1767277063.4405775,15,64.265625,1570.0
1767277063.4405775,15,65.4375,1554.5
1767277063.4405775,15,66.65625,1540.75
1767277063.4405775,15,67.765625,1525.0
1767277063.4405775,15,69.015625,1511.25
1767277063.4405775,15,70.15625,1500.25
1767277063.4405775,15,71.3125,1486.25
1767277063.4405775,15,72.515625,1475.25
1767277063.4405775,15,73.703125,1466.0
1767277063.4405775,15,74.84375,1452.5
1767277063.4405775,15,76.046875,1442.0
1767277063.4405775,15,77.1875,1435.5
1767277063.4405775,15,78.328125,1430.0
1767277063.4405775,15,79.578125,1424.0
1767277063.4405775,15,80.734375,1417.5
1767277063.4405775,15,81.890625,1412.25
1767277063.4405775,15,83.0625,1409.25
1767277063.4405775,15,84.125,1405.5
1767277063.4405775,15,85.328125,1402.25
1767277063.4405775,15,86.484375,1401.5
1767277063.4405775,15,87.625,1400.5
1767277063.4405775,15,88.765625,1397.5
1767277063.4405775,15,89.984375,1392.5
1767277063.4405775,15,91.125,1392.75
1767277063.4405775,15,92.28125,1396.5
1767277063.4405775,15,93.421875,1397.0
1767277063.4405775,15,94.640625,1397.5
1767277063.4405775,15,95.8125,1398.0
1767277063.4405775,15,96.96875,1400.25
1767277063.4405775,15,98.078125,1403.0
1767277063.4405775,15,99.265625,1406.25
1767277063.4405775,15,100.4375,1409.25
1767277063.4405775,15,101.609375,1412.0
1767277063.4405775,15,102.78125,1416.25
1767277063.4405775,15,103.90625,1422.75
1767277063.4405775,15,105.078125,1429.5
1767277063.4405775,15,106.1875,1434.5
1767277063.4405775,15,107.390625,1441.0
1767277063.4405775,15,108.5625,1450.75
1767277063.4405775,15,109.734375,1462.0
1767277063.4405775,15,110.84375,1472.25
1767277063.4405775,15,112.03125,1481.5
1767277063.4405775,15,113.171875,1491.75
1767277063.4405775,15,114.359375,1505.0
1767277063.4405775,15,115.484375,1516.25
1767277063.4405775,15,116.640625,1528.5
1767277063.4405775,15,117.828125,1545.5
1767277063.4405775,15,118.953125,1560.0
1767277063.4405775,15,120.109375,1575.5
1767277063.4405775,15,121.296875,1596.25
1767277063.4405775,15,122.40625,1613.75
1767277063.4405775,15,123.5625,1634.0
1767277063.4405775,15,124.703125,1655.75
1767277063.4405775,15,125.90625,1678.75
1767277063.4405775,15,127.046875,1702.25
1767277063.4405775,15,128.1875,1726.5
1767277063.4405775,15,129.34375,1752.5
1767277063.4405775,15,130.484375,1772.75
1767277063.4405775,15,131.640625,1802.75
1767277063.4405775,15,132.78125,1841.25
1767277063.4405775,15,133.90625,1876.25
1767277063.4405775,15,135.078125,1913.5
1767277063.4405775,15,136.21875,1958.75
1767277063.4405775,15,137.40625,1997.0
1767277063.4405775,15,138.515625,2037.25
1767277063.4405775,15,139.6875,2084.5
1767277063.4405775,15,140.8125,2136.25
1767277063.4405775,15,142.0,2180.25
1767277063.4405775,15,144.28125,2305.25
1767277063.4405775,15,145.421875,2360.75
1767277063.4405775,15,146.5625,2420.25
1767277063.4405775,15,150.0,2664.5
1767277063.4405775,15,153.453125,2937.5
1767277063.4405775,15,154.609375,2948.5
1767277063.4405775,15,155.78125,2922.75
1767277063.4405775,15,156.96875,2884.0
1767277063.4405775,15,158.109375,2845.0
1767277063.4405775,15,159.296875,2813.75
1767277063.4405775,15,160.453125,2792.75
1767277063.4405775,15,161.609375,2775.0
1767277063.4405775,15,162.8125,2753.75
1767277063.4405775,15,163.9375,2734.0
1767277063.4405775,15,165.125,2722.75
1767277063.4405775,15,166.3125,2713.25
1767277063.4405775,15,167.46875,2698.75
1767277063.4405775,15,168.609375,2685.0
1767277063.4405775,15,169.796875,2675.25
1767277063.4405775,15,170.953125,2667.25
1767277063.4405775,15,172.140625,2659.5
1767277063.4405775,15,173.296875,2651.0
1767277063.4405775,15,174.46875,2647.0
1767277063.4405775,15,175.59375,2644.25
1767277063.4405775,15,176.765625,2640.0
1767277063.4405775,15,177.9375,2640.25
1767277063.4405775,15,179.140625,2642.0
1767277063.4405775,13,180.3125,2637.0
1767277063.4405775,7,181.46875,2633.0
1767277063.4405775,15,182.625,2633.0
1767277063.4405775,15,183.8125,2633.5
1767277063.4405775,15,184.96875,2636.25
1767277063.4405775,9,186.125,2640.5
1767277063.4405775,11,187.3125,2642.25
1767277063.4405775,13,188.484375,2641.5
1767277063.4405775,15,189.640625,2648.0
1767277063.4405775,15,190.796875,2664.5
1767277063.4405775,15,191.9375,2677.25
1767277063.4405775,15,193.109375,2683.75
1767277063.4405775,15,194.265625,2690.5
1767277063.4405775,15,195.421875,2701.0
1767277063.4405775,15,196.609375,2714.75
1767277063.4405775,15,197.78125,2730.0
1767277063.4405775,15,198.921875,2748.0
1767277063.4405775,15,200.078125,2767.5
1767277063.4405775,15,201.234375,2782.75
1767277063.4405775,15,202.390625,2804.75
1767277063.4405775,15,203.65625,2837.75
1767277063.4405775,15,204.8125,2874.0
1767277063.4405775,15,205.984375,2910.75
1767277063.4405775,15,207.15625,2936.75
1767277063.4405775,15,208.296875,2957.5
1767277063.4405775,15,209.46875,2984.5
1767277063.4405775,15,210.640625,3017.75
1767277063.4405775,15,211.796875,3050.75
1767277063.4405775,15,212.96875,3071.0
1767277063.4405775,15,214.109375,3109.0
1767277063.4405775,15,215.296875,3172.75
1767277063.4405775,15,216.4375,3225.5
1767277063.4405775,15,217.578125,3265.5
1767277063.4405775,15,220.78125,1167.5
1767277063.4405775,15,221.875,1160.5
1767277063.4405775,15,223.125,1155.0
1767277063.4405775,15,224.296875,1150.0
1767277063.4405775,15,226.859375,3782.5
1767277063.4405775,15,228.03125,3871.0
1767277063.4405775,15,231.21875,1125.5
1767277063.4405775,15,232.4375,1122.25
1767277063.4405775,15,233.671875,1121.25
1767277063.4405775,15,234.75,1120.25
1767277063.4405775,15,235.921875,1120.0
1767277063.4405775,15,237.140625,1120.5
1767277063.4405775,15,238.3125,1121.0
1767277063.4405775,15,239.421875,1122.25
1767277063.4405775,15,240.59375,1124.0
1767277063.4405775,15,245.265625,1124.75
1767277063.4405775,15,246.421875,1125.5
1767277063.4405775,15,247.59375,1127.5
1767277063.4405775,15,248.78125,1130.75
1767277063.4405775,15,249.9375,1134.0
1767277063.4405775,15,251.09375,1137.25
1767277063.4405775,15,252.15625,1141.5
1767277063.4405775,15,253.375,1145.5
1767277063.4405775,15,254.453125,1151.0
1767277063.4405775,15,255.640625,1155.25
1767277063.4405775,15,256.828125,1159.75
1767277063.4405775,15,257.921875,1167.25
1767277063.4405775,15,260.578125,3958.75
1767277063.4405775,15,261.734375,3962.0
1767277063.4405775,13,262.890625,3973.75
1767277063.4405775,15,264.0625,3991.0
1767277063.4405775,15,265.234375,4004.0
1767277063.4405775,14,266.390625,3997.0
1767277063.4405775,15,267.546875,3991.75
1767277063.4405775,15,268.703125,3995.25
1767277063.4405775,15,269.859375,3993.0
1767277063.4405775,15,271.046875,3999.0
1767277063.4405775,13,272.203125,4013.25
1767277063.4405775,15,273.34375,4023.5
1767277063.4405775,15,274.46875,4033.0
1767277063.4405775,13,275.640625,4037.75
1767277063.4405775,10,276.78125,4044.0
1767277063.4405775,14,277.9375,4055.75
1767277063.4405775,11,279.109375,4056.25
1767277063.4405775,11,280.265625,4047.0
1767277063.4405775,11,281.4375,4019.75
1767277063.4405775,15,292.15625,2276.75
1767277063.4405775,15,293.296875,2229.0
1767277063.4405775,15,294.5,2196.25
1767277063.4405775,15,295.65625,2179.0
1767277063.4405775,15,296.8125,2161.0
1767277063.4405775,15,297.984375,2139.0
1767277063.4405775,15,299.21875,2121.25
1767277063.4405775,15,301.53125,2223.75
1767277063.4405775,15,307.015625,4271.0
1767277063.4405775,15,308.1875,4353.5
1767277063.4405775,15,309.328125,4443.0
1767277063.4405775,15,310.5,4502.75
1767277063.4405775,15,311.65625,4550.25
1767277063.4405775,15,312.8125,4624.25
1767277063.4405775,15,315.109375,4859.25
1767277063.4405775,15,316.28125,4910.5
1767277063.4405775,15,318.59375,5183.5
1767277063.4405775,15,323.15625,5664.5
1767277063.4405775,15,328.296875,1919.0
1767277063.4405775,15,329.46875,1917.25
1767277063.4405775,15,330.625,1917.75
1767277063.4405775,15,331.765625,1918.5
1767277063.4405775,15,332.921875,1919.5
1767277063.4405775,15,334.125,1922.0
1767277063.4405775,15,335.265625,1922.0
1767277063.4405775,15,336.40625,1911.25
1767277063.4405775,15,337.640625,1888.5
1767277063.4405775,15,338.796875,1868.0
1767277063.4405775,15,339.9375,1856.5
1767277063.4405775,15,341.125,1845.75
1767277063.4405775,15,342.234375,1836.5
1767277063.4405775,15,345.65625,2076.5
1767277063.4405775,15,346.796875,2086.5
1767277063.4405775,15,347.9375,2075.25
1767277063.4405775,15,349.15625,2066.5
1767277063.4405775,15,350.296875,2061.25
1767277063.5990105,15,351.46875,2057.25
1767277063.5990105,15,352.59375,2054.75
1767277063.5990105,15,353.75,2051.75
1767277063.5990105,15,354.9375,2047.5
1767277063.5990105,15,356.09375,2046.25
1767277063.5990105,15,357.28125,2045.0
1767277063.5990105,15,358.4375,2043.5
1767277063.5990105,15,359.578125,2044.25
1767277063.5990105,15,0.734375,2045.75
1767277063.5990105,15,1.875,2045.5
1767277063.5990105,15,3.0625,2045.25
1767277063.5990105,15,4.234375,2046.75
1767277063.5990105,15,5.390625,2049.75
1767277063.5990105,15,6.515625,2050.75
1767277063.5990105,15,7.65625,2053.25
1767277063.5990105,15,8.828125,2056.75
1767277063.5990105,15,9.984375,2059.25
1767277063.5990105,15,11.203125,2065.5
1767277063.5990105,15,12.34375,2074.0
1767277063.5990105,15,13.546875,2083.75
1767277063.5990105,15,14.6875,2095.75
1767277063.5990105,15,15.828125,2112.0
1767277063.5990105,15,17.0,2130.75
1767277063.5990105,15,18.15625,2144.5
1767277063.5990105,15,19.296875,2154.75
1767277063.5990105,15,20.46875,2165.5
1767277063.5990105,15,21.65625,2176.5
1767277063.5990105,15,22.78125,2199.5
1767277063.5990105,15,23.953125,2226.75
1767277063.5990105,15,25.109375,2248.0
1767277063.5990105,15,26.25,2270.0
1767277063.5990105,15,27.4375,2294.0
1767277063.5990105,15,28.5625,2315.0
1767277063.5990105,15,29.71875,2334.5
1767277063.5990105,15,30.859375,2358.5
1767277063.5990105,15,32.078125,2344.75
1767277063.5990105,15,33.234375,2325.75
1767277063.5990105,15,36.84375,2192.0
1767277063.5990105,15,37.96875,2220.0
1767277063.5990105,15,39.1875,2221.5
1767277063.5990105,15,40.328125,2204.5
1767277063.5990105,15,41.5,2183.0
1767277063.5990105,15,42.703125,2138.75
1767277063.5990105,15,43.90625,2085.25
1767277063.5990105,15,45.0625,2036.75
1767277063.5990105,15,46.21875,1996.5
1767277063.5990105,15,47.421875,1957.5
1767277063.5990105,15,48.640625,1911.75
1767277063.5990105,15,49.765625,1874.5
1767277063.5990105,15,50.96875,1840.25
1767277063.5990105,15,52.15625,1806.25
1767277063.5990105,15,53.34375,1777.25
1767277063.5990105,15,54.515625,1751.75
1767277063.5990105,15,55.703125,1730.25
1767277063.5990105,15,56.890625,1704.25
1767277063.5990105,15,58.015625,1675.75
1767277063.5990105,15,59.171875,1652.25
1767277063.5990105,15,60.3125,1633.0
1767277063.5990105,15,61.515625,1615.0
1767277063.5990105,15,62.6875,1596.5
1767277063.5990105,15,63.84375,1575.25
1767277063.5990105,15,65.015625,1559.25
1767277063.5990105,15,66.234375,1543.25
1767277063.5990105,15,67.390625,1526.5
1767277063.5990105,15,68.546875,1515.5
1767277063.5990105,15,69.6875,1504.5
1767277063.5990105,15,70.90625,1492.0
1767277063.5990105,15,72.078125,1480.5
1767277063.5990105,15,73.21875,1470.5
1767277063.5990105,15,74.375,1460.25
1767277063.5990105,15,75.53125,1448.5
1767277063.5990105,15,76.75,1438.75
1767277063.5990105,15,77.90625,1432.5
1767277063.5990105,15,79.0625,1426.5
1767277063.5990105,15,80.234375,1420.25
1767277063.5990105,15,81.421875,1414.75
1767277063.5990105,15,82.546875,1410.0
1767277063.5990105,15,83.703125,1407.0
1767277063.5990105,15,84.8125,1405.25
1767277063.5990105,15,86.0,1402.25
1767277063.5990105,15,87.15625,1399.75
1767277063.5990105,15,88.296875,1398.25
1767277063.5990105,15,89.515625,1393.25
1767277063.5990105,15,90.625,1393.25
1767277063.5990105,15,91.796875,1394.25
1767277063.5990105,15,93.0,1391.0
1767277063.5990105,15,94.140625,1393.5
1767277063.5990105,15,95.34375,1397.0
1767277063.5990105,15,96.484375,1398.0
1767277063.5990105,15,97.59375,1401.0
1767277063.5990105,15,98.75,1403.75
1767277063.5990105,15,99.90625,1406.5
1767277063.5990105,15,101.109375,1410.5
1767277063.5990105,15,102.28125,1415.0
1767277063.5990105,15,103.40625,1419.75
1767277063.5990105,15,104.578125,1425.25
1767277063.5990105,15,105.71875,1431.5
1767277063.5990105,15,106.828125,1436.75
1767277063.5990105,15,108.09375,1444.25
1767277063.5990105,15,109.28125,1455.0
1767277063.5990105,15,110.390625,1467.5
1767277063.5990105,15,111.578125,1478.75
1767277063.5990105,15,112.6875,1489.75
1767277063.5990105,15,113.859375,1501.5
1767277063.5990105,15,115.046875,1511.75
1767277063.5990105,15,116.1875,1520.0
1767277063.5990105,15,117.296875,1536.5
1767277063.5990105,15,118.484375,1554.75
1767277063.5990105,15,119.640625,1568.75
1767277063.5990105,15,120.75,1589.5
1767277063.5990105,15,121.96875,1606.75
1767277063.5990105,15,123.0625,1623.75
1767277063.5990105,15,124.265625,1645.75
1767277063.5990105,15,125.375,1670.25
1767277063.5990105,15,126.5625,1692.75
1767277063.5990105,15,127.6875,1717.5
1767277063.5990105,15,128.84375,1743.25
1767277063.5990105,15,129.984375,1764.0
1767277063.5990105,15,131.109375,1793.25
1767277063.5990105,15,132.234375,1823.25
1767277063.5990105,15,133.390625,1857.5
1767277063.5990105,15,134.5,1899.75
1767277063.5990105,15,135.6875,1937.0
1767277063.5990105,15,136.78125,1976.25
1767277063.5990105,15,137.953125,2019.0
1767277063.5990105,15,139.078125,2058.75
1767277063.5990105,15,140.234375,2105.5
1767277063.5990105,15,141.375,2157.75
1767277063.5990105,15,142.53125,2212.25
1767277063.5990105,15,143.671875,2273.5
1767277063.5990105,15,144.828125,2330.75
1767277063.5990105,15,145.953125,2392.0
1767277063.5990105,9,147.125,2446.5
1767277063.5990105,15,150.53125,2709.5
1767277063.5990105,15,152.8125,2886.0
1767277063.5990105,15,153.953125,2922.0
1767277063.5990105,15,155.171875,2927.0
1767277063.5990105,15,156.328125,2900.75
1767277063.5990105,15,157.5,2870.25
1767277063.5990105,15,158.65625,2832.25
1767277063.5990105,15,159.84375,2803.0
1767277063.5990105,15,161.0,2782.75
1767277063.5990105,15,162.15625,2761.5
1767277063.5990105,15,163.328125,2744.0
1767277063.5990105,15,164.5,2730.0
1767277063.5990105,15,165.640625,2717.75
1767277063.5990105,15,166.828125,2705.25
1767277063.5990105,15,167.96875,2692.75
1767277063.5990105,15,169.125,2682.5
1767277063.5990105,15,170.328125,2671.75
1767277063.5990105,15,171.453125,2663.0
1767277063.5990105,15,172.625,2656.25
1767277063.5990105,15,173.796875,2651.5
1767277063.5990105,15,174.96875,2645.75
1767277063.5990105,15,176.140625,2641.25
1767277063.5990105,15,177.25,2639.75
1767277063.5990105,15,178.453125,2639.25
1767277063.5990105,13,179.703125,2638.5
1767277063.5990105,9,180.859375,2633.25
1767277063.5990105,15,182.0,2634.0
1767277063.5990105,15,183.15625,2636.0
1767277063.5990105,15,184.359375,2633.5
1767277063.5990105,15,185.515625,2637.25
1767277063.5990105,10,186.671875,2640.75
1767277063.5990105,12,187.859375,2641.25
1767277063.5990105,14,188.984375,2644.25
1767277063.5990105,15,190.171875,2652.75
1767277063.5990105,15,191.34375,2668.5
1767277063.5990105,15,192.484375,2682.0
1767277063.5990105,15,193.640625,2688.0
1767277063.5990105,15,194.828125,2695.75
1767277063.5990105,15,196.0,2709.25
1767277063.5990105,15,197.125,2723.0
1767277063.5990105,15,198.328125,2737.5
1767277063.5990105,15,199.46875,2756.25
1767277063.5990105,15,200.640625,2773.25
1767277063.5990105,15,201.796875,2789.5
1767277063.5990105,15,203.046875,2815.75
1767277063.5990105,15,204.203125,2853.0
1767277063.5990105,15,205.34375,2899.0
1767277063.5990105,15,206.53125,2927.5
1767277063.5990105,15,207.6875,2945.5
1767277063.5990105,15,208.859375,2967.0
1767277063.5990105,15,210.015625,2996.25
1767277063.5990105,15,211.1875,3037.5
1767277063.5990105,15,212.359375,3062.0
1767277063.5990105,15,213.515625,3090.0
1767277063.5990105,15,214.671875,3139.75
1767277063.5990105,15,215.84375,3198.5
1767277063.5990105,15,217.0,3244.5
1767277063.5990105,15,218.15625,3293.75
1767277063.5990105,15,221.28125,1162.75
1767277063.5990105,15,222.53125,1157.75
1767277063.5990105,15,223.6875,1152.25
1767277063.5990105,15,224.84375,1152.0
1767277063.5990105,15,227.40625,3836.5
1767277063.5990105,15,230.640625,1127.0
1767277063.5990105,15,231.890625,1124.0
1767277063.5990105,15,233.03125,1121.5
1767277063.5990105,15,234.1875,1121.0
1767277063.5990105,15,235.359375,1120.5
1767277063.5990105,15,236.515625,1121.0
1767277063.5990105,15,237.640625,1121.5
1767277063.5990105,15,238.84375,1121.5
1767277063.5990105,15,239.96875,1122.5
1767277063.5990105,15,244.625,1129.25
1767277063.5990105,15,245.84375,1130.0
1767277063.5990105,15,247.03125,1125.75
1767277063.5990105,15,248.21875,1129.25
1767277063.5990105,15,249.328125,1133.5
1767277063.5990105,15,250.484375,1135.75
1767277063.5990105,15,251.625,1138.75
1767277063.5990105,15,252.78125,1143.0
1767277063.5990105,15,253.96875,1148.0
1767277063.5990105,15,255.109375,1153.0
1767277063.5990105,15,256.3125,1158.0
1767277063.5990105,15,257.390625,1163.5
1767277063.5990105,15,262.359375,3969.25
1767277063.5990105,15,263.546875,3987.25
1767277063.5990105,15,264.71875,4003.25
1767277063.5990105,15,265.859375,4001.0
1767277063.5990105,15,267.03125,3995.25
1767277063.5990105,15,268.203125,3995.25
1767277063.5990105,15,269.375,3998.5
1767277063.5990105,15,270.53125,4002.0
1767277063.5990105,15,271.703125,4010.25
1767277063.5990105,14,272.859375,4018.75
1767277063.5990105,15,274.03125,4025.0
1767277063.5990105,9,275.15625,4039.5
1767277063.5990105,13,276.3125,4049.75
1767277063.5990105,15,277.46875,4053.75
1767277063.5990105,8,278.640625,4065.0
1767277063.5990105,11,279.796875,4061.0
1767277063.5990105,9,280.96875,4027.5
1767277063.5990105,15,282.140625,3994.75
1767277063.5990105,15,291.703125,2300.25
1767277063.5990105,15,292.921875,2248.25
1767277063.5990105,15,294.0625,2212.75
1767277063.5990105,15,295.25,2185.25
1767277063.5990105,15,296.40625,2168.5
1767277063.5990105,15,297.59375,2148.0
1767277063.5990105,15,298.71875,2124.0
1767277063.5990105,13,299.890625,2124.25
1767277063.5990105,15,306.546875,4251.5
1767277063.5990105,15,307.6875,4323.5
1767277063.5990105,15,308.859375,4406.75
1767277063.5990105,15,310.0,4467.75
1767277063.5990105,15,311.171875,4527.75
1767277063.5990105,15,312.328125,4584.5
1767277063.5990105,15,314.640625,4824.0
1767277063.5990105,15,315.8125,4897.0
1767277063.5990105,15,316.96875,4960.75
1767277063.5990105,15,319.28125,5251.0
1767277063.5990105,15,327.90625,1921.0
1767277063.5990105,15,329.078125,1917.5
1767277063.5990105,15,330.234375,1918.0
1767277063.5990105,15,331.375,1919.75
1767277063.5990105,15,332.5625,1920.25
1767277063.5990105,15,333.6875,1920.5
1767277063.5990105,15,334.859375,1922.75
1767277063.5990105,15,336.0,1915.75
1767277063.5990105,15,337.1875,1893.0
1767277063.5990105,15,338.359375,1870.75
1767277063.5990105,15,339.5625,1858.75
1767277063.5990105,15,340.71875,1849.75
1767277063.5990105,15,341.859375,1838.5
1767277063.5990105,15,346.40625,2089.75
1767277063.5990105,15,347.59375,2079.5
1767277063.5990105,15,348.8125,2070.0
1767277063.5990105,15,349.984375,2062.75
1767277063.5990105,15,351.125,2058.75
1767277063.7548919,15,352.265625,2055.25
1767277063.7548919,15,353.453125,2052.75
1767277063.7548919,15,354.640625,2049.5
1767277063.7548919,15,355.765625,2046.5
1767277063.7548919,15,356.953125,2046.0
1767277063.7548919,15,358.09375,2044.5
1767277063.7548919,15,359.265625,2043.0
1767277063.7548919,15,0.4375,2043.0
1767277063.7548919,15,1.59375,2043.75
1767277063.7548919,15,2.75,2045.0
1767277063.7548919,15,3.921875,2047.0
1767277063.7548919,15,5.0625,2049.0
1767277063.7548919,15,6.25,2049.75
1767277063.7548919,15,7.390625,2053.5
1767277063.7548919,15,8.5625,2057.0
1767277063.7548919,15,9.734375,2059.75
1767277063.7548919,15,10.9375,2064.75
1767277063.7548919,15,12.078125,2072.25
1767277063.7548919,15,13.25,2082.0
1767277063.7548919,15,14.421875,2093.0
1767277063.7548919,15,15.5625,2107.25
1767277063.7548919,15,16.734375,2120.75
1767277063.7548919,15,17.890625,2137.75
1767277063.7548919,15,19.0625,2154.75
1767277063.7548919,15,20.234375,2166.25
1767277063.7548919,15,21.375,2178.0
1767277063.7548919,15,22.546875,2198.25
1767277063.7548919,15,23.671875,2223.0
1767277063.7548919,15,24.859375,2244.0
1767277063.7548919,15,26.03125,2267.0
1767277063.7548919,15,27.15625,2288.5
1767277063.7548919,15,28.3125,2307.75
1767277063.7548919,15,29.5,2328.5
1767277063.7548919,15,30.640625,2353.5
1767277063.7548919,15,31.828125,2378.5
1767277063.7548919,15,32.96875,2368.25
1767277063.7548919,15,34.171875,2313.25
1767277063.7548919,15,36.5625,2196.5
1767277063.7548919,15,37.703125,2214.0
1767277063.7548919,15,38.859375,2242.75
1767277063.7548919,15,40.03125,2241.75
1767277063.7548919,15,41.25,2201.0
1767277063.7548919,15,42.421875,2147.0
1767277063.7548919,15,43.609375,2095.5
1767277063.7548919,15,44.78125,2048.25
1767277063.7548919,15,45.9375,2008.0
1767277063.7548919,15,47.171875,1964.5
1767277063.7548919,15,48.328125,1918.0
1767277063.7548919,15,49.53125,1880.5
1767277063.7548919,15,50.703125,1843.5
1767277063.7548919,15,51.875,1811.5
1767277063.7548919,15,53.078125,1782.25
1767277063.7548919,15,54.203125,1754.75
1767277063.7548919,15,55.40625,1732.25
1767277063.7548919,15,56.5625,1706.5
1767277063.7548919,15,57.796875,1678.5
1767277063.7548919,15,58.953125,1656.75
1767277063.7548919,15,60.109375,1638.25
1767277063.7548919,15,61.296875,1617.5
1767277063.7548919,15,62.484375,1598.25
1767277063.7548919,15,63.671875,1580.0
1767277063.7548919,15,64.828125,1563.75
1767277063.7548919,15,65.984375,1548.25
1767277063.7548919,15,67.1875,1530.25
1767277063.7548919,15,68.34375,1516.25
1767277063.7548919,15,69.484375,1506.75
1767277063.7548919,15,70.71875,1495.0
1767277063.7548919,15,71.875,1483.0
1767277063.7548919,15,73.046875,1472.0
1767277063.7548919,15,74.25,1461.25
1767277063.7548919,15,75.375,1449.75
1767277063.7548919,15,76.546875,1439.0
1767277063.7548919,15,77.75,1432.75
1767277063.7548919,15,78.921875,1427.75
1767277063.7548919,15,80.109375,1420.75
1767277063.7548919,15,81.25,1415.25
1767277063.7548919,15,82.375,1410.75
1767277063.7548919,15,83.484375,1407.5
1767277063.7548919,15,84.65625,1405.25
1767277063.7548919,15,85.8125,1404.0
1767277063.7548919,15,87.0,1401.0
1767277063.7548919,15,88.140625,1397.75
1767277063.7548919,15,89.296875,1396.25
1767277063.7548919,15,90.5,1396.25
1767277063.7548919,15,91.671875,1396.25
1767277063.7548919,15,92.78125,1393.25
1767277063.7548919,15,94.015625,1394.75
1767277063.7548919,15,95.109375,1397.75
1767277063.7548919,15,96.34375,1398.5
1767277063.7548919,15,97.484375,1401.25
1767277063.7548919,15,98.59375,1404.25
1767277063.7548919,15,99.765625,1407.0
1767277063.7548919,15,100.96875,1410.0
1767277063.7548919,15,102.140625,1414.5
1767277063.7548919,15,103.28125,1419.5
1767277063.7548919,15,104.4375,1425.0
1767277063.7548919,15,105.578125,1431.25
1767277063.7548919,15,106.734375,1436.75
1767277063.7548919,15,107.859375,1443.5
1767277063.7548919,15,109.03125,1454.5
1767277063.7548919,15,110.1875,1467.0
1767277063.7548919,15,111.328125,1477.0
1767277063.7548919,15,112.484375,1487.25
1767277063.7548919,15,113.65625,1499.5
1767277063.7548919,15,114.78125,1510.5
1767277063.7548919,15,115.984375,1519.0
1767277063.7548919,15,117.078125,1533.0
1767277063.7548919,15,118.296875,1551.25
1767277063.7548919,15,119.421875,1566.0
1767277063.7548919,15,120.546875,1585.25
1767277063.7548919,15,121.703125,1604.5
1767277063.7548919,15,122.890625,1620.5
1767277063.7548919,15,124.0,1641.75
1767277063.7548919,15,125.171875,1666.25
1767277063.7548919,15,126.34375,1689.75
1767277063.7548919,15,127.484375,1714.5
1767277063.7548919,15,128.640625,1739.5
1767277063.7548919,15,129.78125,1760.0
1767277063.7548919,15,130.890625,1788.75
1767277063.7548919,15,132.046875,1819.5
1767277063.7548919,15,133.171875,1849.0
1767277063.7548919,15,134.28125,1884.0
1767277063.7548919,15,135.421875,1921.75
1767277063.7548919,15,136.5625,1967.5
1767277063.7548919,15,137.734375,2010.75
1767277063.7548919,15,138.890625,2050.25
1767277063.7548919,15,140.015625,2097.5
1767277063.7548919,15,141.171875,2149.25
1767277063.7548919,15,142.3125,2202.25
1767277063.7548919,15,143.453125,2259.0
1767277063.7548919,15,144.609375,2318.5
1767277063.7548919,15,145.75,2376.25
1767277063.7548919,13,146.875,2432.25
1767277063.7548919,15,150.296875,2692.5
1767277063.7548919,15,153.734375,2943.0
1767277063.7548919,15,154.96875,2941.75
1767277063.7548919,15,156.109375,2914.25
1767277063.7548919,15,157.296875,2873.5
1767277063.7548919,15,158.4375,2838.0
1767277063.7548919,15,159.640625,2808.25
1767277063.7548919,15,160.796875,2787.5
1767277063.7548919,15,161.96875,2769.75
1767277063.7548919,15,163.109375,2750.5
1767277063.7548919,15,164.296875,2732.25
1767277063.7548919,15,165.4375,2720.25
1767277063.7548919,15,166.625,2707.25
1767277063.7548919,15,167.765625,2694.0
1767277063.7548919,15,168.921875,2685.0
1767277063.7548919,15,170.109375,2675.75
1767277063.7548919,15,171.28125,2667.25
1767277063.7548919,15,172.4375,2657.0
1767277063.7548919,15,173.59375,2647.75
1767277063.7548919,15,174.75,2643.5
1767277063.7548919,15,175.90625,2641.0
1767277063.7548919,15,177.078125,2640.25
1767277063.7548919,15,178.21875,2639.5
1767277063.7548919,14,179.515625,2639.0
1767277063.7548919,9,180.671875,2634.25
1767277063.7548919,15,181.8125,2633.0
1767277063.7548919,15,182.96875,2635.25
1767277063.7548919,15,184.140625,2634.0
1767277063.7548919,15,185.328125,2636.0
1767277063.7548919,9,186.46875,2640.0
1767277063.7548919,12,187.65625,2642.0
1767277063.7548919,13,188.8125,2644.25
1767277063.7548919,15,189.96875,2652.25
1767277063.7548919,15,191.140625,2666.5
1767277063.7548919,15,192.296875,2679.5
1767277063.7548919,15,193.453125,2684.5
1767277063.7548919,15,194.625,2694.25
1767277063.7548919,15,195.8125,2708.0
1767277063.7548919,15,196.9375,2719.5
1767277063.7548919,15,198.125,2735.0
1767277063.7548919,15,199.296875,2753.5
1767277063.7548919,15,200.453125,2771.25
1767277063.7548919,15,201.609375,2788.75
1767277063.7548919,15,202.796875,2811.0
1767277063.7548919,15,203.96875,2842.25
1767277063.7548919,15,205.125,2889.75
1767277063.7548919,15,206.28125,2927.25
1767277063.7548919,15,207.453125,2943.75
1767277063.7548919,15,208.625,2962.5
1767277063.7548919,15,209.78125,2992.0
1767277063.7548919,15,210.921875,3026.5
1767277063.7548919,15,212.125,3055.0
1767277063.7548919,15,213.28125,3076.5
1767277063.7548919,15,214.453125,3121.5
1767277063.7548919,15,215.59375,3187.0
1767277063.7548919,15,216.75,3232.5
1767277063.7548919,15,217.921875,3278.0
1767277063.7548919,15,221.03125,1165.0
1767277063.7548919,15,222.265625,1158.75
1767277063.7548919,15,223.453125,1152.0
1767277063.7548919,15,224.5625,1147.75
1767277063.7548919,15,227.140625,3814.0
1767277063.7548919,15,230.40625,1128.5
1767277063.7548919,15,231.578125,1124.75
1767277063.7548919,15,232.671875,1122.5
1767277063.7548919,15,233.921875,1121.25
1767277063.7548919,15,235.015625,1120.5
1767277063.7548919,15,236.21875,1120.0
1767277063.7548919,15,237.40625,1120.0
1767277063.7548919,15,238.53125,1120.0
1767277063.7548919,15,239.6875,1121.5
1767277063.7548919,15,240.859375,1129.75
1767277063.7548919,14,243.4375,3960.75
1767277063.7548919,15,246.671875,1125.5
1767277063.7548919,15,247.890625,1127.75
1767277063.7548919,15,249.0625,1130.5
1767277063.7548919,15,250.140625,1134.0
1767277063.7548919,15,251.375,1137.5
1767277063.7548919,15,252.515625,1141.75
1767277063.7548919,15,253.6875,1147.75
1767277063.7548919,15,254.796875,1152.75
1767277063.7548919,15,255.96875,1156.0
1767277063.7548919,15,257.15625,1161.75
1767277063.7548919,15,258.296875,1175.25
1767277063.7548919,15,260.9375,3955.25
1767277063.7548919,14,262.109375,3963.75
1767277063.7548919,15,263.265625,3985.75
1767277063.7548919,15,264.421875,4004.75
1767277063.7548919,15,265.578125,4005.0
1767277063.7548919,14,266.75,3997.0
1767277063.7548919,15,267.921875,3999.25
1767277063.7548919,15,269.078125,4006.75
1767277063.7548919,14,270.25,4005.0
1767277063.7548919,15,271.40625,4009.0
1767277063.7548919,14,272.578125,4017.0
1767277063.7548919,15,273.75,4024.25
1767277063.7548919,14,274.8125,4037.0
1767277063.7548919,14,275.984375,4046.25
1767277063.7548919,12,277.140625,4051.0
1767277063.7548919,9,278.296875,4058.75
1767277063.7548919,10,279.46875,4057.0
1767277063.7548919,11,280.640625,4039.0
1767277063.7548919,15,281.8125,4010.25
1767277063.7548919,15,292.546875,2258.75
1767277063.7548919,15,293.703125,2219.5
1767277063.7548919,15,294.859375,2190.5
1767277063.7548919,15,296.046875,2176.0
1767277063.7548919,15,297.203125,2155.25
1767277063.7548919,15,298.359375,2131.5
1767277063.7548919,15,299.515625,2121.5
1767277063.7548919,15,307.3125,4291.75
1767277063.7548919,15,308.46875,4373.75
1767277063.7548919,15,309.609375,4458.0
1767277063.7548919,15,310.78125,4514.75
1767277063.7548919,15,311.90625,4560.25
1767277063.7548919,15,314.234375,4780.75
1767277063.7548919,15,315.390625,4859.0
1767277063.7548919,15,316.53125,4930.25
1767277063.7548919,15,318.84375,5199.75
1767277063.7548919,15,328.5625,1917.5
1767277063.7548919,15,329.75,1917.5
1767277063.7548919,15,330.890625,1917.5
1767277063.7548919,15,332.0625,1918.75
1767277063.7548919,15,333.21875,1919.5
1767277063.7548919,15,334.359375,1921.75
1767277063.7548919,15,335.5625,1919.75
1767277063.7548919,15,336.734375,1905.25
1767277063.7548919,15,337.890625,1882.75
1767277063.7548919,15,339.0,1865.0
1767277063.7548919,15,340.1875,1855.0
1767277063.7548919,15,341.375,1844.0
1767277063.7548919,15,342.484375,1844.25
1767277063.7548919,15,345.890625,2070.5
1767277063.7548919,15,347.109375,2082.5
1767277063.7548919,15,348.296875,2071.25
1767277063.7548919,15,349.453125,2062.75
1767277063.7548919,15,350.625,2059.25
1767277063.9154682,15,351.828125,2055.0
1767277063.9154682,15,352.984375,2052.0
1767277063.9154682,15,354.109375,2050.0
1767277063.9154682,15,355.296875,2047.5
1767277063.9154682,15,356.453125,2045.75
1767277063.9154682,15,357.625,2043.75
1767277063.9154682,15,358.765625,2043.5
1767277063.9154682,15,359.953125,2043.5
1767277063.9154682,15,1.078125,2043.25
1767277063.9154682,15,2.28125,2046.0
1767277063.9154682,15,3.421875,2046.5
1767277063.9154682,15,4.609375,2046.25
1767277063.9154682,15,5.75,2048.25
1767277063.9154682,15,6.90625,2052.0
1767277063.9154682,15,8.046875,2055.5
1767277063.9154682,15,9.25,2057.75
1767277063.9154682,15,10.390625,2062.5
1767277063.9154682,15,11.5625,2068.25
1767277063.9154682,15,12.734375,2077.0
1767277063.9154682,15,13.90625,2088.0
1767277063.9154682,15,15.0625,2099.75
1767277063.9154682,15,16.21875,2115.5
1767277063.9154682,15,17.375,2135.0
1767277063.9154682,15,18.515625,2149.5
1767277063.9154682,15,19.703125,2160.5
1767277063.9154682,15,20.875,2170.25
1767277063.9154682,15,22.015625,2187.5
1767277063.9154682,15,23.15625,2213.0
1767277063.9154682,15,24.328125,2234.75
1767277063.9154682,15,25.46875,2256.5
1767277063.9154682,15,26.65625,2280.25
1767277063.9154682,15,27.796875,2302.0
1767277063.9154682,15,28.9375,2320.0
1767277063.9154682,15,30.125,2340.75
1767277063.9154682,15,31.265625,2365.25
1767277063.9154682,15,32.40625,2377.0
1767277063.9154682,15,33.609375,2345.5
1767277063.9154682,15,37.140625,2195.25
1767277063.9154682,15,38.3125,2229.5
1767277063.9154682,15,39.46875,2249.0
1767277063.9154682,15,41.8125,2167.5
1767277063.9154682,15,43.0,2117.75
1767277063.9154682,15,44.203125,2069.0
1767277063.9154682,15,45.34375,2026.0
1767277063.9154682,15,46.53125,1986.25
1767277063.9154682,15,47.734375,1948.75
1767277063.9154682,15,48.890625,1904.25
1767277063.9154682,15,50.046875,1868.5
1767277063.9154682,15,51.234375,1834.75
1767277063.9154682,15,52.421875,1797.25
1767277063.9154682,15,53.625,1768.25
1767277063.9154682,15,54.8125,1745.25
1767277063.9154682,15,55.9375,1718.5
1767277063.9154682,15,57.15625,1694.75
1767277063.9154682,15,58.28125,1674.0
1767277063.9154682,15,59.484375,1651.25
1767277063.9154682,15,60.65625,1628.5
1767277063.9154682,15,61.84375,1611.5
1767277063.9154682,15,62.96875,1592.5
1767277063.9154682,15,64.203125,1571.5
1767277063.9154682,15,65.328125,1556.5
1767277063.9154682,15,66.5,1541.0
1767277063.9154682,15,67.703125,1525.0
1767277063.9154682,15,68.859375,1512.75
1767277063.9154682,15,70.0625,1502.0
1767277063.9154682,15,71.21875,1488.75
1767277063.9154682,15,72.328125,1477.5
1767277063.9154682,15,73.5,1468.0
1767277063.9154682,15,74.671875,1458.25
1767277063.9154682,15,75.875,1445.75
1767277063.9154682,15,77.0625,1436.0
1767277063.9154682,15,78.203125,1429.75
1767277063.9154682,15,79.390625,1424.25
1767277063.9154682,15,80.53125,1419.5
1767277063.9154682,15,81.6875,1414.0
1767277063.9154682,15,82.875,1410.25
1767277063.9154682,15,83.96875,1407.0
1767277063.9154682,15,85.171875,1404.25
1767277063.9154682,15,86.3125,1402.25
1767277063.9154682,15,87.453125,1399.5
1767277063.9154682,15,88.671875,1397.0
1767277063.9154682,15,89.8125,1395.75
1767277063.9154682,15,90.96875,1396.0
1767277063.9154682,15,92.09375,1396.75
1767277063.9154682,15,93.296875,1397.25
1767277063.9154682,15,94.4375,1397.25
1767277063.9154682,15,95.609375,1397.5
1767277063.9154682,15,96.75,1398.75
1767277063.9154682,15,97.90625,1401.25
1767277063.9154682,15,99.09375,1404.75
1767277063.9154682,15,100.21875,1408.25
1767277063.9154682,15,101.375,1411.5
1767277063.9154682,15,102.546875,1416.0
1767277063.9154682,15,103.671875,1422.25
1767277063.9154682,15,104.875,1428.0
1767277063.9154682,15,106.03125,1432.25
1767277063.9154682,15,107.1875,1438.0
1767277063.9154682,15,108.328125,1447.75
1767277063.9154682,15,109.46875,1460.0
1767277063.9154682,15,110.625,1471.25
1767277063.9154682,15,111.828125,1480.5
1767277063.9154682,15,112.96875,1489.5
1767277063.9154682,15,114.078125,1503.25
1767277063.9154682,15,115.234375,1514.0
1767277063.9154682,15,116.40625,1521.0
1767277063.9154682,15,117.578125,1538.75
1767277063.9154682,15,118.71875,1556.25
1767277063.9154682,15,119.859375,1570.0
1767277063.9154682,15,121.015625,1592.75
1767277063.9154682,15,122.140625,1611.5
1767277063.9154682,15,123.265625,1627.75
1767277063.9154682,15,124.484375,1649.0
1767277063.9154682,15,125.625,1673.25
1767277063.9154682,15,126.734375,1695.75
1767277063.9154682,15,127.890625,1721.25
1767277063.9154682,15,129.015625,1747.25
1767277063.9154682,15,130.203125,1768.75
1767277063.9154682,15,131.28125,1796.25
1767277063.9154682,15,132.421875,1825.5
1767277063.9154682,15,133.578125,1860.5
1767277063.9154682,15,134.703125,1903.0
1767277063.9154682,15,135.875,1940.5
1767277063.9154682,15,137.0,1979.0
1767277063.9154682,15,138.140625,2026.0
1767277063.9154682,15,139.3125,2067.75
1767277063.9154682,15,140.4375,2114.5
1767277063.9154682,15,141.578125,2166.75
1767277063.9154682,15,142.71875,2220.0
1767277063.9154682,15,143.84375,2283.5
1767277063.9154682,15,145.03125,2339.5
1767277063.9154682,15,146.140625,2399.75
1767277063.9154682,15,147.3125,2458.5
1767277063.9154682,15,149.5625,2640.0
1767277063.9154682,15,153.0,2936.5
1767277063.9154682,15,154.140625,2955.75
1767277063.9154682,15,155.375,2925.75
1767277063.9154682,15,156.515625,2895.75
1767277063.9154682,15,157.703125,2860.25
1767277063.9154682,15,158.84375,2826.0
1767277063.9154682,15,160.015625,2801.25
1767277063.9154682,15,161.1875,2779.5
1767277063.9154682,15,162.359375,2759.25
1767277063.9154682,15,163.515625,2743.25
1767277063.9154682,15,164.6875,2729.75
1767277063.9154682,15,165.828125,2718.25
1767277063.9154682,15,167.015625,2704.25
1767277063.9154682,15,168.15625,2689.75
1767277063.9154682,15,169.34375,2679.75
1767277063.9154682,15,170.5,2671.25
1767277063.9154682,15,171.65625,2662.75
1767277063.9154682,15,172.8125,2655.5
1767277063.9154682,15,173.984375,2649.0
1767277063.9154682,15,175.109375,2642.5
1767277063.9154682,15,176.296875,2640.5
1767277063.9154682,15,177.4375,2641.25
1767277063.9154682,15,178.703125,2639.5
1767277063.9154682,12,179.875,2637.75
1767277063.9154682,9,181.03125,2634.75
1767277063.9154682,15,182.203125,2632.75
1767277063.9154682,15,183.375,2632.25
1767277063.9154682,8,184.515625,2633.25
1767277063.9154682,8,185.6875,2637.0
1767277063.9154682,9,186.859375,2639.25
1767277063.9154682,11,188.0,2640.75
1767277063.9154682,14,189.1875,2644.75
1767277063.9154682,15,190.328125,2654.25
1767277063.9154682,15,191.5,2670.0
1767277063.9154682,15,192.671875,2682.25
1767277063.9154682,15,193.84375,2687.5
1767277063.9154682,15,194.96875,2697.25
1767277063.9154682,15,196.15625,2711.0
1767277063.9154682,15,197.296875,2724.25
1767277063.9154682,15,198.453125,2742.25
1767277063.9154682,15,199.609375,2763.25
1767277063.9154682,15,200.796875,2778.5
1767277063.9154682,15,201.96875,2793.25
1767277063.9154682,15,203.109375,2818.5
1767277063.9154682,15,204.234375,2853.25
1767277063.9154682,15,205.40625,2899.0
1767277063.9154682,15,206.578125,2928.0
1767277063.9154682,15,207.703125,2945.5
1767277063.9154682,15,208.890625,2966.75
1767277063.9154682,15,210.03125,2996.75
1767277063.9154682,15,211.1875,3038.0
1767277063.9154682,15,212.375,3061.75
1767277063.9154682,15,213.53125,3089.75
1767277063.9154682,15,214.671875,3139.25
1767277063.9154682,15,215.828125,3197.25
1767277063.9154682,15,217.0,3243.5
1767277063.9154682,15,218.15625,3288.25
1767277063.9154682,15,221.28125,1162.5
1767277063.9154682,15,222.390625,1157.75
1767277063.9154682,15,223.5625,1152.75
1767277063.9154682,15,224.8125,1152.75
1767277063.9154682,15,227.390625,3836.25
1767277063.9154682,15,230.640625,1127.0
1767277063.9154682,15,231.765625,1124.0
1767277063.9154682,15,232.9375,1121.75
1767277063.9154682,15,234.15625,1121.0
1767277063.9154682,15,235.3125,1120.5
1767277063.9154682,15,236.4375,1120.0
1767277063.9154682,15,237.5625,1120.5
1767277063.9154682,15,238.734375,1120.75
1767277063.9154682,15,239.9375,1121.75
1767277063.9154682,15,244.59375,1133.75
1767277063.9154682,15,245.796875,1134.5
1767277063.9154682,15,246.921875,1125.75
1767277063.9154682,15,248.125,1128.5
1767277063.9154682,15,249.25,1133.0
1767277063.9154682,15,250.40625,1135.75
1767277063.9154682,15,251.609375,1138.25
1767277063.9154682,15,252.765625,1143.0
1767277063.9154682,15,253.9375,1147.75
1767277063.9154682,15,255.078125,1153.0
1767277063.9154682,15,256.296875,1158.0
1767277063.9154682,15,257.40625,1163.5
1767277063.9154682,15,262.375,3967.25
1767277063.9154682,15,263.546875,3985.5
1767277063.9154682,15,264.6875,4004.75
1767277063.9154682,15,265.875,4002.0
1767277063.9154682,15,267.03125,3993.75
1767277063.9154682,13,268.1875,3993.75
1767277063.9154682,15,269.359375,3997.5
1767277063.9154682,15,270.53125,4002.5
1767277063.9154682,15,271.703125,4010.75
1767277063.9154682,13,272.84375,4018.0
1767277063.9154682,15,274.015625,4025.5
1767277063.9154682,8,275.09375,4038.0
1767277063.9154682,11,276.25,4049.0
1767277063.9154682,14,277.40625,4053.75
1767277063.9154682,9,278.578125,4062.75
1767277063.9154682,14,279.734375,4060.5
1767277063.9154682,9,280.90625,4031.0
1767277063.9154682,15,292.765625,2250.75
1767277063.9154682,15,293.953125,2214.75
1767277063.9154682,15,295.15625,2185.5
1767277063.9154682,15,296.3125,2169.5
1767277063.9154682,15,297.453125,2148.75
1767277063.9154682,15,298.640625,2126.75
1767277063.9154682,15,299.796875,2126.75
1767277063.9154682,15,306.4375,4249.0
1767277063.9154682,15,307.59375,4308.5
1767277063.9154682,15,308.75,4394.75
1767277063.9154682,15,309.90625,4467.75
1767277063.9154682,15,311.046875,4519.5
1767277063.9154682,15,312.203125,4576.5
1767277063.9154682,15,314.5,4821.5
1767277063.9154682,15,315.671875,4892.25
1767277063.9154682,15,316.828125,4957.0
1767277063.9154682,15,319.140625,5234.5
1767277063.9154682,15,327.78125,1922.25
1767277063.9154682,15,328.9375,1919.25
1767277063.9154682,15,330.0625,1919.5
1767277063.9154682,15,331.234375,1919.25
1767277063.9154682,15,332.390625,1920.5
1767277063.9154682,15,333.578125,1919.5
1767277063.9154682,15,334.71875,1926.5
1767277063.9154682,15,335.90625,1922.25
1767277063.9154682,15,337.0625,1894.25
1767277063.9154682,15,338.234375,1871.25
1767277063.9154682,15,339.390625,1860.0
1767277063.9154682,15,340.546875,1850.75
1767277063.9154682,15,341.71875,1840.0
1767277063.9154682,15,346.265625,2091.5
1767277063.9154682,15,347.515625,2080.75
1767277063.9154682,15,348.65625,2072.0
1767277063.9154682,15,349.828125,2064.75
1767277063.9154682,15,351.0,2058.75
1767277064.0733232,15,352.140625,2054.75
1767277064.0733232,15,353.296875,2051.25
1767277064.0733232,15,354.46875,2049.75
1767277064.0733232,15,355.671875,2048.25
1767277064.0733232,15,356.8125,2046.25
1767277064.0733232,15,357.96875,2045.0
1767277064.0733232,15,359.109375,2043.25
1767277064.0733232,15,0.296875,2042.5
1767277064.0733232,15,1.484375,2043.25
1767277064.0733232,15,2.609375,2044.25
1767277064.0733232,15,3.765625,2046.75
1767277064.0733232,15,4.9375,2049.0
1767277064.0733232,15,6.09375,2050.0
1767277064.0733232,15,7.296875,2052.5
1767277064.0733232,15,8.4375,2056.5
1767277064.0733232,15,9.578125,2060.75
1767277064.0733232,15,10.75,2064.5
1767277064.0733232,15,11.875,2070.75
1767277064.0733232,15,13.015625,2079.0
1767277064.0733232,15,14.171875,2088.25
1767277064.0733232,15,15.359375,2100.25
1767277064.0733232,15,16.484375,2119.5
1767277064.0733232,15,17.671875,2139.25
1767277064.0733232,15,18.796875,2152.25
1767277064.0733232,15,19.953125,2163.75
1767277064.0733232,15,21.140625,2172.75
1767277064.0733232,15,22.28125,2191.5
1767277064.0733232,15,23.4375,2218.0
1767277064.0733232,15,24.578125,2239.25
1767277064.0733232,15,25.765625,2262.75
1767277064.0733232,15,26.875,2286.75
1767277064.0733232,15,28.0625,2304.75
1767277064.0733232,15,29.21875,2322.0
1767277064.0733232,15,30.375,2344.75
1767277064.0733232,15,31.515625,2371.5
1767277064.0733232,15,32.671875,2375.25
1767277064.0733232,15,33.84375,2329.75
1767277064.0733232,15,36.3125,2194.0
1767277064.0733232,15,37.5,2202.25
1767277064.0733232,15,38.640625,2236.25
1767277064.0733232,15,39.8125,2243.0
1767277064.0733232,15,40.96875,2207.0
1767277064.0733232,15,42.1875,2160.0
1767277064.0733232,15,44.53125,2059.5
1767277064.0733232,15,45.6875,2018.25
1767277064.0733232,15,46.90625,1971.75
1767277064.0733232,15,48.046875,1926.0
1767277064.0733232,15,49.265625,1887.0
1767277064.0733232,15,50.421875,1851.0
1767277064.0733232,15,51.640625,1818.75
1767277064.0733232,15,52.78125,1788.75
1767277064.0733232,15,53.953125,1759.75
1767277064.0733232,15,55.140625,1738.0
1767277064.0733232,15,56.328125,1712.0
1767277064.0733232,15,57.5,1687.75
1767277064.0733232,15,58.6875,1666.5
1767277064.0733232,15,59.921875,1643.5
1767277064.0733232,15,61.0625,1621.75
1767277064.0733232,15,62.28125,1602.0
1767277064.0733232,15,63.453125,1582.5
1767277064.0733232,15,64.65625,1564.5
1767277064.0733232,15,65.78125,1549.25
1767277064.0733232,15,66.96875,1531.75
1767277064.0733232,15,68.109375,1517.75
1767277064.0733232,15,69.3125,1508.0
1767277064.0733232,15,70.53125,1495.25
1767277064.0733232,15,71.640625,1484.5
1767277064.0733232,15,72.859375,1473.25
1767277064.0733232,15,74.03125,1461.75
1767277064.0733232,15,75.1875,1453.25
1767277064.0733232,15,76.34375,1442.5
1767277064.0733232,15,77.515625,1433.75
1767277064.0733232,15,78.703125,1428.5
1767277064.0733232,15,79.875,1420.75
1767277064.0733232,15,81.078125,1415.0
1767277064.0733232,15,82.234375,1411.5
1767277064.0733232,15,83.265625,1407.5
1767277064.0733232,15,84.484375,1404.0
1767277064.0733232,15,85.609375,1401.0
1767277064.0733232,15,86.8125,1399.25
1767277064.0733232,15,87.953125,1397.75
1767277064.0733232,15,89.09375,1396.25
1767277064.0733232,15,90.296875,1395.0
1767277064.0733232,15,91.421875,1391.25
1767277064.0733232,15,92.59375,1392.75
1767277064.0733232,15,93.75,1396.75
1767277064.0733232,15,94.9375,1397.75
1767277064.0733232,15,96.109375,1399.0
1767277064.0733232,15,97.25,1401.0
1767277064.0733232,15,98.359375,1403.25
1767277064.0733232,15,99.53125,1406.0
1767277064.0733232,15,100.6875,1409.75
1767277064.0733232,15,101.90625,1413.75
1767277064.0733232,15,103.046875,1418.5
1767277064.0733232,15,104.15625,1424.25
1767277064.0733232,15,105.34375,1430.75
1767277064.0733232,15,106.46875,1436.0
1767277064.0733232,15,107.59375,1441.75
1767277064.0733232,15,108.71875,1452.5
1767277064.0733232,15,109.859375,1464.5
1767277064.0733232,15,111.0625,1473.5
1767277064.0733232,15,112.171875,1483.5
1767277064.0733232,15,113.328125,1494.5
1767277064.0733232,15,114.484375,1507.25
1767277064.0733232,15,115.671875,1517.75
1767277064.0733232,15,116.796875,1530.25
1767277064.0733232,15,117.9375,1547.5
1767277064.0733232,15,119.078125,1560.75
1767277064.0733232,15,120.203125,1576.75
1767277064.0733232,15,121.375,1597.5
1767277064.0733232,15,122.5,1616.5
1767277064.0733232,15,123.65625,1636.75
1767277064.0733232,15,124.78125,1657.25
1767277064.0733232,15,125.984375,1680.5
1767277064.0733232,15,127.109375,1707.25
1767277064.0733232,15,128.234375,1733.0
1767277064.0733232,15,129.375,1754.5
1767277064.0733232,15,130.5625,1780.75
1767277064.0733232,15,131.6875,1810.5
1767277064.0733232,15,132.875,1844.25
1767277064.0733232,15,134.015625,1878.75
1767277064.0733232,15,135.125,1915.0
1767277064.0733232,15,136.25,1960.5
1767277064.0733232,15,137.453125,2000.5
1767277064.0733232,15,138.59375,2040.75
1767277064.0733232,15,139.6875,2085.25
1767277064.0733232,15,140.875,2136.75
1767277064.0733232,15,141.984375,2180.5
1767277064.0733232,15,144.265625,2305.5
1767277064.0733232,15,145.4375,2360.75
1767277064.0733232,15,146.546875,2420.5
1767277064.0733232,15,149.984375,2665.75
1767277064.0733232,15,153.40625,2939.25
1767277064.0733232,15,154.625,2949.0
1767277064.0733232,15,155.8125,2922.75
1767277064.0733232,15,156.984375,2883.25
1767277064.0733232,15,158.140625,2844.0
1767277064.0733232,15,159.3125,2813.25
1767277064.0733232,15,160.484375,2792.25
1767277064.0733232,15,161.640625,2774.0
1767277064.0733232,15,162.78125,2752.75
1767277064.0733232,15,163.96875,2734.0
1767277064.0733232,15,165.125,2722.75
1767277064.0733232,15,166.28125,2713.25
1767277064.0733232,15,167.453125,2699.0
1767277064.0733232,15,168.609375,2685.5
1767277064.0733232,15,169.796875,2675.25
1767277064.0733232,15,170.9375,2667.25
1767277064.0733232,15,172.09375,2659.25
1767277064.0733232,15,173.28125,2650.25
1767277064.0733232,15,174.4375,2646.25
1767277064.0733232,15,175.609375,2643.5
1767277064.0733232,15,176.765625,2639.5
1767277064.0733232,15,177.921875,2640.0
1767277064.0733232,15,179.0625,2641.75
1767277064.0733232,12,180.25,2636.25
1767277064.0733232,7,181.390625,2631.75
1767277064.0733232,15,182.5625,2632.75
1767277064.0733232,15,183.703125,2633.5
1767277064.0733232,15,184.84375,2634.75
1767277064.0733232,9,186.046875,2638.0
1767277064.0733232,10,187.1875,2641.5
1767277064.0733232,15,188.328125,2642.0
1767277064.0733232,15,189.53125,2648.5
1767277064.0733232,15,190.671875,2662.0
1767277064.0733232,15,191.8125,2674.5
1767277064.0733232,15,192.984375,2684.0
1767277064.0733232,15,194.140625,2690.75
1767277064.0733232,15,195.28125,2701.75
1767277064.0733232,15,196.46875,2714.0
1767277064.0733232,15,197.625,2726.25
1767277064.0733232,15,198.78125,2743.25
1767277064.0733232,15,199.9375,2763.5
1767277064.0733232,15,201.09375,2779.5
1767277064.0733232,15,202.21875,2799.0
1767277064.0733232,15,203.421875,2824.25
1767277064.0733232,15,204.5625,2862.5
1767277064.0733232,15,205.71875,2913.0
1767277064.0733232,15,206.875,2938.75
1767277064.0733232,15,208.015625,2955.5
1767277064.0733232,15,209.203125,2974.0
1767277064.0733232,15,210.34375,3005.25
1767277064.0733232,15,211.5,3043.75
1767277064.0733232,15,212.640625,3065.5
1767277064.0733232,15,213.796875,3099.0
1767277064.0733232,15,214.953125,3154.25
1767277064.0733232,15,216.109375,3211.0
1767277064.0733232,15,217.28125,3253.75
1767277064.0733232,15,220.34375,1166.75
1767277064.0733232,15,221.609375,1161.75
1767277064.0733232,15,222.703125,1156.25
1767277064.0733232,15,223.859375,1149.75
1767277064.0733232,15,224.984375,1156.0
1767277064.0733232,15,227.703125,3850.25
1767277064.0733232,15,230.890625,1126.5
1767277064.0733232,15,232.109375,1123.5
1767277064.0733232,15,233.265625,1121.75
1767277064.0733232,15,234.421875,1120.0
1767277064.0733232,15,235.640625,1119.25
1767277064.0733232,15,236.796875,1119.0
1767277064.0733232,15,237.921875,1120.0
1767277064.0733232,15,239.125,1121.25
1767277064.0733232,15,240.1875,1122.0
1767277064.0733232,15,244.90625,1121.75
1767277064.0733232,15,246.046875,1123.5
1767277064.0733232,15,247.21875,1127.5
1767277064.0733232,15,248.3125,1130.5
1767277064.0733232,15,249.5,1131.25
1767277064.0733232,15,250.65625,1135.0
1767277064.0733232,15,251.875,1140.25
1767277064.0733232,15,253.03125,1143.75
1767277064.0733232,15,254.15625,1148.5
1767277064.0733232,15,255.34375,1153.5
1767277064.0733232,15,256.46875,1158.75
1767277064.0733232,15,257.609375,1165.75
1767277064.0733232,15,262.5625,3970.25
1767277064.0733232,15,263.71875,3993.5
1767277064.0733232,15,264.890625,4007.75
1767277064.0733232,15,266.0625,4005.0
1767277064.0733232,15,267.203125,3998.5
1767277064.0733232,15,268.390625,4001.5
1767277064.0733232,15,269.53125,4004.5
1767277064.0733232,15,270.6875,4006.75
1767277064.0733232,14,271.875,4012.25
1767277064.0733232,12,273.03125,4017.25
1767277064.0733232,12,274.171875,4029.75
1767277064.0733232,9,275.203125,4043.75
1767277064.0733232,11,276.359375,4051.75
1767277064.0733232,12,277.515625,4056.0
1767277064.0733232,8,278.671875,4063.75
1767277064.0733232,14,279.84375,4057.75
1767277064.0733232,10,281.0,4029.75
1767277064.0733232,15,282.15625,3997.0
1767277064.0733232,15,292.828125,2251.5
1767277064.0733232,15,294.015625,2216.0
1767277064.0733232,15,295.1875,2186.0
1767277064.0733232,15,296.328125,2169.5
1767277064.0733232,15,297.46875,2148.5
1767277064.0733232,15,298.65625,2124.5
1767277064.0733232,15,299.796875,2124.25
1767277064.0733232,15,306.421875,4249.5
1767277064.0733232,15,307.578125,4307.25
1767277064.0733232,15,308.734375,4392.75
1767277064.0733232,15,309.890625,4466.25
1767277064.0733232,15,311.03125,4518.0
1767277064.0733232,15,312.1875,4576.75
1767277064.0733232,15,314.5,4820.5
1767277064.0733232,15,315.65625,4889.75
1767277064.0733232,15,316.796875,4946.5
1767277064.0733232,15,319.078125,5235.75
1767277064.0733232,15,327.734375,1922.5
1767277064.0733232,15,328.890625,1919.5
1767277064.0733232,15,330.0625,1918.5
1767277064.0733232,15,331.203125,1918.25
1767277064.0733232,15,332.390625,1920.25
1767277064.0733232,15,333.53125,1919.0
1767277064.0733232,15,334.703125,1926.75
1767277064.0733232,15,335.84375,1922.5
1767277064.0733232,15,337.015625,1894.25
1767277064.0733232,15,338.203125,1871.5
1767277064.0733232,15,339.34375,1860.5
1767277064.0733232,15,340.5,1852.0
1767277064.0733232,15,341.671875,1841.0
1767277064.0733232,15,342.859375,1854.75
1767277064.0733232,15,347.390625,2080.0
1767277064.0733232,15,348.578125,2071.5
1767277064.0733232,15,349.703125,2065.25
1767277064.0733232,15,350.859375,2060.0
1767277064.2335362,15,352.015625,2055.5
1767277064.2335362,15,353.1875,2053.25
1767277064.2335362,15,354.359375,2051.75
1767277064.2335362,15,355.546875,2048.75
1767277064.2335362,15,356.6875,2046.5
1767277064.2335362,15,357.828125,2045.0
1767277064.2335362,15,359.015625,2043.25
1767277064.2335362,15,0.140625,2043.75
1767277064.2335362,15,1.296875,2045.0
1767277064.2335362,15,2.484375,2044.75
1767277064.2335362,15,3.609375,2046.0
1767277064.2335362,15,4.78125,2048.5
1767277064.2335362,15,5.9375,2049.75
1767277064.2335362,15,7.109375,2052.0
1767277064.2335362,15,8.265625,2054.5
1767277064.2335362,15,9.421875,2058.5
1767277064.2335362,15,10.59375,2063.25
1767277064.2335362,15,11.765625,2068.25
1767277064.2335362,15,12.890625,2079.0
1767277064.2335362,15,14.03125,2088.75
1767277064.2335362,15,15.171875,2099.75
1767277064.2335362,15,16.34375,2118.25
1767277064.2335362,15,17.515625,2137.5
1767277064.2335362,15,18.640625,2150.25
1767277064.2335362,15,19.828125,2161.25
1767277064.2335362,15,20.96875,2171.0
1767277064.2335362,15,22.140625,2188.25
1767277064.2335362,15,23.25,2213.75
1767277064.2335362,15,24.40625,2235.5
1767277064.2335362,15,25.578125,2258.5
1767277064.2335362,15,26.71875,2281.0
1767277064.2335362,15,27.875,2301.0
1767277064.2335362,15,29.046875,2320.75
1767277064.2335362,15,30.1875,2341.25
1767277064.2335362,15,31.34375,2367.25
1767277064.2335362,15,32.5,2378.75
1767277064.2335362,15,33.6875,2340.0
1767277064.2335362,15,36.109375,2207.0
1767277064.2335362,15,37.265625,2199.75
1767277064.2335362,15,38.453125,2234.0
1767277064.2335362,15,39.609375,2250.75
1767277064.2335362,15,41.9375,2165.25
1767277064.2335362,15,44.328125,2066.0
1767277064.2335362,15,45.46875,2023.5
1767277064.2335362,15,46.671875,1974.25
1767277064.2335362,15,47.859375,1937.0
1767277064.2335362,15,49.03125,1900.75
1767277064.2335362,15,50.234375,1856.75
1767277064.2335362,15,51.34375,1823.5
1767277064.2335362,15,52.578125,1795.5
1767277064.2335362,15,53.75,1765.5
1767277064.2335362,15,54.890625,1743.0
1767277064.2335362,15,56.09375,1716.25
1767277064.2335362,15,57.265625,1692.25
1767277064.2335362,15,58.4375,1670.75
1767277064.2335362,15,59.640625,1647.75
1767277064.2335362,15,60.828125,1626.0
1767277064.2335362,15,61.96875,1609.25
1767277064.2335362,15,63.125,1590.75
1767277064.2335362,15,64.328125,1568.75
1767277064.2335362,15,65.5,1553.5
1767277064.2335362,15,66.671875,1535.0
1767277064.2335362,15,67.828125,1520.0
1767277064.2335362,15,69.046875,1510.75
1767277064.2335362,15,70.203125,1498.5
1767277064.2335362,15,71.375,1484.0
1767277064.2335362,15,72.53125,1474.75
1767277064.2335362,15,73.734375,1465.75
1767277064.2335362,15,74.90625,1452.25
1767277064.2335362,15,76.03125,1441.75
1767277064.2335362,15,77.25,1435.5
1767277064.2335362,15,78.40625,1430.25
1767277064.2335362,15,79.578125,1424.25
1767277064.2335362,15,80.703125,1417.5
1767277064.2335362,15,81.875,1412.25
1767277064.2335362,15,83.078125,1409.25
1767277064.2335362,15,84.1875,1405.5
1767277064.2335362,15,85.3125,1402.25
1767277064.2335362,15,86.46875,1401.75
1767277064.2335362,15,87.640625,1400.75
1767277064.2335362,15,88.828125,1397.5
1767277064.2335362,15,89.953125,1392.5
1767277064.2335362,15,91.15625,1392.5
1767277064.2335362,15,92.296875,1396.25
1767277064.2335362,15,93.46875,1395.75
1767277064.2335362,15,94.625,1396.0
1767277064.2335362,15,95.8125,1398.0
1767277064.2335362,15,96.921875,1400.25
1767277064.2335362,15,98.125,1403.0
1767277064.2335362,15,99.265625,1406.25
1767277064.2335362,15,100.4375,1409.0
1767277064.2335362,15,101.546875,1412.0
1767277064.2335362,15,102.734375,1416.25
1767277064.2335362,15,103.890625,1422.75
1767277064.2335362,15,105.0625,1429.25
1767277064.2335362,15,106.1875,1433.75
1767277064.2335362,15,107.28125,1440.25
1767277064.2335362,15,108.40625,1450.0
1767277064.2335362,15,109.578125,1460.5
1767277064.2335362,15,110.734375,1471.5
1767277064.2335362,15,111.890625,1480.5
1767277064.2335362,15,113.046875,1490.5
1767277064.2335362,15,114.171875,1504.5
1767277064.2335362,15,115.328125,1515.5
1767277064.2335362,15,116.46875,1524.5
1767277064.2335362,15,117.625,1540.75
1767277064.2335362,15,118.796875,1557.75
1767277064.2335362,15,119.953125,1571.75
1767277064.2335362,15,121.09375,1593.25
1767277064.2335362,15,122.203125,1612.0
1767277064.2335362,15,123.34375,1628.75
1767277064.2335362,15,124.5625,1650.25
1767277064.2335362,15,125.65625,1674.0
1767277064.2335362,15,126.828125,1697.5
1767277064.2335362,15,127.953125,1722.75
1767277064.2335362,15,129.078125,1749.5
1767277064.2335362,15,130.234375,1775.0
1767277064.2335362,15,131.375,1800.5
1767277064.2335362,15,132.53125,1827.5
1767277064.2335362,15,133.671875,1863.0
1767277064.2335362,15,134.8125,1906.0
1767277064.2335362,15,135.96875,1951.25
1767277064.2335362,15,137.09375,1989.75
1767277064.2335362,15,138.25,2028.75
1767277064.2335362,15,139.375,2068.5
1767277064.2335362,15,140.484375,2118.25
1767277064.2335362,15,141.640625,2170.0
1767277064.2335362,15,142.8125,2222.25
1767277064.2335362,15,143.9375,2285.5
1767277064.2335362,15,145.078125,2344.0
1767277064.2335362,15,146.234375,2404.25
1767277064.2335362,15,149.625,2639.5
1767277064.2335362,15,153.0625,2933.0
1767277064.2335362,15,154.203125,2952.25
1767277064.2335362,15,155.359375,2925.75
1767277064.2335362,15,156.546875,2894.75
1767277064.2335362,15,157.71875,2859.0
1767277064.2335362,15,158.859375,2825.5
1767277064.2335362,15,160.015625,2800.75
1767277064.2335362,15,161.1875,2779.25
1767277064.2335362,15,162.34375,2759.0
1767277064.2335362,15,163.515625,2742.0
1767277064.2335362,15,164.65625,2728.75
1767277064.2335362,15,165.8125,2718.5
1767277064.2335362,15,167.0,2704.75
1767277064.2335362,15,168.140625,2689.75
1767277064.2335362,15,169.28125,2679.75
1767277064.2335362,15,170.453125,2670.75
1767277064.2335362,15,171.625,2662.25
1767277064.2335362,15,172.78125,2655.25
1767277064.2335362,15,173.953125,2650.75
1767277064.2335362,15,175.109375,2644.5
1767277064.2335362,15,176.265625,2640.25
1767277064.2335362,15,177.421875,2640.75
1767277064.2335362,15,178.640625,2642.0
1767277064.2335362,14,179.78125,2640.75
1767277064.2335362,9,180.953125,2633.5
1767277064.2335362,15,182.09375,2632.0
1767277064.2335362,15,183.25,2634.5
1767277064.2335362,15,184.40625,2634.25
1767277064.2335362,8,185.5625,2638.0
1767277064.2335362,15,186.765625,2641.0
1767277064.2335362,11,187.890625,2641.25
1767277064.2335362,14,189.078125,2644.25
1767277064.2335362,15,190.21875,2653.75
1767277064.2335362,15,191.375,2669.75
1767277064.2335362,15,192.53125,2681.5
1767277064.2335362,15,193.703125,2687.0
1767277064.2335362,15,194.84375,2696.75
1767277064.2335362,15,196.015625,2710.75
1767277064.2335362,15,197.1875,2722.5
1767277064.2335362,15,198.34375,2737.0
1767277064.2335362,15,199.484375,2756.25
1767277064.2335362,15,200.625,2772.75
1767277064.2335362,15,201.796875,2788.75
1767277064.2335362,15,202.96875,2815.0
1767277064.2335362,15,204.125,2848.25
1767277064.2335362,15,205.265625,2893.25
1767277064.2335362,15,206.4375,2927.0
1767277064.2335362,15,207.609375,2945.75
1767277064.2335362,15,208.734375,2966.0
1767277064.2335362,15,209.90625,2992.25
1767277064.2335362,15,211.046875,3031.5
1767277064.2335362,15,212.21875,3059.5
1767277064.2335362,15,213.390625,3081.25
1767277064.2335362,15,214.515625,3127.25
1767277064.2335362,15,215.6875,3192.75
1767277064.2335362,15,216.828125,3237.0
1767277064.2335362,15,217.984375,3281.5
1767277064.2335362,15,221.140625,1163.25
1767277064.2335362,15,222.328125,1156.75
1767277064.2335362,15,223.46875,1152.0
1767277064.2335362,15,224.671875,1148.0
1767277064.2335362,15,227.265625,3818.25
1767277064.2335362,15,230.46875,1127.5
1767277064.2335362,15,231.65625,1124.75
1767277064.2335362,15,232.859375,1122.5
1767277064.2335362,15,234.015625,1120.5
1767277064.2335362,15,235.15625,1119.5
1767277064.2335362,15,236.375,1119.5
1767277064.2335362,15,237.484375,1119.75
1767277064.2335362,15,238.640625,1119.75
1767277064.2335362,15,239.796875,1121.25
1767277064.2335362,12,243.546875,3958.5
1767277064.2335362,15,246.75,1125.25
1767277064.2335362,15,247.984375,1127.25
1767277064.2335362,15,249.09375,1129.5
1767277064.2335362,15,250.21875,1133.25
1767277064.2335362,15,251.390625,1138.5
1767277064.2335362,15,252.609375,1142.5
1767277064.2335362,15,253.71875,1146.75
1767277064.2335362,15,254.90625,1152.0
1767277064.2335362,15,256.0625,1156.25
1767277064.2335362,15,257.21875,1161.75
1767277064.2335362,15,258.359375,1175.5
1767277064.2335362,15,260.96875,3954.75
1767277064.2335362,14,262.109375,3962.75
1767277064.2335362,15,263.28125,3984.0
1767277064.2335362,15,264.4375,4003.5
1767277064.2335362,15,265.625,4004.0
1767277064.2335362,14,266.75,3997.0
1767277064.2335362,15,267.921875,3998.75
1767277064.2335362,15,269.109375,4004.75
1767277064.2335362,15,270.265625,4004.75
1767277064.2335362,15,271.40625,4010.25
1767277064.2335362,14,272.578125,4017.25
1767277064.2335362,15,273.734375,4022.75
1767277064.2335362,15,274.78125,4033.75
1767277064.2335362,14,275.921875,4043.75
1767277064.2335362,12,277.078125,4047.5
1767277064.2335362,13,278.234375,4053.75
1767277064.2335362,7,279.390625,4054.5
1767277064.2335362,10,280.5625,4039.5
1767277064.2335362,15,281.71875,4008.0
1767277064.2335362,15,292.421875,2266.25
1767277064.2335362,15,293.578125,2225.5
1767277064.2335362,15,294.75,2193.0
1767277064.2335362,15,295.90625,2176.75
1767277064.2335362,15,297.046875,2156.5
1767277064.2335362,15,298.203125,2133.5
1767277064.2335362,15,299.4375,2123.0
1767277064.2335362,15,307.21875,4288.0
1767277064.2335362,15,308.34375,4370.0
1767277064.2335362,15,309.53125,4454.5
1767277064.2335362,15,310.6875,4509.0
1767277064.2335362,15,311.828125,4553.0
1767277064.2335362,15,312.984375,4650.25
1767277064.2335362,15,314.140625,4773.25
1767277064.2335362,15,315.28125,4859.0
1767277064.2335362,15,316.4375,4921.25
1767277064.2335362,15,318.75,5194.5
1767277064.2335362,15,328.546875,1917.5
1767277064.2335362,15,329.703125,1918.25
1767277064.2335362,15,330.90625,1918.25
1767277064.2335362,15,332.0625,1918.5
1767277064.2335362,15,333.203125,1918.75
1767277064.2335362,15,334.40625,1921.25
1767277064.2335362,15,335.546875,1919.5
1767277064.2335362,15,336.734375,1905.0
1767277064.2335362,15,337.90625,1882.75
1767277064.2335362,15,339.078125,1865.0
1767277064.2335362,15,340.203125,1855.0
1767277064.2335362,15,341.40625,1844.25
1767277064.2335362,15,342.515625,1844.5
1767277064.2335362,15,345.921875,2093.5
1767277064.2335362,15,347.0625,2082.0
1767277064.2335362,15,348.265625,2071.25
1767277064.2335362,15,349.421875,2063.75
1767277064.2335362,15,350.546875,2060.25
1767277064.3906183,15,351.703125,2055.5
1767277064.3906183,15,352.875,2052.25
1767277064.3906183,15,354.0625,2049.75
1767277064.3906183,15,355.203125,2047.25
1767277064.3906183,15,356.375,2045.75
1767277064.3906183,15,357.546875,2043.25
1767277064.3906183,15,358.6875,2043.0
1767277064.3906183,15,359.859375,2044.75
1767277064.3906183,15,1.015625,2044.75
1767277064.3906183,15,2.171875,2045.5
1767277064.3906183,15,3.328125,2045.75
1767277064.3906183,15,4.515625,2046.75
1767277064.3906183,15,5.65625,2048.25
1767277064.3906183,15,6.8125,2051.5
1767277064.3906183,15,7.96875,2056.25
1767277064.3906183,15,9.140625,2058.75
1767277064.3906183,15,10.28125,2062.0
1767277064.3906183,15,11.484375,2067.75
1767277064.3906183,15,12.640625,2075.75
1767277064.3906183,15,13.796875,2086.5
1767277064.3906183,15,14.921875,2097.75
1767277064.3906183,15,16.078125,2113.75
1767277064.3906183,15,17.265625,2132.5
1767277064.3906183,15,18.421875,2146.0
1767277064.3906183,15,19.578125,2157.5
1767277064.3906183,15,20.703125,2167.25
1767277064.3906183,15,21.875,2186.25
1767277064.3906183,15,23.046875,2212.25
1767277064.3906183,15,24.15625,2233.0
1767277064.3906183,15,25.34375,2255.75
1767277064.3906183,15,26.46875,2280.0
1767277064.3906183,15,27.640625,2300.0
1767277064.3906183,15,28.78125,2318.25
1767277064.3906183,15,29.9375,2339.75
1767277064.3906183,15,31.125,2362.5
1767277064.3906183,15,32.234375,2381.5
1767277064.3906183,15,33.4375,2357.0
1767277064.3906183,15,37.078125,2192.75
1767277064.3906183,15,38.265625,2227.0
1767277064.3906183,15,39.421875,2255.25
1767277064.3906183,15,41.765625,2172.0
1767277064.3906183,15,44.140625,2071.25
1767277064.3906183,15,45.3125,2028.25
1767277064.3906183,15,46.484375,1986.0
1767277064.3906183,15,47.6875,1948.5
1767277064.3906183,15,48.890625,1904.0
1767277064.3906183,15,50.046875,1868.0
1767277064.3906183,15,51.203125,1834.5
1767277064.3906183,15,52.390625,1796.75
1767277064.3906183,15,53.5625,1768.0
1767277064.3906183,15,54.796875,1745.25
1767277064.3906183,15,55.90625,1719.5
1767277064.3906183,15,57.125,1695.25
1767277064.3906183,15,58.265625,1673.0
1767277064.3906183,15,59.5,1650.5
1767277064.3906183,15,60.640625,1628.5
1767277064.3906183,15,61.78125,1611.75
1767277064.3906183,15,62.96875,1592.5
1767277064.3906183,15,64.140625,1571.25
1767277064.3906183,15,65.296875,1556.5
1767277064.3906183,15,66.515625,1541.25
1767277064.3906183,15,67.6875,1525.0
1767277064.3906183,15,68.875,1512.75
1767277064.3906183,15,70.046875,1502.0
1767277064.3906183,15,71.1875,1488.5
1767277064.3906183,15,72.375,1478.0
1767277064.3906183,15,73.515625,1468.75
1767277064.3906183,15,74.71875,1458.0
1767277064.3906183,15,75.84375,1445.75
1767277064.3906183,15,77.078125,1436.0
1767277064.3906183,15,78.1875,1430.0
1767277064.3906183,15,79.375,1424.5
1767277064.3906183,15,80.546875,1419.75
1767277064.3906183,15,81.734375,1414.0
1767277064.3906183,15,82.890625,1410.25
1767277064.3906183,15,83.953125,1407.0
1767277064.3906183,15,85.078125,1404.25
1767277064.3906183,15,86.296875,1402.25
1767277064.3906183,15,87.421875,1399.5
1767277064.3906183,15,88.625,1396.75
1767277064.3906183,15,89.75,1395.5
1767277064.3906183,15,90.921875,1395.75
1767277064.3906183,15,92.03125,1392.75
1767277064.3906183,15,93.21875,1393.25
1767277064.3906183,15,94.375,1397.0
1767277064.3906183,15,95.578125,1397.5
1767277064.3906183,15,96.6875,1398.0
1767277064.3906183,15,97.875,1400.5
1767277064.3906183,15,99.03125,1404.25
1767277064.3906183,15,100.171875,1407.5
1767277064.3906183,15,101.34375,1411.25
1767277064.3906183,15,102.515625,1415.75
1767277064.3906183,15,103.671875,1421.0
1767277064.3906183,15,104.78125,1427.0
1767277064.3906183,15,105.90625,1432.25
1767277064.3906183,15,107.15625,1437.75
1767277064.3906183,15,108.265625,1447.5
1767277064.3906183,15,109.421875,1458.75
1767277064.3906183,15,110.5625,1470.0
1767277064.3906183,15,111.75,1480.25
1767277064.3906183,15,112.859375,1489.5
1767277064.3906183,15,114.046875,1502.75
1767277064.3906183,15,115.171875,1513.5
1767277064.3906183,15,116.34375,1525.75
1767277064.3906183,15,117.46875,1543.25
1767277064.3906183,15,118.65625,1556.25
1767277064.3906183,15,119.828125,1569.5
1767277064.3906183,15,120.96875,1591.75
1767277064.3906183,15,122.125,1610.75
1767277064.3906183,15,123.25,1627.25
1767277064.3906183,15,124.40625,1648.25
1767277064.3906183,15,125.5625,1673.0
1767277064.3906183,15,126.6875,1696.25
1767277064.3906183,15,127.796875,1721.25
1767277064.3906183,15,129.015625,1747.5
1767277064.3906183,15,130.15625,1771.0
1767277064.3906183,15,131.359375,1799.25
1767277064.3906183,15,132.46875,1828.0
1767277064.3906183,15,133.65625,1862.75
1767277064.3906183,15,134.796875,1905.75
1767277064.3906183,15,135.921875,1943.5
1767277064.3906183,15,137.0625,1982.25
1767277064.3906183,15,138.21875,2028.5
1767277064.3906183,15,139.359375,2068.5
1767277064.3906183,15,140.53125,2118.0
1767277064.3906183,15,141.65625,2169.25
1767277064.3906183,15,142.796875,2221.75
1767277064.3906183,15,143.96875,2285.0
1767277064.3906183,15,145.09375,2343.5
1767277064.3906183,15,146.25,2404.0
1767277064.3906183,15,149.6875,2640.5
1767277064.3906183,15,153.109375,2933.0
1767277064.3906183,15,154.265625,2952.5
1767277064.3906183,15,155.40625,2938.75
1767277064.3906183,15,156.5625,2908.0
1767277064.3906183,15,157.765625,2858.5
1767277064.3906183,15,158.90625,2824.0
1767277064.3906183,15,160.078125,2799.75
1767277064.3906183,15,161.234375,2778.5
1767277064.3906183,15,162.390625,2758.5
1767277064.3906183,15,163.5625,2739.5
1767277064.3906183,15,164.734375,2727.0
1767277064.3906183,15,165.875,2717.0
1767277064.3906183,15,167.03125,2702.75
1767277064.3906183,15,168.21875,2690.0
1767277064.3906183,15,169.359375,2680.0
1767277064.3906183,15,170.546875,2670.75
1767277064.3906183,15,171.6875,2661.75
1767277064.3906183,15,172.859375,2654.75
1767277064.3906183,15,174.015625,2648.25
1767277064.3906183,15,175.171875,2642.0
1767277064.3906183,15,176.328125,2639.0
1767277064.3906183,15,177.515625,2639.5
1767277064.3906183,15,178.671875,2638.25
1767277064.3906183,14,179.828125,2637.5
1767277064.3906183,9,180.953125,2634.0
1767277064.3906183,15,182.15625,2632.0
1767277064.3906183,15,183.28125,2634.25
1767277064.3906183,15,184.46875,2633.25
1767277064.3906183,15,185.59375,2637.0
1767277064.3906183,9,186.78125,2641.0
1767277064.3906183,11,187.921875,2641.25
1767277064.3906183,13,189.09375,2644.0
1767277064.3906183,15,190.25,2653.75
1767277064.3906183,15,191.40625,2669.25
1767277064.3906183,15,192.578125,2680.75
1767277064.3906183,15,193.734375,2686.0
1767277064.3906183,15,194.875,2696.5
1767277064.3906183,15,196.046875,2710.75
1767277064.3906183,15,197.1875,2723.5
1767277064.3906183,15,198.34375,2738.0
1767277064.3906183,15,199.515625,2755.75
1767277064.3906183,15,200.671875,2772.5
1767277064.3906183,15,201.8125,2789.0
1767277064.3906183,15,203.046875,2815.25
1767277064.3906183,15,204.203125,2852.5
1767277064.3906183,15,205.328125,2898.5
1767277064.3906183,15,206.53125,2927.25
1767277064.3906183,15,207.671875,2945.0
1767277064.3906183,15,208.84375,2966.25
1767277064.3906183,15,210.015625,2997.0
1767277064.3906183,15,211.15625,3036.75
1767277064.3906183,15,212.3125,3060.25
1767277064.3906183,15,213.484375,3082.5
1767277064.3906183,15,214.625,3131.75
1767277064.3906183,15,215.765625,3196.0
1767277064.3906183,15,216.921875,3241.75
1767277064.3906183,15,218.09375,3286.5
1767277064.3906183,15,221.28125,1162.5
1767277064.3906183,15,222.4375,1157.25
1767277064.3906183,15,223.578125,1152.5
1767277064.3906183,15,224.6875,1152.5
1767277064.3906183,15,227.375,3825.75
1767277064.3906183,15,230.578125,1127.0
1767277064.3906183,15,231.796875,1123.75
1767277064.3906183,15,232.953125,1121.5
1767277064.3906183,15,234.171875,1120.25
1767277064.3906183,15,235.3125,1119.75
1767277064.3906183,15,236.375,1120.0
1767277064.3906183,15,237.625,1120.5
1767277064.3906183,15,238.75,1120.25
1767277064.3906183,15,239.890625,1121.25
1767277064.3906183,15,245.796875,1124.0
1767277064.3906183,15,246.953125,1126.0
1767277064.3906183,15,248.109375,1128.25
1767277064.3906183,15,249.28125,1132.75
1767277064.3906183,15,250.375,1135.5
1767277064.3906183,15,251.53125,1138.5
1767277064.3906183,15,252.625,1143.25
1767277064.3906183,15,253.828125,1147.25
1767277064.3906183,15,254.90625,1151.75
1767277064.3906183,15,256.078125,1157.0
1767277064.3906183,15,257.296875,1162.5
1767277064.3906183,15,262.203125,3964.75
1767277064.3906183,15,263.359375,3984.75
1767277064.3906183,15,264.53125,4003.75
1767277064.3906183,15,265.671875,4004.25
1767277064.3906183,15,266.828125,3994.75
1767277064.3906183,15,268.0,3994.25
1767277064.3906183,13,269.15625,4001.75
1767277064.3906183,15,270.3125,4006.75
1767277064.3906183,15,271.5,4011.75
1767277064.3906183,14,272.625,4020.75
1767277064.3906183,15,273.796875,4027.5
1767277064.3906183,13,274.859375,4035.75
1767277064.3906183,13,276.0,4045.0
1767277064.3906183,12,277.171875,4050.0
1767277064.3906183,11,278.3125,4056.25
1767277064.3906183,11,279.46875,4054.0
1767277064.3906183,9,280.640625,4039.0
1767277064.3906183,15,281.796875,4008.75
1767277064.3906183,15,292.5,2261.25
1767277064.3906183,15,293.671875,2222.25
1767277064.3906183,15,294.828125,2190.0
1767277064.3906183,15,295.984375,2175.5
1767277064.3906183,15,297.140625,2154.75
1767277064.3906183,15,298.296875,2132.25
1767277064.3906183,15,299.5625,2122.75
1767277064.3906183,15,307.3125,4292.75
1767277064.3906183,15,308.46875,4374.5
1767277064.3906183,15,309.65625,4458.25
1767277064.3906183,15,310.796875,4513.75
1767277064.3906183,15,311.953125,4559.0
1767277064.3906183,15,314.25,4781.5
1767277064.3906183,15,315.40625,4861.75
1767277064.3906183,15,316.5625,4934.0
1767277064.3906183,15,318.859375,5197.25
1767277064.3906183,15,328.578125,1917.75
1767277064.3906183,15,329.765625,1918.5
1767277064.3906183,15,330.921875,1918.0
1767277064.3906183,15,332.078125,1918.25
1767277064.3906183,15,333.21875,1918.5
1767277064.3906183,15,334.421875,1920.25
1767277064.3906183,15,335.5625,1919.0
1767277064.3906183,15,336.71875,1904.75
1767277064.3906183,15,337.921875,1882.25
1767277064.3906183,15,339.078125,1864.75
1767277064.3906183,15,340.21875,1854.75
1767277064.3906183,15,341.40625,1844.25
1767277064.3906183,15,342.515625,1844.25
1767277064.3906183,15,345.953125,2093.0
1767277064.3906183,15,347.046875,2081.5
1767277064.3906183,15,348.203125,2071.0
1767277064.3906183,15,349.359375,2063.75
1767277064.3906183,15,350.5625,2060.0
1767277064.5476537,15,351.71875,2055.25
1767277064.5476537,15,352.875,2053.0
1767277064.5476537,15,353.984375,2050.75
1767277064.5476537,15,355.15625,2047.5
1767277064.5476537,15,356.296875,2045.5
1767277064.5476537,15,357.484375,2043.0
1767277064.5476537,15,358.640625,2043.25
1767277064.5476537,15,359.8125,2044.75
1767277064.5476537,15,0.96875,2044.25
1767277064.5476537,15,2.109375,2045.25
1767277064.5476537,15,3.28125,2046.0
1767277064.5476537,15,4.4375,2046.75
1767277064.5476537,15,5.59375,2048.0
1767277064.5476537,15,6.71875,2051.25
1767277064.5476537,15,7.875,2056.25
1767277064.5476537,15,9.0625,2058.75
1767277064.5476537,15,10.1875,2061.75
1767277064.5476537,15,11.390625,2066.25
1767277064.5476537,15,12.546875,2074.5
1767277064.5476537,15,13.71875,2085.5
1767277064.5476537,15,14.859375,2097.0
1767277064.5476537,15,16.03125,2110.75
1767277064.5476537,15,17.15625,2129.5
1767277064.5476537,15,18.328125,2146.0
1767277064.5476537,15,19.484375,2157.5
1767277064.5476537,15,20.640625,2167.25
1767277064.5476537,15,21.78125,2178.5
1767277064.5476537,15,22.921875,2204.75
1767277064.5476537,15,24.078125,2232.0
1767277064.5476537,15,25.21875,2254.5
1767277064.5476537,15,26.40625,2278.0
1767277064.5476537,15,27.5625,2298.0
1767277064.5476537,15,28.6875,2317.0
1767277064.5476537,15,29.875,2338.0
1767277064.5476537,15,31.03125,2362.0
1767277064.5476537,15,32.1875,2387.25
1767277064.5476537,15,37.0,2194.75
1767277064.5476537,15,38.15625,2225.25
1767277064.5476537,12,39.3125,2268.5
1767277064.5476537,15,41.671875,2175.0
1767277064.5476537,15,42.875,2129.75
1767277064.5476537,15,44.015625,2078.75
1767277064.5476537,15,45.21875,2031.25
1767277064.5476537,15,46.421875,1989.25
1767277064.5476537,15,47.609375,1951.5
1767277064.5476537,15,48.75,1906.75
1767277064.5476537,15,49.953125,1869.25
1767277064.5476537,15,51.15625,1835.75
1767277064.5476537,15,52.28125,1803.25
1767277064.5476537,15,53.46875,1774.5
1767277064.5476537,15,54.6875,1747.5
1767277064.5476537,15,55.84375,1721.5
1767277064.5476537,15,57.046875,1697.0
1767277064.5476537,15,58.203125,1674.5
1767277064.5476537,15,59.359375,1650.0
1767277064.5476537,15,60.53125,1629.25
1767277064.5476537,15,61.734375,1612.5
1767277064.5476537,15,62.859375,1594.0
1767277064.5476537,15,64.03125,1573.0
1767277064.5476537,15,65.265625,1557.5
1767277064.5476537,15,66.375,1541.75
1767277064.5476537,15,67.59375,1525.75
1767277064.5476537,15,68.765625,1513.75
1767277064.5476537,15,69.953125,1502.5
1767277064.5476537,15,71.078125,1489.0
1767277064.5476537,15,72.234375,1478.5
1767277064.5476537,15,73.40625,1469.5
1767277064.5476537,15,74.609375,1458.75
1767277064.5476537,15,75.78125,1445.5
1767277064.5476537,15,76.953125,1435.75
1767277064.5476537,15,78.09375,1431.25
1767277064.5476537,15,79.25,1425.75
1767277064.5476537,15,80.46875,1419.75
1767277064.5476537,15,81.59375,1414.0
1767277064.5476537,15,82.75,1410.0
1767277064.5476537,15,83.875,1406.5
1767277064.5476537,15,85.0,1404.25
1767277064.5476537,15,86.171875,1402.75
1767277064.5476537,15,87.390625,1399.75
1767277064.5476537,15,88.53125,1394.0
1767277064.5476537,15,89.640625,1393.0
1767277064.5476537,15,90.8125,1395.75
1767277064.5476537,15,92.0,1395.25
1767277064.5476537,15,93.125,1396.0
1767277064.5476537,15,94.28125,1396.75
1767277064.5476537,15,95.46875,1397.25
1767277064.5476537,15,96.625,1398.0
1767277064.5476537,15,97.765625,1400.75
1767277064.5476537,15,98.953125,1404.25
1767277064.5476537,15,100.125,1407.0
1767277064.5476537,15,101.28125,1410.75
1767277064.5476537,15,102.40625,1415.5
1767277064.5476537,15,103.5625,1420.75
1767277064.5476537,15,104.765625,1426.25
1767277064.5476537,15,105.859375,1431.75
1767277064.5476537,15,107.03125,1437.25
1767277064.5476537,15,108.21875,1446.5
1767277064.5476537,15,109.375,1458.5
1767277064.5476537,15,110.515625,1469.5
1767277064.5476537,15,111.640625,1479.75
1767277064.5476537,15,112.828125,1490.0
1767277064.5476537,15,113.9375,1503.0
1767277064.5476537,15,115.109375,1513.5
1767277064.5476537,15,116.265625,1520.25
1767277064.5476537,15,117.40625,1536.75
1767277064.5476537,15,118.578125,1555.0
1767277064.5476537,15,119.734375,1569.25
1767277064.5476537,15,120.859375,1589.25
1767277064.5476537,15,122.03125,1608.25
1767277064.5476537,15,123.203125,1625.75
1767277064.5476537,15,124.34375,1646.75
1767277064.5476537,15,125.4375,1671.25
1767277064.5476537,15,126.609375,1694.25
1767277064.5476537,15,127.734375,1719.0
1767277064.5476537,15,128.90625,1745.0
1767277064.5476537,15,130.078125,1766.25
1767277064.5476537,15,131.1875,1793.75
1767277064.5476537,15,132.328125,1825.25
1767277064.5476537,15,133.46875,1859.75
1767277064.5476537,15,134.59375,1901.75
1767277064.5476537,15,135.765625,1938.75
1767277064.5476537,15,136.859375,1976.25
1767277064.5476537,15,138.03125,2022.0
1767277064.5476537,15,139.1875,2062.25
1767277064.5476537,15,140.3125,2110.75
1767277064.5476537,15,141.4375,2162.75
1767277064.5476537,15,142.578125,2216.5
1767277064.5476537,15,143.734375,2277.5
1767277064.5476537,15,144.875,2333.75
1767277064.5476537,15,146.046875,2395.0
1767277064.5476537,8,147.1875,2446.75
1767277064.5476537,15,149.4375,2632.75
1767277064.5476537,15,152.859375,2931.5
1767277064.5476537,15,154.015625,2954.5
1767277064.5476537,15,155.21875,2926.0
1767277064.5476537,15,156.375,2900.0
1767277064.5476537,15,157.546875,2870.0
1767277064.5476537,15,158.703125,2831.5
1767277064.5476537,15,159.875,2802.5
1767277064.5476537,15,161.046875,2782.75
1767277064.5476537,15,162.21875,2761.0
1767277064.5476537,15,163.359375,2742.5
1767277064.5476537,15,164.53125,2728.75
1767277064.5476537,15,165.703125,2717.5
1767277064.5476537,15,166.84375,2705.0
1767277064.5476537,15,168.015625,2692.25
1767277064.5476537,15,169.15625,2682.0
1767277064.5476537,15,170.34375,2671.5
1767277064.5476537,15,171.5,2662.75
1767277064.5476537,15,172.671875,2656.25
1767277064.5476537,15,173.828125,2651.75
1767277064.5476537,15,174.96875,2645.75
1767277064.5476537,15,176.125,2642.0
1767277064.5476537,15,177.3125,2640.25
1767277064.5476537,14,178.4375,2639.25
1767277064.5476537,15,179.65625,2639.0
1767277064.5476537,11,180.796875,2633.75
1767277064.5476537,6,181.96875,2633.75
1767277064.5476537,15,183.140625,2636.0
1767277064.5476537,15,184.28125,2634.0
1767277064.5476537,15,185.4375,2636.0
1767277064.5476537,8,186.640625,2639.25
1767277064.5476537,13,187.765625,2640.0
1767277064.5476537,14,188.953125,2642.75
1767277064.5476537,15,190.09375,2652.0
1767277064.5476537,15,191.25,2668.0
1767277064.5476537,15,192.40625,2681.5
1767277064.5476537,15,193.59375,2685.25
1767277064.5476537,15,194.734375,2693.0
1767277064.5476537,15,195.875,2706.5
1767277064.5476537,15,197.0625,2720.0
1767277064.5476537,15,198.203125,2735.5
1767277064.5476537,15,199.375,2754.5
1767277064.5476537,15,200.546875,2772.5
1767277064.5476537,15,201.6875,2789.25
1767277064.5476537,15,202.921875,2814.5
1767277064.5476537,15,204.078125,2847.0
1767277064.5476537,15,205.234375,2893.25
1767277064.5476537,15,206.421875,2926.75
1767277064.5476537,15,207.5625,2942.0
1767277064.5476537,15,208.734375,2962.5
1767277064.5476537,15,209.890625,2992.5
1767277064.5476537,15,211.03125,3032.0
1767277064.5476537,15,212.21875,3059.25
1767277064.5476537,15,213.390625,3081.25
1767277064.5476537,15,214.53125,3126.5
1767277064.5476537,15,215.6875,3191.0
1767277064.5476537,15,216.828125,3235.75
1767277064.5476537,15,218.015625,3280.5
1767277064.5476537,15,221.140625,1163.25
1767277064.5476537,15,222.28125,1156.75
1767277064.5476537,15,223.46875,1151.75
1767277064.5476537,15,224.625,1148.0
1767277064.5476537,15,227.234375,3822.75
1767277064.5476537,15,230.421875,1127.75
1767277064.5476537,15,231.59375,1125.0
1767277064.5476537,15,232.765625,1122.5
1767277064.5476537,15,233.90625,1120.5
1767277064.5476537,15,235.125,1119.5
1767277064.5476537,15,236.25,1119.75
1767277064.5476537,15,237.453125,1120.0
1767277064.5476537,15,238.640625,1120.0
1767277064.5476537,15,239.75,1121.5
1767277064.5476537,15,240.921875,1134.0
1767277064.5476537,11,243.5,3960.0
1767277064.5476537,15,246.703125,1125.0
1767277064.5476537,15,247.9375,1127.25
1767277064.5476537,15,249.046875,1129.75
1767277064.5476537,15,250.203125,1133.5
1767277064.5476537,15,251.421875,1137.75
1767277064.5476537,15,252.546875,1141.75
1767277064.5476537,15,253.625,1147.5
1767277064.5476537,15,254.796875,1152.5
1767277064.5476537,15,255.984375,1156.0
1767277064.5476537,15,257.1875,1161.75
1767277064.5476537,15,258.25,1175.0
1767277064.5476537,15,260.90625,3957.75
1767277064.5476537,15,262.078125,3966.5
1767277064.5476537,15,263.234375,3979.75
1767277064.5476537,15,264.421875,3997.0
1767277064.5476537,15,265.5625,4002.5
1767277064.5476537,14,266.734375,3994.25
1767277064.5476537,15,267.875,3995.5
1767277064.5476537,15,269.0625,4003.5
1767277064.5476537,15,270.21875,4003.75
1767277064.5476537,15,271.390625,4010.0
1767277064.5476537,15,272.53125,4017.75
1767277064.5476537,15,273.703125,4023.25
1767277064.5476537,14,274.765625,4034.5
1767277064.5476537,13,275.921875,4045.5
1767277064.5476537,13,277.078125,4048.75
1767277064.5476537,12,278.234375,4053.25
1767277064.5476537,7,279.390625,4055.25
1767277064.5476537,11,280.546875,4041.75
1767277064.5476537,15,281.703125,4011.0
1767277064.5476537,15,292.421875,2261.5
1767277064.5476537,15,293.59375,2224.5
1767277064.5476537,15,294.75,2192.5
1767277064.5476537,15,295.9375,2176.25
1767277064.5476537,15,297.078125,2156.0
1767277064.5476537,15,298.265625,2132.75
1767277064.5476537,15,299.453125,2122.75
1767277064.5476537,15,307.203125,4286.75
1767277064.5476537,15,308.375,4368.5
1767277064.5476537,15,309.53125,4453.75
1767277064.5476537,15,310.671875,4509.25
1767277064.5476537,15,311.828125,4554.5
1767277064.5476537,15,312.984375,4652.25
1767277064.5476537,15,314.140625,4773.75
1767277064.5476537,15,315.265625,4859.25
1767277064.5476537,15,316.4375,4922.25
1767277064.5476537,15,318.734375,5193.25
1767277064.5476537,15,323.328125,5668.75
1767277064.5476537,15,328.453125,1917.75
1767277064.5476537,15,329.625,1919.75
1767277064.5476537,15,330.8125,1919.5
1767277064.5476537,15,331.9375,1918.75
1767277064.5476537,15,333.109375,1919.5
1767277064.5476537,15,334.265625,1921.5
1767277064.5476537,15,335.40625,1921.0
1767277064.5476537,15,336.609375,1907.25
1767277064.5476537,15,337.765625,1883.0
1767277064.5476537,15,338.890625,1865.0
1767277064.5476537,15,340.09375,1854.75
1767277064.5476537,15,341.21875,1844.75
1767277064.5476537,15,342.375,1840.75
1767277064.5476537,15,345.78125,2086.75
1767277064.5476537,15,346.953125,2084.0
1767277064.5476537,15,348.140625,2073.75
1767277064.5476537,15,349.25,2065.75
1767277064.5476537,15,350.421875,2059.75
1767277064.7092462,15,351.59375,2056.0
1767277064.7092462,15,352.75,2054.25
1767277064.7092462,15,353.90625,2050.5
1767277064.7092462,15,355.09375,2047.0
1767277064.7092462,15,356.265625,2045.75
1767277064.7092462,15,357.40625,2043.0
1767277064.7092462,15,358.53125,2042.75
1767277064.7092462,15,359.71875,2045.0
1767277064.7092462,15,0.84375,2045.0
1767277064.7092462,15,2.0,2044.5
1767277064.7092462,15,3.203125,2045.5
1767277064.7092462,15,4.34375,2048.0
1767277064.7092462,15,5.5,2049.25
1767277064.7092462,15,6.65625,2050.0
1767277064.7092462,15,7.8125,2054.75
1767277064.7092462,15,8.984375,2059.0
1767277064.7092462,15,10.140625,2060.5
1767277064.7092462,15,11.34375,2065.5
1767277064.7092462,15,12.5,2075.25
1767277064.7092462,15,13.671875,2085.75
1767277064.7092462,15,14.875,2097.0
1767277064.7092462,15,16.0,2110.0
1767277064.7092462,15,17.171875,2128.5
1767277064.7092462,15,18.3125,2145.5
1767277064.7092462,15,19.46875,2155.75
1767277064.7092462,15,20.65625,2165.5
1767277064.7092462,15,21.8125,2179.75
1767277064.7092462,15,22.953125,2205.75
1767277064.7092462,15,24.078125,2232.0
1767277064.7092462,15,25.265625,2254.5
1767277064.7092462,15,26.40625,2278.0
1767277064.7092462,15,27.5625,2298.25
1767277064.7092462,15,28.703125,2317.25
1767277064.7092462,15,29.890625,2338.0
1767277064.7092462,15,31.046875,2361.75
1767277064.7092462,15,32.1875,2383.0
1767277064.7092462,15,33.34375,2359.0
1767277064.7092462,15,36.984375,2194.25
1767277064.7092462,15,38.171875,2225.0
1767277064.7092462,15,39.296875,2268.75
1767277064.7092462,15,41.703125,2175.25
1767277064.7092462,15,42.828125,2130.0
1767277064.7092462,15,44.0625,2078.75
1767277064.7092462,15,45.21875,2031.25
1767277064.7092462,15,46.40625,1989.5
1767277064.7092462,15,47.59375,1952.0
1767277064.7092462,15,48.765625,1906.5
1767277064.7092462,15,49.96875,1869.25
1767277064.7092462,15,51.140625,1835.75
1767277064.7092462,15,52.28125,1799.25
1767277064.7092462,15,53.484375,1770.75
1767277064.7092462,15,54.65625,1748.0
1767277064.7092462,15,55.84375,1722.0
1767277064.7092462,15,57.03125,1697.25
1767277064.7092462,15,58.234375,1674.25
1767277064.7092462,15,59.3125,1649.75
1767277064.7092462,15,60.453125,1629.0
1767277064.7092462,15,61.6875,1612.25
1767277064.7092462,15,62.875,1593.75
1767277064.7092462,15,64.03125,1573.25
1767277064.7092462,15,65.171875,1557.75
1767277064.7092462,15,66.375,1541.5
1767277064.7092462,15,67.546875,1525.75
1767277064.7092462,15,68.703125,1514.75
1767277064.7092462,15,69.875,1503.25
1767277064.7092462,15,71.046875,1489.0
1767277064.7092462,15,72.25,1478.25
1767277064.7092462,15,73.359375,1469.25
1767277064.7092462,15,74.5625,1458.75
1767277064.7092462,15,75.734375,1445.5
1767277064.7092462,15,76.890625,1435.75
1767277064.7092462,15,78.03125,1431.25
1767277064.7092462,15,79.1875,1425.75
1767277064.7092462,15,80.375,1419.5
1767277064.7092462,15,81.53125,1414.0
1767277064.7092462,15,82.703125,1410.0
1767277064.7092462,15,83.828125,1406.5
1767277064.7092462,15,84.984375,1404.5
1767277064.7092462,15,86.203125,1402.75
1767277064.7092462,15,87.3125,1400.25
1767277064.7092462,15,88.5,1394.75
1767277064.7092462,15,89.625,1393.0
1767277064.7092462,15,90.84375,1395.5
1767277064.7092462,15,91.9375,1395.25
1767277064.7092462,15,93.15625,1395.75
1767277064.7092462,15,94.34375,1396.75
1767277064.7092462,15,95.5,1397.5
1767277064.7092462,15,96.625,1395.0
1767277064.7092462,15,97.75,1397.5
1767277064.7092462,15,98.90625,1404.5
1767277064.7092462,15,100.078125,1407.25
1767277064.7092462,15,101.28125,1410.75
1767277064.7092462,15,102.40625,1415.5
1767277064.7092462,15,103.609375,1420.75
1767277064.7092462,15,104.75,1426.25
1767277064.7092462,15,105.890625,1431.75
1767277064.7092462,15,107.03125,1437.0
1767277064.7092462,15,108.203125,1446.25
1767277064.7092462,15,109.359375,1458.0
1767277064.7092462,15,110.53125,1469.0
1767277064.7092462,15,111.65625,1479.5
1767277064.7092462,15,112.8125,1490.0
1767277064.7092462,15,113.984375,1503.25
1767277064.7092462,15,115.109375,1513.5
1767277064.7092462,15,116.28125,1520.25
1767277064.7092462,15,117.4375,1536.75
1767277064.7092462,15,118.59375,1554.75
1767277064.7092462,15,119.75,1569.25
1767277064.7092462,15,120.90625,1588.25
1767277064.7092462,15,122.015625,1607.0
1767277064.7092462,15,123.171875,1625.75
1767277064.7092462,15,124.34375,1647.0
1767277064.7092462,15,125.484375,1671.25
1767277064.7092462,15,126.640625,1694.0
1767277064.7092462,15,127.796875,1718.75
1767277064.7092462,15,128.953125,1745.0
1767277064.7092462,15,130.078125,1766.25
1767277064.7092462,15,131.203125,1793.75
1767277064.7092462,15,132.34375,1825.25
1767277064.7092462,15,133.4375,1859.75
1767277064.7092462,15,134.609375,1901.75
1767277064.7092462,15,135.75,1938.75
1767277064.7092462,15,136.890625,1977.25
1767277064.7092462,15,138.03125,2022.5
1767277064.7092462,15,139.21875,2062.25
1767277064.7092462,15,140.328125,2110.75
1767277064.7092462,15,141.46875,2162.5
1767277064.7092462,15,142.59375,2216.5
1767277064.7092462,15,143.765625,2277.25
1767277064.7092462,15,144.9375,2333.25
1767277064.7092462,15,146.046875,2394.5
1767277064.7092462,8,147.21875,2452.5
1767277064.7092462,14,149.46875,2632.5
1767277064.7092462,15,154.0625,2972.75
1767277064.7092462,15,155.234375,2925.5
1767277064.7092462,15,156.390625,2899.0
1767277064.7092462,15,157.578125,2865.0
1767277064.7092462,15,158.71875,2826.5
1767277064.7092462,15,159.90625,2802.25
1767277064.7092462,15,161.0625,2782.75
1767277064.7092462,15,162.203125,2761.5
1767277064.7092462,15,163.40625,2742.75
1767277064.7092462,15,164.546875,2728.75
1767277064.7092462,15,165.71875,2717.0
1767277064.7092462,15,166.875,2704.5
1767277064.7092462,15,168.046875,2690.5
1767277064.7092462,15,169.171875,2680.0
1767277064.7092462,15,170.359375,2671.25
1767277064.7092462,15,171.515625,2662.5
1767277064.7092462,15,172.6875,2656.0
1767277064.7092462,15,173.84375,2651.75
1767277064.7092462,15,174.984375,2646.25
1767277064.7092462,15,176.15625,2641.25
1767277064.7092462,15,177.328125,2639.25
1767277064.7092462,15,178.5625,2640.25
1767277064.7092462,14,179.71875,2640.5
1767277064.7092462,10,180.890625,2634.0
1767277064.7092462,6,182.03125,2633.75
1767277064.7092462,15,183.21875,2635.5
1767277064.7092462,15,184.375,2633.25
1767277064.7092462,15,185.546875,2637.0
1767277064.7092462,10,186.71875,2640.5
1767277064.7092462,12,187.859375,2641.0
1767277064.7092462,14,189.015625,2644.0
1767277064.7092462,15,190.171875,2654.25
1767277064.7092462,15,191.328125,2670.0
1767277064.7092462,15,192.5,2681.25
1767277064.7092462,15,193.65625,2686.5
1767277064.7092462,15,194.828125,2694.75
1767277064.7092462,15,196.015625,2708.75
1767277064.7092462,15,197.140625,2722.5
1767277064.7092462,15,198.296875,2736.75
1767277064.7092462,15,199.46875,2755.5
1767277064.7092462,15,200.625,2772.75
1767277064.7092462,15,201.78125,2790.0
1767277064.7092462,15,203.046875,2815.25
1767277064.7092462,15,204.1875,2851.25
1767277064.7092462,15,205.34375,2899.0
1767277064.7092462,15,206.53125,2928.25
1767277064.7092462,15,207.703125,2945.5
1767277064.7092462,15,208.875,2966.25
1767277064.7092462,15,210.0,2996.75
1767277064.7092462,15,211.1875,3038.5
1767277064.7092462,15,212.34375,3062.0
1767277064.7092462,15,213.5,3089.0
1767277064.7092462,15,214.65625,3138.0
1767277064.7092462,15,215.828125,3196.5
1767277064.7092462,15,217.0,3242.25
1767277064.7092462,15,218.15625,3291.5
1767277064.7092462,15,221.328125,1162.75
1767277064.7092462,15,222.46875,1157.75
1767277064.7092462,15,223.6875,1152.25
1767277064.7092462,15,224.8125,1152.0
1767277064.7092462,15,227.375,3835.0
1767277064.7092462,15,230.671875,1126.75
1767277064.7092462,15,231.734375,1123.75
1767277064.7092462,15,232.921875,1121.5
1767277064.7092462,15,234.078125,1120.5
1767277064.7092462,15,235.28125,1119.75
1767277064.7092462,15,236.453125,1120.25
1767277064.7092462,15,237.65625,1120.75
1767277064.7092462,15,238.84375,1120.25
1767277064.7092462,15,239.96875,1121.25
1767277064.7092462,15,244.59375,1137.5
1767277064.7092462,15,245.796875,1139.0
1767277064.7092462,15,246.90625,1126.0
1767277064.7092462,15,248.0625,1128.25
1767277064.7092462,15,249.203125,1132.75
1767277064.7092462,15,250.4375,1135.75
1767277064.7092462,15,251.546875,1138.25
1767277064.7092462,15,252.703125,1143.25
1767277064.7092462,15,253.859375,1147.25
1767277064.7092462,15,255.015625,1152.25
1767277064.7092462,15,256.125,1157.5
1767277064.7092462,15,257.265625,1163.0
1767277064.7092462,15,262.25,3967.75
1767277064.7092462,15,263.40625,3986.75
1767277064.7092462,15,264.5625,4005.75
1767277064.7092462,15,265.734375,4006.25
1767277064.7092462,15,266.90625,3996.25
1767277064.7092462,15,268.0625,3995.0
1767277064.7092462,15,269.21875,4000.5
1767277064.7092462,15,270.390625,4005.25
1767277064.7092462,15,271.546875,4013.5
1767277064.7092462,15,272.71875,4023.0
1767277064.7092462,15,273.875,4030.0
1767277064.7092462,14,274.953125,4038.0
1767277064.7092462,12,276.109375,4046.5
1767277064.7092462,10,277.265625,4051.75
1767277064.7092462,5,278.421875,4068.25
1767277064.7092462,9,279.59375,4067.0
1767277064.7092462,9,280.75,4040.5
1767277064.7092462,13,281.90625,4009.5
1767277064.7092462,15,292.640625,2256.25
1767277064.7092462,15,293.828125,2217.75
1767277064.7092462,15,294.96875,2186.5
1767277064.7092462,15,296.125,2172.75
1767277064.7092462,15,297.28125,2154.0
1767277064.7092462,15,298.46875,2130.5
1767277064.7092462,15,299.671875,2124.0
1767277064.7092462,15,307.4375,4304.75
1767277064.7092462,15,308.59375,4389.0
1767277064.7092462,15,309.75,4462.5
1767277064.7092462,15,310.890625,4513.0
1767277064.7092462,15,312.0625,4567.25
1767277064.7092462,15,313.203125,4665.75
1767277064.7092462,15,314.375,4779.0
1767277064.7092462,15,315.53125,4862.5
1767277064.7092462,15,316.6875,4945.0
1767277064.7092462,15,317.828125,5061.75
1767277064.7092462,15,318.96875,5203.0
1767277064.7092462,15,328.75,1916.25
1767277064.7092462,15,329.875,1917.75
1767277064.7092462,15,331.015625,1918.5
1767277064.7092462,15,332.1875,1919.5
1767277064.7092462,15,333.375,1920.75
1767277064.7092462,15,334.53125,1921.5
1767277064.7092462,15,335.6875,1916.5
1767277064.7092462,15,336.84375,1896.5
1767277064.7092462,15,338.03125,1874.0
1767277064.7092462,15,339.171875,1861.5
1767277064.7092462,15,340.375,1852.25
1767277064.7092462,15,341.546875,1840.25
1767277064.7092462,15,342.640625,1848.75
1767277064.7092462,15,344.921875,1998.0
1767277064.7092462,15,347.25,2081.75
1767277064.7092462,15,348.40625,2073.25
1767277064.7092462,15,349.578125,2064.75
1767277064.7092462,15,350.734375,2059.5
1767277064.866622,15,351.875,2055.0
1767277064.866622,15,353.03125,2051.25
1767277064.866622,15,354.1875,2050.0
1767277064.866622,15,355.34375,2047.25
1767277064.866622,15,356.546875,2046.0
1767277064.866622,15,357.71875,2044.25
1767277064.866622,15,358.828125,2042.75
1767277064.866622,15,359.984375,2042.75
1767277064.866622,15,1.1875,2043.75
1767277064.866622,15,2.34375,2046.5
1767277064.866622,15,3.46875,2046.75
1767277064.866622,15,4.625,2046.25
1767277064.866622,15,5.78125,2047.5
1767277064.866622,15,6.96875,2051.5
1767277064.866622,15,8.125,2055.25
1767277064.866622,15,9.265625,2058.75
1767277064.866622,15,10.421875,2063.5
1767277064.866622,15,11.6875,2069.25
1767277064.866622,15,12.828125,2078.5
1767277064.866622,15,13.984375,2088.0
1767277064.866622,15,15.15625,2099.25
1767277064.866622,15,16.296875,2117.75
1767277064.866622,15,17.484375,2137.25
1767277064.866622,15,18.640625,2150.0
1767277064.866622,15,19.765625,2161.5
1767277064.866622,15,20.921875,2171.5
1767277064.866622,15,22.109375,2188.0
1767277064.866622,15,23.28125,2213.5
1767277064.866622,15,24.421875,2235.5
1767277064.866622,15,25.578125,2258.25
1767277064.866622,15,26.734375,2280.75
1767277064.866622,15,27.890625,2301.75
1767277064.866622,15,29.0625,2321.0
1767277064.866622,15,30.21875,2341.25
1767277064.866622,15,31.375,2367.25
1767277064.866622,15,32.546875,2378.5
1767277064.866622,15,33.734375,2340.0
1767277064.866622,15,34.953125,2270.5
1767277064.866622,15,36.125,2207.5
1767277064.866622,15,37.3125,2199.75
1767277064.866622,15,38.484375,2234.0
1767277064.866622,15,39.65625,2246.25
1767277064.866622,15,40.78125,2214.25
1767277064.866622,15,42.0,2162.75
1767277064.866622,15,43.1875,2111.75
1767277064.866622,15,44.359375,2065.5
1767277064.866622,15,45.515625,2023.25
1767277064.866622,15,46.6875,1979.25
1767277064.866622,15,47.875,1942.0
1767277064.866622,15,49.078125,1900.5
1767277064.866622,15,50.28125,1856.5
1767277064.866622,15,51.421875,1823.5
1767277064.866622,15,52.640625,1793.25
1767277064.866622,15,53.796875,1763.5
1767277064.866622,15,54.953125,1742.25
1767277064.866622,15,56.1875,1715.25
1767277064.866622,15,57.3125,1690.75
1767277064.866622,15,58.53125,1669.5
1767277064.866622,15,59.6875,1646.25
1767277064.866622,15,60.828125,1624.5
1767277064.866622,15,62.03125,1607.75
1767277064.866622,15,63.1875,1589.25
1767277064.866622,15,64.40625,1568.5
1767277064.866622,15,65.5625,1553.25
1767277064.866622,15,66.71875,1535.0
1767277064.866622,15,67.875,1519.75
1767277064.866622,15,69.125,1510.75
1767277064.866622,15,70.265625,1498.75
1767277064.866622,15,71.4375,1484.5
1767277064.866622,15,72.609375,1475.0
1767277064.866622,15,73.796875,1466.0
1767277064.866622,15,74.921875,1453.25
1767277064.866622,15,76.109375,1442.75
1767277064.866622,15,77.265625,1435.0
1767277064.866622,15,78.46875,1429.75
1767277064.866622,15,79.65625,1423.0
1767277064.866622,15,80.78125,1416.5
1767277064.866622,15,81.984375,1411.5
1767277064.866622,15,83.109375,1408.25
1767277064.866622,15,84.28125,1405.5
1767277064.866622,15,85.453125,1401.75
1767277064.866622,15,86.65625,1400.0
1767277064.866622,15,87.796875,1398.75
1767277064.866622,15,88.984375,1393.75
1767277064.866622,15,90.1875,1390.25
1767277064.866622,15,91.3125,1393.0
1767277064.866622,15,92.484375,1394.5
1767277064.866622,15,93.671875,1394.25
1767277064.866622,15,94.8125,1396.25
1767277064.866622,15,95.953125,1397.75
1767277064.866622,15,97.09375,1400.5
1767277064.866622,15,98.3125,1403.0
1767277064.866622,15,99.46875,1405.75
1767277064.866622,15,100.640625,1409.0
1767277064.866622,15,101.796875,1413.0
1767277064.866622,15,102.9375,1418.5
1767277064.866622,15,104.140625,1424.25
1767277064.866622,15,105.265625,1429.75
1767277064.866622,15,106.421875,1435.25
1767277064.866622,15,107.609375,1441.75
1767277064.866622,15,108.765625,1452.25
1767277064.866622,15,109.890625,1464.5
1767277064.866622,15,111.078125,1474.0
1767277064.866622,15,112.1875,1483.25
1767277064.866622,15,113.34375,1494.0
1767277064.866622,15,114.515625,1507.25
1767277064.866622,15,115.703125,1517.75
1767277064.866622,15,116.8125,1529.75
1767277064.866622,15,117.953125,1547.0
1767277064.866622,15,119.09375,1562.0
1767277064.866622,15,120.265625,1578.0
1767277064.866622,15,121.4375,1598.5
1767277064.866622,15,122.5625,1617.75
1767277064.866622,15,123.703125,1637.5
1767277064.866622,15,124.890625,1658.25
1767277064.866622,15,126.03125,1681.5
1767277064.866622,15,127.203125,1707.5
1767277064.866622,15,128.34375,1732.0
1767277064.866622,15,129.484375,1756.75
1767277064.866622,15,130.671875,1783.25
1767277064.866622,15,131.78125,1811.5
1767277064.866622,15,132.890625,1845.0
1767277064.866622,15,134.046875,1881.0
1767277064.866622,15,135.171875,1917.75
1767277064.866622,15,136.328125,1961.25
1767277064.866622,15,137.484375,2000.5
1767277064.866622,15,138.625,2041.0
1767277064.866622,15,139.78125,2090.0
1767277064.866622,15,140.921875,2141.0
1767277064.866622,15,142.09375,2184.5
1767277064.866622,15,144.390625,2309.75
1767277064.866622,15,145.546875,2364.5
1767277064.866622,15,146.65625,2422.5
1767277064.866622,15,148.953125,2599.25
1767277064.866622,15,150.109375,2673.0
1767277064.866622,15,153.546875,2945.5
1767277064.866622,15,154.765625,2936.5
1767277064.866622,15,155.90625,2906.75
1767277064.866622,15,157.109375,2879.75
1767277064.866622,15,158.265625,2842.75
1767277064.866622,15,159.4375,2813.0
1767277064.866622,15,160.609375,2792.75
1767277064.866622,15,161.78125,2773.0
1767277064.866622,15,162.96875,2751.75
1767277064.866622,15,164.109375,2734.25
1767277064.866622,15,165.265625,2723.25
1767277064.866622,15,166.46875,2712.25
1767277064.866622,15,167.609375,2697.25
1767277064.866622,15,168.78125,2683.75
1767277064.866622,15,169.953125,2673.75
1767277064.866622,15,171.09375,2666.75
1767277064.866622,15,172.296875,2657.25
1767277064.866622,15,173.4375,2647.75
1767277064.866622,15,174.59375,2644.75
1767277064.866622,15,175.796875,2643.0
1767277064.866622,15,176.953125,2640.0
1767277064.866622,15,178.09375,2640.75
1767277064.866622,15,179.328125,2642.25
1767277064.866622,12,180.484375,2635.25
1767277064.866622,7,181.65625,2632.0
1767277064.866622,15,182.796875,2633.75
1767277064.866622,15,183.984375,2633.0
1767277064.866622,15,185.171875,2634.75
1767277064.866622,9,186.3125,2638.75
1767277064.866622,12,187.515625,2640.75
1767277064.866622,14,188.640625,2641.75
1767277064.866622,15,189.8125,2650.25
1767277064.866622,15,191.0,2664.5
1767277064.866622,15,192.15625,2676.75
1767277064.866622,15,193.328125,2683.75
1767277064.866622,15,194.46875,2691.5
1767277064.866622,15,195.65625,2704.25
1767277064.866622,15,196.796875,2718.75
1767277064.866622,15,197.953125,2735.25
1767277064.866622,15,199.15625,2754.25
1767277064.866622,15,200.296875,2770.0
1767277064.866622,15,201.453125,2783.0
1767277064.866622,15,202.625,2804.0
1767277064.866622,15,203.8125,2837.25
1767277064.866622,15,204.9375,2875.75
1767277064.866622,15,206.109375,2911.25
1767277064.866622,15,207.28125,2939.0
1767277064.866622,15,208.453125,2961.0
1767277064.866622,15,209.59375,2988.0
1767277064.866622,15,210.765625,3021.75
1767277064.866622,15,211.9375,3052.5
1767277064.866622,15,213.109375,3076.0
1767277064.866622,15,214.234375,3116.25
1767277064.866622,15,215.40625,3177.75
1767277064.866622,15,216.5625,3227.0
1767277064.866622,15,217.75,3273.0
1767277064.866622,15,220.84375,1165.5
1767277064.866622,15,222.078125,1159.75
1767277064.866622,15,223.21875,1153.25
1767277064.866622,15,224.421875,1147.5
1767277064.866622,15,226.984375,3801.0
1767277064.866622,15,231.359375,1125.0
1767277064.866622,15,232.53125,1123.0
1767277064.866622,15,233.734375,1122.0
1767277064.866622,15,234.875,1120.25
1767277064.866622,15,236.125,1120.25
1767277064.866622,15,237.265625,1119.75
1767277064.866622,15,238.359375,1120.5
1767277064.866622,15,239.578125,1121.25
1767277064.866622,15,240.75,1123.0
1767277064.866622,14,243.3125,3960.25
1767277064.866622,15,246.59375,1125.75
1767277064.866622,15,247.734375,1127.5
1767277064.866622,15,248.921875,1130.25
1767277064.866622,15,250.0,1133.5
1767277064.866622,15,251.234375,1137.0
1767277064.866622,15,252.421875,1141.75
1767277064.866622,15,253.5,1147.5
1767277064.866622,15,254.6875,1152.25
1767277064.866622,15,255.828125,1156.25
1767277064.866622,15,257.015625,1161.75
1767277064.866622,15,258.15625,1170.0
1767277064.866622,15,260.8125,3957.25
1767277064.866622,15,261.984375,3969.25
1767277064.866622,15,263.15625,3982.25
1767277064.866622,15,264.328125,3996.25
1767277064.866622,15,265.46875,4002.25
1767277064.866622,15,266.65625,3996.25
1767277064.866622,15,267.828125,3997.5
1767277064.866622,15,268.984375,4005.0
1767277064.866622,15,270.15625,4004.25
1767277064.866622,15,271.328125,4007.25
1767277064.866622,15,272.484375,4017.25
1767277064.866622,15,273.65625,4027.75
1767277064.866622,14,274.703125,4036.75
1767277064.866622,11,275.859375,4045.5
1767277064.866622,11,277.03125,4048.25
1767277064.866622,11,278.1875,4056.0
1767277064.866622,8,279.34375,4060.0
1767277064.866622,9,280.515625,4045.5
1767277064.866622,13,281.671875,4013.5
1767277064.866622,15,292.40625,2262.5
1767277064.866622,15,293.578125,2224.75
1767277064.866622,15,294.734375,2193.0
1767277064.866622,15,295.9375,2176.75
1767277064.866622,15,297.109375,2157.0
1767277064.866622,15,298.25,2133.5
1767277064.866622,15,299.390625,2119.75
1767277064.866622,15,307.140625,4283.75
1767277064.866622,15,308.3125,4368.25
1767277064.866622,15,309.46875,4449.5
1767277064.866622,15,310.625,4503.5
1767277064.866622,15,311.765625,4551.75
1767277064.866622,15,312.90625,4650.75
1767277064.866622,15,314.078125,4775.25
1767277064.866622,15,315.21875,4858.25
1767277064.866622,15,316.375,4921.5
1767277064.866622,15,318.6875,5183.75
1767277064.866622,15,323.328125,5664.0
1767277064.866622,15,328.515625,1917.5
1767277064.866622,15,329.609375,1919.5
1767277064.866622,15,330.78125,1919.75
1767277064.866622,15,331.9375,1919.25
1767277064.866622,15,333.125,1919.0
1767277064.866622,15,334.3125,1920.25
1767277064.866622,15,335.453125,1920.75
1767277064.866622,15,336.640625,1902.25
1767277064.866622,15,337.765625,1878.0
1767277064.866622,15,338.96875,1865.0
1767277064.866622,15,340.125,1855.0
1767277064.866622,15,341.3125,1844.25
1767277064.866622,15,342.453125,1840.5
1767277064.866622,15,345.8125,2087.5
1767277064.866622,15,347.046875,2083.0
1767277064.866622,15,348.203125,2071.25
1767277064.866622,15,349.390625,2063.75
1767277064.866622,15,350.515625,2060.0
1767277065.022987,15,351.71875,2055.5
1767277065.022987,15,352.90625,2052.25
1767277065.022987,15,354.015625,2049.75
1767277065.022987,15,355.1875,2047.25
1767277065.022987,15,356.34375,2045.25
1767277065.022987,15,357.546875,2042.75
1767277065.022987,15,358.671875,2043.0
1767277065.022987,15,359.859375,2044.75
1767277065.022987,15,1.03125,2044.75
1767277065.022987,15,2.1875,2045.5
1767277065.022987,15,3.359375,2046.0
1767277065.022987,15,4.546875,2046.75
1767277065.022987,15,5.6875,2047.75
1767277065.022987,15,6.84375,2051.25
1767277065.022987,15,8.0,2055.5
1767277065.022987,15,9.15625,2057.75
1767277065.022987,15,10.3125,2061.75
1767277065.022987,15,11.484375,2067.5
1767277065.022987,15,12.609375,2075.75
1767277065.022987,15,13.765625,2086.75
1767277065.022987,15,14.953125,2097.5
1767277065.022987,15,16.109375,2112.25
1767277065.022987,15,17.265625,2131.5
1767277065.022987,15,18.390625,2146.75
1767277065.022987,15,19.546875,2158.25
1767277065.022987,15,20.703125,2167.0
1767277065.022987,15,21.859375,2185.75
1767277065.022987,15,23.0625,2212.0
1767277065.022987,15,24.171875,2233.25
1767277065.022987,15,25.34375,2255.5
1767277065.022987,15,26.5,2279.5
1767277065.022987,15,27.65625,2300.0
1767277065.022987,15,28.828125,2318.5
1767277065.022987,15,29.96875,2339.25
1767277065.022987,15,31.125,2364.0
1767277065.022987,15,32.3125,2384.75
1767277065.022987,15,33.46875,2358.25
1767277065.022987,15,37.015625,2192.25
1767277065.022987,15,38.203125,2226.25
1767277065.022987,15,39.375,2268.25
1767277065.022987,15,41.71875,2172.75
1767277065.022987,15,44.09375,2073.0
1767277065.022987,15,45.25,2030.75
1767277065.022987,15,46.421875,1989.0
1767277065.022987,15,47.625,1951.25
1767277065.022987,15,48.796875,1906.0
1767277065.022987,15,49.984375,1869.0
1767277065.022987,15,51.140625,1835.5
1767277065.022987,15,52.328125,1799.0
1767277065.022987,15,53.515625,1770.5
1767277065.022987,15,54.65625,1747.5
1767277065.022987,15,55.84375,1721.25
1767277065.022987,15,57.046875,1697.0
1767277065.022987,15,58.234375,1674.0
1767277065.022987,15,59.4375,1649.5
1767277065.022987,15,60.5625,1628.5
1767277065.022987,15,61.765625,1611.75
1767277065.022987,15,62.984375,1592.5
1767277065.022987,15,64.15625,1571.5
1767277065.022987,15,65.34375,1556.75
1767277065.022987,15,66.515625,1537.75
1767277065.022987,15,67.6875,1521.25
1767277065.022987,15,68.796875,1512.75
1767277065.022987,15,70.0,1502.25
1767277065.022987,15,71.21875,1489.0
1767277065.022987,15,72.34375,1478.25
1767277065.022987,15,73.53125,1468.25
1767277065.022987,15,74.671875,1454.75
1767277065.022987,15,75.875,1442.5
1767277065.022987,15,77.078125,1436.0
1767277065.022987,15,78.265625,1430.0
1767277065.022987,15,79.34375,1424.25
1767277065.022987,15,80.546875,1419.5
1767277065.022987,15,81.734375,1413.75
1767277065.022987,15,82.859375,1410.25
1767277065.022987,15,84.0625,1407.0
1767277065.022987,15,85.234375,1403.0
1767277065.022987,15,86.40625,1400.75
1767277065.022987,15,87.53125,1399.75
1767277065.022987,15,88.75,1397.5
1767277065.022987,15,89.890625,1395.5
1767277065.022987,15,91.0,1395.5
1767277065.022987,15,92.1875,1396.75
1767277065.022987,15,93.390625,1397.5
1767277065.022987,15,94.515625,1397.5
1767277065.022987,15,95.6875,1398.25
1767277065.022987,15,96.875,1399.5
1767277065.022987,15,97.984375,1402.25
1767277065.022987,15,99.1875,1405.5
1767277065.022987,15,100.3125,1408.5
1767277065.022987,15,101.515625,1411.75
1767277065.022987,15,102.65625,1416.0
1767277065.022987,15,103.828125,1422.25
1767277065.022987,15,104.9375,1428.75
1767277065.022987,15,106.171875,1433.5
1767277065.022987,15,107.296875,1438.5
1767277065.022987,15,108.421875,1448.5
1767277065.022987,15,109.609375,1460.75
1767277065.022987,15,110.71875,1471.25
1767277065.022987,15,111.859375,1480.0
1767277065.022987,15,113.0625,1490.25
1767277065.022987,15,114.171875,1504.5
1767277065.022987,15,115.375,1515.25
1767277065.022987,15,116.484375,1524.0
1767277065.022987,15,117.625,1541.5
1767277065.022987,15,118.84375,1558.75
1767277065.022987,15,120.0,1572.0
1767277065.022987,15,121.140625,1593.5
1767277065.022987,15,122.265625,1612.0
1767277065.022987,15,123.390625,1628.5
1767277065.022987,15,124.578125,1650.25
1767277065.022987,15,125.703125,1675.25
1767277065.022987,15,126.859375,1698.75
1767277065.022987,15,128.03125,1724.75
1767277065.022987,15,129.171875,1751.75
1767277065.022987,15,130.34375,1773.0
1767277065.022987,15,131.4375,1800.5
1767277065.022987,15,132.578125,1836.25
1767277065.022987,15,133.734375,1871.0
1767277065.022987,15,134.859375,1907.0
1767277065.022987,15,136.015625,1950.25
1767277065.022987,15,137.140625,1989.25
1767277065.022987,15,138.3125,2028.75
1767277065.022987,15,139.453125,2075.75
1767277065.022987,15,140.578125,2125.25
1767277065.022987,15,141.75,2170.5
1767277065.022987,15,142.875,2223.0
1767277065.022987,15,144.015625,2289.25
1767277065.022987,15,145.140625,2347.5
1767277065.022987,15,146.28125,2405.0
1767277065.022987,15,148.5625,2571.0
1767277065.022987,15,149.71875,2641.5
1767277065.022987,15,153.171875,2937.5
1767277065.022987,15,154.3125,2951.5
1767277065.022987,15,155.578125,2924.25
1767277065.022987,15,156.765625,2893.25
1767277065.022987,15,157.90625,2856.25
1767277065.022987,15,159.0625,2821.0
1767277065.022987,15,160.25,2798.25
1767277065.022987,15,161.421875,2777.25
1767277065.022987,15,162.578125,2757.25
1767277065.022987,15,163.75,2739.75
1767277065.022987,15,164.90625,2724.25
1767277065.022987,15,166.0625,2711.75
1767277065.022987,15,167.25,2700.5
1767277065.022987,15,168.421875,2689.75
1767277065.022987,15,169.5625,2678.5
1767277065.022987,15,170.765625,2668.5
1767277065.022987,15,171.921875,2659.75
1767277065.022987,15,173.0625,2653.25
1767277065.022987,15,174.25,2649.5
1767277065.022987,15,175.40625,2644.75
1767277065.022987,15,176.578125,2639.5
1767277065.022987,15,177.75,2639.0
1767277065.022987,15,178.953125,2641.0
1767277065.022987,14,180.09375,2636.25
1767277065.022987,8,181.28125,2631.75
1767277065.022987,15,182.453125,2633.25
1767277065.022987,15,183.609375,2632.25
1767277065.022987,15,184.75,2633.25
1767277065.022987,15,185.953125,2637.75
1767277065.022987,10,187.09375,2642.5
1767277065.022987,15,188.28125,2643.25
1767277065.022987,15,189.40625,2647.0
1767277065.022987,15,190.578125,2660.25
1767277065.022987,15,191.75,2673.5
1767277065.022987,15,192.9375,2683.25
1767277065.022987,15,194.078125,2690.25
1767277065.022987,15,195.234375,2700.75
1767277065.022987,15,196.4375,2713.25
1767277065.022987,15,197.578125,2726.5
1767277065.022987,15,198.734375,2743.75
1767277065.022987,15,199.90625,2763.5
1767277065.022987,15,201.0625,2779.0
1767277065.022987,15,202.203125,2798.0
1767277065.022987,15,203.375,2824.5
1767277065.022987,15,204.53125,2862.75
1767277065.022987,15,205.6875,2912.0
1767277065.022987,15,206.875,2938.0
1767277065.022987,15,208.015625,2954.0
1767277065.022987,15,209.203125,2973.25
1767277065.022987,15,210.359375,3005.5
1767277065.022987,15,211.515625,3044.25
1767277065.022987,15,212.671875,3065.75
1767277065.022987,15,213.796875,3099.5
1767277065.022987,15,214.984375,3154.75
1767277065.022987,15,216.140625,3211.5
1767277065.022987,15,217.3125,3253.5
1767277065.022987,15,220.453125,1166.5
1767277065.022987,15,221.609375,1161.5
1767277065.022987,15,222.796875,1155.25
1767277065.022987,15,223.9375,1148.75
1767277065.022987,15,225.09375,1156.25
1767277065.022987,15,227.71875,3851.5
1767277065.022987,15,230.90625,1126.25
1767277065.022987,15,232.171875,1123.5
1767277065.022987,15,233.265625,1121.75
1767277065.022987,15,234.421875,1120.0
1767277065.022987,15,235.578125,1119.25
1767277065.022987,15,236.796875,1119.0
1767277065.022987,15,237.96875,1120.0
1767277065.022987,15,239.15625,1121.25
1767277065.022987,15,240.21875,1123.0
1767277065.022987,15,244.921875,1122.5
1767277065.022987,15,246.140625,1123.0
1767277065.022987,15,247.203125,1127.5
1767277065.022987,15,248.359375,1130.0
1767277065.022987,15,249.625,1131.5
1767277065.022987,15,250.78125,1135.5
1767277065.022987,15,251.90625,1140.5
1767277065.022987,15,253.125,1144.0
1767277065.022987,15,254.25,1149.75
1767277065.022987,15,255.390625,1155.0
1767277065.022987,15,256.53125,1158.75
1767277065.022987,15,257.6875,1164.5
1767277065.022987,14,262.6875,3975.75
1767277065.022987,15,263.84375,3991.25
1767277065.022987,15,265.03125,4004.75
1767277065.022987,15,266.1875,4003.0
1767277065.022987,15,267.34375,3992.5
1767277065.022987,15,268.5,3992.75
1767277065.022987,15,269.671875,4000.25
1767277065.022987,15,270.859375,4004.25
1767277065.022987,14,272.0,4007.75
1767277065.022987,15,273.171875,4014.75
1767277065.022987,15,274.328125,4029.75
1767277065.022987,10,275.421875,4040.75
1767277065.022987,10,276.578125,4044.75
1767277065.022987,15,277.75,4055.75
1767277065.022987,9,278.90625,4064.25
1767277065.022987,11,280.078125,4050.5
1767277065.022987,11,281.25,4023.0
1767277065.022987,15,282.421875,3978.75
1767277065.022987,15,291.984375,2279.0
1767277065.022987,15,293.15625,2241.0
1767277065.022987,15,294.3125,2208.25
1767277065.022987,15,295.484375,2181.75
1767277065.022987,15,296.671875,2165.25
1767277065.022987,15,297.84375,2143.5
1767277065.022987,15,298.9375,2119.75
1767277065.022987,8,300.125,2134.0
1767277065.022987,15,306.75,4262.0
1767277065.022987,15,307.90625,4336.0
1767277065.022987,15,309.078125,4423.75
1767277065.022987,15,310.21875,4487.5
1767277065.022987,15,311.375,4541.0
1767277065.022987,15,312.546875,4612.0
1767277065.022987,15,314.84375,4843.0
1767277065.022987,15,316.0,4902.25
1767277065.022987,15,317.15625,4999.0
1767277065.022987,15,328.0625,1917.75
1767277065.022987,15,329.234375,1917.0
1767277065.022987,15,330.359375,1917.5
1767277065.022987,15,331.5625,1918.0
1767277065.022987,15,332.703125,1920.0
1767277065.022987,15,333.890625,1922.25
1767277065.022987,15,335.0625,1920.5
1767277065.022987,15,336.1875,1911.25
1767277065.022987,15,337.390625,1890.0
1767277065.022987,15,338.515625,1869.75
1767277065.022987,15,339.703125,1857.75
1767277065.022987,15,340.90625,1843.25
1767277065.022987,15,342.015625,1831.75
1767277065.022987,15,345.4375,2063.75
1767277065.022987,15,346.59375,2087.25
1767277065.022987,15,347.75,2077.5
1767277065.022987,15,348.921875,2069.5
1767277065.022987,15,350.109375,2063.5
1767277065.1833327,15,351.234375,2058.75
1767277065.1833327,15,352.375,2055.25
1767277065.1833327,15,353.578125,2052.5
1767277065.1833327,15,354.71875,2050.0
1767277065.1833327,15,355.890625,2047.0
1767277065.1833327,15,357.046875,2044.75
1767277065.1833327,15,358.1875,2043.5
1767277065.1833327,15,359.34375,2043.5
1767277065.1833327,15,0.5625,2043.5
1767277065.1833327,15,1.6875,2044.25
1767277065.1833327,15,2.859375,2045.0
1767277065.1833327,15,3.984375,2046.5
1767277065.1833327,15,5.1875,2048.75
1767277065.1833327,15,6.34375,2049.75
1767277065.1833327,15,7.5,2053.25
1767277065.1833327,15,8.640625,2056.5
1767277065.1833327,15,9.8125,2060.25
1767277065.1833327,15,11.0,2065.0
1767277065.1833327,15,12.171875,2072.5
1767277065.1833327,15,13.3125,2082.75
1767277065.1833327,15,14.453125,2094.0
1767277065.1833327,15,15.640625,2108.75
1767277065.1833327,15,16.78125,2121.0
1767277065.1833327,15,17.9375,2137.25
1767277065.1833327,15,19.09375,2154.5
1767277065.1833327,15,20.234375,2166.0
1767277065.1833327,15,21.390625,2179.25
1767277065.1833327,15,22.578125,2200.0
1767277065.1833327,15,23.71875,2223.0
1767277065.1833327,15,24.875,2243.25
1767277065.1833327,15,26.015625,2266.0
1767277065.1833327,15,27.171875,2288.5
1767277065.1833327,15,28.34375,2308.0
1767277065.1833327,15,29.46875,2328.5
1767277065.1833327,15,30.625,2353.5
1767277065.1833327,15,31.8125,2378.75
1767277065.1833327,15,32.984375,2369.25
1767277065.1833327,15,34.125,2314.5
1767277065.1833327,15,36.5625,2196.25
1767277065.1833327,15,37.71875,2214.0
1767277065.1833327,15,38.890625,2242.75
1767277065.1833327,15,40.0625,2242.25
1767277065.1833327,15,41.25,2201.0
1767277065.1833327,15,42.421875,2147.25
1767277065.1833327,15,43.578125,2095.75
1767277065.1833327,15,44.75,2048.25
1767277065.1833327,15,45.921875,2008.25
1767277065.1833327,15,47.109375,1964.75
1767277065.1833327,15,48.296875,1918.25
1767277065.1833327,15,49.453125,1880.75
1767277065.1833327,15,50.65625,1844.0
1767277065.1833327,15,51.8125,1812.0
1767277065.1833327,15,53.015625,1782.5
1767277065.1833327,15,54.203125,1756.0
1767277065.1833327,15,55.359375,1733.5
1767277065.1833327,15,56.53125,1708.5
1767277065.1833327,15,57.71875,1680.75
1767277065.1833327,15,58.921875,1658.75
1767277065.1833327,15,60.109375,1640.25
1767277065.1833327,15,61.296875,1618.25
1767277065.1833327,15,62.46875,1599.0
1767277065.1833327,15,63.609375,1580.0
1767277065.1833327,15,64.796875,1564.0
1767277065.1833327,15,65.953125,1548.25
1767277065.1833327,15,67.125,1530.25
1767277065.1833327,15,68.34375,1516.5
1767277065.1833327,15,69.484375,1506.5
1767277065.1833327,15,70.65625,1495.0
1767277065.1833327,15,71.84375,1482.5
1767277065.1833327,15,72.984375,1471.5
1767277065.1833327,15,74.1875,1461.0
1767277065.1833327,15,75.359375,1449.25
1767277065.1833327,15,76.515625,1438.5
1767277065.1833327,15,77.671875,1432.75
1767277065.1833327,15,78.84375,1427.75
1767277065.1833327,15,80.03125,1420.75
1767277065.1833327,15,81.21875,1415.5
1767277065.1833327,15,82.34375,1411.0
1767277065.1833327,15,83.484375,1407.5
1767277065.1833327,15,84.65625,1404.75
1767277065.1833327,15,85.8125,1403.25
1767277065.1833327,15,86.984375,1401.25
1767277065.1833327,15,88.125,1398.0
1767277065.1833327,15,89.296875,1394.75
1767277065.1833327,15,90.40625,1394.75
1767277065.1833327,15,91.625,1396.25
1767277065.1833327,15,92.75,1393.25
1767277065.1833327,15,93.953125,1394.75
1767277065.1833327,15,95.09375,1398.0
1767277065.1833327,15,96.28125,1398.75
1767277065.1833327,15,97.4375,1401.75
1767277065.1833327,15,98.59375,1404.25
1767277065.1833327,15,99.75,1407.25
1767277065.1833327,15,100.875,1410.25
1767277065.1833327,15,102.078125,1414.0
1767277065.1833327,15,103.21875,1419.25
1767277065.1833327,15,104.390625,1425.25
1767277065.1833327,15,105.5625,1431.5
1767277065.1833327,15,106.71875,1436.5
1767277065.1833327,15,107.78125,1441.5
1767277065.1833327,15,108.921875,1452.5
1767277065.1833327,15,110.109375,1466.0
1767277065.1833327,15,111.21875,1476.25
1767277065.1833327,15,112.359375,1485.75
1767277065.1833327,15,113.515625,1496.25
1767277065.1833327,15,114.703125,1508.25
1767277065.1833327,15,115.8125,1517.75
1767277065.1833327,15,116.984375,1532.0
1767277065.1833327,15,118.125,1549.75
1767277065.1833327,15,119.3125,1564.5
1767277065.1833327,15,120.421875,1580.75
1767277065.1833327,15,121.578125,1600.0
1767277065.1833327,15,122.734375,1618.0
1767277065.1833327,15,123.875,1637.75
1767277065.1833327,15,125.03125,1659.25
1767277065.1833327,15,126.203125,1682.75
1767277065.1833327,15,127.3125,1708.75
1767277065.1833327,15,128.46875,1734.5
1767277065.1833327,15,129.578125,1758.75
1767277065.1833327,15,130.75,1784.5
1767277065.1833327,15,131.90625,1812.75
1767277065.1833327,15,133.03125,1846.0
1767277065.1833327,15,134.1875,1881.75
1767277065.1833327,15,135.3125,1919.25
1767277065.1833327,15,136.4375,1966.0
1767277065.1833327,15,137.59375,2009.5
1767277065.1833327,15,138.734375,2048.75
1767277065.1833327,15,139.875,2092.5
1767277065.1833327,15,141.015625,2144.0
1767277065.1833327,15,142.1875,2199.75
1767277065.1833327,15,143.328125,2257.75
1767277065.1833327,15,144.453125,2313.75
1767277065.1833327,15,145.625,2371.0
1767277065.1833327,15,146.765625,2429.25
1767277065.1833327,15,150.15625,2682.5
1767277065.1833327,15,153.59375,2941.5
1767277065.1833327,15,154.859375,2943.5
1767277065.1833327,15,156.046875,2907.0
1767277065.1833327,15,157.21875,2866.0
1767277065.1833327,15,158.375,2838.75
1767277065.1833327,15,159.546875,2810.75
1767277065.1833327,15,160.734375,2789.5
1767277065.1833327,15,161.859375,2770.25
1767277065.1833327,15,163.046875,2751.5
1767277065.1833327,15,164.21875,2733.75
1767277065.1833327,15,165.390625,2721.0
1767277065.1833327,15,166.53125,2710.0
1767277065.1833327,15,167.734375,2697.25
1767277065.1833327,15,168.859375,2684.25
1767277065.1833327,15,170.03125,2675.0
1767277065.1833327,15,171.1875,2667.5
1767277065.1833327,15,172.375,2657.25
1767277065.1833327,15,173.53125,2648.25
1767277065.1833327,15,174.703125,2644.0
1767277065.1833327,15,175.875,2640.75
1767277065.1833327,15,177.015625,2639.0
1767277065.1833327,15,178.171875,2638.75
1767277065.1833327,14,179.40625,2639.25
1767277065.1833327,10,180.5625,2634.25
1767277065.1833327,7,181.75,2633.0
1767277065.1833327,15,182.875,2635.0
1767277065.1833327,15,184.078125,2633.75
1767277065.1833327,8,185.21875,2635.75
1767277065.1833327,9,186.375,2639.0
1767277065.1833327,11,187.53125,2640.5
1767277065.1833327,15,188.734375,2641.25
1767277065.1833327,15,189.890625,2649.5
1767277065.1833327,15,191.03125,2664.25
1767277065.1833327,15,192.1875,2677.75
1767277065.1833327,15,193.359375,2685.0
1767277065.1833327,15,194.53125,2694.75
1767277065.1833327,15,195.703125,2707.0
1767277065.1833327,15,196.890625,2718.5
1767277065.1833327,15,198.0,2735.25
1767277065.1833327,15,199.1875,2754.25
1767277065.1833327,15,200.328125,2770.25
1767277065.1833327,15,201.484375,2786.5
1767277065.1833327,15,202.671875,2807.75
1767277065.1833327,15,203.859375,2839.5
1767277065.1833327,15,205.03125,2878.5
1767277065.1833327,15,206.171875,2915.25
1767277065.1833327,15,207.3125,2943.0
1767277065.1833327,15,208.5,2962.5
1767277065.1833327,15,209.640625,2989.25
1767277065.1833327,15,210.828125,3024.0
1767277065.1833327,15,211.984375,3054.0
1767277065.1833327,15,213.140625,3076.5
1767277065.1833327,15,214.296875,3117.5
1767277065.1833327,15,215.453125,3178.75
1767277065.1833327,15,216.59375,3227.75
1767277065.1833327,15,217.78125,3273.0
1767277065.1833327,15,220.859375,1165.5
1767277065.1833327,15,222.046875,1159.75
1767277065.1833327,15,223.296875,1153.25
1767277065.1833327,15,224.390625,1147.25
1767277065.1833327,15,227.078125,3802.5
1767277065.1833327,15,231.484375,1125.25
1767277065.1833327,15,232.625,1123.5
1767277065.1833327,15,233.796875,1122.25
1767277065.1833327,15,235.0,1120.5
1767277065.1833327,15,236.1875,1120.0
1767277065.1833327,15,237.328125,1119.75
1767277065.1833327,15,238.53125,1119.75
1767277065.1833327,15,239.6875,1120.75
1767277065.1833327,15,240.828125,1125.75
1767277065.1833327,15,245.5625,1127.25
1767277065.1833327,15,246.703125,1125.75
1767277065.1833327,15,247.8125,1127.75
1767277065.1833327,15,249.0,1130.75
1767277065.1833327,15,250.21875,1134.25
1767277065.1833327,15,251.265625,1137.25
1767277065.1833327,15,252.390625,1141.5
1767277065.1833327,15,253.609375,1147.25
1767277065.1833327,15,254.765625,1152.25
1767277065.1833327,15,255.984375,1156.25
1767277065.1833327,15,257.046875,1161.5
1767277065.1833327,15,258.265625,1170.25
1767277065.1833327,15,260.859375,3958.5
1767277065.1833327,15,262.046875,3968.75
1767277065.1833327,15,263.203125,3978.75
1767277065.1833327,15,264.359375,3994.75
1767277065.1833327,15,265.53125,4003.5
1767277065.1833327,15,266.6875,3998.25
1767277065.1833327,15,267.859375,3998.25
1767277065.1833327,15,269.046875,4005.0
1767277065.1833327,15,270.1875,4004.75
1767277065.1833327,15,271.359375,4010.25
1767277065.1833327,14,272.53125,4019.75
1767277065.1833327,15,273.6875,4027.5
1767277065.1833327,14,274.71875,4037.0
1767277065.1833327,13,275.875,4046.5
1767277065.1833327,13,277.046875,4048.5
1767277065.1833327,13,278.203125,4052.75
1767277065.1833327,8,279.359375,4057.0
1767277065.1833327,9,280.53125,4045.0
1767277065.1833327,14,281.703125,4012.75
1767277065.1833327,15,292.390625,2266.0
1767277065.1833327,15,293.578125,2225.25
1767277065.1833327,15,294.75,2192.75
1767277065.1833327,15,295.921875,2176.75
1767277065.1833327,15,297.0625,2157.25
1767277065.1833327,15,298.25,2134.0
1767277065.1833327,15,299.453125,2122.75
1767277065.1833327,15,307.21875,4285.25
1767277065.1833327,15,308.390625,4368.0
1767277065.1833327,15,309.546875,4455.0
1767277065.1833327,15,310.6875,4510.25
1767277065.1833327,15,311.859375,4554.25
1767277065.1833327,15,314.15625,4777.25
1767277065.1833327,15,315.296875,4858.75
1767277065.1833327,15,316.46875,4932.5
1767277065.1833327,15,318.78125,5197.25
1767277065.1833327,15,328.703125,1917.25
1767277065.1833327,15,329.8125,1917.5
1767277065.1833327,15,331.0,1918.25
1767277065.1833327,15,332.15625,1919.75
1767277065.1833327,15,333.34375,1920.75
1767277065.1833327,15,334.5,1922.0
1767277065.1833327,15,335.671875,1917.25
1767277065.1833327,15,336.8125,1897.0
1767277065.1833327,15,338.046875,1874.5
1767277065.1833327,15,339.203125,1861.5
1767277065.1833327,15,340.375,1852.25
1767277065.1833327,15,341.53125,1840.5
1767277065.1833327,15,342.671875,1848.5
1767277065.1833327,15,344.96875,1996.0
1767277065.1833327,15,347.1875,2081.75
1767277065.1833327,15,348.390625,2073.0
1767277065.1833327,15,349.546875,2064.5
1767277065.1833327,15,350.71875,2059.0
1767277065.3404412,15,351.859375,2055.0
1767277065.3404412,15,353.03125,2051.75
1767277065.3404412,15,354.1875,2050.0
1767277065.3404412,15,355.34375,2047.25
1767277065.3404412,15,356.53125,2045.75
1767277065.3404412,15,357.71875,2044.25
1767277065.3404412,15,358.828125,2042.75
1767277065.3404412,15,0.015625,2042.75
1767277065.3404412,15,1.15625,2043.5
1767277065.3404412,15,2.359375,2046.25
1767277065.3404412,15,3.5,2047.25
1767277065.3404412,15,4.640625,2047.0
1767277065.3404412,15,5.84375,2048.0
1767277065.3404412,15,6.953125,2051.5
1767277065.3404412,15,8.15625,2055.25
1767277065.3404412,15,9.296875,2059.0
1767277065.3404412,15,10.453125,2063.5
1767277065.3404412,15,11.59375,2068.25
1767277065.3404412,15,12.75,2077.0
1767277065.3404412,15,13.875,2087.75
1767277065.3404412,15,15.03125,2099.5
1767277065.3404412,15,16.1875,2115.0
1767277065.3404412,15,17.359375,2134.25
1767277065.3404412,15,18.484375,2149.25
1767277065.3404412,15,19.65625,2160.75
1767277065.3404412,15,20.84375,2170.5
1767277065.3404412,15,21.984375,2187.25
1767277065.3404412,15,23.109375,2212.75
1767277065.3404412,15,24.28125,2233.5
1767277065.3404412,15,25.421875,2255.25
1767277065.3404412,15,26.609375,2279.75
1767277065.3404412,15,27.765625,2301.25
1767277065.3404412,15,28.90625,2319.5
1767277065.3404412,15,30.03125,2340.5
1767277065.3404412,15,31.1875,2365.25
1767277065.3404412,15,32.375,2383.5
1767277065.3404412,15,37.1875,2195.5
1767277065.3404412,15,38.3125,2229.5
1767277065.3404412,15,39.484375,2248.0
1767277065.3404412,15,40.671875,2220.5
1767277065.3404412,15,41.875,2167.25
1767277065.3404412,15,43.015625,2118.5
1767277065.3404412,15,44.21875,2069.25
1767277065.3404412,15,45.375,2025.0
1767277065.3404412,15,46.578125,1981.25
1767277065.3404412,15,47.75,1944.0
1767277065.3404412,15,48.9375,1902.0
1767277065.3404412,15,50.109375,1858.0
1767277065.3404412,15,51.296875,1825.0
1767277065.3404412,15,52.5,1795.5
1767277065.3404412,15,53.65625,1767.5
1767277065.3404412,15,54.84375,1745.0
1767277065.3404412,15,56.046875,1719.0
1767277065.3404412,15,57.203125,1694.75
1767277065.3404412,15,58.375,1672.0
1767277065.3404412,15,59.609375,1648.75
1767277065.3404412,15,60.8125,1626.25
1767277065.3404412,15,61.953125,1609.5
1767277065.3404412,15,63.140625,1591.0
1767277065.3404412,15,64.328125,1569.0
1767277065.3404412,15,65.484375,1553.75
1767277065.3404412,15,66.640625,1535.25
1767277065.3404412,15,67.859375,1520.25
1767277065.3404412,15,69.015625,1510.75
1767277065.3404412,15,70.15625,1499.0
1767277065.3404412,15,71.390625,1485.0
1767277065.3404412,15,72.5625,1475.0
1767277065.3404412,15,73.6875,1465.75
1767277065.3404412,15,74.859375,1453.0
1767277065.3404412,15,76.046875,1442.75
1767277065.3404412,15,77.265625,1435.25
1767277065.3404412,15,78.390625,1430.0
1767277065.3404412,15,79.53125,1424.25
1767277065.3404412,15,80.734375,1417.75
1767277065.3404412,15,81.9375,1412.5
1767277065.3404412,15,83.09375,1409.5
1767277065.3404412,15,84.171875,1405.5
1767277065.3404412,15,85.28125,1402.0
1767277065.3404412,15,86.5,1401.5
1767277065.3404412,15,87.65625,1399.75
1767277065.3404412,15,88.75,1396.75
1767277065.3404412,15,89.921875,1394.75
1767277065.3404412,15,91.078125,1394.75
1767277065.3404412,15,92.234375,1396.25
1767277065.3404412,15,93.46875,1397.0
1767277065.3404412,15,94.578125,1397.75
1767277065.3404412,15,95.796875,1398.25
1767277065.3404412,15,96.953125,1400.0
1767277065.3404412,15,98.046875,1403.0
1767277065.3404412,15,99.25,1406.25
1767277065.3404412,15,100.40625,1409.0
1767277065.3404412,15,101.578125,1412.0
1767277065.3404412,15,102.703125,1416.25
1767277065.3404412,15,103.828125,1422.5
1767277065.3404412,15,105.0625,1428.75
1767277065.3404412,15,106.203125,1433.25
1767277065.3404412,15,107.328125,1440.25
1767277065.3404412,15,108.453125,1450.25
1767277065.3404412,15,109.59375,1461.0
1767277065.3404412,15,110.765625,1471.5
1767277065.3404412,15,111.921875,1480.75
1767277065.3404412,15,113.046875,1490.5
1767277065.3404412,15,114.171875,1504.25
1767277065.3404412,15,115.328125,1515.25
1767277065.3404412,15,116.515625,1524.5
1767277065.3404412,15,117.65625,1541.0
1767277065.3404412,15,118.8125,1557.75
1767277065.3404412,15,119.953125,1572.25
1767277065.3404412,15,121.078125,1593.75
1767277065.3404412,15,122.265625,1612.0
1767277065.3404412,15,123.390625,1628.5
1767277065.3404412,15,124.53125,1650.5
1767277065.3404412,15,125.65625,1675.75
1767277065.3404412,15,126.8125,1699.25
1767277065.3404412,15,127.96875,1723.25
1767277065.3404412,15,129.125,1750.0
1767277065.3404412,15,130.265625,1774.5
1767277065.3404412,15,131.5,1802.0
1767277065.3404412,15,132.609375,1836.25
1767277065.3404412,15,133.78125,1870.75
1767277065.3404412,15,134.921875,1907.5
1767277065.3404412,15,136.0625,1953.25
1767277065.3404412,15,137.203125,1991.5
1767277065.3404412,15,138.359375,2031.25
1767277065.3404412,15,139.484375,2078.25
1767277065.3404412,15,140.65625,2128.5
1767277065.3404412,15,141.78125,2173.25
1767277065.3404412,15,144.078125,2292.5
1767277065.3404412,15,145.21875,2348.25
1767277065.3404412,15,146.359375,2408.5
1767277065.3404412,15,149.8125,2648.75
1767277065.3404412,15,153.234375,2930.75
1767277065.3404412,15,154.390625,2944.75
1767277065.3404412,15,155.59375,2924.5
1767277065.3404412,15,156.78125,2891.75
1767277065.3404412,15,157.9375,2851.25
1767277065.3404412,15,159.09375,2817.25
1767277065.3404412,15,160.28125,2795.75
1767277065.3404412,15,161.453125,2774.75
1767277065.3404412,15,162.609375,2757.0
1767277065.3404412,15,163.78125,2739.5
1767277065.3404412,15,164.9375,2724.0
1767277065.3404412,15,166.109375,2711.0
1767277065.3404412,15,167.265625,2700.25
1767277065.3404412,15,168.4375,2689.75
1767277065.3404412,15,169.609375,2678.0
1767277065.3404412,15,170.765625,2668.0
1767277065.3404412,15,171.953125,2659.0
1767277065.3404412,15,173.109375,2652.75
1767277065.3404412,15,174.265625,2650.0
1767277065.3404412,15,175.390625,2645.0
1767277065.3404412,15,176.5625,2639.0
1767277065.3404412,15,177.765625,2638.75
1767277065.3404412,14,178.921875,2640.5
1767277065.3404412,12,180.0625,2638.5
1767277065.3404412,9,181.21875,2634.5
1767277065.3404412,15,182.390625,2634.25
1767277065.3404412,15,183.578125,2633.0
1767277065.3404412,15,184.71875,2633.25
1767277065.3404412,15,185.90625,2637.75
1767277065.3404412,10,187.046875,2642.25
1767277065.3404412,14,188.203125,2642.75
1767277065.3404412,15,189.359375,2646.75
1767277065.3404412,15,190.53125,2660.0
1767277065.3404412,15,191.6875,2673.25
1767277065.3404412,15,192.859375,2683.0
1767277065.3404412,15,194.015625,2690.0
1767277065.3404412,15,195.171875,2699.0
1767277065.3404412,15,196.34375,2711.75
1767277065.3404412,15,197.484375,2726.0
1767277065.3404412,15,198.671875,2743.0
1767277065.3404412,15,199.828125,2762.75
1767277065.3404412,15,200.96875,2778.25
1767277065.3404412,15,202.125,2794.5
1767277065.3404412,15,203.359375,2820.25
1767277065.3404412,15,204.515625,2858.25
1767277065.3404412,15,205.6875,2908.25
1767277065.3404412,15,206.84375,2934.75
1767277065.3404412,15,207.984375,2950.75
1767277065.3404412,15,209.1875,2973.5
1767277065.3404412,15,210.34375,3005.75
1767277065.3404412,15,211.5,3044.75
1767277065.3404412,15,212.625,3066.25
1767277065.3404412,15,213.796875,3100.0
1767277065.3404412,15,214.96875,3155.0
1767277065.3404412,15,216.125,3211.75
1767277065.3404412,15,217.265625,3254.5
1767277065.3404412,15,220.4375,1166.5
1767277065.3404412,15,221.609375,1161.5
1767277065.3404412,15,222.75,1155.0
1767277065.3404412,15,223.921875,1148.5
1767277065.3404412,15,231.046875,1126.5
1767277065.3404412,15,232.171875,1123.25
1767277065.3404412,15,233.375,1121.25
1767277065.3404412,15,234.5,1120.5
1767277065.3404412,15,235.78125,1119.5
1767277065.3404412,15,236.84375,1119.0
1767277065.3404412,15,238.015625,1120.0
1767277065.3404412,15,239.203125,1121.0
1767277065.3404412,15,240.390625,1122.75
1767277065.3404412,15,245.125,1122.25
1767277065.3404412,15,246.296875,1123.0
1767277065.3404412,15,247.375,1127.25
1767277065.3404412,15,248.59375,1130.0
1767277065.3404412,15,249.75,1133.0
1767277065.3404412,15,250.90625,1137.25
1767277065.3404412,15,252.0,1141.25
1767277065.3404412,15,253.21875,1145.0
1767277065.3404412,15,254.34375,1150.75
1767277065.3404412,15,255.5,1155.0
1767277065.3404412,15,256.65625,1158.75
1767277065.3404412,15,257.796875,1165.75
1767277065.3404412,14,262.796875,3976.25
1767277065.3404412,15,263.9375,3992.25
1767277065.3404412,15,265.109375,4006.25
1767277065.3404412,14,266.28125,4004.75
1767277065.3404412,15,267.46875,3998.5
1767277065.3404412,14,268.625,3998.0
1767277065.3404412,15,269.78125,3998.25
1767277065.3404412,15,270.953125,4005.0
1767277065.3404412,15,272.125,4017.5
1767277065.3404412,15,273.296875,4022.25
1767277065.3404412,14,274.4375,4032.0
1767277065.3404412,9,275.46875,4044.0
1767277065.3404412,10,276.640625,4047.5
1767277065.3404412,12,277.796875,4057.25
1767277065.3404412,8,278.953125,4065.75
1767277065.3404412,11,280.125,4052.75
1767277065.3404412,12,281.28125,4019.0
1767277065.3404412,15,282.453125,3973.5
1767277065.3404412,15,292.0,2276.75
1767277065.3404412,15,293.171875,2242.0
1767277065.3404412,15,294.375,2208.0
1767277065.3404412,15,295.515625,2180.5
1767277065.3404412,15,296.671875,2162.75
1767277065.3404412,15,297.84375,2140.75
1767277065.3404412,15,299.046875,2117.75
1767277065.3404412,15,306.84375,4267.75
1767277065.3404412,15,307.984375,4342.0
1767277065.3404412,15,309.15625,4424.75
1767277065.3404412,15,310.3125,4489.0
1767277065.3404412,15,311.46875,4543.25
1767277065.3404412,15,312.609375,4613.5
1767277065.3404412,15,314.921875,4846.5
1767277065.3404412,15,316.09375,4906.0
1767277065.3404412,15,317.21875,4995.75
1767277065.3404412,15,323.046875,5633.75
1767277065.3404412,15,328.1875,1917.5
1767277065.3404412,15,329.328125,1916.5
1767277065.3404412,15,330.5,1917.75
1767277065.3404412,15,331.703125,1917.25
1767277065.3404412,15,332.84375,1918.5
1767277065.3404412,15,334.0,1921.5
1767277065.3404412,15,335.1875,1921.25
1767277065.3404412,15,336.3125,1911.0
1767277065.3404412,15,337.53125,1888.5
1767277065.3404412,15,338.65625,1868.5
1767277065.3404412,15,339.84375,1857.0
1767277065.3404412,15,341.0,1845.75
1767277065.3404412,15,342.1875,1836.0
1767277065.3404412,15,345.5625,2074.5
1767277065.3404412,15,346.734375,2087.25
1767277065.3404412,15,347.875,2075.75
1767277065.3404412,15,349.046875,2067.75
1767277065.3404412,15,350.1875,2063.0
1767277065.50087,15,351.359375,2058.25
1767277065.50087,15,352.546875,2055.75
1767277065.50087,15,353.6875,2051.75
1767277065.50087,15,354.90625,2047.75
1767277065.50087,15,356.015625,2046.25
1767277065.50087,15,357.171875,2044.75
1767277065.50087,15,358.359375,2043.0
1767277065.50087,15,359.53125,2043.5
1767277065.50087,15,0.6875,2045.5
1767277065.50087,15,1.8125,2045.25
1767277065.50087,15,3.015625,2044.75
1767277065.50087,15,4.1875,2046.75
1767277065.50087,15,5.3125,2050.0
1767277065.50087,15,6.515625,2051.25
1767277065.50087,15,7.671875,2053.5
1767277065.50087,15,8.8125,2056.75
1767277065.50087,15,10.0,2059.0
1767277065.50087,15,11.171875,2065.5
1767277065.50087,15,12.3125,2074.0
1767277065.50087,15,13.46875,2083.5
1767277065.50087,15,14.640625,2095.0
1767277065.50087,15,15.765625,2110.25
1767277065.50087,15,16.921875,2125.5
1767277065.50087,15,18.078125,2140.0
1767277065.50087,15,19.28125,2154.25
1767277065.50087,15,20.390625,2165.75
1767277065.50087,15,21.546875,2177.0
1767277065.50087,15,22.734375,2199.75
1767277065.50087,15,23.875,2226.75
1767277065.50087,15,25.03125,2248.0
1767277065.50087,15,26.1875,2269.75
1767277065.50087,15,27.359375,2292.25
1767277065.50087,15,28.515625,2313.5
1767277065.50087,15,29.640625,2331.75
1767277065.50087,15,30.8125,2355.5
1767277065.50087,15,32.0,2338.25
1767277065.50087,15,33.140625,2319.75
1767277065.50087,15,34.3125,2302.5
1767277065.50087,15,36.8125,2196.0
1767277065.50087,15,37.953125,2220.25
1767277065.50087,15,39.15625,2220.0
1767277065.50087,15,40.328125,2203.0
1767277065.50087,15,41.46875,2183.0
1767277065.50087,15,42.6875,2138.5
1767277065.50087,15,43.875,2085.25
1767277065.50087,15,45.03125,2037.75
1767277065.50087,15,46.203125,1997.75
1767277065.50087,15,47.390625,1958.0
1767277065.50087,15,48.5625,1912.0
1767277065.50087,15,49.796875,1874.5
1767277065.50087,15,50.953125,1840.5
1767277065.50087,15,52.109375,1806.5
1767277065.50087,15,53.28125,1777.25
1767277065.50087,15,54.484375,1751.75
1767277065.50087,15,55.6875,1730.0
1767277065.50087,15,56.859375,1704.25
1767277065.50087,15,58.046875,1676.0
1767277065.50087,15,59.171875,1652.5
1767277065.50087,15,60.359375,1633.0
1767277065.50087,15,61.53125,1615.0
1767277065.50087,15,62.703125,1596.25
1767277065.50087,15,63.859375,1575.0
1767277065.50087,15,65.0625,1559.0
1767277065.50087,15,66.21875,1542.25
1767277065.50087,15,67.40625,1525.75
1767277065.50087,15,68.546875,1515.0
1767277065.50087,15,69.71875,1503.75
1767277065.50087,15,70.90625,1489.75
1767277065.50087,15,72.078125,1478.5
1767277065.50087,15,73.25,1469.75
1767277065.50087,15,74.453125,1459.25
1767277065.50087,15,75.59375,1446.5
1767277065.50087,15,76.78125,1436.75
1767277065.50087,15,77.921875,1432.5
1767277065.50087,15,79.109375,1426.75
1767277065.50087,15,80.28125,1420.25
1767277065.50087,15,81.4375,1414.75
1767277065.50087,15,82.640625,1410.0
1767277065.50087,15,83.6875,1407.0
1767277065.50087,15,84.890625,1405.25
1767277065.50087,15,86.046875,1402.0
1767277065.50087,15,87.1875,1399.5
1767277065.50087,15,88.34375,1398.25
1767277065.50087,15,89.546875,1393.5
1767277065.50087,15,90.65625,1393.25
1767277065.50087,15,91.828125,1396.0
1767277065.50087,15,92.984375,1392.75
1767277065.50087,15,94.171875,1393.75
1767277065.50087,15,95.375,1397.25
1767277065.50087,15,96.53125,1398.0
1767277065.50087,15,97.625,1401.0
1767277065.50087,15,98.84375,1404.0
1767277065.50087,15,99.953125,1406.75
1767277065.50087,15,101.15625,1410.5
1767277065.50087,15,102.28125,1415.0
1767277065.50087,15,103.421875,1419.75
1767277065.50087,15,104.625,1425.0
1767277065.50087,15,105.734375,1431.5
1767277065.50087,15,106.90625,1436.75
1767277065.50087,15,108.078125,1444.5
1767277065.50087,15,109.203125,1455.25
1767277065.50087,15,110.375,1467.0
1767277065.50087,15,111.515625,1478.75
1767277065.50087,15,112.71875,1490.25
1767277065.50087,15,113.84375,1501.5
1767277065.50087,15,115.015625,1511.75
1767277065.50087,15,116.125,1520.0
1767277065.50087,15,117.28125,1534.5
1767277065.50087,15,118.46875,1552.75
1767277065.50087,15,119.609375,1567.0
1767277065.50087,15,120.71875,1587.5
1767277065.50087,15,121.90625,1606.75
1767277065.50087,15,123.03125,1624.25
1767277065.50087,15,124.234375,1646.25
1767277065.50087,15,125.328125,1670.5
1767277065.50087,15,126.5,1692.75
1767277065.50087,15,127.671875,1717.75
1767277065.50087,15,128.8125,1743.5
1767277065.50087,15,129.9375,1763.0
1767277065.50087,15,131.109375,1792.0
1767277065.50087,15,132.25,1823.75
1767277065.50087,15,133.390625,1858.0
1767277065.50087,15,134.5625,1900.0
1767277065.50087,15,135.6875,1936.75
1767277065.50087,15,136.8125,1975.75
1767277065.50087,15,137.953125,2021.5
1767277065.50087,15,139.140625,2062.0
1767277065.50087,15,140.265625,2106.75
1767277065.50087,15,141.421875,2158.25
1767277065.50087,15,142.5625,2212.0
1767277065.50087,15,143.703125,2273.0
1767277065.50087,15,144.828125,2330.5
1767277065.50087,15,146.0,2391.75
1767277065.50087,9,147.125,2446.25
1767277065.50087,13,149.40625,2631.75
1767277065.50087,15,152.859375,2882.0
1767277065.50087,15,154.0,2921.0
1767277065.50087,15,155.15625,2926.75
1767277065.50087,15,156.3125,2900.5
1767277065.50087,15,157.46875,2870.5
1767277065.50087,15,158.640625,2831.75
1767277065.50087,15,159.828125,2802.0
1767277065.50087,15,160.96875,2783.75
1767277065.50087,15,162.140625,2763.0
1767277065.50087,15,163.296875,2744.25
1767277065.50087,15,164.46875,2729.75
1767277065.50087,15,165.59375,2718.0
1767277065.50087,15,166.765625,2705.75
1767277065.50087,15,167.953125,2692.0
1767277065.50087,15,169.09375,2681.75
1767277065.50087,15,170.28125,2671.25
1767277065.50087,15,171.421875,2663.0
1767277065.50087,15,172.59375,2656.0
1767277065.50087,15,173.75,2652.0
1767277065.50087,15,174.921875,2646.75
1767277065.50087,15,176.09375,2642.0
1767277065.50087,15,177.234375,2640.5
1767277065.50087,15,178.40625,2639.75
1767277065.50087,15,179.5625,2640.0
1767277065.50087,9,180.75,2633.75
1767277065.50087,7,181.890625,2632.75
1767277065.50087,15,183.046875,2635.5
1767277065.50087,15,184.203125,2634.5
1767277065.50087,15,185.359375,2636.5
1767277065.50087,9,186.53125,2640.25
1767277065.50087,14,187.671875,2641.0
1767277065.50087,14,188.859375,2643.0
1767277065.50087,15,190.0,2652.5
1767277065.50087,15,191.171875,2667.25
1767277065.50087,15,192.3125,2679.5
1767277065.50087,15,193.46875,2684.5
1767277065.50087,15,194.640625,2694.5
1767277065.50087,15,195.828125,2708.5
1767277065.50087,15,196.9375,2720.5
1767277065.50087,15,198.109375,2735.5
1767277065.50087,15,199.28125,2753.25
1767277065.50087,15,200.453125,2771.0
1767277065.50087,15,201.578125,2788.25
1767277065.50087,15,202.84375,2811.0
1767277065.50087,15,204.0,2843.25
1767277065.50087,15,205.140625,2891.0
1767277065.50087,15,206.296875,2926.75
1767277065.50087,15,207.484375,2943.25
1767277065.50087,15,208.625,2963.0
1767277065.50087,15,209.796875,2992.5
1767277065.50087,15,210.953125,3028.0
1767277065.50087,15,212.109375,3056.0
1767277065.50087,15,213.28125,3077.5
1767277065.50087,15,214.421875,3121.75
1767277065.50087,15,215.578125,3187.25
1767277065.50087,15,216.75,3232.75
1767277065.50087,15,217.90625,3277.75
1767277065.50087,15,220.984375,1165.0
1767277065.50087,15,222.1875,1158.75
1767277065.50087,15,223.421875,1152.25
1767277065.50087,15,224.5625,1147.5
1767277065.50087,15,227.15625,3815.5
1767277065.50087,15,230.375,1128.5
1767277065.50087,15,231.625,1125.0
1767277065.50087,15,232.71875,1122.5
1767277065.50087,15,233.90625,1121.5
1767277065.50087,15,235.078125,1120.5
1767277065.50087,15,236.203125,1120.0
1767277065.50087,15,237.375,1120.25
1767277065.50087,15,238.515625,1120.0
1767277065.50087,15,239.71875,1121.5
1767277065.50087,15,240.921875,1130.75
1767277065.50087,15,243.453125,3960.5
1767277065.50087,15,246.703125,1125.75
1767277065.50087,15,247.828125,1127.75
1767277065.50087,15,249.015625,1130.75
1767277065.50087,15,250.171875,1134.0
1767277065.50087,15,251.28125,1137.0
1767277065.50087,15,252.40625,1141.25
1767277065.50087,15,253.609375,1147.0
1767277065.50087,15,254.765625,1152.25
1767277065.50087,15,255.921875,1156.5
1767277065.50087,15,257.09375,1161.5
1767277065.50087,15,258.21875,1170.25
1767277065.50087,15,260.828125,3956.75
1767277065.50087,15,261.984375,3968.75
1767277065.50087,15,263.171875,3980.0
1767277065.50087,15,264.328125,3995.0
1767277065.50087,15,265.484375,4003.25
1767277065.50087,15,266.65625,3998.75
1767277065.50087,15,267.796875,3998.75
1767277065.50087,15,268.96875,4006.0
1767277065.50087,15,270.125,4005.75
1767277065.50087,15,271.28125,4007.25
1767277065.50087,15,272.453125,4017.5
1767277065.50087,14,273.625,4027.25
1767277065.50087,15,274.671875,4035.0
1767277065.50087,14,275.828125,4043.75
1767277065.50087,12,276.984375,4046.5
1767277065.50087,12,278.140625,4055.0
1767277065.50087,8,279.296875,4057.75
1767277065.50087,9,280.46875,4040.5
1767277065.50087,13,281.625,4010.0
1767277065.50087,15,292.296875,2267.75
1767277065.50087,15,293.484375,2226.75
1767277065.50087,15,294.625,2194.75
1767277065.50087,15,295.8125,2179.0
1767277065.50087,15,296.984375,2160.0
1767277065.50087,15,298.109375,2138.25
1767277065.50087,15,299.34375,2122.25
1767277065.50087,15,307.125,4277.25
1767277065.50087,15,308.28125,4361.0
1767277065.50087,15,309.4375,4449.5
1767277065.50087,15,310.609375,4503.25
1767277065.50087,15,311.75,4550.5
1767277065.50087,15,312.90625,4648.75
1767277065.50087,15,314.0625,4772.0
1767277065.50087,15,315.203125,4857.0
1767277065.50087,15,316.359375,4922.0
1767277065.50087,15,318.671875,5186.25
1767277065.50087,15,323.25,5666.25
1767277065.50087,15,328.390625,1917.75
1767277065.50087,15,329.546875,1919.0
1767277065.50087,15,330.734375,1919.5
1767277065.50087,15,331.859375,1919.0
1767277065.50087,15,333.03125,1919.5
1767277065.50087,15,334.171875,1921.75
1767277065.50087,15,335.3125,1921.5
1767277065.50087,15,336.515625,1910.75
1767277065.50087,15,337.703125,1886.25
1767277065.50087,15,338.828125,1866.0
1767277065.50087,15,340.0,1855.75
1767277065.50087,15,341.171875,1845.0
1767277065.50087,15,342.3125,1836.0
1767277065.50087,15,345.6875,2073.75
1767277065.50087,15,346.8125,2085.5
1767277065.50087,15,348.0,2075.5
1767277065.50087,15,349.125,2066.5
1767277065.50087,15,350.265625,2061.0
1767277065.657907,15,351.453125,2057.0
1767277065.657907,15,352.609375,2055.0
1767277065.657907,15,353.734375,2051.75
1767277065.657907,15,354.921875,2047.75
1767277065.657907,15,356.109375,2046.25
1767277065.657907,15,357.203125,2045.0
1767277065.657907,15,358.40625,2043.0
1767277065.657907,15,359.5625,2044.0
1767277065.657907,15,0.71875,2046.25
1767277065.657907,15,1.828125,2045.25
1767277065.657907,15,3.03125,2045.0
1767277065.657907,15,4.1875,2046.75
1767277065.657907,15,5.328125,2049.75
1767277065.657907,15,6.453125,2050.75
1767277065.657907,15,7.609375,2052.75
1767277065.657907,15,8.8125,2056.25
1767277065.657907,15,9.921875,2059.75
1767277065.657907,15,11.125,2066.25
1767277065.657907,15,12.296875,2074.0
1767277065.657907,15,13.46875,2083.5
1767277065.657907,15,14.609375,2095.25
1767277065.657907,15,15.75,2109.75
1767277065.657907,15,16.890625,2125.5
1767277065.657907,15,18.0625,2140.25
1767277065.657907,15,19.234375,2153.5
1767277065.657907,15,20.359375,2166.0
1767277065.657907,15,21.546875,2177.25
1767277065.657907,15,22.6875,2198.0
1767277065.657907,15,23.828125,2225.5
1767277065.657907,15,24.953125,2246.0
1767277065.657907,15,26.125,2267.75
1767277065.657907,15,27.296875,2292.0
1767277065.657907,15,28.453125,2313.0
1767277065.657907,15,29.5625,2332.0
1767277065.657907,15,30.734375,2354.5
1767277065.657907,15,31.890625,2352.75
1767277065.657907,15,33.03125,2342.5
1767277065.657907,15,36.71875,2196.25
1767277065.657907,15,37.921875,2220.5
1767277065.657907,15,39.078125,2243.25
1767277065.657907,15,40.203125,2235.5
1767277065.657907,15,41.4375,2192.5
1767277065.657907,15,42.578125,2139.5
1767277065.657907,15,43.75,2088.0
1767277065.657907,15,44.96875,2040.5
1767277065.657907,15,46.125,2001.5
1767277065.657907,15,47.3125,1961.25
1767277065.657907,15,48.515625,1914.75
1767277065.657907,15,49.703125,1877.0
1767277065.657907,15,50.84375,1842.0
1767277065.657907,15,52.046875,1808.25
1767277065.657907,15,53.21875,1778.0
1767277065.657907,15,54.40625,1752.5
1767277065.657907,15,55.5625,1730.5
1767277065.657907,15,56.765625,1704.5
1767277065.657907,15,57.96875,1678.75
1767277065.657907,15,59.03125,1657.75
1767277065.657907,15,60.234375,1636.0
1767277065.657907,15,61.375,1615.75
1767277065.657907,15,62.546875,1596.75
1767277065.657907,15,63.71875,1577.25
1767277065.657907,15,64.90625,1562.5
1767277065.657907,15,66.09375,1546.5
1767277065.657907,15,67.25,1528.5
1767277065.657907,15,68.421875,1515.75
1767277065.657907,15,69.59375,1506.0
1767277065.657907,15,70.71875,1493.75
1767277065.657907,15,71.953125,1481.25
1767277065.657907,15,73.09375,1470.75
1767277065.657907,15,74.28125,1460.5
1767277065.657907,15,75.453125,1448.5
1767277065.657907,15,76.609375,1438.0
1767277065.657907,15,77.75,1432.75
1767277065.657907,15,78.953125,1427.5
1767277065.657907,15,80.140625,1420.75
1767277065.657907,15,81.25,1415.25
1767277065.657907,15,82.453125,1410.75
1767277065.657907,15,83.53125,1407.5
1767277065.657907,15,84.6875,1405.5
1767277065.657907,15,85.796875,1404.25
1767277065.657907,15,86.96875,1401.25
1767277065.657907,15,88.109375,1398.0
1767277065.657907,15,89.3125,1394.5
1767277065.657907,15,90.421875,1394.5
1767277065.657907,15,91.59375,1396.25
1767277065.657907,15,92.8125,1393.0
1767277065.657907,15,93.953125,1394.25
1767277065.657907,15,95.09375,1397.5
1767277065.657907,15,96.265625,1399.0
1767277065.657907,15,97.421875,1402.0
1767277065.657907,15,98.53125,1404.5
1767277065.657907,15,99.734375,1407.25
1767277065.657907,15,100.859375,1410.0
1767277065.657907,15,102.015625,1414.0
1767277065.657907,15,103.1875,1419.0
1767277065.657907,15,104.3125,1425.25
1767277065.657907,15,105.515625,1431.25
1767277065.657907,15,106.625,1436.25
1767277065.657907,15,107.8125,1441.5
1767277065.657907,15,108.9375,1448.25
1767277065.657907,15,110.125,1461.5
1767277065.657907,15,111.28125,1475.75
1767277065.657907,15,112.4375,1485.0
1767277065.657907,15,113.515625,1497.5
1767277065.657907,15,114.71875,1509.5
1767277065.657907,15,115.859375,1517.75
1767277065.657907,15,117.015625,1532.0
1767277065.657907,15,118.171875,1549.75
1767277065.657907,15,119.28125,1564.5
1767277065.657907,15,120.453125,1581.25
1767277065.657907,15,121.609375,1600.75
1767277065.657907,15,122.75,1618.25
1767277065.657907,15,123.875,1638.0
1767277065.657907,15,125.0625,1659.5
1767277065.657907,15,126.15625,1682.75
1767277065.657907,15,127.34375,1709.0
1767277065.657907,15,128.453125,1734.5
1767277065.657907,15,129.59375,1758.5
1767277065.657907,15,130.78125,1784.75
1767277065.657907,15,131.9375,1813.25
1767277065.657907,15,133.078125,1846.25
1767277065.657907,15,134.21875,1881.75
1767277065.657907,15,135.359375,1919.25
1767277065.657907,15,136.453125,1966.0
1767277065.657907,15,137.625,2008.25
1767277065.657907,15,138.796875,2047.25
1767277065.657907,15,139.890625,2095.5
1767277065.657907,15,141.03125,2147.0
1767277065.657907,15,142.203125,2199.0
1767277065.657907,15,143.34375,2256.75
1767277065.657907,15,144.46875,2313.25
1767277065.657907,15,145.65625,2370.0
1767277065.657907,15,146.765625,2428.0
1767277065.657907,15,150.171875,2681.5
1767277065.657907,15,153.59375,2942.75
1767277065.657907,15,154.765625,2933.75
1767277065.657907,15,155.9375,2904.75
1767277065.657907,15,157.078125,2877.5
1767277065.657907,15,158.234375,2842.5
1767277065.657907,15,159.40625,2812.5
1767277065.657907,15,160.5625,2792.75
1767277065.657907,15,161.734375,2773.75
1767277065.657907,15,162.890625,2752.0
1767277065.657907,15,164.0625,2734.0
1767277065.657907,15,165.1875,2723.5
1767277065.657907,15,166.359375,2713.5
1767277065.657907,15,167.546875,2698.5
1767277065.657907,15,168.671875,2685.5
1767277065.657907,15,169.84375,2675.75
1767277065.657907,15,171.0,2667.25
1767277065.657907,15,172.171875,2659.75
1767277065.657907,15,173.3125,2651.0
1767277065.657907,15,174.484375,2646.75
1767277065.657907,15,175.640625,2643.5
1767277065.657907,15,176.796875,2639.25
1767277065.657907,15,177.9375,2640.25
1767277065.657907,15,179.140625,2642.25
1767277065.657907,12,180.328125,2636.25
1767277065.657907,7,181.4375,2632.0
1767277065.657907,15,182.609375,2633.25
1767277065.657907,15,183.796875,2634.25
1767277065.657907,8,184.9375,2635.75
1767277065.657907,9,186.109375,2639.75
1767277065.657907,12,187.25,2642.5
1767277065.657907,14,188.40625,2641.0
1767277065.657907,15,189.578125,2647.75
1767277065.657907,15,190.734375,2664.5
1767277065.657907,15,191.890625,2677.25
1767277065.657907,15,193.0625,2684.0
1767277065.657907,15,194.203125,2691.0
1767277065.657907,15,195.359375,2701.75
1767277065.657907,15,196.53125,2715.5
1767277065.657907,15,197.65625,2728.5
1767277065.657907,15,198.84375,2746.25
1767277065.657907,15,200.0,2766.5
1767277065.657907,15,201.125,2781.5
1767277065.657907,15,202.28125,2800.75
1767277065.657907,15,203.578125,2832.75
1767277065.657907,15,204.734375,2872.75
1767277065.657907,15,205.875,2912.0
1767277065.657907,15,207.0625,2938.25
1767277065.657907,15,208.203125,2959.25
1767277065.657907,15,209.390625,2985.0
1767277065.657907,15,210.546875,3014.25
1767277065.657907,15,211.703125,3047.0
1767277065.657907,15,212.859375,3070.75
1767277065.657907,15,214.015625,3103.0
1767277065.657907,15,215.15625,3166.25
1767277065.657907,15,216.34375,3223.5
1767277065.657907,15,217.5,3262.75
1767277065.657907,15,220.609375,1165.5
1767277065.657907,15,221.796875,1161.0
1767277065.657907,15,222.984375,1155.75
1767277065.657907,15,224.171875,1150.25
1767277065.657907,15,231.125,1126.25
1767277065.657907,15,232.265625,1123.25
1767277065.657907,15,233.390625,1122.0
1767277065.657907,15,234.65625,1121.0
1767277065.657907,15,235.765625,1119.0
1767277065.657907,15,236.953125,1119.0
1767277065.657907,15,238.15625,1120.0
1767277065.657907,15,239.265625,1121.0
1767277065.657907,15,240.40625,1123.0
1767277065.657907,15,245.125,1122.25
1767277065.657907,15,246.28125,1122.75
1767277065.657907,15,247.359375,1127.25
1767277065.657907,15,248.5625,1130.0
1767277065.657907,15,249.734375,1133.0
1767277065.657907,15,250.859375,1137.25
1767277065.657907,15,252.03125,1141.25
1767277065.657907,15,253.140625,1144.75
1767277065.657907,15,254.28125,1150.75
1767277065.657907,15,255.453125,1155.25
1767277065.657907,15,256.609375,1158.75
1767277065.657907,15,257.765625,1164.5
1767277065.657907,15,262.734375,3975.25
1767277065.657907,15,263.90625,3992.5
1767277065.657907,15,265.046875,4006.0
1767277065.657907,15,266.21875,4002.5
1767277065.657907,15,267.375,3992.75
1767277065.657907,15,268.546875,3992.75
1767277065.657907,15,269.6875,3999.0
1767277065.657907,15,270.859375,4006.75
1767277065.657907,15,272.015625,4012.25
1767277065.657907,15,273.1875,4017.5
1767277065.657907,15,274.328125,4031.75
1767277065.657907,8,275.484375,4040.75
1767277065.657907,10,276.640625,4046.25
1767277065.657907,11,277.8125,4059.25
1767277065.657907,6,278.96875,4084.5
1767277065.657907,10,280.125,4072.0
1767277065.657907,11,281.3125,4019.75
1767277065.657907,6,282.484375,3970.0
1767277065.657907,15,292.03125,2256.25
1767277065.657907,15,293.21875,2241.75
1767277065.657907,15,294.390625,2207.75
1767277065.657907,15,295.53125,2180.5
1767277065.657907,15,296.6875,2163.0
1767277065.657907,15,297.84375,2140.75
1767277065.657907,15,299.109375,2117.25
1767277065.657907,15,306.875,4268.5
1767277065.657907,15,308.0625,4349.25
1767277065.657907,15,309.203125,4432.5
1767277065.657907,15,310.375,4490.0
1767277065.657907,15,311.515625,4544.75
1767277065.657907,15,312.6875,4616.25
1767277065.657907,15,314.984375,4846.5
1767277065.657907,15,316.15625,4905.25
1767277065.657907,15,317.296875,4993.0
1767277065.657907,15,323.09375,5634.0
1767277065.657907,15,328.25,1917.5
1767277065.657907,15,329.390625,1920.25
1767277065.657907,15,330.5625,1921.75
1767277065.657907,15,331.71875,1918.25
1767277065.657907,15,332.90625,1919.5
1767277065.657907,15,334.03125,1922.75
1767277065.657907,15,335.234375,1922.5
1767277065.657907,15,336.390625,1910.75
1767277065.657907,15,337.578125,1888.5
1767277065.657907,15,338.75,1868.5
1767277065.657907,15,339.875,1857.25
1767277065.657907,15,341.046875,1845.5
1767277065.657907,15,342.21875,1835.0
1767277065.657907,15,345.609375,2075.25
1767277065.657907,15,346.8125,2086.75
1767277065.657907,15,347.984375,2075.5
1767277065.657907,15,349.140625,2066.5
1767277065.657907,15,350.328125,2060.75
1767277065.816169,15,351.46875,2056.75
1767277065.816169,15,352.625,2055.0
1767277065.816169,15,353.796875,2051.0
1767277065.816169,15,354.953125,2046.75
1767277065.816169,15,356.125,2045.75
1767277065.816169,15,357.265625,2044.5
1767277065.816169,15,358.421875,2043.25
1767277065.816169,15,359.59375,2044.0
1767277065.816169,15,0.78125,2046.0
1767277065.816169,15,1.9375,2045.5
1767277065.816169,15,3.109375,2045.25
1767277065.816169,15,4.25,2047.5
1767277065.816169,15,5.40625,2050.75
1767277065.816169,15,6.59375,2051.75
1767277065.816169,15,7.78125,2053.5
1767277065.816169,15,8.921875,2057.75
1767277065.816169,15,10.078125,2060.5
1767277065.816169,15,11.265625,2065.0
1767277065.816169,15,12.4375,2073.5
1767277065.816169,15,13.578125,2084.5
1767277065.816169,15,14.78125,2096.75
1767277065.816169,15,15.921875,2110.5
1767277065.816169,15,17.09375,2129.0
1767277065.816169,15,18.21875,2145.5
1767277065.816169,15,19.375,2156.0
1767277065.816169,15,20.578125,2165.75
1767277065.816169,15,21.703125,2178.25
1767277065.816169,15,22.859375,2201.25
1767277065.816169,15,24.015625,2229.0
1767277065.816169,15,25.171875,2250.5
1767277065.816169,15,26.328125,2273.75
1767277065.816169,15,27.515625,2297.75
1767277065.816169,15,28.671875,2316.75
1767277065.816169,15,29.796875,2336.25
1767277065.816169,15,30.984375,2360.25
1767277065.816169,15,32.125,2411.25
1767277065.816169,15,34.484375,2292.0
1767277065.816169,15,36.890625,2192.0
1767277065.816169,15,38.078125,2222.5
1767277065.816169,15,39.21875,2252.5
1767277065.816169,15,41.609375,2179.0
1767277065.816169,15,42.765625,2134.25
1767277065.816169,15,43.984375,2081.25
1767277065.816169,15,45.140625,2032.75
1767277065.816169,15,46.328125,1992.25
1767277065.816169,15,47.53125,1955.0
1767277065.816169,15,48.71875,1909.25
1767277065.816169,15,49.890625,1872.0
1767277065.816169,15,51.046875,1838.25
1767277065.816169,15,52.234375,1806.75
1767277065.816169,15,53.40625,1777.5
1767277065.816169,15,54.578125,1750.0
1767277065.816169,15,55.78125,1723.25
1767277065.816169,15,56.9375,1698.25
1767277065.816169,15,58.140625,1674.75
1767277065.816169,15,59.28125,1652.0
1767277065.816169,15,60.40625,1630.5
1767277065.816169,15,61.609375,1612.75
1767277065.816169,15,62.828125,1594.25
1767277065.816169,15,63.96875,1573.25
1767277065.816169,15,65.140625,1557.75
1767277065.816169,15,66.3125,1541.25
1767277065.816169,15,67.453125,1525.5
1767277065.816169,15,68.640625,1514.75
1767277065.816169,15,69.875,1503.25
1767277065.816169,15,71.015625,1489.0
1767277065.816169,15,72.203125,1477.75
1767277065.816169,15,73.34375,1469.0
1767277065.816169,15,74.515625,1459.25
1767277065.816169,15,75.65625,1446.25
1767277065.816169,15,76.859375,1436.75
1767277065.816169,15,78.015625,1431.75
1767277065.816169,15,79.203125,1425.75
1767277065.816169,15,80.390625,1419.5
1767277065.816169,15,81.5,1414.0
1767277065.816169,15,82.703125,1410.0
1767277065.816169,15,83.828125,1406.5
1767277065.816169,15,85.03125,1404.75
1767277065.816169,15,86.203125,1403.0
1767277065.816169,15,87.328125,1400.25
1767277065.816169,15,88.53125,1394.75
1767277065.816169,15,89.703125,1390.75
1767277065.816169,15,90.828125,1393.0
1767277065.816169,15,92.015625,1395.25
1767277065.816169,15,93.1875,1396.0
1767277065.816169,15,94.375,1396.75
1767277065.816169,15,95.53125,1397.75
1767277065.816169,15,96.6875,1395.25
1767277065.816169,15,97.84375,1397.75
1767277065.816169,15,99.0,1404.5
1767277065.816169,15,100.125,1407.75
1767277065.816169,15,101.328125,1411.25
1767277065.816169,15,102.515625,1415.75
1767277065.816169,15,103.609375,1421.0
1767277065.816169,15,104.8125,1426.75
1767277065.816169,15,105.953125,1432.25
1767277065.816169,15,107.078125,1437.0
1767277065.816169,15,108.234375,1446.5
1767277065.816169,15,109.375,1458.25
1767277065.816169,15,110.578125,1469.5
1767277065.816169,15,111.703125,1479.75
1767277065.816169,15,112.90625,1489.5
1767277065.816169,15,114.046875,1502.5
1767277065.816169,15,115.203125,1513.5
1767277065.816169,15,116.3125,1520.5
1767277065.816169,15,117.484375,1538.0
1767277065.816169,15,118.65625,1555.75
1767277065.816169,15,119.8125,1569.25
1767277065.816169,15,120.9375,1592.5
1767277065.816169,15,122.09375,1611.0
1767277065.816169,15,123.25,1626.75
1767277065.816169,15,124.4375,1648.25
1767277065.816169,15,125.546875,1672.75
1767277065.816169,15,126.71875,1695.25
1767277065.816169,15,127.84375,1720.5
1767277065.816169,15,129.03125,1746.75
1767277065.816169,15,130.171875,1765.5
1767277065.816169,15,131.21875,1793.5
1767277065.816169,15,132.375,1826.0
1767277065.816169,15,133.546875,1860.75
1767277065.816169,15,134.65625,1902.5
1767277065.816169,15,135.8125,1938.5
1767277065.816169,15,136.9375,1977.0
1767277065.816169,15,138.078125,2023.0
1767277065.816169,15,139.234375,2065.5
1767277065.816169,15,140.40625,2113.75
1767277065.816169,15,141.546875,2165.0
1767277065.816169,15,142.6875,2219.0
1767277065.816169,15,143.8125,2278.0
1767277065.816169,15,144.96875,2333.75
1767277065.816169,15,146.09375,2394.5
1767277065.816169,7,147.265625,2451.75
1767277065.816169,15,150.671875,2719.0
1767277065.816169,15,152.953125,2938.75
1767277065.816169,15,154.109375,2959.75
1767277065.816169,15,155.3125,2925.75
1767277065.816169,15,156.484375,2899.0
1767277065.816169,15,157.625,2864.75
1767277065.816169,15,158.78125,2827.25
1767277065.816169,15,159.96875,2801.25
1767277065.816169,15,161.109375,2781.0
1767277065.816169,15,162.296875,2761.0
1767277065.816169,15,163.46875,2743.0
1767277065.816169,15,164.609375,2730.0
1767277065.816169,15,165.796875,2718.0
1767277065.816169,15,166.96875,2704.75
1767277065.816169,15,168.125,2690.0
1767277065.816169,15,169.28125,2679.75
1767277065.816169,15,170.4375,2671.0
1767277065.816169,15,171.609375,2662.0
1767277065.816169,15,172.765625,2655.0
1767277065.816169,15,173.921875,2650.5
1767277065.816169,15,175.078125,2644.5
1767277065.816169,15,176.234375,2639.75
1767277065.816169,15,177.421875,2640.0
1767277065.816169,15,178.640625,2641.0
1767277065.816169,14,179.8125,2640.75
1767277065.816169,9,180.984375,2634.5
1767277065.816169,15,182.15625,2632.75
1767277065.816169,15,183.3125,2634.5
1767277065.816169,15,184.484375,2632.75
1767277065.816169,15,185.65625,2636.5
1767277065.816169,9,186.796875,2640.75
1767277065.816169,11,187.984375,2641.25
1767277065.816169,12,189.125,2644.75
1767277065.816169,15,190.3125,2655.25
1767277065.816169,15,191.453125,2671.0
1767277065.816169,15,192.609375,2681.75
1767277065.816169,15,193.78125,2687.25
1767277065.816169,15,194.9375,2697.5
1767277065.816169,15,196.109375,2710.75
1767277065.816169,15,197.25,2724.0
1767277065.816169,15,198.4375,2739.0
1767277065.816169,15,199.59375,2759.25
1767277065.816169,15,200.75,2775.75
1767277065.816169,15,201.90625,2791.5
1767277065.816169,15,203.09375,2818.5
1767277065.816169,15,204.28125,2853.5
1767277065.816169,15,205.421875,2899.5
1767277065.816169,15,206.578125,2930.0
1767277065.816169,15,207.734375,2947.0
1767277065.816169,15,208.921875,2967.0
1767277065.816169,15,210.078125,2997.25
1767277065.816169,15,211.25,3038.25
1767277065.816169,15,212.390625,3061.75
1767277065.816169,15,213.546875,3089.25
1767277065.816169,15,214.71875,3138.25
1767277065.816169,15,215.875,3196.25
1767277065.816169,15,217.046875,3242.5
1767277065.816169,15,218.203125,3290.75
1767277065.816169,15,221.359375,1162.75
1767277065.816169,15,222.53125,1157.75
1767277065.816169,15,223.625,1152.5
1767277065.816169,15,224.859375,1152.25
1767277065.816169,15,227.40625,3835.75
1767277065.816169,15,230.640625,1127.0
1767277065.816169,15,231.796875,1123.75
1767277065.816169,15,232.984375,1121.5
1767277065.816169,15,234.15625,1121.0
1767277065.816169,15,235.3125,1120.25
1767277065.816169,15,236.484375,1120.75
1767277065.816169,15,237.640625,1121.25
1767277065.816169,15,238.8125,1121.5
1767277065.816169,15,240.0,1122.5
1767277065.816169,15,244.625,1133.25
1767277065.816169,15,245.84375,1134.5
1767277065.816169,15,246.984375,1125.75
1767277065.816169,15,248.140625,1128.25
1767277065.816169,15,249.25,1133.0
1767277065.816169,15,250.453125,1135.5
1767277065.816169,15,251.640625,1138.0
1767277065.816169,15,252.78125,1143.0
1767277065.816169,15,253.890625,1148.0
1767277065.816169,15,255.109375,1153.0
1767277065.816169,15,256.296875,1158.0
1767277065.816169,15,257.4375,1163.5
1767277065.816169,15,262.359375,3969.0
1767277065.816169,15,263.515625,3987.5
1767277065.816169,15,264.6875,4006.25
1767277065.816169,15,265.859375,4003.0
1767277065.816169,15,267.015625,3992.75
1767277065.816169,15,268.171875,3993.0
1767277065.816169,14,269.359375,3996.75
1767277065.816169,15,270.515625,4000.25
1767277065.816169,15,271.6875,4009.25
1767277065.816169,15,272.828125,4016.75
1767277065.816169,15,274.0,4023.75
1767277065.816169,10,275.140625,4038.75
1767277065.816169,14,276.296875,4049.75
1767277065.816169,15,277.46875,4051.5
1767277065.816169,8,278.625,4056.75
1767277065.816169,11,279.796875,4056.0
1767277065.816169,14,282.125,4012.75
1767277065.816169,15,291.71875,2301.0
1767277065.816169,15,292.875,2248.75
1767277065.816169,15,294.046875,2213.0
1767277065.816169,15,295.25,2186.5
1767277065.816169,15,296.375,2170.0
1767277065.816169,15,297.546875,2148.25
1767277065.816169,15,298.765625,2124.0
1767277065.816169,13,299.90625,2124.0
1767277065.816169,15,306.53125,4251.25
1767277065.816169,15,307.671875,4322.25
1767277065.816169,15,308.859375,4406.0
1767277065.816169,15,310.0,4465.75
1767277065.816169,15,311.171875,4526.0
1767277065.816169,15,312.3125,4585.5
1767277065.816169,15,314.640625,4822.75
1767277065.816169,15,315.796875,4896.25
1767277065.816169,15,316.953125,4960.75
1767277065.816169,15,319.265625,5251.0
1767277065.816169,15,327.875,1921.0
1767277065.816169,15,329.0625,1917.5
1767277065.816169,15,330.1875,1917.75
1767277065.816169,15,331.34375,1919.25
1767277065.816169,15,332.546875,1920.25
1767277065.816169,15,333.671875,1924.5
1767277065.816169,15,334.84375,1926.5
1767277065.816169,15,336.0,1916.0
1767277065.816169,15,337.203125,1893.25
1767277065.816169,15,338.375,1871.5
1767277065.816169,15,339.5,1859.25
1767277065.816169,15,340.703125,1849.75
1767277065.816169,15,341.890625,1838.25
1767277065.816169,15,346.421875,2090.25
1767277065.816169,15,347.625,2079.25
1767277065.816169,15,348.828125,2069.5
1767277065.816169,15,349.9375,2062.5
1767277065.816169,15,351.109375,2059.0
1767277065.97639,15,352.296875,2055.75
1767277065.97639,15,353.453125,2053.25
1767277065.97639,15,354.609375,2050.0
1767277065.97639,15,355.796875,2046.75
1767277065.97639,15,356.96875,2046.25
1767277065.97639,15,358.140625,2044.75
1767277065.97639,15,359.265625,2043.25
1767277065.97639,15,0.453125,2043.0
1767277065.97639,15,1.625,2044.0
1767277065.97639,15,2.796875,2045.0
1767277065.97639,15,3.9375,2046.5
1767277065.97639,15,5.125,2048.75
1767277065.97639,15,6.265625,2049.5
1767277065.97639,15,7.453125,2053.5
1767277065.97639,15,8.59375,2057.0
1767277065.97639,15,9.75,2060.0
1767277065.97639,15,11.0,2064.75
1767277065.97639,15,12.140625,2072.75
1767277065.97639,15,13.328125,2082.5
1767277065.97639,15,14.4375,2093.0
1767277065.97639,15,15.609375,2107.5
1767277065.97639,15,16.8125,2120.0
1767277065.97639,15,17.953125,2136.75
1767277065.97639,15,19.09375,2154.5
1767277065.97639,15,20.296875,2166.25
1767277065.97639,15,21.40625,2178.25
1767277065.97639,15,22.59375,2199.25
1767277065.97639,15,23.78125,2223.5
1767277065.97639,15,24.90625,2243.75
1767277065.97639,15,26.0625,2266.75
1767277065.97639,15,27.203125,2290.75
1767277065.97639,15,28.40625,2310.25
1767277065.97639,15,29.5625,2329.25
1767277065.97639,15,30.6875,2354.25
1767277065.97639,15,31.890625,2379.5
1767277065.97639,15,33.0625,2369.5
1767277065.97639,15,36.625,2199.75
1767277065.97639,15,37.75,2217.75
1767277065.97639,15,38.921875,2241.75
1767277065.97639,15,40.109375,2240.75
1767277065.97639,15,41.296875,2197.75
1767277065.97639,15,42.46875,2144.5
1767277065.97639,15,43.671875,2093.25
1767277065.97639,15,44.875,2045.5
1767277065.97639,15,46.015625,2006.0
1767277065.97639,15,47.21875,1962.5
1767277065.97639,15,48.390625,1916.0
1767277065.97639,15,49.5625,1878.5
1767277065.97639,15,50.75,1843.25
1767277065.97639,15,51.9375,1811.25
1767277065.97639,15,53.140625,1781.25
1767277065.97639,15,54.3125,1753.75
1767277065.97639,15,55.5,1731.5
1767277065.97639,15,56.65625,1705.5
1767277065.97639,15,57.828125,1679.25
1767277065.97639,15,58.9375,1657.25
1767277065.97639,15,60.125,1637.75
1767277065.97639,15,61.296875,1617.25
1767277065.97639,15,62.53125,1598.0
1767277065.97639,15,63.640625,1578.5
1767277065.97639,15,64.859375,1562.5
1767277065.97639,15,66.015625,1546.5
1767277065.97639,15,67.171875,1528.5
1767277065.97639,15,68.359375,1516.0
1767277065.97639,15,69.5,1506.25
1767277065.97639,15,70.75,1495.0
1767277065.97639,15,71.890625,1482.75
1767277065.97639,15,73.046875,1471.75
1767277065.97639,15,74.21875,1461.25
1767277065.97639,15,75.40625,1449.75
1767277065.97639,15,76.609375,1439.0
1767277065.97639,15,77.71875,1432.75
1767277065.97639,15,78.875,1427.5
1767277065.97639,15,80.078125,1420.5
1767277065.97639,15,81.21875,1415.25
1767277065.97639,15,82.375,1410.5
1767277065.97639,15,83.59375,1407.25
1767277065.97639,15,84.765625,1404.75
1767277065.97639,15,85.875,1403.5
1767277065.97639,15,87.0625,1401.0
1767277065.97639,15,88.265625,1397.75
1767277065.97639,15,89.40625,1396.5
1767277065.97639,15,90.5625,1396.25
1767277065.97639,15,91.703125,1394.0
1767277065.97639,15,92.875,1394.5
1767277065.97639,15,94.046875,1397.25
1767277065.97639,15,95.25,1396.75
1767277065.97639,15,96.40625,1398.0
1767277065.97639,15,97.5,1400.75
1767277065.97639,15,98.703125,1403.75
1767277065.97639,15,99.828125,1406.5
1767277065.97639,15,100.984375,1410.5
1767277065.97639,15,102.15625,1414.75
1767277065.97639,15,103.34375,1419.75
1767277065.97639,15,104.5,1425.0
1767277065.97639,15,105.65625,1431.25
1767277065.97639,15,106.796875,1436.5
1767277065.97639,15,108.015625,1443.25
1767277065.97639,15,109.125,1454.0
1767277065.97639,15,110.265625,1466.5
1767277065.97639,15,111.4375,1478.0
1767277065.97639,15,112.59375,1488.25
1767277065.97639,15,113.734375,1499.75
1767277065.97639,15,114.90625,1510.5
1767277065.97639,15,116.109375,1519.25
1767277065.97639,15,117.265625,1534.0
1767277065.97639,15,118.40625,1552.0
1767277065.97639,15,119.578125,1566.5
1767277065.97639,15,120.65625,1586.5
1767277065.97639,15,121.828125,1606.0
1767277065.97639,15,122.984375,1622.0
1767277065.97639,15,124.1875,1644.0
1767277065.97639,15,125.28125,1668.5
1767277065.97639,15,126.453125,1690.75
1767277065.97639,15,127.5625,1715.25
1767277065.97639,15,128.78125,1740.75
1767277065.97639,15,129.921875,1762.0
1767277065.97639,15,130.984375,1790.0
1767277065.97639,15,132.140625,1821.75
1767277065.97639,15,133.3125,1853.5
1767277065.97639,15,134.421875,1887.75
1767277065.97639,15,135.609375,1926.5
1767277065.97639,15,136.703125,1973.25
1767277065.97639,15,137.875,2018.5
1767277065.97639,15,139.03125,2058.5
1767277065.97639,15,140.171875,2106.0
1767277065.97639,15,141.3125,2154.75
1767277065.97639,15,142.46875,2208.0
1767277065.97639,15,143.59375,2269.25
1767277065.97639,15,144.75,2327.5
1767277065.97639,15,145.90625,2388.25
1767277065.97639,10,147.046875,2442.25
1767277065.97639,11,149.328125,2628.5
1767277065.97639,15,150.46875,2708.25
1767277065.97639,15,152.75,2853.5
1767277065.97639,15,153.90625,2901.75
1767277065.97639,15,155.109375,2927.0
1767277065.97639,15,156.296875,2901.5
1767277065.97639,15,157.453125,2871.5
1767277065.97639,15,158.609375,2835.25
1767277065.97639,15,159.796875,2805.25
1767277065.97639,15,160.96875,2784.25
1767277065.97639,15,162.125,2763.0
1767277065.97639,15,163.296875,2744.0
1767277065.97639,15,164.46875,2729.75
1767277065.97639,15,165.609375,2717.75
1767277065.97639,15,166.78125,2705.75
1767277065.97639,15,167.921875,2692.5
1767277065.97639,15,169.09375,2683.5
1767277065.97639,15,170.296875,2672.5
1767277065.97639,15,171.453125,2662.25
1767277065.97639,15,172.609375,2656.0
1767277065.97639,15,173.765625,2651.75
1767277065.97639,15,174.953125,2646.25
1767277065.97639,15,176.109375,2642.0
1767277065.97639,15,177.265625,2640.5
1767277065.97639,14,178.421875,2639.5
1767277065.97639,13,179.65625,2638.0
1767277065.97639,10,180.828125,2632.5
1767277065.97639,15,181.96875,2633.5
1767277065.97639,15,183.140625,2636.0
1767277065.97639,15,184.296875,2634.0
1767277065.97639,8,185.484375,2636.5
1767277065.97639,8,186.671875,2639.5
1767277065.97639,13,187.828125,2640.0
1767277065.97639,14,189.0,2643.0
1767277065.97639,15,190.140625,2652.0
1767277065.97639,15,191.328125,2667.75
1767277065.97639,15,192.46875,2681.25
1767277065.97639,15,193.625,2686.75
1767277065.97639,15,194.78125,2694.25
1767277065.97639,15,195.984375,2708.25
1767277065.97639,15,197.125,2721.75
1767277065.97639,15,198.3125,2736.5
1767277065.97639,15,199.46875,2755.5
1767277065.97639,15,200.59375,2772.25
1767277065.97639,15,201.78125,2789.5
1767277065.97639,15,202.953125,2813.75
1767277065.97639,15,204.109375,2846.25
1767277065.97639,15,205.265625,2893.25
1767277065.97639,15,206.453125,2927.0
1767277065.97639,15,207.59375,2945.0
1767277065.97639,15,208.765625,2965.5
1767277065.97639,15,209.953125,2996.5
1767277065.97639,15,211.09375,3035.75
1767277065.97639,15,212.25,3059.75
1767277065.97639,15,213.4375,3080.75
1767277065.97639,15,214.578125,3129.5
1767277065.97639,15,215.734375,3194.75
1767277065.97639,15,216.890625,3236.0
1767277065.97639,15,218.0625,3280.0
1767277065.97639,15,221.15625,1163.25
1767277065.97639,15,222.421875,1157.25
1767277065.97639,15,223.546875,1152.25
1767277065.97639,15,224.6875,1148.25
1767277065.97639,15,227.28125,3829.0
1767277065.97639,15,230.515625,1127.25
1767277065.97639,15,231.703125,1124.75
1767277065.97639,15,232.921875,1122.25
1767277065.97639,15,234.09375,1120.25
1767277065.97639,15,235.1875,1119.5
1767277065.97639,15,236.359375,1120.0
1767277065.97639,15,237.5,1120.25
1767277065.97639,15,238.71875,1119.75
1767277065.97639,15,239.828125,1121.25
1767277065.97639,15,245.734375,1124.25
1767277065.97639,15,246.8125,1125.75
1767277065.97639,15,248.0625,1128.0
1767277065.97639,15,249.1875,1131.0
1767277065.97639,15,250.375,1133.75
1767277065.97639,15,251.53125,1138.25
1767277065.97639,15,252.71875,1143.5
1767277065.97639,15,253.8125,1147.25
1767277065.97639,15,255.0,1152.25
1767277065.97639,15,256.15625,1157.5
1767277065.97639,15,257.28125,1163.25
1767277065.97639,14,262.25,3967.75
1767277065.97639,15,263.40625,3986.75
1767277065.97639,15,264.59375,4005.25
1767277065.97639,15,265.734375,4007.0
1767277065.97639,15,266.921875,3997.5
1767277065.97639,15,268.0625,3995.0
1767277065.97639,15,269.265625,3998.5
1767277065.97639,15,270.40625,4003.5
1767277065.97639,15,271.578125,4011.75
1767277065.97639,14,272.734375,4020.25
1767277065.97639,15,273.890625,4025.25
1767277065.97639,14,274.984375,4033.5
1767277065.97639,12,276.140625,4045.0
1767277065.97639,12,277.296875,4049.0
1767277065.97639,9,278.46875,4064.25
1767277065.97639,10,279.625,4064.75
1767277065.97639,10,280.8125,4039.5
1767277065.97639,13,281.953125,4007.0
1767277065.97639,15,292.703125,2255.75
1767277065.97639,15,293.890625,2217.5
1767277065.97639,15,295.03125,2186.5
1767277065.97639,15,296.171875,2170.75
1767277065.97639,15,297.359375,2152.0
1767277065.97639,15,298.5625,2129.5
1767277065.97639,15,299.65625,2123.25
1767277065.97639,15,307.4375,4307.0
1767277065.97639,15,308.59375,4389.25
1767277065.97639,15,309.75,4460.25
1767277065.97639,15,310.921875,4513.75
1767277065.97639,15,312.0625,4569.25
1767277065.97639,15,313.203125,4667.75
1767277065.97639,15,314.375,4781.75
1767277065.97639,15,315.53125,4865.5
1767277065.97639,15,316.671875,4944.75
1767277065.97639,15,317.828125,5063.25
1767277065.97639,15,318.96875,5205.5
1767277065.97639,15,327.640625,1921.25
1767277065.97639,15,328.75,1915.5
1767277065.97639,15,329.921875,1916.75
1767277065.97639,15,331.078125,1917.5
1767277065.97639,15,332.25,1919.75
1767277065.97639,15,333.421875,1921.25
1767277065.97639,15,334.59375,1928.0
1767277065.97639,15,335.765625,1922.75
1767277065.97639,15,336.890625,1896.5
1767277065.97639,15,338.09375,1874.25
1767277065.97639,15,339.265625,1861.75
1767277065.97639,15,340.390625,1852.25
1767277065.97639,15,341.59375,1840.5
1767277065.97639,15,342.703125,1853.5
1767277065.97639,15,347.390625,2080.0
1767277065.97639,15,348.578125,2071.5
1767277065.97639,15,349.71875,2065.5
1767277065.97639,15,350.859375,2060.25
1767277066.133564,15,352.0625,2055.5
1767277066.133564,15,353.1875,2053.0
1767277066.133564,15,354.375,2051.75
1767277066.133564,15,355.515625,2049.0
1767277066.133564,15,356.703125,2046.75
1767277066.133564,15,357.875,2045.0
1767277066.133564,15,359.03125,2043.0
1767277066.133564,15,0.1875,2043.25
1767277066.133564,15,1.34375,2044.25
1767277066.133564,15,2.515625,2044.0
1767277066.133564,15,3.71875,2046.5
1767277066.133564,15,4.84375,2049.25
1767277066.133564,15,6.046875,2049.75
1767277066.133564,15,7.203125,2051.75
1767277066.133564,15,8.375,2055.75
1767277066.133564,15,9.515625,2060.25
1767277066.133564,15,10.703125,2063.25
1767277066.133564,15,11.84375,2069.25
1767277066.133564,15,13.015625,2079.75
1767277066.133564,15,14.171875,2089.0
1767277066.133564,15,15.3125,2100.25
1767277066.133564,15,16.484375,2119.25
1767277066.133564,15,17.625,2139.25
1767277066.133564,15,18.8125,2152.25
1767277066.133564,15,19.96875,2163.75
1767277066.133564,15,21.140625,2172.75
1767277066.133564,15,22.28125,2191.0
1767277066.133564,15,23.4375,2217.0
1767277066.133564,15,24.609375,2238.5
1767277066.133564,15,25.734375,2262.25
1767277066.133564,15,26.890625,2286.5
1767277066.133564,15,28.0625,2304.75
1767277066.133564,15,29.234375,2321.5
1767277066.133564,15,30.375,2344.75
1767277066.133564,15,31.53125,2371.5
1767277066.133564,15,32.71875,2374.5
1767277066.133564,15,33.875,2329.5
1767277066.133564,15,36.3125,2194.75
1767277066.133564,15,37.46875,2201.75
1767277066.133564,15,38.640625,2236.25
1767277066.133564,15,39.796875,2243.5
1767277066.133564,15,40.96875,2207.5
1767277066.133564,15,42.15625,2159.75
1767277066.133564,15,44.53125,2059.0
1767277066.133564,15,45.6875,2017.75
1767277066.133564,15,46.875,1971.5
1767277066.133564,15,48.078125,1932.75
1767277066.133564,15,49.265625,1893.5
1767277066.133564,15,50.4375,1850.5
1767277066.133564,15,51.625,1818.25
1767277066.133564,15,52.78125,1788.25
1767277066.133564,15,53.96875,1759.5
1767277066.133564,15,55.125,1737.75
1767277066.133564,15,56.3125,1712.25
1767277066.133564,15,57.546875,1688.0
1767277066.133564,15,58.703125,1666.25
1767277066.133564,15,59.921875,1643.75
1767277066.133564,15,61.078125,1621.75
1767277066.133564,15,62.28125,1601.75
1767277066.133564,15,63.4375,1582.25
1767277066.133564,15,64.625,1564.25
1767277066.133564,15,65.765625,1549.25
1767277066.133564,15,66.984375,1531.75
1767277066.133564,15,68.15625,1517.75
1767277066.133564,15,69.359375,1507.75
1767277066.133564,15,70.484375,1495.0
1767277066.133564,15,71.671875,1484.5
1767277066.133564,15,72.875,1473.25
1767277066.133564,15,74.03125,1461.75
1767277066.133564,15,75.234375,1453.5
1767277066.133564,15,76.34375,1442.75
1767277066.133564,15,77.5625,1433.75
1767277066.133564,15,78.75,1428.5
1767277066.133564,15,79.921875,1421.0
1767277066.133564,15,81.046875,1415.0
1767277066.133564,15,82.203125,1411.25
1767277066.133564,15,83.34375,1407.75
1767277066.133564,15,84.46875,1404.5
1767277066.133564,15,85.703125,1401.25
1767277066.133564,15,86.8125,1399.5
1767277066.133564,15,87.984375,1398.0
1767277066.133564,15,89.203125,1394.25
1767277066.133564,15,90.34375,1393.0
1767277066.133564,15,91.453125,1392.25
1767277066.133564,15,92.6875,1393.75
1767277066.133564,15,93.828125,1397.0
1767277066.133564,15,95.015625,1397.5
1767277066.133564,15,96.171875,1399.0
1767277066.133564,15,97.328125,1401.5
1767277066.133564,15,98.484375,1403.5
1767277066.133564,15,99.609375,1406.25
1767277066.133564,15,100.78125,1410.0
1767277066.133564,15,101.984375,1413.75
1767277066.133564,15,103.078125,1418.5
1767277066.133564,15,104.25,1424.75
1767277066.133564,15,105.4375,1431.25
1767277066.133564,15,106.640625,1436.25
1767277066.133564,15,107.71875,1441.25
1767277066.133564,15,108.890625,1451.5
1767277066.133564,15,110.0,1465.0
1767277066.133564,15,111.21875,1475.5
1767277066.133564,15,112.3125,1485.0
1767277066.133564,15,113.5,1496.0
1767277066.133564,15,114.640625,1508.0
1767277066.133564,15,115.78125,1517.75
1767277066.133564,15,116.96875,1528.5
1767277066.133564,15,118.09375,1546.0
1767277066.133564,15,119.265625,1563.25
1767277066.133564,15,120.390625,1580.0
1767277066.133564,15,121.53125,1600.5
1767277066.133564,15,122.734375,1618.25
1767277066.133564,15,123.828125,1638.25
1767277066.133564,15,125.046875,1659.5
1767277066.133564,15,126.140625,1682.75
1767277066.133564,15,127.34375,1705.0
1767277066.133564,15,128.46875,1730.5
1767277066.133564,15,129.59375,1758.5
1767277066.133564,15,130.734375,1784.75
1767277066.133564,15,131.890625,1813.5
1767277066.133564,15,133.0,1846.25
1767277066.133564,15,134.171875,1881.5
1767277066.133564,15,135.3125,1918.75
1767277066.133564,15,136.4375,1965.75
1767277066.133564,15,137.609375,2008.5
1767277066.133564,15,138.734375,2047.5
1767277066.133564,15,139.890625,2092.75
1767277066.133564,15,141.0625,2144.5
1767277066.133564,15,142.21875,2188.0
1767277066.133564,15,144.46875,2314.0
1767277066.133564,15,145.625,2371.0
1767277066.133564,11,146.75,2429.0
1767277066.133564,15,150.171875,2683.5
1767277066.133564,15,153.625,2941.75
1767277066.133564,15,154.9375,2943.75
1767277066.133564,15,156.09375,2908.75
1767277066.133564,15,157.25,2868.25
1767277066.133564,15,158.4375,2839.0
1767277066.133564,15,159.625,2808.75
1767277066.133564,15,160.78125,2787.75
1767277066.133564,15,161.96875,2769.75
1767277066.133564,15,163.109375,2750.75
1767277066.133564,15,164.28125,2732.5
1767277066.133564,15,165.453125,2719.5
1767277066.133564,15,166.625,2706.0
1767277066.133564,15,167.8125,2693.75
1767277066.133564,15,168.96875,2685.25
1767277066.133564,15,170.125,2675.5
1767277066.133564,15,171.328125,2665.25
1767277066.133564,15,172.5,2655.0
1767277066.133564,15,173.625,2650.5
1767277066.133564,15,174.8125,2646.5
1767277066.133564,15,176.0,2641.75
1767277066.133564,15,177.171875,2641.25
1767277066.133564,15,178.328125,2640.5
1767277066.133564,14,179.46875,2640.0
1767277066.133564,9,180.625,2634.0
1767277066.133564,6,181.8125,2633.0
1767277066.133564,15,182.953125,2634.5
1767277066.133564,15,184.109375,2633.25
1767277066.133564,8,185.265625,2635.5
1767277066.133564,9,186.46875,2639.0
1767277066.133564,12,187.640625,2640.75
1767277066.133564,15,188.796875,2643.75
1767277066.133564,15,189.96875,2652.0
1767277066.133564,15,191.125,2665.75
1767277066.133564,15,192.28125,2679.25
1767277066.133564,15,193.453125,2685.0
1767277066.133564,15,194.609375,2694.75
1767277066.133564,15,195.765625,2708.25
1767277066.133564,15,196.921875,2720.0
1767277066.133564,15,198.078125,2735.25
1767277066.133564,15,199.265625,2753.75
1767277066.133564,15,200.40625,2771.0
1767277066.133564,15,201.578125,2787.75
1767277066.133564,15,202.703125,2808.25
1767277066.133564,15,203.875,2840.25
1767277066.133564,15,205.015625,2879.5
1767277066.133564,15,206.203125,2914.75
1767277066.133564,15,207.34375,2942.0
1767277066.133564,15,208.515625,2962.5
1767277066.133564,15,209.671875,2988.75
1767277066.133564,15,210.828125,3023.5
1767277066.133564,15,211.984375,3053.5
1767277066.133564,15,213.140625,3076.75
1767277066.133564,15,214.28125,3117.75
1767277066.133564,15,215.46875,3178.5
1767277066.133564,15,216.625,3228.0
1767277066.133564,15,217.75,3273.75
1767277066.133564,15,220.953125,1165.5
1767277066.133564,15,222.046875,1159.75
1767277066.133564,15,223.21875,1153.25
1767277066.133564,15,224.453125,1147.5
1767277066.133564,15,227.015625,3804.0
1767277066.133564,15,231.421875,1125.25
1767277066.133564,15,232.53125,1123.25
1767277066.133564,15,233.796875,1122.0
1767277066.133564,15,234.90625,1120.25
1767277066.133564,15,236.125,1120.0
1767277066.133564,15,237.28125,1119.75
1767277066.133564,15,238.453125,1120.5
1767277066.133564,15,239.53125,1121.5
1767277066.133564,15,240.765625,1123.5
1767277066.133564,15,245.421875,1125.25
1767277066.133564,15,246.5625,1125.75
1767277066.133564,15,247.71875,1127.5
1767277066.133564,15,248.890625,1130.25
1767277066.133564,15,250.015625,1133.75
1767277066.133564,15,251.21875,1137.0
1767277066.133564,15,252.4375,1141.75
1767277066.133564,15,253.59375,1147.0
1767277066.133564,15,254.71875,1152.25
1767277066.133564,15,255.90625,1156.75
1767277066.133564,15,257.0625,1161.75
1767277066.133564,15,258.21875,1170.0
1767277066.133564,14,260.859375,3957.25
1767277066.133564,15,262.015625,3971.0
1767277066.133564,15,263.1875,3984.0
1767277066.133564,15,264.34375,3998.0
1767277066.133564,15,265.5,4006.0
1767277066.133564,15,266.65625,4000.5
1767277066.133564,15,267.84375,4000.25
1767277066.133564,15,269.0,4007.75
1767277066.133564,14,270.15625,4006.75
1767277066.133564,15,271.34375,4007.75
1767277066.133564,15,272.5,4019.0
1767277066.133564,13,273.671875,4027.75
1767277066.133564,15,274.6875,4034.0
1767277066.133564,13,275.84375,4041.75
1767277066.133564,11,276.984375,4045.25
1767277066.133564,12,278.15625,4055.0
1767277066.133564,7,279.3125,4057.5
1767277066.133564,12,281.625,4020.25
1767277066.133564,15,292.375,2266.25
1767277066.133564,15,293.515625,2225.5
1767277066.133564,15,294.6875,2194.75
1767277066.133564,15,295.84375,2179.0
1767277066.133564,15,297.046875,2159.5
1767277066.133564,15,298.15625,2136.5
1767277066.133564,15,299.3125,2121.25
1767277066.133564,15,307.0625,4277.5
1767277066.133564,15,308.21875,4355.75
1767277066.133564,15,309.375,4444.0
1767277066.133564,15,310.53125,4504.0
1767277066.133564,15,311.671875,4548.75
1767277066.133564,15,312.84375,4625.5
1767277066.133564,15,313.984375,4748.25
1767277066.133564,15,315.125,4856.25
1767277066.133564,15,316.265625,4913.75
1767277066.133564,15,318.59375,5184.25
1767277066.133564,15,323.25,5666.25
1767277066.133564,15,328.40625,1917.75
1767277066.133564,15,329.53125,1918.75
1767277066.133564,15,330.6875,1919.25
1767277066.133564,15,331.90625,1919.25
1767277066.133564,15,333.03125,1919.75
1767277066.133564,15,334.1875,1922.5
1767277066.133564,15,335.328125,1922.25
1767277066.133564,15,336.546875,1910.0
1767277066.133564,15,337.71875,1885.5
1767277066.133564,15,338.84375,1865.5
1767277066.133564,15,340.0,1855.25
1767277066.133564,15,341.203125,1844.75
1767277066.133564,15,342.375,1840.75
1767277066.133564,15,345.734375,2086.25
1767277066.133564,15,346.96875,2084.0
1767277066.133564,15,348.125,2073.5
1767277066.133564,15,349.296875,2065.5
1767277066.133564,15,350.453125,2060.0
1767277066.2900789,15,351.609375,2056.5
1767277066.2900789,15,352.765625,2054.5
1767277066.2900789,15,353.921875,2050.75
1767277066.2900789,15,355.078125,2047.25
1767277066.2900789,15,356.21875,2045.75
1767277066.2900789,15,357.4375,2043.25
1767277066.2900789,15,358.578125,2043.0
1767277066.2900789,15,359.734375,2044.5
1767277066.2900789,15,0.875,2044.25
1767277066.2900789,15,2.046875,2044.75
1767277066.2900789,15,3.21875,2045.75
1767277066.2900789,15,4.40625,2048.0
1767277066.2900789,15,5.546875,2049.75
1767277066.2900789,15,6.71875,2050.25
1767277066.2900789,15,7.90625,2054.5
1767277066.2900789,15,9.0,2059.0
1767277066.2900789,15,10.203125,2061.75
1767277066.2900789,15,11.3125,2066.25
1767277066.2900789,15,12.515625,2075.0
1767277066.2900789,15,13.65625,2086.0
1767277066.2900789,15,14.78125,2096.5
1767277066.2900789,15,15.9375,2109.75
1767277066.2900789,15,17.140625,2128.75
1767277066.2900789,15,18.25,2145.5
1767277066.2900789,15,19.40625,2156.25
1767277066.2900789,15,20.578125,2165.75
1767277066.2900789,15,21.734375,2179.25
1767277066.2900789,15,22.90625,2205.25
1767277066.2900789,15,24.046875,2231.5
1767277066.2900789,15,25.1875,2251.0
1767277066.2900789,15,26.34375,2274.5
1767277066.2900789,15,27.53125,2297.75
1767277066.2900789,15,28.671875,2316.75
1767277066.2900789,15,29.828125,2336.5
1767277066.2900789,15,30.984375,2360.5
1767277066.2900789,15,34.5,2292.0
1767277066.2900789,15,36.921875,2193.75
1767277066.2900789,15,38.109375,2224.5
1767277066.2900789,15,39.265625,2265.75
1767277066.2900789,15,41.609375,2179.0
1767277066.2900789,15,42.8125,2134.0
1767277066.2900789,15,44.0,2081.25
1767277066.2900789,15,45.15625,2032.75
1767277066.2900789,15,46.34375,1992.0
1767277066.2900789,15,47.546875,1955.0
1767277066.2900789,15,48.71875,1909.0
1767277066.2900789,15,49.90625,1871.5
1767277066.2900789,15,51.046875,1837.5
1767277066.2900789,15,52.265625,1805.5
1767277066.2900789,15,53.40625,1776.75
1767277066.2900789,15,54.5625,1749.5
1767277066.2900789,15,55.765625,1722.75
1767277066.2900789,15,56.9375,1698.0
1767277066.2900789,15,58.09375,1674.25
1767277066.2900789,15,59.375,1649.75
1767277066.2900789,15,60.5625,1629.0
1767277066.2900789,15,61.734375,1612.25
1767277066.2900789,15,62.90625,1593.75
1767277066.2900789,15,64.046875,1573.0
1767277066.2900789,15,65.28125,1557.5
1767277066.2900789,15,66.453125,1538.0
1767277066.2900789,15,67.578125,1522.25
1767277066.2900789,15,68.765625,1513.75
1767277066.2900789,15,69.9375,1502.25
1767277066.2900789,15,71.109375,1489.25
1767277066.2900789,15,72.3125,1478.0
1767277066.2900789,15,73.46875,1468.5
1767277066.2900789,15,74.640625,1458.75
1767277066.2900789,15,75.84375,1446.25
1767277066.2900789,15,77.0,1436.0
1767277066.2900789,15,78.140625,1430.0
1767277066.2900789,15,79.359375,1424.5
1767277066.2900789,15,80.515625,1419.75
1767277066.2900789,15,81.703125,1413.75
1767277066.2900789,15,82.828125,1410.0
1767277066.2900789,15,83.96875,1407.0
1767277066.2900789,15,85.140625,1404.25
1767277066.2900789,15,86.28125,1401.75
1767277066.2900789,15,87.484375,1399.5
1767277066.2900789,15,88.65625,1397.75
1767277066.2900789,15,89.78125,1396.25
1767277066.2900789,15,90.96875,1395.75
1767277066.2900789,15,92.125,1396.25
1767277066.2900789,15,93.265625,1396.75
1767277066.2900789,15,94.4375,1397.0
1767277066.2900789,15,95.578125,1398.0
1767277066.2900789,15,96.796875,1399.25
1767277066.2900789,15,97.90625,1401.5
1767277066.2900789,15,99.09375,1404.75
1767277066.2900789,15,100.265625,1408.25
1767277066.2900789,15,101.390625,1411.75
1767277066.2900789,15,102.609375,1416.0
1767277066.2900789,15,103.75,1422.0
1767277066.2900789,15,104.875,1428.25
1767277066.2900789,15,106.015625,1433.0
1767277066.2900789,15,107.140625,1438.0
1767277066.2900789,15,108.296875,1447.25
1767277066.2900789,15,109.484375,1459.75
1767277066.2900789,15,110.640625,1470.75
1767277066.2900789,15,111.765625,1480.0
1767277066.2900789,15,112.953125,1489.75
1767277066.2900789,15,114.046875,1502.75
1767277066.2900789,15,115.25,1513.5
1767277066.2900789,15,116.375,1520.75
1767277066.2900789,15,117.515625,1538.0
1767277066.2900789,15,118.71875,1556.0
1767277066.2900789,15,119.875,1570.25
1767277066.2900789,15,120.953125,1593.0
1767277066.2900789,15,122.109375,1611.5
1767277066.2900789,15,123.296875,1627.5
1767277066.2900789,15,124.46875,1648.25
1767277066.2900789,15,125.5625,1672.5
1767277066.2900789,15,126.75,1695.25
1767277066.2900789,15,127.90625,1720.5
1767277066.2900789,15,129.015625,1747.0
1767277066.2900789,15,130.1875,1766.0
1767277066.2900789,15,131.28125,1793.75
1767277066.2900789,15,132.46875,1826.25
1767277066.2900789,15,133.609375,1861.25
1767277066.2900789,15,134.765625,1903.0
1767277066.2900789,15,135.875,1941.25
1767277066.2900789,15,137.015625,1979.75
1767277066.2900789,15,138.15625,2026.0
1767277066.2900789,15,139.328125,2068.25
1767277066.2900789,15,140.46875,2117.75
1767277066.2900789,15,141.59375,2168.75
1767277066.2900789,15,142.75,2219.75
1767277066.2900789,15,143.890625,2283.5
1767277066.2900789,15,145.046875,2339.75
1767277066.2900789,15,146.171875,2401.0
1767277066.2900789,15,149.578125,2640.0
1767277066.2900789,15,153.015625,2937.75
1767277066.2900789,15,154.1875,2957.75
1767277066.2900789,15,155.4375,2924.5
1767277066.2900789,15,156.609375,2893.75
1767277066.2900789,15,157.75,2858.5
1767277066.2900789,15,158.921875,2823.5
1767277066.2900789,15,160.109375,2800.0
1767277066.2900789,15,161.265625,2779.25
1767277066.2900789,15,162.421875,2759.0
1767277066.2900789,15,163.609375,2739.75
1767277066.2900789,15,164.765625,2726.25
1767277066.2900789,15,165.953125,2716.0
1767277066.2900789,15,167.078125,2702.5
1767277066.2900789,15,168.265625,2690.0
1767277066.2900789,15,169.40625,2679.75
1767277066.2900789,15,170.578125,2669.0
1767277066.2900789,15,171.734375,2660.5
1767277066.2900789,15,172.921875,2655.5
1767277066.2900789,15,174.078125,2648.75
1767277066.2900789,15,175.234375,2642.75
1767277066.2900789,14,176.40625,2639.75
1767277066.2900789,15,177.5625,2639.5
1767277066.2900789,15,178.765625,2639.0
1767277066.2900789,15,179.9375,2636.5
1767277066.2900789,8,181.078125,2633.75
1767277066.2900789,15,182.265625,2633.5
1767277066.2900789,15,183.421875,2632.5
1767277066.2900789,15,184.59375,2631.75
1767277066.2900789,9,185.75,2635.5
1767277066.2900789,10,186.9375,2639.5
1767277066.2900789,13,188.09375,2642.5
1767277066.2900789,15,189.265625,2646.0
1767277066.2900789,15,190.40625,2655.75
1767277066.2900789,15,191.578125,2671.5
1767277066.2900789,15,192.734375,2683.5
1767277066.2900789,15,193.90625,2688.75
1767277066.2900789,15,195.078125,2697.25
1767277066.2900789,15,196.234375,2711.0
1767277066.2900789,15,197.390625,2724.75
1767277066.2900789,15,198.546875,2742.25
1767277066.2900789,15,199.703125,2762.75
1767277066.2900789,15,200.875,2778.5
1767277066.2900789,15,202.015625,2795.0
1767277066.2900789,15,203.234375,2819.0
1767277066.2900789,15,204.390625,2856.0
1767277066.2900789,15,205.5625,2897.5
1767277066.2900789,15,206.71875,2923.5
1767277066.2900789,15,207.890625,2949.5
1767277066.2900789,15,209.046875,2972.75
1767277066.2900789,15,210.203125,3000.5
1767277066.2900789,15,211.359375,3039.75
1767277066.2900789,15,212.53125,3064.75
1767277066.2900789,15,213.703125,3097.5
1767277066.2900789,15,214.84375,3153.25
1767277066.2900789,15,216.0,3210.0
1767277066.2900789,15,217.171875,3251.0
1767277066.2900789,15,221.484375,1162.0
1767277066.2900789,15,222.609375,1156.75
1767277066.2900789,15,223.828125,1151.5
1767277066.2900789,15,225.015625,1154.0
1767277066.2900789,15,227.625,3850.25
1767277066.2900789,15,230.875,1126.75
1767277066.2900789,15,232.09375,1124.0
1767277066.2900789,15,233.171875,1122.25
1767277066.2900789,15,234.34375,1120.5
1767277066.2900789,15,235.578125,1119.5
1767277066.2900789,15,236.703125,1119.5
1767277066.2900789,15,237.828125,1120.25
1767277066.2900789,15,239.0625,1122.0
1767277066.2900789,15,240.171875,1122.0
1767277066.2900789,15,244.859375,1121.5
1767277066.2900789,15,246.09375,1123.25
1767277066.2900789,15,247.1875,1127.5
1767277066.2900789,15,248.375,1130.25
1767277066.2900789,15,249.59375,1131.5
1767277066.2900789,15,250.734375,1135.25
1767277066.2900789,15,251.8125,1140.25
1767277066.2900789,15,252.96875,1144.0
1767277066.2900789,15,254.203125,1148.25
1767277066.2900789,15,255.3125,1153.5
1767277066.2900789,15,256.4375,1159.0
1767277066.2900789,15,257.65625,1165.75
1767277066.2900789,14,262.59375,3972.0
1767277066.2900789,15,263.75,3993.75
1767277066.2900789,15,264.921875,4007.75
1767277066.2900789,15,266.109375,4004.75
1767277066.2900789,15,267.265625,3994.5
1767277066.2900789,15,268.421875,3996.25
1767277066.2900789,15,269.578125,4002.25
1767277066.2900789,15,270.75,4005.5
1767277066.2900789,13,271.921875,4009.25
1767277066.2900789,15,273.078125,4014.25
1767277066.2900789,15,274.265625,4027.75
1767277066.2900789,9,275.3125,4038.25
1767277066.2900789,11,276.46875,4042.0
1767277066.2900789,12,277.609375,4048.5
1767277066.2900789,7,278.78125,4054.75
1767277066.2900789,11,279.9375,4050.0
1767277066.2900789,11,281.109375,4025.5
1767277066.2900789,15,282.265625,3992.0
1767277066.2900789,15,291.84375,2285.0
1767277066.2900789,15,293.0,2246.0
1767277066.2900789,15,294.203125,2210.75
1767277066.2900789,15,295.328125,2183.25
1767277066.2900789,15,296.515625,2167.0
1767277066.2900789,15,297.65625,2146.25
1767277066.2900789,15,298.921875,2122.5
1767277066.2900789,9,300.0625,2129.5
1767277066.2900789,15,306.6875,4259.0
1767277066.2900789,15,307.84375,4331.25
1767277066.2900789,15,309.015625,4419.0
1767277066.2900789,15,310.1875,4486.5
1767277066.2900789,15,311.34375,4539.0
1767277066.2900789,15,312.484375,4602.0
1767277066.2900789,15,314.78125,4842.0
1767277066.2900789,15,315.953125,4902.0
1767277066.2900789,15,317.109375,4996.25
1767277066.2900789,15,328.09375,1916.25
1767277066.2900789,15,329.296875,1915.25
1767277066.2900789,15,330.421875,1916.75
1767277066.2900789,15,331.609375,1917.25
1767277066.2900789,15,332.765625,1918.5
1767277066.2900789,15,333.90625,1921.25
1767277066.2900789,15,335.125,1920.75
1767277066.2900789,15,336.25,1911.0
1767277066.2900789,15,337.453125,1890.0
1767277066.2900789,15,338.625,1869.75
1767277066.2900789,15,339.796875,1857.75
1767277066.2900789,15,340.953125,1846.25
1767277066.2900789,15,342.140625,1828.25
1767277066.2900789,15,345.515625,2063.75
1767277066.2900789,15,346.671875,2087.25
1767277066.2900789,15,347.78125,2077.0
1767277066.2900789,15,348.953125,2069.0
1767277066.2900789,15,350.09375,2063.5
1767277066.4509232,15,351.3125,2058.75
1767277066.4509232,15,352.46875,2055.0
1767277066.4509232,15,353.59375,2051.0
1767277066.4509232,15,354.765625,2049.0
1767277066.4509232,15,355.9375,2047.5
1767277066.4509232,15,357.109375,2045.5
1767277066.4509232,15,358.25,2043.75
1767277066.4509232,15,359.453125,2043.75
1767277066.4509232,15,0.5625,2043.5
1767277066.4509232,15,1.734375,2043.5
1767277066.4509232,15,2.890625,2044.0
1767277066.4509232,15,4.0625,2046.0
1767277066.4509232,15,5.265625,2048.25
1767277066.4509232,15,6.40625,2049.25
1767277066.4509232,15,7.546875,2052.5
1767277066.4509232,15,8.703125,2056.0
1767277066.4509232,15,9.875,2059.75
1767277066.4509232,15,11.03125,2064.75
1767277066.4509232,15,12.203125,2072.5
1767277066.4509232,15,13.34375,2082.75
1767277066.4509232,15,14.53125,2094.5
1767277066.4509232,15,15.640625,2108.25
1767277066.4509232,15,16.8125,2123.0
1767277066.4509232,15,17.984375,2140.25
1767277066.4509232,15,19.140625,2154.5
1767277066.4509232,15,20.28125,2166.25
1767277066.4509232,15,21.46875,2177.25
1767277066.4509232,15,22.625,2197.75
1767277066.4509232,15,23.78125,2223.0
1767277066.4509232,15,24.9375,2243.5
1767277066.4509232,15,26.078125,2266.75
1767277066.4509232,15,27.21875,2291.0
1767277066.4509232,15,28.375,2310.5
1767277066.4509232,15,29.53125,2329.25
1767277066.4509232,15,30.6875,2354.5
1767277066.4509232,15,31.875,2379.25
1767277066.4509232,15,33.015625,2368.5
1767277066.4509232,15,34.21875,2312.75
1767277066.4509232,15,36.703125,2195.75
1767277066.4509232,15,37.859375,2219.5
1767277066.4509232,15,39.015625,2243.75
1767277066.4509232,15,40.1875,2236.5
1767277066.4509232,15,41.359375,2193.25
1767277066.4509232,15,42.5625,2140.25
1767277066.4509232,15,43.75,2089.0
1767277066.4509232,15,44.9375,2041.75
1767277066.4509232,15,46.078125,2002.25
1767277066.4509232,15,47.265625,1961.75
1767277066.4509232,15,48.484375,1915.25
1767277066.4509232,15,49.609375,1877.25
1767277066.4509232,15,50.84375,1842.0
1767277066.4509232,15,52.015625,1810.75
1767277066.4509232,15,53.203125,1780.75
1767277066.4509232,15,54.34375,1753.75
1767277066.4509232,15,55.578125,1731.25
1767277066.4509232,15,56.734375,1705.5
1767277066.4509232,15,57.90625,1679.75
1767277066.4509232,15,59.046875,1657.75
1767277066.4509232,15,60.25,1636.0
1767277066.4509232,15,61.46875,1615.75
1767277066.4509232,15,62.609375,1597.0
1767277066.4509232,15,63.78125,1576.5
1767277066.4509232,15,64.96875,1560.5
1767277066.4509232,15,66.171875,1545.25
1767277066.4509232,15,67.3125,1528.5
1767277066.4509232,15,68.546875,1515.5
1767277066.4509232,15,69.65625,1504.5
1767277066.4509232,15,70.90625,1491.75
1767277066.4509232,15,72.015625,1480.75
1767277066.4509232,15,73.1875,1470.75
1767277066.4509232,15,74.4375,1460.0
1767277066.4509232,15,75.5625,1448.0
1767277066.4509232,15,76.734375,1438.5
1767277066.4509232,15,77.953125,1432.5
1767277066.4509232,15,79.0625,1426.5
1767277066.4509232,15,80.28125,1420.25
1767277066.4509232,15,81.4375,1414.75
1767277066.4509232,15,82.609375,1410.0
1767277066.4509232,15,83.65625,1407.0
1767277066.4509232,15,84.859375,1405.25
1767277066.4509232,15,85.984375,1402.25
1767277066.4509232,15,87.1875,1399.75
1767277066.4509232,15,88.328125,1398.75
1767277066.4509232,15,89.46875,1393.5
1767277066.4509232,15,90.703125,1393.25
1767277066.4509232,15,91.84375,1394.25
1767277066.4509232,15,93.0,1390.75
1767277066.4509232,15,94.15625,1393.25
1767277066.4509232,15,95.359375,1396.75
1767277066.4509232,15,96.453125,1398.25
1767277066.4509232,15,97.609375,1401.0
1767277066.4509232,15,98.765625,1403.75
1767277066.4509232,15,99.96875,1406.5
1767277066.4509232,15,101.140625,1410.5
1767277066.4509232,15,102.265625,1415.25
1767277066.4509232,15,103.4375,1419.75
1767277066.4509232,15,104.609375,1424.75
1767277066.4509232,15,105.765625,1431.25
1767277066.4509232,15,106.953125,1436.5
1767277066.4509232,15,108.09375,1443.5
1767277066.4509232,15,109.1875,1454.75
1767277066.4509232,15,110.390625,1466.75
1767277066.4509232,15,111.53125,1478.5
1767277066.4509232,15,112.671875,1490.0
1767277066.4509232,15,113.84375,1501.0
1767277066.4509232,15,114.96875,1510.5
1767277066.4509232,15,116.109375,1519.25
1767277066.4509232,15,117.28125,1534.5
1767277066.4509232,15,118.40625,1552.5
1767277066.4509232,15,119.59375,1566.75
1767277066.4509232,15,120.75,1587.75
1767277066.4509232,15,121.890625,1607.25
1767277066.4509232,15,123.0625,1624.25
1767277066.4509232,15,124.1875,1646.25
1767277066.4509232,15,125.34375,1670.5
1767277066.4509232,15,126.484375,1692.5
1767277066.4509232,15,127.640625,1715.75
1767277066.4509232,15,128.796875,1741.5
1767277066.4509232,15,129.9375,1762.75
1767277066.4509232,15,131.125,1792.0
1767277066.4509232,15,132.265625,1823.75
1767277066.4509232,15,133.40625,1858.25
1767277066.4509232,15,134.578125,1900.5
1767277066.4509232,15,135.71875,1937.0
1767277066.4509232,15,136.84375,1975.25
1767277066.4509232,15,138.0,2021.25
1767277066.4509232,15,139.15625,2061.75
1767277066.4509232,15,140.3125,2109.75
1767277066.4509232,15,141.46875,2161.5
1767277066.4509232,15,142.59375,2216.25
1767277066.4509232,15,143.765625,2277.75
1767277066.4509232,15,144.890625,2334.0
1767277066.4509232,15,146.03125,2394.5
1767277066.4509232,8,147.21875,2450.25
1767277066.4509232,15,149.46875,2631.5
1767277066.4509232,15,154.078125,2971.75
1767277066.4509232,15,155.25,2925.5
1767277066.4509232,15,156.40625,2898.75
1767277066.4509232,15,157.59375,2866.0
1767277066.4509232,15,158.734375,2828.0
1767277066.4509232,15,159.921875,2801.5
1767277066.4509232,15,161.109375,2781.25
1767277066.4509232,15,162.25,2760.0
1767277066.4509232,15,163.40625,2742.0
1767277066.4509232,15,164.59375,2728.75
1767277066.4509232,15,165.75,2716.25
1767277066.4509232,15,166.921875,2704.5
1767277066.4509232,15,168.078125,2691.0
1767277066.4509232,15,169.234375,2680.25
1767277066.4509232,15,170.40625,2671.5
1767277066.4509232,15,171.578125,2662.75
1767277066.4509232,15,172.75,2655.5
1767277066.4509232,15,173.921875,2651.0
1767277066.4509232,15,175.0625,2645.25
1767277066.4509232,15,176.234375,2640.5
1767277066.4509232,15,177.390625,2639.5
1767277066.4509232,15,178.53125,2640.25
1767277066.4509232,14,179.671875,2639.25
1767277066.4509232,10,180.84375,2633.0
1767277066.4509232,6,182.015625,2634.0
1767277066.4509232,15,183.1875,2636.0
1767277066.4509232,15,184.34375,2633.5
1767277066.4509232,7,185.484375,2637.25
1767277066.4509232,9,186.671875,2640.5
1767277066.4509232,12,187.8125,2640.75
1767277066.4509232,14,188.984375,2643.75
1767277066.4509232,15,190.15625,2652.25
1767277066.4509232,15,191.3125,2668.25
1767277066.4509232,15,192.46875,2681.75
1767277066.4509232,15,193.609375,2687.0
1767277066.4509232,15,194.765625,2694.5
1767277066.4509232,15,195.9375,2708.75
1767277066.4509232,15,197.109375,2722.25
1767277066.4509232,15,198.234375,2736.0
1767277066.4509232,15,199.40625,2754.25
1767277066.4509232,15,200.546875,2771.25
1767277066.4509232,15,201.734375,2788.75
1767277066.4509232,15,202.9375,2813.25
1767277066.4509232,15,204.109375,2845.75
1767277066.4509232,15,205.25,2894.5
1767277066.4509232,15,206.4375,2928.0
1767277066.4509232,15,207.59375,2944.5
1767277066.4509232,15,208.734375,2965.0
1767277066.4509232,15,209.921875,2993.0
1767277066.4509232,15,211.046875,3032.25
1767277066.4509232,15,212.21875,3059.25
1767277066.4509232,15,213.390625,3080.75
1767277066.4509232,15,214.546875,3126.75
1767277066.4509232,15,215.6875,3192.0
1767277066.4509232,15,216.859375,3237.0
1767277066.4509232,15,218.015625,3280.5
1767277066.4509232,15,221.1875,1163.0
1767277066.4509232,15,222.28125,1157.0
1767277066.4509232,15,223.4375,1152.25
1767277066.4509232,15,224.640625,1151.0
1767277066.4509232,15,227.34375,3829.5
1767277066.4509232,15,230.625,1127.0
1767277066.4509232,15,231.78125,1124.0
1767277066.4509232,15,232.953125,1121.5
1767277066.4509232,15,234.15625,1120.25
1767277066.4509232,15,235.265625,1119.75
1767277066.4509232,15,236.453125,1120.25
1767277066.4509232,15,237.65625,1120.75
1767277066.4509232,15,238.75,1120.5
1767277066.4509232,15,239.984375,1121.5
1767277066.4509232,15,244.5625,1133.5
1767277066.4509232,15,245.84375,1134.5
1767277066.4509232,15,246.984375,1125.75
1767277066.4509232,15,248.171875,1128.25
1767277066.4509232,15,249.34375,1133.0
1767277066.4509232,15,250.515625,1135.75
1767277066.4509232,15,251.578125,1138.5
1767277066.4509232,15,252.78125,1143.25
1767277066.4509232,15,253.859375,1148.0
1767277066.4509232,15,255.046875,1153.0
1767277066.4509232,15,256.203125,1158.0
1767277066.4509232,15,257.375,1163.5
1767277066.4509232,15,262.34375,3971.25
1767277066.4509232,15,263.5,3989.25
1767277066.4509232,15,264.65625,4005.0
1767277066.4509232,15,265.828125,4003.5
1767277066.4509232,14,267.0,3993.5
1767277066.4509232,15,268.171875,3994.25
1767277066.4509232,15,269.328125,3999.25
1767277066.4509232,15,270.5,4001.5
1767277066.4509232,14,271.671875,4007.75
1767277066.4509232,14,272.828125,4017.0
1767277066.4509232,15,274.0,4024.75
1767277066.4509232,11,275.015625,4036.0
1767277066.4509232,11,276.171875,4045.75
1767277066.4509232,11,277.328125,4049.5
1767277066.4509232,10,278.5,4064.75
1767277066.4509232,9,279.65625,4063.5
1767277066.4509232,10,280.8125,4038.75
1767277066.4509232,14,281.96875,4006.75
1767277066.4509232,15,292.6875,2254.25
1767277066.4509232,15,293.875,2216.25
1767277066.4509232,15,295.046875,2186.75
1767277066.4509232,15,296.171875,2171.25
1767277066.4509232,15,297.359375,2152.0
1767277066.4509232,15,298.53125,2129.0
1767277066.4509232,15,299.71875,2123.25
1767277066.4509232,15,306.359375,4247.75
1767277066.4509232,15,307.53125,4305.0
1767277066.4509232,15,308.671875,4390.0
1767277066.4509232,15,309.828125,4462.75
1767277066.4509232,15,310.96875,4516.5
1767277066.4509232,15,312.140625,4572.5
1767277066.4509232,15,314.453125,4822.5
1767277066.4509232,15,315.609375,4888.75
1767277066.4509232,15,316.765625,4946.25
1767277066.4509232,15,319.078125,5234.25
1767277066.4509232,15,327.734375,1922.5
1767277066.4509232,15,328.890625,1919.5
1767277066.4509232,15,330.046875,1918.25
1767277066.4509232,15,331.21875,1918.25
1767277066.4509232,15,332.34375,1920.5
1767277066.4509232,15,333.5625,1918.75
1767277066.4509232,15,334.6875,1930.5
1767277066.4509232,15,335.875,1926.5
1767277066.4509232,15,337.0625,1894.25
1767277066.4509232,15,338.1875,1871.5
1767277066.4509232,15,339.390625,1860.5
1767277066.4509232,15,340.578125,1851.0
1767277066.4509232,15,341.734375,1839.75
1767277066.4509232,15,342.84375,1855.0
1767277066.4509232,15,347.390625,2079.75
1767277066.4509232,15,348.546875,2071.5
1767277066.4509232,15,349.71875,2065.75
1767277066.4509232,15,350.859375,2060.25
1767277066.608151,15,352.015625,2055.25
1767277066.608151,15,353.171875,2053.0
1767277066.608151,15,354.375,2051.75
1767277066.608151,15,355.546875,2049.0
1767277066.608151,15,356.671875,2046.5
1767277066.608151,15,357.84375,2044.75
1767277066.608151,15,359.015625,2043.0
1767277066.608151,15,0.15625,2043.25
1767277066.608151,15,1.359375,2044.5
1767277066.608151,15,2.484375,2044.5
1767277066.608151,15,3.640625,2046.0
1767277066.608151,15,4.828125,2048.75
1767277066.608151,15,5.953125,2050.0
1767277066.608151,15,7.109375,2051.5
1767277066.608151,15,8.296875,2054.0
1767277066.608151,15,9.4375,2058.5
1767277066.608151,15,10.625,2063.25
1767277066.608151,15,11.78125,2069.25
1767277066.608151,15,12.90625,2079.5
1767277066.608151,15,14.109375,2088.5
1767277066.608151,15,15.21875,2099.5
1767277066.608151,15,16.40625,2117.0
1767277066.608151,15,17.5625,2136.75
1767277066.608151,15,18.71875,2150.75
1767277066.608151,15,19.859375,2162.5
1767277066.608151,15,21.03125,2172.0
1767277066.608151,15,22.15625,2190.25
1767277066.608151,15,23.34375,2215.75
1767277066.608151,15,24.515625,2235.5
1767277066.608151,15,25.609375,2258.5
1767277066.608151,15,26.8125,2281.25
1767277066.608151,15,27.921875,2301.75
1767277066.608151,15,29.109375,2320.75
1767277066.608151,15,30.25,2343.5
1767277066.608151,15,31.40625,2369.75
1767277066.608151,15,32.59375,2373.25
1767277066.608151,15,33.734375,2333.75
1767277066.608151,15,36.265625,2192.75
1767277066.608151,15,37.421875,2200.5
1767277066.608151,15,38.609375,2235.25
1767277066.608151,15,39.78125,2247.25
1767277066.608151,15,40.953125,2211.25
1767277066.608151,15,42.125,2160.0
1767277066.608151,15,44.515625,2059.25
1767277066.608151,15,45.65625,2018.0
1767277066.608151,15,46.890625,1971.75
1767277066.608151,15,48.0625,1932.5
1767277066.608151,15,49.25,1893.25
1767277066.608151,15,50.421875,1850.25
1767277066.608151,15,51.59375,1818.0
1767277066.608151,15,52.8125,1788.5
1767277066.608151,15,53.96875,1759.75
1767277066.608151,15,55.109375,1737.75
1767277066.608151,15,56.328125,1712.5
1767277066.608151,15,57.5,1688.25
1767277066.608151,15,58.71875,1666.5
1767277066.608151,15,59.8125,1643.75
1767277066.608151,15,61.0,1622.0
1767277066.608151,15,62.203125,1603.0
1767277066.608151,15,63.328125,1583.25
1767277066.608151,15,64.546875,1566.25
1767277066.608151,15,65.71875,1551.25
1767277066.608151,15,66.921875,1532.75
1767277066.608151,15,68.03125,1518.75
1767277066.608151,15,69.265625,1508.75
1767277066.608151,15,70.4375,1496.25
1767277066.608151,15,71.578125,1485.25
1767277066.608151,15,72.796875,1473.75
1767277066.608151,15,73.9375,1462.5
1767277066.608151,15,75.125,1453.75
1767277066.608151,15,76.25,1443.0
1767277066.608151,15,77.46875,1434.25
1767277066.608151,15,78.609375,1428.5
1767277066.608151,15,79.828125,1421.0
1767277066.608151,15,81.0,1415.25
1767277066.608151,15,82.109375,1411.5
1767277066.608151,15,83.25,1407.5
1767277066.608151,15,84.375,1404.0
1767277066.608151,15,85.546875,1401.0
1767277066.608151,15,86.75,1399.25
1767277066.608151,15,87.859375,1397.75
1767277066.608151,15,89.015625,1393.25
1767277066.608151,15,90.25,1390.5
1767277066.608151,15,91.359375,1389.5
1767277066.608151,15,92.53125,1390.25
1767277066.608151,15,93.671875,1394.5
1767277066.608151,15,94.859375,1397.0
1767277066.608151,15,96.0625,1398.5
1767277066.608151,15,97.21875,1401.0
1767277066.608151,15,98.375,1402.75
1767277066.608151,15,99.484375,1405.75
1767277066.608151,15,100.6875,1410.0
1767277066.608151,15,101.8125,1413.75
1767277066.608151,15,102.984375,1418.5
1767277066.608151,15,104.125,1424.25
1767277066.608151,15,105.328125,1430.0
1767277066.608151,15,106.484375,1435.0
1767277066.608151,15,107.640625,1442.25
1767277066.608151,15,108.796875,1453.0
1767277066.608151,15,109.953125,1464.75
1767277066.608151,15,111.140625,1475.25
1767277066.608151,15,112.28125,1484.75
1767277066.608151,15,113.453125,1495.5
1767277066.608151,15,114.609375,1508.5
1767277066.608151,15,115.734375,1518.25
1767277066.608151,15,116.90625,1530.5
1767277066.608151,15,118.046875,1548.0
1767277066.608151,15,119.234375,1563.25
1767277066.608151,15,120.390625,1580.0
1767277066.608151,15,121.5,1600.5
1767277066.608151,15,122.640625,1618.5
1767277066.608151,15,123.8125,1638.25
1767277066.608151,15,124.9375,1658.75
1767277066.608151,15,126.140625,1681.75
1767277066.608151,15,127.265625,1708.0
1767277066.608151,15,128.390625,1733.5
1767277066.608151,15,129.59375,1758.0
1767277066.608151,15,130.71875,1784.5
1767277066.608151,15,131.890625,1813.0
1767277066.608151,15,133.015625,1846.0
1767277066.608151,15,134.1875,1881.5
1767277066.608151,15,135.359375,1918.75
1767277066.608151,15,136.453125,1965.75
1767277066.608151,15,137.609375,2008.5
1767277066.608151,15,138.796875,2047.5
1767277066.608151,15,139.921875,2094.75
1767277066.608151,15,141.078125,2146.75
1767277066.608151,15,142.21875,2197.75
1767277066.608151,15,143.34375,2255.25
1767277066.608151,15,144.484375,2314.0
1767277066.608151,15,145.671875,2371.25
1767277066.608151,15,146.828125,2429.0
1767277066.608151,15,150.234375,2688.25
1767277066.608151,15,153.6875,2943.0
1767277066.608151,15,154.875,2943.0
1767277066.608151,15,156.03125,2908.5
1767277066.608151,15,157.203125,2867.75
1767277066.608151,15,158.375,2839.25
1767277066.608151,15,159.546875,2809.25
1767277066.608151,15,160.71875,2788.0
1767277066.608151,15,161.875,2771.0
1767277066.608151,15,163.046875,2751.75
1767277066.608151,15,164.21875,2733.5
1767277066.608151,15,165.375,2721.25
1767277066.608151,15,166.546875,2710.0
1767277066.608151,15,167.703125,2696.5
1767277066.608151,15,168.890625,2684.25
1767277066.608151,15,170.0625,2674.75
1767277066.608151,15,171.203125,2666.75
1767277066.608151,15,172.359375,2656.5
1767277066.608151,15,173.546875,2647.5
1767277066.608151,15,174.71875,2644.0
1767277066.608151,15,175.890625,2640.5
1767277066.608151,15,177.03125,2638.5
1767277066.608151,15,178.203125,2638.5
1767277066.608151,15,179.390625,2640.0
1767277066.608151,11,180.59375,2634.5
1767277066.608151,7,181.75,2632.75
1767277066.608151,15,182.890625,2634.25
1767277066.608151,15,184.078125,2633.0
1767277066.608151,8,185.234375,2635.75
1767277066.608151,9,186.421875,2639.0
1767277066.608151,13,187.5625,2641.0
1767277066.608151,15,188.71875,2641.5
1767277066.608151,15,189.890625,2649.5
1767277066.608151,15,191.078125,2664.5
1767277066.608151,15,192.25,2678.5
1767277066.608151,15,193.390625,2685.0
1767277066.608151,15,194.578125,2694.5
1767277066.608151,15,195.71875,2707.0
1767277066.608151,15,196.875,2718.5
1767277066.608151,15,198.03125,2735.0
1767277066.608151,15,199.1875,2754.0
1767277066.608151,15,200.359375,2770.0
1767277066.608151,15,201.53125,2786.5
1767277066.608151,15,202.71875,2808.25
1767277066.608151,15,203.890625,2840.0
1767277066.608151,15,205.046875,2880.25
1767277066.608151,15,206.203125,2917.25
1767277066.608151,15,207.390625,2943.5
1767277066.608151,15,208.53125,2962.5
1767277066.608151,15,209.703125,2988.75
1767277066.608151,15,210.859375,3023.0
1767277066.608151,15,212.03125,3053.25
1767277066.608151,15,213.1875,3077.75
1767277066.608151,15,214.34375,3118.75
1767277066.608151,15,215.515625,3182.5
1767277066.608151,15,216.6875,3231.75
1767277066.608151,15,217.828125,3276.75
1767277066.608151,15,220.953125,1165.5
1767277066.608151,15,222.09375,1159.75
1767277066.608151,15,223.3125,1153.25
1767277066.608151,15,224.484375,1147.25
1767277066.608151,15,227.125,3813.0
1767277066.608151,15,230.34375,1126.0
1767277066.608151,15,231.484375,1124.75
1767277066.608151,15,232.703125,1122.5
1767277066.608151,15,233.84375,1121.25
1767277066.608151,15,235.09375,1120.5
1767277066.608151,15,236.171875,1120.25
1767277066.608151,15,237.4375,1120.25
1767277066.608151,15,238.546875,1120.0
1767277066.608151,15,239.734375,1121.5
1767277066.608151,15,240.921875,1130.25
1767277066.608151,15,243.453125,3960.25
1767277066.608151,15,246.703125,1125.75
1767277066.608151,15,247.859375,1127.75
1767277066.608151,15,249.078125,1130.5
1767277066.608151,15,250.234375,1134.0
1767277066.608151,15,251.328125,1137.0
1767277066.608151,15,252.4375,1141.25
1767277066.608151,15,253.59375,1147.0
1767277066.608151,15,254.75,1151.75
1767277066.608151,15,255.96875,1156.0
1767277066.608151,15,257.125,1161.5
1767277066.608151,15,258.234375,1170.5
1767277066.608151,15,260.875,3956.5
1767277066.608151,15,262.046875,3969.0
1767277066.608151,15,263.21875,3980.75
1767277066.608151,15,264.359375,3995.25
1767277066.608151,15,265.53125,4002.5
1767277066.608151,14,266.703125,3998.25
1767277066.608151,15,267.875,3998.75
1767277066.608151,15,269.015625,4005.25
1767277066.608151,14,270.1875,4005.0
1767277066.608151,15,271.359375,4010.5
1767277066.608151,15,272.53125,4019.5
1767277066.608151,15,273.6875,4024.25
1767277066.608151,15,274.796875,4033.25
1767277066.608151,13,275.96875,4045.25
1767277066.608151,13,277.125,4051.75
1767277066.608151,10,278.296875,4056.25
1767277066.608151,10,279.453125,4052.75
1767277066.608151,11,280.625,4040.0
1767277066.608151,15,281.796875,4012.5
1767277066.608151,15,292.515625,2258.25
1767277066.608151,15,293.734375,2218.25
1767277066.608151,15,294.890625,2187.75
1767277066.608151,15,296.0625,2173.25
1767277066.608151,15,297.234375,2155.75
1767277066.608151,15,298.40625,2132.25
1767277066.608151,15,299.609375,2124.0
1767277066.608151,15,307.40625,4303.0
1767277066.608151,15,308.546875,4384.5
1767277066.608151,15,309.71875,4456.25
1767277066.608151,15,310.890625,4513.0
1767277066.608151,15,312.03125,4569.25
1767277066.608151,15,313.1875,4667.75
1767277066.608151,15,314.34375,4778.0
1767277066.608151,15,315.515625,4861.75
1767277066.608151,15,316.671875,4945.5
1767277066.608151,15,317.828125,5062.75
1767277066.608151,15,318.96875,5204.0
1767277066.608151,15,328.734375,1915.75
1767277066.608151,15,329.875,1916.75
1767277066.608151,15,331.078125,1917.5
1767277066.608151,15,332.203125,1920.0
1767277066.608151,15,333.375,1921.25
1767277066.608151,15,334.546875,1917.5
1767277066.608151,15,335.71875,1912.25
1767277066.608151,15,336.875,1897.0
1767277066.608151,15,338.0625,1874.5
1767277066.608151,15,339.25,1861.5
1767277066.608151,15,340.421875,1852.25
1767277066.608151,15,341.5625,1834.75
1767277066.608151,15,342.671875,1843.5
1767277066.608151,15,344.984375,2002.25
1767277066.608151,15,346.09375,2057.5
1767277066.608151,15,347.265625,2081.5
1767277066.608151,15,348.421875,2072.75
1767277066.608151,15,349.578125,2064.25
1767277066.608151,15,350.734375,2059.0
1767277066.7654488,15,351.921875,2055.25
1767277066.7654488,15,353.046875,2052.5
1767277066.7654488,15,354.25,2050.5
1767277066.7654488,15,355.375,2047.0
1767277066.7654488,15,356.546875,2045.75
1767277066.7654488,15,357.6875,2044.25
1767277066.7654488,15,358.875,2043.25
1767277066.7654488,15,0.015625,2043.5
1767277066.7654488,15,1.1875,2043.75
1767277066.7654488,15,2.375,2046.0
1767277066.7654488,15,3.546875,2047.25
1767277066.7654488,15,4.6875,2047.0
1767277066.7654488,15,5.859375,2048.0
1767277066.7654488,15,7.0,2051.75
1767277066.7654488,15,8.1875,2055.5
1767277066.7654488,15,9.34375,2058.75
1767277066.7654488,15,10.484375,2063.25
1767277066.7654488,15,11.703125,2069.0
1767277066.7654488,15,12.84375,2079.0
1767277066.7654488,15,14.015625,2088.25
1767277066.7654488,15,15.1875,2099.75
1767277066.7654488,15,16.34375,2117.5
1767277066.7654488,15,17.515625,2137.0
1767277066.7654488,15,18.65625,2150.5
1767277066.7654488,15,19.8125,2161.5
1767277066.7654488,15,21.0,2171.25
1767277066.7654488,15,22.171875,2188.5
1767277066.7654488,15,23.328125,2213.75
1767277066.7654488,15,24.453125,2235.75
1767277066.7654488,15,25.609375,2258.5
1767277066.7654488,15,26.78125,2281.0
1767277066.7654488,15,27.9375,2301.75
1767277066.7654488,15,29.078125,2320.5
1767277066.7654488,15,30.234375,2342.5
1767277066.7654488,15,31.390625,2369.0
1767277066.7654488,15,32.59375,2373.5
1767277066.7654488,15,33.734375,2334.0
1767277066.7654488,15,35.0,2270.0
1767277066.7654488,15,36.203125,2208.5
1767277066.7654488,15,37.390625,2200.5
1767277066.7654488,15,38.53125,2234.25
1767277066.7654488,15,39.703125,2245.75
1767277066.7654488,15,40.890625,2213.25
1767277066.7654488,15,42.0625,2162.25
1767277066.7654488,15,43.265625,2111.5
1767277066.7654488,15,44.40625,2062.5
1767277066.7654488,15,45.59375,2020.0
1767277066.7654488,15,46.828125,1973.0
1767277066.7654488,15,48.015625,1935.75
1767277066.7654488,15,49.1875,1897.0
1767277066.7654488,15,50.34375,1853.5
1767277066.7654488,15,51.546875,1821.25
1767277066.7654488,15,52.75,1791.0
1767277066.7654488,15,53.921875,1762.0
1767277066.7654488,15,55.03125,1740.5
1767277066.7654488,15,56.25,1714.5
1767277066.7654488,15,57.46875,1690.25
1767277066.7654488,15,58.625,1668.75
1767277066.7654488,15,59.75,1645.5
1767277066.7654488,15,60.90625,1624.5
1767277066.7654488,15,62.078125,1608.0
1767277066.7654488,15,63.203125,1589.5
1767277066.7654488,15,64.4375,1568.0
1767277066.7654488,15,65.625,1553.0
1767277066.7654488,15,66.78125,1534.5
1767277066.7654488,15,67.921875,1519.5
1767277066.7654488,15,69.078125,1509.5
1767277066.7654488,15,70.3125,1497.0
1767277066.7654488,15,71.4375,1484.5
1767277066.7654488,15,72.625,1475.0
1767277066.7654488,15,73.78125,1465.25
1767277066.7654488,15,75.0,1452.75
1767277066.7654488,15,76.1875,1442.25
1767277066.7654488,15,77.3125,1435.0
1767277066.7654488,15,78.4375,1429.75
1767277066.7654488,15,79.640625,1423.0
1767277066.7654488,15,80.8125,1416.25
1767277066.7654488,15,81.9375,1411.25
1767277066.7654488,15,83.0625,1408.25
1767277066.7654488,15,84.265625,1405.75
1767277066.7654488,15,85.4375,1402.0
1767277066.7654488,15,86.59375,1401.25
1767277066.7654488,15,87.71875,1400.0
1767277066.7654488,15,88.90625,1396.75
1767277066.7654488,15,90.03125,1393.0
1767277066.7654488,15,91.234375,1389.75
1767277066.7654488,15,92.34375,1389.75
1767277066.7654488,15,93.578125,1393.0
1767277066.7654488,15,94.71875,1396.75
1767277066.7654488,15,95.890625,1397.75
1767277066.7654488,15,97.03125,1400.0
1767277066.7654488,15,98.1875,1402.75
1767277066.7654488,15,99.34375,1405.75
1767277066.7654488,15,100.515625,1409.0
1767277066.7654488,15,101.671875,1412.0
1767277066.7654488,15,102.78125,1417.75
1767277066.7654488,15,103.984375,1424.25
1767277066.7654488,15,105.109375,1429.25
1767277066.7654488,15,106.25,1434.5
1767277066.7654488,15,107.515625,1441.75
1767277066.7654488,15,108.640625,1451.5
1767277066.7654488,15,109.78125,1462.0
1767277066.7654488,15,110.9375,1472.25
1767277066.7654488,15,112.0625,1481.25
1767277066.7654488,15,113.28125,1492.25
1767277066.7654488,15,114.375,1505.75
1767277066.7654488,15,115.578125,1516.25
1767277066.7654488,15,116.6875,1528.5
1767277066.7654488,15,117.890625,1545.75
1767277066.7654488,15,119.0,1560.5
1767277066.7654488,15,120.15625,1576.5
1767277066.7654488,15,121.34375,1597.25
1767277066.7654488,15,122.46875,1614.25
1767277066.7654488,15,123.625,1634.0
1767277066.7654488,15,124.75,1655.5
1767277066.7654488,15,125.890625,1678.5
1767277066.7654488,15,127.078125,1702.0
1767277066.7654488,15,128.25,1727.75
1767277066.7654488,15,129.40625,1754.25
1767277066.7654488,15,130.546875,1776.5
1767277066.7654488,15,131.609375,1806.25
1767277066.7654488,15,132.78125,1841.5
1767277066.7654488,15,133.921875,1876.0
1767277066.7654488,15,135.046875,1913.0
1767277066.7654488,15,136.1875,1958.75
1767277066.7654488,15,137.359375,1997.0
1767277066.7654488,15,138.453125,2034.25
1767277066.7654488,15,139.640625,2082.0
1767277066.7654488,15,140.78125,2132.5
1767277066.7654488,15,141.9375,2175.5
1767277066.7654488,15,144.203125,2297.5
1767277066.7654488,15,145.328125,2355.75
1767277066.7654488,15,146.484375,2415.0
1767277066.7654488,15,149.9375,2657.5
1767277066.7654488,15,153.328125,2933.0
1767277066.7654488,15,154.53125,2932.0
1767277066.7654488,15,155.65625,2913.5
1767277066.7654488,15,156.84375,2890.75
1767277066.7654488,15,157.984375,2849.0
1767277066.7654488,15,159.15625,2816.25
1767277066.7654488,15,160.328125,2794.75
1767277066.7654488,15,161.484375,2774.75
1767277066.7654488,15,162.65625,2753.75
1767277066.7654488,15,163.796875,2735.75
1767277066.7654488,15,164.984375,2724.0
1767277066.7654488,15,166.140625,2711.25
1767277066.7654488,15,167.28125,2699.5
1767277066.7654488,15,168.453125,2689.0
1767277066.7654488,15,169.609375,2677.75
1767277066.7654488,15,170.796875,2667.5
1767277066.7654488,15,171.9375,2658.75
1767277066.7654488,15,173.09375,2652.25
1767277066.7654488,15,174.234375,2649.5
1767277066.7654488,15,175.4375,2644.25
1767277066.7654488,15,176.5625,2638.0
1767277066.7654488,15,177.75,2638.25
1767277066.7654488,15,178.984375,2640.5
1767277066.7654488,13,180.125,2635.75
1767277066.7654488,8,181.296875,2631.5
1767277066.7654488,15,182.453125,2633.25
1767277066.7654488,15,183.59375,2632.0
1767277066.7654488,15,184.78125,2633.0
1767277066.7654488,15,185.921875,2637.5
1767277066.7654488,9,187.078125,2642.0
1767277066.7654488,14,188.265625,2642.75
1767277066.7654488,15,189.40625,2647.0
1767277066.7654488,15,190.578125,2660.0
1767277066.7654488,15,191.734375,2673.25
1767277066.7654488,15,192.90625,2683.25
1767277066.7654488,15,194.046875,2690.5
1767277066.7654488,15,195.203125,2700.75
1767277066.7654488,15,196.375,2713.0
1767277066.7654488,15,197.546875,2725.75
1767277066.7654488,15,198.703125,2743.0
1767277066.7654488,15,199.859375,2763.0
1767277066.7654488,15,201.015625,2778.5
1767277066.7654488,15,202.15625,2795.25
1767277066.7654488,15,203.40625,2822.25
1767277066.7654488,15,204.5625,2863.0
1767277066.7654488,15,205.703125,2912.25
1767277066.7654488,15,206.875,2938.0
1767277066.7654488,15,208.046875,2953.5
1767277066.7654488,15,209.234375,2976.0
1767277066.7654488,15,210.359375,3008.75
1767277066.7654488,15,211.546875,3047.25
1767277066.7654488,15,212.71875,3068.25
1767277066.7654488,15,213.859375,3101.25
1767277066.7654488,15,215.0,3156.25
1767277066.7654488,15,216.171875,3211.0
1767277066.7654488,15,217.328125,3254.0
1767277066.7654488,15,220.484375,1166.75
1767277066.7654488,15,221.640625,1161.5
1767277066.7654488,15,222.78125,1155.0
1767277066.7654488,15,224.046875,1148.5
1767277066.7654488,15,225.125,1160.25
1767277066.7654488,15,227.703125,3851.75
1767277066.7654488,15,230.90625,1126.25
1767277066.7654488,15,232.109375,1123.5
1767277066.7654488,15,233.3125,1121.75
1767277066.7654488,15,234.4375,1119.75
1767277066.7654488,15,235.578125,1119.0
1767277066.7654488,15,236.75,1119.0
1767277066.7654488,15,237.953125,1120.0
1767277066.7654488,15,239.109375,1121.5
1767277066.7654488,15,240.265625,1123.0
1767277066.7654488,15,244.890625,1122.5
1767277066.7654488,15,246.09375,1123.25
1767277066.7654488,15,247.234375,1127.75
1767277066.7654488,15,248.390625,1130.5
1767277066.7654488,15,249.59375,1131.5
1767277066.7654488,15,250.671875,1135.0
1767277066.7654488,15,251.796875,1140.0
1767277066.7654488,15,253.015625,1143.75
1767277066.7654488,15,254.140625,1148.25
1767277066.7654488,15,255.265625,1153.25
1767277066.7654488,15,256.40625,1158.75
1767277066.7654488,15,257.578125,1165.5
1767277066.7654488,15,262.515625,3966.75
1767277066.7654488,15,263.65625,3988.0
1767277066.7654488,15,264.828125,4005.5
1767277066.7654488,15,265.96875,4003.25
1767277066.7654488,15,267.15625,3996.5
1767277066.7654488,15,268.328125,3998.25
1767277066.7654488,15,269.46875,4003.5
1767277066.7654488,15,270.640625,4004.75
1767277066.7654488,14,271.796875,4010.75
1767277066.7654488,12,272.953125,4020.0
1767277066.7654488,15,274.09375,4032.0
1767277066.7654488,9,275.1875,4041.5
1767277066.7654488,11,276.359375,4047.0
1767277066.7654488,12,277.515625,4053.0
1767277066.7654488,9,278.65625,4059.0
1767277066.7654488,14,279.828125,4053.75
1767277066.7654488,10,281.0,4027.5
1767277066.7654488,15,282.15625,3995.75
1767277066.7654488,15,292.859375,2251.25
1767277066.7654488,15,294.03125,2215.25
1767277066.7654488,15,295.203125,2186.25
1767277066.7654488,15,296.328125,2169.75
1767277066.7654488,15,297.484375,2148.0
1767277066.7654488,15,298.75,2123.75
1767277066.7654488,15,299.890625,2124.0
1767277066.7654488,15,306.5,4249.0
1767277066.7654488,15,307.65625,4308.0
1767277066.7654488,15,308.8125,4391.5
1767277066.7654488,15,309.96875,4465.25
1767277066.7654488,15,311.109375,4524.75
1767277066.7654488,15,312.28125,4585.25
1767277066.7654488,15,313.421875,4687.75
1767277066.7654488,15,314.578125,4818.25
1767277066.7654488,15,315.71875,4888.5
1767277066.7654488,15,316.890625,4954.75
1767277066.7654488,15,319.1875,5232.25
1767277066.7654488,15,327.78125,1922.75
1767277066.7654488,15,328.9375,1919.25
1767277066.7654488,15,330.09375,1919.0
1767277066.7654488,15,331.28125,1919.0
1767277066.7654488,15,332.4375,1920.25
1767277066.7654488,15,333.5625,1919.25
1767277066.7654488,15,334.71875,1930.75
1767277066.7654488,15,335.875,1926.25
1767277066.7654488,15,337.03125,1894.25
1767277066.7654488,15,338.203125,1871.75
1767277066.7654488,15,339.40625,1860.5
1767277066.7654488,15,340.5625,1851.0
1767277066.7654488,15,341.71875,1839.5
1767277066.7654488,15,342.875,1855.0
1767277066.7654488,15,347.390625,2079.25
1767277066.7654488,15,348.53125,2071.5
1767277066.7654488,15,349.6875,2065.5
1767277066.7654488,15,350.875,2060.0
1767277066.9256752,15,352.046875,2055.0
1767277066.9256752,15,353.15625,2052.75
1767277066.9256752,15,354.34375,2051.5
1767277066.9256752,15,355.515625,2049.0
1767277066.9256752,15,356.65625,2046.5
1767277066.9256752,15,357.8125,2045.0
1767277066.9256752,15,358.96875,2044.0
1767277066.9256752,15,0.125,2044.25
1767277066.9256752,15,1.265625,2044.75
1767277066.9256752,15,2.4375,2044.75
1767277066.9256752,15,3.59375,2046.0
1767277066.9256752,15,4.75,2047.5
1767277066.9256752,15,5.90625,2048.5
1767277066.9256752,15,7.0625,2052.0
1767277066.9256752,15,8.21875,2054.5
1767277066.9256752,15,9.375,2058.25
1767277066.9256752,15,10.546875,2062.75
1767277066.9256752,15,11.734375,2068.25
1767277066.9256752,15,12.890625,2079.25
1767277066.9256752,15,14.078125,2089.0
1767277066.9256752,15,15.21875,2100.0
1767277066.9256752,15,16.375,2117.75
1767277066.9256752,15,17.546875,2137.5
1767277066.9256752,15,18.703125,2150.75
1767277066.9256752,15,19.84375,2162.5
1767277066.9256752,15,20.984375,2172.25
1767277066.9256752,15,22.171875,2188.75
1767277066.9256752,15,23.28125,2214.25
1767277066.9256752,15,24.4375,2236.0
1767277066.9256752,15,25.640625,2258.5
1767277066.9256752,15,26.796875,2280.75
1767277066.9256752,15,27.90625,2301.75
1767277066.9256752,15,29.078125,2320.75
1767277066.9256752,15,30.25,2342.5
1767277066.9256752,15,31.40625,2368.75
1767277066.9256752,15,32.546875,2378.0
1767277066.9256752,15,33.71875,2338.75
1767277066.9256752,15,34.96875,2269.75
1767277066.9256752,15,36.1875,2207.5
1767277066.9256752,15,37.296875,2200.0
1767277066.9256752,15,38.453125,2234.5
1767277066.9256752,15,39.640625,2246.25
1767277066.9256752,15,40.796875,2214.0
1767277066.9256752,15,42.0,2162.75
1767277066.9256752,15,43.1875,2111.75
1767277066.9256752,15,44.359375,2065.25
1767277066.9256752,15,45.5,2022.75
1767277066.9256752,15,46.71875,1979.5
1767277066.9256752,15,47.859375,1942.0
1767277066.9256752,15,49.09375,1900.0
1767277066.9256752,15,50.21875,1856.25
1767277066.9256752,15,51.390625,1823.5
1767277066.9256752,15,52.609375,1793.25
1767277066.9256752,15,53.75,1763.5
1767277066.9256752,15,54.921875,1742.0
1767277066.9256752,15,56.109375,1715.5
1767277066.9256752,15,57.265625,1691.25
1767277066.9256752,15,58.4375,1670.0
1767277066.9256752,15,59.59375,1647.75
1767277066.9256752,15,60.765625,1626.0
1767277066.9256752,15,61.9375,1609.25
1767277066.9256752,15,63.09375,1590.75
1767277066.9256752,15,64.3125,1568.75
1767277066.9256752,15,65.484375,1553.5
1767277066.9256752,15,66.671875,1535.25
1767277066.9256752,15,67.765625,1520.75
1767277066.9256752,15,68.984375,1511.25
1767277066.9256752,15,70.15625,1500.5
1767277066.9256752,15,71.328125,1486.5
1767277066.9256752,15,72.453125,1475.25
1767277066.9256752,15,73.625,1465.75
1767277066.9256752,15,74.796875,1452.0
1767277066.9256752,15,75.953125,1441.5
1767277066.9256752,15,77.171875,1435.5
1767277066.9256752,15,78.328125,1430.0
1767277066.9256752,15,79.4375,1423.75
1767277066.9256752,15,80.65625,1418.5
1767277066.9256752,15,81.828125,1413.25
1767277066.9256752,15,82.9375,1410.0
1767277066.9256752,15,84.09375,1406.25
1767277066.9256752,15,85.265625,1402.5
1767277066.9256752,15,86.40625,1401.0
1767277066.9256752,15,87.578125,1399.5
1767277066.9256752,15,88.734375,1397.5
1767277066.9256752,15,89.9375,1394.75
1767277066.9256752,15,91.09375,1394.0
1767277066.9256752,15,92.296875,1396.25
1767277066.9256752,15,93.4375,1397.25
1767277066.9256752,15,94.546875,1397.75
1767277066.9256752,15,95.71875,1398.25
1767277066.9256752,15,96.859375,1400.25
1767277066.9256752,15,98.015625,1403.25
1767277066.9256752,15,99.171875,1405.75
1767277066.9256752,15,100.328125,1408.5
1767277066.9256752,15,101.5,1412.0
1767277066.9256752,15,102.671875,1416.5
1767277066.9256752,15,103.796875,1422.5
1767277066.9256752,15,104.953125,1428.75
1767277066.9256752,15,106.15625,1433.25
1767277066.9256752,15,107.3125,1440.5
1767277066.9256752,15,108.46875,1447.25
1767277066.9256752,15,109.578125,1457.5
1767277066.9256752,15,110.78125,1471.25
1767277066.9256752,15,111.890625,1480.25
1767277066.9256752,15,113.078125,1490.0
1767277066.9256752,15,114.21875,1504.0
1767277066.9256752,15,115.375,1515.25
1767277066.9256752,15,116.515625,1524.25
1767277066.9256752,15,117.671875,1541.75
1767277066.9256752,15,118.8125,1558.5
1767277066.9256752,15,119.96875,1572.0
1767277066.9256752,15,121.15625,1593.75
1767277066.9256752,15,122.265625,1611.75
1767277066.9256752,15,123.390625,1628.5
1767277066.9256752,15,124.578125,1650.5
1767277066.9256752,15,125.71875,1675.75
1767277066.9256752,15,126.828125,1699.0
1767277066.9256752,15,128.03125,1724.25
1767277066.9256752,15,129.140625,1751.0
1767277066.9256752,15,130.28125,1775.0
1767277066.9256752,15,131.40625,1802.5
1767277066.9256752,15,132.5625,1836.0
1767277066.9256752,15,133.65625,1869.5
1767277066.9256752,15,134.84375,1906.0
1767277066.9256752,15,135.984375,1950.25
1767277066.9256752,15,137.09375,1988.75
1767277066.9256752,15,138.265625,2028.5
1767277066.9256752,15,139.390625,2074.25
1767277066.9256752,15,140.5,2123.5
1767277066.9256752,15,141.65625,2169.0
1767277066.9256752,15,142.796875,2222.25
1767277066.9256752,15,143.921875,2286.5
1767277066.9256752,15,145.109375,2344.75
1767277066.9256752,15,146.21875,2405.5
1767277066.9256752,15,149.65625,2640.25
1767277066.9256752,15,153.0625,2932.75
1767277066.9256752,15,154.21875,2952.5
1767277066.9256752,15,155.40625,2939.5
1767277066.9256752,15,156.578125,2909.25
1767277066.9256752,15,157.75,2860.0
1767277066.9256752,15,158.90625,2824.75
1767277066.9256752,15,160.0625,2800.25
1767277066.9256752,15,161.25,2779.5
1767277066.9256752,15,162.40625,2759.75
1767277066.9256752,15,163.546875,2740.0
1767277066.9256752,15,164.734375,2725.75
1767277066.9256752,15,165.859375,2716.5
1767277066.9256752,15,167.046875,2702.75
1767277066.9256752,15,168.203125,2689.5
1767277066.9256752,15,169.359375,2679.75
1767277066.9256752,15,170.546875,2671.0
1767277066.9256752,15,171.6875,2662.75
1767277066.9256752,15,172.859375,2655.5
1767277066.9256752,15,174.015625,2648.25
1767277066.9256752,15,175.171875,2642.5
1767277066.9256752,15,176.328125,2639.75
1767277066.9256752,15,177.453125,2640.25
1767277066.9256752,15,178.734375,2640.25
1767277066.9256752,13,179.875,2638.25
1767277066.9256752,9,181.046875,2635.0
1767277066.9256752,15,182.21875,2634.0
1767277066.9256752,15,183.390625,2633.0
1767277066.9256752,15,184.546875,2632.0
1767277066.9256752,9,185.71875,2635.5
1767277066.9256752,9,186.890625,2639.0
1767277066.9256752,12,188.0,2641.25
1767277066.9256752,15,189.171875,2646.0
1767277066.9256752,15,190.359375,2655.5
1767277066.9256752,15,191.484375,2670.75
1767277066.9256752,15,192.671875,2681.75
1767277066.9256752,15,193.8125,2686.75
1767277066.9256752,15,194.984375,2696.75
1767277066.9256752,15,196.140625,2710.75
1767277066.9256752,15,197.296875,2724.25
1767277066.9256752,15,198.453125,2741.75
1767277066.9256752,15,199.625,2762.25
1767277066.9256752,15,200.78125,2777.75
1767277066.9256752,15,201.9375,2793.5
1767277066.9256752,15,203.125,2818.75
1767277066.9256752,15,204.28125,2853.75
1767277066.9256752,15,205.453125,2895.75
1767277066.9256752,15,206.625,2926.0
1767277066.9256752,15,207.765625,2950.25
1767277066.9256752,15,208.921875,2970.5
1767277066.9256752,15,210.078125,2997.75
1767277066.9256752,15,211.265625,3038.25
1767277066.9256752,15,212.40625,3062.0
1767277066.9256752,15,213.59375,3090.25
1767277066.9256752,15,214.71875,3139.0
1767277066.9256752,15,215.859375,3196.25
1767277066.9256752,15,217.046875,3242.5
1767277066.9256752,15,218.203125,3291.75
1767277066.9256752,15,221.28125,1162.75
1767277066.9256752,15,222.5625,1157.5
1767277066.9256752,15,223.703125,1152.25
1767277066.9256752,15,224.828125,1152.25
1767277066.9256752,15,227.40625,3835.75
1767277066.9256752,15,230.703125,1127.0
1767277066.9256752,15,231.796875,1124.0
1767277066.9256752,15,232.9375,1121.5
1767277066.9256752,15,234.15625,1120.75
1767277066.9256752,15,235.28125,1120.25
1767277066.9256752,15,236.515625,1120.75
1767277066.9256752,15,237.671875,1121.25
1767277066.9256752,15,238.828125,1121.5
1767277066.9256752,15,239.984375,1122.5
1767277066.9256752,15,244.5625,1133.5
1767277066.9256752,15,245.71875,1134.5
1767277066.9256752,15,246.96875,1125.5
1767277066.9256752,15,248.0625,1128.5
1767277066.9256752,15,249.21875,1133.5
1767277066.9256752,15,250.453125,1135.75
1767277066.9256752,15,251.546875,1138.25
1767277066.9256752,15,252.6875,1143.0
1767277066.9256752,15,253.859375,1147.25
1767277066.9256752,15,255.0625,1152.25
1767277066.9256752,15,256.203125,1157.75
1767277066.9256752,15,257.359375,1163.25
1767277066.9256752,15,262.28125,3975.75
1767277066.9256752,15,263.46875,3991.75
1767277066.9256752,15,264.609375,4006.0
1767277066.9256752,15,265.765625,4005.5
1767277066.9256752,15,266.953125,3995.25
1767277066.9256752,15,268.09375,3995.5
1767277066.9256752,15,269.25,4001.0
1767277066.9256752,15,270.4375,4005.5
1767277066.9256752,15,271.578125,4011.5
1767277066.9256752,14,272.765625,4020.0
1767277066.9256752,15,273.921875,4026.25
1767277066.9256752,15,274.96875,4034.5
1767277066.9256752,12,276.140625,4044.25
1767277066.9256752,12,277.28125,4049.25
1767277066.9256752,5,278.4375,4068.75
1767277066.9256752,9,279.609375,4068.5
1767277066.9256752,9,280.78125,4039.5
1767277066.9256752,13,281.921875,4006.25
1767277066.9256752,15,292.609375,2256.0
1767277066.9256752,15,293.796875,2218.0
1767277066.9256752,15,294.953125,2187.0
1767277066.9256752,15,296.125,2172.75
1767277066.9256752,15,297.296875,2153.5
1767277066.9256752,15,298.46875,2130.5
1767277066.9256752,15,299.59375,2124.25
1767277066.9256752,15,307.375,4301.75
1767277066.9256752,15,308.53125,4384.0
1767277066.9256752,15,309.671875,4457.75
1767277066.9256752,15,310.84375,4514.0
1767277066.9256752,15,311.984375,4561.25
1767277066.9256752,15,314.28125,4781.75
1767277066.9256752,15,315.4375,4864.0
1767277066.9256752,15,316.578125,4936.75
1767277066.9256752,15,318.890625,5199.5
1767277066.9256752,15,328.59375,1917.5
1767277066.9256752,15,329.75,1918.0
1767277066.9256752,15,330.921875,1918.0
1767277066.9256752,15,332.078125,1919.0
1767277066.9256752,15,333.234375,1918.75
1767277066.9256752,15,334.390625,1924.25
1767277066.9256752,15,335.53125,1922.75
1767277066.9256752,15,336.734375,1904.75
1767277066.9256752,15,337.890625,1882.5
1767277066.9256752,15,339.015625,1864.75
1767277066.9256752,15,340.171875,1854.75
1767277066.9256752,15,341.34375,1843.75
1767277066.9256752,15,342.53125,1845.0
1767277066.9256752,15,345.90625,2060.25
1767277066.9256752,15,347.140625,2082.0
1767277066.9256752,15,348.328125,2071.25
1767277066.9256752,15,349.453125,2062.75
1767277066.9256752,15,350.625,2059.25
1767277067.0825596,15,351.828125,2055.0
1767277067.0825596,15,352.96875,2051.75
1767277067.0825596,15,354.140625,2050.0
1767277067.0825596,15,355.3125,2047.5
1767277067.0825596,15,356.46875,2045.5
1767277067.0825596,15,357.609375,2043.5
1767277067.0825596,15,358.75,2043.25
1767277067.0825596,15,359.96875,2043.75
1767277067.0825596,15,1.125,2043.75
1767277067.0825596,15,2.234375,2046.0
1767277067.0825596,15,3.40625,2046.5
1767277067.0825596,15,4.59375,2046.5
1767277067.0825596,15,5.75,2048.5
1767277067.0825596,15,6.90625,2052.0
1767277067.0825596,15,8.078125,2056.0
1767277067.0825596,15,9.234375,2058.25
1767277067.0825596,15,10.375,2062.25
1767277067.0825596,15,11.546875,2068.0
1767277067.0825596,15,12.703125,2076.75
1767277067.0825596,15,13.859375,2087.75
1767277067.0825596,15,15.0,2099.25
1767277067.0825596,15,16.140625,2114.25
1767277067.0825596,15,17.328125,2131.75
1767277067.0825596,15,18.46875,2147.0
1767277067.0825596,15,19.65625,2158.75
1767277067.0825596,15,20.796875,2168.25
1767277067.0825596,15,21.953125,2187.5
1767277067.0825596,15,23.109375,2213.0
1767277067.0825596,15,24.234375,2233.5
1767277067.0825596,15,25.40625,2256.0
1767277067.0825596,15,26.53125,2279.75
1767277067.0825596,15,27.703125,2299.75
1767277067.0825596,15,28.875,2318.25
1767277067.0825596,15,30.03125,2339.5
1767277067.0825596,15,31.15625,2364.5
1767277067.0825596,15,32.34375,2383.5
1767277067.0825596,15,33.5,2353.25
1767277067.0825596,15,34.71875,2284.25
1767277067.0825596,15,37.078125,2192.75
1767277067.0825596,15,38.203125,2226.75
1767277067.0825596,15,39.390625,2265.75
1767277067.0825596,15,41.734375,2172.0
1767277067.0825596,15,44.09375,2072.25
1767277067.0825596,15,45.25,2028.25
1767277067.0825596,15,46.46875,1986.5
1767277067.0825596,15,47.640625,1951.5
1767277067.0825596,15,48.765625,1906.75
1767277067.0825596,15,49.953125,1869.25
1767277067.0825596,15,51.15625,1835.25
1767277067.0825596,15,52.34375,1799.25
1767277067.0825596,15,53.515625,1770.5
1767277067.0825596,15,54.65625,1747.25
1767277067.0825596,15,55.859375,1725.0
1767277067.0825596,15,57.0,1700.75
1767277067.0825596,15,58.21875,1673.5
1767277067.0825596,15,59.390625,1649.0
1767277067.0825596,15,60.578125,1629.25
1767277067.0825596,15,61.75,1612.5
1767277067.0825596,15,62.875,1593.75
1767277067.0825596,15,64.078125,1573.0
1767277067.0825596,15,65.234375,1557.5
1767277067.0825596,15,66.4375,1541.0
1767277067.0825596,15,67.59375,1525.25
1767277067.0825596,15,68.765625,1513.75
1767277067.0825596,15,69.921875,1502.25
1767277067.0825596,15,71.109375,1489.25
1767277067.0825596,15,72.25,1478.25
1767277067.0825596,15,73.421875,1469.0
1767277067.0825596,15,74.609375,1459.5
1767277067.0825596,15,75.734375,1446.75
1767277067.0825596,15,76.96875,1436.0
1767277067.0825596,15,78.109375,1431.0
1767277067.0825596,15,79.25,1425.5
1767277067.0825596,15,80.46875,1419.5
1767277067.0825596,15,81.578125,1413.75
1767277067.0825596,15,82.734375,1409.75
1767277067.0825596,15,83.96875,1406.5
1767277067.0825596,15,85.125,1404.25
1767277067.0825596,15,86.265625,1402.0
1767277067.0825596,15,87.421875,1399.75
1767277067.0825596,15,88.59375,1398.0
1767277067.0825596,15,89.765625,1396.75
1767277067.0825596,15,90.953125,1395.5
1767277067.0825596,15,92.109375,1392.25
1767277067.0825596,15,93.265625,1393.0
1767277067.0825596,15,94.453125,1397.0
1767277067.0825596,15,95.578125,1398.0
1767277067.0825596,15,96.734375,1399.25
1767277067.0825596,15,97.9375,1401.0
1767277067.0825596,15,99.046875,1404.75
1767277067.0825596,15,100.234375,1408.25
1767277067.0825596,15,101.359375,1411.75
1767277067.0825596,15,102.546875,1416.25
1767277067.0825596,15,103.75,1422.0
1767277067.0825596,15,104.859375,1428.0
1767277067.0825596,15,105.984375,1432.5
1767277067.0825596,15,107.15625,1437.5
1767277067.0825596,15,108.28125,1447.25
1767277067.0825596,15,109.453125,1459.0
1767277067.0825596,15,110.546875,1470.0
1767277067.0825596,15,111.734375,1480.0
1767277067.0825596,15,112.859375,1489.5
1767277067.0825596,15,114.0,1502.75
1767277067.0825596,15,115.15625,1513.75
1767277067.0825596,15,116.3125,1521.0
1767277067.0825596,15,117.484375,1538.0
1767277067.0825596,15,118.671875,1555.75
1767277067.0825596,15,119.765625,1569.5
1767277067.0825596,15,120.921875,1592.25
1767277067.0825596,15,122.0625,1611.0
1767277067.0825596,15,123.265625,1626.75
1767277067.0825596,15,124.390625,1648.25
1767277067.0825596,15,125.546875,1672.25
1767277067.0825596,15,126.671875,1694.75
1767277067.0825596,15,127.828125,1718.75
1767277067.0825596,15,128.96875,1745.25
1767277067.0825596,15,130.09375,1766.25
1767277067.0825596,15,131.1875,1793.75
1767277067.0825596,15,132.34375,1825.25
1767277067.0825596,15,133.484375,1860.0
1767277067.0825596,15,134.609375,1902.0
1767277067.0825596,15,135.78125,1938.75
1767277067.0825596,15,136.890625,1977.25
1767277067.0825596,15,138.03125,2022.75
1767277067.0825596,15,139.171875,2062.25
1767277067.0825596,15,140.328125,2110.0
1767277067.0825596,15,141.46875,2161.75
1767277067.0825596,15,142.578125,2216.25
1767277067.0825596,15,143.765625,2277.75
1767277067.0825596,15,144.875,2333.75
1767277067.0825596,15,146.015625,2394.0
1767277067.0825596,8,147.15625,2446.5
1767277067.0825596,13,149.4375,2631.75
1767277067.0825596,15,154.0,2971.75
1767277067.0825596,15,155.265625,2925.75
1767277067.0825596,15,156.421875,2897.75
1767277067.0825596,15,157.59375,2865.25
1767277067.0825596,15,158.734375,2829.0
1767277067.0825596,15,159.9375,2802.0
1767277067.0825596,15,161.09375,2781.5
1767277067.0825596,15,162.25,2760.25
1767277067.0825596,15,163.40625,2742.5
1767277067.0825596,15,164.5625,2729.25
1767277067.0825596,15,165.734375,2716.75
1767277067.0825596,15,166.890625,2704.5
1767277067.0825596,15,168.03125,2691.25
1767277067.0825596,15,169.21875,2680.5
1767277067.0825596,15,170.375,2671.75
1767277067.0825596,15,171.546875,2662.75
1767277067.0825596,15,172.703125,2655.25
1767277067.0825596,15,173.859375,2650.75
1767277067.0825596,15,175.0,2645.75
1767277067.0825596,15,176.171875,2641.5
1767277067.0825596,15,177.359375,2640.0
1767277067.0825596,15,178.59375,2641.0
1767277067.0825596,15,179.75,2640.5
1767277067.0825596,9,180.9375,2633.5
1767277067.0825596,15,182.0625,2632.75
1767277067.0825596,15,183.234375,2635.25
1767277067.0825596,15,184.390625,2633.5
1767277067.0825596,8,185.5625,2637.25
1767277067.0825596,10,186.75,2641.25
1767277067.0825596,12,187.890625,2641.25
1767277067.0825596,13,189.0625,2644.0
1767277067.0825596,15,190.21875,2654.75
1767277067.0825596,15,191.40625,2670.5
1767277067.0825596,15,192.546875,2681.0
1767277067.0825596,15,193.71875,2686.0
1767277067.0825596,15,194.875,2695.75
1767277067.0825596,15,196.046875,2710.25
1767277067.0825596,15,197.203125,2723.75
1767277067.0825596,15,198.328125,2738.75
1767277067.0825596,15,199.515625,2756.0
1767277067.0825596,15,200.6875,2772.0
1767277067.0825596,15,201.828125,2789.25
1767277067.0825596,15,203.03125,2814.5
1767277067.0825596,15,204.171875,2851.0
1767277067.0825596,15,205.3125,2897.0
1767277067.0825596,15,206.484375,2927.0
1767277067.0825596,15,207.640625,2945.25
1767277067.0825596,15,208.796875,2965.5
1767277067.0825596,15,209.96875,2997.0
1767277067.0825596,15,211.125,3036.25
1767277067.0825596,15,212.28125,3060.0
1767277067.0825596,15,213.453125,3081.75
1767277067.0825596,15,214.59375,3130.75
1767277067.0825596,15,215.765625,3196.25
1767277067.0825596,15,216.9375,3241.5
1767277067.0825596,15,218.09375,3284.5
1767277067.0825596,15,221.265625,1162.75
1767277067.0825596,15,222.40625,1157.25
1767277067.0825596,15,223.5,1152.5
1767277067.0825596,15,224.703125,1151.0
1767277067.0825596,15,227.34375,3830.25
1767277067.0825596,15,230.5625,1127.25
1767277067.0825596,15,231.78125,1124.75
1767277067.0825596,15,232.84375,1122.0
1767277067.0825596,15,234.09375,1120.25
1767277067.0825596,15,235.1875,1119.75
1767277067.0825596,15,236.4375,1120.25
1767277067.0825596,15,237.5625,1120.75
1767277067.0825596,15,238.703125,1120.25
1767277067.0825596,15,239.875,1121.25
1767277067.0825596,15,246.875,1125.75
1767277067.0825596,15,248.0625,1128.5
1767277067.0825596,15,249.203125,1134.25
1767277067.0825596,15,250.359375,1136.75
1767277067.0825596,15,251.5625,1138.75
1767277067.0825596,15,252.75,1143.25
1767277067.0825596,15,253.90625,1147.25
1767277067.0825596,15,255.03125,1152.25
1767277067.0825596,15,256.234375,1157.75
1767277067.0825596,15,257.296875,1163.25
1767277067.0825596,15,262.296875,3974.5
1767277067.0825596,15,263.453125,3990.25
1767277067.0825596,15,264.609375,4005.75
1767277067.0825596,15,265.796875,4007.25
1767277067.0825596,15,266.96875,3996.5
1767277067.0825596,15,268.109375,3996.0
1767277067.0825596,15,269.265625,4002.25
1767277067.0825596,15,270.453125,4006.25
1767277067.0825596,14,271.625,4010.75
1767277067.0825596,14,272.78125,4019.5
1767277067.0825596,15,273.9375,4027.25
1767277067.0825596,12,275.0,4035.5
1767277067.0825596,11,276.171875,4043.25
1767277067.0825596,11,277.328125,4048.75
1767277067.0825596,10,278.5,4068.0
1767277067.0825596,9,279.640625,4066.0
1767277067.0825596,10,280.8125,4039.75
1767277067.0825596,15,292.71875,2253.5
1767277067.0825596,15,293.859375,2215.75
1767277067.0825596,15,295.0625,2186.75
1767277067.0825596,15,296.203125,2171.25
1767277067.0825596,15,297.375,2152.25
1767277067.0825596,15,298.546875,2129.5
1767277067.0825596,15,299.703125,2123.5
1767277067.0825596,15,306.3125,4245.75
1767277067.0825596,15,307.484375,4305.5
1767277067.0825596,15,308.640625,4388.0
1767277067.0825596,15,309.765625,4462.0
1767277067.0825596,15,310.953125,4516.0
1767277067.0825596,15,312.09375,4571.25
1767277067.0825596,15,314.40625,4792.0
1767277067.0825596,15,315.546875,4863.75
1767277067.0825596,15,316.71875,4945.75
1767277067.0825596,15,317.859375,5064.0
1767277067.0825596,15,319.015625,5206.0
1767277067.0825596,15,327.578125,1923.5
1767277067.0825596,15,328.734375,1915.75
1767277067.0825596,15,329.9375,1917.0
1767277067.0825596,15,331.046875,1917.5
1767277067.0825596,15,332.21875,1919.75
1767277067.0825596,15,333.390625,1921.5
1767277067.0825596,15,334.515625,1922.75
1767277067.0825596,15,335.734375,1917.25
1767277067.0825596,15,336.875,1896.75
1767277067.0825596,15,338.046875,1874.75
1767277067.0825596,15,339.21875,1861.75
1767277067.0825596,15,340.34375,1852.25
1767277067.0825596,15,341.53125,1840.75
1767277067.0825596,15,342.65625,1852.0
1767277067.0825596,15,346.09375,2095.75
1767277067.0825596,15,347.28125,2079.75
1767277067.0825596,15,348.4375,2071.0
1767277067.0825596,15,349.609375,2064.25
1767277067.0825596,15,350.8125,2059.25
1767277067.243243,15,351.921875,2055.0
1767277067.243243,15,353.109375,2052.5
1767277067.243243,15,354.296875,2050.5
1767277067.243243,15,355.421875,2047.75
1767277067.243243,15,356.59375,2046.5
1767277067.243243,15,357.765625,2045.0
1767277067.243243,15,358.921875,2043.75
1767277067.243243,15,0.046875,2043.5
1767277067.243243,15,1.25,2044.25
1767277067.243243,15,2.40625,2046.25
1767277067.243243,15,3.53125,2047.25
1767277067.243243,15,4.71875,2047.25
1767277067.243243,15,5.890625,2048.0
1767277067.243243,15,7.015625,2051.5
1767277067.243243,15,8.21875,2054.75
1767277067.243243,15,9.328125,2058.5
1767277067.243243,15,10.484375,2063.0
1767277067.243243,15,11.6875,2068.5
1767277067.243243,15,12.84375,2079.25
1767277067.243243,15,13.984375,2088.75
1767277067.243243,15,15.171875,2099.25
1767277067.243243,15,16.3125,2117.5
1767277067.243243,15,17.46875,2137.25
1767277067.243243,15,18.609375,2150.5
1767277067.243243,15,19.796875,2162.0
1767277067.243243,15,20.921875,2171.5
1767277067.243243,15,22.109375,2188.25
1767277067.243243,15,23.265625,2213.75
1767277067.243243,15,24.390625,2236.75
1767277067.243243,15,25.5625,2258.25
1767277067.243243,15,26.71875,2280.25
1767277067.243243,15,27.875,2301.75
1767277067.243243,15,29.015625,2320.75
1767277067.243243,15,30.203125,2341.5
1767277067.243243,15,31.34375,2367.5
1767277067.243243,15,32.5,2378.0
1767277067.243243,15,33.703125,2339.25
1767277067.243243,15,34.96875,2270.25
1767277067.243243,15,36.140625,2207.5
1767277067.243243,15,37.3125,2199.75
1767277067.243243,15,38.453125,2234.25
1767277067.243243,15,39.640625,2246.5
1767277067.243243,15,40.8125,2214.25
1767277067.243243,15,42.015625,2163.25
1767277067.243243,15,43.140625,2112.0
1767277067.243243,15,44.359375,2065.0
1767277067.243243,15,45.515625,2022.75
1767277067.243243,15,46.703125,1974.75
1767277067.243243,15,47.890625,1937.25
1767277067.243243,15,49.109375,1899.75
1767277067.243243,15,50.234375,1856.25
1767277067.243243,15,51.453125,1824.0
1767277067.243243,15,52.65625,1794.25
1767277067.243243,15,53.78125,1763.75
1767277067.243243,15,54.96875,1742.0
1767277067.243243,15,56.171875,1715.0
1767277067.243243,15,57.34375,1690.75
1767277067.243243,15,58.53125,1670.0
1767277067.243243,15,59.71875,1646.5
1767277067.243243,15,60.859375,1624.25
1767277067.243243,15,62.046875,1608.0
1767277067.243243,15,63.21875,1589.5
1767277067.243243,15,64.421875,1568.0
1767277067.243243,15,65.53125,1553.0
1767277067.243243,15,66.71875,1534.5
1767277067.243243,15,67.953125,1519.5
1767277067.243243,15,69.125,1510.75
1767277067.243243,15,70.265625,1498.5
1767277067.243243,15,71.40625,1484.75
1767277067.243243,15,72.59375,1475.25
1767277067.243243,15,73.765625,1465.75
1767277067.243243,15,74.921875,1453.25
1767277067.243243,15,76.125,1442.75
1767277067.243243,15,77.3125,1435.0
1767277067.243243,15,78.46875,1429.75
1767277067.243243,15,79.640625,1423.0
1767277067.243243,15,80.828125,1416.25
1767277067.243243,15,81.984375,1411.25
1767277067.243243,15,83.109375,1408.25
1767277067.243243,15,84.21875,1406.0
1767277067.243243,15,85.390625,1402.5
1767277067.243243,15,86.546875,1401.75
1767277067.243243,15,87.78125,1400.5
1767277067.243243,15,88.875,1397.0
1767277067.243243,15,90.09375,1392.75
1767277067.243243,15,91.25,1392.5
1767277067.243243,15,92.359375,1393.75
1767277067.243243,15,93.546875,1393.25
1767277067.243243,15,94.6875,1396.25
1767277067.243243,15,95.875,1398.0
1767277067.243243,15,97.0625,1400.25
1767277067.243243,15,98.171875,1403.25
1767277067.243243,15,99.34375,1406.25
1767277067.243243,15,100.5,1409.25
1767277067.243243,15,101.65625,1412.25
1767277067.243243,15,102.84375,1417.5
1767277067.243243,15,103.984375,1424.25
1767277067.243243,15,105.1875,1430.25
1767277067.243243,15,106.296875,1435.5
1767277067.243243,15,107.4375,1441.25
1767277067.243243,15,108.546875,1450.75
1767277067.243243,15,109.71875,1462.0
1767277067.243243,15,110.84375,1471.75
1767277067.243243,15,112.015625,1480.75
1767277067.243243,15,113.171875,1491.0
1767277067.243243,15,114.328125,1504.75
1767277067.243243,15,115.515625,1515.75
1767277067.243243,15,116.65625,1528.0
1767277067.243243,15,117.828125,1545.25
1767277067.243243,15,118.953125,1560.0
1767277067.243243,15,120.0625,1575.75
1767277067.243243,15,121.265625,1596.5
1767277067.243243,15,122.421875,1614.0
1767277067.243243,15,123.546875,1630.75
1767277067.243243,15,124.6875,1652.25
1767277067.243243,15,125.859375,1676.75
1767277067.243243,15,126.984375,1700.25
1767277067.243243,15,128.125,1726.0
1767277067.243243,15,129.265625,1752.25
1767277067.243243,15,130.421875,1774.25
1767277067.243243,15,131.5625,1804.0
1767277067.243243,15,132.71875,1841.0
1767277067.243243,15,133.875,1873.5
1767277067.243243,15,135.0,1910.5
1767277067.243243,15,136.140625,1956.0
1767277067.243243,15,137.296875,1994.0
1767277067.243243,15,138.453125,2034.5
1767277067.243243,15,139.5625,2081.75
1767277067.243243,15,140.734375,2132.0
1767277067.243243,15,141.890625,2175.0
1767277067.243243,15,144.15625,2294.25
1767277067.243243,15,145.28125,2352.25
1767277067.243243,15,146.453125,2412.25
1767277067.243243,15,148.71875,2585.75
1767277067.243243,15,149.875,2658.5
1767277067.243243,15,153.296875,2929.0
1767277067.243243,15,154.546875,2931.5
1767277067.243243,15,155.6875,2913.5
1767277067.243243,15,156.90625,2886.25
1767277067.243243,15,158.046875,2844.75
1767277067.243243,15,159.21875,2814.25
1767277067.243243,15,160.390625,2792.75
1767277067.243243,15,161.546875,2774.75
1767277067.243243,15,162.734375,2753.75
1767277067.243243,15,163.875,2734.5
1767277067.243243,15,165.046875,2723.0
1767277067.243243,15,166.21875,2711.5
1767277067.243243,15,167.375,2697.0
1767277067.243243,15,168.53125,2686.25
1767277067.243243,15,169.734375,2676.5
1767277067.243243,15,170.890625,2666.75
1767277067.243243,15,172.046875,2659.0
1767277067.243243,15,173.203125,2652.5
1767277067.243243,15,174.375,2648.0
1767277067.243243,15,175.546875,2642.5
1767277067.243243,15,176.71875,2638.25
1767277067.243243,15,177.84375,2640.0
1767277067.243243,15,179.0625,2641.75
1767277067.243243,12,180.1875,2635.75
1767277067.243243,7,181.359375,2631.25
1767277067.243243,15,182.53125,2633.0
1767277067.243243,15,183.6875,2634.25
1767277067.243243,15,184.859375,2635.75
1767277067.243243,8,186.015625,2637.75
1767277067.243243,10,187.1875,2640.25
1767277067.243243,14,188.375,2641.25
1767277067.243243,15,189.515625,2648.5
1767277067.243243,15,190.6875,2662.0
1767277067.243243,15,191.859375,2674.5
1767277067.243243,15,193.015625,2684.25
1767277067.243243,15,194.171875,2691.75
1767277067.243243,15,195.328125,2702.0
1767277067.243243,15,196.5,2715.5
1767277067.243243,15,197.640625,2728.5
1767277067.243243,15,198.796875,2746.75
1767277067.243243,15,199.96875,2766.75
1767277067.243243,15,201.125,2781.25
1767277067.243243,15,202.28125,2801.0
1767277067.243243,15,203.5,2833.25
1767277067.243243,15,204.65625,2870.5
1767277067.243243,15,205.78125,2910.5
1767277067.243243,15,206.953125,2935.75
1767277067.243243,15,208.125,2955.5
1767277067.243243,15,209.265625,2978.5
1767277067.243243,15,210.4375,3009.0
1767277067.243243,15,211.609375,3047.5
1767277067.243243,15,212.75,3069.25
1767277067.243243,15,213.921875,3101.5
1767277067.243243,15,215.09375,3157.75
1767277067.243243,15,216.21875,3215.0
1767277067.243243,15,217.390625,3256.5
1767277067.243243,15,220.5625,1165.75
1767277067.243243,15,221.671875,1161.25
1767277067.243243,15,222.875,1154.5
1767277067.243243,15,224.0,1149.0
1767277067.243243,15,231.046875,1126.25
1767277067.243243,15,232.265625,1123.25
1767277067.243243,15,233.40625,1122.0
1767277067.243243,15,234.578125,1120.75
1767277067.243243,15,235.765625,1118.75
1767277067.243243,15,236.96875,1119.0
1767277067.243243,15,238.109375,1120.0
1767277067.243243,15,239.296875,1121.0
1767277067.243243,15,240.375,1123.5
1767277067.243243,15,245.0625,1123.0
1767277067.243243,15,246.265625,1123.25
1767277067.243243,15,247.421875,1127.25
1767277067.243243,15,248.625,1130.0
1767277067.243243,15,249.71875,1133.25
1767277067.243243,15,250.84375,1137.5
1767277067.243243,15,252.125,1141.25
1767277067.243243,15,253.21875,1145.0
1767277067.243243,15,254.40625,1150.5
1767277067.243243,15,255.53125,1155.0
1767277067.243243,15,256.703125,1159.0
1767277067.243243,15,257.90625,1166.25
1767277067.243243,15,260.5,3957.0
1767277067.243243,14,261.671875,3961.0
1767277067.243243,14,262.859375,3974.75
1767277067.243243,15,264.0,3990.25
1767277067.243243,15,265.1875,4004.75
1767277067.243243,15,266.34375,4000.5
1767277067.243243,15,267.515625,3993.75
1767277067.243243,14,268.6875,3996.0
1767277067.243243,15,269.84375,3997.5
1767277067.243243,15,271.0,4004.0
1767277067.243243,15,272.1875,4014.0
1767277067.243243,15,273.34375,4024.0
1767277067.243243,15,274.421875,4035.25
1767277067.243243,15,275.578125,4041.5
1767277067.243243,10,276.75,4045.5
1767277067.243243,15,277.90625,4054.25
1767277067.243243,9,279.0625,4062.5
1767277067.243243,12,280.234375,4055.25
1767277067.243243,11,281.40625,4022.0
1767277067.243243,7,282.578125,3951.25
1767277067.243243,15,292.15625,2277.25
1767277067.243243,15,293.3125,2232.25
1767277067.243243,15,294.515625,2198.5
1767277067.243243,15,295.640625,2179.0
1767277067.243243,15,296.828125,2162.0
1767277067.243243,15,298.015625,2139.5
1767277067.243243,15,299.171875,2115.75
1767277067.243243,15,306.953125,4268.25
1767277067.243243,15,308.109375,4352.0
1767277067.243243,15,309.265625,4436.0
1767277067.243243,15,310.4375,4495.75
1767277067.243243,15,311.609375,4549.25
1767277067.243243,15,312.75,4624.0
1767277067.243243,15,313.90625,4744.0
1767277067.243243,15,315.0625,4852.5
1767277067.243243,15,316.21875,4912.25
1767277067.243243,15,318.53125,5186.25
1767277067.243243,15,323.21875,5671.5
1767277067.243243,15,328.359375,1918.0
1767277067.243243,15,329.546875,1918.5
1767277067.243243,15,330.75,1919.0
1767277067.243243,15,331.90625,1919.0
1767277067.243243,15,333.015625,1919.5
1767277067.243243,15,334.203125,1921.75
1767277067.243243,15,335.34375,1921.5
1767277067.243243,15,336.546875,1907.75
1767277067.243243,15,337.75,1883.0
1767277067.243243,15,338.890625,1865.25
1767277067.243243,15,340.078125,1855.25
1767277067.243243,15,341.25,1844.25
1767277067.243243,15,342.421875,1840.25
1767277067.243243,15,345.8125,2087.0
1767277067.243243,15,347.0,2084.25
1767277067.243243,15,348.171875,2073.75
1767277067.243243,15,349.3125,2065.0
1767277067.243243,15,350.453125,2059.5
1767277067.400548,15,351.65625,2056.0
1767277067.400548,15,352.8125,2053.75
1767277067.400548,15,353.96875,2051.25
1767277067.400548,15,355.140625,2048.0
1767277067.400548,15,356.3125,2045.75
1767277067.400548,15,357.46875,2043.25
1767277067.400548,15,358.625,2043.0
1767277067.400548,15,359.78125,2044.5
1767277067.400548,15,0.9375,2044.75
1767277067.400548,15,2.125,2045.25
1767277067.400548,15,3.296875,2045.75
1767277067.400548,15,4.4375,2047.0
1767277067.400548,15,5.59375,2048.5
1767277067.400548,15,6.78125,2051.75
1767277067.400548,15,7.953125,2056.25
1767277067.400548,15,9.140625,2058.75
1767277067.400548,15,10.25,2061.25
1767277067.400548,15,11.4375,2066.75
1767277067.400548,15,12.5625,2075.5
1767277067.400548,15,13.75,2085.5
1767277067.400548,15,14.921875,2096.5
1767277067.400548,15,16.046875,2109.5
1767277067.400548,15,17.21875,2128.75
1767277067.400548,15,18.390625,2146.0
1767277067.400548,15,19.515625,2157.75
1767277067.400548,15,20.703125,2167.5
1767277067.400548,15,21.828125,2172.75
1767277067.400548,15,23.015625,2198.5
1767277067.400548,15,24.171875,2233.0
1767277067.400548,15,25.3125,2255.75
1767277067.400548,15,26.46875,2279.25
1767277067.400548,15,27.625,2299.75
1767277067.400548,15,28.765625,2317.25
1767277067.400548,15,29.953125,2338.75
1767277067.400548,15,31.09375,2362.5
1767277067.400548,15,32.25,2381.5
1767277067.400548,15,33.421875,2357.25
1767277067.400548,15,37.0625,2193.0
1767277067.400548,15,38.234375,2227.25
1767277067.400548,15,39.375,2255.25
1767277067.400548,15,41.765625,2171.25
1767277067.400548,15,44.109375,2071.75
1767277067.400548,15,45.3125,2028.0
1767277067.400548,15,46.484375,1986.0
1767277067.400548,15,47.65625,1948.25
1767277067.400548,15,48.859375,1904.0
1767277067.400548,15,50.0625,1868.5
1767277067.400548,15,51.21875,1834.25
1767277067.400548,15,52.390625,1796.25
1767277067.400548,15,53.625,1767.5
1767277067.400548,15,54.765625,1745.0
1767277067.400548,15,55.96875,1717.25
1767277067.400548,15,57.15625,1693.0
1767277067.400548,15,58.34375,1671.5
1767277067.400548,15,59.59375,1648.25
1767277067.400548,15,60.796875,1625.75
1767277067.400548,15,61.90625,1609.25
1767277067.400548,15,63.109375,1591.0
1767277067.400548,15,64.3125,1569.0
1767277067.400548,15,65.484375,1553.5
1767277067.400548,15,66.65625,1535.25
1767277067.400548,15,67.890625,1520.25
1767277067.400548,15,69.078125,1510.75
1767277067.400548,15,70.203125,1498.75
1767277067.400548,15,71.390625,1484.75
1767277067.400548,15,72.5625,1475.25
1767277067.400548,15,73.734375,1466.0
1767277067.400548,15,74.953125,1452.75
1767277067.400548,15,76.078125,1442.5
1767277067.400548,15,77.3125,1435.0
1767277067.400548,15,78.484375,1429.75
1767277067.400548,15,79.640625,1423.5
1767277067.400548,15,80.796875,1416.5
1767277067.400548,15,81.96875,1411.25
1767277067.400548,15,83.0625,1408.5
1767277067.400548,15,84.265625,1406.25
1767277067.400548,15,85.4375,1402.5
1767277067.400548,15,86.5625,1401.75
1767277067.400548,15,87.78125,1400.75
1767277067.400548,15,88.921875,1397.25
1767277067.400548,15,90.0625,1392.75
1767277067.400548,15,91.21875,1392.75
1767277067.400548,15,92.390625,1393.75
1767277067.400548,15,93.578125,1393.0
1767277067.400548,15,94.734375,1395.75
1767277067.400548,15,95.96875,1397.5
1767277067.400548,15,97.0625,1400.5
1767277067.400548,15,98.28125,1403.5
1767277067.400548,15,99.40625,1406.25
1767277067.400548,15,100.609375,1409.25
1767277067.400548,15,101.734375,1412.75
1767277067.400548,15,102.921875,1418.25
1767277067.400548,15,104.0625,1424.25
1767277067.400548,15,105.265625,1430.0
1767277067.400548,15,106.375,1435.0
1767277067.400548,15,107.453125,1441.5
1767277067.400548,15,108.671875,1451.25
1767277067.400548,15,109.765625,1462.25
1767277067.400548,15,110.953125,1472.25
1767277067.400548,15,112.0625,1481.0
1767277067.400548,15,113.265625,1492.0
1767277067.400548,15,114.421875,1505.75
1767277067.400548,15,115.59375,1516.25
1767277067.400548,15,116.703125,1528.5
1767277067.400548,15,117.859375,1546.0
1767277067.400548,15,119.0625,1560.75
1767277067.400548,15,120.203125,1576.75
1767277067.400548,15,121.359375,1597.25
1767277067.400548,15,122.46875,1616.5
1767277067.400548,15,123.609375,1636.75
1767277067.400548,15,124.796875,1659.75
1767277067.400548,15,125.921875,1683.0
1767277067.400548,15,127.0625,1702.25
1767277067.400548,15,128.234375,1728.25
1767277067.400548,15,129.421875,1754.5
1767277067.400548,15,130.515625,1777.25
1767277067.400548,15,131.671875,1807.0
1767277067.400548,15,132.84375,1843.5
1767277067.400548,15,134.015625,1878.25
1767277067.400548,15,135.15625,1914.75
1767277067.400548,15,136.265625,1960.25
1767277067.400548,15,137.453125,1999.5
1767277067.400548,15,138.609375,2040.5
1767277067.400548,15,139.71875,2086.0
1767277067.400548,15,140.875,2137.0
1767277067.400548,15,142.046875,2180.25
1767277067.400548,15,144.34375,2306.5
1767277067.400548,15,145.46875,2361.25
1767277067.400548,15,146.59375,2420.5
1767277067.400548,15,148.890625,2600.25
1767277067.400548,15,150.0625,2675.75
1767277067.400548,15,153.484375,2946.5
1767277067.400548,15,154.734375,2937.0
1767277067.400548,15,155.890625,2904.25
1767277067.400548,15,157.046875,2877.75
1767277067.400548,15,158.234375,2842.75
1767277067.400548,15,159.40625,2813.0
1767277067.400548,15,160.578125,2793.5
1767277067.400548,15,161.75,2774.5
1767277067.400548,15,162.921875,2752.5
1767277067.400548,15,164.109375,2733.75
1767277067.400548,15,165.25,2723.0
1767277067.400548,15,166.421875,2711.5
1767277067.400548,15,167.59375,2697.0
1767277067.400548,15,168.75,2684.25
1767277067.400548,15,169.953125,2674.25
1767277067.400548,15,171.109375,2666.5
1767277067.400548,15,172.28125,2658.25
1767277067.400548,15,173.4375,2649.5
1767277067.400548,15,174.609375,2645.25
1767277067.400548,15,175.78125,2643.0
1767277067.400548,15,176.953125,2639.75
1767277067.400548,15,178.109375,2640.5
1767277067.400548,14,179.25,2642.25
1767277067.400548,11,180.421875,2636.25
1767277067.400548,7,181.578125,2632.5
1767277067.400548,15,182.734375,2633.5
1767277067.400548,15,183.890625,2633.0
1767277067.400548,15,185.0625,2636.0
1767277067.400548,9,186.234375,2640.0
1767277067.400548,11,187.40625,2640.75
1767277067.400548,13,188.5625,2641.0
1767277067.400548,15,189.734375,2650.0
1767277067.400548,15,190.875,2665.25
1767277067.400548,15,192.03125,2677.25
1767277067.400548,15,193.234375,2684.75
1767277067.400548,15,194.40625,2692.5
1767277067.400548,15,195.5625,2703.0
1767277067.400548,15,196.71875,2717.0
1767277067.400548,15,197.84375,2732.25
1767277067.400548,15,199.03125,2751.5
1767277067.400548,15,200.1875,2770.25
1767277067.400548,15,201.34375,2782.75
1767277067.400548,15,202.5625,2805.0
1767277067.400548,15,203.75,2839.0
1767277067.400548,15,204.890625,2877.75
1767277067.400548,15,206.03125,2914.0
1767277067.400548,15,207.234375,2937.0
1767277067.400548,15,208.359375,2957.5
1767277067.400548,15,209.546875,2984.75
1767277067.400548,15,210.6875,3018.5
1767277067.400548,15,211.875,3051.75
1767277067.400548,15,213.03125,3075.0
1767277067.400548,15,214.1875,3112.75
1767277067.400548,15,215.328125,3175.0
1767277067.400548,15,216.515625,3226.75
1767277067.400548,15,217.671875,3273.0
1767277067.400548,15,220.8125,1166.75
1767277067.400548,15,221.984375,1159.75
1767277067.400548,15,223.1875,1153.5
1767277067.400548,15,224.28125,1148.25
1767277067.400548,15,227.015625,3793.5
1767277067.400548,15,231.4375,1124.75
1767277067.400548,15,232.578125,1123.0
1767277067.400548,15,233.78125,1121.75
1767277067.400548,15,234.890625,1120.0
1767277067.400548,15,236.140625,1120.0
1767277067.400548,15,237.328125,1119.5
1767277067.400548,15,238.390625,1120.0
1767277067.400548,15,239.59375,1120.75
1767277067.400548,15,240.75,1123.5
1767277067.400548,13,243.359375,3960.5
1767277067.400548,15,246.625,1125.75
1767277067.400548,15,247.84375,1127.25
1767277067.400548,15,248.984375,1130.25
1767277067.400548,15,250.09375,1133.75
1767277067.400548,15,251.28125,1136.5
1767277067.400548,15,252.4375,1141.25
1767277067.400548,15,253.59375,1146.75
1767277067.400548,15,254.765625,1152.25
1767277067.400548,15,255.921875,1156.75
1767277067.400548,15,257.015625,1161.75
1767277067.400548,15,258.1875,1170.25
1767277067.400548,15,260.84375,3955.5
1767277067.400548,15,262.015625,3971.25
1767277067.400548,15,263.1875,3983.0
1767277067.400548,15,264.359375,3996.25
1767277067.400548,15,265.53125,4005.75
1767277067.400548,15,266.703125,4003.0
1767277067.400548,15,267.859375,4001.0
1767277067.400548,15,269.015625,4004.25
1767277067.400548,15,270.203125,4003.75
1767277067.400548,15,271.375,4009.75
1767277067.400548,15,272.53125,4018.25
1767277067.400548,15,273.6875,4025.25
1767277067.400548,14,274.734375,4034.25
1767277067.400548,11,275.90625,4045.0
1767277067.400548,14,277.0625,4047.0
1767277067.400548,13,278.234375,4050.75
1767277067.400548,7,279.390625,4055.25
1767277067.400548,10,280.5625,4042.75
1767277067.400548,15,281.734375,4012.75
1767277067.400548,15,292.484375,2261.75
1767277067.400548,15,293.640625,2222.0
1767277067.400548,15,294.8125,2190.0
1767277067.400548,15,295.984375,2175.5
1767277067.400548,15,297.109375,2155.5
1767277067.400548,15,298.328125,2133.0
1767277067.400548,15,299.546875,2122.75
1767277067.400548,15,307.34375,4302.0
1767277067.400548,15,308.5,4385.5
1767277067.400548,15,309.671875,4459.25
1767277067.400548,15,310.84375,4514.0
1767277067.400548,15,311.984375,4569.25
1767277067.400548,15,313.15625,4667.25
1767277067.400548,15,314.3125,4780.5
1767277067.400548,15,315.453125,4866.25
1767277067.400548,15,316.625,4939.5
1767277067.400548,15,318.921875,5199.5
1767277067.400548,15,327.625,1920.5
1767277067.400548,15,328.796875,1916.75
1767277067.400548,15,329.984375,1918.0
1767277067.400548,15,331.171875,1918.5
1767277067.400548,15,332.34375,1920.25
1767277067.400548,15,333.5,1921.0
1767277067.400548,15,334.65625,1931.75
1767277067.400548,15,335.8125,1925.5
1767277067.400548,15,337.015625,1894.5
1767277067.400548,15,338.203125,1873.25
1767277067.400548,15,339.375,1862.25
1767277067.400548,15,340.5,1852.5
1767277067.400548,15,341.671875,1840.75
1767277067.400548,15,342.828125,1862.75
1767277067.400548,15,346.25,2093.75
1767277067.400548,15,347.421875,2079.75
1767277067.400548,15,348.59375,2071.75
1767277067.400548,15,349.765625,2065.5
1767277067.400548,15,350.921875,2059.5
1767277067.5574038,15,352.09375,2054.75
1767277067.5574038,15,353.28125,2051.25
1767277067.5574038,15,354.46875,2049.75
1767277067.5574038,15,355.609375,2048.5
1767277067.5574038,15,356.765625,2046.25
1767277067.5574038,15,357.9375,2044.5
1767277067.5574038,15,359.09375,2043.0
1767277067.5574038,15,0.296875,2043.0
1767277067.5574038,15,1.453125,2044.0
1767277067.5574038,15,2.609375,2044.5
1767277067.5574038,15,3.78125,2046.75
1767277067.5574038,15,4.9375,2048.75
1767277067.5574038,15,6.109375,2049.75
1767277067.5574038,15,7.28125,2053.25
1767277067.5574038,15,8.4375,2056.75
1767277067.5574038,15,9.640625,2059.75
1767277067.5574038,15,10.78125,2064.25
1767277067.5574038,15,11.953125,2071.5
1767277067.5574038,15,13.15625,2079.75
1767277067.5574038,15,14.28125,2090.75
1767277067.5574038,15,15.4375,2104.5
1767277067.5574038,15,16.609375,2118.75
1767277067.5574038,15,17.796875,2137.0
1767277067.5574038,15,18.921875,2153.5
1767277067.5574038,15,20.09375,2165.0
1767277067.5574038,15,21.28125,2177.75
1767277067.5574038,15,22.4375,2197.75
1767277067.5574038,15,23.609375,2221.5
1767277067.5574038,15,24.75,2244.25
1767277067.5574038,15,25.9375,2266.5
1767277067.5574038,15,27.0625,2288.0
1767277067.5574038,15,28.234375,2308.0
1767277067.5574038,15,29.40625,2328.5
1767277067.5574038,15,30.578125,2352.0
1767277067.5574038,15,31.71875,2377.5
1767277067.5574038,15,32.890625,2373.25
1767277067.5574038,15,36.578125,2196.0
1767277067.5574038,15,37.6875,2214.0
1767277067.5574038,15,38.859375,2243.25
1767277067.5574038,15,40.046875,2242.0
1767277067.5574038,15,41.21875,2200.25
1767277067.5574038,15,42.4375,2147.0
1767277067.5574038,15,43.640625,2095.75
1767277067.5574038,15,44.796875,2048.25
1767277067.5574038,15,45.96875,2008.0
1767277067.5574038,15,47.203125,1964.25
1767277067.5574038,15,48.40625,1917.5
1767277067.5574038,15,49.546875,1880.0
1767277067.5574038,15,50.734375,1843.0
1767277067.5574038,15,51.90625,1810.5
1767277067.5574038,15,53.140625,1781.0
1767277067.5574038,15,54.3125,1754.0
1767277067.5574038,15,55.46875,1731.5
1767277067.5574038,15,56.65625,1705.5
1767277067.5574038,15,57.84375,1680.25
1767277067.5574038,15,59.015625,1658.25
1767277067.5574038,15,60.234375,1635.25
1767277067.5574038,15,61.40625,1615.0
1767277067.5574038,15,62.59375,1596.75
1767277067.5574038,15,63.765625,1576.5
1767277067.5574038,15,64.984375,1560.5
1767277067.5574038,15,66.171875,1545.25
1767277067.5574038,15,67.3125,1528.25
1767277067.5574038,15,68.515625,1515.5
1767277067.5574038,15,69.65625,1504.5
1767277067.5574038,15,70.828125,1492.25
1767277067.5574038,15,72.03125,1480.75
1767277067.5574038,15,73.203125,1470.25
1767277067.5574038,15,74.359375,1460.0
1767277067.5574038,15,75.546875,1448.25
1767277067.5574038,15,76.734375,1438.25
1767277067.5574038,15,77.921875,1432.5
1767277067.5574038,15,79.078125,1426.75
1767277067.5574038,15,80.265625,1420.5
1767277067.5574038,15,81.46875,1415.0
1767277067.5574038,15,82.640625,1410.0
1767277067.5574038,15,83.65625,1407.0
1767277067.5574038,15,84.8125,1405.5
1767277067.5574038,15,86.0,1402.25
1767277067.5574038,15,87.15625,1399.75
1767277067.5574038,15,88.34375,1398.75
1767277067.5574038,15,89.53125,1394.25
1767277067.5574038,15,90.6875,1393.75
1767277067.5574038,15,91.828125,1395.75
1767277067.5574038,15,93.0,1392.5
1767277067.5574038,15,94.21875,1393.25
1767277067.5574038,15,95.34375,1397.0
1767277067.5574038,15,96.546875,1398.25
1767277067.5574038,15,97.65625,1401.25
1767277067.5574038,15,98.84375,1404.0
1767277067.5574038,15,100.0,1406.5
1767277067.5574038,15,101.171875,1410.25
1767277067.5574038,15,102.359375,1415.0
1767277067.5574038,15,103.46875,1419.75
1767277067.5574038,15,104.625,1425.0
1767277067.5574038,15,105.8125,1431.5
1767277067.5574038,15,106.984375,1437.0
1767277067.5574038,15,108.171875,1444.25
1767277067.5574038,15,109.3125,1456.5
1767277067.5574038,15,110.484375,1468.5
1767277067.5574038,15,111.65625,1478.75
1767277067.5574038,15,112.75,1490.0
1767277067.5574038,15,113.90625,1503.0
1767277067.5574038,15,115.0625,1513.5
1767277067.5574038,15,116.296875,1520.75
1767277067.5574038,15,117.390625,1537.0
1767277067.5574038,15,118.546875,1555.0
1767277067.5574038,15,119.75,1569.5
1767277067.5574038,15,120.875,1592.25
1767277067.5574038,15,122.046875,1611.0
1767277067.5574038,15,123.203125,1626.75
1767277067.5574038,15,124.34375,1648.0
1767277067.5574038,15,125.484375,1672.0
1767277067.5574038,15,126.671875,1694.75
1767277067.5574038,15,127.84375,1719.0
1767277067.5574038,15,128.96875,1745.25
1767277067.5574038,15,130.109375,1766.5
1767277067.5574038,15,131.296875,1794.25
1767277067.5574038,15,132.4375,1825.75
1767277067.5574038,15,133.5625,1861.0
1767277067.5574038,15,134.75,1903.5
1767277067.5574038,15,135.90625,1941.0
1767277067.5574038,15,137.03125,1979.25
1767277067.5574038,15,138.203125,2026.0
1767277067.5574038,15,139.34375,2068.25
1767277067.5574038,15,140.5,2117.5
1767277067.5574038,15,141.65625,2168.75
1767277067.5574038,15,142.828125,2221.5
1767277067.5574038,15,143.96875,2286.0
1767277067.5574038,15,145.078125,2344.5
1767277067.5574038,15,146.28125,2405.0
1767277067.5574038,15,149.6875,2641.0
1767277067.5574038,15,153.15625,2937.5
1767277067.5574038,15,154.3125,2952.0
1767277067.5574038,15,155.484375,2924.25
1767277067.5574038,15,156.640625,2895.0
1767277067.5574038,15,157.828125,2860.25
1767277067.5574038,15,158.96875,2824.5
1767277067.5574038,15,160.171875,2800.5
1767277067.5574038,15,161.34375,2780.25
1767277067.5574038,15,162.484375,2758.75
1767277067.5574038,15,163.671875,2738.5
1767277067.5574038,15,164.828125,2724.0
1767277067.5574038,15,166.0,2714.25
1767277067.5574038,15,167.171875,2702.5
1767277067.5574038,15,168.328125,2689.75
1767277067.5574038,15,169.5,2679.0
1767277067.5574038,15,170.65625,2668.25
1767277067.5574038,15,171.859375,2658.75
1767277067.5574038,15,172.984375,2654.25
1767277067.5574038,15,174.171875,2651.25
1767277067.5574038,15,175.328125,2645.5
1767277067.5574038,14,176.5,2640.0
1767277067.5574038,15,177.65625,2639.0
1767277067.5574038,15,178.828125,2640.25
1767277067.5574038,14,179.984375,2637.25
1767277067.5574038,10,181.125,2633.5
1767277067.5574038,15,182.3125,2633.75
1767277067.5574038,15,183.453125,2633.0
1767277067.5574038,15,184.640625,2633.5
1767277067.5574038,8,185.78125,2636.75
1767277067.5574038,11,186.953125,2640.75
1767277067.5574038,13,188.125,2642.75
1767277067.5574038,14,189.3125,2647.0
1767277067.5574038,15,190.46875,2657.75
1767277067.5574038,15,191.625,2671.75
1767277067.5574038,15,192.765625,2683.25
1767277067.5574038,15,193.96875,2688.5
1767277067.5574038,15,195.125,2697.25
1767277067.5574038,15,196.25,2711.5
1767277067.5574038,15,197.4375,2726.0
1767277067.5574038,15,198.609375,2743.0
1767277067.5574038,15,199.75,2763.0
1767277067.5574038,15,200.921875,2778.75
1767277067.5574038,15,202.0625,2795.75
1767277067.5574038,15,203.34375,2822.25
1767277067.5574038,15,204.515625,2859.0
1767277067.5574038,15,205.640625,2908.75
1767277067.5574038,15,206.8125,2934.75
1767277067.5574038,15,207.984375,2950.25
1767277067.5574038,15,209.171875,2973.0
1767277067.5574038,15,210.3125,3006.0
1767277067.5574038,15,211.5,3045.25
1767277067.5574038,15,212.65625,3066.25
1767277067.5574038,15,213.828125,3099.5
1767277067.5574038,15,214.984375,3155.25
1767277067.5574038,15,216.125,3211.75
1767277067.5574038,15,217.28125,3254.0
1767277067.5574038,15,220.390625,1167.0
1767277067.5574038,15,221.640625,1161.5
1767277067.5574038,15,222.8125,1155.0
1767277067.5574038,15,223.953125,1148.25
1767277067.5574038,15,225.078125,1160.25
1767277067.5574038,15,227.75,3851.5
1767277067.5574038,15,230.96875,1126.25
1767277067.5574038,15,232.171875,1123.0
1767277067.5574038,15,233.390625,1121.25
1767277067.5574038,15,234.46875,1120.25
1767277067.5574038,15,235.6875,1119.5
1767277067.5574038,15,236.828125,1119.25
1767277067.5574038,15,238.046875,1120.0
1767277067.5574038,15,239.234375,1121.25
1767277067.5574038,15,240.390625,1123.0
1767277067.5574038,15,245.03125,1122.5
1767277067.5574038,15,246.265625,1123.25
1767277067.5574038,15,247.375,1127.25
1767277067.5574038,15,248.5625,1130.0
1767277067.5574038,15,249.6875,1133.0
1767277067.5574038,15,250.859375,1137.25
1767277067.5574038,15,251.953125,1141.0
1767277067.5574038,15,253.140625,1144.0
1767277067.5574038,15,254.25,1149.75
1767277067.5574038,15,255.375,1155.0
1767277067.5574038,15,256.578125,1159.0
1767277067.5574038,15,257.703125,1164.5
1767277067.5574038,15,262.703125,3976.0
1767277067.5574038,15,263.859375,3992.75
1767277067.5574038,15,265.03125,4005.5
1767277067.5574038,15,266.1875,4003.25
1767277067.5574038,15,267.359375,3994.25
1767277067.5574038,15,268.515625,3993.25
1767277067.5574038,15,269.671875,3999.75
1767277067.5574038,15,270.84375,4007.0
1767277067.5574038,14,272.015625,4011.0
1767277067.5574038,15,273.1875,4017.0
1767277067.5574038,15,274.34375,4030.0
1767277067.5574038,9,275.40625,4040.5
1767277067.5574038,10,276.5625,4044.25
1767277067.5574038,15,277.71875,4054.75
1767277067.5574038,9,278.890625,4061.75
1767277067.5574038,9,280.046875,4048.75
1767277067.5574038,11,281.203125,4023.0
1767277067.5574038,15,282.390625,3976.0
1767277067.5574038,15,291.953125,2278.0
1767277067.5574038,15,293.109375,2231.25
1767277067.5574038,15,294.265625,2196.75
1767277067.5574038,15,295.421875,2181.75
1767277067.5574038,15,296.578125,2165.25
1767277067.5574038,15,297.765625,2143.0
1767277067.5574038,15,298.984375,2119.75
1767277067.5574038,15,306.796875,4269.5
1767277067.5574038,15,307.953125,4343.75
1767277067.5574038,15,309.109375,4424.75
1767277067.5574038,15,310.28125,4489.0
1767277067.5574038,15,311.421875,4542.0
1767277067.5574038,15,312.5625,4613.75
1767277067.5574038,15,313.734375,4732.5
1767277067.5574038,15,314.90625,4844.25
1767277067.5574038,15,316.046875,4905.0
1767277067.5574038,15,317.21875,4994.5
1767277067.5574038,15,328.125,1916.75
1767277067.5574038,15,329.28125,1915.5
1767277067.5574038,15,330.421875,1917.0
1767277067.5574038,15,331.640625,1917.5
1767277067.5574038,15,332.75,1918.75
1767277067.5574038,15,333.90625,1921.25
1767277067.5574038,15,335.09375,1920.75
1767277067.5574038,15,336.265625,1911.25
1767277067.5574038,15,337.421875,1889.75
1767277067.5574038,15,338.609375,1869.75
1767277067.5574038,15,339.78125,1857.75
1767277067.5574038,15,340.953125,1846.0
1767277067.5574038,15,342.078125,1833.0
1767277067.5574038,15,345.484375,2063.75
1767277067.5574038,15,346.671875,2086.75
1767277067.5574038,15,347.84375,2076.75
1767277067.5574038,15,348.96875,2068.75
1767277067.5574038,15,350.125,2063.5
1767277067.7153864,15,351.296875,2059.0
1767277067.7153864,15,352.5,2055.0
1767277067.7153864,15,353.625,2051.0
1767277067.7153864,15,354.796875,2048.75
1767277067.7153864,15,355.96875,2047.25
1767277067.7153864,15,357.09375,2045.25
1767277067.7153864,15,358.265625,2043.75
1767277067.7153864,15,359.421875,2043.5
1767277067.7153864,15,0.578125,2043.5
1767277067.7153864,15,1.734375,2043.5
1767277067.7153864,15,2.9375,2043.5
1767277067.7153864,15,4.0625,2045.75
1767277067.7153864,15,5.25,2048.5
1767277067.7153864,15,6.421875,2049.5
1767277067.7153864,15,7.578125,2052.75
1767277067.7153864,15,8.71875,2056.25
1767277067.7153864,15,9.875,2059.75
1767277067.7153864,15,11.0625,2066.0
1767277067.7153864,15,12.21875,2073.75
1767277067.7153864,15,13.375,2083.5
1767277067.7153864,15,14.546875,2095.0
1767277067.7153864,15,15.71875,2109.0
1767277067.7153864,15,16.875,2124.5
1767277067.7153864,15,18.015625,2140.75
1767277067.7153864,15,19.171875,2154.75
1767277067.7153864,15,20.359375,2166.5
1767277067.7153864,15,21.5,2176.75
1767277067.7153864,15,22.65625,2197.5
1767277067.7153864,15,23.828125,2225.75
1767277067.7153864,15,24.96875,2246.25
1767277067.7153864,15,26.15625,2267.75
1767277067.7153864,15,27.28125,2292.0
1767277067.7153864,15,28.4375,2312.75
1767277067.7153864,15,29.578125,2331.75
1767277067.7153864,15,30.765625,2354.5
1767277067.7153864,11,31.9375,2342.0
1767277067.7153864,15,33.078125,2331.0
1767277067.7153864,15,36.8125,2185.25
1767277067.7153864,15,37.953125,2209.25
1767277067.7153864,15,39.125,2214.25
1767277067.7153864,15,40.265625,2197.5
1767277067.7153864,15,41.46875,2183.0
1767277067.7153864,15,42.65625,2139.0
1767277067.7153864,15,43.859375,2086.0
1767277067.7153864,15,45.03125,2037.75
1767277067.7153864,15,46.203125,1997.25
1767277067.7153864,15,47.390625,1957.75
1767277067.7153864,15,48.578125,1912.0
1767277067.7153864,15,49.75,1874.25
1767277067.7153864,15,50.9375,1840.5
1767277067.7153864,15,52.109375,1806.25
1767277067.7153864,15,53.296875,1777.25
1767277067.7153864,15,54.53125,1751.75
1767277067.7153864,15,55.703125,1729.75
1767277067.7153864,15,56.84375,1704.25
1767277067.7153864,15,58.015625,1675.75
1767277067.7153864,15,59.15625,1652.0
1767277067.7153864,15,60.34375,1632.5
1767277067.7153864,15,61.5625,1614.5
1767277067.7153864,15,62.734375,1596.0
1767277067.7153864,15,63.875,1575.0
1767277067.7153864,15,65.0625,1559.0
1767277067.7153864,15,66.234375,1543.25
1767277067.7153864,15,67.453125,1526.5
1767277067.7153864,15,68.625,1515.25
1767277067.7153864,15,69.78125,1504.25
1767277067.7153864,15,70.984375,1490.25
1767277067.7153864,15,72.125,1478.5
1767277067.7153864,15,73.296875,1469.5
1767277067.7153864,15,74.5,1459.5
1767277067.7153864,15,75.609375,1446.75
1767277067.7153864,15,76.84375,1437.0
1767277067.7153864,15,78.0,1431.75
1767277067.7153864,15,79.203125,1426.0
1767277067.7153864,15,80.375,1419.75
1767277067.7153864,15,81.484375,1414.0
1767277067.7153864,15,82.6875,1410.25
1767277067.7153864,15,83.71875,1406.75
1767277067.7153864,15,84.9375,1404.75
1767277067.7153864,15,86.078125,1402.0
1767277067.7153864,15,87.265625,1399.75
1767277067.7153864,15,88.4375,1394.5
1767277067.7153864,15,89.578125,1389.75
1767277067.7153864,15,90.71875,1389.75
1767277067.7153864,15,91.90625,1392.0
1767277067.7153864,15,93.03125,1395.5
1767277067.7153864,15,94.203125,1396.5
1767277067.7153864,15,95.375,1397.25
1767277067.7153864,15,96.578125,1398.0
1767277067.7153864,15,97.71875,1401.0
1767277067.7153864,15,98.84375,1404.75
1767277067.7153864,15,100.0,1407.25
1767277067.7153864,15,101.203125,1410.5
1767277067.7153864,15,102.375,1415.25
1767277067.7153864,15,103.46875,1419.75
1767277067.7153864,15,104.6875,1425.0
1767277067.7153864,15,105.859375,1431.25
1767277067.7153864,15,107.0,1436.75
1767277067.7153864,15,108.15625,1443.75
1767277067.7153864,15,109.265625,1455.75
1767277067.7153864,15,110.4375,1468.0
1767277067.7153864,15,111.609375,1478.5
1767277067.7153864,15,112.71875,1487.0
1767277067.7153864,15,113.875,1498.5
1767277067.7153864,15,115.046875,1511.75
1767277067.7153864,15,116.203125,1520.0
1767277067.7153864,15,117.390625,1536.5
1767277067.7153864,15,118.5,1554.75
1767277067.7153864,15,119.671875,1569.0
1767277067.7153864,15,120.828125,1589.5
1767277067.7153864,15,121.9375,1608.0
1767277067.7153864,15,123.109375,1625.75
1767277067.7153864,15,124.25,1646.5
1767277067.7153864,15,125.40625,1670.75
1767277067.7153864,15,126.578125,1692.75
1767277067.7153864,15,127.71875,1717.75
1767277067.7153864,15,128.828125,1743.25
1767277067.7153864,15,130.0,1764.5
1767277067.7153864,15,131.171875,1793.75
1767277067.7153864,15,132.3125,1825.25
1767277067.7153864,15,133.453125,1860.0
1767277067.7153864,15,134.609375,1902.25
1767277067.7153864,15,135.765625,1939.25
1767277067.7153864,15,136.890625,1977.5
1767277067.7153864,15,138.0625,2023.0
1767277067.7153864,15,139.203125,2065.25
1767277067.7153864,15,140.359375,2113.0
1767277067.7153864,15,141.46875,2162.25
1767277067.7153864,15,142.625,2217.0
1767277067.7153864,15,143.8125,2278.25
1767277067.7153864,15,144.9375,2334.0
1767277067.7153864,15,146.078125,2394.25
1767277067.7153864,8,147.234375,2450.5
1767277067.7153864,15,150.671875,2720.0
1767277067.7153864,15,152.953125,2938.75
1767277067.7153864,15,154.109375,2959.75
1767277067.7153864,15,155.296875,2926.25
1767277067.7153864,15,156.453125,2896.75
1767277067.7153864,15,157.65625,2863.0
1767277067.7153864,15,158.796875,2828.75
1767277067.7153864,15,160.0,2802.5
1767277067.7153864,15,161.15625,2781.5
1767277067.7153864,15,162.296875,2761.25
1767277067.7153864,15,163.484375,2743.75
1767277067.7153864,15,164.671875,2730.0
1767277067.7153864,15,165.828125,2717.25
1767277067.7153864,15,166.96875,2703.75
1767277067.7153864,15,168.15625,2690.25
1767277067.7153864,15,169.296875,2680.0
1767277067.7153864,15,170.46875,2671.25
1767277067.7153864,15,171.65625,2662.25
1767277067.7153864,15,172.796875,2655.0
1767277067.7153864,15,173.953125,2650.75
1767277067.7153864,15,175.140625,2645.0
1767277067.7153864,15,176.296875,2640.5
1767277067.7153864,15,177.46875,2640.75
1767277067.7153864,15,178.625,2641.75
1767277067.7153864,15,179.796875,2640.5
1767277067.7153864,9,180.953125,2633.75
1767277067.7153864,15,182.09375,2633.0
1767277067.7153864,15,183.28125,2635.5
1767277067.7153864,15,184.453125,2633.25
1767277067.7153864,15,185.609375,2636.5
1767277067.7153864,8,186.75,2641.0
1767277067.7153864,12,187.9375,2641.25
1767277067.7153864,13,189.09375,2644.25
1767277067.7153864,15,190.265625,2655.0
1767277067.7153864,15,191.40625,2670.5
1767277067.7153864,15,192.5625,2681.0
1767277067.7153864,15,193.75,2686.0
1767277067.7153864,15,194.890625,2696.0
1767277067.7153864,15,196.03125,2710.5
1767277067.7153864,15,197.21875,2723.5
1767277067.7153864,15,198.359375,2739.0
1767277067.7153864,15,199.515625,2759.25
1767277067.7153864,15,200.703125,2775.5
1767277067.7153864,15,201.84375,2791.75
1767277067.7153864,15,203.125,2819.25
1767277067.7153864,15,204.28125,2853.25
1767277067.7153864,15,205.453125,2894.25
1767277067.7153864,15,206.609375,2925.0
1767277067.7153864,15,207.75,2949.0
1767277067.7153864,15,208.921875,2970.5
1767277067.7153864,15,210.09375,2998.25
1767277067.7153864,15,211.265625,3038.25
1767277067.7153864,15,212.421875,3062.5
1767277067.7153864,15,213.59375,3091.0
1767277067.7153864,15,214.75,3139.75
1767277067.7153864,15,215.90625,3197.0
1767277067.7153864,15,217.046875,3242.75
1767277067.7153864,15,218.21875,3292.25
1767277067.7153864,15,221.359375,1163.0
1767277067.7153864,15,222.53125,1157.5
1767277067.7153864,15,223.703125,1152.0
1767277067.7153864,15,224.921875,1152.5
1767277067.7153864,15,227.484375,3836.5
1767277067.7153864,15,230.765625,1126.5
1767277067.7153864,15,231.859375,1123.75
1767277067.7153864,15,233.015625,1122.0
1767277067.7153864,15,234.25,1121.25
1767277067.7153864,15,235.359375,1120.5
1767277067.7153864,15,236.515625,1120.5
1767277067.7153864,15,237.734375,1121.0
1767277067.7153864,15,238.90625,1121.5
1767277067.7153864,15,240.015625,1122.25
1767277067.7153864,15,244.6875,1123.0
1767277067.7153864,15,245.90625,1124.0
1767277067.7153864,15,247.03125,1125.75
1767277067.7153864,15,248.203125,1129.0
1767277067.7153864,15,249.40625,1133.5
1767277067.7153864,15,250.5625,1136.0
1767277067.7153864,15,251.640625,1138.75
1767277067.7153864,15,252.859375,1143.5
1767277067.7153864,15,253.96875,1148.25
1767277067.7153864,15,255.109375,1152.75
1767277067.7153864,15,256.3125,1158.0
1767277067.7153864,15,257.421875,1163.5
1767277067.7153864,14,262.40625,3973.0
1767277067.7153864,15,263.5625,3988.75
1767277067.7153864,15,264.734375,4006.25
1767277067.7153864,15,265.890625,4006.75
1767277067.7153864,15,267.046875,3999.75
1767277067.7153864,15,268.203125,3997.75
1767277067.7153864,14,269.40625,4002.0
1767277067.7153864,15,270.5625,4006.5
1767277067.7153864,15,271.71875,4011.5
1767277067.7153864,14,272.890625,4020.25
1767277067.7153864,15,274.046875,4027.0
1767277067.7153864,9,275.125,4036.75
1767277067.7153864,14,276.296875,4047.75
1767277067.7153864,14,277.453125,4052.75
1767277067.7153864,8,278.609375,4058.0
1767277067.7153864,12,279.765625,4057.75
1767277067.7153864,10,280.9375,4032.5
1767277067.7153864,13,282.09375,3996.5
1767277067.7153864,15,292.828125,2251.25
1767277067.7153864,15,293.984375,2215.25
1767277067.7153864,15,295.1875,2186.25
1767277067.7153864,15,296.328125,2169.5
1767277067.7153864,15,297.5,2147.5
1767277067.7153864,15,298.75,2123.75
1767277067.7153864,14,299.890625,2124.25
1767277067.7153864,15,306.546875,4250.5
1767277067.7153864,15,307.6875,4323.0
1767277067.7153864,15,308.828125,4406.5
1767277067.7153864,15,310.0,4466.75
1767277067.7153864,15,311.15625,4527.75
1767277067.7153864,15,312.328125,4587.0
1767277067.7153864,15,313.484375,4688.25
1767277067.7153864,15,314.625,4819.25
1767277067.7153864,15,315.78125,4893.25
1767277067.7153864,15,316.953125,4959.25
1767277067.7153864,15,319.25,5251.0
1767277067.7153864,15,327.890625,1921.5
1767277067.7153864,15,329.015625,1917.75
1767277067.7153864,15,330.171875,1917.75
1767277067.7153864,15,331.359375,1918.75
1767277067.7153864,15,332.53125,1919.75
1767277067.7153864,15,333.6875,1920.5
1767277067.7153864,15,334.84375,1922.5
1767277067.7153864,15,336.03125,1916.0
1767277067.7153864,15,337.21875,1893.25
1767277067.7153864,15,338.359375,1871.5
1767277067.7153864,15,339.515625,1859.75
1767277067.7153864,15,340.671875,1850.0
1767277067.7153864,15,341.84375,1838.25
1767277067.7153864,15,346.390625,2090.25
1767277067.7153864,15,347.546875,2079.25
1767277067.7153864,15,348.71875,2069.75
1767277067.7153864,15,349.875,2062.75
1767277067.7153864,15,351.046875,2059.0
1767277067.8749862,15,352.25,2055.5
1767277067.8749862,15,353.375,2051.75
1767277067.8749862,15,354.515625,2048.75
1767277067.8749862,15,355.6875,2047.25
1767277067.8749862,15,356.890625,2046.5
1767277067.8749862,15,358.0625,2045.25
1767277067.8749862,15,359.203125,2044.0
1767277067.8749862,15,0.359375,2043.75
1767277067.8749862,15,1.53125,2044.75
1767277067.8749862,15,2.71875,2045.75
1767277067.8749862,15,3.84375,2047.25
1767277067.8749862,15,5.03125,2048.75
1767277067.8749862,15,6.140625,2050.0
1767277067.8749862,15,7.328125,2054.0
1767277067.8749862,15,8.484375,2057.25
1767277067.8749862,15,9.671875,2059.5
1767277067.8749862,15,10.875,2064.25
1767277067.8749862,15,12.046875,2071.25
1767277067.8749862,15,13.171875,2079.75
1767277067.8749862,15,14.328125,2091.0
1767277067.8749862,15,15.5,2105.25
1767277067.8749862,15,16.671875,2120.0
1767277067.8749862,15,17.8125,2137.5
1767277067.8749862,15,19.0,2153.0
1767277067.8749862,15,20.15625,2164.75
1767277067.8749862,15,21.328125,2176.5
1767277067.8749862,15,22.453125,2197.0
1767277067.8749862,15,23.65625,2222.0
1767277067.8749862,15,24.8125,2244.0
1767277067.8749862,15,25.921875,2266.5
1767277067.8749862,15,27.078125,2288.0
1767277067.8749862,15,28.265625,2308.0
1767277067.8749862,15,29.40625,2328.5
1767277067.8749862,15,30.59375,2351.75
1767277067.8749862,15,31.71875,2377.25
1767277067.8749862,15,32.921875,2373.0
1767277067.8749862,15,36.546875,2196.5
1767277067.8749862,15,37.71875,2214.0
1767277067.8749862,15,38.890625,2243.0
1767277067.8749862,15,40.0625,2242.5
1767277067.8749862,15,41.25,2200.25
1767277067.8749862,15,42.390625,2147.0
1767277067.8749862,15,43.59375,2095.75
1767277067.8749862,15,44.78125,2048.25
1767277067.8749862,15,45.953125,2008.0
1767277067.8749862,15,47.171875,1964.25
1767277067.8749862,15,48.359375,1917.25
1767277067.8749862,15,49.5,1880.0
1767277067.8749862,15,50.6875,1844.25
1767277067.8749862,15,51.859375,1811.75
1767277067.8749862,15,53.0625,1782.0
1767277067.8749862,15,54.21875,1754.75
1767277067.8749862,15,55.46875,1732.25
1767277067.8749862,15,56.625,1706.25
1767277067.8749862,15,57.8125,1678.5
1767277067.8749862,15,58.96875,1656.5
1767277067.8749862,15,60.09375,1637.75
1767277067.8749862,15,61.28125,1617.75
1767277067.8749862,15,62.46875,1598.5
1767277067.8749862,15,63.59375,1579.5
1767277067.8749862,15,64.828125,1563.5
1767277067.8749862,15,66.0,1547.75
1767277067.8749862,15,67.140625,1529.75
1767277067.8749862,15,68.34375,1516.5
1767277067.8749862,15,69.484375,1506.5
1767277067.8749862,15,70.6875,1494.75
1767277067.8749862,15,71.875,1482.5
1767277067.8749862,15,73.0,1471.5
1767277067.8749862,15,74.171875,1461.0
1767277067.8749862,15,75.390625,1449.25
1767277067.8749862,15,76.546875,1438.5
1767277067.8749862,15,77.734375,1432.75
1767277067.8749862,15,78.90625,1427.5
1767277067.8749862,15,80.0625,1420.5
1767277067.8749862,15,81.25,1415.25
1767277067.8749862,15,82.40625,1410.5
1767277067.8749862,15,83.5,1407.75
1767277067.8749862,15,84.703125,1405.5
1767277067.8749862,15,85.828125,1404.0
1767277067.8749862,15,87.0625,1401.0
1767277067.8749862,15,88.1875,1397.5
1767277067.8749862,15,89.359375,1396.5
1767277067.8749862,15,90.484375,1396.5
1767277067.8749862,15,91.6875,1394.5
1767277067.8749862,15,92.84375,1395.0
1767277067.8749862,15,94.046875,1397.25
1767277067.8749862,15,95.171875,1397.0
1767277067.8749862,15,96.3125,1398.75
1767277067.8749862,15,97.46875,1401.75
1767277067.8749862,15,98.625,1404.25
1767277067.8749862,15,99.796875,1407.25
1767277067.8749862,15,100.953125,1410.0
1767277067.8749862,15,102.125,1414.5
1767277067.8749862,15,103.265625,1419.75
1767277067.8749862,15,104.46875,1425.25
1767277067.8749862,15,105.625,1431.25
1767277067.8749862,15,106.765625,1436.5
1767277067.8749862,15,107.921875,1443.0
1767277067.8749862,15,109.078125,1454.5
1767277067.8749862,15,110.171875,1467.25
1767277067.8749862,15,111.40625,1477.0
1767277067.8749862,15,112.515625,1486.5
1767277067.8749862,15,113.703125,1498.75
1767277067.8749862,15,114.84375,1510.5
1767277067.8749862,15,115.96875,1519.25
1767277067.8749862,15,117.109375,1534.25
1767277067.8749862,15,118.328125,1552.5
1767277067.8749862,15,119.40625,1565.75
1767277067.8749862,15,120.59375,1585.0
1767277067.8749862,15,121.78125,1604.25
1767277067.8749862,15,122.890625,1620.5
1767277067.8749862,15,124.015625,1642.25
1767277067.8749862,15,125.1875,1661.5
1767277067.8749862,15,126.359375,1685.25
1767277067.8749862,15,127.515625,1715.5
1767277067.8749862,15,128.625,1740.25
1767277067.8749862,15,129.8125,1761.25
1767277067.8749862,15,130.90625,1790.0
1767277067.8749862,15,132.03125,1819.75
1767277067.8749862,15,133.203125,1851.0
1767277067.8749862,15,134.328125,1892.0
1767277067.8749862,15,135.46875,1930.75
1767277067.8749862,15,136.609375,1970.25
1767277067.8749862,15,137.796875,2015.75
1767277067.8749862,15,138.953125,2055.0
1767277067.8749862,15,140.09375,2096.75
1767277067.8749862,15,141.21875,2148.5
1767277067.8749862,15,142.390625,2202.5
1767277067.8749862,15,143.5,2263.5
1767277067.8749862,15,144.671875,2322.5
1767277067.8749862,15,145.796875,2382.25
1767277067.8749862,10,146.921875,2438.75
1767277067.8749862,9,149.21875,2620.5
1767277067.8749862,15,150.359375,2692.25
1767277067.8749862,15,153.796875,2940.0
1767277067.8749862,15,154.921875,2940.25
1767277067.8749862,15,156.078125,2909.75
1767277067.8749862,15,157.265625,2869.25
1767277067.8749862,15,158.40625,2838.75
1767277067.8749862,15,159.59375,2808.25
1767277067.8749862,15,160.734375,2787.75
1767277067.8749862,15,161.921875,2770.0
1767277067.8749862,15,163.0625,2750.75
1767277067.8749862,15,164.25,2733.25
1767277067.8749862,15,165.40625,2720.5
1767277067.8749862,15,166.5625,2709.25
1767277067.8749862,15,167.6875,2696.5
1767277067.8749862,15,168.859375,2684.25
1767277067.8749862,15,170.046875,2674.5
1767277067.8749862,15,171.1875,2666.5
1767277067.8749862,15,172.34375,2657.5
1767277067.8749862,15,173.515625,2649.0
1767277067.8749862,15,174.671875,2645.0
1767277067.8749862,15,175.8125,2641.25
1767277067.8749862,15,177.0,2638.25
1767277067.8749862,15,178.140625,2638.75
1767277067.8749862,14,179.421875,2640.25
1767277067.8749862,11,180.59375,2634.25
1767277067.8749862,7,181.734375,2632.5
1767277067.8749862,15,182.90625,2634.25
1767277067.8749862,15,184.046875,2632.25
1767277067.8749862,7,185.234375,2635.0
1767277067.8749862,9,186.359375,2639.25
1767277067.8749862,12,187.5625,2641.0
1767277067.8749862,15,188.71875,2641.25
1767277067.8749862,15,189.875,2649.0
1767277067.8749862,15,191.046875,2664.0
1767277067.8749862,15,192.1875,2677.75
1767277067.8749862,15,193.375,2684.75
1767277067.8749862,15,194.5,2694.0
1767277067.8749862,15,195.671875,2707.0
1767277067.8749862,15,196.859375,2718.5
1767277067.8749862,15,198.0,2734.75
1767277067.8749862,15,199.171875,2754.0
1767277067.8749862,15,200.3125,2770.0
1767277067.8749862,15,201.46875,2784.0
1767277067.8749862,15,202.703125,2806.25
1767277067.8749862,15,203.875,2840.0
1767277067.8749862,15,205.046875,2879.25
1767277067.8749862,15,206.1875,2917.75
1767277067.8749862,15,207.375,2944.75
1767277067.8749862,15,208.546875,2962.5
1767277067.8749862,15,209.671875,2989.0
1767277067.8749862,15,210.875,3022.75
1767277067.8749862,15,212.015625,3052.25
1767277067.8749862,15,213.171875,3077.5
1767277067.8749862,15,214.34375,3119.0
1767277067.8749862,15,215.484375,3182.5
1767277067.8749862,15,216.65625,3231.5
1767277067.8749862,15,217.8125,3276.5
1767277067.8749862,15,220.9375,1165.25
1767277067.8749862,15,222.125,1159.75
1767277067.8749862,15,223.34375,1153.25
1767277067.8749862,15,224.453125,1147.25
1767277067.8749862,15,227.03125,3804.5
1767277067.8749862,15,231.421875,1125.25
1767277067.8749862,15,232.546875,1123.5
1767277067.8749862,15,233.8125,1121.75
1767277067.8749862,15,234.953125,1120.0
1767277067.8749862,15,236.109375,1120.0
1767277067.8749862,15,237.265625,1119.5
1767277067.8749862,15,238.46875,1120.5
1767277067.8749862,15,239.609375,1121.25
1767277067.8749862,15,240.71875,1123.5
1767277067.8749862,14,243.3125,3960.75
1767277067.8749862,15,246.53125,1125.5
1767277067.8749862,15,247.6875,1127.25
1767277067.8749862,15,248.859375,1130.25
1767277067.8749862,15,250.0625,1133.75
1767277067.8749862,15,251.171875,1136.75
1767277067.8749862,15,252.296875,1141.5
1767277067.8749862,15,253.453125,1146.25
1767277067.8749862,15,254.640625,1151.5
1767277067.8749862,15,255.8125,1156.25
1767277067.8749862,15,256.9375,1161.25
1767277067.8749862,15,258.125,1168.5
1767277067.8749862,15,260.734375,3953.5
1767277067.8749862,13,261.90625,3963.25
1767277067.8749862,15,263.046875,3980.25
1767277067.8749862,15,264.21875,3994.75
1767277067.8749862,15,265.390625,4000.0
1767277067.8749862,15,266.53125,3995.5
1767277067.8749862,15,267.71875,3991.0
1767277067.8749862,15,268.859375,3998.5
1767277067.8749862,15,270.046875,4000.5
1767277067.8749862,15,271.203125,4002.0
1767277067.8749862,15,272.34375,4015.25
1767277067.8749862,14,273.53125,4023.5
1767277067.8749862,15,274.65625,4031.75
1767277067.8749862,14,275.828125,4040.25
1767277067.8749862,11,276.984375,4043.0
1767277067.8749862,12,278.140625,4053.5
1767277067.8749862,7,279.3125,4058.0
1767277067.8749862,9,280.484375,4039.25
1767277067.8749862,14,281.65625,4006.75
1767277067.8749862,15,292.375,2266.0
1767277067.8749862,15,293.546875,2225.0
1767277067.8749862,15,294.703125,2193.0
1767277067.8749862,15,295.890625,2177.0
1767277067.8749862,15,297.03125,2157.25
1767277067.8749862,15,298.234375,2133.75
1767277067.8749862,15,299.359375,2121.25
1767277067.8749862,15,307.15625,4280.25
1767277067.8749862,15,308.3125,4368.0
1767277067.8749862,15,309.46875,4453.0
1767277067.8749862,15,310.625,4505.5
1767277067.8749862,15,311.78125,4550.0
1767277067.8749862,15,312.921875,4648.5
1767277067.8749862,15,314.078125,4770.5
1767277067.8749862,15,315.25,4855.25
1767277067.8749862,15,316.390625,4921.75
1767277067.8749862,15,318.703125,5195.75
1767277067.8749862,15,323.265625,5664.0
1767277067.8749862,15,328.375,1918.25
1767277067.8749862,15,329.59375,1918.75
1767277067.8749862,15,330.734375,1919.25
1767277067.8749862,15,331.890625,1919.5
1767277067.8749862,15,333.046875,1919.75
1767277067.8749862,15,334.203125,1921.75
1767277067.8749862,15,335.359375,1921.5
1767277067.8749862,15,336.53125,1910.25
1767277067.8749862,15,337.703125,1885.0
1767277067.8749862,15,338.84375,1865.0
1767277067.8749862,15,340.0,1855.25
1767277067.8749862,15,341.171875,1844.5
1767277067.8749862,15,342.359375,1840.0
1767277067.8749862,15,345.75,2086.0
1767277067.8749862,15,346.921875,2085.75
1767277067.8749862,15,348.0625,2075.0
1767277067.8749862,15,349.21875,2065.75
1767277067.8749862,15,350.375,2060.25
1767277068.0332234,15,351.5625,2056.5
1767277068.0332234,15,352.703125,2054.25
1767277068.0332234,15,353.859375,2050.75
1767277068.0332234,15,355.015625,2047.5
1767277068.0332234,15,356.203125,2046.0
1767277068.0332234,15,357.359375,2044.75
1767277068.0332234,15,358.515625,2044.5
1767277068.0332234,15,359.671875,2045.25
1767277068.0332234,15,0.796875,2045.25
1767277068.0332234,15,1.984375,2044.75
1767277068.0332234,15,3.140625,2045.25
1767277068.0332234,15,4.3125,2048.0
1767277068.0332234,15,5.46875,2051.0
1767277068.0332234,15,6.640625,2051.75
1767277068.0332234,15,7.75,2053.75
1767277068.0332234,15,8.9375,2058.5
1767277068.0332234,15,10.109375,2060.75
1767277068.0332234,15,11.3125,2064.75
1767277068.0332234,15,12.453125,2073.5
1767277068.0332234,15,13.625,2084.5
1767277068.0332234,15,14.796875,2096.5
1767277068.0332234,15,15.9375,2108.75
1767277068.0332234,15,17.09375,2127.75
1767277068.0332234,15,18.265625,2145.5
1767277068.0332234,15,19.40625,2156.25
1767277068.0332234,15,20.59375,2166.0
1767277068.0332234,15,21.71875,2178.25
1767277068.0332234,15,22.890625,2203.5
1767277068.0332234,15,24.03125,2230.5
1767277068.0332234,15,25.21875,2250.25
1767277068.0332234,15,26.328125,2274.25
1767277068.0332234,15,27.5,2297.75
1767277068.0332234,15,28.640625,2316.75
1767277068.0332234,15,29.796875,2336.0
1767277068.0332234,15,30.953125,2360.0
1767277068.0332234,15,32.109375,2391.0
1767277068.0332234,15,34.484375,2292.0
1767277068.0332234,15,36.90625,2190.75
1767277068.0332234,15,38.015625,2222.0
1767277068.0332234,15,39.21875,2235.75
1767277068.0332234,15,40.390625,2212.75
1767277068.0332234,15,41.5625,2179.25
1767277068.0332234,15,42.703125,2134.75
1767277068.0332234,15,43.921875,2081.75
1767277068.0332234,15,45.078125,2033.0
1767277068.0332234,15,46.25,1992.5
1767277068.0332234,15,47.4375,1957.5
1767277068.0332234,15,48.625,1911.75
1767277068.0332234,15,49.8125,1874.0
1767277068.0332234,15,51.0,1840.0
1767277068.0332234,15,52.15625,1806.25
1767277068.0332234,15,53.296875,1777.25
1767277068.0332234,15,54.53125,1751.5
1767277068.0332234,15,55.671875,1725.25
1767277068.0332234,15,56.84375,1699.75
1767277068.0332234,15,58.03125,1676.0
1767277068.0332234,15,59.15625,1652.5
1767277068.0332234,15,60.390625,1632.75
1767277068.0332234,15,61.5625,1614.5
1767277068.0332234,15,62.6875,1596.25
1767277068.0332234,15,63.875,1575.0
1767277068.0332234,15,65.0625,1558.75
1767277068.0332234,15,66.25,1542.5
1767277068.0332234,15,67.359375,1526.25
1767277068.0332234,15,68.59375,1515.25
1767277068.0332234,15,69.765625,1504.0
1767277068.0332234,15,70.9375,1491.75
1767277068.0332234,15,72.09375,1480.25
1767277068.0332234,15,73.234375,1470.25
1767277068.0332234,15,74.390625,1460.0
1767277068.0332234,15,75.5625,1448.0
1767277068.0332234,15,76.71875,1438.5
1767277068.0332234,15,77.90625,1432.5
1767277068.0332234,15,79.09375,1426.75
1767277068.0332234,15,80.234375,1420.25
1767277068.0332234,15,81.421875,1414.75
1767277068.0332234,15,82.59375,1409.75
1767277068.0332234,15,83.703125,1407.0
1767277068.0332234,15,84.921875,1405.25
1767277068.0332234,15,86.109375,1401.5
1767277068.0332234,15,87.21875,1399.25
1767277068.0332234,15,88.359375,1394.25
1767277068.0332234,15,89.5625,1389.75
1767277068.0332234,15,90.734375,1392.75
1767277068.0332234,15,91.84375,1395.25
1767277068.0332234,15,93.0,1395.5
1767277068.0332234,15,94.1875,1396.5
1767277068.0332234,15,95.359375,1397.25
1767277068.0332234,15,96.546875,1398.25
1767277068.0332234,15,97.65625,1401.0
1767277068.0332234,15,98.8125,1403.75
1767277068.0332234,15,99.96875,1406.5
1767277068.0332234,15,101.125,1410.5
1767277068.0332234,15,102.34375,1415.25
1767277068.0332234,15,103.484375,1419.5
1767277068.0332234,15,104.65625,1424.75
1767277068.0332234,15,105.828125,1431.25
1767277068.0332234,15,106.90625,1436.75
1767277068.0332234,15,108.078125,1444.25
1767277068.0332234,15,109.265625,1455.0
1767277068.0332234,15,110.4375,1466.75
1767277068.0332234,15,111.5625,1479.0
1767277068.0332234,15,112.71875,1490.75
1767277068.0332234,15,113.859375,1501.75
1767277068.0332234,15,115.0,1512.0
1767277068.0332234,15,116.203125,1520.0
1767277068.0332234,15,117.359375,1536.5
1767277068.0332234,15,118.484375,1554.75
1767277068.0332234,15,119.625,1569.0
1767277068.0332234,15,120.8125,1589.0
1767277068.0332234,15,121.953125,1606.25
1767277068.0332234,15,123.09375,1624.25
1767277068.0332234,15,124.234375,1646.25
1767277068.0332234,15,125.375,1670.5
1767277068.0332234,15,126.515625,1692.5
1767277068.0332234,15,127.6875,1717.25
1767277068.0332234,15,128.84375,1743.25
1767277068.0332234,15,129.96875,1764.75
1767277068.0332234,15,131.109375,1794.0
1767277068.0332234,15,132.203125,1824.0
1767277068.0332234,15,133.40625,1858.0
1767277068.0332234,15,134.53125,1900.25
1767277068.0332234,15,135.6875,1937.25
1767277068.0332234,15,136.796875,1975.5
1767277068.0332234,15,137.9375,2021.25
1767277068.0332234,15,139.109375,2061.75
1767277068.0332234,15,140.25,2107.0
1767277068.0332234,15,141.390625,2158.75
1767277068.0332234,15,142.53125,2212.25
1767277068.0332234,15,143.671875,2274.0
1767277068.0332234,15,144.828125,2331.5
1767277068.0332234,15,145.984375,2392.25
1767277068.0332234,8,147.125,2447.0
1767277068.0332234,14,149.390625,2631.25
1767277068.0332234,15,150.53125,2709.5
1767277068.0332234,15,152.828125,2882.25
1767277068.0332234,15,153.96875,2919.75
1767277068.0332234,15,155.15625,2926.75
1767277068.0332234,15,156.3125,2899.25
1767277068.0332234,15,157.46875,2869.5
1767277068.0332234,15,158.640625,2832.75
1767277068.0332234,15,159.828125,2802.75
1767277068.0332234,15,160.984375,2784.75
1767277068.0332234,15,162.125,2762.75
1767277068.0332234,15,163.3125,2743.25
1767277068.0332234,15,164.484375,2729.75
1767277068.0332234,15,165.640625,2717.5
1767277068.0332234,15,166.765625,2705.5
1767277068.0332234,15,167.9375,2692.25
1767277068.0332234,15,169.125,2681.75
1767277068.0332234,15,170.296875,2670.5
1767277068.0332234,15,171.4375,2662.5
1767277068.0332234,15,172.59375,2656.0
1767277068.0332234,15,173.765625,2651.5
1767277068.0332234,15,174.921875,2646.75
1767277068.0332234,15,176.078125,2642.0
1767277068.0332234,15,177.234375,2640.25
1767277068.0332234,14,178.421875,2639.25
1767277068.0332234,14,179.640625,2638.75
1767277068.0332234,10,180.796875,2633.0
1767277068.0332234,6,181.953125,2633.25
1767277068.0332234,15,183.125,2636.0
1767277068.0332234,15,184.3125,2634.0
1767277068.0332234,8,185.46875,2636.5
1767277068.0332234,8,186.640625,2640.25
1767277068.0332234,14,187.8125,2640.75
1767277068.0332234,15,188.96875,2643.5
1767277068.0332234,15,190.09375,2652.75
1767277068.0332234,15,191.265625,2668.5
1767277068.0332234,15,192.421875,2681.75
1767277068.0332234,15,193.578125,2686.75
1767277068.0332234,15,194.78125,2694.5
1767277068.0332234,15,195.890625,2707.0
1767277068.0332234,15,197.0625,2720.5
1767277068.0332234,15,198.265625,2736.25
1767277068.0332234,15,199.390625,2754.25
1767277068.0332234,15,200.546875,2771.0
1767277068.0332234,15,201.71875,2788.5
1767277068.0332234,15,202.90625,2811.75
1767277068.0332234,15,204.0625,2844.5
1767277068.0332234,15,205.21875,2893.5
1767277068.0332234,15,206.390625,2927.75
1767277068.0332234,15,207.5625,2942.5
1767277068.0332234,15,208.703125,2962.75
1767277068.0332234,15,209.890625,2993.5
1767277068.0332234,15,211.015625,3032.5
1767277068.0332234,15,212.1875,3059.0
1767277068.0332234,15,213.359375,3080.75
1767277068.0332234,15,214.515625,3126.0
1767277068.0332234,15,215.671875,3191.0
1767277068.0332234,15,216.8125,3236.5
1767277068.0332234,15,217.984375,3279.5
1767277068.0332234,15,221.09375,1163.25
1767277068.0332234,15,222.25,1157.0
1767277068.0332234,15,223.40625,1152.0
1767277068.0332234,15,224.671875,1148.5
1767277068.0332234,15,227.25,3826.5
1767277068.0332234,15,230.46875,1127.25
1767277068.0332234,15,231.6875,1124.75
1767277068.0332234,15,232.875,1122.5
1767277068.0332234,15,233.984375,1120.5
1767277068.0332234,15,235.203125,1119.5
1767277068.0332234,15,236.3125,1120.0
1767277068.0332234,15,237.546875,1120.25
1767277068.0332234,15,238.625,1119.75
1767277068.0332234,15,239.859375,1121.25
1767277068.0332234,15,246.8125,1125.75
1767277068.0332234,15,247.9375,1128.25
1767277068.0332234,15,249.1875,1133.25
1767277068.0332234,15,250.296875,1136.25
1767277068.0332234,15,251.390625,1138.75
1767277068.0332234,15,252.609375,1142.75
1767277068.0332234,15,253.78125,1146.5
1767277068.0332234,15,254.921875,1151.5
1767277068.0332234,15,256.078125,1157.0
1767277068.0332234,15,257.234375,1162.75
1767277068.0332234,15,262.1875,3968.25
1767277068.0332234,15,263.34375,3989.0
1767277068.0332234,15,264.5,4001.5
1767277068.0332234,15,265.671875,4002.75
1767277068.0332234,15,266.828125,3999.0
1767277068.0332234,15,268.0,3996.25
1767277068.0332234,15,269.171875,4000.5
1767277068.0332234,15,270.34375,4006.25
1767277068.0332234,15,271.5,4011.75
1767277068.0332234,14,272.65625,4020.25
1767277068.0332234,14,273.8125,4028.5
1767277068.0332234,14,274.90625,4036.0
1767277068.0332234,11,276.0625,4042.75
1767277068.0332234,12,277.21875,4049.0
1767277068.0332234,9,278.375,4051.5
1767277068.0332234,11,279.546875,4051.25
1767277068.0332234,13,281.875,4020.25
1767277068.0332234,15,292.609375,2256.5
1767277068.0332234,15,293.78125,2219.0
1767277068.0332234,15,294.953125,2187.5
1767277068.0332234,15,296.125,2172.75
1767277068.0332234,15,297.265625,2153.5
1767277068.0332234,15,298.453125,2130.25
1767277068.0332234,15,299.5625,2124.0
1767277068.0332234,15,307.34375,4298.75
1767277068.0332234,15,308.484375,4382.5
1767277068.0332234,15,309.671875,4459.75
1767277068.0332234,15,310.8125,4514.5
1767277068.0332234,15,311.953125,4563.25
1767277068.0332234,15,313.109375,4662.5
1767277068.0332234,15,314.28125,4780.5
1767277068.0332234,15,315.4375,4864.25
1767277068.0332234,15,316.5625,4937.75
1767277068.0332234,15,318.875,5201.5
1767277068.0332234,15,328.703125,1917.25
1767277068.0332234,15,329.8125,1917.5
1767277068.0332234,15,331.0,1918.0
1767277068.0332234,15,332.15625,1919.5
1767277068.0332234,15,333.34375,1920.75
1767277068.0332234,15,334.46875,1922.75
1767277068.0332234,15,335.625,1919.25
1767277068.0332234,15,336.828125,1905.5
1767277068.0332234,15,338.0,1883.0
1767277068.0332234,15,339.171875,1863.0
1767277068.0332234,15,340.3125,1853.0
1767277068.0332234,15,341.453125,1841.5
1767277068.0332234,15,342.640625,1848.0
1767277068.0332234,15,344.890625,1991.5
1767277068.0332234,15,347.203125,2082.0
1767277068.0332234,15,348.390625,2072.5
1767277068.0332234,15,349.515625,2064.25
1767277068.0332234,15,350.703125,2059.5
1767277068.1928499,15,351.890625,2055.25
1767277068.1928499,15,353.03125,2051.75
1767277068.1928499,15,354.1875,2049.75
1767277068.1928499,15,355.359375,2047.25
1767277068.1928499,15,356.53125,2046.0
1767277068.1928499,15,357.65625,2044.25
1767277068.1928499,15,358.8125,2043.0
1767277068.1928499,15,0.03125,2043.5
1767277068.1928499,15,1.15625,2044.0
1767277068.1928499,15,2.3125,2046.5
1767277068.1928499,15,3.5,2046.75
1767277068.1928499,15,4.65625,2046.25
1767277068.1928499,15,5.8125,2048.25
1767277068.1928499,15,6.984375,2051.75
1767277068.1928499,15,8.125,2055.25
1767277068.1928499,15,9.265625,2059.25
1767277068.1928499,15,10.421875,2063.5
1767277068.1928499,15,11.59375,2069.25
1767277068.1928499,15,12.734375,2077.75
1767277068.1928499,15,13.9375,2087.25
1767277068.1928499,15,15.0625,2099.25
1767277068.1928499,15,16.234375,2115.0
1767277068.1928499,15,17.40625,2135.0
1767277068.1928499,15,18.53125,2149.75
1767277068.1928499,15,19.703125,2161.0
1767277068.1928499,15,20.859375,2170.5
1767277068.1928499,15,22.015625,2187.0
1767277068.1928499,15,23.1875,2212.75
1767277068.1928499,15,24.3125,2235.25
1767277068.1928499,15,25.484375,2257.75
1767277068.1928499,15,26.609375,2280.0
1767277068.1928499,15,27.796875,2301.25
1767277068.1928499,15,28.921875,2319.25
1767277068.1928499,15,30.109375,2340.0
1767277068.1928499,15,31.25,2365.5
1767277068.1928499,15,32.40625,2377.25
1767277068.1928499,15,33.578125,2346.25
1767277068.1928499,15,37.1875,2195.5
1767277068.1928499,15,38.359375,2229.75
1767277068.1928499,15,39.5,2248.75
1767277068.1928499,15,41.875,2167.25
1767277068.1928499,15,43.0625,2117.75
1767277068.1928499,15,44.203125,2068.25
1767277068.1928499,15,45.390625,2025.5
1767277068.1928499,15,46.578125,1983.75
1767277068.1928499,15,47.765625,1946.0
1767277068.1928499,15,48.953125,1902.0
1767277068.1928499,15,50.140625,1866.5
1767277068.1928499,15,51.28125,1834.0
1767277068.1928499,15,52.5,1796.0
1767277068.1928499,15,53.640625,1765.75
1767277068.1928499,15,54.8125,1743.0
1767277068.1928499,15,55.984375,1717.25
1767277068.1928499,15,57.21875,1693.25
1767277068.1928499,15,58.328125,1671.25
1767277068.1928499,15,59.515625,1648.25
1767277068.1928499,15,60.75,1628.0
1767277068.1928499,15,61.859375,1611.25
1767277068.1928499,15,63.03125,1592.0
1767277068.1928499,15,64.265625,1569.75
1767277068.1928499,15,65.390625,1554.75
1767277068.1928499,15,66.59375,1536.75
1767277068.1928499,15,67.734375,1520.75
1767277068.1928499,15,68.953125,1511.25
1767277068.1928499,15,70.109375,1500.5
1767277068.1928499,15,71.296875,1486.5
1767277068.1928499,15,72.40625,1475.5
1767277068.1928499,15,73.578125,1467.75
1767277068.1928499,15,74.828125,1453.5
1767277068.1928499,15,75.96875,1441.5
1767277068.1928499,15,77.109375,1435.5
1767277068.1928499,15,78.296875,1430.0
1767277068.1928499,15,79.46875,1423.5
1767277068.1928499,15,80.65625,1417.75
1767277068.1928499,15,81.8125,1413.0
1767277068.1928499,15,82.9375,1410.0
1767277068.1928499,15,84.15625,1406.75
1767277068.1928499,15,85.328125,1402.75
1767277068.1928499,15,86.453125,1402.25
1767277068.1928499,15,87.609375,1400.75
1767277068.1928499,15,88.8125,1397.25
1767277068.1928499,15,89.9375,1394.0
1767277068.1928499,15,91.140625,1393.75
1767277068.1928499,15,92.25,1396.5
1767277068.1928499,15,93.46875,1397.0
1767277068.1928499,15,94.65625,1397.25
1767277068.1928499,15,95.828125,1398.0
1767277068.1928499,15,96.9375,1400.0
1767277068.1928499,15,98.09375,1402.75
1767277068.1928499,15,99.234375,1406.25
1767277068.1928499,15,100.453125,1409.25
1767277068.1928499,15,101.5625,1412.25
1767277068.1928499,15,102.796875,1416.5
1767277068.1928499,15,103.90625,1422.75
1767277068.1928499,15,105.078125,1429.25
1767277068.1928499,15,106.25,1434.5
1767277068.1928499,15,107.359375,1440.75
1767277068.1928499,15,108.5,1450.5
1767277068.1928499,15,109.71875,1462.0
1767277068.1928499,15,110.84375,1471.5
1767277068.1928499,15,111.96875,1481.25
1767277068.1928499,15,113.171875,1491.75
1767277068.1928499,15,114.28125,1504.5
1767277068.1928499,15,115.484375,1515.75
1767277068.1928499,15,116.59375,1524.25
1767277068.1928499,15,117.734375,1541.5
1767277068.1928499,15,118.9375,1559.75
1767277068.1928499,15,120.0625,1575.5
1767277068.1928499,15,121.203125,1596.0
1767277068.1928499,15,122.34375,1613.25
1767277068.1928499,15,123.5625,1630.25
1767277068.1928499,15,124.703125,1652.0
1767277068.1928499,15,125.84375,1676.75
1767277068.1928499,15,127.0,1700.5
1767277068.1928499,15,128.171875,1726.25
1767277068.1928499,15,129.28125,1752.25
1767277068.1928499,15,130.4375,1774.0
1767277068.1928499,15,131.546875,1801.25
1767277068.1928499,15,132.671875,1838.25
1767277068.1928499,15,133.796875,1873.0
1767277068.1928499,15,134.96875,1910.5
1767277068.1928499,15,136.09375,1956.0
1767277068.1928499,15,137.25,1992.0
1767277068.1928499,15,138.40625,2032.0
1767277068.1928499,15,139.515625,2078.0
1767277068.1928499,15,140.6875,2128.25
1767277068.1928499,15,141.828125,2174.0
1767277068.1928499,15,144.125,2294.0
1767277068.1928499,15,145.265625,2352.25
1767277068.1928499,15,146.390625,2411.75
1767277068.1928499,15,148.671875,2580.0
1767277068.1928499,15,149.828125,2651.0
1767277068.1928499,15,153.234375,2930.5
1767277068.1928499,15,154.390625,2943.0
1767277068.1928499,15,155.65625,2923.25
1767277068.1928499,15,156.828125,2890.0
1767277068.1928499,15,157.96875,2848.75
1767277068.1928499,15,159.140625,2816.25
1767277068.1928499,15,160.296875,2795.25
1767277068.1928499,15,161.484375,2775.25
1767277068.1928499,15,162.640625,2753.75
1767277068.1928499,15,163.8125,2735.75
1767277068.1928499,15,165.0,2724.0
1767277068.1928499,15,166.171875,2711.75
1767277068.1928499,15,167.28125,2697.75
1767277068.1928499,15,168.453125,2686.5
1767277068.1928499,15,169.65625,2677.75
1767277068.1928499,15,170.8125,2668.25
1767277068.1928499,15,171.953125,2659.5
1767277068.1928499,15,173.109375,2652.75
1767277068.1928499,15,174.28125,2649.5
1767277068.1928499,15,175.453125,2643.75
1767277068.1928499,15,176.609375,2638.25
1767277068.1928499,15,177.796875,2639.75
1767277068.1928499,15,178.953125,2641.25
1767277068.1928499,13,180.109375,2635.5
1767277068.1928499,9,181.28125,2631.5
1767277068.1928499,15,182.46875,2633.25
1767277068.1928499,15,183.609375,2631.75
1767277068.1928499,15,184.796875,2633.75
1767277068.1928499,15,185.96875,2638.25
1767277068.1928499,10,187.09375,2641.5
1767277068.1928499,14,188.265625,2642.5
1767277068.1928499,15,189.453125,2646.75
1767277068.1928499,15,190.609375,2660.5
1767277068.1928499,15,191.765625,2673.75
1767277068.1928499,15,192.890625,2683.5
1767277068.1928499,15,194.09375,2690.75
1767277068.1928499,15,195.25,2701.25
1767277068.1928499,15,196.40625,2713.5
1767277068.1928499,15,197.578125,2727.0
1767277068.1928499,15,198.71875,2744.25
1767277068.1928499,15,199.890625,2764.0
1767277068.1928499,15,201.046875,2779.25
1767277068.1928499,15,202.1875,2796.25
1767277068.1928499,15,203.390625,2823.0
1767277068.1928499,15,204.546875,2862.5
1767277068.1928499,15,205.671875,2911.75
1767277068.1928499,15,206.859375,2935.25
1767277068.1928499,15,208.0,2950.75
1767277068.1928499,15,209.15625,2972.75
1767277068.1928499,15,210.34375,3005.5
1767277068.1928499,15,211.484375,3044.25
1767277068.1928499,15,212.640625,3065.75
1767277068.1928499,15,213.8125,3100.0
1767277068.1928499,15,214.953125,3155.25
1767277068.1928499,15,216.140625,3211.25
1767277068.1928499,15,217.28125,3254.5
1767277068.1928499,15,220.390625,1166.75
1767277068.1928499,15,221.625,1161.5
1767277068.1928499,15,222.78125,1157.5
1767277068.1928499,15,223.890625,1151.0
1767277068.1928499,15,225.0625,1156.0
1767277068.1928499,15,227.65625,3851.75
1767277068.1928499,15,230.875,1126.25
1767277068.1928499,15,232.09375,1123.5
1767277068.1928499,15,233.234375,1121.75
1767277068.1928499,15,234.453125,1119.75
1767277068.1928499,15,235.515625,1119.5
1767277068.1928499,15,236.6875,1119.25
1767277068.1928499,15,237.859375,1120.0
1767277068.1928499,15,239.0625,1121.75
1767277068.1928499,15,240.171875,1122.0
1767277068.1928499,15,244.890625,1121.25
1767277068.1928499,15,246.0,1123.0
1767277068.1928499,15,247.1875,1127.75
1767277068.1928499,15,248.265625,1131.0
1767277068.1928499,15,249.453125,1132.0
1767277068.1928499,15,250.671875,1134.75
1767277068.1928499,15,251.8125,1139.75
1767277068.1928499,15,253.0625,1143.75
1767277068.1928499,15,254.15625,1148.0
1767277068.1928499,15,255.296875,1153.5
1767277068.1928499,15,256.453125,1159.0
1767277068.1928499,15,257.6875,1164.75
1767277068.1928499,14,262.609375,3973.25
1767277068.1928499,15,263.78125,3992.75
1767277068.1928499,15,264.9375,4004.75
1767277068.1928499,15,266.09375,4001.5
1767277068.1928499,15,267.28125,3993.0
1767277068.1928499,15,268.421875,3996.0
1767277068.1928499,15,269.609375,4002.0
1767277068.1928499,15,270.765625,4005.75
1767277068.1928499,15,271.921875,4009.25
1767277068.1928499,14,273.078125,4014.0
1767277068.1928499,15,274.25,4028.75
1767277068.1928499,9,275.3125,4041.75
1767277068.1928499,10,276.46875,4045.5
1767277068.1928499,13,277.640625,4052.0
1767277068.1928499,11,279.953125,4052.0
1767277068.1928499,12,281.109375,4027.5
1767277068.1928499,15,282.28125,3992.75
1767277068.1928499,15,291.828125,2285.75
1767277068.1928499,15,292.984375,2245.5
1767277068.1928499,15,294.171875,2211.25
1767277068.1928499,15,295.359375,2184.0
1767277068.1928499,15,296.5,2167.25
1767277068.1928499,15,297.6875,2146.0
1767277068.1928499,15,298.765625,2123.5
1767277068.1928499,12,299.921875,2129.75
1767277068.1928499,15,306.546875,4251.5
1767277068.1928499,15,307.703125,4323.0
1767277068.1928499,15,308.828125,4405.75
1767277068.1928499,15,309.984375,4467.75
1767277068.1928499,15,311.140625,4530.25
1767277068.1928499,15,312.296875,4588.75
1767277068.1928499,15,313.453125,4690.5
1767277068.1928499,15,314.609375,4820.75
1767277068.1928499,15,315.75,4892.75
1767277068.1928499,15,316.90625,4959.75
1767277068.1928499,15,319.203125,5236.75
1767277068.1928499,15,327.84375,1922.5
1767277068.1928499,15,328.96875,1918.25
1767277068.1928499,15,330.125,1917.5
1767277068.1928499,15,331.296875,1918.75
1767277068.1928499,15,332.484375,1920.0
1767277068.1928499,15,333.640625,1919.5
1767277068.1928499,15,334.765625,1921.75
1767277068.1928499,15,335.96875,1917.0
1767277068.1928499,15,337.109375,1893.75
1767277068.1928499,15,338.265625,1871.0
1767277068.1928499,15,339.421875,1860.25
1767277068.1928499,15,340.640625,1851.0
1767277068.1928499,15,341.765625,1839.5
1767277068.1928499,15,346.328125,2090.75
1767277068.1928499,15,347.515625,2080.0
1767277068.1928499,15,348.6875,2071.75
1767277068.1928499,15,349.875,2064.5
1767277068.1928499,15,351.046875,2059.0
1767277068.3505278,15,352.1875,2055.5
1767277068.3505278,15,353.328125,2051.75
1767277068.3505278,15,354.484375,2048.75
1767277068.3505278,15,355.65625,2047.0
1767277068.3505278,15,356.84375,2045.75
1767277068.3505278,15,357.984375,2045.0
1767277068.3505278,15,359.171875,2043.25
1767277068.3505278,15,0.3125,2043.0
1767277068.3505278,15,1.46875,2044.25
1767277068.3505278,15,2.625,2045.0
1767277068.3505278,15,3.78125,2047.25
1767277068.3505278,15,4.9375,2049.0
1767277068.3505278,15,6.09375,2050.25
1767277068.3505278,15,7.296875,2053.75
1767277068.3505278,15,8.4375,2056.75
1767277068.3505278,15,9.578125,2060.25
1767277068.3505278,15,10.75,2064.75
1767277068.3505278,15,11.890625,2071.0
1767277068.3505278,15,13.015625,2079.0
1767277068.3505278,15,14.21875,2088.0
1767277068.3505278,15,15.34375,2102.0
1767277068.3505278,15,16.5,2121.5
1767277068.3505278,15,17.671875,2139.25
1767277068.3505278,15,18.828125,2152.0
1767277068.3505278,15,20.0,2163.75
1767277068.3505278,15,21.15625,2172.75
1767277068.3505278,15,22.3125,2191.5
1767277068.3505278,15,23.453125,2217.5
1767277068.3505278,15,24.578125,2238.5
1767277068.3505278,15,25.75,2262.5
1767277068.3505278,15,26.890625,2287.0
1767277068.3505278,15,28.046875,2305.5
1767277068.3505278,15,29.21875,2321.75
1767277068.3505278,15,30.359375,2343.5
1767277068.3505278,15,31.5,2370.5
1767277068.3505278,15,32.6875,2375.25
1767277068.3505278,15,33.84375,2330.5
1767277068.3505278,15,36.28125,2193.0
1767277068.3505278,15,37.453125,2200.25
1767277068.3505278,15,38.59375,2235.5
1767277068.3505278,15,39.765625,2247.0
1767277068.3505278,15,40.96875,2211.25
1767277068.3505278,15,42.09375,2160.75
1767277068.3505278,15,44.5,2060.0
1767277068.3505278,15,45.640625,2018.5
1767277068.3505278,15,46.8125,1971.75
1767277068.3505278,15,48.0,1927.75
1767277068.3505278,15,49.203125,1889.25
1767277068.3505278,15,50.34375,1853.0
1767277068.3505278,15,51.53125,1821.25
1767277068.3505278,15,52.71875,1791.5
1767277068.3505278,15,53.921875,1762.0
1767277068.3505278,15,55.046875,1740.0
1767277068.3505278,15,56.25,1714.25
1767277068.3505278,15,57.4375,1690.0
1767277068.3505278,15,58.609375,1668.5
1767277068.3505278,15,59.8125,1645.0
1767277068.3505278,15,60.96875,1623.25
1767277068.3505278,15,62.109375,1603.5
1767277068.3505278,15,63.3125,1584.25
1767277068.3505278,15,64.484375,1566.25
1767277068.3505278,15,65.6875,1551.25
1767277068.3505278,15,66.796875,1533.0
1767277068.3505278,15,68.015625,1519.25
1767277068.3505278,15,69.171875,1509.0
1767277068.3505278,15,70.359375,1497.25
1767277068.3505278,15,71.546875,1486.25
1767277068.3505278,15,72.703125,1477.0
1767277068.3505278,15,73.828125,1465.75
1767277068.3505278,15,75.015625,1453.0
1767277068.3505278,15,76.234375,1442.0
1767277068.3505278,15,77.34375,1434.25
1767277068.3505278,15,78.53125,1428.75
1767277068.3505278,15,79.703125,1422.0
1767277068.3505278,15,80.890625,1416.25
1767277068.3505278,15,82.046875,1411.25
1767277068.3505278,15,83.171875,1408.25
1767277068.3505278,15,84.328125,1405.75
1767277068.3505278,15,85.5,1402.25
1767277068.3505278,15,86.6875,1399.75
1767277068.3505278,15,87.765625,1398.25
1767277068.3505278,15,88.984375,1394.0
1767277068.3505278,15,90.140625,1389.75
1767277068.3505278,15,91.296875,1392.5
1767277068.3505278,15,92.421875,1393.25
1767277068.3505278,15,93.578125,1393.0
1767277068.3505278,15,94.75,1395.75
1767277068.3505278,15,95.9375,1397.25
1767277068.3505278,15,97.0625,1400.5
1767277068.3505278,15,98.21875,1403.75
1767277068.3505278,15,99.375,1406.25
1767277068.3505278,15,100.546875,1409.0
1767277068.3505278,15,101.703125,1412.25
1767277068.3505278,15,102.84375,1417.5
1767277068.3505278,15,104.0625,1424.0
1767277068.3505278,15,105.21875,1430.0
1767277068.3505278,15,106.3125,1435.0
1767277068.3505278,15,107.421875,1440.5
1767277068.3505278,15,108.5625,1450.25
1767277068.3505278,15,109.734375,1462.0
1767277068.3505278,15,110.90625,1471.5
1767277068.3505278,15,112.015625,1481.5
1767277068.3505278,15,113.21875,1492.25
1767277068.3505278,15,114.3125,1505.0
1767277068.3505278,15,115.484375,1516.0
1767277068.3505278,15,116.625,1524.5
1767277068.3505278,15,117.765625,1541.75
1767277068.3505278,15,118.9375,1560.0
1767277068.3505278,15,120.0625,1575.5
1767277068.3505278,15,121.265625,1596.5
1767277068.3505278,15,122.390625,1613.5
1767277068.3505278,15,123.546875,1630.25
1767277068.3505278,15,124.671875,1652.0
1767277068.3505278,15,125.84375,1676.75
1767277068.3505278,15,126.96875,1700.5
1767277068.3505278,15,128.109375,1726.5
1767277068.3505278,15,129.234375,1752.5
1767277068.3505278,15,130.375,1773.5
1767277068.3505278,15,131.53125,1801.25
1767277068.3505278,15,132.6875,1838.5
1767277068.3505278,15,133.796875,1873.25
1767277068.3505278,15,134.921875,1911.0
1767277068.3505278,15,136.09375,1956.5
1767277068.3505278,15,137.25,1994.25
1767277068.3505278,15,138.375,2034.0
1767277068.3505278,15,139.515625,2078.25
1767277068.3505278,15,140.65625,2128.5
1767277068.3505278,15,141.796875,2173.5
1767277068.3505278,15,144.109375,2294.25
1767277068.3505278,15,145.265625,2352.75
1767277068.3505278,15,146.390625,2412.0
1767277068.3505278,15,148.640625,2581.0
1767277068.3505278,15,149.78125,2651.25
1767277068.3505278,15,153.203125,2934.75
1767277068.3505278,15,154.484375,2938.5
1767277068.3505278,15,155.671875,2915.25
1767277068.3505278,15,156.828125,2891.0
1767277068.3505278,15,157.984375,2849.0
1767277068.3505278,15,159.15625,2816.5
1767277068.3505278,15,160.3125,2795.5
1767277068.3505278,15,161.46875,2775.0
1767277068.3505278,15,162.640625,2754.0
1767277068.3505278,15,163.8125,2736.0
1767277068.3505278,15,165.015625,2723.5
1767277068.3505278,15,166.140625,2711.5
1767277068.3505278,15,167.3125,2697.75
1767277068.3505278,15,168.46875,2686.75
1767277068.3505278,15,169.640625,2677.75
1767277068.3505278,15,170.8125,2667.75
1767277068.3505278,15,171.96875,2658.75
1767277068.3505278,15,173.125,2652.25
1767277068.3505278,15,174.3125,2649.25
1767277068.3505278,15,175.46875,2643.25
1767277068.3505278,15,176.609375,2638.0
1767277068.3505278,15,177.78125,2639.75
1767277068.3505278,15,178.953125,2641.75
1767277068.3505278,13,180.125,2635.75
1767277068.3505278,8,181.28125,2631.5
1767277068.3505278,15,182.453125,2633.0
1767277068.3505278,15,183.625,2631.5
1767277068.3505278,15,184.78125,2633.5
1767277068.3505278,15,185.984375,2638.0
1767277068.3505278,10,187.109375,2640.75
1767277068.3505278,13,188.28125,2641.5
1767277068.3505278,15,189.421875,2646.75
1767277068.3505278,15,190.625,2660.5
1767277068.3505278,15,191.765625,2673.75
1767277068.3505278,15,192.9375,2683.5
1767277068.3505278,15,194.09375,2690.5
1767277068.3505278,15,195.265625,2700.75
1767277068.3505278,15,196.4375,2713.25
1767277068.3505278,15,197.59375,2727.0
1767277068.3505278,15,198.71875,2744.75
1767277068.3505278,15,199.90625,2764.25
1767277068.3505278,15,201.0625,2778.75
1767277068.3505278,15,202.203125,2798.75
1767277068.3505278,15,203.421875,2826.75
1767277068.3505278,15,204.578125,2863.5
1767277068.3505278,15,205.734375,2911.5
1767277068.3505278,15,206.90625,2938.0
1767277068.3505278,15,208.09375,2953.75
1767277068.3505278,15,209.25,2975.5
1767277068.3505278,15,210.390625,3008.75
1767277068.3505278,15,211.5625,3048.0
1767277068.3505278,15,212.71875,3069.25
1767277068.3505278,15,213.875,3101.25
1767277068.3505278,15,215.046875,3156.25
1767277068.3505278,15,216.1875,3213.25
1767277068.3505278,15,217.359375,3255.75
1767277068.3505278,15,220.484375,1166.25
1767277068.3505278,15,221.703125,1161.25
1767277068.3505278,15,222.828125,1154.75
1767277068.3505278,15,224.0,1148.5
1767277068.3505278,15,225.171875,1160.5
1767277068.3505278,15,227.765625,3851.25
1767277068.3505278,15,231.015625,1126.25
1767277068.3505278,15,232.203125,1123.25
1767277068.3505278,15,233.296875,1121.25
1767277068.3505278,15,234.453125,1120.5
1767277068.3505278,15,235.703125,1119.5
1767277068.3505278,15,236.828125,1119.25
1767277068.3505278,15,238.046875,1120.0
1767277068.3505278,15,239.171875,1121.25
1767277068.3505278,15,240.359375,1123.0
1767277068.3505278,15,244.953125,1122.75
1767277068.3505278,15,246.140625,1123.25
1767277068.3505278,15,247.28125,1127.25
1767277068.3505278,15,248.515625,1130.0
1767277068.3505278,15,249.625,1133.0
1767277068.3505278,15,250.8125,1136.75
1767277068.3505278,15,251.921875,1140.25
1767277068.3505278,15,253.125,1143.75
1767277068.3505278,15,254.28125,1149.5
1767277068.3505278,15,255.4375,1155.0
1767277068.3505278,15,256.546875,1159.0
1767277068.3505278,15,257.8125,1164.5
1767277068.3505278,15,262.703125,3977.25
1767277068.3505278,15,263.875,3994.5
1767277068.3505278,15,265.03125,4006.75
1767277068.3505278,15,266.203125,4004.0
1767277068.3505278,15,267.375,3994.75
1767277068.3505278,15,268.515625,3993.25
1767277068.3505278,15,269.6875,3998.75
1767277068.3505278,15,270.875,4003.5
1767277068.3505278,14,272.03125,4006.75
1767277068.3505278,15,273.1875,4014.5
1767277068.3505278,15,274.34375,4029.5
1767277068.3505278,10,275.390625,4038.75
1767277068.3505278,11,276.53125,4043.75
1767277068.3505278,15,277.703125,4054.0
1767277068.3505278,4,278.859375,4081.0
1767277068.3505278,10,280.015625,4070.0
1767277068.3505278,13,281.171875,4025.0
1767277068.3505278,14,282.328125,3980.75
1767277068.3505278,15,291.890625,2279.5
1767277068.3505278,15,293.046875,2245.5
1767277068.3505278,15,294.203125,2210.75
1767277068.3505278,15,295.375,2183.25
1767277068.3505278,15,296.53125,2167.0
1767277068.3505278,15,297.71875,2146.25
1767277068.3505278,15,298.9375,2122.5
1767277068.3505278,9,300.09375,2129.5
1767277068.3505278,15,306.71875,4261.75
1767277068.3505278,15,307.875,4337.25
1767277068.3505278,15,309.03125,4426.75
1767277068.3505278,15,310.1875,4488.0
1767277068.3505278,15,311.34375,4541.0
1767277068.3505278,15,312.5,4605.75
1767277068.3505278,15,314.8125,4841.25
1767277068.3505278,15,315.953125,4901.75
1767277068.3505278,15,317.109375,4996.25
1767277068.3505278,15,328.109375,1916.75
1767277068.3505278,15,329.28125,1915.5
1767277068.3505278,15,330.453125,1917.0
1767277068.3505278,15,331.609375,1917.25
1767277068.3505278,15,332.75,1919.75
1767277068.3505278,15,333.921875,1922.25
1767277068.3505278,15,335.109375,1920.5
1767277068.3505278,15,336.25,1911.5
1767277068.3505278,15,337.40625,1890.25
1767277068.3505278,15,338.59375,1870.0
1767277068.3505278,15,339.75,1857.75
1767277068.3505278,15,340.9375,1846.0
1767277068.3505278,15,342.0625,1833.25
1767277068.3505278,15,345.46875,2063.25
1767277068.3505278,15,346.671875,2086.75
1767277068.3505278,15,347.796875,2077.0
1767277068.3505278,15,348.921875,2068.75
1767277068.3505278,15,350.109375,2063.75
1767277068.5073495,15,351.265625,2059.0
1767277068.5073495,15,352.453125,2054.75
1767277068.5073495,15,353.578125,2052.25
1767277068.5073495,15,354.75,2050.25
1767277068.5073495,15,355.90625,2047.25
1767277068.5073495,15,357.078125,2045.25
1767277068.5073495,15,358.203125,2044.0
1767277068.5073495,15,359.375,2043.5
1767277068.5073495,15,0.5625,2043.25
1767277068.5073495,15,1.71875,2043.5
1767277068.5073495,15,2.875,2044.25
1767277068.5073495,15,4.0625,2046.0
1767277068.5073495,15,5.203125,2048.0
1767277068.5073495,15,6.34375,2049.25
1767277068.5073495,15,7.53125,2052.75
1767277068.5073495,15,8.671875,2056.5
1767277068.5073495,15,9.828125,2060.0
1767277068.5073495,15,10.96875,2064.75
1767277068.5073495,15,12.109375,2071.5
1767277068.5073495,15,13.25,2081.75
1767277068.5073495,15,14.4375,2092.75
1767277068.5073495,15,15.578125,2106.5
1767277068.5073495,15,16.71875,2121.0
1767277068.5073495,15,17.875,2138.0
1767277068.5073495,15,19.015625,2154.0
1767277068.5073495,15,20.1875,2166.0
1767277068.5073495,15,21.359375,2177.0
1767277068.5073495,15,22.484375,2196.5
1767277068.5073495,15,23.640625,2222.0
1767277068.5073495,15,24.828125,2243.5
1767277068.5073495,15,25.953125,2266.5
1767277068.5073495,15,27.109375,2288.5
1767277068.5073495,15,28.265625,2308.25
1767277068.5073495,15,29.4375,2328.25
1767277068.5073495,15,30.5625,2352.0
1767277068.5073495,15,31.71875,2377.5
1767277068.5073495,15,32.890625,2372.5
1767277068.5073495,15,36.59375,2199.5
1767277068.5073495,15,37.71875,2216.5
1767277068.5073495,15,38.875,2242.0
1767277068.5073495,15,40.0625,2241.5
1767277068.5073495,15,41.265625,2198.25
1767277068.5073495,15,42.453125,2145.0
1767277068.5073495,15,43.640625,2095.75
1767277068.5073495,15,44.8125,2048.0
1767277068.5073495,15,45.96875,2007.5
1767277068.5073495,15,47.171875,1964.0
1767277068.5073495,15,48.359375,1917.0
1767277068.5073495,15,49.515625,1880.0
1767277068.5073495,15,50.71875,1844.0
1767277068.5073495,15,51.875,1811.5
1767277068.5073495,15,53.046875,1782.0
1767277068.5073495,15,54.28125,1754.25
1767277068.5073495,15,55.453125,1731.75
1767277068.5073495,15,56.59375,1706.25
1767277068.5073495,15,57.8125,1678.5
1767277068.5073495,15,58.984375,1656.5
1767277068.5073495,15,60.140625,1637.75
1767277068.5073495,15,61.328125,1617.25
1767277068.5073495,15,62.53125,1598.0
1767277068.5073495,15,63.6875,1578.0
1767277068.5073495,15,64.84375,1562.0
1767277068.5073495,15,66.015625,1543.5
1767277068.5073495,15,67.21875,1525.5
1767277068.5073495,15,68.359375,1516.0
1767277068.5073495,15,69.546875,1506.25
1767277068.5073495,15,70.6875,1493.5
1767277068.5073495,15,71.890625,1481.5
1767277068.5073495,15,73.078125,1471.25
1767277068.5073495,15,74.21875,1460.5
1767277068.5073495,15,75.421875,1449.0
1767277068.5073495,15,76.640625,1438.25
1767277068.5073495,15,77.765625,1432.75
1767277068.5073495,15,78.90625,1427.5
1767277068.5073495,15,80.140625,1420.5
1767277068.5073495,15,81.25,1415.0
1767277068.5073495,15,82.453125,1410.5
1767277068.5073495,15,83.484375,1407.75
1767277068.5073495,15,84.6875,1405.5
1767277068.5073495,15,85.859375,1404.0
1767277068.5073495,15,87.03125,1401.0
1767277068.5073495,15,88.203125,1397.5
1767277068.5073495,15,89.328125,1394.75
1767277068.5073495,15,90.453125,1394.75
1767277068.5073495,15,91.65625,1396.5
1767277068.5073495,15,92.78125,1393.25
1767277068.5073495,15,94.0,1394.25
1767277068.5073495,15,95.125,1397.75
1767277068.5073495,15,96.265625,1398.5
1767277068.5073495,15,97.46875,1401.5
1767277068.5073495,15,98.578125,1404.25
1767277068.5073495,15,99.734375,1407.0
1767277068.5073495,15,100.890625,1409.75
1767277068.5073495,15,102.109375,1413.75
1767277068.5073495,15,103.234375,1419.0
1767277068.5073495,15,104.4375,1425.25
1767277068.5073495,15,105.59375,1431.5
1767277068.5073495,15,106.75,1436.5
1767277068.5073495,15,107.828125,1442.75
1767277068.5073495,15,108.984375,1454.0
1767277068.5073495,15,110.140625,1466.0
1767277068.5073495,15,111.296875,1476.0
1767277068.5073495,15,112.453125,1485.75
1767277068.5073495,15,113.59375,1498.0
1767277068.5073495,15,114.734375,1509.75
1767277068.5073495,15,115.890625,1518.5
1767277068.5073495,15,117.046875,1532.75
1767277068.5073495,15,118.203125,1551.0
1767277068.5073495,15,119.328125,1565.75
1767277068.5073495,15,120.53125,1581.75
1767277068.5073495,15,121.6875,1600.75
1767277068.5073495,15,122.828125,1618.5
1767277068.5073495,15,123.921875,1640.25
1767277068.5073495,15,125.078125,1661.75
1767277068.5073495,15,126.234375,1685.5
1767277068.5073495,15,127.421875,1714.5
1767277068.5073495,15,128.5625,1739.5
1767277068.5073495,15,129.734375,1759.75
1767277068.5073495,15,130.859375,1788.5
1767277068.5073495,15,131.984375,1819.5
1767277068.5073495,15,133.171875,1848.75
1767277068.5073495,15,134.28125,1884.0
1767277068.5073495,15,135.484375,1921.75
1767277068.5073495,15,136.578125,1967.5
1767277068.5073495,15,137.75,2011.0
1767277068.5073495,15,138.90625,2050.0
1767277068.5073495,15,140.03125,2097.25
1767277068.5073495,15,141.203125,2149.0
1767277068.5073495,15,142.328125,2202.0
1767277068.5073495,15,143.453125,2262.75
1767277068.5073495,15,144.59375,2322.25
1767277068.5073495,15,145.78125,2376.0
1767277068.5073495,11,146.921875,2432.0
1767277068.5073495,10,149.171875,2622.0
1767277068.5073495,15,150.328125,2694.25
1767277068.5073495,15,153.765625,2940.25
1767277068.5073495,15,155.0,2938.25
1767277068.5073495,15,156.171875,2912.75
1767277068.5073495,15,157.3125,2873.75
1767277068.5073495,15,158.484375,2837.75
1767277068.5073495,15,159.671875,2807.75
1767277068.5073495,15,160.84375,2786.5
1767277068.5073495,15,162.0,2769.5
1767277068.5073495,15,163.15625,2750.0
1767277068.5073495,15,164.34375,2731.0
1767277068.5073495,15,165.5,2719.75
1767277068.5073495,15,166.671875,2706.5
1767277068.5073495,15,167.84375,2693.75
1767277068.5073495,15,169.015625,2685.0
1767277068.5073495,15,170.15625,2675.0
1767277068.5073495,15,171.328125,2665.0
1767277068.5073495,15,172.5,2654.75
1767277068.5073495,15,173.640625,2650.5
1767277068.5073495,15,174.8125,2646.25
1767277068.5073495,15,175.96875,2641.25
1767277068.5073495,15,177.125,2641.25
1767277068.5073495,15,178.296875,2640.25
1767277068.5073495,14,179.5,2640.0
1767277068.5073495,9,180.6875,2634.5
1767277068.5073495,6,181.84375,2633.0
1767277068.5073495,15,182.984375,2636.0
1767277068.5073495,15,184.15625,2634.75
1767277068.5073495,15,185.3125,2636.5
1767277068.5073495,9,186.484375,2640.25
1767277068.5073495,13,187.671875,2641.5
1767277068.5073495,13,188.828125,2644.0
1767277068.5073495,15,189.984375,2651.5
1767277068.5073495,15,191.140625,2665.25
1767277068.5073495,15,192.328125,2679.25
1767277068.5073495,15,193.484375,2685.0
1767277068.5073495,15,194.640625,2694.0
1767277068.5073495,15,195.796875,2707.75
1767277068.5073495,15,196.953125,2720.0
1767277068.5073495,15,198.125,2735.75
1767277068.5073495,15,199.28125,2753.75
1767277068.5073495,15,200.453125,2771.0
1767277068.5073495,15,201.609375,2788.0
1767277068.5073495,15,202.796875,2811.0
1767277068.5073495,15,203.984375,2843.25
1767277068.5073495,15,205.140625,2889.75
1767277068.5073495,15,206.28125,2926.5
1767277068.5073495,15,207.453125,2943.5
1767277068.5073495,15,208.625,2962.25
1767277068.5073495,15,209.78125,2992.5
1767277068.5073495,15,210.9375,3027.0
1767277068.5073495,15,212.09375,3054.75
1767277068.5073495,15,213.25,3078.25
1767277068.5073495,15,214.4375,3122.75
1767277068.5073495,15,215.578125,3187.25
1767277068.5073495,15,216.734375,3233.5
1767277068.5073495,15,217.90625,3278.5
1767277068.5073495,15,221.078125,1164.75
1767277068.5073495,15,222.171875,1158.25
1767277068.5073495,15,223.34375,1152.0
1767277068.5073495,15,224.59375,1148.25
1767277068.5073495,15,227.25,3827.5
1767277068.5073495,15,230.5,1127.5
1767277068.5073495,15,231.671875,1125.0
1767277068.5073495,15,232.828125,1122.5
1767277068.5073495,15,233.984375,1120.25
1767277068.5073495,15,235.203125,1119.25
1767277068.5073495,15,236.296875,1119.5
1767277068.5073495,15,237.53125,1120.0
1767277068.5073495,15,238.703125,1119.75
1767277068.5073495,15,239.84375,1121.25
1767277068.5073495,15,246.8125,1126.0
1767277068.5073495,15,248.0,1128.25
1767277068.5073495,15,249.25,1132.75
1767277068.5073495,15,250.40625,1135.75
1767277068.5073495,15,251.484375,1138.75
1767277068.5073495,15,252.640625,1143.0
1767277068.5073495,15,253.734375,1146.5
1767277068.5073495,15,254.953125,1151.75
1767277068.5073495,15,256.15625,1157.0
1767277068.5073495,15,257.296875,1162.5
1767277068.5073495,15,262.203125,3970.5
1767277068.5073495,15,263.390625,3991.75
1767277068.5073495,15,264.546875,4008.25
1767277068.5073495,15,265.734375,4010.25
1767277068.5073495,15,266.875,4000.5
1767277068.5073495,14,268.046875,3997.5
1767277068.5073495,15,269.203125,4003.25
1767277068.5073495,15,270.375,4008.75
1767277068.5073495,15,271.546875,4012.75
1767277068.5073495,13,272.71875,4021.0
1767277068.5073495,15,273.875,4030.0
1767277068.5073495,13,274.90625,4037.75
1767277068.5073495,10,276.0625,4044.0
1767277068.5073495,11,277.234375,4050.75
1767277068.5073495,8,278.390625,4055.75
1767277068.5073495,10,279.546875,4055.0
1767277068.5073495,8,280.71875,4042.5
1767277068.5073495,12,281.875,4010.0
1767277068.5073495,15,292.609375,2257.25
1767277068.5073495,15,293.765625,2219.75
1767277068.5073495,15,294.9375,2187.5
1767277068.5073495,15,296.109375,2172.5
1767277068.5073495,15,297.265625,2153.5
1767277068.5073495,15,298.453125,2130.25
1767277068.5073495,15,299.609375,2123.75
1767277068.5073495,15,307.40625,4304.75
1767277068.5073495,15,308.546875,4383.5
1767277068.5073495,15,309.734375,4458.75
1767277068.5073495,15,310.890625,4513.5
1767277068.5073495,15,312.015625,4568.0
1767277068.5073495,15,313.1875,4667.5
1767277068.5073495,15,314.359375,4782.0
1767277068.5073495,15,315.5,4865.25
1767277068.5073495,15,316.640625,4943.25
1767277068.5073495,15,317.8125,5063.75
1767277068.5073495,15,318.96875,5204.5
1767277068.5073495,15,327.65625,1920.75
1767277068.5073495,15,328.796875,1915.75
1767277068.5073495,15,329.9375,1917.25
1767277068.5073495,15,331.09375,1918.0
1767277068.5073495,15,332.28125,1919.75
1767277068.5073495,15,333.46875,1921.0
1767277068.5073495,15,334.609375,1926.75
1767277068.5073495,15,335.78125,1921.75
1767277068.5073495,15,336.96875,1895.5
1767277068.5073495,15,338.125,1873.5
1767277068.5073495,15,339.28125,1862.25
1767277068.5073495,15,340.484375,1852.25
1767277068.5073495,15,341.609375,1840.75
1767277068.5073495,15,342.765625,1854.0
1767277068.5073495,15,347.34375,2080.0
1767277068.5073495,15,348.5,2071.5
1767277068.5073495,15,349.71875,2065.25
1767277068.5073495,15,350.859375,2060.25
1767277068.6686099,15,352.0,2055.25
1767277068.6686099,15,353.21875,2052.75
1767277068.6686099,15,354.328125,2051.0
1767277068.6686099,15,355.53125,2048.25
1767277068.6686099,15,356.671875,2046.0
1767277068.6686099,15,357.84375,2044.75
1767277068.6686099,15,359.03125,2043.0
1767277068.6686099,15,0.1875,2044.0
1767277068.6686099,15,1.328125,2045.25
1767277068.6686099,15,2.5,2044.75
1767277068.6686099,15,3.640625,2046.25
1767277068.6686099,15,4.828125,2049.0
1767277068.6686099,15,5.984375,2049.75
1767277068.6686099,15,7.15625,2051.5
1767277068.6686099,15,8.3125,2054.25
1767277068.6686099,15,9.453125,2058.5
1767277068.6686099,15,10.671875,2063.0
1767277068.6686099,15,11.75,2069.25
1767277068.6686099,15,12.921875,2080.0
1767277068.6686099,15,14.0625,2089.25
1767277068.6686099,15,15.21875,2100.0
1767277068.6686099,15,16.40625,2117.5
1767277068.6686099,15,17.546875,2136.75
1767277068.6686099,15,18.71875,2150.5
1767277068.6686099,15,19.859375,2162.75
1767277068.6686099,15,21.0,2172.25
1767277068.6686099,15,22.171875,2191.0
1767277068.6686099,15,23.34375,2216.5
1767277068.6686099,15,24.484375,2236.5
1767277068.6686099,15,25.640625,2259.5
1767277068.6686099,15,26.78125,2282.0
1767277068.6686099,15,27.9375,2302.25
1767277068.6686099,15,29.09375,2321.25
1767277068.6686099,15,30.25,2343.0
1767277068.6686099,15,31.390625,2368.75
1767277068.6686099,15,32.578125,2374.0
1767277068.6686099,15,33.765625,2334.75
1767277068.6686099,15,35.0625,2269.0
1767277068.6686099,15,36.25,2207.0
1767277068.6686099,15,37.421875,2200.0
1767277068.6686099,15,38.578125,2235.0
1767277068.6686099,15,39.75,2246.25
1767277068.6686099,15,40.890625,2211.0
1767277068.6686099,15,42.109375,2161.0
1767277068.6686099,15,44.46875,2060.5
1767277068.6686099,15,45.640625,2019.0
1767277068.6686099,15,46.859375,1972.0
1767277068.6686099,15,48.0,1928.0
1767277068.6686099,15,49.21875,1889.5
1767277068.6686099,15,50.40625,1851.5
1767277068.6686099,15,51.59375,1819.5
1767277068.6686099,15,52.765625,1789.75
1767277068.6686099,15,53.9375,1760.25
1767277068.6686099,15,55.09375,1738.25
1767277068.6686099,15,56.3125,1712.25
1767277068.6686099,15,57.5,1688.25
1767277068.6686099,15,58.640625,1667.0
1767277068.6686099,15,59.75,1644.75
1767277068.6686099,15,60.9375,1623.0
1767277068.6686099,15,62.109375,1604.0
1767277068.6686099,15,63.296875,1585.0
1767277068.6686099,15,64.484375,1566.5
1767277068.6686099,15,65.65625,1551.25
1767277068.6686099,15,66.84375,1533.0
1767277068.6686099,15,67.96875,1519.25
1767277068.6686099,15,69.171875,1508.75
1767277068.6686099,15,70.328125,1496.5
1767277068.6686099,15,71.515625,1485.75
1767277068.6686099,15,72.71875,1477.0
1767277068.6686099,15,73.84375,1465.5
1767277068.6686099,15,75.03125,1453.0
1767277068.6686099,15,76.234375,1442.75
1767277068.6686099,15,77.34375,1434.5
1767277068.6686099,15,78.578125,1428.5
1767277068.6686099,15,79.765625,1421.75
1767277068.6686099,15,80.859375,1416.25
1767277068.6686099,15,82.0625,1411.25
1767277068.6686099,15,83.15625,1408.0
1767277068.6686099,15,84.3125,1405.75
1767277068.6686099,15,85.53125,1402.25
1767277068.6686099,15,86.6875,1399.0
1767277068.6686099,15,87.84375,1397.5
1767277068.6686099,15,89.03125,1393.5
1767277068.6686099,15,90.203125,1389.75
1767277068.6686099,15,91.28125,1393.0
1767277068.6686099,15,92.484375,1393.0
1767277068.6686099,15,93.609375,1392.75
1767277068.6686099,15,94.765625,1395.75
1767277068.6686099,15,95.96875,1397.25
1767277068.6686099,15,97.15625,1400.25
1767277068.6686099,15,98.28125,1403.0
1767277068.6686099,15,99.46875,1405.5
1767277068.6686099,15,100.625,1409.25
1767277068.6686099,15,101.796875,1413.0
1767277068.6686099,15,102.953125,1418.25
1767277068.6686099,15,104.140625,1424.25
1767277068.6686099,15,105.265625,1429.75
1767277068.6686099,15,106.421875,1435.25
1767277068.6686099,15,107.546875,1441.5
1767277068.6686099,15,108.703125,1451.75
1767277068.6686099,15,109.84375,1464.0
1767277068.6686099,15,111.046875,1473.5
1767277068.6686099,15,112.203125,1482.75
1767277068.6686099,15,113.296875,1493.75
1767277068.6686099,15,114.484375,1507.25
1767277068.6686099,15,115.671875,1517.75
1767277068.6686099,15,116.828125,1529.75
1767277068.6686099,15,117.984375,1546.75
1767277068.6686099,15,119.109375,1562.0
1767277068.6686099,15,120.28125,1578.25
1767277068.6686099,15,121.421875,1597.5
1767277068.6686099,15,122.5625,1616.75
1767277068.6686099,15,123.703125,1636.5
1767277068.6686099,15,124.859375,1657.25
1767277068.6686099,15,126.0,1681.0
1767277068.6686099,15,127.171875,1706.25
1767277068.6686099,15,128.265625,1731.75
1767277068.6686099,15,129.4375,1757.0
1767277068.6686099,15,130.578125,1784.0
1767277068.6686099,15,131.734375,1812.5
1767277068.6686099,15,132.921875,1844.75
1767277068.6686099,15,134.046875,1880.5
1767277068.6686099,15,135.171875,1917.0
1767277068.6686099,15,136.328125,1960.75
1767277068.6686099,15,137.515625,1999.75
1767277068.6686099,15,138.609375,2040.75
1767277068.6686099,15,139.765625,2091.0
1767277068.6686099,15,140.9375,2142.0
1767277068.6686099,15,142.078125,2184.25
1767277068.6686099,15,144.34375,2310.5
1767277068.6686099,15,145.515625,2365.5
1767277068.6686099,15,146.671875,2423.0
1767277068.6686099,15,148.953125,2601.25
1767277068.6686099,15,150.109375,2675.5
1767277068.6686099,15,153.53125,2946.5
1767277068.6686099,15,154.734375,2937.75
1767277068.6686099,15,155.90625,2904.5
1767277068.6686099,15,157.09375,2878.25
1767277068.6686099,15,158.234375,2843.75
1767277068.6686099,15,159.40625,2813.5
1767277068.6686099,15,160.5625,2794.25
1767277068.6686099,15,161.75,2775.25
1767277068.6686099,15,162.90625,2752.75
1767277068.6686099,15,164.078125,2734.0
1767277068.6686099,15,165.265625,2722.75
1767277068.6686099,15,166.421875,2711.5
1767277068.6686099,15,167.578125,2697.25
1767277068.6686099,15,168.734375,2685.5
1767277068.6686099,15,169.921875,2675.5
1767277068.6686099,15,171.078125,2667.25
1767277068.6686099,15,172.234375,2658.75
1767277068.6686099,15,173.40625,2650.5
1767277068.6686099,15,174.5625,2645.5
1767277068.6686099,15,175.71875,2642.5
1767277068.6686099,15,176.890625,2639.75
1767277068.6686099,15,178.046875,2640.25
1767277068.6686099,14,179.234375,2642.0
1767277068.6686099,12,180.421875,2635.75
1767277068.6686099,6,181.546875,2632.5
1767277068.6686099,15,182.734375,2633.25
1767277068.6686099,15,183.890625,2633.0
1767277068.6686099,6,185.078125,2636.0
1767277068.6686099,8,186.21875,2640.25
1767277068.6686099,11,187.390625,2641.25
1767277068.6686099,12,188.578125,2641.25
1767277068.6686099,15,189.734375,2650.0
1767277068.6686099,15,190.890625,2665.25
1767277068.6686099,15,192.03125,2677.75
1767277068.6686099,15,193.1875,2685.0
1767277068.6686099,15,194.359375,2692.0
1767277068.6686099,15,195.53125,2702.5
1767277068.6686099,15,196.6875,2716.75
1767277068.6686099,15,197.859375,2732.5
1767277068.6686099,15,199.0,2751.5
1767277068.6686099,15,200.171875,2769.75
1767277068.6686099,15,201.328125,2783.25
1767277068.6686099,15,202.5625,2805.5
1767277068.6686099,15,203.734375,2838.5
1767277068.6686099,15,204.875,2877.25
1767277068.6686099,15,206.046875,2913.0
1767277068.6686099,15,207.21875,2939.75
1767277068.6686099,15,208.390625,2961.0
1767277068.6686099,15,209.53125,2988.0
1767277068.6686099,15,210.734375,3021.75
1767277068.6686099,15,211.890625,3051.5
1767277068.6686099,15,213.046875,3075.25
1767277068.6686099,15,214.203125,3113.75
1767277068.6686099,15,215.375,3175.25
1767277068.6686099,15,216.515625,3226.5
1767277068.6686099,15,217.703125,3272.5
1767277068.6686099,15,220.78125,1166.75
1767277068.6686099,15,222.0,1159.75
1767277068.6686099,15,223.203125,1153.5
1767277068.6686099,15,224.390625,1148.25
1767277068.6686099,15,227.0,3796.25
1767277068.6686099,15,231.40625,1125.0
1767277068.6686099,15,232.625,1123.25
1767277068.6686099,15,233.765625,1121.5
1767277068.6686099,15,234.9375,1119.75
1767277068.6686099,15,236.125,1120.25
1767277068.6686099,15,237.265625,1119.75
1767277068.6686099,15,238.40625,1120.25
1767277068.6686099,15,239.609375,1121.0
1767277068.6686099,15,240.75,1125.0
1767277068.6686099,15,245.4375,1127.0
1767277068.6686099,15,246.671875,1126.0
1767277068.6686099,15,247.765625,1127.5
1767277068.6686099,15,248.921875,1130.5
1767277068.6686099,15,250.171875,1134.25
1767277068.6686099,15,251.265625,1137.0
1767277068.6686099,15,252.40625,1141.25
1767277068.6686099,15,253.625,1146.75
1767277068.6686099,15,254.6875,1152.25
1767277068.6686099,15,255.9375,1156.75
1767277068.6686099,15,257.046875,1161.75
1767277068.6686099,15,258.21875,1170.25
1767277068.6686099,15,260.859375,3956.0
1767277068.6686099,15,262.03125,3970.5
1767277068.6686099,15,263.1875,3982.5
1767277068.6686099,15,264.34375,3995.0
1767277068.6686099,15,265.515625,4003.75
1767277068.6686099,12,266.703125,4001.25
1767277068.6686099,15,267.84375,3999.25
1767277068.6686099,15,269.015625,4006.0
1767277068.6686099,15,270.1875,4006.75
1767277068.6686099,15,271.359375,4012.75
1767277068.6686099,15,272.515625,4020.0
1767277068.6686099,15,273.6875,4024.0
1767277068.6686099,14,274.78125,4034.25
1767277068.6686099,14,275.9375,4046.25
1767277068.6686099,12,277.109375,4047.75
1767277068.6686099,11,278.265625,4051.5
1767277068.6686099,8,279.4375,4054.75
1767277068.6686099,9,280.609375,4042.25
1767277068.6686099,15,281.78125,4012.0
1767277068.6686099,15,292.546875,2259.5
1767277068.6686099,15,293.71875,2220.5
1767277068.6686099,15,294.875,2190.5
1767277068.6686099,15,296.0,2175.5
1767277068.6686099,15,297.203125,2155.5
1767277068.6686099,15,298.359375,2132.5
1767277068.6686099,15,299.59375,2124.0
1767277068.6686099,15,307.40625,4301.25
1767277068.6686099,15,308.5625,4383.75
1767277068.6686099,15,309.71875,4459.75
1767277068.6686099,15,310.890625,4514.25
1767277068.6686099,15,312.046875,4568.0
1767277068.6686099,15,313.21875,4667.0
1767277068.6686099,15,314.375,4781.0
1767277068.6686099,15,315.53125,4866.25
1767277068.6686099,15,316.6875,4944.0
1767277068.6686099,15,319.0,5209.25
1767277068.6686099,15,327.640625,1920.75
1767277068.6686099,15,328.8125,1916.25
1767277068.6686099,15,329.9375,1918.0
1767277068.6686099,15,331.15625,1918.25
1767277068.6686099,15,332.28125,1920.25
1767277068.6686099,15,333.46875,1921.5
1767277068.6686099,15,334.640625,1926.5
1767277068.6686099,15,335.828125,1921.0
1767277068.6686099,15,336.984375,1895.25
1767277068.6686099,15,338.125,1873.5
1767277068.6686099,15,339.3125,1862.25
1767277068.6686099,15,340.46875,1852.25
1767277068.6686099,15,341.65625,1840.75
1767277068.6686099,15,342.8125,1853.25
1767277068.6686099,15,347.34375,2080.0
1767277068.6686099,15,348.5,2072.0
1767277068.6686099,15,349.671875,2065.5
1767277068.6686099,15,350.8125,2060.25
