timestamp,quality,angle_deg,distance_mm
1767275222.5154135,15,265.890625,1197.25
1767275222.5154135,15,267.078125,1196.5
1767275222.5154135,15,268.359375,1196.25
1767275222.5154135,15,269.546875,1196.0
1767275222.5154135,15,270.734375,1197.75
1767275222.5154135,15,271.9375,1200.25
1767275222.5154135,15,273.171875,1202.0
1767275222.5154135,15,274.375,1203.75
1767275222.5154135,15,275.53125,1206.5
1767275222.5154135,15,276.703125,1208.5
1767275222.5154135,15,277.921875,1212.0
1767275222.5154135,15,279.15625,1217.5
1767275222.5154135,15,280.390625,1221.5
1767275222.5154135,15,281.5625,1227.0
1767275222.5154135,15,282.796875,1232.0
1767275222.5154135,15,284.0,1238.25
1767275222.5154135,15,285.21875,1244.75
1767275222.5154135,15,286.390625,1252.5
1767275222.5154135,15,287.578125,1262.25
1767275222.5154135,15,288.765625,1271.0
1767275222.5154135,15,290.046875,1282.0
1767275222.5154135,15,291.171875,1294.0
1767275222.5154135,15,292.421875,1307.0
1767275222.5154135,15,293.625,1320.0
1767275222.5154135,15,294.765625,1331.5
1767275222.5154135,15,296.015625,1345.25
1767275222.5154135,15,297.234375,1360.25
1767275222.5154135,15,298.359375,1376.75
1767275222.5154135,15,299.6875,1394.0
1767275222.5154135,15,300.859375,1410.25
1767275222.5154135,15,302.0625,1408.0
1767275222.5154135,15,304.59375,1333.0
1767275222.5154135,15,305.828125,1295.0
1767275222.5154135,15,307.09375,1258.75
1767275222.5154135,15,310.828125,1117.5
1767275222.5154135,15,312.09375,1092.75
1767275222.5154135,15,313.40625,1067.75
1767275222.5154135,15,314.609375,1045.75
1767275222.5154135,15,315.84375,1025.75
1767275222.5154135,15,317.046875,1005.5
1767275222.5154135,15,318.375,987.75
1767275222.5154135,15,319.578125,971.0
1767275222.5154135,15,320.796875,954.75
1767275222.5154135,15,322.0625,939.75
1767275222.5154135,15,323.3125,924.75
1767275222.5154135,15,324.453125,911.75
1767275222.5154135,15,325.765625,899.75
1767275222.5154135,15,327.03125,887.75
1767275222.5154135,15,328.265625,877.25
1767275222.5154135,15,329.40625,867.0
1767275222.5154135,15,330.6875,856.5
1767275222.5154135,15,331.859375,846.25
1767275222.5154135,15,333.21875,836.0
1767275222.5154135,15,334.40625,826.75
1767275222.5154135,15,335.640625,819.25
1767275222.5154135,15,336.890625,811.0
1767275222.5154135,15,338.109375,802.75
1767275222.5154135,15,339.328125,796.75
1767275222.5154135,15,340.484375,791.5
1767275222.5154135,15,341.796875,786.0
1767275222.5154135,15,343.015625,780.75
1767275222.5154135,15,344.1875,776.5
1767275222.5154135,15,345.515625,772.25
1767275222.5154135,15,346.703125,768.0
1767275222.5154135,15,347.9375,764.5
1767275222.5154135,15,349.046875,761.25
1767275222.5154135,15,350.28125,758.0
1767275222.5154135,15,351.640625,756.25
1767275222.6656277,15,352.828125,753.75
1767275222.6656277,15,353.90625,751.75
1767275222.6656277,15,355.1875,751.5
1767275222.6656277,15,356.359375,749.5
1767275222.6656277,15,358.828125,774.5
1767275222.6656277,15,359.9375,774.0
1767275222.6656277,15,1.125,783.5
1767275222.6656277,15,2.4375,793.75
1767275222.6656277,15,3.609375,795.75
1767275222.6656277,15,4.84375,797.25
1767275222.6656277,15,6.015625,798.5
1767275222.6656277,15,7.1875,800.75
1767275222.6656277,15,8.359375,803.25
1767275222.6656277,15,9.65625,807.0
1767275222.6656277,15,10.90625,811.5
1767275222.6656277,15,12.0,815.75
1767275222.6656277,15,13.25,819.75
1767275222.6656277,15,14.421875,824.25
1767275222.6656277,15,15.6875,830.0
1767275222.6656277,15,16.8125,836.5
1767275222.6656277,15,18.078125,843.5
1767275222.6656277,15,19.296875,850.0
1767275222.6656277,15,20.40625,857.0
1767275222.6656277,15,21.734375,865.5
1767275222.6656277,15,22.921875,873.25
1767275222.6656277,15,24.046875,880.75
1767275222.6656277,15,25.265625,890.0
1767275222.6656277,15,26.515625,899.0
1767275222.6656277,15,27.609375,908.0
1767275222.6656277,15,28.890625,917.75
1767275222.6656277,15,30.015625,928.25
1767275222.6656277,15,31.265625,941.5
1767275222.6656277,15,32.46875,954.5
1767275222.6656277,15,33.59375,966.5
1767275222.6656277,15,34.84375,979.75
1767275222.6656277,15,36.078125,993.75
1767275222.6656277,15,37.359375,1009.25
1767275222.6656277,15,38.5,1026.75
1767275222.6656277,15,39.765625,1044.5
1767275222.6656277,15,40.921875,1061.25
1767275222.6656277,15,42.0625,1081.0
1767275222.6656277,15,43.3125,1102.25
1767275222.6656277,15,44.46875,1124.0
1767275222.6656277,15,45.625,1148.0
1767275222.6656277,15,46.859375,1172.25
1767275222.6656277,15,48.09375,1198.25
1767275222.6656277,15,49.21875,1226.75
1767275222.6656277,15,50.390625,1255.25
1767275222.6656277,15,51.6875,1269.75
1767275222.6656277,15,52.9375,1261.75
1767275222.6656277,15,54.125,1245.25
1767275222.6656277,15,55.375,1228.75
1767275222.6656277,15,56.625,1213.0
1767275222.6656277,15,57.78125,1195.75
1767275222.6656277,15,59.078125,1181.75
1767275222.6656277,15,60.203125,1172.0
1767275222.6656277,15,61.484375,1158.0
1767275222.6656277,15,62.671875,1145.75
1767275222.6656277,15,63.9375,1135.5
1767275222.6656277,15,65.109375,1124.5
1767275222.6656277,15,66.3125,1116.0
1767275222.6656277,15,67.625,1107.25
1767275222.6656277,15,68.75,1098.5
1767275222.6656277,15,70.0625,1090.0
1767275222.6656277,15,71.1875,1083.0
1767275222.6656277,15,72.515625,1076.75
1767275222.6656277,15,73.71875,1071.0
1767275222.6656277,15,74.90625,1066.0
1767275222.6656277,15,76.125,1060.75
1767275222.6656277,15,77.40625,1056.25
1767275222.6656277,15,78.5625,1051.25
1767275222.6656277,15,79.828125,1047.0
1767275222.6656277,15,81.0625,1044.25
1767275222.6656277,15,82.28125,1041.75
1767275222.6656277,15,83.390625,1040.0
1767275222.6656277,15,84.671875,1039.0
1767275222.6656277,15,85.890625,1036.5
1767275222.6656277,15,87.078125,1036.25
1767275222.6656277,15,88.34375,1036.25
1767275222.6656277,15,89.4375,1036.5
1767275222.6656277,15,90.71875,1038.0
1767275222.6656277,15,91.9375,1039.0
1767275222.6656277,15,93.125,1040.5
1767275222.6656277,15,94.390625,1042.0
1767275222.6656277,15,95.59375,1044.5
1767275222.6656277,15,96.75,1047.0
1767275222.6656277,15,97.984375,1050.0
1767275222.6656277,15,99.21875,1055.0
1767275222.6656277,15,100.421875,1060.5
1767275222.6656277,15,101.640625,1064.75
1767275222.6656277,15,102.796875,1069.0
1767275222.6656277,15,104.046875,1073.75
1767275222.6656277,15,105.171875,1080.25
1767275222.6656277,15,106.40625,1087.75
1767275222.6656277,15,107.625,1094.25
1767275222.6656277,15,108.90625,1101.25
1767275222.6656277,15,110.125,1109.5
1767275222.6656277,15,111.234375,1117.25
1767275222.6656277,15,112.4375,1127.0
1767275222.6656277,15,113.6875,1137.5
1767275222.6656277,15,114.84375,1147.5
1767275222.6656277,15,116.140625,1160.25
1767275222.6656277,15,117.34375,1172.5
1767275222.6656277,15,118.5,1182.75
1767275222.6656277,15,119.734375,1195.25
1767275222.6656277,15,120.890625,1210.5
1767275222.6656277,15,122.046875,1225.25
1767275222.6656277,15,123.28125,1242.0
1767275222.6656277,15,124.515625,1259.0
1767275222.6656277,15,125.640625,1275.25
1767275222.6656277,15,129.421875,1246.25
1767275222.6656277,15,130.59375,1211.5
1767275222.6656277,15,131.8125,1185.0
1767275222.6656277,15,133.015625,1162.75
1767275222.6656277,15,134.28125,1137.5
1767275222.6656277,15,135.515625,1116.5
1767275222.6656277,15,136.75,1095.75
1767275222.6656277,15,137.984375,1075.5
1767275222.6656277,15,139.1875,1056.75
1767275222.6656277,15,140.453125,1038.25
1767275222.6656277,15,141.671875,1021.25
1767275222.6656277,15,142.9375,1006.0
1767275222.6656277,15,144.15625,991.75
1767275222.6656277,15,145.375,977.5
1767275222.6656277,15,146.625,964.5
1767275222.6656277,15,147.78125,954.0
1767275222.6656277,15,149.015625,942.5
1767275222.6656277,15,150.3125,930.75
1767275222.6656277,15,151.53125,920.5
1767275222.6656277,15,152.8125,911.25
1767275222.6656277,15,153.96875,903.25
1767275222.6656277,15,155.15625,895.25
1767275222.6656277,15,156.3125,887.75
1767275222.6656277,15,157.5625,880.25
1767275222.6656277,15,158.796875,874.0
1767275222.6656277,15,160.046875,869.0
1767275222.6656277,15,161.296875,863.75
1767275222.6656277,15,162.484375,858.0
1767275222.6656277,15,163.734375,852.5
1767275222.6656277,15,164.890625,847.5
1767275222.6656277,15,166.21875,843.25
1767275222.6656277,15,167.421875,839.75
1767275222.6656277,15,168.59375,836.25
1767275222.6656277,15,169.765625,832.5
1767275222.6656277,15,171.0625,828.75
1767275222.6656277,15,172.265625,825.75
1767275222.6656277,15,173.390625,824.5
1767275222.6656277,15,174.703125,823.0
1767275222.6656277,15,175.890625,822.5
1767275222.6656277,15,177.078125,822.75
1767275222.6656277,15,178.25,822.5
1767275222.6656277,15,179.390625,823.5
1767275222.6656277,15,180.71875,824.75
1767275222.6656277,15,182.046875,825.0
1767275222.6656277,15,183.15625,826.0
1767275222.6656277,15,184.484375,827.5
1767275222.6656277,15,185.71875,829.75
1767275222.6656277,15,186.78125,832.75
1767275222.6656277,15,188.015625,836.5
1767275222.6656277,15,189.28125,839.75
1767275222.6656277,15,190.46875,843.5
1767275222.6656277,15,191.609375,848.0
1767275222.6656277,15,192.8125,853.0
1767275222.6656277,15,194.0625,857.75
1767275222.6656277,15,195.28125,862.5
1767275222.6656277,15,196.484375,868.5
1767275222.6656277,15,197.671875,874.0
1767275222.6656277,15,198.8125,880.0
1767275222.6656277,15,200.109375,886.5
1767275222.6656277,15,201.3125,893.5
1767275222.6656277,15,202.421875,901.75
1767275222.6656277,15,203.734375,909.75
1767275222.6656277,15,204.890625,918.0
1767275222.6656277,15,206.140625,928.0
1767275222.6656277,15,207.28125,938.5
1767275222.6656277,15,208.5625,949.0
1767275222.6656277,15,209.75,959.75
1767275222.6656277,15,210.9375,971.0
1767275222.6656277,15,212.046875,983.5
1767275222.6656277,15,213.265625,996.0
1767275222.6656277,15,214.546875,1010.25
1767275222.6656277,15,215.65625,1027.75
1767275222.6656277,15,216.84375,1043.0
1767275222.6656277,15,218.0625,1059.0
1767275222.6656277,15,219.296875,1077.25
1767275222.6656277,15,220.5,1096.25
1767275222.6656277,15,221.671875,1116.5
1767275222.6656277,15,222.796875,1136.75
1767275222.6656277,15,224.046875,1160.5
1767275222.6656277,15,225.234375,1183.0
1767275222.6656277,15,226.453125,1207.0
1767275222.6656277,15,227.515625,1235.5
1767275222.6656277,15,228.734375,1265.5
1767275222.6656277,15,229.875,1298.5
1767275222.6656277,15,231.046875,1333.75
1767275222.6656277,15,232.296875,1373.0
1767275222.6656277,15,233.421875,1412.5
1767275222.6656277,15,234.703125,1433.75
1767275222.6656277,15,235.9375,1427.25
1767275222.6656277,15,237.15625,1408.5
1767275222.6656277,15,238.375,1388.5
1767275222.6656277,15,239.59375,1369.75
1767275222.6656277,15,240.828125,1350.25
1767275222.6656277,15,242.0625,1334.5
1767275222.6656277,15,243.25,1324.25
1767275222.6656277,15,244.5,1313.25
1767275222.6656277,15,245.75,1301.0
1767275222.6656277,15,246.90625,1289.0
1767275222.6656277,15,248.125,1278.0
1767275222.6656277,15,249.375,1268.5
1767275222.6656277,15,250.5625,1260.0
1767275222.6656277,15,251.828125,1250.5
1767275222.6656277,15,252.984375,1242.0
1767275222.6656277,15,254.265625,1235.5
1767275222.6656277,15,255.453125,1229.75
1767275222.6656277,15,256.703125,1225.0
1767275222.6656277,15,257.828125,1219.25
1767275222.6656277,15,259.078125,1214.0
1767275222.6656277,15,260.328125,1210.25
1767275222.6656277,15,261.515625,1206.25
1767275222.6656277,15,262.703125,1203.0
1767275222.6656277,15,263.9375,1201.25
1767275222.6656277,15,265.21875,1198.75
1767275222.6656277,15,266.375,1196.25
1767275222.6656277,15,267.640625,1196.5
1767275222.6656277,15,268.8125,1196.75
1767275222.6656277,15,270.0625,1196.5
1767275222.6656277,15,271.265625,1197.0
1767275222.6656277,15,272.40625,1199.0
1767275222.6656277,15,273.65625,1202.0
1767275222.6656277,15,274.890625,1204.25
1767275222.6656277,15,275.984375,1206.25
1767275222.6656277,15,277.203125,1209.5
1767275222.6656277,15,278.390625,1214.75
1767275222.6656277,15,279.609375,1218.75
1767275222.6656277,15,280.875,1223.0
1767275222.6656277,15,282.015625,1228.0
1767275222.6656277,15,283.234375,1232.5
1767275222.6656277,15,284.421875,1240.25
1767275222.6656277,15,285.625,1249.25
1767275222.6656277,15,286.84375,1257.25
1767275222.6656277,15,288.046875,1266.0
1767275222.6656277,15,289.25,1277.0
1767275222.6656277,15,290.421875,1287.5
1767275222.6656277,15,291.671875,1298.25
1767275222.6656277,15,292.84375,1311.25
1767275222.6656277,15,294.09375,1323.25
1767275222.6656277,15,295.28125,1335.25
1767275222.6656277,15,296.453125,1348.75
1767275222.6656277,15,297.640625,1364.5
1767275222.6656277,15,298.828125,1382.25
1767275222.6656277,15,300.0625,1401.0
1767275222.6656277,15,303.71875,1362.0
1767275222.6656277,15,304.96875,1322.0
1767275222.6656277,15,306.234375,1283.0
1767275222.6656277,15,307.421875,1247.75
1767275222.6656277,15,311.203125,1111.25
1767275222.6656277,15,312.421875,1086.5
1767275222.6656277,15,313.640625,1062.75
1767275222.6656277,15,314.96875,1041.25
1767275222.6656277,15,316.171875,1019.25
1767275222.6656277,15,317.390625,999.75
1767275222.6656277,15,318.59375,983.5
1767275222.6656277,15,319.875,966.5
1767275222.6656277,15,321.0625,951.25
1767275222.6656277,15,322.34375,936.25
1767275222.6656277,15,323.53125,921.0
1767275222.6656277,15,324.828125,908.25
1767275222.6656277,15,326.09375,896.5
1767275222.6656277,15,327.296875,884.0
1767275222.6656277,15,328.5625,873.5
1767275222.6656277,15,329.75,864.75
1767275222.6656277,15,330.9375,855.25
1767275222.6656277,15,332.25,844.5
1767275222.6656277,15,333.34375,834.0
1767275222.6656277,15,334.609375,825.25
1767275222.6656277,15,335.828125,817.25
1767275222.6656277,15,337.015625,809.0
1767275222.6656277,15,338.3125,802.0
1767275222.6656277,15,339.5625,796.25
1767275222.6656277,15,340.78125,790.75
1767275222.6656277,15,342.015625,785.75
1767275222.6656277,15,343.28125,779.75
1767275222.6656277,15,344.515625,774.5
1767275222.6656277,15,345.609375,770.0
1767275222.6656277,15,346.921875,766.5
1767275222.6656277,15,348.140625,763.25
1767275222.6656277,15,349.265625,760.0
1767275222.6656277,15,350.5625,758.0
1767275222.6656277,15,351.734375,755.5
1767275222.8193994,15,352.890625,752.75
1767275222.8193994,15,354.203125,751.5
1767275222.8193994,15,355.375,750.5
1767275222.8193994,15,356.609375,749.25
1767275222.8193994,15,359.0,775.0
1767275222.8193994,15,0.09375,775.0
1767275222.8193994,15,1.375,784.5
1767275222.8193994,15,2.484375,794.25
1767275222.8193994,15,3.765625,795.75
1767275222.8193994,15,4.96875,796.75
1767275222.8193994,15,6.109375,798.25
1767275222.8193994,15,7.359375,801.0
1767275222.8193994,15,8.609375,804.0
1767275222.8193994,15,9.796875,807.5
1767275222.8193994,15,10.984375,811.75
1767275222.8193994,15,12.265625,816.25
1767275222.8193994,15,13.484375,820.75
1767275222.8193994,15,14.65625,825.25
1767275222.8193994,15,15.890625,830.75
1767275222.8193994,15,17.078125,837.5
1767275222.8193994,15,18.28125,844.25
1767275222.8193994,15,19.453125,852.25
1767275222.8193994,15,20.6875,859.0
1767275222.8193994,15,21.859375,866.25
1767275222.8193994,15,23.03125,874.75
1767275222.8193994,15,24.25,882.0
1767275222.8193994,15,25.453125,890.5
1767275222.8193994,15,26.5625,899.75
1767275222.8193994,15,27.828125,908.75
1767275222.8193994,15,28.96875,918.75
1767275222.8193994,15,30.203125,930.25
1767275222.8193994,15,31.421875,943.25
1767275222.8193994,15,32.625,955.5
1767275222.8193994,15,33.734375,967.0
1767275222.8193994,15,35.0,979.75
1767275222.8193994,15,36.265625,994.0
1767275222.8193994,15,37.359375,1010.75
1767275222.8193994,15,38.609375,1028.25
1767275222.8193994,15,39.8125,1045.0
1767275222.8193994,15,40.953125,1062.0
1767275222.8193994,15,42.15625,1082.5
1767275222.8193994,15,43.40625,1104.25
1767275222.8193994,15,44.546875,1125.5
1767275222.8193994,15,45.78125,1149.25
1767275222.8193994,15,46.9375,1172.75
1767275222.8193994,15,48.109375,1200.0
1767275222.8193994,15,49.296875,1229.5
1767275222.8193994,15,50.5,1256.75
1767275222.8193994,15,51.734375,1270.0
1767275222.8193994,15,52.953125,1262.0
1767275222.8193994,15,54.203125,1244.5
1767275222.8193994,15,55.421875,1227.75
1767275222.8193994,15,56.65625,1212.75
1767275222.8193994,15,57.859375,1195.0
1767275222.8193994,15,59.125,1181.0
1767275222.8193994,15,60.28125,1171.5
1767275222.8193994,15,61.484375,1157.75
1767275222.8193994,15,62.6875,1146.0
1767275222.8193994,15,63.921875,1135.5
1767275222.8193994,15,65.1875,1124.5
1767275222.8193994,15,66.421875,1116.0
1767275222.8193994,15,67.59375,1107.0
1767275222.8193994,15,68.84375,1098.25
1767275222.8193994,15,70.0,1090.0
1767275222.8193994,15,71.25,1083.0
1767275222.8193994,15,72.453125,1076.75
1767275222.8193994,15,73.71875,1071.0
1767275222.8193994,15,74.890625,1065.75
1767275222.8193994,15,76.109375,1060.75
1767275222.8193994,15,77.375,1056.25
1767275222.8193994,15,78.609375,1051.25
1767275222.8193994,15,79.8125,1047.0
1767275222.8193994,15,80.96875,1044.25
1767275222.8193994,15,82.296875,1041.5
1767275222.8193994,15,83.359375,1040.0
1767275222.8193994,15,84.59375,1038.75
1767275222.8193994,15,85.765625,1036.5
1767275222.8193994,15,87.0625,1036.25
1767275222.8193994,15,88.21875,1036.75
1767275222.8193994,15,89.390625,1037.0
1767275222.8193994,15,90.6875,1037.5
1767275222.8193994,15,91.890625,1039.0
1767275222.8193994,15,93.0625,1040.75
1767275222.8193994,15,94.296875,1042.25
1767275222.8193994,15,95.484375,1044.25
1767275222.8193994,15,96.671875,1046.0
1767275222.8193994,15,97.921875,1049.0
1767275222.8193994,15,99.125,1054.75
1767275222.8193994,15,100.3125,1060.0
1767275222.8193994,15,101.46875,1063.75
1767275222.8193994,15,102.65625,1068.0
1767275222.8193994,15,103.921875,1073.5
1767275222.8193994,15,105.15625,1080.25
1767275222.8193994,15,106.34375,1086.5
1767275222.8193994,15,107.453125,1092.25
1767275222.8193994,15,108.640625,1099.75
1767275222.8193994,15,109.9375,1107.25
1767275222.8193994,15,111.0625,1116.25
1767275222.8193994,15,112.28125,1123.75
1767275222.8193994,15,113.46875,1133.25
1767275222.8193994,15,114.640625,1146.25
1767275222.8193994,15,115.921875,1158.75
1767275222.8193994,15,117.109375,1170.5
1767275222.8193994,15,118.265625,1180.75
1767275222.8193994,15,119.4375,1194.0
1767275222.8193994,15,120.671875,1209.0
1767275222.8193994,15,121.84375,1221.25
1767275222.8193994,15,123.046875,1235.75
1767275222.8193994,15,124.265625,1254.25
1767275222.8193994,15,125.40625,1272.5
1767275222.8193994,15,126.625,1298.0
1767275222.8193994,15,129.125,1251.0
1767275222.8193994,15,130.34375,1222.25
1767275222.8193994,15,131.515625,1195.0
1767275222.8193994,15,132.734375,1169.25
1767275222.8193994,15,133.984375,1144.5
1767275222.8193994,15,135.203125,1120.5
1767275222.8193994,15,136.5,1100.25
1767275222.8193994,15,137.6875,1080.5
1767275222.8193994,15,138.96875,1060.75
1767275222.8193994,15,140.171875,1043.25
1767275222.8193994,15,141.390625,1027.0
1767275222.8193994,15,142.65625,1009.5
1767275222.8193994,15,143.875,993.0
1767275222.8193994,15,145.09375,979.75
1767275222.8193994,15,146.328125,968.0
1767275222.8193994,15,147.578125,956.25
1767275222.8193994,15,148.765625,944.25
1767275222.8193994,15,149.921875,932.0
1767275222.8193994,15,151.265625,921.25
1767275222.8193994,15,152.5,913.25
1767275222.8193994,15,153.59375,905.25
1767275222.8193994,15,154.9375,896.5
1767275222.8193994,15,156.140625,889.5
1767275222.8193994,15,157.3125,882.5
1767275222.8193994,15,158.515625,875.75
1767275222.8193994,15,159.6875,870.5
1767275222.8193994,15,160.953125,865.0
1767275222.8193994,15,162.234375,858.0
1767275222.8193994,15,163.453125,853.0
1767275222.8193994,15,164.640625,848.75
1767275222.8193994,15,165.875,843.75
1767275222.8193994,15,167.078125,840.5
1767275222.8193994,15,168.25,836.75
1767275222.8193994,15,169.515625,832.75
1767275222.8193994,15,170.625,829.25
1767275222.8193994,15,171.953125,826.5
1767275222.8193994,15,173.15625,825.0
1767275222.8193994,15,174.265625,824.0
1767275222.8193994,15,175.546875,823.5
1767275222.8193994,15,176.671875,823.25
1767275222.8193994,15,178.0,823.5
1767275222.8193994,15,179.078125,823.25
1767275222.8193994,15,180.4375,823.5
1767275222.8193994,15,181.65625,824.75
1767275222.8193994,15,182.8125,826.0
1767275222.8193994,15,184.109375,826.75
1767275222.8193994,15,185.234375,829.0
1767275222.8193994,15,186.484375,832.5
1767275222.8193994,15,187.625,835.25
1767275222.8193994,15,188.84375,838.5
1767275222.8193994,15,190.125,842.0
1767275222.8193994,15,191.3125,846.25
1767275222.8193994,15,192.421875,851.5
1767275222.8193994,15,193.625,856.75
1767275222.8193994,15,194.90625,861.5
1767275222.8193994,15,196.03125,867.0
1767275222.8193994,15,197.28125,872.0
1767275222.8193994,15,198.5625,877.25
1767275222.8193994,15,199.71875,884.0
1767275222.8193994,15,200.890625,891.0
1767275222.8193994,15,202.078125,897.75
1767275222.8193994,15,203.3125,906.25
1767275222.8193994,15,204.515625,915.5
1767275222.8193994,15,205.671875,923.25
1767275222.8193994,15,206.796875,932.0
1767275222.8193994,15,208.0625,943.75
1767275222.8193994,15,209.21875,956.5
1767275222.8193994,15,210.375,967.0
1767275222.8193994,15,211.65625,978.25
1767275222.8193994,15,212.8125,991.25
1767275222.8193994,15,213.96875,1005.0
1767275222.8193994,15,215.21875,1020.5
1767275222.8193994,15,216.3125,1037.5
1767275222.8193994,15,217.546875,1053.5
1767275222.8193994,15,218.75,1071.0
1767275222.8193994,15,219.90625,1089.5
1767275222.8193994,15,221.15625,1108.0
1767275222.8193994,15,222.265625,1128.75
1767275222.8193994,15,223.53125,1150.25
1767275222.8193994,15,224.640625,1173.0
1767275222.8193994,15,225.859375,1198.0
1767275222.8193994,15,227.078125,1224.0
1767275222.8193994,15,228.265625,1252.75
1767275222.8193994,15,229.390625,1285.25
1767275222.8193994,15,230.578125,1318.25
1767275222.8193994,15,231.8125,1353.25
1767275222.8193994,15,232.921875,1392.25
1767275222.8193994,15,236.59375,1418.75
1767275222.8193994,15,237.796875,1399.75
1767275222.8193994,15,239.015625,1378.25
1767275222.8193994,15,240.25,1359.0
1767275222.8193994,15,241.46875,1343.0
1767275222.8193994,15,242.71875,1329.75
1767275222.8193994,15,243.9375,1318.25
1767275222.8193994,15,245.125,1305.75
1767275222.8193994,15,246.40625,1293.25
1767275222.8193994,15,247.5625,1282.0
1767275222.8193994,15,248.84375,1272.0
1767275222.8193994,15,250.046875,1263.5
1767275222.8193994,15,251.234375,1253.5
1767275222.8193994,15,252.484375,1245.0
1767275222.8193994,15,253.6875,1237.5
1767275222.8193994,15,254.84375,1231.0
1767275222.8193994,15,256.0625,1226.0
1767275222.8193994,15,257.296875,1220.25
1767275222.8193994,15,258.5625,1215.0
1767275222.8193994,15,259.75,1211.5
1767275222.8193994,15,260.96875,1206.5
1767275222.8193994,15,262.171875,1202.75
1767275222.8193994,15,263.34375,1202.0
1767275222.8193994,15,264.546875,1200.0
1767275222.8193994,15,265.78125,1197.0
1767275222.8193994,15,267.046875,1196.0
1767275222.8193994,15,268.1875,1196.0
1767275222.8193994,15,269.40625,1196.0
1767275222.8193994,15,270.625,1197.25
1767275222.8193994,15,271.859375,1199.75
1767275222.8193994,15,273.03125,1201.75
1767275222.8193994,15,274.25,1202.5
1767275222.8193994,15,275.375,1204.75
1767275222.8193994,15,276.5625,1208.5
1767275222.8193994,15,277.84375,1212.25
1767275222.8193994,15,279.015625,1216.0
1767275222.8193994,15,280.203125,1221.0
1767275222.8193994,15,281.375,1224.5
1767275222.8193994,15,282.625,1229.5
1767275222.8193994,15,283.828125,1237.0
1767275222.8193994,15,284.984375,1245.0
1767275222.8193994,15,286.15625,1252.5
1767275222.8193994,15,287.4375,1260.5
1767275222.8193994,15,288.5625,1269.75
1767275222.8193994,15,289.796875,1279.75
1767275222.8193994,15,291.0,1291.0
1767275222.8193994,15,292.203125,1304.0
1767275222.8193994,15,293.40625,1317.0
1767275222.8193994,15,294.625,1329.25
1767275222.8193994,15,295.765625,1343.0
1767275222.8193994,15,296.96875,1357.5
1767275222.8193994,15,298.15625,1374.0
1767275222.8193994,15,299.34375,1391.25
1767275222.8193994,15,300.578125,1408.25
1767275222.8193994,15,301.78125,1413.0
1767275222.8193994,15,304.203125,1343.0
1767275222.8193994,15,305.5,1304.25
1767275222.8193994,15,306.671875,1267.75
1767275222.8193994,15,310.484375,1125.25
1767275222.8193994,15,311.75,1100.25
1767275222.8193994,15,312.9375,1078.0
1767275222.8193994,15,314.234375,1053.75
1767275222.8193994,15,315.375,1031.0
1767275222.8193994,15,316.671875,1011.75
1767275222.8193994,15,317.84375,993.75
1767275222.8193994,15,319.171875,977.0
1767275222.8193994,15,320.328125,961.0
1767275222.8193994,15,321.609375,945.75
1767275222.8193994,15,322.859375,930.0
1767275222.8193994,15,324.078125,916.5
1767275222.8193994,15,325.328125,904.0
1767275222.8193994,15,326.546875,891.75
1767275222.8193994,15,327.765625,880.5
1767275222.8193994,15,329.0,870.75
1767275222.8193994,15,330.171875,859.75
1767275222.8193994,15,331.453125,849.75
1767275222.8193994,15,332.578125,840.5
1767275222.8193994,15,333.8125,830.5
1767275222.8193994,15,335.15625,822.0
1767275222.8193994,15,336.296875,814.75
1767275222.8193994,15,337.5625,807.0
1767275222.8193994,15,338.78125,799.25
1767275222.8193994,15,339.9375,793.5
1767275222.8193994,15,341.234375,788.25
1767275222.8193994,15,342.484375,783.25
1767275222.8193994,15,343.578125,778.5
1767275222.8193994,15,344.859375,773.5
1767275222.8193994,15,346.140625,768.75
1767275222.8193994,15,347.359375,765.25
1767275222.8193994,15,348.625,762.5
1767275222.8193994,15,349.734375,759.5
1767275222.8193994,15,350.953125,756.75
1767275222.8193994,15,352.265625,754.75
1767275222.9707334,15,353.421875,752.75
1767275222.9707334,15,354.6875,750.25
1767275222.9707334,15,355.828125,749.0
1767275222.9707334,15,357.09375,749.25
1767275222.9707334,15,359.359375,774.25
1767275222.9707334,15,3.0625,784.5
1767275222.9707334,15,4.21875,796.0
1767275222.9707334,15,5.390625,798.0
1767275222.9707334,15,6.53125,799.5
1767275222.9707334,15,7.75,802.5
1767275222.9707334,15,9.078125,806.75
1767275222.9707334,15,10.15625,810.5
1767275222.9707334,15,11.375,813.75
1767275222.9707334,15,12.703125,817.5
1767275222.9707334,15,13.8125,822.25
1767275222.9707334,15,15.015625,826.75
1767275222.9707334,15,16.25,832.25
1767275222.9707334,15,17.4375,839.0
1767275222.9707334,15,18.609375,846.5
1767275222.9707334,15,19.796875,854.5
1767275222.9707334,15,20.953125,861.25
1767275222.9707334,15,22.15625,868.75
1767275222.9707334,15,23.46875,876.5
1767275222.9707334,15,24.546875,884.5
1767275222.9707334,15,25.828125,893.5
1767275222.9707334,15,27.0,903.0
1767275222.9707334,15,28.109375,912.5
1767275222.9707334,15,29.375,922.5
1767275222.9707334,15,30.578125,933.75
1767275222.9707334,15,31.703125,945.75
1767275222.9707334,15,32.875,958.75
1767275222.9707334,15,34.078125,971.75
1767275222.9707334,15,35.359375,985.25
1767275222.9707334,15,36.5625,999.0
1767275222.9707334,15,37.703125,1014.75
1767275222.9707334,15,39.0,1032.25
1767275222.9707334,15,40.171875,1050.0
1767275222.9707334,15,41.375,1069.25
1767275222.9707334,15,42.46875,1090.5
1767275222.9707334,15,43.734375,1110.5
1767275222.9707334,15,44.890625,1132.25
1767275222.9707334,15,46.0625,1156.75
1767275222.9707334,15,47.234375,1180.25
1767275222.9707334,15,48.484375,1207.5
1767275222.9707334,15,49.625,1237.25
1767275222.9707334,15,50.84375,1236.0
1767275222.9707334,15,53.21875,1256.5
1767275222.9707334,15,54.515625,1239.5
1767275222.9707334,15,55.6875,1224.25
1767275222.9707334,15,56.921875,1210.0
1767275222.9707334,15,58.171875,1193.25
1767275222.9707334,15,59.421875,1179.0
1767275222.9707334,15,60.65625,1168.75
1767275222.9707334,15,61.8125,1155.75
1767275222.9707334,15,63.125,1142.75
1767275222.9707334,15,64.265625,1132.25
1767275222.9707334,15,65.46875,1122.25
1767275222.9707334,15,66.671875,1112.5
1767275222.9707334,15,67.9375,1104.0
1767275222.9707334,15,69.15625,1095.5
1767275222.9707334,15,70.390625,1087.25
1767275222.9707334,15,71.578125,1081.5
1767275222.9707334,15,72.859375,1076.0
1767275222.9707334,15,74.0,1069.25
1767275222.9707334,15,75.3125,1063.25
1767275222.9707334,15,76.484375,1058.0
1767275222.9707334,15,77.765625,1053.0
1767275222.9707334,15,78.953125,1048.75
1767275222.9707334,15,80.171875,1045.75
1767275222.9707334,15,81.34375,1044.0
1767275222.9707334,15,82.53125,1041.75
1767275222.9707334,15,83.734375,1038.25
1767275222.9707334,15,84.953125,1036.5
1767275222.9707334,15,86.125,1036.0
1767275222.9707334,15,87.375,1035.5
1767275222.9707334,15,88.640625,1035.25
1767275222.9707334,15,89.78125,1035.75
1767275222.9707334,15,91.0,1037.25
1767275222.9707334,15,92.203125,1039.0
1767275222.9707334,15,93.34375,1041.0
1767275222.9707334,15,94.65625,1042.75
1767275222.9707334,15,95.8125,1045.25
1767275222.9707334,15,96.96875,1048.75
1767275222.9707334,15,98.171875,1052.0
1767275222.9707334,15,99.390625,1055.25
1767275222.9707334,15,100.578125,1059.75
1767275222.9707334,15,101.890625,1064.5
1767275222.9707334,15,103.046875,1069.25
1767275222.9707334,15,104.21875,1075.0
1767275222.9707334,15,105.4375,1081.0
1767275222.9707334,15,106.6875,1087.75
1767275222.9707334,15,107.78125,1094.0
1767275222.9707334,15,109.046875,1101.0
1767275222.9707334,15,110.21875,1108.75
1767275222.9707334,15,111.328125,1116.75
1767275222.9707334,15,112.546875,1127.0
1767275222.9707334,15,113.75,1137.5
1767275222.9707334,15,114.9375,1149.25
1767275222.9707334,15,116.15625,1161.5
1767275222.9707334,15,117.3125,1172.25
1767275222.9707334,15,118.546875,1182.5
1767275222.9707334,15,119.71875,1195.25
1767275222.9707334,15,120.96875,1210.5
1767275222.9707334,15,122.078125,1225.5
1767275222.9707334,15,123.296875,1241.75
1767275222.9707334,15,124.53125,1258.75
1767275222.9707334,15,125.6875,1275.25
1767275222.9707334,15,129.375,1246.5
1767275222.9707334,15,130.5625,1216.25
1767275222.9707334,15,131.75,1189.75
1767275222.9707334,15,132.984375,1163.0
1767275222.9707334,15,134.265625,1137.5
1767275222.9707334,15,135.46875,1116.75
1767275222.9707334,15,136.75,1096.0
1767275222.9707334,15,137.984375,1075.5
1767275222.9707334,15,139.15625,1057.0
1767275222.9707334,15,140.328125,1038.5
1767275222.9707334,15,141.625,1021.25
1767275222.9707334,15,142.828125,1006.0
1767275222.9707334,15,144.09375,991.75
1767275222.9707334,15,145.296875,977.5
1767275222.9707334,15,146.5,964.5
1767275222.9707334,15,147.671875,954.25
1767275222.9707334,15,148.90625,943.25
1767275222.9707334,15,150.15625,931.0
1767275222.9707334,15,151.390625,920.5
1767275222.9707334,15,152.640625,911.5
1767275222.9707334,15,153.8125,903.0
1767275222.9707334,15,155.09375,895.0
1767275222.9707334,15,156.359375,887.5
1767275222.9707334,15,157.671875,880.25
1767275222.9707334,15,158.859375,873.75
1767275222.9707334,15,160.0,869.0
1767275222.9707334,15,161.25,863.5
1767275222.9707334,15,162.546875,858.0
1767275222.9707334,15,163.734375,852.5
1767275222.9707334,15,164.890625,847.5
1767275222.9707334,15,166.171875,843.25
1767275222.9707334,15,167.390625,839.75
1767275222.9707334,15,168.609375,836.25
1767275222.9707334,15,169.828125,832.25
1767275222.9707334,15,171.015625,828.75
1767275222.9707334,15,172.234375,825.75
1767275222.9707334,15,173.453125,824.5
1767275222.9707334,15,174.59375,823.0
1767275222.9707334,15,175.78125,822.5
1767275222.9707334,15,177.046875,822.75
1767275222.9707334,15,178.25,822.25
1767275222.9707334,15,179.53125,823.25
1767275222.9707334,15,180.734375,824.5
1767275222.9707334,15,182.0,824.75
1767275222.9707334,15,183.15625,825.75
1767275222.9707334,15,184.34375,827.25
1767275222.9707334,15,185.609375,830.5
1767275222.9707334,15,186.78125,833.5
1767275222.9707334,15,188.046875,836.25
1767275222.9707334,15,189.1875,839.5
1767275222.9707334,15,190.4375,843.0
1767275222.9707334,15,191.53125,847.75
1767275222.9707334,15,192.796875,852.75
1767275222.9707334,15,194.0625,857.25
1767275222.9707334,15,195.171875,861.5
1767275222.9707334,15,196.4375,867.75
1767275222.9707334,15,197.59375,874.0
1767275222.9707334,15,198.734375,879.25
1767275222.9707334,15,199.96875,886.0
1767275222.9707334,15,201.25,893.25
1767275222.9707334,15,202.453125,901.25
1767275222.9707334,15,203.609375,908.75
1767275222.9707334,15,204.8125,916.25
1767275222.9707334,15,205.953125,926.75
1767275222.9707334,15,207.1875,936.75
1767275222.9707334,15,208.3125,947.5
1767275222.9707334,15,209.59375,959.75
1767275222.9707334,15,210.78125,971.0
1767275222.9707334,15,211.984375,981.5
1767275222.9707334,15,213.1875,993.25
1767275222.9707334,15,214.28125,1007.25
1767275222.9707334,15,215.46875,1023.75
1767275222.9707334,15,216.6875,1040.0
1767275222.9707334,15,217.859375,1056.75
1767275222.9707334,15,219.046875,1075.0
1767275222.9707334,15,220.296875,1093.5
1767275222.9707334,15,221.40625,1113.0
1767275222.9707334,15,222.609375,1133.25
1767275222.9707334,15,223.78125,1157.5
1767275222.9707334,15,225.015625,1181.0
1767275222.9707334,15,226.1875,1204.75
1767275222.9707334,15,227.375,1231.5
1767275222.9707334,15,228.578125,1261.0
1767275222.9707334,15,229.734375,1292.5
1767275222.9707334,15,230.90625,1327.5
1767275222.9707334,15,232.09375,1366.0
1767275222.9707334,15,233.28125,1403.75
1767275222.9707334,15,234.5,1430.0
1767275222.9707334,15,235.671875,1429.0
1767275222.9707334,15,236.875,1413.75
1767275222.9707334,15,238.15625,1395.25
1767275222.9707334,15,239.359375,1373.25
1767275222.9707334,15,240.59375,1353.75
1767275222.9707334,15,241.78125,1338.5
1767275222.9707334,15,243.0625,1325.75
1767275222.9707334,15,244.234375,1312.25
1767275222.9707334,15,245.4375,1300.25
1767275222.9707334,15,246.71875,1289.75
1767275222.9707334,15,247.875,1279.0
1767275222.9707334,15,249.125,1269.0
1767275222.9707334,15,250.3125,1260.25
1767275222.9707334,15,251.625,1253.5
1767275222.9707334,15,252.78125,1245.0
1767275222.9707334,15,254.046875,1235.25
1767275222.9707334,15,255.21875,1229.0
1767275222.9707334,15,256.5,1225.25
1767275222.9707334,15,257.71875,1219.75
1767275222.9707334,15,258.953125,1214.0
1767275222.9707334,15,260.09375,1209.5
1767275222.9707334,15,261.328125,1206.75
1767275222.9707334,15,262.59375,1204.25
1767275222.9707334,15,263.78125,1201.25
1767275222.9707334,15,264.96875,1199.5
1767275222.9707334,15,266.15625,1198.75
1767275222.9707334,15,267.4375,1198.25
1767275222.9707334,15,268.640625,1197.0
1767275222.9707334,15,269.796875,1196.25
1767275222.9707334,15,271.03125,1198.25
1767275222.9707334,15,272.28125,1201.0
1767275222.9707334,15,273.421875,1201.25
1767275222.9707334,15,274.640625,1202.75
1767275222.9707334,15,275.734375,1206.0
1767275222.9707334,15,276.984375,1209.5
1767275222.9707334,15,278.140625,1213.0
1767275222.9707334,15,279.40625,1217.25
1767275222.9707334,15,280.5625,1221.5
1767275222.9707334,15,281.78125,1225.5
1767275222.9707334,15,283.0,1230.25
1767275222.9707334,15,284.1875,1237.0
1767275222.9707334,15,285.3125,1246.75
1767275222.9707334,15,286.53125,1256.0
1767275222.9707334,15,287.8125,1264.0
1767275222.9707334,15,288.96875,1272.75
1767275222.9707334,15,290.171875,1283.0
1767275222.9707334,15,291.375,1294.25
1767275222.9707334,15,292.53125,1307.25
1767275222.9707334,15,293.71875,1320.75
1767275222.9707334,15,294.90625,1332.0
1767275222.9707334,15,296.140625,1345.0
1767275222.9707334,15,297.359375,1360.25
1767275222.9707334,15,298.546875,1377.5
1767275222.9707334,15,299.703125,1398.0
1767275222.9707334,15,300.9375,1413.75
1767275222.9707334,15,302.078125,1407.75
1767275222.9707334,15,304.578125,1332.75
1767275222.9707334,15,305.828125,1294.75
1767275222.9707334,15,307.046875,1259.0
1767275222.9707334,15,310.796875,1117.5
1767275222.9707334,15,312.109375,1094.25
1767275222.9707334,15,313.265625,1069.5
1767275222.9707334,15,314.53125,1046.0
1767275222.9707334,15,315.78125,1026.25
1767275222.9707334,15,316.953125,1006.5
1767275222.9707334,15,318.25,988.5
1767275222.9707334,15,319.421875,972.5
1767275222.9707334,15,320.75,956.75
1767275222.9707334,15,321.96875,940.75
1767275222.9707334,15,323.09375,925.25
1767275222.9707334,15,324.453125,912.0
1767275222.9707334,15,325.578125,901.0
1767275222.9707334,15,326.8125,889.0
1767275222.9707334,15,328.140625,877.5
1767275222.9707334,15,329.359375,867.25
1767275222.9707334,15,330.53125,857.5
1767275222.9707334,15,331.71875,847.25
1767275222.9707334,15,332.984375,836.5
1767275222.9707334,15,334.21875,827.75
1767275222.9707334,15,335.375,820.25
1767275222.9707334,15,336.625,812.0
1767275222.9707334,15,337.9375,804.75
1767275222.9707334,15,339.1875,797.75
1767275222.9707334,15,340.28125,792.0
1767275222.9707334,15,341.625,787.0
1767275222.9707334,15,342.8125,781.5
1767275222.9707334,15,343.953125,777.5
1767275222.9707334,15,345.171875,773.25
1767275222.9707334,15,346.421875,768.5
1767275222.9707334,15,347.5625,764.5
1767275222.9707334,15,348.859375,761.75
1767275222.9707334,15,350.125,758.75
1767275222.9707334,15,351.421875,756.5
1767275223.124694,15,352.484375,754.25
1767275223.124694,15,353.78125,752.25
1767275223.124694,15,354.90625,751.0
1767275223.124694,15,356.125,749.5
1767275223.124694,15,357.40625,743.75
1767275223.124694,15,359.6875,774.0
1767275223.124694,15,2.078125,798.5
1767275223.124694,15,3.375,794.0
1767275223.124694,15,4.578125,795.75
1767275223.124694,15,5.8125,797.5
1767275223.124694,15,6.90625,800.0
1767275223.124694,15,8.21875,802.5
1767275223.124694,15,9.265625,806.5
1767275223.124694,15,10.53125,811.0
1767275223.124694,15,11.78125,814.75
1767275223.124694,15,12.953125,818.0
1767275223.124694,15,14.03125,822.25
1767275223.124694,15,15.296875,828.25
1767275223.124694,15,16.53125,834.25
1767275223.124694,15,17.6875,841.25
1767275223.124694,15,18.90625,848.25
1767275223.124694,15,20.09375,855.75
1767275223.124694,15,21.34375,864.0
1767275223.124694,15,22.484375,871.0
1767275223.124694,15,23.640625,878.25
1767275223.124694,15,24.796875,886.75
1767275223.124694,15,26.0625,894.75
1767275223.124694,15,27.265625,904.0
1767275223.124694,15,28.46875,914.25
1767275223.124694,15,29.5625,925.0
1767275223.124694,15,30.75,937.75
1767275223.124694,15,31.953125,949.75
1767275223.124694,15,33.140625,961.25
1767275223.124694,15,34.3125,975.25
1767275223.124694,15,35.609375,988.75
1767275223.124694,15,36.796875,1001.75
1767275223.124694,15,38.0,1018.25
1767275223.124694,15,39.140625,1036.25
1767275223.124694,15,40.3125,1053.25
1767275223.124694,15,41.59375,1072.5
1767275223.124694,15,42.703125,1093.5
1767275223.124694,15,43.9375,1114.0
1767275223.124694,15,45.09375,1136.5
1767275223.124694,15,46.25,1161.75
1767275223.124694,15,47.4375,1184.5
1767275223.124694,15,48.671875,1211.25
1767275223.124694,15,49.890625,1241.75
1767275223.124694,15,53.515625,1254.0
1767275223.124694,15,54.65625,1236.0
1767275223.124694,15,55.953125,1220.5
1767275223.124694,15,57.15625,1207.0
1767275223.124694,15,58.390625,1191.25
1767275223.124694,15,59.59375,1176.5
1767275223.124694,15,60.875,1166.25
1767275223.124694,15,62.109375,1154.25
1767275223.124694,15,63.28125,1140.25
1767275223.124694,15,64.46875,1129.5
1767275223.124694,15,65.75,1119.5
1767275223.124694,15,67.0,1110.25
1767275223.124694,15,68.203125,1102.0
1767275223.124694,15,69.390625,1093.25
1767275223.124694,15,70.625,1086.25
1767275223.124694,15,71.875,1079.75
1767275223.124694,15,73.109375,1072.75
1767275223.124694,15,74.3125,1067.0
1767275223.124694,15,75.515625,1062.25
1767275223.124694,15,76.734375,1058.25
1767275223.124694,15,77.875,1053.0
1767275223.124694,15,79.140625,1048.0
1767275223.124694,15,80.34375,1045.75
1767275223.124694,15,81.609375,1043.0
1767275223.124694,15,82.8125,1040.25
1767275223.124694,15,83.953125,1038.0
1767275223.124694,15,85.109375,1037.0
1767275223.124694,15,86.375,1036.5
1767275223.124694,15,87.59375,1035.25
1767275223.124694,15,88.734375,1036.5
1767275223.124694,15,89.9375,1037.5
1767275223.124694,15,91.15625,1037.5
1767275223.124694,15,92.453125,1038.75
1767275223.124694,15,93.59375,1040.75
1767275223.124694,15,94.796875,1043.0
1767275223.124694,15,96.046875,1045.75
1767275223.124694,15,97.234375,1048.5
1767275223.124694,15,98.390625,1053.0
1767275223.124694,15,99.671875,1057.0
1767275223.124694,15,100.828125,1060.75
1767275223.124694,15,102.015625,1065.25
1767275223.124694,15,103.28125,1070.0
1767275223.124694,15,104.46875,1076.5
1767275223.124694,15,105.6875,1083.25
1767275223.124694,15,106.796875,1088.75
1767275223.124694,15,108.03125,1096.25
1767275223.124694,15,109.265625,1104.0
1767275223.124694,15,110.421875,1112.0
1767275223.124694,15,111.59375,1120.5
1767275223.124694,15,112.796875,1128.75
1767275223.124694,15,114.03125,1139.0
1767275223.124694,15,115.203125,1151.75
1767275223.124694,15,116.40625,1163.5
1767275223.124694,15,117.65625,1173.75
1767275223.124694,15,118.8125,1183.75
1767275223.124694,15,120.046875,1197.0
1767275223.124694,15,121.234375,1214.25
1767275223.124694,15,122.359375,1229.0
1767275223.124694,15,123.5625,1245.75
1767275223.124694,15,124.734375,1262.75
1767275223.124694,15,126.0,1279.0
1767275223.124694,15,127.140625,1287.75
1767275223.124694,15,128.421875,1270.25
1767275223.124694,15,129.59375,1238.75
1767275223.124694,15,130.859375,1206.5
1767275223.124694,15,132.078125,1180.25
1767275223.124694,15,133.265625,1159.0
1767275223.124694,15,134.515625,1135.0
1767275223.124694,15,135.765625,1112.75
1767275223.124694,15,137.03125,1091.5
1767275223.124694,15,138.265625,1070.75
1767275223.124694,15,139.453125,1052.75
1767275223.124694,15,140.71875,1035.75
1767275223.124694,15,141.875,1019.0
1767275223.124694,15,143.078125,1003.0
1767275223.124694,15,144.34375,989.25
1767275223.124694,15,145.546875,975.75
1767275223.124694,15,146.765625,962.25
1767275223.124694,15,148.09375,951.5
1767275223.124694,15,149.3125,940.25
1767275223.124694,15,150.4375,928.5
1767275223.124694,15,151.75,917.5
1767275223.124694,15,152.875,908.25
1767275223.124694,15,154.125,901.25
1767275223.124694,15,155.328125,894.0
1767275223.124694,15,156.640625,886.25
1767275223.124694,15,157.921875,879.0
1767275223.124694,15,159.140625,873.25
1767275223.124694,15,160.3125,867.5
1767275223.124694,15,161.53125,861.25
1767275223.124694,15,162.78125,856.0
1767275223.124694,15,163.96875,851.25
1767275223.124694,15,165.203125,846.0
1767275223.124694,15,166.453125,840.75
1767275223.124694,15,167.734375,837.5
1767275223.124694,15,168.96875,834.25
1767275223.124694,15,170.046875,830.75
1767275223.124694,15,171.25,828.0
1767275223.124694,15,172.5,825.75
1767275223.124694,15,173.71875,824.5
1767275223.124694,15,174.890625,823.75
1767275223.124694,15,176.109375,823.0
1767275223.124694,15,177.40625,823.0
1767275223.124694,15,178.671875,823.25
1767275223.124694,15,179.8125,823.25
1767275223.124694,15,181.109375,823.75
1767275223.124694,15,182.21875,825.0
1767275223.124694,15,183.375,826.5
1767275223.124694,15,184.65625,828.75
1767275223.124694,15,185.859375,831.5
1767275223.124694,15,186.984375,834.0
1767275223.124694,15,188.1875,836.75
1767275223.124694,15,189.375,840.5
1767275223.124694,15,190.625,845.0
1767275223.124694,15,191.9375,848.75
1767275223.124694,15,193.03125,853.25
1767275223.124694,15,194.25,858.5
1767275223.124694,15,195.515625,863.25
1767275223.124694,15,196.6875,868.75
1767275223.124694,15,197.828125,874.5
1767275223.124694,15,198.984375,880.25
1767275223.124694,15,200.21875,887.0
1767275223.124694,15,201.390625,894.5
1767275223.124694,15,202.609375,902.5
1767275223.124694,15,203.8125,910.0
1767275223.124694,15,205.109375,919.0
1767275223.124694,15,206.3125,929.0
1767275223.124694,15,207.40625,939.5
1767275223.124694,15,208.640625,950.5
1767275223.124694,15,209.859375,961.5
1767275223.124694,15,211.078125,974.0
1767275223.124694,15,212.203125,986.5
1767275223.124694,15,213.484375,998.5
1767275223.124694,15,214.578125,1012.0
1767275223.124694,15,215.84375,1028.25
1767275223.124694,15,217.03125,1045.0
1767275223.124694,15,218.1875,1061.5
1767275223.124694,15,219.390625,1078.25
1767275223.124694,15,220.609375,1096.5
1767275223.124694,15,221.765625,1117.25
1767275223.124694,15,222.890625,1140.0
1767275223.124694,15,224.140625,1163.25
1767275223.124694,15,225.328125,1183.5
1767275223.124694,15,226.46875,1208.5
1767275223.124694,15,227.671875,1239.75
1767275223.124694,15,228.859375,1270.0
1767275223.124694,15,230.0625,1302.25
1767275223.124694,15,231.203125,1336.75
1767275223.124694,15,232.4375,1374.75
1767275223.124694,15,233.609375,1415.25
1767275223.124694,15,234.796875,1434.75
1767275223.124694,15,236.046875,1425.5
1767275223.124694,15,237.25,1405.75
1767275223.124694,15,238.53125,1385.0
1767275223.124694,15,239.703125,1366.0
1767275223.124694,15,241.0,1348.75
1767275223.124694,15,242.171875,1334.0
1767275223.124694,15,243.421875,1322.5
1767275223.124694,15,244.59375,1310.25
1767275223.124694,15,245.859375,1298.25
1767275223.124694,15,247.0625,1287.5
1767275223.124694,15,248.28125,1277.25
1767275223.124694,15,249.546875,1266.75
1767275223.124694,15,250.71875,1258.25
1767275223.124694,15,251.890625,1250.5
1767275223.124694,15,253.15625,1241.75
1767275223.124694,15,254.390625,1233.25
1767275223.124694,15,255.609375,1228.5
1767275223.124694,15,256.859375,1224.25
1767275223.124694,15,258.046875,1218.75
1767275223.124694,15,259.234375,1213.25
1767275223.124694,15,260.421875,1209.25
1767275223.124694,15,261.71875,1206.75
1767275223.124694,15,262.890625,1202.5
1767275223.124694,15,264.0625,1199.0
1767275223.124694,15,265.296875,1198.25
1767275223.124694,15,266.5625,1197.75
1767275223.124694,15,267.703125,1196.5
1767275223.124694,15,268.921875,1195.75
1767275223.124694,15,270.171875,1197.0
1767275223.124694,15,271.421875,1197.25
1767275223.124694,15,272.5625,1198.75
1767275223.124694,15,273.78125,1202.0
1767275223.124694,15,274.984375,1204.0
1767275223.124694,15,276.046875,1206.0
1767275223.124694,15,277.234375,1209.5
1767275223.124694,15,278.484375,1214.75
1767275223.124694,15,279.65625,1218.75
1767275223.124694,15,280.796875,1223.0
1767275223.124694,15,282.078125,1227.75
1767275223.124694,15,283.203125,1232.5
1767275223.124694,15,284.40625,1240.25
1767275223.124694,15,285.640625,1249.25
1767275223.124694,15,286.8125,1257.25
1767275223.124694,15,288.03125,1266.0
1767275223.124694,15,289.234375,1277.0
1767275223.124694,15,290.453125,1287.0
1767275223.124694,15,291.671875,1298.0
1767275223.124694,15,292.78125,1311.25
1767275223.124694,15,293.96875,1323.25
1767275223.124694,15,295.1875,1335.25
1767275223.124694,15,296.40625,1349.0
1767275223.124694,15,297.609375,1365.0
1767275223.124694,15,298.8125,1382.5
1767275223.124694,15,300.015625,1401.0
1767275223.124694,15,303.71875,1362.0
1767275223.124694,15,304.96875,1321.75
1767275223.124694,15,306.171875,1283.0
1767275223.124694,15,307.40625,1248.0
1767275223.124694,15,311.15625,1111.25
1767275223.124694,15,312.46875,1086.5
1767275223.124694,15,313.65625,1062.75
1767275223.124694,15,314.9375,1041.25
1767275223.124694,15,316.140625,1019.25
1767275223.124694,15,317.390625,999.75
1767275223.124694,15,318.625,983.5
1767275223.124694,15,319.828125,966.5
1767275223.124694,15,321.0625,951.25
1767275223.124694,15,322.328125,936.25
1767275223.124694,15,323.546875,921.0
1767275223.124694,15,324.765625,908.25
1767275223.124694,15,326.0,896.25
1767275223.124694,15,327.25,883.75
1767275223.124694,15,328.484375,873.5
1767275223.124694,15,329.703125,864.75
1767275223.124694,15,330.875,855.25
1767275223.124694,15,332.25,844.5
1767275223.124694,15,333.421875,834.0
1767275223.124694,15,334.625,825.25
1767275223.124694,15,335.875,817.25
1767275223.124694,15,337.0625,809.0
1767275223.124694,15,338.34375,801.75
1767275223.124694,15,339.578125,796.0
1767275223.124694,15,340.6875,790.75
1767275223.124694,15,342.03125,785.5
1767275223.124694,15,343.234375,779.5
1767275223.124694,15,344.421875,774.5
1767275223.124694,15,345.578125,770.25
1767275223.124694,15,346.828125,766.5
1767275223.124694,15,348.078125,763.25
1767275223.124694,15,349.296875,760.25
1767275223.124694,15,350.546875,757.75
1767275223.124694,15,351.703125,755.25
1767275223.2778058,15,352.875,753.0
1767275223.2778058,15,354.140625,751.5
1767275223.2778058,15,355.34375,751.0
1767275223.2778058,15,356.453125,749.75
1767275223.2778058,15,358.796875,775.0
1767275223.2778058,15,0.0625,774.0
1767275223.2778058,15,1.3125,783.5
1767275223.2778058,15,2.40625,793.75
1767275223.2778058,15,3.625,795.5
1767275223.2778058,15,4.8125,797.0
1767275223.2778058,15,6.109375,798.25
1767275223.2778058,15,7.1875,800.75
1767275223.2778058,15,8.515625,803.25
1767275223.2778058,15,9.703125,807.0
1767275223.2778058,15,10.84375,811.25
1767275223.2778058,15,12.109375,815.5
1767275223.2778058,15,13.328125,819.5
1767275223.2778058,15,14.4375,824.0
1767275223.2778058,15,15.609375,830.0
1767275223.2778058,15,16.8125,836.25
1767275223.2778058,15,18.09375,843.25
1767275223.2778058,15,19.171875,849.75
1767275223.2778058,15,20.4375,856.75
1767275223.2778058,15,21.546875,865.25
1767275223.2778058,15,22.78125,873.0
1767275223.2778058,15,24.046875,880.75
1767275223.2778058,15,25.140625,889.75
1767275223.2778058,15,26.296875,898.5
1767275223.2778058,15,27.5625,907.0
1767275223.2778058,15,28.765625,916.75
1767275223.2778058,15,29.921875,928.0
1767275223.2778058,15,31.078125,940.75
1767275223.2778058,15,32.25,952.75
1767275223.2778058,15,33.421875,964.25
1767275223.2778058,15,34.703125,977.75
1767275223.2778058,15,36.0,992.25
1767275223.2778058,15,37.140625,1006.75
1767275223.2778058,15,38.3125,1023.75
1767275223.2778058,15,39.515625,1042.5
1767275223.2778058,15,40.703125,1060.25
1767275223.2778058,15,41.953125,1079.5
1767275223.2778058,15,43.046875,1098.75
1767275223.2778058,15,44.328125,1120.0
1767275223.2778058,15,45.5,1144.0
1767275223.2778058,15,46.625,1169.0
1767275223.2778058,15,47.828125,1195.5
1767275223.2778058,15,48.96875,1222.5
1767275223.2778058,15,50.1875,1250.75
1767275223.2778058,15,51.390625,1269.75
1767275223.2778058,15,52.640625,1265.5
1767275223.2778058,15,53.890625,1247.0
1767275223.2778058,15,55.109375,1230.0
1767275223.2778058,15,56.34375,1216.0
1767275223.2778058,15,57.578125,1198.25
1767275223.2778058,15,58.78125,1183.75
1767275223.2778058,15,59.984375,1174.0
1767275223.2778058,15,61.203125,1163.0
1767275223.2778058,15,62.453125,1150.25
1767275223.2778058,15,63.671875,1136.75
1767275223.2778058,15,64.859375,1126.0
1767275223.2778058,15,66.109375,1117.25
1767275223.2778058,15,67.390625,1107.75
1767275223.2778058,15,68.5625,1099.0
1767275223.2778058,15,69.84375,1091.5
1767275223.2778058,15,71.046875,1084.5
1767275223.2778058,15,72.28125,1078.5
1767275223.2778058,15,73.421875,1072.5
1767275223.2778058,15,74.65625,1066.5
1767275223.2778058,15,75.953125,1060.75
1767275223.2778058,15,77.125,1055.0
1767275223.2778058,15,78.375,1049.75
1767275223.2778058,15,79.515625,1046.25
1767275223.2778058,15,80.75,1044.0
1767275223.2778058,15,81.953125,1042.5
1767275223.2778058,15,83.25,1040.75
1767275223.2778058,15,84.28125,1038.5
1767275223.2778058,15,85.5625,1038.0
1767275223.2778058,15,86.703125,1038.0
1767275223.2778058,15,87.9375,1036.25
1767275223.2778058,15,89.15625,1035.75
1767275223.2778058,15,90.328125,1036.5
1767275223.2778058,15,91.640625,1038.0
1767275223.2778058,15,92.75,1040.25
1767275223.2778058,15,93.984375,1041.75
1767275223.2778058,15,95.21875,1043.75
1767275223.2778058,15,96.40625,1046.75
1767275223.2778058,15,97.5625,1049.0
1767275223.2778058,15,98.78125,1053.5
1767275223.2778058,15,100.03125,1059.0
1767275223.2778058,15,101.25,1062.75
1767275223.2778058,15,102.46875,1067.25
1767275223.2778058,15,103.671875,1073.0
1767275223.2778058,15,104.828125,1078.75
1767275223.2778058,15,106.0,1084.75
1767275223.2778058,15,107.1875,1092.5
1767275223.2778058,15,108.4375,1100.0
1767275223.2778058,15,109.640625,1107.25
1767275223.2778058,15,110.828125,1114.0
1767275223.2778058,15,111.96875,1121.75
1767275223.2778058,15,113.1875,1132.25
1767275223.2778058,15,114.34375,1142.75
1767275223.2778058,15,115.59375,1155.25
1767275223.2778058,15,116.78125,1168.0
1767275223.2778058,15,117.984375,1177.5
1767275223.2778058,15,119.125,1190.5
1767275223.2778058,15,120.3125,1205.5
1767275223.2778058,15,121.484375,1218.5
1767275223.2778058,15,122.734375,1232.25
1767275223.2778058,15,123.953125,1250.25
1767275223.2778058,15,125.109375,1268.75
1767275223.2778058,15,126.328125,1265.0
1767275223.2778058,15,127.546875,1263.75
1767275223.2778058,15,128.796875,1259.0
1767275223.2778058,15,129.96875,1229.5
1767275223.2778058,15,131.21875,1200.75
1767275223.2778058,15,132.5,1175.25
1767275223.2778058,15,133.734375,1150.75
1767275223.2778058,15,134.9375,1125.0
1767275223.2778058,15,136.140625,1103.5
1767275223.2778058,15,137.453125,1084.25
1767275223.2778058,15,138.625,1065.5
1767275223.2778058,15,139.921875,1048.0
1767275223.2778058,15,141.109375,1030.0
1767275223.2778058,15,142.3125,1012.0
1767275223.2778058,15,143.515625,997.25
1767275223.2778058,15,144.765625,984.0
1767275223.2778058,15,146.0,970.25
1767275223.2778058,15,147.296875,957.25
1767275223.2778058,15,148.515625,946.25
1767275223.2778058,15,149.71875,935.5
1767275223.2778058,15,150.890625,925.25
1767275223.2778058,15,152.15625,916.0
1767275223.2778058,15,153.3125,906.75
1767275223.2778058,15,154.5625,898.0
1767275223.2778058,15,155.875,890.25
1767275223.2778058,15,157.03125,884.0
1767275223.2778058,15,158.296875,877.25
1767275223.2778058,15,159.53125,870.75
1767275223.2778058,15,160.671875,865.0
1767275223.2778058,15,162.0,860.0
1767275223.2778058,15,163.234375,855.0
1767275223.2778058,15,164.359375,849.75
1767275223.2778058,15,165.65625,845.5
1767275223.2778058,15,166.78125,841.0
1767275223.2778058,15,168.078125,836.75
1767275223.2778058,15,169.34375,833.0
1767275223.2778058,15,170.5,830.25
1767275223.2778058,15,171.640625,828.25
1767275223.2778058,15,172.890625,825.5
1767275223.2778058,15,174.1875,824.0
1767275223.2778058,15,175.28125,823.75
1767275223.2778058,15,176.59375,823.25
1767275223.2778058,15,177.78125,823.25
1767275223.2778058,15,178.96875,823.75
1767275223.2778058,15,180.171875,824.25
1767275223.2778058,15,181.328125,824.75
1767275223.2778058,15,182.53125,825.5
1767275223.2778058,15,183.71875,826.25
1767275223.2778058,15,185.015625,828.25
1767275223.2778058,15,186.1875,831.0
1767275223.2778058,15,187.296875,834.25
1767275223.2778058,15,188.5,838.5
1767275223.2778058,15,189.703125,842.5
1767275223.2778058,15,190.984375,846.0
1767275223.2778058,15,192.125,850.5
1767275223.2778058,15,193.34375,855.0
1767275223.2778058,15,194.625,859.25
1767275223.2778058,15,195.734375,864.5
1767275223.2778058,15,196.984375,870.25
1767275223.2778058,15,198.125,875.25
1767275223.2778058,15,199.359375,881.75
1767275223.2778058,15,200.625,889.0
1767275223.2778058,15,201.71875,896.25
1767275223.2778058,15,202.90625,905.25
1767275223.2778058,15,204.109375,913.25
1767275223.2778058,15,205.390625,921.25
1767275223.2778058,15,206.46875,931.5
1767275223.2778058,15,207.671875,942.5
1767275223.2778058,15,208.953125,952.75
1767275223.2778058,15,210.15625,963.25
1767275223.2778058,15,211.234375,975.75
1767275223.2778058,15,212.484375,988.0
1767275223.2778058,15,213.703125,1001.25
1767275223.2778058,15,214.90625,1016.5
1767275223.2778058,15,216.0625,1031.75
1767275223.2778058,15,217.265625,1047.0
1767275223.2778058,15,218.40625,1063.75
1767275223.2778058,15,219.65625,1083.25
1767275223.2778058,15,220.796875,1103.5
1767275223.2778058,15,222.015625,1124.0
1767275223.2778058,15,223.15625,1145.5
1767275223.2778058,15,224.390625,1168.0
1767275223.2778058,15,225.5,1191.5
1767275223.2778058,15,226.71875,1217.5
1767275223.2778058,15,227.9375,1245.75
1767275223.2778058,15,229.15625,1275.5
1767275223.2778058,15,230.34375,1310.5
1767275223.2778058,15,231.515625,1346.0
1767275223.2778058,15,232.703125,1382.75
1767275223.2778058,15,233.90625,1386.75
1767275223.2778058,15,236.296875,1422.0
1767275223.2778058,15,237.578125,1402.75
1767275223.2778058,15,238.75,1381.75
1767275223.2778058,15,240.015625,1362.25
1767275223.2778058,15,241.25,1346.0
1767275223.2778058,15,242.453125,1332.25
1767275223.2778058,15,243.640625,1319.75
1767275223.2778058,15,244.90625,1306.25
1767275223.2778058,15,246.09375,1294.75
1767275223.2778058,15,247.34375,1285.25
1767275223.2778058,15,248.53125,1274.5
1767275223.2778058,15,249.78125,1264.75
1767275223.2778058,15,250.953125,1256.75
1767275223.2778058,15,252.21875,1248.75
1767275223.2778058,15,253.390625,1240.0
1767275223.2778058,15,254.609375,1232.0
1767275223.2778058,15,255.875,1227.0
1767275223.2778058,15,257.0625,1221.75
1767275223.2778058,15,258.21875,1217.25
1767275223.2778058,15,259.46875,1212.5
1767275223.2778058,15,260.640625,1207.75
1767275223.2778058,15,261.90625,1204.75
1767275223.2778058,15,263.078125,1202.75
1767275223.2778058,15,264.296875,1201.0
1767275223.2778058,15,265.53125,1198.75
1767275223.2778058,15,266.734375,1197.0
1767275223.2778058,15,268.0,1194.5
1767275223.2778058,15,269.140625,1193.75
1767275223.2778058,15,270.40625,1196.25
1767275223.2778058,15,271.59375,1198.75
1767275223.2778058,15,272.84375,1200.0
1767275223.2778058,15,274.0625,1201.5
1767275223.2778058,15,275.21875,1204.5
1767275223.2778058,15,276.25,1206.25
1767275223.2778058,15,277.40625,1210.0
1767275223.2778058,15,278.6875,1214.75
1767275223.2778058,15,279.859375,1219.5
1767275223.2778058,15,281.0,1224.0
1767275223.2778058,15,282.234375,1228.75
1767275223.2778058,15,283.390625,1234.25
1767275223.2778058,15,284.625,1240.25
1767275223.2778058,15,285.84375,1248.25
1767275223.2778058,15,287.03125,1258.0
1767275223.2778058,15,288.25,1267.75
1767275223.2778058,15,289.359375,1278.0
1767275223.2778058,15,290.5625,1289.25
1767275223.2778058,15,291.8125,1300.25
1767275223.2778058,15,292.96875,1312.25
1767275223.2778058,15,294.203125,1324.0
1767275223.2778058,15,295.359375,1335.5
1767275223.2778058,15,296.59375,1350.0
1767275223.2778058,15,297.75,1366.25
1767275223.2778058,15,298.953125,1383.75
1767275223.2778058,15,300.1875,1402.75
1767275223.2778058,15,301.390625,1434.0
1767275223.2778058,15,305.03125,1318.25
1767275223.2778058,15,307.53125,1244.25
1767275223.2778058,15,310.046875,1135.75
1767275223.2778058,15,311.25,1110.5
1767275223.2778058,15,312.5,1085.25
1767275223.2778058,15,313.796875,1061.0
1767275223.2778058,15,314.953125,1040.5
1767275223.2778058,15,316.203125,1019.0
1767275223.2778058,15,317.46875,999.5
1767275223.2778058,15,318.703125,983.0
1767275223.2778058,15,319.921875,966.0
1767275223.2778058,15,321.1875,950.25
1767275223.2778058,15,322.375,935.25
1767275223.2778058,15,323.671875,920.5
1767275223.2778058,15,324.9375,907.75
1767275223.2778058,15,326.171875,896.0
1767275223.2778058,15,327.328125,883.5
1767275223.2778058,15,328.59375,873.25
1767275223.2778058,15,329.71875,864.5
1767275223.2778058,15,331.078125,855.0
1767275223.2778058,15,332.15625,844.25
1767275223.2778058,15,333.484375,833.75
1767275223.2778058,15,334.703125,825.0
1767275223.2778058,15,335.96875,817.0
1767275223.2778058,15,337.109375,808.75
1767275223.2778058,15,338.25,801.25
1767275223.2778058,15,339.546875,795.75
1767275223.2778058,15,340.84375,790.75
1767275223.2778058,15,341.953125,785.5
1767275223.2778058,15,343.203125,779.5
1767275223.2778058,15,344.40625,774.5
1767275223.2778058,15,345.671875,770.25
1767275223.2778058,15,346.875,766.5
1767275223.2778058,15,348.109375,763.25
1767275223.2778058,15,349.40625,760.0
1767275223.2778058,15,350.59375,757.75
1767275223.2778058,15,351.765625,755.5
1767275223.428401,15,353.015625,752.75
1767275223.428401,15,354.1875,751.5
1767275223.428401,15,355.296875,750.75
1767275223.428401,15,356.53125,749.5
1767275223.428401,15,358.9375,775.0
1767275223.428401,15,0.1875,774.0
1767275223.428401,15,1.359375,783.5
1767275223.428401,15,2.5625,794.0
1767275223.428401,15,3.671875,795.75
1767275223.428401,15,4.9375,796.75
1767275223.428401,15,6.09375,798.25
1767275223.428401,15,7.359375,800.75
1767275223.428401,15,8.5625,803.25
1767275223.428401,15,9.765625,806.75
1767275223.428401,15,10.890625,811.5
1767275223.428401,15,12.109375,815.75
1767275223.428401,15,13.21875,819.5
1767275223.428401,15,14.546875,824.0
1767275223.428401,15,15.75,829.75
1767275223.428401,15,16.9375,836.0
1767275223.428401,15,18.078125,843.0
1767275223.428401,15,19.28125,849.75
1767275223.428401,15,20.515625,856.75
1767275223.428401,15,21.59375,865.25
1767275223.428401,15,22.875,873.0
1767275223.428401,15,24.09375,880.5
1767275223.428401,15,25.21875,889.5
1767275223.428401,15,26.453125,898.5
1767275223.428401,15,27.5625,907.0
1767275223.428401,15,28.828125,916.75
1767275223.428401,15,29.953125,927.75
1767275223.428401,15,31.203125,941.25
1767275223.428401,15,32.359375,953.25
1767275223.428401,15,33.5625,964.25
1767275223.428401,15,34.734375,978.5
1767275223.428401,15,36.03125,993.0
1767275223.428401,15,37.15625,1006.5
1767275223.428401,15,38.359375,1023.75
1767275223.428401,15,39.59375,1042.5
1767275223.428401,15,40.8125,1060.5
1767275223.428401,15,41.9375,1080.75
1767275223.428401,15,43.15625,1100.0
1767275223.428401,15,44.359375,1120.0
1767275223.428401,15,45.515625,1144.0
1767275223.428401,15,46.6875,1169.5
1767275223.428401,15,47.90625,1196.0
1767275223.428401,15,49.078125,1222.5
1767275223.428401,15,50.21875,1250.75
1767275223.428401,15,51.40625,1269.5
1767275223.428401,15,52.71875,1265.25
1767275223.428401,15,53.890625,1247.0
1767275223.428401,15,55.140625,1229.75
1767275223.428401,15,56.390625,1215.5
1767275223.428401,15,57.578125,1201.5
1767275223.428401,15,58.78125,1187.25
1767275223.428401,15,60.046875,1173.75
1767275223.428401,15,61.265625,1162.75
1767275223.428401,15,62.453125,1150.25
1767275223.428401,15,63.640625,1136.75
1767275223.428401,15,64.9375,1126.0
1767275223.428401,15,66.109375,1117.0
1767275223.428401,15,67.296875,1107.5
1767275223.428401,15,68.59375,1099.0
1767275223.428401,15,69.828125,1091.5
1767275223.428401,15,71.046875,1084.5
1767275223.428401,15,72.1875,1078.25
1767275223.428401,15,73.46875,1072.5
1767275223.428401,15,74.640625,1066.75
1767275223.428401,15,75.84375,1060.75
1767275223.428401,15,77.125,1055.0
1767275223.428401,15,78.359375,1050.25
1767275223.428401,15,79.59375,1046.5
1767275223.428401,15,80.734375,1044.0
1767275223.428401,15,81.984375,1042.5
1767275223.428401,15,83.125,1040.75
1767275223.428401,15,84.28125,1038.25
1767275223.428401,15,85.515625,1036.5
1767275223.428401,15,86.6875,1036.75
1767275223.428401,15,87.875,1036.25
1767275223.428401,15,89.046875,1036.0
1767275223.428401,15,90.234375,1036.5
1767275223.428401,15,91.484375,1037.75
1767275223.428401,15,92.671875,1040.25
1767275223.428401,15,93.84375,1041.5
1767275223.428401,15,95.078125,1043.5
1767275223.428401,15,96.328125,1045.5
1767275223.428401,15,97.5625,1047.25
1767275223.428401,15,98.65625,1052.75
1767275223.428401,15,99.875,1058.5
1767275223.428401,15,101.078125,1062.75
1767275223.428401,15,102.265625,1067.0
1767275223.428401,15,103.484375,1072.5
1767275223.428401,15,104.734375,1077.75
1767275223.428401,15,105.953125,1083.5
1767275223.428401,15,107.125,1091.5
1767275223.428401,15,108.25,1099.0
1767275223.428401,15,109.453125,1105.0
1767275223.428401,15,110.640625,1112.75
1767275223.428401,15,111.921875,1121.5
1767275223.428401,15,113.109375,1131.25
1767275223.428401,15,114.296875,1142.25
1767275223.428401,15,115.453125,1153.5
1767275223.428401,15,116.625,1165.0
1767275223.428401,15,117.796875,1176.5
1767275223.428401,15,119.03125,1190.75
1767275223.428401,15,120.25,1205.0
1767275223.428401,15,121.375,1218.0
1767275223.428401,15,122.625,1232.5
1767275223.428401,15,123.828125,1249.75
1767275223.428401,15,124.96875,1267.25
1767275223.428401,15,126.203125,1283.5
1767275223.428401,15,127.359375,1285.5
1767275223.428401,15,128.65625,1262.25
1767275223.428401,15,129.875,1233.25
1767275223.428401,15,131.109375,1203.75
1767275223.428401,15,132.375,1175.5
1767275223.428401,15,133.640625,1153.0
1767275223.428401,15,134.796875,1129.5
1767275223.428401,15,136.03125,1106.5
1767275223.428401,15,137.296875,1085.75
1767275223.428401,15,138.546875,1067.5
1767275223.428401,15,139.703125,1049.25
1767275223.428401,15,140.984375,1032.25
1767275223.428401,15,142.25,1014.5
1767275223.428401,15,143.390625,998.0
1767275223.428401,15,144.71875,984.75
1767275223.428401,15,145.953125,971.0
1767275223.428401,15,147.1875,958.75
1767275223.428401,15,148.40625,947.5
1767275223.428401,15,149.5625,936.5
1767275223.428401,15,150.828125,926.75
1767275223.428401,15,152.015625,916.5
1767275223.428401,15,153.203125,907.5
1767275223.428401,15,154.46875,899.0
1767275223.428401,15,155.734375,891.0
1767275223.428401,15,156.96875,884.25
1767275223.428401,15,158.15625,877.25
1767275223.428401,15,159.390625,871.5
1767275223.428401,15,160.59375,867.0
1767275223.428401,15,161.734375,861.25
1767275223.428401,15,163.015625,856.0
1767275223.428401,15,164.21875,850.75
1767275223.428401,15,165.40625,845.75
1767275223.428401,15,166.609375,841.25
1767275223.428401,15,167.890625,837.0
1767275223.428401,15,169.078125,833.5
1767275223.428401,15,170.359375,830.75
1767275223.428401,15,171.515625,828.25
1767275223.428401,15,172.703125,826.25
1767275223.428401,15,173.9375,824.25
1767275223.428401,15,175.109375,823.5
1767275223.428401,15,176.390625,823.0
1767275223.428401,15,177.609375,822.75
1767275223.428401,15,178.828125,823.5
1767275223.428401,15,179.984375,824.0
1767275223.428401,15,181.265625,825.0
1767275223.428401,15,182.453125,825.75
1767275223.428401,15,183.734375,826.25
1767275223.428401,15,184.921875,828.25
1767275223.428401,15,186.140625,830.75
1767275223.428401,15,187.3125,833.75
1767275223.428401,15,188.4375,838.25
1767275223.428401,15,189.765625,842.0
1767275223.428401,15,190.890625,845.75
1767275223.428401,15,192.15625,850.5
1767275223.428401,15,193.28125,854.75
1767275223.428401,15,194.484375,858.75
1767275223.428401,15,195.640625,864.0
1767275223.428401,15,196.921875,870.0
1767275223.428401,15,198.0625,875.0
1767275223.428401,15,199.328125,881.75
1767275223.428401,15,200.421875,888.75
1767275223.428401,15,201.609375,896.0
1767275223.428401,15,202.921875,905.0
1767275223.428401,15,204.109375,912.75
1767275223.428401,15,205.28125,921.0
1767275223.428401,15,206.5625,931.0
1767275223.428401,15,207.6875,942.25
1767275223.428401,15,208.859375,952.75
1767275223.428401,15,210.046875,963.25
1767275223.428401,15,211.265625,975.5
1767275223.428401,15,212.46875,987.75
1767275223.428401,15,213.625,1001.0
1767275223.428401,15,214.859375,1016.5
1767275223.428401,15,216.0625,1031.5
1767275223.428401,15,217.21875,1046.75
1767275223.428401,15,218.453125,1063.75
1767275223.428401,15,219.65625,1083.0
1767275223.428401,15,220.796875,1103.25
1767275223.428401,15,221.953125,1123.75
1767275223.428401,15,223.140625,1145.25
1767275223.428401,15,224.40625,1168.0
1767275223.428401,15,225.5625,1191.25
1767275223.428401,15,226.765625,1217.5
1767275223.428401,15,227.984375,1245.75
1767275223.428401,15,229.171875,1275.5
1767275223.428401,15,230.28125,1310.25
1767275223.428401,15,231.515625,1345.5
1767275223.428401,15,232.65625,1382.25
1767275223.428401,15,233.90625,1386.25
1767275223.428401,15,236.296875,1421.75
1767275223.428401,15,237.515625,1402.75
1767275223.428401,15,238.734375,1381.75
1767275223.428401,15,240.0,1362.5
1767275223.428401,15,241.21875,1346.0
1767275223.428401,15,242.453125,1332.0
1767275223.428401,15,243.703125,1319.75
1767275223.428401,15,244.875,1306.25
1767275223.428401,15,246.109375,1294.75
1767275223.428401,15,247.328125,1285.25
1767275223.428401,15,248.53125,1274.5
1767275223.428401,15,249.796875,1264.75
1767275223.428401,15,251.0,1256.5
1767275223.428401,15,252.1875,1249.25
1767275223.428401,15,253.421875,1240.5
1767275223.428401,15,254.625,1231.75
1767275223.428401,15,255.765625,1227.0
1767275223.428401,15,257.03125,1221.75
1767275223.428401,15,258.1875,1217.25
1767275223.428401,15,259.453125,1212.5
1767275223.428401,15,260.671875,1207.5
1767275223.428401,15,261.890625,1204.5
1767275223.428401,15,263.09375,1202.75
1767275223.428401,15,264.34375,1200.75
1767275223.428401,15,265.53125,1198.0
1767275223.428401,15,266.71875,1196.0
1767275223.428401,15,267.921875,1194.25
1767275223.428401,15,269.140625,1193.75
1767275223.428401,15,270.359375,1196.0
1767275223.428401,15,271.59375,1199.0
1767275223.428401,15,272.8125,1200.25
1767275223.428401,15,273.953125,1201.5
1767275223.428401,15,275.171875,1204.5
1767275223.428401,15,276.359375,1207.25
1767275223.428401,15,277.578125,1210.5
1767275223.428401,15,278.765625,1214.25
1767275223.428401,15,279.9375,1219.0
1767275223.428401,15,281.171875,1224.0
1767275223.428401,15,282.328125,1228.75
1767275223.428401,15,283.546875,1235.0
1767275223.428401,15,284.71875,1243.0
1767275223.428401,15,285.953125,1250.25
1767275223.428401,15,287.140625,1259.25
1767275223.428401,15,288.3125,1269.0
1767275223.428401,15,289.53125,1278.25
1767275223.428401,15,290.703125,1289.5
1767275223.428401,15,291.890625,1301.5
1767275223.428401,15,293.109375,1313.5
1767275223.428401,15,294.296875,1326.75
1767275223.428401,15,295.546875,1338.5
1767275223.428401,15,296.75,1353.5
1767275223.428401,15,297.921875,1370.5
1767275223.428401,15,299.21875,1388.0
1767275223.428401,15,300.421875,1406.5
1767275223.428401,15,301.640625,1415.5
1767275223.428401,15,304.078125,1346.5
1767275223.428401,15,306.59375,1271.5
1767275223.428401,15,310.40625,1128.25
1767275223.428401,15,311.609375,1102.0
1767275223.428401,15,312.90625,1078.25
1767275223.428401,15,314.0625,1056.0
1767275223.428401,15,315.390625,1033.25
1767275223.428401,15,316.5625,1011.75
1767275223.428401,15,317.828125,994.0
1767275223.428401,15,319.046875,978.25
1767275223.428401,15,320.265625,962.25
1767275223.428401,15,321.484375,946.0
1767275223.428401,15,322.796875,931.0
1767275223.428401,15,323.953125,917.25
1767275223.428401,15,325.15625,904.25
1767275223.428401,15,326.484375,892.25
1767275223.428401,15,327.671875,881.25
1767275223.428401,15,328.921875,871.0
1767275223.428401,15,330.1875,859.75
1767275223.428401,15,331.34375,850.0
1767275223.428401,15,332.609375,840.75
1767275223.428401,15,333.890625,830.5
1767275223.428401,15,335.015625,822.25
1767275223.428401,15,336.265625,815.25
1767275223.428401,15,337.546875,807.0
1767275223.428401,15,338.671875,799.25
1767275223.428401,15,339.984375,794.0
1767275223.428401,15,341.171875,789.0
1767275223.428401,15,342.34375,783.25
1767275223.428401,15,343.546875,778.75
1767275223.428401,15,344.859375,773.5
1767275223.428401,15,346.046875,768.75
1767275223.428401,15,347.328125,765.5
1767275223.428401,15,348.421875,762.75
1767275223.428401,15,349.71875,760.25
1767275223.428401,15,350.84375,756.5
1767275223.428401,15,352.09375,753.5
1767275223.5824575,15,353.21875,751.5
1767275223.5824575,15,354.40625,750.0
1767275223.5824575,15,355.640625,749.25
1767275223.5824575,15,356.84375,748.75
1767275223.5824575,15,359.171875,774.0
1767275223.5824575,15,0.40625,776.75
1767275223.5824575,15,1.609375,786.5
1767275223.5824575,15,2.796875,793.5
1767275223.5824575,15,3.96875,795.5
1767275223.5824575,15,5.234375,798.0
1767275223.5824575,15,6.40625,799.75
1767275223.5824575,15,7.5625,801.5
1767275223.5824575,15,8.84375,804.25
1767275223.5824575,15,9.953125,808.25
1767275223.5824575,15,11.140625,812.75
1767275223.5824575,15,12.453125,817.0
1767275223.5824575,15,13.625,822.25
1767275223.5824575,15,14.90625,826.75
1767275223.5824575,15,16.140625,831.75
1767275223.5824575,15,17.296875,838.0
1767275223.5824575,15,18.46875,845.25
1767275223.5824575,15,19.6875,854.25
1767275223.5824575,15,20.890625,861.5
1767275223.5824575,15,22.078125,867.75
1767275223.5824575,15,23.234375,875.0
1767275223.5824575,15,24.40625,883.25
1767275223.5824575,15,25.5625,892.0
1767275223.5824575,15,26.890625,901.0
1767275223.5824575,15,28.03125,910.0
1767275223.5824575,15,29.25,920.75
1767275223.5824575,15,30.359375,933.5
1767275223.5824575,15,31.59375,945.25
1767275223.5824575,15,32.734375,957.25
1767275223.5824575,15,34.015625,970.75
1767275223.5824575,15,35.15625,984.25
1767275223.5824575,15,36.5,997.75
1767275223.5824575,15,37.609375,1014.25
1767275223.5824575,15,38.859375,1031.75
1767275223.5824575,15,40.015625,1049.0
1767275223.5824575,15,41.234375,1067.5
1767275223.5824575,15,42.390625,1088.0
1767275223.5824575,15,43.5625,1108.75
1767275223.5824575,15,44.734375,1129.5
1767275223.5824575,15,46.0,1154.0
1767275223.5824575,15,47.109375,1179.25
1767275223.5824575,15,48.328125,1205.25
1767275223.5824575,15,49.5,1235.25
1767275223.5824575,15,53.15625,1258.25
1767275223.5824575,15,54.375,1239.75
1767275223.5824575,15,55.640625,1224.75
1767275223.5824575,15,56.828125,1211.5
1767275223.5824575,15,58.109375,1194.25
1767275223.5824575,15,59.25,1180.25
1767275223.5824575,15,60.484375,1170.25
1767275223.5824575,15,61.671875,1157.25
1767275223.5824575,15,62.890625,1144.75
1767275223.5824575,15,64.171875,1133.0
1767275223.5824575,15,65.390625,1122.25
1767275223.5824575,15,66.625,1112.75
1767275223.5824575,15,67.796875,1104.0
1767275223.5824575,15,68.96875,1096.75
1767275223.5824575,15,70.203125,1089.25
1767275223.5824575,15,71.46875,1082.25
1767275223.5824575,15,72.71875,1076.75
1767275223.5824575,15,73.921875,1072.0
1767275223.5824575,15,75.09375,1065.5
1767275223.5824575,15,76.359375,1058.75
1767275223.5824575,15,77.5625,1053.75
1767275223.5824575,15,78.765625,1050.0
1767275223.5824575,15,80.046875,1046.5
1767275223.5824575,15,81.1875,1043.5
1767275223.5824575,15,82.46875,1042.0
1767275223.5824575,15,83.5,1040.5
1767275223.5824575,15,84.78125,1038.75
1767275223.5824575,15,85.984375,1036.5
1767275223.5824575,15,87.203125,1036.25
1767275223.5824575,15,88.375,1036.0
1767275223.5824575,15,89.578125,1035.75
1767275223.5824575,15,90.765625,1038.0
1767275223.5824575,15,91.96875,1039.75
1767275223.5824575,15,93.15625,1040.25
1767275223.5824575,15,94.40625,1041.75
1767275223.5824575,15,95.546875,1044.25
1767275223.5824575,15,96.8125,1046.75
1767275223.5824575,15,97.984375,1049.75
1767275223.5824575,15,99.21875,1055.25
1767275223.5824575,15,100.4375,1060.5
1767275223.5824575,15,101.65625,1064.5
1767275223.5824575,15,102.75,1069.0
1767275223.5824575,15,104.046875,1073.75
1767275223.5824575,15,105.171875,1080.0
1767275223.5824575,15,106.453125,1087.25
1767275223.5824575,15,107.578125,1094.25
1767275223.5824575,15,108.828125,1100.75
1767275223.5824575,15,110.015625,1108.75
1767275223.5824575,15,111.15625,1117.25
1767275223.5824575,15,112.375,1124.0
1767275223.5824575,15,113.59375,1134.25
1767275223.5824575,15,114.84375,1147.0
1767275223.5824575,15,116.03125,1159.0
1767275223.5824575,15,117.203125,1170.75
1767275223.5824575,15,118.390625,1181.0
1767275223.5824575,15,119.609375,1194.0
1767275223.5824575,15,120.78125,1209.25
1767275223.5824575,15,121.921875,1225.0
1767275223.5824575,15,123.125,1241.25
1767275223.5824575,15,124.359375,1256.0
1767275223.5824575,15,125.546875,1272.75
1767275223.5824575,15,129.21875,1248.75
1767275223.5824575,15,130.4375,1218.0
1767275223.5824575,15,131.625,1190.0
1767275223.5824575,15,132.828125,1167.5
1767275223.5824575,15,134.078125,1142.5
1767275223.5824575,15,135.296875,1117.75
1767275223.5824575,15,136.5625,1099.0
1767275223.5824575,15,137.859375,1080.0
1767275223.5824575,15,139.046875,1059.0
1767275223.5824575,15,140.328125,1039.75
1767275223.5824575,15,141.453125,1024.5
1767275223.5824575,15,142.75,1008.25
1767275223.5824575,15,143.96875,991.75
1767275223.5824575,15,145.140625,979.25
1767275223.5824575,15,146.34375,967.5
1767275223.5824575,15,147.6875,955.5
1767275223.5824575,15,148.90625,943.75
1767275223.5824575,15,150.140625,931.75
1767275223.5824575,15,151.265625,920.75
1767275223.5824575,15,152.515625,912.75
1767275223.5824575,15,153.71875,905.0
1767275223.5824575,15,154.984375,895.75
1767275223.5824575,15,156.109375,888.75
1767275223.5824575,15,157.390625,882.5
1767275223.5824575,15,158.59375,875.5
1767275223.5824575,15,159.828125,869.5
1767275223.5824575,15,161.078125,864.25
1767275223.5824575,15,162.21875,857.75
1767275223.5824575,15,163.515625,852.5
1767275223.5824575,15,164.71875,848.5
1767275223.5824575,15,165.90625,843.75
1767275223.5824575,15,167.078125,839.75
1767275223.5824575,15,168.34375,836.0
1767275223.5824575,15,169.546875,832.5
1767275223.5824575,15,170.78125,829.0
1767275223.5824575,15,172.015625,826.25
1767275223.5824575,15,173.125,825.0
1767275223.5824575,15,174.34375,824.0
1767275223.5824575,15,175.546875,823.5
1767275223.5824575,15,176.78125,823.0
1767275223.5824575,15,178.0625,823.25
1767275223.5824575,15,179.28125,823.0
1767275223.5824575,15,180.390625,823.5
1767275223.5824575,15,181.609375,824.75
1767275223.5824575,15,182.859375,825.75
1767275223.5824575,15,184.046875,826.5
1767275223.5824575,15,185.234375,828.75
1767275223.5824575,15,186.421875,832.5
1767275223.5824575,15,187.734375,835.25
1767275223.5824575,15,188.9375,838.25
1767275223.5824575,15,190.09375,842.5
1767275223.5824575,15,191.21875,846.75
1767275223.5824575,15,192.453125,851.5
1767275223.5824575,15,193.59375,856.75
1767275223.5824575,15,194.875,861.5
1767275223.5824575,15,196.046875,867.0
1767275223.5824575,15,197.1875,872.0
1767275223.5824575,15,198.390625,877.25
1767275223.5824575,15,199.671875,884.0
1767275223.5824575,15,200.90625,891.0
1767275223.5824575,15,202.015625,897.75
1767275223.5824575,15,203.234375,906.25
1767275223.5824575,15,204.546875,915.25
1767275223.5824575,15,205.65625,923.25
1767275223.5824575,15,206.96875,932.25
1767275223.5824575,15,208.09375,944.25
1767275223.5824575,15,209.359375,957.0
1767275223.5824575,15,210.4375,967.5
1767275223.5824575,15,211.734375,978.75
1767275223.5824575,15,212.84375,992.0
1767275223.5824575,15,214.046875,1005.25
1767275223.5824575,15,215.296875,1020.5
1767275223.5824575,15,216.484375,1037.0
1767275223.5824575,15,217.625,1052.75
1767275223.5824575,15,218.828125,1070.75
1767275223.5824575,15,220.0625,1089.75
1767275223.5824575,15,221.25,1108.5
1767275223.5824575,15,222.390625,1130.0
1767275223.5824575,15,223.5625,1151.5
1767275223.5824575,15,224.765625,1173.5
1767275223.5824575,15,225.921875,1199.25
1767275223.5824575,15,227.125,1225.5
1767275223.5824575,15,228.34375,1253.25
1767275223.5824575,15,229.515625,1286.0
1767275223.5824575,15,230.671875,1320.0
1767275223.5824575,15,231.828125,1354.75
1767275223.5824575,15,233.0625,1392.75
1767275223.5824575,15,234.265625,1429.25
1767275223.5824575,15,235.4375,1435.75
1767275223.5824575,15,236.65625,1418.0
1767275223.5824575,15,237.90625,1400.0
1767275223.5824575,15,239.09375,1379.25
1767275223.5824575,15,240.34375,1359.0
1767275223.5824575,15,241.609375,1342.5
1767275223.5824575,15,242.8125,1329.25
1767275223.5824575,15,243.984375,1317.25
1767275223.5824575,15,245.203125,1305.0
1767275223.5824575,15,246.46875,1291.5
1767275223.5824575,15,247.640625,1280.5
1767275223.5824575,15,248.890625,1272.25
1767275223.5824575,15,250.109375,1263.25
1767275223.5824575,15,251.28125,1254.25
1767275223.5824575,15,252.484375,1245.5
1767275223.5824575,15,253.6875,1237.5
1767275223.5824575,15,254.890625,1231.25
1767275223.5824575,15,256.109375,1226.0
1767275223.5824575,15,257.3125,1220.25
1767275223.5824575,15,258.53125,1215.0
1767275223.5824575,15,259.78125,1211.25
1767275223.5824575,15,260.96875,1206.5
1767275223.5824575,15,262.234375,1202.75
1767275223.5824575,15,263.4375,1202.0
1767275223.5824575,15,264.578125,1200.0
1767275223.5824575,15,265.859375,1196.75
1767275223.5824575,15,267.0,1195.5
1767275223.5824575,15,268.25,1195.75
1767275223.5824575,15,269.4375,1196.0
1767275223.5824575,15,270.640625,1197.25
1767275223.5824575,15,271.875,1199.5
1767275223.5824575,15,273.0625,1201.5
1767275223.5824575,15,274.265625,1202.5
1767275223.5824575,15,275.359375,1204.75
1767275223.5824575,15,276.59375,1208.5
1767275223.5824575,15,277.8125,1212.25
1767275223.5824575,15,279.046875,1216.0
1767275223.5824575,15,280.1875,1221.0
1767275223.5824575,15,281.421875,1224.5
1767275223.5824575,15,282.609375,1229.5
1767275223.5824575,15,283.765625,1236.75
1767275223.5824575,15,285.015625,1244.75
1767275223.5824575,15,286.21875,1252.25
1767275223.5824575,15,287.359375,1260.25
1767275223.5824575,15,288.5625,1269.5
1767275223.5824575,15,289.796875,1279.5
1767275223.5824575,15,291.0,1290.75
1767275223.5824575,15,292.203125,1303.75
1767275223.5824575,15,293.34375,1316.75
1767275223.5824575,15,294.59375,1329.25
1767275223.5824575,15,295.734375,1343.0
1767275223.5824575,15,296.90625,1357.25
1767275223.5824575,15,298.09375,1373.75
1767275223.5824575,15,299.34375,1390.75
1767275223.5824575,15,300.53125,1407.75
1767275223.5824575,15,301.734375,1412.75
1767275223.5824575,15,304.234375,1343.5
1767275223.5824575,15,305.515625,1304.25
1767275223.5824575,15,306.6875,1267.5
1767275223.5824575,15,310.4375,1125.0
1767275223.5824575,15,311.6875,1100.25
1767275223.5824575,15,313.0,1078.0
1767275223.5824575,15,314.234375,1053.75
1767275223.5824575,15,315.390625,1031.0
1767275223.5824575,15,316.625,1011.75
1767275223.5824575,15,317.890625,993.5
1767275223.5824575,15,319.140625,976.75
1767275223.5824575,15,320.28125,961.0
1767275223.5824575,15,321.5625,946.0
1767275223.5824575,15,322.734375,930.25
1767275223.5824575,15,323.984375,916.5
1767275223.5824575,15,325.296875,904.25
1767275223.5824575,15,326.53125,891.75
1767275223.5824575,15,327.734375,880.5
1767275223.5824575,15,328.921875,870.75
1767275223.5824575,15,330.203125,859.75
1767275223.5824575,15,331.359375,849.75
1767275223.5824575,15,332.5625,840.5
1767275223.5824575,15,333.890625,830.5
1767275223.5824575,15,335.109375,822.0
1767275223.5824575,15,336.328125,815.0
1767275223.5824575,15,337.578125,807.0
1767275223.5824575,15,338.703125,799.25
1767275223.5824575,15,339.890625,794.0
1767275223.5824575,15,341.234375,789.0
1767275223.5824575,15,342.453125,783.25
1767275223.5824575,15,343.5625,778.5
1767275223.5824575,15,344.90625,773.5
1767275223.5824575,15,346.0,769.0
1767275223.5824575,15,347.203125,765.75
1767275223.5824575,15,348.40625,763.0
1767275223.5824575,15,349.609375,760.25
1767275223.5824575,15,350.859375,757.0
1767275223.5824575,15,352.03125,753.75
1767275223.732724,15,353.265625,751.5
1767275223.732724,15,354.546875,750.0
1767275223.732724,15,355.625,749.5
1767275223.732724,15,356.875,748.75
1767275223.732724,15,359.21875,774.0
1767275223.732724,15,0.46875,776.75
1767275223.732724,15,1.53125,786.25
1767275223.732724,15,2.84375,793.25
1767275223.732724,15,4.03125,795.5
1767275223.732724,15,5.15625,797.75
1767275223.732724,15,6.3125,799.75
1767275223.732724,15,7.5625,801.5
1767275223.732724,15,8.84375,804.0
1767275223.732724,15,10.0,808.25
1767275223.732724,15,11.203125,812.75
1767275223.732724,15,12.453125,817.0
1767275223.732724,15,13.65625,822.0
1767275223.732724,15,14.75,826.75
1767275223.732724,15,16.0,832.0
1767275223.732724,15,17.1875,838.25
1767275223.732724,15,18.359375,845.25
1767275223.732724,15,19.53125,853.0
1767275223.732724,15,20.71875,861.0
1767275223.732724,15,22.0,868.25
1767275223.732724,15,23.140625,874.75
1767275223.732724,15,24.296875,882.0
1767275223.732724,15,25.484375,890.75
1767275223.732724,15,26.734375,900.75
1767275223.732724,15,27.875,909.5
1767275223.732724,15,29.078125,919.0
1767275223.732724,15,30.34375,931.5
1767275223.732724,15,31.421875,944.5
1767275223.732724,15,32.609375,955.75
1767275223.732724,15,33.828125,969.0
1767275223.732724,15,35.078125,983.5
1767275223.732724,15,36.28125,996.0
1767275223.732724,15,37.4375,1011.0
1767275223.732724,15,38.640625,1028.25
1767275223.732724,15,39.84375,1045.0
1767275223.732724,15,40.984375,1062.25
1767275223.732724,15,42.125,1082.75
1767275223.732724,15,43.34375,1104.25
1767275223.732724,15,44.53125,1125.0
1767275223.732724,15,45.71875,1149.0
1767275223.732724,15,46.953125,1173.5
1767275223.732724,15,48.140625,1200.25
1767275223.732724,15,49.25,1228.5
1767275223.732724,15,50.46875,1255.75
1767275223.732724,15,51.640625,1270.0
1767275223.732724,15,52.875,1261.75
1767275223.732724,15,54.078125,1245.0
1767275223.732724,15,55.296875,1228.5
1767275223.732724,15,56.5625,1212.75
1767275223.732724,15,57.8125,1195.5
1767275223.732724,15,59.015625,1181.5
1767275223.732724,15,60.25,1171.5
1767275223.732724,15,61.40625,1157.5
1767275223.732724,15,62.640625,1145.5
1767275223.732724,15,63.9375,1135.25
1767275223.732724,15,65.0625,1124.25
1767275223.732724,15,66.359375,1115.75
1767275223.732724,15,67.53125,1107.0
1767275223.732724,15,68.796875,1098.5
1767275223.732724,15,69.953125,1089.75
1767275223.732724,15,71.234375,1083.0
1767275223.732724,15,72.40625,1077.0
1767275223.732724,15,73.65625,1071.5
1767275223.732724,15,74.78125,1066.5
1767275223.732724,15,76.03125,1061.0
1767275223.732724,15,77.3125,1056.0
1767275223.732724,15,78.46875,1050.75
1767275223.732724,15,79.703125,1047.0
1767275223.732724,15,80.875,1044.5
1767275223.732724,15,82.15625,1041.75
1767275223.732724,15,83.28125,1040.25
1767275223.732724,15,84.421875,1038.5
1767275223.732724,15,85.59375,1038.0
1767275223.732724,15,86.921875,1037.25
1767275223.732724,15,88.046875,1035.5
1767275223.732724,15,89.28125,1035.75
1767275223.732724,15,90.453125,1036.25
1767275223.732724,15,91.640625,1038.0
1767275223.732724,15,92.84375,1040.25
1767275223.732724,15,94.0625,1041.75
1767275223.732724,15,95.28125,1043.25
1767275223.732724,15,96.421875,1046.25
1767275223.732724,15,97.65625,1049.0
1767275223.732724,15,98.8125,1053.75
1767275223.732724,15,100.0625,1059.0
1767275223.732724,15,101.3125,1062.5
1767275223.732724,15,102.421875,1067.25
1767275223.732724,15,103.6875,1073.0
1767275223.732724,15,104.796875,1078.75
1767275223.732724,15,106.078125,1084.75
1767275223.732724,15,107.1875,1092.0
1767275223.732724,15,108.390625,1099.75
1767275223.732724,15,109.65625,1107.25
1767275223.732724,15,110.859375,1114.25
1767275223.732724,15,112.0,1122.0
1767275223.732724,15,113.1875,1132.25
1767275223.732724,15,114.40625,1142.25
1767275223.732724,15,115.640625,1154.75
1767275223.732724,15,116.78125,1167.75
1767275223.732724,15,117.953125,1177.25
1767275223.732724,15,119.1875,1190.25
1767275223.732724,15,120.328125,1205.5
1767275223.732724,15,121.59375,1218.25
1767275223.732724,15,122.75,1232.0
1767275223.732724,15,123.9375,1250.0
1767275223.732724,15,125.09375,1268.5
1767275223.732724,15,126.28125,1275.0
1767275223.732724,15,127.515625,1274.0
1767275223.732724,15,128.71875,1259.25
1767275223.732724,15,130.015625,1229.5
1767275223.732724,15,131.21875,1200.75
1767275223.732724,15,132.40625,1175.25
1767275223.732724,15,133.640625,1152.25
1767275223.732724,15,134.84375,1129.0
1767275223.732724,15,136.15625,1106.5
1767275223.732724,15,137.34375,1085.0
1767275223.732724,15,138.515625,1066.5
1767275223.732724,15,139.765625,1049.25
1767275223.732724,15,140.96875,1030.75
1767275223.732724,15,142.3125,1012.75
1767275223.732724,15,143.421875,998.0
1767275223.732724,15,144.703125,985.0
1767275223.732724,15,145.96875,971.25
1767275223.732724,15,147.09375,958.75
1767275223.732724,15,148.3125,947.75
1767275223.732724,15,149.5625,936.75
1767275223.732724,15,150.734375,926.75
1767275223.732724,15,152.03125,916.5
1767275223.732724,15,153.203125,907.5
1767275223.732724,15,154.4375,899.0
1767275223.732724,15,155.734375,891.0
1767275223.732724,15,156.90625,884.25
1767275223.732724,15,158.109375,877.5
1767275223.732724,15,159.359375,871.5
1767275223.732724,15,160.59375,867.0
1767275223.732724,15,161.78125,861.75
1767275223.732724,15,162.953125,856.5
1767275223.732724,15,164.140625,850.75
1767275223.732724,15,165.46875,845.75
1767275223.732724,15,166.671875,841.5
1767275223.732724,15,167.75,837.0
1767275223.732724,15,169.0,833.5
1767275223.732724,15,170.15625,830.25
1767275223.732724,15,171.375,828.0
1767275223.732724,15,172.6875,826.0
1767275223.732724,15,173.8125,824.5
1767275223.732724,15,175.09375,823.75
1767275223.732724,15,176.25,823.0
1767275223.732724,15,177.546875,823.0
1767275223.732724,15,178.734375,823.25
1767275223.732724,15,180.03125,823.5
1767275223.732724,15,181.203125,824.75
1767275223.732724,15,182.3125,825.75
1767275223.732724,15,183.578125,826.25
1767275223.732724,15,184.765625,828.25
1767275223.732724,15,186.015625,830.75
1767275223.732724,15,187.125,833.5
1767275223.732724,15,188.359375,837.5
1767275223.732724,15,189.609375,841.5
1767275223.732724,15,190.8125,845.5
1767275223.732724,15,192.0,849.5
1767275223.732724,15,193.171875,854.0
1767275223.732724,15,194.34375,858.75
1767275223.732724,15,195.640625,863.5
1767275223.732724,15,196.796875,869.25
1767275223.732724,15,198.0,874.75
1767275223.732724,15,199.125,880.25
1767275223.732724,15,200.3125,887.0
1767275223.732724,15,201.515625,895.5
1767275223.732724,15,202.703125,903.5
1767275223.732724,15,204.0625,911.25
1767275223.732724,15,205.265625,920.0
1767275223.732724,15,206.359375,929.75
1767275223.732724,15,207.578125,941.5
1767275223.732724,15,208.734375,952.5
1767275223.732724,15,210.015625,962.0
1767275223.732724,15,211.109375,974.5
1767275223.732724,15,212.375,987.25
1767275223.732724,15,213.515625,999.0
1767275223.732724,15,214.765625,1014.0
1767275223.732724,15,215.96875,1030.5
1767275223.732724,15,217.125,1046.25
1767275223.732724,15,218.296875,1062.5
1767275223.732724,15,219.53125,1080.25
1767275223.732724,15,220.6875,1101.25
1767275223.732724,15,221.90625,1122.75
1767275223.732724,15,223.046875,1143.25
1767275223.732724,15,224.1875,1164.75
1767275223.732724,15,225.421875,1185.5
1767275223.732724,15,226.5625,1209.25
1767275223.732724,15,227.8125,1240.0
1767275223.732724,15,228.9375,1270.5
1767275223.732724,15,230.140625,1303.0
1767275223.732724,15,231.328125,1337.25
1767275223.732724,15,232.453125,1375.25
1767275223.732724,15,233.671875,1415.0
1767275223.732724,15,234.921875,1434.25
1767275223.732724,15,236.125,1425.0
1767275223.732724,15,237.328125,1405.75
1767275223.732724,15,238.578125,1385.25
1767275223.732724,15,239.78125,1366.25
1767275223.732724,15,240.984375,1348.75
1767275223.732724,15,242.25,1332.75
1767275223.732724,15,243.4375,1321.25
1767275223.732724,15,244.703125,1310.25
1767275223.732724,15,245.90625,1298.25
1767275223.732724,15,247.109375,1287.25
1767275223.732724,15,248.28125,1277.0
1767275223.732724,15,249.5,1266.75
1767275223.732724,15,250.71875,1258.0
1767275223.732724,15,251.96875,1250.25
1767275223.732724,15,253.21875,1241.5
1767275223.732724,15,254.421875,1233.25
1767275223.732724,15,255.59375,1227.5
1767275223.732724,15,256.875,1223.25
1767275223.732724,15,258.0625,1218.5
1767275223.732724,15,259.203125,1213.25
1767275223.732724,15,260.453125,1209.25
1767275223.732724,15,261.71875,1206.75
1767275223.732724,15,262.890625,1202.5
1767275223.732724,15,264.109375,1199.25
1767275223.732724,15,265.359375,1198.25
1767275223.732724,15,266.546875,1197.5
1767275223.732724,15,267.734375,1196.5
1767275223.732724,15,268.953125,1195.75
1767275223.732724,15,270.1875,1196.75
1767275223.732724,15,271.390625,1197.25
1767275223.732724,15,272.546875,1199.0
1767275223.732724,15,273.78125,1202.0
1767275223.732724,15,274.921875,1204.0
1767275223.732724,15,276.09375,1206.0
1767275223.732724,15,277.3125,1209.25
1767275223.732724,15,278.578125,1214.0
1767275223.732724,15,279.71875,1218.25
1767275223.732724,15,280.96875,1223.0
1767275223.732724,15,282.09375,1227.25
1767275223.732724,15,283.375,1232.5
1767275223.732724,15,284.546875,1240.75
1767275223.732724,15,285.765625,1249.0
1767275223.732724,15,286.96875,1258.0
1767275223.732724,15,288.09375,1267.25
1767275223.732724,15,289.296875,1277.0
1767275223.732724,15,290.515625,1288.25
1767275223.732724,15,291.71875,1299.5
1767275223.732724,15,292.953125,1311.25
1767275223.732724,15,294.078125,1323.5
1767275223.732724,15,295.28125,1335.5
1767275223.732724,15,296.5,1349.25
1767275223.732724,15,297.640625,1365.75
1767275223.732724,15,298.875,1383.75
1767275223.732724,15,300.09375,1401.75
1767275223.732724,15,303.734375,1361.5
1767275223.732724,15,305.015625,1321.5
1767275223.732724,15,306.234375,1282.5
1767275223.732724,15,307.421875,1247.0
1767275223.732724,15,311.171875,1110.5
1767275223.732724,15,312.453125,1086.25
1767275223.732724,15,313.734375,1062.75
1767275223.732724,15,314.921875,1041.25
1767275223.732724,15,316.125,1019.0
1767275223.732724,15,317.359375,999.75
1767275223.732724,15,318.5625,983.25
1767275223.732724,15,319.859375,966.25
1767275223.732724,15,321.0625,951.25
1767275223.732724,15,322.296875,936.25
1767275223.732724,15,323.5625,921.0
1767275223.732724,15,324.75,908.25
1767275223.732724,15,325.90625,896.5
1767275223.732724,15,327.25,883.75
1767275223.732724,15,328.375,874.0
1767275223.732724,15,329.578125,865.25
1767275223.732724,15,330.796875,855.25
1767275223.732724,15,332.078125,844.75
1767275223.732724,15,333.375,834.0
1767275223.732724,15,334.5,824.75
1767275223.732724,15,335.828125,818.0
1767275223.732724,15,336.890625,810.0
1767275223.732724,15,338.234375,802.0
1767275223.732724,15,339.390625,796.5
1767275223.732724,15,340.609375,791.25
1767275223.732724,15,341.796875,785.0
1767275223.732724,15,343.09375,779.25
1767275223.732724,15,344.328125,775.75
1767275223.732724,15,345.578125,772.0
1767275223.732724,15,346.765625,767.5
1767275223.732724,15,348.046875,763.5
1767275223.732724,15,349.15625,760.5
1767275223.732724,15,350.421875,758.0
1767275223.732724,15,351.53125,755.5
1767275223.8870184,15,352.796875,753.0
1767275223.8870184,15,353.96875,751.5
1767275223.8870184,15,355.203125,751.25
1767275223.8870184,15,356.40625,749.5
1767275223.8870184,15,358.71875,774.5
1767275223.8870184,15,0.046875,773.75
1767275223.8870184,15,1.203125,783.5
1767275223.8870184,15,2.296875,793.75
1767275223.8870184,15,3.609375,795.25
1767275223.8870184,15,4.734375,797.0
1767275223.8870184,15,5.96875,798.75
1767275223.8870184,15,7.109375,800.75
1767275223.8870184,15,8.375,803.0
1767275223.8870184,15,9.5625,806.75
1767275223.8870184,15,10.84375,811.25
1767275223.8870184,15,12.03125,815.5
1767275223.8870184,15,13.140625,819.5
1767275223.8870184,15,14.390625,824.25
1767275223.8870184,15,15.640625,830.0
1767275223.8870184,15,16.796875,836.0
1767275223.8870184,15,18.015625,843.0
1767275223.8870184,15,19.21875,849.5
1767275223.8870184,15,20.421875,856.5
1767275223.8870184,15,21.640625,865.0
1767275223.8870184,15,22.828125,873.0
1767275223.8870184,15,23.921875,880.5
1767275223.8870184,15,25.09375,889.25
1767275223.8870184,15,26.296875,898.0
1767275223.8870184,15,27.484375,907.0
1767275223.8870184,15,28.6875,916.75
1767275223.8870184,15,29.921875,927.75
1767275223.8870184,15,31.0625,940.25
1767275223.8870184,15,32.328125,952.25
1767275223.8870184,15,33.453125,964.0
1767275223.8870184,15,34.75,978.0
1767275223.8870184,15,35.84375,992.0
1767275223.8870184,15,37.0625,1006.25
1767275223.8870184,15,38.296875,1023.5
1767275223.8870184,15,39.5,1041.75
1767275223.8870184,15,40.65625,1059.25
1767275223.8870184,15,41.8125,1078.5
1767275223.8870184,15,42.96875,1098.5
1767275223.8870184,15,44.234375,1119.25
1767275223.8870184,15,45.359375,1142.0
1767275223.8870184,15,46.5625,1167.25
1767275223.8870184,15,47.78125,1192.25
1767275223.8870184,15,48.890625,1217.75
1767275223.8870184,15,50.140625,1247.0
1767275223.8870184,15,51.28125,1270.75
1767275223.8870184,15,52.5625,1270.75
1767275223.8870184,15,53.734375,1251.75
1767275223.8870184,15,54.9375,1232.5
1767275223.8870184,15,56.1875,1216.0
1767275223.8870184,15,57.4375,1203.0
1767275223.8870184,15,58.671875,1190.0
1767275223.8870184,15,59.75,1176.0
1767275223.8870184,15,61.015625,1163.25
1767275223.8870184,15,62.1875,1150.5
1767275223.8870184,15,63.421875,1139.0
1767275223.8870184,15,64.71875,1128.5
1767275223.8870184,15,65.875,1118.25
1767275223.8870184,15,67.109375,1109.25
1767275223.8870184,15,68.359375,1100.5
1767275223.8870184,15,69.5625,1092.0
1767275223.8870184,15,70.765625,1085.5
1767275223.8870184,15,71.953125,1079.5
1767275223.8870184,15,73.171875,1073.75
1767275223.8870184,15,74.4375,1068.0
1767275223.8870184,15,75.5625,1062.5
1767275223.8870184,15,76.796875,1058.25
1767275223.8870184,15,78.0625,1052.75
1767275223.8870184,15,79.234375,1048.0
1767275223.8870184,15,80.421875,1045.75
1767275223.8870184,15,81.65625,1042.5
1767275223.8870184,15,82.84375,1038.75
1767275223.8870184,15,84.078125,1037.0
1767275223.8870184,15,85.296875,1037.0
1767275223.8870184,15,86.4375,1037.0
1767275223.8870184,15,87.703125,1036.5
1767275223.8870184,15,88.90625,1036.5
1767275223.8870184,15,90.046875,1037.75
1767275223.8870184,15,91.28125,1038.0
1767275223.8870184,15,92.5,1039.0
1767275223.8870184,15,93.65625,1041.75
1767275223.8870184,15,94.875,1043.75
1767275223.8870184,15,96.078125,1045.75
1767275223.8870184,15,97.28125,1048.75
1767275223.8870184,15,98.484375,1053.0
1767275223.8870184,15,99.625,1057.25
1767275223.8870184,15,100.875,1060.75
1767275223.8870184,15,102.09375,1065.5
1767275223.8870184,15,103.296875,1070.25
1767275223.8870184,15,104.40625,1076.75
1767275223.8870184,15,105.640625,1083.25
1767275223.8870184,15,106.890625,1088.75
1767275223.8870184,15,108.015625,1096.25
1767275223.8870184,15,109.1875,1104.0
1767275223.8870184,15,110.421875,1111.75
1767275223.8870184,15,111.609375,1120.25
1767275223.8870184,15,112.828125,1128.5
1767275223.8870184,15,113.984375,1138.75
1767275223.8870184,15,115.140625,1151.25
1767275223.8870184,15,116.375,1163.0
1767275223.8870184,15,117.609375,1174.0
1767275223.8870184,15,118.78125,1184.25
1767275223.8870184,15,119.921875,1197.0
1767275223.8870184,15,121.09375,1213.25
1767275223.8870184,15,122.296875,1228.5
1767275223.8870184,15,123.53125,1245.5
1767275223.8870184,15,124.640625,1262.25
1767275223.8870184,15,125.859375,1278.25
1767275223.8870184,15,127.046875,1287.0
1767275223.8870184,15,128.28125,1271.75
1767275223.8870184,15,129.484375,1241.0
1767275223.8870184,15,130.75,1208.0
1767275223.8870184,15,131.890625,1181.75
1767275223.8870184,15,133.125,1160.75
1767275223.8870184,15,134.359375,1137.25
1767275223.8870184,15,135.59375,1116.25
1767275223.8870184,15,136.84375,1095.25
1767275223.8870184,15,138.109375,1073.0
1767275223.8870184,15,139.28125,1054.25
1767275223.8870184,15,140.515625,1037.75
1767275223.8870184,15,141.703125,1021.0
1767275223.8870184,15,142.90625,1005.75
1767275223.8870184,15,144.140625,991.5
1767275223.8870184,15,145.40625,977.0
1767275223.8870184,15,146.59375,964.0
1767275223.8870184,15,147.875,953.75
1767275223.8870184,15,149.09375,942.75
1767275223.8870184,15,150.296875,930.75
1767275223.8870184,15,151.53125,920.0
1767275223.8870184,15,152.65625,911.0
1767275223.8870184,15,153.984375,903.0
1767275223.8870184,15,155.171875,895.0
1767275223.8870184,15,156.390625,887.5
1767275223.8870184,15,157.59375,880.0
1767275223.8870184,15,158.765625,873.75
1767275223.8870184,15,160.03125,869.0
1767275223.8870184,15,161.203125,863.5
1767275223.8870184,15,162.390625,857.75
1767275223.8870184,15,163.734375,852.25
1767275223.8870184,15,164.921875,847.25
1767275223.8870184,15,166.078125,843.5
1767275223.8870184,15,167.28125,840.0
1767275223.8870184,15,168.484375,836.0
1767275223.8870184,15,169.75,831.75
1767275223.8870184,15,170.90625,828.25
1767275223.8870184,15,172.0625,825.75
1767275223.8870184,15,173.296875,824.5
1767275223.8870184,15,174.46875,823.25
1767275223.8870184,15,175.75,822.5
1767275223.8870184,15,177.0,822.75
1767275223.8870184,15,178.0625,822.5
1767275223.8870184,15,179.28125,823.25
1767275223.8870184,15,180.71875,824.25
1767275223.8870184,15,181.84375,824.5
1767275223.8870184,15,183.046875,825.25
1767275223.8870184,15,184.25,827.0
1767275223.8870184,15,185.53125,830.25
1767275223.8870184,15,186.6875,833.25
1767275223.8870184,15,187.8125,835.75
1767275223.8870184,15,189.15625,839.25
1767275223.8870184,15,190.234375,843.25
1767275223.8870184,15,191.421875,846.5
1767275223.8870184,15,192.75,850.5
1767275223.8870184,15,193.84375,856.25
1767275223.8870184,15,195.078125,861.75
1767275223.8870184,15,196.265625,867.25
1767275223.8870184,15,197.46875,872.25
1767275223.8870184,15,198.59375,878.25
1767275223.8870184,15,199.921875,885.25
1767275223.8870184,15,201.09375,892.0
1767275223.8870184,15,202.203125,899.25
1767275223.8870184,15,203.484375,907.25
1767275223.8870184,15,204.6875,915.0
1767275223.8870184,15,205.765625,924.5
1767275223.8870184,15,207.0,934.0
1767275223.8870184,15,208.171875,944.75
1767275223.8870184,15,209.40625,957.5
1767275223.8870184,15,210.59375,969.0
1767275223.8870184,15,211.796875,980.0
1767275223.8870184,15,212.9375,992.0
1767275223.8870184,15,214.09375,1006.0
1767275223.8870184,15,215.296875,1021.25
1767275223.8870184,15,216.453125,1037.0
1767275223.8870184,15,217.75,1053.0
1767275223.8870184,15,218.84375,1070.75
1767275223.8870184,15,220.0,1090.0
1767275223.8870184,15,221.1875,1108.75
1767275223.8870184,15,222.40625,1130.0
1767275223.8870184,15,223.609375,1151.75
1767275223.8870184,15,224.78125,1173.75
1767275223.8870184,15,225.984375,1199.25
1767275223.8870184,15,227.1875,1225.5
1767275223.8870184,15,228.296875,1253.5
1767275223.8870184,15,229.5,1286.25
1767275223.8870184,15,230.703125,1319.25
1767275223.8870184,15,231.828125,1354.25
1767275223.8870184,15,233.0,1393.0
1767275223.8870184,15,234.1875,1429.5
1767275223.8870184,15,235.421875,1435.75
1767275223.8870184,15,236.65625,1417.25
1767275223.8870184,15,237.890625,1399.5
1767275223.8870184,15,239.09375,1379.0
1767275223.8870184,15,240.3125,1358.5
1767275223.8870184,15,241.546875,1342.25
1767275223.8870184,15,242.734375,1329.25
1767275223.8870184,15,243.953125,1317.5
1767275223.8870184,15,245.125,1305.25
1767275223.8870184,15,246.421875,1291.5
1767275223.8870184,15,247.640625,1280.25
1767275223.8870184,15,248.78125,1271.75
1767275223.8870184,15,250.046875,1263.25
1767275223.8870184,15,251.328125,1253.75
1767275223.8870184,15,252.46875,1245.25
1767275223.8870184,15,253.75,1237.5
1767275223.8870184,15,254.9375,1231.25
1767275223.8870184,15,256.15625,1226.0
1767275223.8870184,15,257.359375,1220.25
1767275223.8870184,15,258.515625,1215.0
1767275223.8870184,15,259.78125,1211.25
1767275223.8870184,15,260.953125,1206.25
1767275223.8870184,15,262.234375,1202.5
1767275223.8870184,15,263.453125,1201.75
1767275223.8870184,15,264.59375,1199.75
1767275223.8870184,15,265.8125,1196.5
1767275223.8870184,15,266.984375,1195.25
1767275223.8870184,15,268.234375,1195.5
1767275223.8870184,15,269.453125,1196.0
1767275223.8870184,15,270.6875,1197.0
1767275223.8870184,15,271.859375,1199.25
1767275223.8870184,15,273.03125,1201.5
1767275223.8870184,15,274.25,1202.5
1767275223.8870184,15,275.375,1204.5
1767275223.8870184,15,276.625,1208.25
1767275223.8870184,15,277.8125,1212.25
1767275223.8870184,15,279.0,1216.0
1767275223.8870184,15,280.171875,1221.0
1767275223.8870184,15,281.359375,1224.75
1767275223.8870184,15,282.59375,1229.75
1767275223.8870184,15,283.8125,1236.75
1767275223.8870184,15,284.984375,1244.5
1767275223.8870184,15,286.15625,1252.0
1767275223.8870184,15,287.40625,1260.0
1767275223.8870184,15,288.640625,1269.25
1767275223.8870184,15,289.78125,1279.25
1767275223.8870184,15,290.984375,1290.5
1767275223.8870184,15,292.171875,1303.5
1767275223.8870184,15,293.359375,1316.5
1767275223.8870184,15,294.578125,1329.25
1767275223.8870184,15,295.78125,1342.5
1767275223.8870184,15,296.96875,1356.75
1767275223.8870184,15,298.109375,1373.5
1767275223.8870184,15,299.3125,1390.75
1767275223.8870184,15,300.5625,1407.75
1767275223.8870184,15,301.75,1413.0
1767275223.8870184,15,304.1875,1343.5
1767275223.8870184,15,305.40625,1304.25
1767275223.8870184,15,306.640625,1269.25
1767275223.8870184,15,310.484375,1126.25
1767275223.8870184,15,311.71875,1101.5
1767275223.8870184,15,312.921875,1078.0
1767275223.8870184,15,314.125,1053.75
1767275223.8870184,15,315.421875,1031.0
1767275223.8870184,15,316.65625,1011.5
1767275223.8870184,15,317.859375,993.5
1767275223.8870184,15,319.046875,977.5
1767275223.8870184,15,320.234375,962.0
1767275223.8870184,15,321.484375,946.25
1767275223.8870184,15,322.71875,931.0
1767275223.8870184,15,323.953125,917.25
1767275223.8870184,15,325.1875,904.5
1767275223.8870184,15,326.453125,892.0
1767275223.8870184,15,327.6875,880.75
1767275223.8870184,15,328.921875,870.75
1767275223.8870184,15,330.140625,859.75
1767275223.8870184,15,331.375,849.75
1767275223.8870184,15,332.578125,840.75
1767275223.8870184,15,333.828125,830.5
1767275223.8870184,15,335.03125,822.25
1767275223.8870184,15,336.3125,815.0
1767275223.8870184,15,337.53125,806.75
1767275223.8870184,15,338.734375,799.25
1767275223.8870184,15,339.9375,794.25
1767275223.8870184,15,341.0625,789.0
1767275223.8870184,15,342.265625,783.25
1767275223.8870184,15,343.578125,778.75
1767275223.8870184,15,344.828125,773.75
1767275223.8870184,15,346.03125,768.75
1767275223.8870184,15,347.28125,765.75
1767275223.8870184,15,348.390625,763.0
1767275223.8870184,15,349.625,760.25
1767275223.8870184,15,350.875,756.75
1767275223.8870184,15,352.078125,753.75
1767275224.0377607,15,353.3125,751.5
1767275224.0377607,15,354.609375,750.0
1767275224.0377607,15,355.78125,749.25
1767275224.0377607,15,356.9375,748.5
1767275224.0377607,15,359.359375,774.0
1767275224.0377607,15,0.453125,776.75
1767275224.0377607,15,1.71875,786.0
1767275224.0377607,15,2.796875,793.5
1767275224.0377607,15,4.125,795.75
1767275224.0377607,15,5.3125,797.75
1767275224.0377607,15,6.421875,799.75
1767275224.0377607,15,7.65625,802.5
1767275224.0377607,15,8.796875,805.0
1767275224.0377607,15,10.109375,808.25
1767275224.0377607,15,11.3125,812.75
1767275224.0377607,15,12.484375,817.0
1767275224.0377607,15,13.609375,822.0
1767275224.0377607,15,14.875,826.5
1767275224.0377607,15,16.046875,831.75
1767275224.0377607,15,17.203125,838.25
1767275224.0377607,15,18.40625,845.5
1767275224.0377607,15,19.625,854.0
1767275224.0377607,15,20.734375,862.0
1767275224.0377607,15,21.9375,868.25
1767275224.0377607,15,23.25,874.75
1767275224.0377607,15,24.421875,882.25
1767275224.0377607,15,25.5625,891.0
1767275224.0377607,15,26.796875,900.5
1767275224.0377607,15,27.875,909.5
1767275224.0377607,15,29.140625,919.25
1767275224.0377607,15,30.359375,931.5
1767275224.0377607,15,31.46875,944.75
1767275224.0377607,15,32.640625,956.25
1767275224.0377607,15,33.921875,968.75
1767275224.0377607,15,35.015625,983.0
1767275224.0377607,15,36.296875,997.0
1767275224.0377607,15,37.515625,1013.75
1767275224.0377607,15,38.71875,1030.25
1767275224.0377607,15,39.890625,1045.5
1767275224.0377607,15,41.078125,1065.25
1767275224.0377607,15,42.25,1085.75
1767275224.0377607,15,43.5,1104.75
1767275224.0377607,15,44.609375,1126.0
1767275224.0377607,15,45.8125,1152.0
1767275224.0377607,15,47.046875,1176.0
1767275224.0377607,15,48.1875,1200.5
1767275224.0377607,15,49.421875,1229.5
1767275224.0377607,15,50.5625,1254.75
1767275224.0377607,15,51.734375,1268.0
1767275224.0377607,15,53.0,1261.75
1767275224.0377607,15,54.234375,1244.0
1767275224.0377607,15,55.453125,1227.5
1767275224.0377607,15,56.703125,1212.5
1767275224.0377607,15,57.90625,1195.0
1767275224.0377607,15,59.109375,1181.0
1767275224.0377607,15,60.328125,1171.25
1767275224.0377607,15,61.578125,1157.5
1767275224.0377607,15,62.765625,1144.5
1767275224.0377607,15,63.984375,1133.25
1767275224.0377607,15,65.21875,1123.75
1767275224.0377607,15,66.453125,1115.75
1767275224.0377607,15,67.671875,1105.75
1767275224.0377607,15,68.90625,1097.25
1767275224.0377607,15,70.125,1090.0
1767275224.0377607,15,71.3125,1083.0
1767275224.0377607,15,72.53125,1077.0
1767275224.0377607,15,73.796875,1071.5
1767275224.0377607,15,74.984375,1065.75
1767275224.0377607,15,76.21875,1060.75
1767275224.0377607,15,77.421875,1055.0
1767275224.0377607,15,78.65625,1050.0
1767275224.0377607,15,79.828125,1046.75
1767275224.0377607,15,81.125,1043.75
1767275224.0377607,15,82.34375,1041.25
1767275224.0377607,15,83.46875,1039.5
1767275224.0377607,15,84.671875,1038.5
1767275224.0377607,15,85.8125,1036.5
1767275224.0377607,15,87.0625,1036.5
1767275224.0377607,15,88.3125,1036.25
1767275224.0377607,15,89.5,1036.0
1767275224.0377607,15,90.734375,1037.5
1767275224.0377607,15,91.890625,1038.75
1767275224.0377607,15,93.140625,1040.0
1767275224.0377607,15,94.34375,1041.75
1767275224.0377607,15,95.515625,1044.25
1767275224.0377607,15,96.71875,1046.75
1767275224.0377607,15,97.9375,1049.75
1767275224.0377607,15,99.109375,1054.5
1767275224.0377607,15,100.3125,1059.75
1767275224.0377607,15,101.5625,1064.0
1767275224.0377607,15,102.71875,1068.25
1767275224.0377607,15,103.953125,1073.25
1767275224.0377607,15,105.171875,1080.0
1767275224.0377607,15,106.390625,1086.0
1767275224.0377607,15,107.53125,1092.25
1767275224.0377607,15,108.65625,1099.75
1767275224.0377607,15,109.921875,1107.25
1767275224.0377607,15,111.046875,1116.25
1767275224.0377607,15,112.296875,1124.0
1767275224.0377607,15,113.4375,1133.25
1767275224.0377607,15,114.625,1146.0
1767275224.0377607,15,115.84375,1158.5
1767275224.0377607,15,117.046875,1170.25
1767275224.0377607,15,118.265625,1180.5
1767275224.0377607,15,119.421875,1194.0
1767275224.0377607,15,120.625,1209.0
1767275224.0377607,15,121.78125,1221.25
1767275224.0377607,15,123.0,1235.75
1767275224.0377607,15,124.1875,1254.25
1767275224.0377607,15,125.375,1272.5
1767275224.0377607,15,126.59375,1289.5
1767275224.0377607,15,127.84375,1282.5
1767275224.0377607,15,129.0625,1251.25
1767275224.0377607,15,130.234375,1222.25
1767275224.0377607,15,131.5625,1194.75
1767275224.0377607,15,132.78125,1169.0
1767275224.0377607,15,134.03125,1144.25
1767275224.0377607,15,135.21875,1120.5
1767275224.0377607,15,136.484375,1100.25
1767275224.0377607,15,137.71875,1080.5
1767275224.0377607,15,138.953125,1061.0
1767275224.0377607,15,140.078125,1043.5
1767275224.0377607,15,141.375,1026.75
1767275224.0377607,15,142.65625,1009.25
1767275224.0377607,15,143.859375,993.0
1767275224.0377607,15,144.984375,979.5
1767275224.0377607,15,146.28125,968.0
1767275224.0377607,15,147.484375,956.25
1767275224.0377607,15,148.765625,944.25
1767275224.0377607,15,149.90625,932.0
1767275224.0377607,15,151.21875,921.25
1767275224.0377607,15,152.34375,913.0
1767275224.0377607,15,153.5625,905.0
1767275224.0377607,15,154.890625,896.5
1767275224.0377607,15,156.1875,889.5
1767275224.0377607,15,157.34375,882.5
1767275224.0377607,15,158.5,875.5
1767275224.0377607,15,159.71875,870.25
1767275224.0377607,15,160.9375,864.75
1767275224.0377607,15,162.21875,857.75
1767275224.0377607,15,163.390625,852.5
1767275224.0377607,15,164.59375,848.5
1767275224.0377607,15,165.890625,843.5
1767275224.0377607,15,167.15625,839.5
1767275224.0377607,15,168.296875,835.75
1767275224.0377607,15,169.578125,832.5
1767275224.0377607,15,170.671875,829.0
1767275224.0377607,15,172.0,826.25
1767275224.0377607,15,173.09375,825.0
1767275224.0377607,15,174.375,824.0
1767275224.0377607,15,175.65625,823.5
1767275224.0377607,15,176.734375,823.0
1767275224.0377607,15,177.953125,823.25
1767275224.0377607,15,179.140625,823.0
1767275224.0377607,15,180.421875,823.25
1767275224.0377607,15,181.625,824.5
1767275224.0377607,15,182.875,825.75
1767275224.0377607,15,184.046875,826.5
1767275224.0377607,15,185.25,828.75
1767275224.0377607,15,186.421875,832.5
1767275224.0377607,15,187.671875,835.25
1767275224.0377607,15,188.875,838.25
1767275224.0377607,15,190.171875,842.0
1767275224.0377607,15,191.265625,846.25
1767275224.0377607,15,192.578125,851.25
1767275224.0377607,15,193.734375,856.5
1767275224.0377607,15,194.96875,861.5
1767275224.0377607,15,196.109375,867.0
1767275224.0377607,15,197.28125,872.25
1767275224.0377607,15,198.453125,877.5
1767275224.0377607,15,199.65625,884.0
1767275224.0377607,15,200.859375,891.0
1767275224.0377607,15,202.109375,898.0
1767275224.0377607,15,203.34375,906.25
1767275224.0377607,15,204.484375,915.0
1767275224.0377607,15,205.734375,923.25
1767275224.0377607,15,206.9375,932.75
1767275224.0377607,15,208.0625,944.75
1767275224.0377607,15,209.34375,957.25
1767275224.0377607,15,210.515625,967.75
1767275224.0377607,15,211.75,979.0
1767275224.0377607,15,212.90625,992.0
1767275224.0377607,15,214.078125,1005.5
1767275224.0377607,15,215.28125,1020.75
1767275224.0377607,15,216.46875,1037.0
1767275224.0377607,15,217.640625,1053.0
1767275224.0377607,15,218.890625,1070.75
1767275224.0377607,15,220.078125,1090.0
1767275224.0377607,15,221.28125,1109.0
1767275224.0377607,15,222.40625,1130.0
1767275224.0377607,15,223.640625,1151.75
1767275224.0377607,15,224.78125,1174.0
1767275224.0377607,15,226.015625,1199.25
1767275224.0377607,15,227.203125,1227.25
1767275224.0377607,15,228.375,1255.75
1767275224.0377607,15,229.578125,1286.75
1767275224.0377607,15,230.765625,1320.25
1767275224.0377607,15,231.90625,1358.25
1767275224.0377607,15,233.125,1396.75
1767275224.0377607,15,234.25,1429.5
1767275224.0377607,15,235.53125,1433.75
1767275224.0377607,15,236.703125,1415.75
1767275224.0377607,15,237.9375,1398.5
1767275224.0377607,15,239.203125,1378.75
1767275224.0377607,15,240.390625,1357.5
1767275224.0377607,15,241.671875,1340.75
1767275224.0377607,15,242.875,1328.5
1767275224.0377607,15,244.125,1316.5
1767275224.0377607,15,245.296875,1303.25
1767275224.0377607,15,246.546875,1290.0
1767275224.0377607,15,247.734375,1280.0
1767275224.0377607,15,248.953125,1271.0
1767275224.0377607,15,250.21875,1261.5
1767275224.0377607,15,251.46875,1253.25
1767275224.0377607,15,252.640625,1246.0
1767275224.0377607,15,253.859375,1237.25
1767275224.0377607,15,255.109375,1230.0
1767275224.0377607,15,256.296875,1224.75
1767275224.0377607,15,257.546875,1220.25
1767275224.0377607,15,258.78125,1215.0
1767275224.0377607,15,259.953125,1209.75
1767275224.0377607,15,261.203125,1206.25
1767275224.0377607,15,262.46875,1202.5
1767275224.0377607,15,263.6875,1200.5
1767275224.0377607,15,264.84375,1199.5
1767275224.0377607,15,266.046875,1197.5
1767275224.0377607,15,267.265625,1191.75
1767275224.0377607,15,268.546875,1192.0
1767275224.0377607,15,269.75,1196.0
1767275224.0377607,15,270.96875,1197.0
1767275224.0377607,15,272.171875,1199.0
1767275224.0377607,15,273.34375,1200.0
1767275224.0377607,15,274.546875,1202.5
1767275224.0377607,15,275.640625,1206.0
1767275224.0377607,15,276.859375,1209.25
1767275224.0377607,15,278.15625,1212.5
1767275224.0377607,15,279.265625,1217.25
1767275224.0377607,15,280.5,1221.5
1767275224.0377607,15,281.703125,1225.25
1767275224.0377607,15,282.921875,1230.5
1767275224.0377607,15,284.140625,1237.75
1767275224.0377607,15,285.28125,1246.75
1767275224.0377607,15,286.5625,1255.25
1767275224.0377607,15,287.703125,1263.25
1767275224.0377607,15,288.921875,1272.5
1767275224.0377607,15,290.109375,1282.75
1767275224.0377607,15,291.3125,1294.25
1767275224.0377607,15,292.5625,1307.25
1767275224.0377607,15,293.671875,1320.75
1767275224.0377607,15,294.890625,1332.0
1767275224.0377607,15,296.140625,1345.0
1767275224.0377607,15,297.28125,1360.0
1767275224.0377607,15,298.515625,1377.25
1767275224.0377607,15,299.671875,1397.25
1767275224.0377607,15,300.890625,1413.25
1767275224.0377607,15,302.125,1407.25
1767275224.0377607,15,304.59375,1332.5
1767275224.0377607,15,305.875,1294.5
1767275224.0377607,15,307.0625,1258.25
1767275224.0377607,15,310.859375,1117.25
1767275224.0377607,15,312.0625,1093.75
1767275224.0377607,15,313.34375,1069.0
1767275224.0377607,15,314.5625,1046.0
1767275224.0377607,15,315.84375,1025.75
1767275224.0377607,15,317.078125,1006.0
1767275224.0377607,15,318.28125,988.5
1767275224.0377607,15,319.484375,971.0
1767275224.0377607,15,320.734375,954.75
1767275224.0377607,15,322.078125,940.0
1767275224.0377607,15,323.1875,925.0
1767275224.0377607,15,324.484375,911.75
1767275224.0377607,15,325.828125,899.5
1767275224.0377607,15,327.03125,887.75
1767275224.0377607,15,328.21875,877.0
1767275224.0377607,15,329.390625,866.75
1767275224.0377607,15,330.671875,856.25
1767275224.0377607,15,331.890625,845.25
1767275224.0377607,15,333.109375,835.25
1767275224.0377607,15,334.421875,826.75
1767275224.0377607,15,335.59375,819.0
1767275224.0377607,15,336.78125,810.75
1767275224.0377607,15,338.0625,802.75
1767275224.0377607,15,339.3125,796.5
1767275224.0377607,15,340.484375,791.0
1767275224.0377607,15,341.8125,785.75
1767275224.0377607,15,342.953125,780.5
1767275224.0377607,15,344.21875,776.25
1767275224.0377607,15,345.359375,772.0
1767275224.0377607,15,346.640625,767.75
1767275224.0377607,15,347.890625,764.5
1767275224.0377607,15,349.125,761.25
1767275224.0377607,15,350.328125,758.0
1767275224.0377607,15,351.625,756.25
1767275224.1912112,15,352.703125,753.75
1767275224.1912112,15,353.921875,751.5
1767275224.1912112,15,355.28125,751.0
1767275224.1912112,15,356.484375,749.5
1767275224.1912112,15,358.734375,774.5
1767275224.1912112,15,0.078125,773.75
1767275224.1912112,15,1.125,783.25
1767275224.1912112,15,2.421875,793.75
1767275224.1912112,15,3.671875,795.25
1767275224.1912112,15,4.890625,796.75
1767275224.1912112,15,6.09375,798.5
1767275224.1912112,15,7.28125,800.75
1767275224.1912112,15,8.4375,803.0
1767275224.1912112,15,9.625,806.75
1767275224.1912112,15,10.84375,811.25
1767275224.1912112,15,11.96875,815.5
1767275224.1912112,15,13.265625,819.5
1767275224.1912112,15,14.46875,824.25
1767275224.1912112,15,15.65625,829.75
1767275224.1912112,15,16.875,836.0
1767275224.1912112,15,18.03125,843.0
1767275224.1912112,15,19.203125,849.5
1767275224.1912112,15,20.390625,856.25
1767275224.1912112,15,21.671875,865.0
1767275224.1912112,15,22.875,872.75
1767275224.1912112,15,24.0625,880.5
1767275224.1912112,15,25.25,889.0
1767275224.1912112,15,26.46875,898.0
1767275224.1912112,15,27.5625,907.75
1767275224.1912112,15,28.859375,917.5
1767275224.1912112,15,30.03125,927.75
1767275224.1912112,15,31.234375,941.0
1767275224.1912112,15,32.328125,954.0
1767275224.1912112,15,33.59375,965.25
1767275224.1912112,15,34.8125,978.0
1767275224.1912112,15,36.09375,992.5
1767275224.1912112,15,37.171875,1006.5
1767275224.1912112,15,38.390625,1024.75
1767275224.1912112,15,39.625,1043.25
1767275224.1912112,15,40.8125,1060.25
1767275224.1912112,15,42.015625,1080.75
1767275224.1912112,15,43.203125,1101.5
1767275224.1912112,15,44.390625,1121.75
1767275224.1912112,15,45.546875,1144.5
1767275224.1912112,15,46.71875,1169.75
1767275224.1912112,15,47.921875,1197.25
1767275224.1912112,15,49.171875,1224.0
1767275224.1912112,15,50.3125,1251.25
1767275224.1912112,15,51.546875,1269.75
1767275224.1912112,15,52.75,1263.5
1767275224.1912112,15,53.984375,1245.5
1767275224.1912112,15,55.203125,1229.5
1767275224.1912112,15,56.484375,1214.0
1767275224.1912112,15,57.703125,1196.0
1767275224.1912112,15,58.953125,1181.5
1767275224.1912112,15,60.15625,1172.25
1767275224.1912112,15,61.421875,1158.25
1767275224.1912112,15,62.640625,1145.5
1767275224.1912112,15,63.921875,1135.0
1767275224.1912112,15,65.15625,1124.25
1767275224.1912112,15,66.375,1115.75
1767275224.1912112,15,67.578125,1107.0
1767275224.1912112,15,68.84375,1098.5
1767275224.1912112,15,70.078125,1090.0
1767275224.1912112,15,71.25,1083.0
1767275224.1912112,15,72.421875,1077.0
1767275224.1912112,15,73.765625,1071.0
1767275224.1912112,15,74.90625,1065.75
1767275224.1912112,15,76.15625,1060.5
1767275224.1912112,15,77.3125,1056.0
1767275224.1912112,15,78.5625,1051.0
1767275224.1912112,15,79.765625,1046.75
1767275224.1912112,15,81.015625,1043.75
1767275224.1912112,15,82.25,1041.25
1767275224.1912112,15,83.390625,1039.5
1767275224.1912112,15,84.59375,1038.5
1767275224.1912112,15,85.921875,1036.5
1767275224.1912112,15,87.09375,1036.5
1767275224.1912112,15,88.28125,1036.25
1767275224.1912112,15,89.53125,1036.0
1767275224.1912112,15,90.75,1037.25
1767275224.1912112,15,91.96875,1038.75
1767275224.1912112,15,93.15625,1040.0
1767275224.1912112,15,94.40625,1041.75
1767275224.1912112,15,95.546875,1044.25
1767275224.1912112,15,96.8125,1046.75
1767275224.1912112,15,97.9375,1049.5
1767275224.1912112,15,99.21875,1054.25
1767275224.1912112,15,100.40625,1059.5
1767275224.1912112,15,101.578125,1063.75
1767275224.1912112,15,102.796875,1068.5
1767275224.1912112,15,104.0625,1073.5
1767275224.1912112,15,105.21875,1080.0
1767275224.1912112,15,106.453125,1087.0
1767275224.1912112,15,107.546875,1093.0
1767275224.1912112,15,108.796875,1099.75
1767275224.1912112,15,109.9375,1108.25
1767275224.1912112,15,111.109375,1117.25
1767275224.1912112,15,112.40625,1124.0
1767275224.1912112,15,113.59375,1133.75
1767275224.1912112,15,114.75,1146.75
1767275224.1912112,15,115.953125,1159.0
1767275224.1912112,15,117.15625,1171.0
1767275224.1912112,15,118.34375,1181.0
1767275224.1912112,15,119.578125,1193.75
1767275224.1912112,15,120.78125,1208.75
1767275224.1912112,15,121.9375,1224.25
1767275224.1912112,15,123.140625,1241.0
1767275224.1912112,15,124.3125,1256.0
1767275224.1912112,15,125.515625,1272.75
1767275224.1912112,15,129.21875,1248.75
1767275224.1912112,15,130.46875,1218.25
1767275224.1912112,15,131.65625,1190.5
1767275224.1912112,15,132.875,1167.25
1767275224.1912112,15,134.15625,1142.0
1767275224.1912112,15,135.40625,1117.5
1767275224.1912112,15,136.546875,1098.75
1767275224.1912112,15,137.78125,1079.5
1767275224.1912112,15,139.09375,1058.5
1767275224.1912112,15,140.359375,1038.75
1767275224.1912112,15,141.484375,1023.0
1767275224.1912112,15,142.734375,1007.75
1767275224.1912112,15,144.015625,991.75
1767275224.1912112,15,145.28125,977.5
1767275224.1912112,15,146.421875,965.75
1767275224.1912112,15,147.6875,955.25
1767275224.1912112,15,148.90625,943.0
1767275224.1912112,15,150.109375,931.0
1767275224.1912112,15,151.296875,920.75
1767275224.1912112,15,152.546875,911.5
1767275224.1912112,15,153.875,903.0
1767275224.1912112,15,155.0,895.25
1767275224.1912112,15,156.359375,888.5
1767275224.1912112,15,157.59375,881.0
1767275224.1912112,15,158.796875,874.0
1767275224.1912112,15,160.015625,868.75
1767275224.1912112,15,161.15625,863.25
1767275224.1912112,15,162.359375,857.5
1767275224.1912112,15,163.671875,852.25
1767275224.1912112,15,164.84375,847.25
1767275224.1912112,15,166.046875,843.5
1767275224.1912112,15,167.3125,840.0
1767275224.1912112,15,168.484375,836.0
1767275224.1912112,15,169.6875,832.0
1767275224.1912112,15,170.96875,828.25
1767275224.1912112,15,172.171875,825.75
1767275224.1912112,15,173.390625,824.25
1767275224.1912112,15,174.625,823.0
1767275224.1912112,15,175.8125,822.5
1767275224.1912112,15,176.984375,822.75
1767275224.1912112,15,178.21875,822.25
1767275224.1912112,15,179.375,823.25
1767275224.1912112,15,180.75,824.25
1767275224.1912112,15,181.90625,824.5
1767275224.1912112,15,183.078125,825.5
1767275224.1912112,15,184.375,827.25
1767275224.1912112,15,185.625,830.0
1767275224.1912112,15,186.78125,833.25
1767275224.1912112,15,188.0,836.0
1767275224.1912112,15,189.125,839.5
1767275224.1912112,15,190.4375,843.5
1767275224.1912112,15,191.625,847.5
1767275224.1912112,15,192.796875,852.5
1767275224.1912112,15,193.96875,857.0
1767275224.1912112,15,195.125,861.5
1767275224.1912112,15,196.40625,867.5
1767275224.1912112,15,197.625,873.75
1767275224.1912112,15,198.859375,879.25
1767275224.1912112,15,199.984375,886.0
1767275224.1912112,15,201.1875,893.0
1767275224.1912112,15,202.421875,901.0
1767275224.1912112,15,203.5625,908.75
1767275224.1912112,15,204.75,916.5
1767275224.1912112,15,206.015625,927.0
1767275224.1912112,15,207.203125,938.0
1767275224.1912112,15,208.375,948.75
1767275224.1912112,15,209.5625,959.5
1767275224.1912112,15,210.78125,971.0
1767275224.1912112,15,212.046875,983.25
1767275224.1912112,15,213.21875,994.75
1767275224.1912112,15,214.34375,1007.5
1767275224.1912112,15,215.609375,1025.75
1767275224.1912112,15,216.71875,1042.5
1767275224.1912112,15,217.90625,1057.75
1767275224.1912112,15,219.171875,1075.25
1767275224.1912112,15,220.34375,1094.5
1767275224.1912112,15,221.5,1115.5
1767275224.1912112,15,222.71875,1135.0
1767275224.1912112,15,223.921875,1158.0
1767275224.1912112,15,225.15625,1182.0
1767275224.1912112,15,226.3125,1206.5
1767275224.1912112,15,227.4375,1233.0
1767275224.1912112,15,228.640625,1263.0
1767275224.1912112,15,229.84375,1297.75
1767275224.1912112,15,231.0625,1333.25
1767275224.1912112,15,232.203125,1372.75
1767275224.1912112,15,233.40625,1412.25
1767275224.1912112,15,234.609375,1433.5
1767275224.1912112,15,235.84375,1427.25
1767275224.1912112,15,237.078125,1408.5
1767275224.1912112,15,238.296875,1388.5
1767275224.1912112,15,239.5625,1369.5
1767275224.1912112,15,240.765625,1350.25
1767275224.1912112,15,241.96875,1335.25
1767275224.1912112,15,243.203125,1325.0
1767275224.1912112,15,244.421875,1313.25
1767275224.1912112,15,245.6875,1300.75
1767275224.1912112,15,246.84375,1289.25
1767275224.1912112,15,248.109375,1278.5
1767275224.1912112,15,249.34375,1268.5
1767275224.1912112,15,250.609375,1259.75
1767275224.1912112,15,251.828125,1250.5
1767275224.1912112,15,253.0,1242.0
1767275224.1912112,15,254.25,1235.25
1767275224.1912112,15,255.4375,1229.5
1767275224.1912112,15,256.71875,1224.75
1767275224.1912112,15,257.9375,1219.0
1767275224.1912112,15,259.140625,1214.0
1767275224.1912112,15,260.34375,1210.0
1767275224.1912112,15,261.546875,1206.0
1767275224.1912112,15,262.75,1203.0
1767275224.1912112,15,264.0,1201.25
1767275224.1912112,15,265.265625,1198.5
1767275224.1912112,15,266.453125,1196.25
1767275224.1912112,15,267.65625,1196.25
1767275224.1912112,15,268.828125,1196.5
1767275224.1912112,15,270.09375,1196.5
1767275224.1912112,15,271.3125,1197.25
1767275224.1912112,15,272.5,1199.0
1767275224.1912112,15,273.65625,1202.0
1767275224.1912112,15,274.921875,1204.0
1767275224.1912112,15,276.046875,1205.75
1767275224.1912112,15,277.21875,1209.25
1767275224.1912112,15,278.4375,1214.5
1767275224.1912112,15,279.59375,1218.75
1767275224.1912112,15,280.796875,1223.0
1767275224.1912112,15,282.0625,1227.75
1767275224.1912112,15,283.265625,1232.5
1767275224.1912112,15,284.390625,1240.0
1767275224.1912112,15,285.625,1248.75
1767275224.1912112,15,286.890625,1257.0
1767275224.1912112,15,288.078125,1266.0
1767275224.1912112,15,289.203125,1276.75
1767275224.1912112,15,290.4375,1286.75
1767275224.1912112,15,291.625,1298.0
1767275224.1912112,15,292.796875,1311.25
1767275224.1912112,15,294.0,1323.25
1767275224.1912112,15,295.25,1335.0
1767275224.1912112,15,296.46875,1349.25
1767275224.1912112,15,297.59375,1365.5
1767275224.1912112,15,298.859375,1382.75
1767275224.1912112,15,300.0625,1401.0
1767275224.1912112,15,303.765625,1361.25
1767275224.1912112,15,305.0,1321.5
1767275224.1912112,15,306.203125,1282.5
1767275224.1912112,15,307.484375,1246.75
1767275224.1912112,15,309.96875,1138.5
1767275224.1912112,15,311.203125,1110.0
1767275224.1912112,15,312.53125,1085.75
1767275224.1912112,15,313.6875,1062.25
1767275224.1912112,15,314.890625,1041.0
1767275224.1912112,15,316.203125,1018.75
1767275224.1912112,15,317.46875,999.5
1767275224.1912112,15,318.59375,983.0
1767275224.1912112,15,319.9375,965.75
1767275224.1912112,15,321.078125,950.0
1767275224.1912112,15,322.359375,935.25
1767275224.1912112,15,323.6875,920.0
1767275224.1912112,15,324.859375,907.0
1767275224.1912112,15,326.109375,895.75
1767275224.1912112,15,327.40625,883.5
1767275224.1912112,15,328.6875,873.0
1767275224.1912112,15,329.875,864.0
1767275224.1912112,15,331.125,854.0
1767275224.1912112,15,332.3125,843.0
1767275224.1912112,15,333.5625,833.25
1767275224.1912112,15,334.796875,824.75
1767275224.1912112,15,335.96875,816.75
1767275224.1912112,15,337.328125,808.0
1767275224.1912112,15,338.46875,800.75
1767275224.1912112,15,339.671875,795.5
1767275224.1912112,15,340.90625,790.25
1767275224.1912112,15,342.125,784.5
1767275224.1912112,15,343.40625,779.0
1767275224.1912112,15,344.640625,774.25
1767275224.1912112,15,345.875,770.0
1767275224.1912112,15,347.15625,766.25
1767275224.1912112,15,348.28125,763.0
1767275224.1912112,15,349.515625,760.0
1767275224.1912112,15,350.671875,756.5
1767275224.1912112,15,351.875,754.0
1767275224.3428292,15,353.15625,752.25
1767275224.3428292,15,354.40625,751.25
1767275224.3428292,15,355.65625,750.25
1767275224.3428292,15,356.734375,748.75
1767275224.3428292,15,359.109375,774.25
1767275224.3428292,15,0.375,776.25
1767275224.3428292,15,1.578125,785.75
1767275224.3428292,15,2.75,793.25
1767275224.3428292,15,3.984375,795.25
1767275224.3428292,15,5.203125,797.5
1767275224.3428292,15,6.359375,799.5
1767275224.3428292,15,7.59375,801.5
1767275224.3428292,15,8.890625,804.0
1767275224.3428292,15,10.0625,808.0
1767275224.3428292,15,11.171875,812.75
1767275224.3428292,15,12.5,817.0
1767275224.3428292,15,13.65625,821.75
1767275224.3428292,15,14.84375,826.5
1767275224.3428292,15,15.96875,831.75
1767275224.3428292,15,17.203125,838.25
1767275224.3428292,15,18.46875,845.25
1767275224.3428292,15,19.578125,854.0
1767275224.3428292,15,20.828125,861.75
1767275224.3428292,15,22.0,868.0
1767275224.3428292,15,23.171875,874.75
1767275224.3428292,15,24.375,883.0
1767275224.3428292,15,25.59375,891.75
1767275224.3428292,15,26.828125,900.5
1767275224.3428292,15,28.0625,909.5
1767275224.3428292,15,29.171875,920.5
1767275224.3428292,15,30.4375,932.75
1767275224.3428292,15,31.5625,944.75
1767275224.3428292,15,32.734375,957.25
1767275224.3428292,15,33.9375,970.0
1767275224.3428292,15,35.15625,983.25
1767275224.3428292,15,36.5,997.75
1767275224.3428292,15,37.65625,1014.5
1767275224.3428292,15,38.8125,1031.75
1767275224.3428292,15,40.078125,1049.0
1767275224.3428292,15,41.296875,1068.25
1767275224.3428292,15,42.4375,1089.0
1767275224.3428292,15,43.625,1109.0
1767275224.3428292,15,44.796875,1129.75
1767275224.3428292,15,46.03125,1154.75
1767275224.3428292,15,47.21875,1180.0
1767275224.3428292,15,48.4375,1205.75
1767275224.3428292,15,49.609375,1235.5
1767275224.3428292,15,53.234375,1257.0
1767275224.3428292,15,54.4375,1239.75
1767275224.3428292,15,55.75,1224.25
1767275224.3428292,15,56.921875,1210.0
1767275224.3428292,15,58.171875,1193.5
1767275224.3428292,15,59.421875,1179.0
1767275224.3428292,15,60.65625,1168.75
1767275224.3428292,15,61.8125,1155.75
1767275224.3428292,15,63.109375,1142.5
1767275224.3428292,15,64.28125,1132.0
1767275224.3428292,15,65.515625,1122.0
1767275224.3428292,15,66.75,1112.25
1767275224.3428292,15,68.015625,1103.75
1767275224.3428292,15,69.28125,1095.25
1767275224.3428292,15,70.4375,1087.25
1767275224.3428292,15,71.625,1081.75
1767275224.3428292,15,72.953125,1076.25
1767275224.3428292,15,74.140625,1069.0
1767275224.3428292,15,75.375,1063.0
1767275224.3428292,15,76.625,1057.75
1767275224.3428292,15,77.84375,1052.5
1767275224.3428292,15,79.046875,1048.25
1767275224.3428292,15,80.265625,1045.5
1767275224.3428292,15,81.4375,1044.0
1767275224.3428292,15,82.71875,1041.5
1767275224.3428292,15,83.828125,1039.0
1767275224.3428292,15,85.0,1037.5
1767275224.3428292,15,86.15625,1036.0
1767275224.3428292,15,87.484375,1035.5
1767275224.3428292,15,88.671875,1035.5
1767275224.3428292,15,89.84375,1036.0
1767275224.3428292,15,91.09375,1037.25
1767275224.3428292,15,92.25,1039.0
1767275224.3428292,15,93.421875,1040.75
1767275224.3428292,15,94.734375,1042.5
1767275224.3428292,15,95.84375,1045.0
1767275224.3428292,15,97.078125,1048.25
1767275224.3428292,15,98.34375,1052.25
1767275224.3428292,15,99.515625,1056.0
1767275224.3428292,15,100.671875,1060.0
1767275224.3428292,15,101.859375,1065.25
1767275224.3428292,15,103.15625,1070.0
1767275224.3428292,15,104.375,1075.25
1767275224.3428292,15,105.515625,1082.0
1767275224.3428292,15,106.734375,1088.75
1767275224.3428292,15,107.953125,1094.25
1767275224.3428292,15,109.125,1102.5
1767275224.3428292,15,110.359375,1111.75
1767275224.3428292,15,111.5625,1119.75
1767275224.3428292,15,112.765625,1128.75
1767275224.3428292,15,113.9375,1138.75
1767275224.3428292,15,115.171875,1150.75
1767275224.3428292,15,116.359375,1162.5
1767275224.3428292,15,117.5625,1173.5
1767275224.3428292,15,118.703125,1184.25
1767275224.3428292,15,119.921875,1197.0
1767275224.3428292,15,121.140625,1213.5
1767275224.3428292,15,122.34375,1228.5
1767275224.3428292,15,123.5,1245.25
1767275224.3428292,15,124.71875,1262.25
1767275224.3428292,15,125.890625,1278.5
1767275224.3428292,15,127.125,1287.25
1767275224.3428292,15,128.34375,1270.25
1767275224.3428292,15,129.640625,1239.25
1767275224.3428292,15,130.859375,1207.5
1767275224.3428292,15,132.15625,1180.75
1767275224.3428292,15,133.40625,1158.5
1767275224.3428292,15,134.59375,1133.5
1767275224.3428292,15,135.84375,1110.5
1767275224.3428292,15,137.078125,1090.0
1767275224.3428292,15,138.359375,1070.0
1767275224.3428292,15,139.59375,1051.75
1767275224.3428292,15,140.875,1035.0
1767275224.3428292,15,142.03125,1018.0
1767275224.3428292,15,143.296875,1000.25
1767275224.3428292,15,144.515625,986.75
1767275224.3428292,15,145.765625,975.0
1767275224.3428292,15,147.03125,962.0
1767275224.3428292,15,148.234375,950.25
1767275224.3428292,15,149.421875,938.25
1767275224.3428292,15,150.65625,926.75
1767275224.3428292,15,151.875,917.0
1767275224.3428292,15,153.203125,907.75
1767275224.3428292,15,154.34375,899.0
1767275224.3428292,15,155.578125,891.75
1767275224.3428292,15,156.890625,885.0
1767275224.3428292,15,158.078125,877.5
1767275224.3428292,15,159.359375,871.75
1767275224.3428292,15,160.53125,866.75
1767275224.3428292,15,161.796875,861.5
1767275224.3428292,15,162.953125,856.25
1767275224.3428292,15,164.1875,850.5
1767275224.3428292,15,165.484375,845.75
1767275224.3428292,15,166.609375,841.25
1767275224.3428292,15,167.90625,837.0
1767275224.3428292,15,169.140625,833.5
1767275224.3428292,15,170.234375,830.25
1767275224.3428292,15,171.5,827.75
1767275224.3428292,15,172.65625,826.0
1767275224.3428292,15,173.890625,824.25
1767275224.3428292,15,175.125,823.25
1767275224.3428292,15,176.359375,822.75
1767275224.3428292,15,177.625,822.75
1767275224.3428292,15,178.828125,823.5
1767275224.3428292,15,180.03125,823.75
1767275224.3428292,15,181.328125,824.75
1767275224.3428292,15,182.546875,825.5
1767275224.3428292,15,183.71875,826.25
1767275224.3428292,15,184.8125,828.25
1767275224.3428292,15,186.15625,830.75
1767275224.3428292,15,187.296875,833.75
1767275224.3428292,15,188.46875,838.25
1767275224.3428292,15,189.671875,841.75
1767275224.3428292,15,190.859375,845.5
1767275224.3428292,15,192.1875,850.5
1767275224.3428292,15,193.265625,855.0
1767275224.3428292,15,194.546875,859.0
1767275224.3428292,15,195.734375,864.25
1767275224.3428292,15,196.984375,870.0
1767275224.3428292,15,198.09375,875.25
1767275224.3428292,15,199.390625,881.75
1767275224.3428292,15,200.546875,889.0
1767275224.3428292,15,201.734375,896.0
1767275224.3428292,15,202.984375,905.0
1767275224.3428292,15,204.1875,913.5
1767275224.3428292,15,205.4375,922.0
1767275224.3428292,15,206.578125,931.75
1767275224.3428292,15,207.875,942.0
1767275224.3428292,15,208.96875,953.5
1767275224.3428292,15,210.1875,965.0
1767275224.3428292,15,211.453125,976.75
1767275224.3428292,15,212.5625,989.5
1767275224.3428292,15,213.75,1004.0
1767275224.3428292,15,215.03125,1018.5
1767275224.3428292,15,216.21875,1032.5
1767275224.3428292,15,217.4375,1048.75
1767275224.3428292,15,218.578125,1067.75
1767275224.3428292,15,219.78125,1086.0
1767275224.3428292,15,220.9375,1104.5
1767275224.3428292,15,222.15625,1125.25
1767275224.3428292,15,223.34375,1148.0
1767275224.3428292,15,224.53125,1172.25
1767275224.3428292,15,225.703125,1197.5
1767275224.3428292,15,226.96875,1223.0
1767275224.3428292,15,228.1875,1251.0
1767275224.3428292,15,229.328125,1283.75
1767275224.3428292,15,230.578125,1318.0
1767275224.3428292,15,231.6875,1353.75
1767275224.3428292,15,232.9375,1392.0
1767275224.3428292,15,236.546875,1417.25
1767275224.3428292,15,237.796875,1398.5
1767275224.3428292,15,239.09375,1378.0
1767275224.3428292,15,240.296875,1358.5
1767275224.3428292,15,241.546875,1342.0
1767275224.3428292,15,242.734375,1329.0
1767275224.3428292,15,244.015625,1317.25
1767275224.3428292,15,245.21875,1305.0
1767275224.3428292,15,246.40625,1291.25
1767275224.3428292,15,247.640625,1280.0
1767275224.3428292,15,248.875,1271.75
1767275224.3428292,15,250.109375,1263.25
1767275224.3428292,15,251.3125,1253.75
1767275224.3428292,15,252.484375,1245.0
1767275224.3428292,15,253.75,1237.5
1767275224.3428292,15,254.921875,1231.25
1767275224.3428292,15,256.171875,1225.5
1767275224.3428292,15,257.421875,1220.0
1767275224.3428292,15,258.578125,1215.25
1767275224.3428292,15,259.875,1211.5
1767275224.3428292,15,261.078125,1207.0
1767275224.3428292,15,262.265625,1203.25
1767275224.3428292,15,263.53125,1201.5
1767275224.3428292,15,264.734375,1199.5
1767275224.3428292,15,265.96875,1197.25
1767275224.3428292,15,267.15625,1196.0
1767275224.3428292,15,268.375,1195.5
1767275224.3428292,15,269.5625,1196.0
1767275224.3428292,15,270.78125,1197.75
1767275224.3428292,15,272.015625,1199.75
1767275224.3428292,15,273.21875,1201.25
1767275224.3428292,15,274.46875,1203.5
1767275224.3428292,15,275.578125,1206.25
1767275224.3428292,15,276.75,1208.25
1767275224.3428292,15,278.0,1211.5
1767275224.3428292,15,279.203125,1216.75
1767275224.3428292,15,280.40625,1221.5
1767275224.3428292,15,281.53125,1227.0
1767275224.3428292,15,282.796875,1232.0
1767275224.3428292,15,283.984375,1238.5
1767275224.3428292,15,285.234375,1245.25
1767275224.3428292,15,286.359375,1252.75
1767275224.3428292,15,287.578125,1262.0
1767275224.3428292,15,288.828125,1270.75
1767275224.3428292,15,290.0,1281.75
1767275224.3428292,15,291.25,1293.75
1767275224.3428292,15,292.375,1306.75
1767275224.3428292,15,293.59375,1319.75
1767275224.3428292,15,294.765625,1331.25
1767275224.3428292,15,295.984375,1345.0
1767275224.3428292,15,297.21875,1360.0
1767275224.3428292,15,298.40625,1376.75
1767275224.3428292,15,299.6875,1396.25
1767275224.3428292,15,300.875,1412.5
1767275224.3428292,15,302.0625,1407.25
1767275224.3428292,15,304.625,1332.0
1767275224.3428292,15,305.890625,1294.0
1767275224.3428292,15,307.09375,1258.0
1767275224.3428292,15,310.859375,1117.0
1767275224.3428292,15,312.125,1092.5
1767275224.3428292,15,313.375,1067.75
1767275224.3428292,15,314.609375,1045.75
1767275224.3428292,15,315.796875,1025.5
1767275224.3428292,15,317.0625,1005.0
1767275224.3428292,15,318.328125,987.25
1767275224.3428292,15,319.546875,970.5
1767275224.3428292,15,320.875,954.5
1767275224.3428292,15,322.0625,939.5
1767275224.3428292,15,323.25,924.5
1767275224.3428292,15,324.515625,911.5
1767275224.3428292,15,325.875,899.5
1767275224.3428292,15,327.015625,887.5
1767275224.3428292,15,328.28125,876.25
1767275224.3428292,15,329.59375,865.75
1767275224.3428292,15,330.828125,855.75
1767275224.3428292,15,331.96875,845.0
1767275224.3428292,15,333.296875,834.25
1767275224.3428292,15,334.4375,825.75
1767275224.3428292,15,335.71875,818.75
1767275224.3428292,15,336.9375,810.0
1767275224.3428292,15,338.078125,802.0
1767275224.3428292,15,339.34375,796.25
1767275224.3428292,15,340.625,791.0
1767275224.3428292,15,341.765625,785.0
1767275224.3428292,15,343.125,779.5
1767275224.3428292,15,344.375,775.75
1767275224.3428292,15,345.53125,772.0
1767275224.3428292,15,346.828125,767.5
1767275224.3428292,15,348.0,763.5
1767275224.3428292,15,349.140625,760.5
1767275224.3428292,15,350.390625,758.0
1767275224.3428292,15,351.59375,755.75
1767275224.4931238,15,352.796875,753.25
1767275224.4931238,15,354.109375,751.5
1767275224.4931238,15,355.21875,751.0
1767275224.4931238,15,356.5,749.75
1767275224.4931238,15,358.78125,775.0
1767275224.4931238,15,0.109375,773.5
1767275224.4931238,15,1.21875,783.0
1767275224.4931238,15,2.40625,793.75
1767275224.4931238,15,3.671875,795.5
1767275224.4931238,15,4.890625,796.75
1767275224.4931238,15,6.09375,798.25
1767275224.4931238,15,7.359375,800.75
1767275224.4931238,15,8.453125,803.25
1767275224.4931238,15,9.78125,806.75
1767275224.4931238,15,10.96875,811.25
1767275224.4931238,15,12.140625,816.0
1767275224.4931238,15,13.265625,819.75
1767275224.4931238,15,14.5625,824.0
1767275224.4931238,15,15.734375,830.25
1767275224.4931238,15,16.90625,837.25
1767275224.4931238,15,18.1875,843.75
1767275224.4931238,15,19.34375,850.0
1767275224.4931238,15,20.578125,857.25
1767275224.4931238,15,21.703125,865.5
1767275224.4931238,15,22.875,873.0
1767275224.4931238,15,24.078125,880.75
1767275224.4931238,15,25.265625,890.25
1767275224.4931238,15,26.515625,899.75
1767275224.4931238,15,27.703125,908.25
1767275224.4931238,15,28.875,918.0
1767275224.4931238,15,30.15625,929.5
1767275224.4931238,15,31.28125,942.25
1767275224.4931238,15,32.578125,954.25
1767275224.4931238,15,33.703125,966.5
1767275224.4931238,15,34.9375,979.75
1767275224.4931238,15,36.203125,994.25
1767275224.4931238,15,37.46875,1011.0
1767275224.4931238,15,38.625,1028.25
1767275224.4931238,15,39.875,1045.25
1767275224.4931238,15,40.984375,1062.5
1767275224.4931238,15,42.21875,1083.0
1767275224.4931238,15,43.375,1104.75
1767275224.4931238,15,44.5625,1126.25
1767275224.4931238,15,45.8125,1151.75
1767275224.4931238,15,47.03125,1176.0
1767275224.4931238,15,48.1875,1200.75
1767275224.4931238,15,49.34375,1229.75
1767275224.4931238,15,50.59375,1254.75
1767275224.4931238,15,51.765625,1268.0
1767275224.4931238,15,53.0,1261.25
1767275224.4931238,15,54.3125,1243.5
1767275224.4931238,15,55.53125,1226.25
1767275224.4931238,15,56.78125,1211.5
1767275224.4931238,15,58.015625,1194.75
1767275224.4931238,15,59.203125,1181.0
1767275224.4931238,15,60.40625,1170.5
1767275224.4931238,15,61.671875,1156.75
1767275224.4931238,15,62.828125,1144.25
1767275224.4931238,15,64.0625,1133.25
1767275224.4931238,15,65.28125,1122.25
1767275224.4931238,15,66.515625,1112.75
1767275224.4931238,15,67.8125,1104.0
1767275224.4931238,15,69.0625,1096.5
1767275224.4931238,15,70.265625,1089.0
1767275224.4931238,15,71.421875,1082.25
1767275224.4931238,15,72.71875,1076.75
1767275224.4931238,15,73.953125,1071.75
1767275224.4931238,15,75.1875,1065.25
1767275224.4931238,15,76.328125,1058.75
1767275224.4931238,15,77.59375,1053.75
1767275224.4931238,15,78.8125,1049.75
1767275224.4931238,15,80.0625,1046.25
1767275224.4931238,15,81.28125,1043.5
1767275224.4931238,15,82.46875,1041.75
1767275224.4931238,15,83.640625,1038.75
1767275224.4931238,15,84.8125,1037.25
1767275224.4931238,15,86.015625,1036.25
1767275224.4931238,15,87.21875,1036.0
1767275224.4931238,15,88.484375,1036.0
1767275224.4931238,15,89.703125,1035.75
1767275224.4931238,15,90.859375,1037.75
1767275224.4931238,15,92.046875,1039.25
1767275224.4931238,15,93.25,1040.75
1767275224.4931238,15,94.53125,1042.5
1767275224.4931238,15,95.734375,1044.25
1767275224.4931238,15,96.96875,1047.75
1767275224.4931238,15,98.1875,1051.75
1767275224.4931238,15,99.328125,1056.25
1767275224.4931238,15,100.5,1060.75
1767275224.4931238,15,101.8125,1064.5
1767275224.4931238,15,102.9375,1069.5
1767275224.4931238,15,104.171875,1075.25
1767275224.4931238,15,105.359375,1081.0
1767275224.4931238,15,106.59375,1087.5
1767275224.4931238,15,107.78125,1094.0
1767275224.4931238,15,108.921875,1101.25
1767275224.4931238,15,110.171875,1109.0
1767275224.4931238,15,111.359375,1116.75
1767275224.4931238,15,112.5,1127.0
1767275224.4931238,15,113.703125,1137.5
1767275224.4931238,15,114.984375,1149.0
1767275224.4931238,15,116.09375,1161.25
1767275224.4931238,15,117.359375,1172.0
1767275224.4931238,15,118.53125,1182.25
1767275224.4931238,15,119.703125,1194.75
1767275224.4931238,15,120.875,1210.25
1767275224.4931238,15,122.125,1225.75
1767275224.4931238,15,123.328125,1242.0
1767275224.4931238,15,124.515625,1258.75
1767275224.4931238,15,125.671875,1275.75
1767275224.4931238,15,126.890625,1290.5
1767275224.4931238,15,128.1875,1277.0
1767275224.4931238,15,129.359375,1243.5
1767275224.4931238,15,130.640625,1215.75
1767275224.4931238,15,131.84375,1187.5
1767275224.4931238,15,133.140625,1160.75
1767275224.4931238,15,134.3125,1137.0
1767275224.4931238,15,135.578125,1116.0
1767275224.4931238,15,136.796875,1095.0
1767275224.4931238,15,138.0625,1075.0
1767275224.4931238,15,139.234375,1056.25
1767275224.4931238,15,140.53125,1037.5
1767275224.4931238,15,141.765625,1020.0
1767275224.4931238,15,142.96875,1004.75
1767275224.4931238,15,144.21875,991.0
1767275224.4931238,15,145.484375,976.25
1767275224.4931238,15,146.734375,962.75
1767275224.4931238,15,147.953125,952.75
1767275224.4931238,15,149.140625,942.0
1767275224.4931238,15,150.390625,929.0
1767275224.4931238,15,151.609375,918.75
1767275224.4931238,15,152.8125,911.0
1767275224.4931238,15,154.015625,902.5
1767275224.4931238,15,155.21875,894.0
1767275224.4931238,15,156.59375,886.0
1767275224.4931238,15,157.71875,879.0
1767275224.4931238,15,159.03125,873.5
1767275224.4931238,15,160.234375,867.75
1767275224.4931238,15,161.421875,861.5
1767275224.4931238,15,162.734375,856.75
1767275224.4931238,15,163.921875,852.75
1767275224.4931238,15,165.171875,846.75
1767275224.4931238,15,166.3125,842.0
1767275224.4931238,15,167.484375,838.25
1767275224.4931238,15,168.765625,834.75
1767275224.4931238,15,169.953125,831.5
1767275224.4931238,15,171.1875,828.5
1767275224.4931238,15,172.40625,826.25
1767275224.4931238,15,173.6875,824.75
1767275224.4931238,15,174.8125,823.75
1767275224.4931238,15,176.0,823.75
1767275224.4931238,15,177.234375,823.75
1767275224.4931238,15,178.53125,822.75
1767275224.4931238,15,179.75,823.0
1767275224.4931238,15,180.859375,824.0
1767275224.4931238,15,182.15625,825.0
1767275224.4931238,15,183.265625,826.25
1767275224.4931238,15,184.578125,827.5
1767275224.4931238,15,185.6875,829.5
1767275224.4931238,15,186.90625,833.5
1767275224.4931238,15,188.171875,837.0
1767275224.4931238,15,189.296875,839.75
1767275224.4931238,15,190.484375,843.5
1767275224.4931238,15,191.71875,848.0
1767275224.4931238,15,193.03125,853.25
1767275224.4931238,15,194.21875,858.0
1767275224.4931238,15,195.40625,862.75
1767275224.4931238,15,196.578125,868.75
1767275224.4931238,15,197.71875,874.25
1767275224.4931238,15,198.953125,880.25
1767275224.4931238,15,200.1875,886.5
1767275224.4931238,15,201.390625,894.0
1767275224.4931238,15,202.515625,902.5
1767275224.4931238,15,203.828125,910.0
1767275224.4931238,15,204.953125,918.25
1767275224.4931238,15,206.265625,928.0
1767275224.4931238,15,207.421875,939.25
1767275224.4931238,15,208.5625,950.25
1767275224.4931238,15,209.859375,960.5
1767275224.4931238,15,210.984375,972.75
1767275224.4931238,15,212.1875,986.25
1767275224.4931238,15,213.421875,997.25
1767275224.4931238,15,214.546875,1011.0
1767275224.4931238,15,215.78125,1028.25
1767275224.4931238,15,217.0,1045.0
1767275224.4931238,15,218.125,1061.5
1767275224.4931238,15,219.3125,1078.5
1767275224.4931238,15,220.5,1096.75
1767275224.4931238,15,221.796875,1117.25
1767275224.4931238,15,222.96875,1137.75
1767275224.4931238,15,224.109375,1161.25
1767275224.4931238,15,225.359375,1183.5
1767275224.4931238,15,226.453125,1208.5
1767275224.4931238,15,227.640625,1237.25
1767275224.4931238,15,228.875,1267.25
1767275224.4931238,15,230.03125,1302.25
1767275224.4931238,15,231.21875,1337.0
1767275224.4931238,15,232.375,1374.0
1767275224.4931238,15,233.59375,1413.75
1767275224.4931238,15,234.8125,1434.25
1767275224.4931238,15,236.0625,1425.25
1767275224.4931238,15,237.25,1406.75
1767275224.4931238,15,238.53125,1386.25
1767275224.4931238,15,239.765625,1366.25
1767275224.4931238,15,240.984375,1348.5
1767275224.4931238,15,242.15625,1333.75
1767275224.4931238,15,243.40625,1322.25
1767275224.4931238,15,244.640625,1310.25
1767275224.4931238,15,245.875,1298.25
1767275224.4931238,15,247.046875,1287.5
1767275224.4931238,15,248.328125,1277.0
1767275224.4931238,15,249.515625,1266.5
1767275224.4931238,15,250.75,1257.75
1767275224.4931238,15,251.921875,1250.0
1767275224.4931238,15,253.125,1241.75
1767275224.4931238,15,254.421875,1233.25
1767275224.4931238,15,255.65625,1227.5
1767275224.4931238,15,256.84375,1223.25
1767275224.4931238,15,258.046875,1218.5
1767275224.4931238,15,259.265625,1213.25
1767275224.4931238,15,260.515625,1209.0
1767275224.4931238,15,261.671875,1206.5
1767275224.4931238,15,262.953125,1202.25
1767275224.4931238,15,264.171875,1199.0
1767275224.4931238,15,265.359375,1198.0
1767275224.4931238,15,266.609375,1197.25
1767275224.4931238,15,267.765625,1196.25
1767275224.4931238,15,269.03125,1196.25
1767275224.4931238,15,270.25,1197.25
1767275224.4931238,15,271.375,1197.25
1767275224.4931238,15,272.609375,1199.25
1767275224.4931238,15,273.84375,1202.0
1767275224.4931238,15,275.078125,1203.75
1767275224.4931238,15,276.09375,1205.75
1767275224.4931238,15,277.359375,1209.5
1767275224.4931238,15,278.53125,1214.0
1767275224.4931238,15,279.765625,1219.0
1767275224.4931238,15,280.984375,1224.0
1767275224.4931238,15,282.203125,1227.0
1767275224.4931238,15,283.3125,1232.5
1767275224.4931238,15,284.578125,1240.5
1767275224.4931238,15,285.78125,1248.75
1767275224.4931238,15,286.921875,1258.0
1767275224.4931238,15,288.140625,1267.25
1767275224.4931238,15,289.375,1277.0
1767275224.4931238,15,290.578125,1288.0
1767275224.4931238,15,291.765625,1299.75
1767275224.4931238,15,292.96875,1311.75
1767275224.4931238,15,294.171875,1323.75
1767275224.4931238,15,295.375,1335.75
1767275224.4931238,15,296.53125,1349.5
1767275224.4931238,15,297.734375,1366.0
1767275224.4931238,15,298.875,1384.0
1767275224.4931238,15,300.171875,1402.25
1767275224.4931238,15,301.34375,1428.75
1767275224.4931238,15,303.90625,1356.5
1767275224.4931238,15,305.078125,1317.75
1767275224.4931238,15,306.34375,1280.25
1767275224.4931238,15,307.5625,1245.0
1767275224.4931238,15,310.1875,1133.0
1767275224.4931238,15,311.359375,1105.5
1767275224.4931238,15,312.578125,1082.75
1767275224.4931238,15,313.828125,1060.5
1767275224.4931238,15,315.15625,1039.25
1767275224.4931238,15,316.34375,1016.25
1767275224.4931238,15,317.53125,997.5
1767275224.4931238,15,318.796875,981.5
1767275224.4931238,15,320.0625,963.75
1767275224.4931238,15,321.328125,949.0
1767275224.4931238,15,322.53125,934.75
1767275224.4931238,15,323.796875,919.75
1767275224.4931238,15,325.0,906.0
1767275224.4931238,15,326.25,894.25
1767275224.4931238,15,327.484375,883.25
1767275224.4931238,15,328.703125,872.5
1767275224.4931238,15,329.96875,863.0
1767275224.4931238,15,331.125,853.25
1767275224.4931238,15,332.484375,842.5
1767275224.4931238,15,333.65625,832.25
1767275224.4931238,15,334.9375,823.25
1767275224.4931238,15,336.09375,815.75
1767275224.4931238,15,337.265625,807.75
1767275224.4931238,15,338.546875,799.75
1767275224.4931238,15,339.765625,794.25
1767275224.4931238,15,341.09375,789.75
1767275224.4931238,15,342.28125,784.25
1767275224.4931238,15,343.53125,779.0
1767275224.4931238,15,344.6875,774.25
1767275224.4931238,15,345.9375,769.75
1767275224.4931238,15,347.078125,766.25
1767275224.4931238,15,348.28125,763.0
1767275224.4931238,15,349.46875,760.0
1767275224.4931238,15,350.671875,756.75
1767275224.4931238,15,352.0,754.25
1767275224.6472368,15,353.234375,752.25
1767275224.6472368,15,354.4375,751.25
1767275224.6472368,15,355.6875,750.25
1767275224.6472368,15,356.8125,748.75
1767275224.6472368,15,359.21875,774.25
1767275224.6472368,15,0.296875,776.25
1767275224.6472368,15,1.484375,786.0
1767275224.6472368,15,2.71875,793.75
1767275224.6472368,15,3.890625,795.25
1767275224.6472368,15,5.140625,797.25
1767275224.6472368,15,6.328125,799.5
1767275224.6472368,15,7.5,801.5
1767275224.6472368,15,8.71875,804.0
1767275224.6472368,15,9.921875,808.25
1767275224.6472368,15,11.1875,813.0
1767275224.6472368,15,12.359375,816.75
1767275224.6472368,15,13.671875,821.75
1767275224.6472368,15,14.8125,826.5
1767275224.6472368,15,16.078125,831.75
1767275224.6472368,15,17.1875,838.25
1767275224.6472368,15,18.453125,845.25
1767275224.6472368,15,19.59375,854.0
1767275224.6472368,15,20.765625,861.75
1767275224.6472368,15,21.984375,868.0
1767275224.6472368,15,23.265625,874.75
1767275224.6472368,15,24.453125,883.0
1767275224.6472368,15,25.671875,891.75
1767275224.6472368,15,26.859375,900.25
1767275224.6472368,15,27.9375,909.5
1767275224.6472368,15,29.234375,919.25
1767275224.6472368,15,30.359375,931.5
1767275224.6472368,15,31.578125,944.75
1767275224.6472368,15,32.75,957.25
1767275224.6472368,15,33.890625,970.0
1767275224.6472368,15,35.09375,983.25
1767275224.6472368,15,36.4375,997.5
1767275224.6472368,15,37.59375,1014.5
1767275224.6472368,15,38.796875,1031.75
1767275224.6472368,15,40.0625,1048.75
1767275224.6472368,15,41.25,1068.0
1767275224.6472368,15,42.453125,1088.75
1767275224.6472368,15,43.609375,1109.0
1767275224.6472368,15,44.828125,1129.75
1767275224.6472368,15,45.984375,1154.75
1767275224.6472368,15,47.203125,1180.0
1767275224.6472368,15,48.40625,1205.75
1767275224.6472368,15,49.546875,1235.5
1767275224.6472368,15,53.21875,1258.0
1767275224.6472368,15,54.453125,1239.75
1767275224.6472368,15,55.6875,1224.25
1767275224.6472368,15,56.875,1210.25
1767275224.6472368,15,58.1875,1193.5
1767275224.6472368,15,59.375,1179.0
1767275224.6472368,15,60.578125,1169.0
1767275224.6472368,15,61.796875,1156.75
1767275224.6472368,15,62.984375,1143.75
1767275224.6472368,15,64.28125,1132.0
1767275224.6472368,15,65.5,1122.0
1767275224.6472368,15,66.71875,1112.5
1767275224.6472368,15,67.90625,1104.0
1767275224.6472368,15,69.171875,1095.5
1767275224.6472368,15,70.40625,1087.25
1767275224.6472368,15,71.5625,1081.5
1767275224.6472368,15,72.84375,1076.0
1767275224.6472368,15,74.0625,1069.0
1767275224.6472368,15,75.21875,1063.0
1767275224.6472368,15,76.46875,1058.5
1767275224.6472368,15,77.734375,1053.5
1767275224.6472368,15,78.953125,1048.5
1767275224.6472368,15,80.109375,1045.5
1767275224.6472368,15,81.359375,1043.75
1767275224.6472368,15,82.609375,1041.5
1767275224.6472368,15,83.75,1038.5
1767275224.6472368,15,84.984375,1036.75
1767275224.6472368,15,86.171875,1036.0
1767275224.6472368,15,87.375,1035.5
1767275224.6472368,15,88.65625,1035.25
1767275224.6472368,15,89.8125,1036.0
1767275224.6472368,15,91.0,1037.5
1767275224.6472368,15,92.21875,1039.0
1767275224.6472368,15,93.4375,1041.0
1767275224.6472368,15,94.640625,1042.75
1767275224.6472368,15,95.84375,1045.0
1767275224.6472368,15,97.09375,1048.25
1767275224.6472368,15,98.234375,1051.5
1767275224.6472368,15,99.4375,1055.5
1767275224.6472368,15,100.640625,1060.25
1767275224.6472368,15,101.859375,1064.75
1767275224.6472368,15,103.0625,1069.75
1767275224.6472368,15,104.328125,1075.5
1767275224.6472368,15,105.53125,1082.0
1767275224.6472368,15,106.6875,1088.25
1767275224.6472368,15,107.921875,1094.0
1767275224.6472368,15,109.15625,1102.5
1767275224.6472368,15,110.328125,1111.5
1767275224.6472368,15,111.59375,1119.75
1767275224.6472368,15,112.734375,1128.75
1767275224.6472368,15,113.953125,1138.75
1767275224.6472368,15,115.15625,1150.25
1767275224.6472368,15,116.40625,1162.25
1767275224.6472368,15,117.59375,1173.75
1767275224.6472368,15,118.78125,1184.25
1767275224.6472368,15,119.953125,1197.0
1767275224.6472368,15,121.15625,1213.25
1767275224.6472368,15,122.375,1228.25
1767275224.6472368,15,123.578125,1245.0
1767275224.6472368,15,124.75,1261.75
1767275224.6472368,15,125.953125,1278.5
1767275224.6472368,15,127.15625,1287.25
1767275224.6472368,15,128.359375,1270.25
1767275224.6472368,15,129.65625,1238.5
1767275224.6472368,15,130.890625,1206.75
1767275224.6472368,15,132.015625,1181.0
1767275224.6472368,15,133.28125,1158.75
1767275224.6472368,15,134.5,1134.5
1767275224.6472368,15,135.78125,1112.75
1767275224.6472368,15,136.953125,1091.0
1767275224.6472368,15,138.28125,1070.5
1767275224.6472368,15,139.453125,1053.0
1767275224.6472368,15,140.765625,1035.75
1767275224.6472368,15,141.890625,1018.0
1767275224.6472368,15,143.234375,1002.25
1767275224.6472368,15,144.34375,989.25
1767275224.6472368,15,145.640625,975.75
1767275224.6472368,15,146.859375,962.0
1767275224.6472368,15,148.078125,951.25
1767275224.6472368,15,149.265625,940.25
1767275224.6472368,15,150.625,928.0
1767275224.6472368,15,151.796875,917.0
1767275224.6472368,15,153.0625,908.25
1767275224.6472368,15,154.296875,901.25
1767275224.6472368,15,155.4375,893.5
1767275224.6472368,15,156.609375,885.75
1767275224.6472368,15,157.921875,879.0
1767275224.6472368,15,159.03125,873.25
1767275224.6472368,15,160.265625,867.5
1767275224.6472368,15,161.578125,861.25
1767275224.6472368,15,162.75,856.0
1767275224.6472368,15,164.015625,851.25
1767275224.6472368,15,165.203125,846.25
1767275224.6472368,15,166.484375,841.0
1767275224.6472368,15,167.65625,837.5
1767275224.6472368,15,168.8125,834.75
1767275224.6472368,15,170.078125,831.5
1767275224.6472368,15,171.28125,828.25
1767275224.6472368,15,172.46875,825.75
1767275224.6472368,15,173.703125,824.5
1767275224.6472368,15,174.96875,823.75
1767275224.6472368,15,176.171875,823.0
1767275224.6472368,15,177.328125,822.75
1767275224.6472368,15,178.5,822.75
1767275224.6472368,15,179.84375,823.0
1767275224.6472368,15,181.109375,823.5
1767275224.6472368,15,182.28125,824.75
1767275224.6472368,15,183.453125,826.5
1767275224.6472368,15,184.578125,828.75
1767275224.6472368,15,185.90625,831.5
1767275224.6472368,15,187.125,834.0
1767275224.6472368,15,188.21875,836.75
1767275224.6472368,15,189.484375,840.5
1767275224.6472368,15,190.609375,845.0
1767275224.6472368,15,191.890625,849.25
1767275224.6472368,15,193.0625,853.75
1767275224.6472368,15,194.359375,858.5
1767275224.6472368,15,195.546875,863.5
1767275224.6472368,15,196.640625,869.25
1767275224.6472368,15,197.828125,874.5
1767275224.6472368,15,199.046875,880.25
1767275224.6472368,15,200.21875,887.25
1767275224.6472368,15,201.515625,895.0
1767275224.6472368,15,202.71875,902.75
1767275224.6472368,15,204.015625,911.0
1767275224.6472368,15,205.21875,919.75
1767275224.6472368,15,206.484375,929.75
1767275224.6472368,15,207.546875,941.5
1767275224.6472368,15,208.859375,952.25
1767275224.6472368,15,210.015625,961.75
1767275224.6472368,15,211.21875,974.25
1767275224.6472368,15,212.4375,987.25
1767275224.6472368,15,213.59375,1000.5
1767275224.6472368,15,214.8125,1016.0
1767275224.6472368,15,216.0,1031.0
1767275224.6472368,15,217.171875,1046.25
1767275224.6472368,15,218.421875,1063.75
1767275224.6472368,15,219.640625,1082.75
1767275224.6472368,15,220.734375,1102.5
1767275224.6472368,15,222.03125,1122.75
1767275224.6472368,15,223.15625,1144.75
1767275224.6472368,15,224.34375,1167.5
1767275224.6472368,15,225.578125,1190.5
1767275224.6472368,15,226.75,1216.75
1767275224.6472368,15,227.84375,1245.25
1767275224.6472368,15,229.046875,1272.5
1767275224.6472368,15,231.453125,1344.75
1767275224.6472368,15,232.65625,1381.0
1767275224.6472368,15,236.28125,1422.0
1767275224.6472368,15,237.5,1403.0
1767275224.6472368,15,238.703125,1383.0
1767275224.6472368,15,239.921875,1363.5
1767275224.6472368,15,241.140625,1346.25
1767275224.6472368,15,242.390625,1332.0
1767275224.6472368,15,243.65625,1318.75
1767275224.6472368,15,244.828125,1305.5
1767275224.6472368,15,246.109375,1294.75
1767275224.6472368,15,247.296875,1285.25
1767275224.6472368,15,248.484375,1275.25
1767275224.6472368,15,249.71875,1265.5
1767275224.6472368,15,250.953125,1256.25
1767275224.6472368,15,252.125,1249.0
1767275224.6472368,15,253.390625,1240.25
1767275224.6472368,15,254.578125,1231.75
1767275224.6472368,15,255.78125,1227.25
1767275224.6472368,15,256.96875,1221.75
1767275224.6472368,15,258.171875,1217.25
1767275224.6472368,15,259.40625,1212.5
1767275224.6472368,15,260.625,1207.25
1767275224.6472368,15,261.90625,1204.25
1767275224.6472368,15,263.0625,1202.5
1767275224.6472368,15,264.265625,1200.75
1767275224.6472368,15,265.53125,1198.0
1767275224.6472368,15,266.6875,1195.75
1767275224.6472368,15,267.890625,1194.0
1767275224.6472368,15,269.15625,1194.0
1767275224.6472368,15,270.40625,1195.75
1767275224.6472368,15,271.59375,1199.0
1767275224.6472368,15,272.828125,1200.25
1767275224.6472368,15,274.0,1201.5
1767275224.6472368,15,275.234375,1204.25
1767275224.6472368,15,276.390625,1207.25
1767275224.6472368,15,277.53125,1210.5
1767275224.6472368,15,278.71875,1214.25
1767275224.6472368,15,280.0,1218.75
1767275224.6472368,15,281.203125,1224.0
1767275224.6472368,15,282.390625,1228.75
1767275224.6472368,15,283.59375,1234.75
1767275224.6472368,15,284.71875,1243.0
1767275224.6472368,15,285.984375,1250.75
1767275224.6472368,15,287.171875,1259.75
1767275224.6472368,15,288.40625,1268.75
1767275224.6472368,15,289.59375,1278.0
1767275224.6472368,15,290.8125,1289.5
1767275224.6472368,15,291.9375,1301.25
1767275224.6472368,15,293.125,1314.75
1767275224.6472368,15,294.34375,1327.75
1767275224.6472368,15,295.515625,1338.5
1767275224.6472368,15,296.78125,1353.5
1767275224.6472368,15,297.90625,1370.5
1767275224.6472368,15,299.21875,1387.75
1767275224.6472368,15,300.390625,1406.25
1767275224.6472368,15,301.609375,1415.25
1767275224.6472368,15,304.078125,1346.75
1767275224.6472368,15,306.5625,1271.0
1767275224.6472368,15,310.375,1127.75
1767275224.6472368,15,311.5625,1101.5
1767275224.6472368,15,312.828125,1078.25
1767275224.6472368,15,314.09375,1055.75
1767275224.6472368,15,315.296875,1033.0
1767275224.6472368,15,316.640625,1011.75
1767275224.6472368,15,317.859375,993.5
1767275224.6472368,15,319.09375,977.25
1767275224.6472368,15,320.25,962.0
1767275224.6472368,15,321.5625,946.25
1767275224.6472368,15,322.84375,930.75
1767275224.6472368,15,323.96875,917.0
1767275224.6472368,15,325.1875,904.5
1767275224.6472368,15,326.484375,892.0
1767275224.6472368,15,327.703125,880.75
1767275224.6472368,15,328.984375,870.75
1767275224.6472368,15,330.203125,859.75
1767275224.6472368,15,331.40625,849.75
1767275224.6472368,15,332.640625,840.75
1767275224.6472368,15,333.875,830.5
1767275224.6472368,15,335.125,822.0
1767275224.6472368,15,336.21875,815.0
1767275224.6472368,15,337.5625,806.75
1767275224.6472368,15,338.671875,799.0
1767275224.6472368,15,339.96875,793.5
1767275224.6472368,15,341.25,788.5
1767275224.6472368,15,342.34375,783.25
1767275224.6472368,15,343.5625,778.5
1767275224.6472368,15,344.8125,773.5
1767275224.6472368,15,346.15625,768.75
1767275224.6472368,15,347.3125,765.75
1767275224.6472368,15,348.5,762.75
1767275224.6472368,15,349.734375,759.75
1767275224.6472368,15,350.953125,756.75
1767275224.6472368,15,352.1875,754.5
1767275224.7982843,15,353.328125,752.25
1767275224.7982843,15,354.53125,750.0
1767275224.7982843,15,355.890625,749.5
1767275224.7982843,15,357.0625,749.0
1767275224.7982843,15,359.3125,773.75
1767275224.7982843,15,2.953125,784.0
1767275224.7982843,15,4.171875,795.75
1767275224.7982843,15,5.375,798.0
1767275224.7982843,15,6.609375,799.75
1767275224.7982843,15,7.75,802.25
1767275224.7982843,15,9.046875,806.25
1767275224.7982843,15,10.234375,810.25
1767275224.7982843,15,11.375,813.25
1767275224.7982843,15,12.671875,817.25
1767275224.7982843,15,13.828125,822.25
1767275224.7982843,15,15.015625,826.75
1767275224.7982843,15,16.203125,832.0
1767275224.7982843,15,17.421875,839.0
1767275224.7982843,15,18.65625,846.5
1767275224.7982843,15,19.84375,854.5
1767275224.7982843,15,21.0625,861.5
1767275224.7982843,15,22.1875,868.75
1767275224.7982843,15,23.46875,876.75
1767275224.7982843,15,24.671875,884.75
1767275224.7982843,15,25.875,893.75
1767275224.7982843,15,27.046875,903.0
1767275224.7982843,15,28.203125,912.5
1767275224.7982843,15,29.390625,923.5
1767275224.7982843,15,30.59375,935.25
1767275224.7982843,15,31.828125,946.5
1767275224.7982843,15,33.0625,959.0
1767275224.7982843,15,34.21875,972.5
1767275224.7982843,15,35.46875,985.75
1767275224.7982843,15,36.625,1000.25
1767275224.7982843,15,37.828125,1016.0
1767275224.7982843,15,39.03125,1032.5
1767275224.7982843,15,40.21875,1051.0
1767275224.7982843,15,41.46875,1071.5
1767275224.7982843,15,42.5625,1092.0
1767275224.7982843,15,43.828125,1110.5
1767275224.7982843,15,45.046875,1132.5
1767275224.7982843,15,46.15625,1159.5
1767275224.7982843,15,47.359375,1183.0
1767275224.7982843,15,48.578125,1207.5
1767275224.7982843,15,49.734375,1238.75
1767275224.7982843,15,50.984375,1273.0
1767275224.7982843,15,52.21875,1277.25
1767275224.7982843,15,53.421875,1256.0
1767275224.7982843,15,54.65625,1238.0
1767275224.7982843,15,55.875,1220.75
1767275224.7982843,15,57.15625,1207.25
1767275224.7982843,15,58.375,1191.75
1767275224.7982843,15,59.53125,1177.0
1767275224.7982843,15,60.6875,1166.5
1767275224.7982843,15,61.9375,1155.0
1767275224.7982843,15,63.203125,1142.0
1767275224.7982843,15,64.453125,1130.5
1767275224.7982843,15,65.65625,1119.75
1767275224.7982843,15,66.890625,1110.75
1767275224.7982843,15,68.125,1102.25
1767275224.7982843,15,69.3125,1093.25
1767275224.7982843,15,70.59375,1086.5
1767275224.7982843,15,71.765625,1081.5
1767275224.7982843,15,72.984375,1074.75
1767275224.7982843,15,74.234375,1067.25
1767275224.7982843,15,75.40625,1062.5
1767275224.7982843,15,76.6875,1057.75
1767275224.7982843,15,77.8125,1052.25
1767275224.7982843,15,79.078125,1048.0
1767275224.7982843,15,80.28125,1045.25
1767275224.7982843,15,81.578125,1043.5
1767275224.7982843,15,82.703125,1041.0
1767275224.7982843,15,83.96875,1038.0
1767275224.7982843,15,85.078125,1037.25
1767275224.7982843,15,86.359375,1036.25
1767275224.7982843,15,87.53125,1035.25
1767275224.7982843,15,88.75,1035.75
1767275224.7982843,15,89.96875,1036.75
1767275224.7982843,15,91.171875,1037.5
1767275224.7982843,15,92.375,1039.0
1767275224.7982843,15,93.640625,1041.0
1767275224.7982843,15,94.796875,1043.0
1767275224.7982843,15,95.96875,1045.75
1767275224.7982843,15,97.25,1048.5
1767275224.7982843,15,98.453125,1052.75
1767275224.7982843,15,99.640625,1057.0
1767275224.7982843,15,100.828125,1060.75
1767275224.7982843,15,102.109375,1065.25
1767275224.7982843,15,103.328125,1070.0
1767275224.7982843,15,104.4375,1076.75
1767275224.7982843,15,105.6875,1083.25
1767275224.7982843,15,106.828125,1088.75
1767275224.7982843,15,108.109375,1096.25
1767275224.7982843,15,109.265625,1104.0
1767275224.7982843,15,110.5,1112.0
1767275224.7982843,15,111.6875,1120.25
1767275224.7982843,15,112.953125,1128.5
1767275224.7982843,15,114.140625,1138.75
1767275224.7982843,15,115.34375,1152.0
1767275224.7982843,15,116.546875,1164.0
1767275224.7982843,15,117.6875,1174.0
1767275224.7982843,15,118.921875,1183.75
1767275224.7982843,15,120.09375,1199.0
1767275224.7982843,15,121.328125,1216.5
1767275224.7982843,15,122.53125,1230.5
1767275224.7982843,15,123.671875,1248.25
1767275224.7982843,15,124.890625,1266.5
1767275224.7982843,15,126.140625,1282.0
1767275224.7982843,15,127.28125,1284.75
1767275224.7982843,15,128.53125,1263.25
1767275224.7982843,15,129.828125,1233.5
1767275224.7982843,15,131.03125,1204.0
1767275224.7982843,15,132.203125,1176.0
1767275224.7982843,15,133.4375,1152.75
1767275224.7982843,15,134.703125,1130.5
1767275224.7982843,15,136.0,1110.25
1767275224.7982843,15,137.234375,1088.5
1767275224.7982843,15,138.421875,1067.75
1767275224.7982843,15,139.625,1050.75
1767275224.7982843,15,140.953125,1033.75
1767275224.7982843,15,142.140625,1014.75
1767275224.7982843,15,143.421875,998.0
1767275224.7982843,15,144.671875,986.5
1767275224.7982843,15,145.84375,972.75
1767275224.7982843,15,147.015625,959.0
1767275224.7982843,15,148.265625,949.25
1767275224.7982843,15,149.515625,938.0
1767275224.7982843,15,150.6875,926.75
1767275224.7982843,15,152.0,916.75
1767275224.7982843,15,153.203125,907.5
1767275224.7982843,15,154.484375,899.0
1767275224.7982843,15,155.65625,891.0
1767275224.7982843,15,156.96875,884.25
1767275224.7982843,15,158.15625,877.75
1767275224.7982843,15,159.375,871.75
1767275224.7982843,15,160.5,867.0
1767275224.7982843,15,161.765625,861.5
1767275224.7982843,15,162.984375,856.0
1767275224.7982843,15,164.265625,850.5
1767275224.7982843,15,165.453125,845.5
1767275224.7982843,15,166.71875,841.25
1767275224.7982843,15,167.90625,837.0
1767275224.7982843,15,169.09375,833.5
1767275224.7982843,15,170.328125,830.5
1767275224.7982843,15,171.578125,828.0
1767275224.7982843,15,172.765625,826.0
1767275224.7982843,15,173.96875,824.0
1767275224.7982843,15,175.25,823.5
1767275224.7982843,15,176.359375,823.0
1767275224.7982843,15,177.65625,822.75
1767275224.7982843,15,178.875,823.25
1767275224.7982843,15,180.03125,824.0
1767275224.7982843,15,181.34375,824.75
1767275224.7982843,15,182.5625,825.25
1767275224.7982843,15,183.765625,826.25
1767275224.7982843,15,184.921875,828.25
1767275224.7982843,15,186.109375,830.5
1767275224.7982843,15,187.34375,833.75
1767275224.7982843,15,188.5625,838.25
1767275224.7982843,15,189.78125,842.25
1767275224.7982843,15,190.953125,845.75
1767275224.7982843,15,192.25,850.25
1767275224.7982843,15,193.3125,855.0
1767275224.7982843,15,194.5625,859.25
1767275224.7982843,15,195.8125,864.5
1767275224.7982843,15,196.953125,870.25
1767275224.7982843,15,198.140625,875.25
1767275224.7982843,15,199.328125,882.25
1767275224.7982843,15,200.640625,889.5
1767275224.7982843,15,201.84375,896.25
1767275224.7982843,15,203.015625,905.0
1767275224.7982843,15,204.1875,913.25
1767275224.7982843,15,205.4375,922.0
1767275224.7982843,15,206.5625,931.75
1767275224.7982843,15,207.828125,942.0
1767275224.7982843,15,208.96875,953.25
1767275224.7982843,15,210.203125,965.0
1767275224.7982843,15,211.359375,976.75
1767275224.7982843,15,212.5625,989.25
1767275224.7982843,15,213.828125,1003.5
1767275224.7982843,15,215.0,1018.25
1767275224.7982843,15,216.1875,1032.75
1767275224.7982843,15,217.375,1049.0
1767275224.7982843,15,218.53125,1067.5
1767275224.7982843,15,219.71875,1085.75
1767275224.7982843,15,220.96875,1104.25
1767275224.7982843,15,222.203125,1125.0
1767275224.7982843,15,223.3125,1147.5
1767275224.7982843,15,224.53125,1171.5
1767275224.7982843,15,225.703125,1194.75
1767275224.7982843,15,226.875,1220.5
1767275224.7982843,15,228.09375,1250.25
1767275224.7982843,15,229.265625,1280.75
1767275224.7982843,15,230.40625,1313.25
1767275224.7982843,15,231.640625,1350.25
1767275224.7982843,15,232.84375,1390.25
1767275224.7982843,15,236.453125,1419.25
1767275224.7982843,15,237.671875,1400.0
1767275224.7982843,15,238.90625,1378.25
1767275224.7982843,15,240.203125,1360.25
1767275224.7982843,15,241.4375,1344.25
1767275224.7982843,15,242.625,1329.5
1767275224.7982843,15,243.859375,1317.5
1767275224.7982843,15,245.078125,1304.75
1767275224.7982843,15,246.296875,1292.75
1767275224.7982843,15,247.5,1282.25
1767275224.7982843,15,248.71875,1272.0
1767275224.7982843,15,249.96875,1263.75
1767275224.7982843,15,251.171875,1254.0
1767275224.7982843,15,252.4375,1245.0
1767275224.7982843,15,253.625,1237.25
1767275224.7982843,15,254.828125,1230.75
1767275224.7982843,15,256.078125,1225.75
1767275224.7982843,15,257.25,1220.5
1767275224.7982843,15,258.515625,1215.75
1767275224.7982843,15,259.6875,1212.0
1767275224.7982843,15,260.984375,1206.25
1767275224.7982843,15,262.125,1202.5
1767275224.7982843,15,263.328125,1202.0
1767275224.7982843,15,264.609375,1200.0
1767275224.7982843,15,265.84375,1196.5
1767275224.7982843,15,266.984375,1195.0
1767275224.7982843,15,268.234375,1195.5
1767275224.7982843,15,269.453125,1195.75
1767275224.7982843,15,270.703125,1196.75
1767275224.7982843,15,271.859375,1199.0
1767275224.7982843,15,273.046875,1201.25
1767275224.7982843,15,274.25,1202.75
1767275224.7982843,15,275.46875,1205.5
1767275224.7982843,15,276.59375,1209.0
1767275224.7982843,15,277.828125,1212.25
1767275224.7982843,15,279.0625,1216.75
1767275224.7982843,15,280.28125,1221.5
1767275224.7982843,15,281.484375,1224.75
1767275224.7982843,15,282.640625,1229.75
1767275224.7982843,15,283.890625,1235.75
1767275224.7982843,15,285.125,1243.75
1767275224.7982843,15,286.25,1252.25
1767275224.7982843,15,287.453125,1260.75
1767275224.7982843,15,288.65625,1270.75
1767275224.7982843,15,289.890625,1280.5
1767275224.7982843,15,291.140625,1291.5
1767275224.7982843,15,292.25,1305.5
1767275224.7982843,15,293.46875,1318.0
1767275224.7982843,15,294.671875,1329.25
1767275224.7982843,15,295.859375,1343.25
1767275224.7982843,15,297.109375,1358.75
1767275224.7982843,15,298.25,1375.25
1767275224.7982843,15,299.484375,1393.25
1767275224.7982843,15,300.65625,1410.5
1767275224.7982843,15,301.875,1409.5
1767275224.7982843,15,304.34375,1338.25
1767275224.7982843,15,305.65625,1301.25
1767275224.7982843,15,306.890625,1265.75
1767275224.7982843,15,310.640625,1123.75
1767275224.7982843,15,311.859375,1098.5
1767275224.7982843,15,313.140625,1073.75
1767275224.7982843,15,314.390625,1050.75
1767275224.7982843,15,315.5625,1030.5
1767275224.7982843,15,316.84375,1010.0
1767275224.7982843,15,318.0625,991.0
1767275224.7982843,15,319.34375,975.25
1767275224.7982843,15,320.515625,959.25
1767275224.7982843,15,321.734375,943.5
1767275224.7982843,15,322.953125,929.25
1767275224.7982843,15,324.265625,914.75
1767275224.7982843,15,325.40625,901.5
1767275224.7982843,15,326.71875,890.25
1767275224.7982843,15,327.90625,879.0
1767275224.7982843,15,329.125,869.0
1767275224.7982843,15,330.40625,859.0
1767275224.7982843,15,331.59375,848.5
1767275224.7982843,15,332.875,837.75
1767275224.7982843,15,334.171875,828.0
1767275224.7982843,15,335.390625,820.5
1767275224.7982843,15,336.5625,812.5
1767275224.7982843,15,337.8125,804.75
1767275224.7982843,15,339.0,798.25
1767275224.7982843,15,340.265625,792.75
1767275224.7982843,15,341.40625,787.0
1767275224.7982843,15,342.671875,782.0
1767275224.7982843,15,343.890625,777.75
1767275224.7982843,15,345.171875,773.0
1767275224.7982843,15,346.25,768.75
1767275224.7982843,15,347.515625,765.0
1767275224.7982843,15,348.765625,761.5
1767275224.7982843,15,350.09375,758.25
1767275224.7982843,15,351.203125,756.0
1767275224.9510772,15,352.421875,753.75
1767275224.9510772,15,353.625,751.75
1767275224.9510772,15,354.890625,750.5
1767275224.9510772,15,356.0625,749.5
1767275224.9510772,15,0.765625,784.75
1767275224.9510772,15,1.984375,794.0
1767275224.9510772,15,3.203125,793.75
1767275224.9510772,15,4.46875,795.5
1767275224.9510772,15,5.703125,797.5
1767275224.9510772,15,6.90625,800.0
1767275224.9510772,15,8.0625,802.5
1767275224.9510772,15,9.1875,806.25
1767275224.9510772,15,10.515625,810.75
1767275224.9510772,15,11.625,814.5
1767275224.9510772,15,12.96875,817.75
1767275224.9510772,15,14.15625,822.0
1767275224.9510772,15,15.28125,828.0
1767275224.9510772,15,16.421875,834.0
1767275224.9510772,15,17.734375,841.0
1767275224.9510772,15,18.828125,848.0
1767275224.9510772,15,20.046875,855.5
1767275224.9510772,15,21.34375,863.75
1767275224.9510772,15,22.46875,871.0
1767275224.9510772,15,23.65625,878.25
1767275224.9510772,15,24.875,886.5
1767275224.9510772,15,26.046875,894.75
1767275224.9510772,15,27.296875,904.25
1767275224.9510772,15,28.421875,914.25
1767275224.9510772,15,29.625,925.0
1767275224.9510772,15,30.828125,937.75
1767275224.9510772,15,31.96875,949.75
1767275224.9510772,15,33.171875,961.5
1767275224.9510772,15,34.390625,975.25
1767275224.9510772,15,35.703125,988.75
1767275224.9510772,15,36.875,1002.75
1767275224.9510772,15,38.0,1019.25
1767275224.9510772,15,39.28125,1036.25
1767275224.9510772,15,40.4375,1053.25
1767275224.9510772,15,41.578125,1074.0
1767275224.9510772,15,42.84375,1094.75
1767275224.9510772,15,43.9375,1114.25
1767275224.9510772,15,45.125,1136.75
1767275224.9510772,15,46.375,1162.75
1767275224.9510772,15,47.53125,1188.75
1767275224.9510772,15,48.71875,1214.75
1767275224.9510772,15,52.296875,1245.75
1767275224.9510772,15,53.546875,1253.75
1767275224.9510772,15,54.84375,1236.0
1767275224.9510772,15,56.03125,1219.25
1767275224.9510772,15,57.21875,1205.75
1767275224.9510772,15,58.484375,1191.25
1767275224.9510772,15,59.671875,1175.75
1767275224.9510772,15,60.921875,1165.25
1767275224.9510772,15,62.15625,1153.75
1767275224.9510772,15,63.3125,1140.0
1767275224.9510772,15,64.546875,1128.75
1767275224.9510772,15,65.78125,1118.75
1767275224.9510772,15,67.046875,1110.5
1767275224.9510772,15,68.234375,1101.5
1767275224.9510772,15,69.46875,1092.0
1767275224.9510772,15,70.640625,1085.75
1767275224.9510772,15,71.890625,1079.75
1767275224.9510772,15,73.1875,1073.75
1767275224.9510772,15,74.296875,1068.0
1767275224.9510772,15,75.578125,1062.25
1767275224.9510772,15,76.75,1058.0
1767275224.9510772,15,78.015625,1052.5
1767275224.9510772,15,79.25,1047.75
1767275224.9510772,15,80.40625,1045.25
1767275224.9510772,15,81.6875,1042.5
1767275224.9510772,15,82.90625,1038.75
1767275224.9510772,15,84.078125,1037.0
1767275224.9510772,15,85.3125,1037.0
1767275224.9510772,15,86.4375,1037.0
1767275224.9510772,15,87.703125,1036.5
1767275224.9510772,15,88.84375,1036.25
1767275224.9510772,15,90.125,1037.5
1767275224.9510772,15,91.28125,1038.5
1767275224.9510772,15,92.53125,1039.75
1767275224.9510772,15,93.765625,1041.5
1767275224.9510772,15,95.015625,1043.5
1767275224.9510772,15,96.171875,1045.25
1767275224.9510772,15,97.328125,1048.25
1767275224.9510772,15,98.609375,1053.5
1767275224.9510772,15,99.796875,1058.25
1767275224.9510772,15,100.953125,1061.5
1767275224.9510772,15,102.21875,1065.5
1767275224.9510772,15,103.40625,1070.75
1767275224.9510772,15,104.546875,1076.75
1767275224.9510772,15,105.78125,1082.75
1767275224.9510772,15,107.0,1090.5
1767275224.9510772,15,108.203125,1098.75
1767275224.9510772,15,109.328125,1104.75
1767275224.9510772,15,110.59375,1111.75
1767275224.9510772,15,111.8125,1120.5
1767275224.9510772,15,112.984375,1129.25
1767275224.9510772,15,114.1875,1139.0
1767275224.9510772,15,115.3125,1151.75
1767275224.9510772,15,116.546875,1164.75
1767275224.9510772,15,117.75,1175.25
1767275224.9510772,15,118.9375,1187.0
1767275224.9510772,15,120.140625,1201.75
1767275224.9510772,15,121.296875,1216.75
1767275224.9510772,15,122.5625,1231.0
1767275224.9510772,15,123.734375,1247.75
1767275224.9510772,15,124.890625,1265.75
1767275224.9510772,15,126.09375,1281.75
1767275224.9510772,15,127.359375,1285.25
1767275224.9510772,15,128.53125,1263.75
1767275224.9510772,15,129.78125,1234.0
1767275224.9510772,15,131.0,1204.25
1767275224.9510772,15,132.21875,1176.5
1767275224.9510772,15,133.421875,1155.5
1767275224.9510772,15,134.65625,1133.0
1767275224.9510772,15,135.9375,1110.25
1767275224.9510772,15,137.171875,1089.5
1767275224.9510772,15,138.4375,1069.75
1767275224.9510772,15,139.5625,1051.5
1767275224.9510772,15,140.875,1034.0
1767275224.9510772,15,142.109375,1017.0
1767275224.9510772,15,143.3125,1000.0
1767275224.9510772,15,144.578125,986.25
1767275224.9510772,15,145.75,974.5
1767275224.9510772,15,146.921875,961.75
1767275224.9510772,15,148.203125,950.25
1767275224.9510772,15,149.453125,939.0
1767275224.9510772,15,150.609375,927.75
1767275224.9510772,15,151.859375,916.75
1767275224.9510772,15,153.140625,907.75
1767275224.9510772,15,154.359375,900.5
1767275224.9510772,15,155.5625,893.25
1767275224.9510772,15,156.796875,885.0
1767275224.9510772,15,158.03125,877.75
1767275224.9510772,15,159.296875,872.5
1767275224.9510772,15,160.53125,867.5
1767275224.9510772,15,161.609375,861.5
1767275224.9510772,15,162.96875,856.0
1767275224.9510772,15,164.1875,851.25
1767275224.9510772,15,165.265625,846.5
1767275224.9510772,15,166.578125,841.25
1767275224.9510772,15,167.84375,837.25
1767275224.9510772,15,169.015625,833.75
1767275224.9510772,15,170.234375,830.0
1767275224.9510772,15,171.421875,827.75
1767275224.9510772,15,172.640625,826.0
1767275224.9510772,15,173.875,824.5
1767275224.9510772,15,175.125,823.5
1767275224.9510772,15,176.21875,823.0
1767275224.9510772,15,177.4375,823.0
1767275224.9510772,15,178.609375,823.25
1767275224.9510772,15,180.046875,823.5
1767275224.9510772,15,181.15625,824.5
1767275224.9510772,15,182.453125,825.25
1767275224.9510772,15,183.53125,826.0
1767275224.9510772,15,184.765625,828.25
1767275224.9510772,15,185.953125,830.75
1767275224.9510772,15,187.21875,833.75
1767275224.9510772,15,188.359375,837.5
1767275224.9510772,15,189.65625,841.25
1767275224.9510772,15,190.78125,845.25
1767275224.9510772,15,192.03125,849.25
1767275224.9510772,15,193.234375,853.75
1767275224.9510772,15,194.40625,858.75
1767275224.9510772,15,195.6875,864.0
1767275224.9510772,15,196.828125,869.75
1767275224.9510772,15,198.015625,874.75
1767275224.9510772,15,199.3125,881.5
1767275224.9510772,15,200.46875,889.0
1767275224.9510772,15,201.609375,896.0
1767275224.9510772,15,202.90625,904.5
1767275224.9510772,15,204.125,912.25
1767275224.9510772,15,205.265625,920.25
1767275224.9510772,15,206.46875,930.75
1767275224.9510772,15,207.734375,942.0
1767275224.9510772,15,208.859375,952.0
1767275224.9510772,15,210.140625,962.5
1767275224.9510772,15,211.265625,975.5
1767275224.9510772,15,212.5,987.75
1767275224.9510772,15,213.703125,1000.25
1767275224.9510772,15,214.90625,1015.75
1767275224.9510772,15,216.09375,1031.5
1767275224.9510772,15,217.234375,1047.0
1767275224.9510772,15,218.40625,1063.5
1767275224.9510772,15,219.6875,1082.5
1767275224.9510772,15,220.8125,1103.25
1767275224.9510772,15,222.03125,1123.75
1767275224.9510772,15,223.1875,1144.75
1767275224.9510772,15,224.4375,1167.5
1767275224.9510772,15,225.609375,1186.5
1767275224.9510772,15,226.796875,1212.75
1767275224.9510772,15,227.9375,1245.0
1767275224.9510772,15,229.078125,1275.0
1767275224.9510772,15,230.296875,1309.75
1767275224.9510772,15,231.484375,1344.25
1767275224.9510772,15,232.625,1380.75
1767275224.9510772,15,236.25,1422.0
1767275224.9510772,15,237.46875,1403.25
1767275224.9510772,15,238.71875,1383.0
1767275224.9510772,15,239.953125,1363.25
1767275224.9510772,15,241.203125,1346.0
1767275224.9510772,15,242.390625,1332.0
1767275224.9510772,15,243.65625,1319.0
1767275224.9510772,15,244.828125,1305.5
1767275224.9510772,15,246.109375,1294.5
1767275224.9510772,15,247.34375,1285.0
1767275224.9510772,15,248.53125,1274.75
1767275224.9510772,15,249.78125,1265.0
1767275224.9510772,15,250.984375,1256.0
1767275224.9510772,15,252.203125,1248.0
1767275224.9510772,15,253.40625,1239.5
1767275224.9510772,15,254.671875,1231.5
1767275224.9510772,15,255.828125,1226.75
1767275224.9510772,15,257.09375,1221.75
1767275224.9510772,15,258.296875,1217.0
1767275224.9510772,15,259.515625,1212.0
1767275224.9510772,15,260.703125,1207.75
1767275224.9510772,15,261.96875,1204.75
1767275224.9510772,15,263.234375,1202.5
1767275224.9510772,15,264.375,1200.5
1767275224.9510772,15,265.625,1198.25
1767275224.9510772,15,266.875,1196.25
1767275224.9510772,15,268.0625,1194.5
1767275224.9510772,15,269.265625,1194.25
1767275224.9510772,15,270.4375,1194.75
1767275224.9510772,15,271.65625,1197.0
1767275224.9510772,15,272.9375,1199.5
1767275224.9510772,15,274.125,1201.5
1767275224.9510772,15,275.3125,1204.5
1767275224.9510772,15,276.53125,1207.5
1767275224.9510772,15,277.765625,1211.5
1767275224.9510772,15,278.921875,1216.0
1767275224.9510772,15,280.171875,1220.5
1767275224.9510772,15,281.390625,1225.5
1767275224.9510772,15,282.546875,1230.5
1767275224.9510772,15,283.734375,1236.5
1767275224.9510772,15,284.921875,1244.5
1767275224.9510772,15,286.1875,1252.25
1767275224.9510772,15,287.359375,1260.25
1767275224.9510772,15,288.546875,1269.25
1767275224.9510772,15,289.734375,1279.5
1767275224.9510772,15,290.953125,1290.5
1767275224.9510772,15,292.203125,1303.25
1767275224.9510772,15,293.359375,1316.5
1767275224.9510772,15,294.59375,1328.75
1767275224.9510772,15,295.765625,1342.0
1767275224.9510772,15,296.96875,1356.5
1767275224.9510772,15,298.140625,1373.75
1767275224.9510772,15,299.390625,1391.0
1767275224.9510772,15,300.546875,1407.5
1767275224.9510772,15,301.75,1412.25
1767275224.9510772,15,304.265625,1340.5
1767275224.9510772,15,305.46875,1304.0
1767275224.9510772,15,306.78125,1267.0
1767275224.9510772,15,310.5625,1124.75
1767275224.9510772,15,311.78125,1098.5
1767275224.9510772,15,312.984375,1076.25
1767275224.9510772,15,314.21875,1053.5
1767275224.9510772,15,315.546875,1030.75
1767275224.9510772,15,316.78125,1010.25
1767275224.9510772,15,318.0,992.25
1767275224.9510772,15,319.140625,976.0
1767275224.9510772,15,320.484375,959.25
1767275224.9510772,15,321.640625,943.5
1767275224.9510772,15,322.921875,929.25
1767275224.9510772,15,324.125,916.0
1767275224.9510772,15,325.359375,903.0
1767275224.9510772,15,326.546875,891.0
1767275224.9510772,15,327.90625,880.5
1767275224.9510772,15,329.125,869.75
1767275224.9510772,15,330.359375,859.0
1767275224.9510772,15,331.59375,849.25
1767275224.9510772,15,332.75,839.5
1767275224.9510772,15,333.96875,828.75
1767275224.9510772,15,335.15625,820.5
1767275224.9510772,15,336.4375,813.0
1767275224.9510772,15,337.71875,805.0
1767275224.9510772,15,338.9375,798.0
1767275224.9510772,15,340.21875,793.0
1767275224.9510772,15,341.34375,787.75
1767275224.9510772,15,342.625,782.75
1767275224.9510772,15,343.78125,777.75
1767275224.9510772,15,345.0625,772.75
1767275224.9510772,15,346.25,769.0
1767275224.9510772,15,347.4375,765.5
1767275224.9510772,15,348.765625,761.75
1767275224.9510772,15,349.9375,758.5
1767275224.9510772,15,351.203125,756.0
1767275224.9510772,15,352.390625,753.5
1767275225.1023455,15,353.640625,751.5
1767275225.1023455,15,354.828125,750.25
1767275225.1023455,15,355.96875,749.25
1767275225.1023455,15,357.171875,744.0
1767275225.1023455,15,359.625,774.25
1767275225.1023455,15,0.734375,780.25
1767275225.1023455,15,1.890625,789.0
1767275225.1023455,15,3.203125,793.75
1767275225.1023455,15,4.328125,795.75
1767275225.1023455,15,5.53125,797.75
1767275225.1023455,15,6.703125,800.0
1767275225.1023455,15,7.984375,802.5
1767275225.1023455,15,9.140625,806.25
1767275225.1023455,15,10.46875,810.5
1767275225.1023455,15,11.65625,814.25
1767275225.1023455,15,12.796875,818.25
1767275225.1023455,15,14.0625,822.5
1767275225.1023455,15,15.1875,827.75
1767275225.1023455,15,16.5,834.0
1767275225.1023455,15,17.65625,840.0
1767275225.1023455,15,18.890625,847.0
1767275225.1023455,15,20.078125,855.25
1767275225.1023455,15,21.234375,863.5
1767275225.1023455,15,22.46875,871.0
1767275225.1023455,15,23.578125,878.5
1767275225.1023455,15,24.828125,886.25
1767275225.1023455,15,26.015625,894.5
1767275225.1023455,15,27.1875,904.0
1767275225.1023455,15,28.453125,914.0
1767275225.1023455,15,29.609375,924.75
1767275225.1023455,15,30.84375,937.5
1767275225.1023455,15,31.9375,949.5
1767275225.1023455,15,33.140625,961.25
1767275225.1023455,15,34.40625,975.0
1767275225.1023455,15,35.5625,988.5
1767275225.1023455,15,36.796875,1001.5
1767275225.1023455,15,37.953125,1018.0
1767275225.1023455,15,39.125,1036.25
1767275225.1023455,15,40.359375,1053.0
1767275225.1023455,15,41.53125,1072.25
1767275225.1023455,15,42.671875,1093.0
1767275225.1023455,15,43.859375,1114.0
1767275225.1023455,15,45.125,1136.5
1767275225.1023455,15,46.296875,1161.0
1767275225.1023455,15,47.46875,1183.75
1767275225.1023455,15,48.703125,1211.25
1767275225.1023455,15,49.875,1243.0
1767275225.1023455,15,53.515625,1253.75
1767275225.1023455,15,54.765625,1235.75
1767275225.1023455,15,55.984375,1220.5
1767275225.1023455,15,57.234375,1207.0
1767275225.1023455,15,58.453125,1191.25
1767275225.1023455,15,59.671875,1176.5
1767275225.1023455,15,60.84375,1165.75
1767275225.1023455,15,62.015625,1153.5
1767275225.1023455,15,63.265625,1140.25
1767275225.1023455,15,64.46875,1129.75
1767275225.1023455,15,65.75,1119.5
1767275225.1023455,15,66.9375,1110.25
1767275225.1023455,15,68.234375,1101.5
1767275225.1023455,15,69.421875,1092.5
1767275225.1023455,15,70.65625,1086.0
1767275225.1023455,15,71.828125,1079.75
1767275225.1023455,15,73.0625,1073.0
1767275225.1023455,15,74.265625,1067.25
1767275225.1023455,15,75.5625,1062.0
1767275225.1023455,15,76.75,1057.5
1767275225.1023455,15,77.96875,1052.5
1767275225.1023455,15,79.125,1047.75
1767275225.1023455,15,80.4375,1045.25
1767275225.1023455,15,81.59375,1042.25
1767275225.1023455,15,82.84375,1039.5
1767275225.1023455,15,84.046875,1038.0
1767275225.1023455,15,85.203125,1037.0
1767275225.1023455,15,86.4375,1036.0
1767275225.1023455,15,87.59375,1035.75
1767275225.1023455,15,88.859375,1036.25
1767275225.1023455,15,90.015625,1037.25
1767275225.1023455,15,91.296875,1038.0
1767275225.1023455,15,92.453125,1039.0
1767275225.1023455,15,93.734375,1041.5
1767275225.1023455,15,94.953125,1043.25
1767275225.1023455,15,96.0625,1045.75
1767275225.1023455,15,97.28125,1048.75
1767275225.1023455,15,98.53125,1053.5
1767275225.1023455,15,99.75,1057.75
1767275225.1023455,15,100.96875,1061.0
1767275225.1023455,15,102.15625,1065.5
1767275225.1023455,15,103.34375,1070.75
1767275225.1023455,15,104.59375,1077.25
1767275225.1023455,15,105.734375,1083.0
1767275225.1023455,15,106.984375,1090.0
1767275225.1023455,15,108.125,1097.5
1767275225.1023455,15,109.296875,1103.75
1767275225.1023455,15,110.484375,1111.75
1767275225.1023455,15,111.6875,1120.0
1767275225.1023455,15,112.90625,1128.75
1767275225.1023455,15,114.109375,1139.0
1767275225.1023455,15,115.3125,1151.75
1767275225.1023455,15,116.484375,1164.0
1767275225.1023455,15,117.6875,1174.5
1767275225.1023455,15,118.90625,1184.0
1767275225.1023455,15,120.0625,1196.75
1767275225.1023455,15,121.296875,1214.25
1767275225.1023455,15,122.421875,1230.0
1767275225.1023455,15,123.609375,1246.0
1767275225.1023455,15,124.796875,1262.0
1767275225.1023455,15,126.015625,1279.5
1767275225.1023455,15,127.265625,1285.75
1767275225.1023455,15,128.4375,1267.5
1767275225.1023455,15,129.703125,1238.25
1767275225.1023455,15,130.953125,1205.5
1767275225.1023455,15,132.15625,1179.5
1767275225.1023455,15,133.34375,1158.0
1767275225.1023455,15,134.640625,1132.75
1767275225.1023455,15,135.8125,1111.25
1767275225.1023455,15,137.078125,1090.5
1767275225.1023455,15,138.3125,1069.5
1767275225.1023455,15,139.578125,1052.0
1767275225.1023455,15,140.828125,1035.5
1767275225.1023455,15,142.015625,1017.75
1767275225.1023455,15,143.203125,1000.0
1767275225.1023455,15,144.390625,987.0
1767275225.1023455,15,145.734375,975.25
1767275225.1023455,15,146.90625,961.5
1767275225.1023455,15,148.15625,951.0
1767275225.1023455,15,149.40625,939.75
1767275225.1023455,15,150.609375,927.5
1767275225.1023455,15,151.796875,916.5
1767275225.1023455,15,153.0,908.0
1767275225.1023455,15,154.25,900.75
1767275225.1023455,15,155.5,893.25
1767275225.1023455,15,156.84375,885.0
1767275225.1023455,15,158.0625,877.75
1767275225.1023455,15,159.296875,872.5
1767275225.1023455,15,160.5,867.5
1767275225.1023455,15,161.609375,861.25
1767275225.1023455,15,162.96875,855.75
1767275225.1023455,15,164.171875,851.0
1767275225.1023455,15,165.390625,846.25
1767275225.1023455,15,166.5,841.25
1767275225.1023455,15,167.71875,837.0
1767275225.1023455,15,169.078125,833.5
1767275225.1023455,15,170.3125,829.75
1767275225.1023455,15,171.484375,827.5
1767275225.1023455,15,172.65625,826.0
1767275225.1023455,15,173.90625,824.5
1767275225.1023455,15,175.171875,823.25
1767275225.1023455,15,176.25,822.75
1767275225.1023455,15,177.4375,823.0
1767275225.1023455,15,178.78125,823.25
1767275225.1023455,15,179.921875,823.5
1767275225.1023455,15,181.171875,824.5
1767275225.1023455,15,182.46875,825.25
1767275225.1023455,15,183.546875,826.0
1767275225.1023455,15,184.734375,828.25
1767275225.1023455,15,186.0625,830.75
1767275225.1023455,15,187.234375,833.5
1767275225.1023455,15,188.46875,837.5
1767275225.1023455,15,189.6875,841.25
1767275225.1023455,15,190.8125,845.25
1767275225.1023455,15,192.0625,849.5
1767275225.1023455,15,193.296875,853.75
1767275225.1023455,15,194.515625,858.75
1767275225.1023455,15,195.609375,864.0
1767275225.1023455,15,196.796875,869.75
1767275225.1023455,15,197.984375,874.75
1767275225.1023455,15,199.21875,881.5
1767275225.1023455,15,200.484375,888.75
1767275225.1023455,15,201.671875,895.75
1767275225.1023455,15,202.859375,904.5
1767275225.1023455,15,204.046875,912.0
1767275225.1023455,15,205.25,920.25
1767275225.1023455,15,206.53125,930.25
1767275225.1023455,15,207.609375,941.5
1767275225.1023455,15,208.875,952.0
1767275225.1023455,15,210.078125,962.25
1767275225.1023455,15,211.25,975.0
1767275225.1023455,15,212.46875,987.25
1767275225.1023455,15,213.578125,1000.25
1767275225.1023455,15,214.84375,1016.0
1767275225.1023455,15,216.0,1031.0
1767275225.1023455,15,217.171875,1046.5
1767275225.1023455,15,218.4375,1063.5
1767275225.1023455,15,219.625,1082.5
1767275225.1023455,15,220.84375,1102.5
1767275225.1023455,15,222.015625,1122.75
1767275225.1023455,15,223.21875,1144.75
1767275225.1023455,15,224.375,1167.5
1767275225.1023455,15,225.59375,1190.5
1767275225.1023455,15,226.75,1216.5
1767275225.1023455,15,227.984375,1244.75
1767275225.1023455,15,229.109375,1275.0
1767275225.1023455,15,230.328125,1310.75
1767275225.1023455,15,231.5,1345.25
1767275225.1023455,15,232.65625,1381.0
1767275225.1023455,15,233.921875,1391.0
1767275225.1023455,15,236.296875,1420.5
1767275225.1023455,15,237.59375,1403.25
1767275225.1023455,15,238.765625,1382.0
1767275225.1023455,15,240.046875,1361.5
1767275225.1023455,15,241.25,1345.0
1767275225.1023455,15,242.46875,1331.75
1767275225.1023455,15,243.734375,1319.75
1767275225.1023455,15,244.9375,1305.5
1767275225.1023455,15,246.15625,1293.75
1767275225.1023455,15,247.421875,1284.75
1767275225.1023455,15,248.59375,1273.75
1767275225.1023455,15,249.84375,1263.75
1767275225.1023455,15,251.0625,1255.5
1767275225.1023455,15,252.234375,1247.75
1767275225.1023455,15,253.5,1239.0
1767275225.1023455,15,254.703125,1231.25
1767275225.1023455,15,255.9375,1226.25
1767275225.1023455,15,257.09375,1221.75
1767275225.1023455,15,258.328125,1216.25
1767275225.1023455,15,259.546875,1211.75
1767275225.1023455,15,260.828125,1208.0
1767275225.1023455,15,262.0625,1204.75
1767275225.1023455,15,263.25,1202.0
1767275225.1023455,15,264.46875,1200.0
1767275225.1023455,15,265.640625,1198.25
1767275225.1023455,15,266.9375,1193.0
1767275225.1023455,15,268.09375,1192.0
1767275225.1023455,15,269.296875,1195.5
1767275225.1023455,15,270.578125,1195.25
1767275225.1023455,15,271.765625,1196.75
1767275225.1023455,15,273.0,1200.0
1767275225.1023455,15,274.21875,1202.25
1767275225.1023455,15,275.25,1204.5
1767275225.1023455,15,276.46875,1207.75
1767275225.1023455,15,277.671875,1211.75
1767275225.1023455,15,278.90625,1216.0
1767275225.1023455,15,280.046875,1219.5
1767275225.1023455,15,281.234375,1224.5
1767275225.1023455,15,282.4375,1230.25
1767275225.1023455,15,283.640625,1236.25
1767275225.1023455,15,284.875,1243.5
1767275225.1023455,15,286.078125,1251.5
1767275225.1023455,15,287.265625,1260.5
1767275225.1023455,15,288.46875,1268.75
1767275225.1023455,15,289.703125,1278.25
1767275225.1023455,15,290.859375,1289.5
1767275225.1023455,15,292.078125,1302.5
1767275225.1023455,15,293.234375,1316.0
1767275225.1023455,15,294.453125,1328.75
1767275225.1023455,15,295.71875,1341.75
1767275225.1023455,15,296.84375,1355.75
1767275225.1023455,15,298.03125,1372.5
1767275225.1023455,15,299.3125,1390.0
1767275225.1023455,15,300.484375,1407.25
1767275225.1023455,15,301.6875,1415.5
1767275225.1023455,15,304.1875,1344.25
1767275225.1023455,15,305.390625,1305.75
1767275225.1023455,15,306.625,1270.5
1767275225.1023455,15,310.390625,1126.25
1767275225.1023455,15,311.65625,1101.5
1767275225.1023455,15,312.890625,1078.0
1767275225.1023455,15,314.109375,1055.0
1767275225.1023455,15,315.359375,1032.5
1767275225.1023455,15,316.65625,1011.75
1767275225.1023455,15,317.8125,993.25
1767275225.1023455,15,319.09375,977.0
1767275225.1023455,15,320.359375,961.5
1767275225.1023455,15,321.578125,946.25
1767275225.1023455,15,322.71875,930.5
1767275225.1023455,15,324.0625,916.0
1767275225.1023455,15,325.34375,903.75
1767275225.1023455,15,326.53125,891.75
1767275225.1023455,15,327.78125,880.25
1767275225.1023455,15,329.0625,869.75
1767275225.1023455,15,330.234375,859.0
1767275225.1023455,15,331.46875,849.25
1767275225.1023455,15,332.765625,839.5
1767275225.1023455,15,333.921875,829.0
1767275225.1023455,15,335.171875,821.25
1767275225.1023455,15,336.328125,813.75
1767275225.1023455,15,337.65625,805.25
1767275225.1023455,15,338.859375,798.5
1767275225.1023455,15,340.15625,793.25
1767275225.1023455,15,341.40625,787.75
1767275225.1023455,15,342.546875,782.75
1767275225.1023455,15,343.703125,778.5
1767275225.1023455,15,344.984375,773.5
1767275225.1023455,15,346.1875,769.0
1767275225.1023455,15,347.484375,765.5
1767275225.1023455,15,348.71875,762.5
1767275225.1023455,15,349.859375,759.25
1767275225.1023455,15,351.125,756.0
1767275225.1023455,15,352.28125,754.25
1767275225.253089,15,353.453125,752.5
1767275225.253089,15,354.734375,750.5
1767275225.253089,15,355.921875,749.25
1767275225.253089,15,357.078125,748.75
1767275225.253089,15,359.5625,774.5
1767275225.253089,15,3.0625,785.0
1767275225.253089,15,4.328125,796.0
1767275225.253089,15,5.453125,797.75
1767275225.253089,15,6.75,799.5
1767275225.253089,15,7.8125,802.0
1767275225.253089,15,9.109375,806.25
1767275225.253089,15,10.25,810.0
1767275225.253089,15,11.46875,813.5
1767275225.253089,15,12.71875,817.5
1767275225.253089,15,13.859375,822.25
1767275225.253089,15,15.03125,826.75
1767275225.253089,15,16.1875,832.0
1767275225.253089,15,17.453125,839.25
1767275225.253089,15,18.65625,846.75
1767275225.253089,15,19.859375,854.5
1767275225.253089,15,21.03125,861.5
1767275225.253089,15,22.171875,868.75
1767275225.253089,15,23.46875,876.75
1767275225.253089,15,24.5625,884.75
1767275225.253089,15,25.828125,893.5
1767275225.253089,15,27.015625,903.0
1767275225.253089,15,28.203125,912.5
1767275225.253089,15,29.390625,923.25
1767275225.253089,15,30.59375,934.5
1767275225.253089,15,31.734375,946.0
1767275225.253089,15,33.015625,959.0
1767275225.253089,15,34.109375,972.0
1767275225.253089,15,35.375,985.0
1767275225.253089,15,36.65625,999.75
1767275225.253089,15,37.796875,1015.75
1767275225.253089,15,39.015625,1032.75
1767275225.253089,15,40.203125,1051.0
1767275225.253089,15,41.40625,1069.5
1767275225.253089,15,42.5625,1089.75
1767275225.253089,15,43.734375,1110.5
1767275225.253089,15,45.0,1132.75
1767275225.253089,15,46.109375,1157.0
1767275225.253089,15,47.296875,1180.75
1767275225.253089,15,48.453125,1207.5
1767275225.253089,15,49.640625,1238.5
1767275225.253089,15,50.859375,1265.25
1767275225.253089,15,52.140625,1271.0
1767275225.253089,15,53.34375,1257.0
1767275225.253089,15,54.5625,1238.0
1767275225.253089,15,55.828125,1222.0
1767275225.253089,15,57.078125,1209.5
1767275225.253089,15,58.21875,1193.0
1767275225.253089,15,59.484375,1177.0
1767275225.253089,15,60.765625,1167.0
1767275225.253089,15,62.0,1155.5
1767275225.253089,15,63.21875,1142.0
1767275225.253089,15,64.390625,1130.75
1767275225.253089,15,65.640625,1120.75
1767275225.253089,15,66.859375,1111.75
1767275225.253089,15,68.03125,1102.0
1767275225.253089,15,69.3125,1093.25
1767275225.253089,15,70.578125,1086.5
1767275225.253089,15,71.734375,1081.25
1767275225.253089,15,72.9375,1075.0
1767275225.253089,15,74.203125,1067.75
1767275225.253089,15,75.390625,1062.75
1767275225.253089,15,76.59375,1057.75
1767275225.253089,15,77.8125,1052.25
1767275225.253089,15,79.125,1048.0
1767275225.253089,15,80.25,1045.25
1767275225.253089,15,81.46875,1043.5
1767275225.253089,15,82.734375,1040.75
1767275225.253089,15,83.78125,1038.5
1767275225.253089,15,85.03125,1038.0
1767275225.253089,15,86.265625,1036.75
1767275225.253089,15,87.5,1035.5
1767275225.253089,15,88.6875,1035.75
1767275225.253089,15,89.859375,1037.0
1767275225.253089,15,91.09375,1037.5
1767275225.253089,15,92.3125,1038.75
1767275225.253089,15,93.546875,1040.5
1767275225.253089,15,94.765625,1042.5
1767275225.253089,15,95.921875,1045.0
1767275225.253089,15,97.140625,1048.0
1767275225.253089,15,98.3125,1052.0
1767275225.253089,15,99.515625,1056.0
1767275225.253089,15,100.71875,1060.25
1767275225.253089,15,101.921875,1065.0
1767275225.253089,15,103.203125,1070.0
1767275225.253089,15,104.390625,1075.5
1767275225.253089,15,105.59375,1082.25
1767275225.253089,15,106.734375,1089.0
1767275225.253089,15,107.90625,1094.75
1767275225.253089,15,109.140625,1102.25
1767275225.253089,15,110.28125,1110.0
1767275225.253089,15,111.53125,1117.25
1767275225.253089,15,112.65625,1127.5
1767275225.253089,15,113.8125,1138.5
1767275225.253089,15,115.03125,1149.75
1767275225.253089,15,116.296875,1161.75
1767275225.253089,15,117.421875,1173.5
1767275225.253089,15,118.609375,1183.5
1767275225.253089,15,119.78125,1195.25
1767275225.253089,15,121.0625,1212.0
1767275225.253089,15,122.1875,1227.25
1767275225.253089,15,123.40625,1242.25
1767275225.253089,15,124.59375,1260.0
1767275225.253089,15,125.8125,1278.25
1767275225.253089,15,126.984375,1289.0
1767275225.253089,15,128.265625,1274.0
1767275225.253089,15,129.5,1241.0
1767275225.253089,15,130.703125,1208.75
1767275225.253089,15,131.921875,1183.0
1767275225.253089,15,133.171875,1160.5
1767275225.253089,15,134.4375,1135.75
1767275225.253089,15,135.625,1114.5
1767275225.253089,15,136.828125,1094.5
1767275225.253089,15,138.125,1072.5
1767275225.253089,15,139.375,1053.75
1767275225.253089,15,140.5625,1037.25
1767275225.253089,15,141.78125,1019.75
1767275225.253089,15,143.015625,1003.5
1767275225.253089,15,144.28125,989.5
1767275225.253089,15,145.53125,976.0
1767275225.253089,15,146.765625,962.75
1767275225.253089,15,147.984375,952.75
1767275225.253089,15,149.234375,941.75
1767275225.253089,15,150.359375,929.0
1767275225.253089,15,151.578125,917.75
1767275225.253089,15,152.875,909.5
1767275225.253089,15,154.03125,902.25
1767275225.253089,15,155.34375,893.75
1767275225.253089,15,156.5625,886.0
1767275225.253089,15,157.75,879.0
1767275225.253089,15,159.0,873.5
1767275225.253089,15,160.265625,867.5
1767275225.253089,15,161.484375,861.25
1767275225.253089,15,162.65625,856.75
1767275225.253089,15,163.9375,852.5
1767275225.253089,15,165.078125,846.75
1767275225.253089,15,166.40625,841.25
1767275225.253089,15,167.609375,837.25
1767275225.253089,15,168.734375,834.5
1767275225.253089,15,169.984375,831.5
1767275225.253089,15,171.265625,828.25
1767275225.253089,15,172.359375,826.0
1767275225.253089,15,173.59375,824.5
1767275225.253089,15,174.9375,823.5
1767275225.253089,15,176.015625,823.75
1767275225.253089,15,177.265625,823.75
1767275225.253089,15,178.46875,822.75
1767275225.253089,15,179.640625,823.0
1767275225.253089,15,180.953125,823.75
1767275225.253089,15,182.109375,824.75
1767275225.253089,15,183.390625,826.0
1767275225.253089,15,184.484375,827.5
1767275225.253089,15,185.75,829.5
1767275225.253089,15,186.921875,833.5
1767275225.253089,15,188.109375,837.0
1767275225.253089,15,189.421875,839.75
1767275225.253089,15,190.625,843.5
1767275225.253089,15,191.796875,848.0
1767275225.253089,15,193.03125,853.0
1767275225.253089,15,194.140625,858.0
1767275225.253089,15,195.40625,862.75
1767275225.253089,15,196.53125,868.75
1767275225.253089,15,197.75,874.0
1767275225.253089,15,198.890625,880.0
1767275225.253089,15,200.1875,886.5
1767275225.253089,15,201.359375,894.25
1767275225.253089,15,202.609375,902.25
1767275225.253089,15,203.75,909.5
1767275225.253089,15,205.015625,918.0
1767275225.253089,15,206.1875,928.0
1767275225.253089,15,207.359375,939.0
1767275225.253089,15,208.5625,949.25
1767275225.253089,15,209.78125,959.75
1767275225.253089,15,210.9375,972.5
1767275225.253089,15,212.125,984.75
1767275225.253089,15,213.390625,996.25
1767275225.253089,15,214.5625,1010.75
1767275225.253089,15,215.65625,1028.25
1767275225.253089,15,216.96875,1043.0
1767275225.253089,15,218.078125,1059.0
1767275225.253089,15,219.3125,1077.75
1767275225.253089,15,220.53125,1096.75
1767275225.253089,15,221.65625,1116.0
1767275225.253089,15,222.859375,1136.75
1767275225.253089,15,224.0,1161.25
1767275225.253089,15,225.265625,1183.25
1767275225.253089,15,226.390625,1206.5
1767275225.253089,15,227.671875,1236.0
1767275225.253089,15,228.859375,1267.25
1767275225.253089,15,229.984375,1301.75
1767275225.253089,15,231.1875,1336.0
1767275225.253089,15,232.328125,1373.25
1767275225.253089,15,233.53125,1413.75
1767275225.253089,15,234.78125,1434.0
1767275225.253089,15,236.03125,1426.5
1767275225.253089,15,237.21875,1408.0
1767275225.253089,15,238.453125,1386.25
1767275225.253089,15,239.671875,1366.5
1767275225.253089,15,240.890625,1349.25
1767275225.253089,15,242.171875,1334.0
1767275225.253089,15,243.359375,1322.25
1767275225.253089,15,244.59375,1310.0
1767275225.253089,15,245.828125,1299.0
1767275225.253089,15,247.03125,1288.5
1767275225.253089,15,248.3125,1277.0
1767275225.253089,15,249.5,1266.75
1767275225.253089,15,250.6875,1258.5
1767275225.253089,15,251.921875,1250.75
1767275225.253089,15,253.078125,1241.5
1767275225.253089,15,254.359375,1234.25
1767275225.253089,15,255.53125,1229.25
1767275225.253089,15,256.796875,1224.0
1767275225.253089,15,258.0,1218.5
1767275225.253089,15,259.265625,1213.75
1767275225.253089,15,260.484375,1209.75
1767275225.253089,15,261.625,1206.5
1767275225.253089,15,262.859375,1202.25
1767275225.253089,15,264.03125,1199.5
1767275225.253089,15,265.3125,1198.75
1767275225.253089,15,266.546875,1197.0
1767275225.253089,15,267.75,1196.0
1767275225.253089,15,268.90625,1195.5
1767275225.253089,15,270.15625,1196.5
1767275225.253089,15,271.390625,1197.25
1767275225.253089,15,272.546875,1199.0
1767275225.253089,15,273.78125,1202.0
1767275225.253089,15,275.015625,1203.75
1767275225.253089,15,276.015625,1205.5
1767275225.253089,15,277.234375,1209.25
1767275225.253089,15,278.5,1214.5
1767275225.253089,15,279.609375,1218.5
1767275225.253089,15,280.875,1223.0
1767275225.253089,15,282.0625,1227.75
1767275225.253089,15,283.296875,1232.5
1767275225.253089,15,284.5,1240.0
1767275225.253089,15,285.65625,1248.5
1767275225.253089,15,286.890625,1257.0
1767275225.253089,15,288.09375,1266.0
1767275225.253089,15,289.25,1276.5
1767275225.253089,15,290.4375,1286.75
1767275225.253089,15,291.640625,1298.0
1767275225.253089,15,292.859375,1311.0
1767275225.253089,15,294.015625,1323.25
1767275225.253089,15,295.265625,1335.25
1767275225.253089,15,296.453125,1349.25
1767275225.253089,15,297.609375,1365.5
1767275225.253089,15,298.859375,1382.5
1767275225.253089,15,300.03125,1400.75
1767275225.253089,15,301.15625,1430.5
1767275225.253089,15,304.9375,1321.5
1767275225.253089,15,306.15625,1282.75
1767275225.253089,15,307.421875,1247.75
1767275225.253089,15,311.109375,1111.0
1767275225.253089,15,312.359375,1086.5
1767275225.253089,15,313.671875,1062.25
1767275225.253089,15,314.859375,1041.25
1767275225.253089,15,316.125,1019.25
1767275225.253089,15,317.375,999.75
1767275225.253089,15,318.609375,983.0
1767275225.253089,15,319.765625,966.25
1767275225.253089,15,321.03125,951.25
1767275225.253089,15,322.203125,936.25
1767275225.253089,15,323.5,921.0
1767275225.253089,15,324.75,908.25
1767275225.253089,15,325.984375,896.25
1767275225.253089,15,327.203125,883.75
1767275225.253089,15,328.53125,873.25
1767275225.253089,15,329.75,864.5
1767275225.253089,15,330.90625,855.25
1767275225.253089,15,332.234375,844.25
1767275225.253089,15,333.359375,833.75
1767275225.253089,15,334.671875,825.0
1767275225.253089,15,335.796875,817.0
1767275225.253089,15,337.0625,808.75
1767275225.253089,15,338.21875,801.5
1767275225.253089,15,339.4375,796.0
1767275225.253089,15,340.71875,790.75
1767275225.253089,15,342.015625,785.5
1767275225.253089,15,343.15625,779.75
1767275225.253089,15,344.34375,774.75
1767275225.253089,15,345.59375,770.0
1767275225.253089,15,346.90625,766.75
1767275225.253089,15,348.125,763.5
1767275225.253089,15,349.390625,760.0
1767275225.253089,15,350.578125,757.75
1767275225.253089,15,351.71875,755.5
1767275225.4073174,15,352.890625,752.5
1767275225.4073174,15,354.15625,751.5
1767275225.4073174,15,355.359375,750.5
1767275225.4073174,15,356.65625,749.25
1767275225.4073174,15,359.015625,775.0
1767275225.4073174,15,0.25,775.0
1767275225.4073174,15,1.28125,784.25
1767275225.4073174,15,2.640625,793.75
1767275225.4073174,15,3.75,795.25
1767275225.4073174,15,5.0,796.25
1767275225.4073174,15,6.109375,798.0
1767275225.4073174,15,7.4375,800.75
1767275225.4073174,15,8.65625,803.75
1767275225.4073174,15,9.71875,807.25
1767275225.4073174,15,11.03125,811.25
1767275225.4073174,15,12.25,815.75
1767275225.4073174,15,13.390625,820.5
1767275225.4073174,15,14.65625,824.75
1767275225.4073174,15,15.703125,830.5
1767275225.4073174,15,17.015625,837.0
1767275225.4073174,15,18.109375,843.75
1767275225.4073174,15,19.40625,850.0
1767275225.4073174,15,20.59375,857.5
1767275225.4073174,15,21.71875,866.25
1767275225.4073174,15,22.9375,873.5
1767275225.4073174,15,24.09375,880.75
1767275225.4073174,15,25.34375,890.25
1767275225.4073174,15,26.5625,899.5
1767275225.4073174,15,27.78125,908.25
1767275225.4073174,15,28.96875,918.0
1767275225.4073174,15,30.078125,929.25
1767275225.4073174,15,31.25,942.25
1767275225.4073174,15,32.4375,954.5
1767275225.4073174,15,33.640625,966.5
1767275225.4073174,15,34.921875,979.5
1767275225.4073174,15,36.125,994.0
1767275225.4073174,15,37.296875,1010.5
1767275225.4073174,15,38.453125,1027.5
1767275225.4073174,15,39.6875,1044.25
1767275225.4073174,15,40.90625,1061.75
1767275225.4073174,15,42.078125,1081.25
1767275225.4073174,15,43.234375,1101.75
1767275225.4073174,15,44.46875,1124.0
1767275225.4073174,15,45.65625,1148.75
1767275225.4073174,15,46.828125,1172.25
1767275225.4073174,15,48.015625,1197.5
1767275225.4073174,15,49.234375,1226.75
1767275225.4073174,15,50.375,1255.5
1767275225.4073174,15,51.59375,1271.0
1767275225.4073174,15,52.84375,1263.0
1767275225.4073174,15,54.109375,1245.25
1767275225.4073174,15,55.328125,1228.5
1767275225.4073174,15,56.5,1213.0
1767275225.4073174,15,57.734375,1199.25
1767275225.4073174,15,58.9375,1185.0
1767275225.4073174,15,60.171875,1172.25
1767275225.4073174,15,61.40625,1158.25
1767275225.4073174,15,62.640625,1145.5
1767275225.4073174,15,63.875,1135.0
1767275225.4073174,15,65.09375,1124.25
1767275225.4073174,15,66.328125,1115.75
1767275225.4073174,15,67.578125,1106.75
1767275225.4073174,15,68.734375,1098.5
1767275225.4073174,15,70.03125,1089.75
1767275225.4073174,15,71.171875,1082.75
1767275225.4073174,15,72.453125,1077.0
1767275225.4073174,15,73.625,1071.0
1767275225.4073174,15,74.84375,1066.0
1767275225.4073174,15,76.109375,1060.75
1767275225.4073174,15,77.34375,1056.0
1767275225.4073174,15,78.578125,1051.0
1767275225.4073174,15,79.6875,1047.25
1767275225.4073174,15,80.984375,1044.25
1767275225.4073174,15,82.1875,1041.0
1767275225.4073174,15,83.375,1039.75
1767275225.4073174,15,84.53125,1038.5
1767275225.4073174,15,85.75,1036.75
1767275225.4073174,15,86.953125,1035.5
1767275225.4073174,15,88.1875,1035.75
1767275225.4073174,15,89.34375,1036.5
1767275225.4073174,15,90.609375,1036.75
1767275225.4073174,15,91.828125,1037.75
1767275225.4073174,15,93.015625,1040.0
1767275225.4073174,15,94.140625,1042.25
1767275225.4073174,15,95.40625,1043.75
1767275225.4073174,15,96.59375,1045.75
1767275225.4073174,15,97.859375,1049.0
1767275225.4073174,15,98.984375,1054.0
1767275225.4073174,15,100.265625,1058.25
1767275225.4073174,15,101.359375,1062.25
1767275225.4073174,15,102.640625,1067.75
1767275225.4073174,15,103.859375,1073.0
1767275225.4073174,15,105.0,1078.0
1767275225.4073174,15,106.21875,1084.5
1767275225.4073174,15,107.34375,1092.5
1767275225.4073174,15,108.546875,1099.75
1767275225.4073174,15,109.8125,1107.0
1767275225.4073174,15,110.96875,1114.5
1767275225.4073174,15,112.171875,1122.5
1767275225.4073174,15,113.34375,1133.25
1767275225.4073174,15,114.578125,1142.75
1767275225.4073174,15,115.765625,1155.0
1767275225.4073174,15,116.96875,1169.5
1767275225.4073174,15,118.125,1179.0
1767275225.4073174,15,119.296875,1191.5
1767275225.4073174,15,120.46875,1207.25
1767275225.4073174,15,121.734375,1220.75
1767275225.4073174,15,122.9375,1235.75
1767275225.4073174,15,124.0625,1254.5
1767275225.4073174,15,125.3125,1273.0
1767275225.4073174,15,127.703125,1254.5
1767275225.4073174,15,128.921875,1253.0
1767275225.4073174,15,130.140625,1222.5
1767275225.4073174,15,131.46875,1195.75
1767275225.4073174,15,132.625,1171.25
1767275225.4073174,15,133.890625,1145.75
1767275225.4073174,15,135.09375,1121.0
1767275225.4073174,15,136.328125,1101.0
1767275225.4073174,15,137.578125,1081.0
1767275225.4073174,15,138.78125,1061.25
1767275225.4073174,15,140.078125,1043.75
1767275225.4073174,15,141.25,1027.5
1767275225.4073174,15,142.46875,1010.25
1767275225.4073174,15,143.8125,993.25
1767275225.4073174,15,145.03125,980.25
1767275225.4073174,15,146.25,968.75
1767275225.4073174,15,147.40625,956.5
1767275225.4073174,15,148.671875,944.75
1767275225.4073174,15,149.859375,932.75
1767275225.4073174,15,151.09375,921.75
1767275225.4073174,15,152.390625,914.0
1767275225.4073174,15,153.515625,905.75
1767275225.4073174,15,154.796875,897.0
1767275225.4073174,15,155.984375,889.5
1767275225.4073174,15,157.296875,882.5
1767275225.4073174,15,158.515625,876.0
1767275225.4073174,15,159.65625,870.5
1767275225.4073174,15,160.984375,864.75
1767275225.4073174,15,162.109375,858.5
1767275225.4073174,15,163.328125,853.75
1767275225.4073174,15,164.578125,848.5
1767275225.4073174,15,165.859375,843.25
1767275225.4073174,15,166.953125,840.0
1767275225.4073174,15,168.25,836.5
1767275225.4073174,15,169.375,832.5
1767275225.4073174,15,170.609375,829.25
1767275225.4073174,15,171.875,826.75
1767275225.4073174,15,173.078125,824.75
1767275225.4073174,15,174.265625,823.75
1767275225.4073174,15,175.5625,823.25
1767275225.4073174,15,176.78125,823.0
1767275225.4073174,15,177.984375,823.0
1767275225.4073174,15,179.125,823.0
1767275225.4073174,15,180.421875,823.75
1767275225.4073174,15,181.546875,825.0
1767275225.4073174,15,182.75,825.75
1767275225.4073174,15,183.921875,826.75
1767275225.4073174,15,185.15625,829.0
1767275225.4073174,15,186.4375,832.0
1767275225.4073174,15,187.609375,835.0
1767275225.4073174,15,188.734375,838.5
1767275225.4073174,15,190.015625,842.5
1767275225.4073174,15,191.15625,846.5
1767275225.4073174,15,192.46875,851.5
1767275225.4073174,15,193.640625,856.25
1767275225.4073174,15,194.75,861.0
1767275225.4073174,15,195.984375,867.0
1767275225.4073174,15,197.28125,872.0
1767275225.4073174,15,198.421875,877.25
1767275225.4073174,15,199.625,884.0
1767275225.4073174,15,200.828125,891.0
1767275225.4073174,15,201.9375,897.75
1767275225.4073174,15,203.21875,906.25
1767275225.4073174,15,204.40625,915.25
1767275225.4073174,15,205.625,923.25
1767275225.4073174,15,206.84375,932.75
1767275225.4073174,15,208.015625,944.5
1767275225.4073174,15,209.21875,956.75
1767275225.4073174,15,210.421875,967.5
1767275225.4073174,15,211.640625,979.0
1767275225.4073174,15,212.828125,991.5
1767275225.4073174,15,214.0625,1005.0
1767275225.4073174,15,215.21875,1020.75
1767275225.4073174,15,216.359375,1037.0
1767275225.4073174,15,217.625,1052.75
1767275225.4073174,15,218.796875,1070.5
1767275225.4073174,15,220.015625,1090.25
1767275225.4073174,15,221.171875,1109.25
1767275225.4073174,15,222.375,1129.25
1767275225.4073174,15,223.5625,1151.0
1767275225.4073174,15,224.75,1174.0
1767275225.4073174,15,225.90625,1199.25
1767275225.4073174,15,227.125,1227.25
1767275225.4073174,15,228.328125,1255.75
1767275225.4073174,15,229.5,1287.0
1767275225.4073174,15,230.71875,1320.5
1767275225.4073174,15,231.953125,1358.5
1767275225.4073174,15,233.140625,1397.25
1767275225.4073174,15,234.265625,1429.5
1767275225.4073174,15,235.53125,1433.25
1767275225.4073174,15,236.765625,1414.5
1767275225.4073174,15,238.0,1397.0
1767275225.4073174,15,239.1875,1378.25
1767275225.4073174,15,240.421875,1357.25
1767275225.4073174,15,241.671875,1339.5
1767275225.4073174,15,242.859375,1327.0
1767275225.4073174,15,244.109375,1315.75
1767275225.4073174,15,245.390625,1303.0
1767275225.4073174,15,246.578125,1289.75
1767275225.4073174,15,247.796875,1279.25
1767275225.4073174,15,249.0,1270.5
1767275225.4073174,15,250.265625,1261.25
1767275225.4073174,15,251.4375,1253.25
1767275225.4073174,15,252.71875,1246.0
1767275225.4073174,15,253.921875,1237.0
1767275225.4073174,15,255.109375,1229.75
1767275225.4073174,15,256.359375,1225.0
1767275225.4073174,15,257.53125,1220.5
1767275225.4073174,15,258.796875,1215.0
1767275225.4073174,15,259.953125,1209.75
1767275225.4073174,15,261.25,1206.75
1767275225.4073174,15,262.453125,1203.0
1767275225.4073174,15,263.703125,1200.25
1767275225.4073174,15,264.84375,1199.5
1767275225.4073174,15,266.0625,1198.5
1767275225.4073174,15,267.296875,1196.5
1767275225.4073174,15,268.53125,1195.75
1767275225.4073174,15,269.6875,1195.75
1767275225.4073174,15,270.984375,1197.5
1767275225.4073174,15,272.15625,1199.75
1767275225.4073174,15,273.390625,1200.0
1767275225.4073174,15,274.578125,1202.5
1767275225.4073174,15,275.734375,1206.0
1767275225.4073174,15,276.90625,1209.0
1767275225.4073174,15,278.109375,1212.0
1767275225.4073174,15,279.328125,1216.75
1767275225.4073174,15,280.515625,1221.5
1767275225.4073174,15,281.734375,1225.25
1767275225.4073174,15,282.921875,1230.5
1767275225.4073174,15,284.078125,1237.75
1767275225.4073174,15,285.328125,1246.75
1767275225.4073174,15,286.5625,1255.0
1767275225.4073174,15,287.75,1263.25
1767275225.4073174,15,288.921875,1272.5
1767275225.4073174,15,290.09375,1283.0
1767275225.4073174,15,291.359375,1294.25
1767275225.4073174,15,292.53125,1307.25
1767275225.4073174,15,293.765625,1320.75
1767275225.4073174,15,294.90625,1332.0
1767275225.4073174,15,296.109375,1345.25
1767275225.4073174,15,297.34375,1360.5
1767275225.4073174,15,298.515625,1378.0
1767275225.4073174,15,299.765625,1399.0
1767275225.4073174,15,302.265625,1374.75
1767275225.4073174,15,304.703125,1330.75
1767275225.4073174,15,305.921875,1292.75
1767275225.4073174,15,307.171875,1257.25
1767275225.4073174,15,311.0,1115.5
1767275225.4073174,15,312.21875,1092.0
1767275225.4073174,15,313.484375,1067.0
1767275225.4073174,15,314.6875,1043.25
1767275225.4073174,15,316.03125,1023.0
1767275225.4073174,15,317.234375,1004.75
1767275225.4073174,15,318.4375,985.75
1767275225.4073174,15,319.703125,967.5
1767275225.4073174,15,320.90625,953.0
1767275225.4073174,15,322.171875,939.25
1767275225.4073174,15,323.390625,923.0
1767275225.4073174,15,324.640625,908.75
1767275225.4073174,15,325.828125,897.75
1767275225.4073174,15,327.109375,887.25
1767275225.4073174,15,328.234375,876.25
1767275225.4073174,15,329.5625,865.75
1767275225.4073174,15,330.71875,855.5
1767275225.4073174,15,332.0625,845.0
1767275225.4073174,15,333.21875,834.25
1767275225.4073174,15,334.5,825.75
1767275225.4073174,15,335.671875,818.5
1767275225.4073174,15,336.890625,810.0
1767275225.4073174,15,338.078125,802.0
1767275225.4073174,15,339.46875,796.25
1767275225.4073174,15,340.6875,791.0
1767275225.4073174,15,341.828125,785.25
1767275225.4073174,15,343.09375,779.5
1767275225.4073174,15,344.21875,775.75
1767275225.4073174,15,345.453125,772.0
1767275225.4073174,15,346.6875,767.5
1767275225.4073174,15,347.828125,764.25
1767275225.4073174,15,349.09375,761.25
1767275225.4073174,15,350.3125,758.0
1767275225.4073174,15,351.59375,756.25
1767275225.5575237,15,352.828125,753.5
1767275225.5575237,15,354.015625,751.5
1767275225.5575237,15,355.234375,751.0
1767275225.5575237,15,356.375,749.5
1767275225.5575237,15,358.8125,774.25
1767275225.5575237,15,359.875,774.25
1767275225.5575237,15,1.078125,783.75
1767275225.5575237,15,2.359375,793.75
1767275225.5575237,15,3.5,795.5
1767275225.5575237,15,4.71875,797.0
1767275225.5575237,15,5.96875,798.5
1767275225.5575237,15,7.203125,800.5
1767275225.5575237,15,8.390625,803.5
1767275225.5575237,15,9.484375,807.25
1767275225.5575237,15,10.78125,811.25
1767275225.5575237,15,12.015625,815.25
1767275225.5575237,15,13.15625,819.5
1767275225.5575237,15,14.328125,824.5
1767275225.5575237,15,15.609375,829.75
1767275225.5575237,15,16.734375,836.0
1767275225.5575237,15,17.90625,842.75
1767275225.5575237,15,19.203125,849.25
1767275225.5575237,15,20.328125,856.25
1767275225.5575237,15,21.609375,865.25
1767275225.5575237,15,22.6875,873.0
1767275225.5575237,15,23.96875,880.5
1767275225.5575237,15,25.1875,889.0
1767275225.5575237,15,26.296875,898.0
1767275225.5575237,15,27.5,907.0
1767275225.5575237,15,28.671875,916.75
1767275225.5575237,15,29.890625,927.75
1767275225.5575237,15,31.0625,940.5
1767275225.5575237,15,32.3125,952.5
1767275225.5575237,15,33.453125,964.0
1767275225.5575237,15,34.625,977.75
1767275225.5575237,15,36.0,992.25
1767275225.5575237,15,37.171875,1006.5
1767275225.5575237,15,38.421875,1024.5
1767275225.5575237,15,39.609375,1042.75
1767275225.5575237,15,40.796875,1060.0
1767275225.5575237,15,42.046875,1080.75
1767275225.5575237,15,43.15625,1101.5
1767275225.5575237,15,44.421875,1123.5
1767275225.5575237,15,45.625,1146.25
1767275225.5575237,15,46.765625,1170.0
1767275225.5575237,15,48.0,1197.0
1767275225.5575237,15,49.1875,1225.75
1767275225.5575237,15,50.34375,1253.25
1767275225.5575237,15,51.53125,1269.5
1767275225.5575237,15,52.828125,1263.25
1767275225.5575237,15,53.984375,1245.5
1767275225.5575237,15,55.265625,1229.5
1767275225.5575237,15,56.453125,1214.0
1767275225.5575237,15,57.6875,1199.5
1767275225.5575237,15,58.984375,1185.25
1767275225.5575237,15,60.09375,1172.25
1767275225.5575237,15,61.34375,1158.75
1767275225.5575237,15,62.578125,1145.75
1767275225.5575237,15,63.84375,1136.0
1767275225.5575237,15,65.078125,1125.5
1767275225.5575237,15,66.234375,1115.5
1767275225.5575237,15,67.46875,1107.0
1767275225.5575237,15,68.640625,1099.25
1767275225.5575237,15,69.9375,1090.5
1767275225.5575237,15,71.140625,1083.0
1767275225.5575237,15,72.328125,1077.25
1767275225.5575237,15,73.578125,1071.75
1767275225.5575237,15,74.796875,1066.25
1767275225.5575237,15,76.09375,1060.5
1767275225.5575237,15,77.234375,1055.5
1767275225.5575237,15,78.515625,1050.75
1767275225.5575237,15,79.75,1047.25
1767275225.5575237,15,80.953125,1044.0
1767275225.5575237,15,82.140625,1040.75
1767275225.5575237,15,83.390625,1039.75
1767275225.5575237,15,84.46875,1038.5
1767275225.5575237,15,85.609375,1038.0
1767275225.5575237,15,86.890625,1037.0
1767275225.5575237,15,88.109375,1035.75
1767275225.5575237,15,89.21875,1036.0
1767275225.5575237,15,90.484375,1036.25
1767275225.5575237,15,91.734375,1037.75
1767275225.5575237,15,92.875,1040.25
1767275225.5575237,15,94.0625,1042.0
1767275225.5575237,15,95.3125,1043.5
1767275225.5575237,15,96.5,1045.75
1767275225.5575237,15,97.6875,1048.75
1767275225.5575237,15,98.90625,1053.25
1767275225.5575237,15,100.171875,1058.25
1767275225.5575237,15,101.28125,1062.25
1767275225.5575237,15,102.5,1067.25
1767275225.5575237,15,103.734375,1072.75
1767275225.5575237,15,104.921875,1078.25
1767275225.5575237,15,106.140625,1084.5
1767275225.5575237,15,107.390625,1092.25
1767275225.5575237,15,108.5625,1099.5
1767275225.5575237,15,109.78125,1106.75
1767275225.5575237,15,110.984375,1114.5
1767275225.5575237,15,112.171875,1122.5
1767275225.5575237,15,113.3125,1132.75
1767275225.5575237,15,114.546875,1142.5
1767275225.5575237,15,115.765625,1155.0
1767275225.5575237,15,116.953125,1169.5
1767275225.5575237,15,118.125,1179.0
1767275225.5575237,15,119.328125,1191.5
1767275225.5575237,15,120.53125,1207.25
1767275225.5575237,15,121.75,1220.75
1767275225.5575237,15,122.9375,1235.75
1767275225.5575237,15,124.125,1254.5
1767275225.5575237,15,125.34375,1272.75
1767275225.5575237,15,126.5,1268.75
1767275225.5575237,15,127.71875,1263.25
1767275225.5575237,15,128.9375,1253.0
1767275225.5575237,15,130.234375,1222.25
1767275225.5575237,15,131.515625,1194.5
1767275225.5575237,15,132.6875,1170.0
1767275225.5575237,15,134.0,1145.75
1767275225.5575237,15,135.15625,1121.0
1767275225.5575237,15,136.453125,1100.25
1767275225.5575237,15,137.6875,1080.25
1767275225.5575237,15,138.875,1061.25
1767275225.5575237,15,140.125,1044.0
1767275225.5575237,15,141.421875,1027.5
1767275225.5575237,15,142.640625,1009.75
1767275225.5575237,15,143.78125,993.0
1767275225.5575237,15,145.046875,979.75
1767275225.5575237,15,146.328125,968.25
1767275225.5575237,15,147.484375,956.5
1767275225.5575237,15,148.78125,944.25
1767275225.5575237,15,149.921875,931.75
1767275225.5575237,15,151.15625,921.25
1767275225.5575237,15,152.390625,913.5
1767275225.5575237,15,153.6875,905.0
1767275225.5575237,15,154.96875,896.0
1767275225.5575237,15,156.09375,889.0
1767275225.5575237,15,157.328125,882.25
1767275225.5575237,15,158.53125,875.5
1767275225.5575237,15,159.828125,870.25
1767275225.5575237,15,160.984375,864.75
1767275225.5575237,15,162.234375,857.5
1767275225.5575237,15,163.453125,852.5
1767275225.5575237,15,164.609375,848.25
1767275225.5575237,15,165.890625,843.25
1767275225.5575237,15,167.0625,839.25
1767275225.5575237,15,168.25,836.0
1767275225.5575237,15,169.609375,832.5
1767275225.5575237,15,170.8125,829.0
1767275225.5575237,15,171.921875,826.25
1767275225.5575237,15,173.234375,824.75
1767275225.5575237,15,174.40625,823.75
1767275225.5575237,15,175.640625,823.25
1767275225.5575237,15,176.875,823.0
1767275225.5575237,15,177.953125,823.0
1767275225.5575237,15,179.203125,823.0
1767275225.5575237,15,180.453125,823.25
1767275225.5575237,15,181.734375,824.5
1767275225.5575237,15,182.875,825.5
1767275225.5575237,15,184.046875,826.25
1767275225.5575237,15,185.265625,828.75
1767275225.5575237,15,186.4375,832.5
1767275225.5575237,15,187.734375,835.0
1767275225.5575237,15,188.875,838.0
1767275225.5575237,15,190.03125,842.0
1767275225.5575237,15,191.28125,846.5
1767275225.5575237,15,192.578125,851.5
1767275225.5575237,15,193.75,856.5
1767275225.5575237,15,194.953125,861.75
1767275225.5575237,15,196.125,867.25
1767275225.5575237,15,197.28125,872.25
1767275225.5575237,15,198.5625,877.5
1767275225.5575237,15,199.640625,884.0
1767275225.5575237,15,200.921875,891.0
1767275225.5575237,15,202.125,898.25
1767275225.5575237,15,203.296875,906.5
1767275225.5575237,15,204.5625,915.0
1767275225.5575237,15,205.828125,924.5
1767275225.5575237,15,207.015625,935.5
1767275225.5575237,15,208.265625,946.25
1767275225.5575237,15,209.375,957.25
1767275225.5575237,15,210.5625,969.0
1767275225.5575237,15,211.8125,980.75
1767275225.5575237,15,213.0625,992.75
1767275225.5575237,15,214.25,1006.25
1767275225.5575237,15,215.375,1023.0
1767275225.5575237,15,216.5625,1039.25
1767275225.5575237,15,217.796875,1054.0
1767275225.5575237,15,218.96875,1071.5
1767275225.5575237,15,220.1875,1092.25
1767275225.5575237,15,221.390625,1112.5
1767275225.5575237,15,222.5625,1132.0
1767275225.5575237,15,223.75,1155.25
1767275225.5575237,15,224.90625,1179.5
1767275225.5575237,15,226.125,1204.0
1767275225.5575237,15,227.328125,1230.0
1767275225.5575237,15,228.5,1259.75
1767275225.5575237,15,229.65625,1292.5
1767275225.5575237,15,230.921875,1327.25
1767275225.5575237,15,232.046875,1363.75
1767275225.5575237,15,233.265625,1401.75
1767275225.5575237,15,234.453125,1430.0
1767275225.5575237,15,235.65625,1429.0
1767275225.5575237,15,236.890625,1410.25
1767275225.5575237,15,238.15625,1391.75
1767275225.5575237,15,239.34375,1373.5
1767275225.5575237,15,240.59375,1353.75
1767275225.5575237,15,241.8125,1338.0
1767275225.5575237,15,243.0625,1325.25
1767275225.5575237,15,244.328125,1312.25
1767275225.5575237,15,245.515625,1299.75
1767275225.5575237,15,246.703125,1289.25
1767275225.5575237,15,247.921875,1278.75
1767275225.5575237,15,249.15625,1268.75
1767275225.5575237,15,250.390625,1259.75
1767275225.5575237,15,251.578125,1253.0
1767275225.5575237,15,252.8125,1245.0
1767275225.5575237,15,254.0625,1235.25
1767275225.5575237,15,255.203125,1228.75
1767275225.5575237,15,256.484375,1225.0
1767275225.5575237,15,257.703125,1219.5
1767275225.5575237,15,258.921875,1213.75
1767275225.5575237,15,260.15625,1209.25
1767275225.5575237,15,261.390625,1206.25
1767275225.5575237,15,262.578125,1203.75
1767275225.5575237,15,263.828125,1201.0
1767275225.5575237,15,265.015625,1199.25
1767275225.5575237,15,266.171875,1198.25
1767275225.5575237,15,267.46875,1197.5
1767275225.5575237,15,268.65625,1196.75
1767275225.5575237,15,269.859375,1195.75
1767275225.5575237,15,271.09375,1197.5
1767275225.5575237,15,272.265625,1200.75
1767275225.5575237,15,273.515625,1201.25
1767275225.5575237,15,274.71875,1202.75
1767275225.5575237,15,275.8125,1206.0
1767275225.5575237,15,277.046875,1209.75
1767275225.5575237,15,278.25,1213.25
1767275225.5575237,15,279.46875,1217.5
1767275225.5575237,15,280.703125,1222.0
1767275225.5575237,15,281.84375,1225.75
1767275225.5575237,15,283.0625,1230.5
1767275225.5575237,15,284.3125,1237.25
1767275225.5575237,15,285.453125,1247.0
1767275225.5575237,15,286.6875,1256.25
1767275225.5575237,15,287.859375,1264.75
1767275225.5575237,15,289.125,1274.0
1767275225.5575237,15,290.265625,1283.75
1767275225.5575237,15,291.4375,1295.75
1767275225.5575237,15,292.640625,1310.5
1767275225.5575237,15,293.859375,1323.75
1767275225.5575237,15,295.09375,1333.0
1767275225.5575237,15,296.25,1346.25
1767275225.5575237,15,297.484375,1363.5
1767275225.5575237,15,298.6875,1381.75
1767275225.5575237,15,299.96875,1400.25
1767275225.5575237,15,301.1875,1407.75
1767275225.5575237,15,302.421875,1394.75
1767275225.5575237,15,304.859375,1321.75
1767275225.5575237,15,306.109375,1284.75
1767275225.5575237,15,307.390625,1249.75
1767275225.5575237,15,311.171875,1111.25
1767275225.5575237,15,312.375,1086.75
1767275225.5575237,15,313.65625,1062.75
1767275225.5575237,15,314.921875,1041.0
1767275225.5575237,15,316.171875,1019.0
1767275225.5575237,15,317.421875,999.75
1767275225.5575237,15,318.609375,983.0
1767275225.5575237,15,319.921875,965.75
1767275225.5575237,15,321.078125,951.0
1767275225.5575237,15,322.28125,936.25
1767275225.5575237,15,323.578125,920.75
1767275225.5575237,15,324.859375,907.75
1767275225.5575237,15,326.109375,896.0
1767275225.5575237,15,327.21875,883.75
1767275225.5575237,15,328.59375,873.25
1767275225.5575237,15,329.71875,864.25
1767275225.5575237,15,330.921875,855.0
1767275225.5575237,15,332.25,844.25
1767275225.5575237,15,333.484375,833.75
1767275225.5575237,15,334.703125,824.75
1767275225.5575237,15,335.90625,817.0
1767275225.5575237,15,337.15625,808.5
1767275225.5575237,15,338.390625,801.0
1767275225.5575237,15,339.625,795.5
1767275225.5575237,15,340.890625,790.5
1767275225.5575237,15,342.046875,785.25
1767275225.5575237,15,343.328125,779.75
1767275225.5575237,15,344.484375,774.25
1767275225.5575237,15,345.671875,769.75
1767275225.5575237,15,347.0,766.5
1767275225.5575237,15,348.09375,763.5
1767275225.5575237,15,349.375,760.0
1767275225.5575237,15,350.625,757.5
1767275225.5575237,15,351.75,755.25
1767275225.7113466,15,353.0,752.5
1767275225.7113466,15,354.3125,751.25
1767275225.7113466,15,355.453125,750.25
1767275225.7113466,15,356.65625,749.25
1767275225.7113466,15,359.0625,774.5
1767275225.7113466,15,0.28125,775.0
1767275225.7113466,15,1.4375,784.25
1767275225.7113466,15,2.671875,793.5
1767275225.7113466,15,3.859375,795.0
1767275225.7113466,15,5.03125,796.5
1767275225.7113466,15,6.1875,798.5
1767275225.7113466,15,7.46875,801.25
1767275225.7113466,15,8.609375,803.75
1767275225.7113466,15,9.921875,808.25
1767275225.7113466,15,11.140625,812.75
1767275225.7113466,15,12.3125,816.25
1767275225.7113466,15,13.421875,820.25
1767275225.7113466,15,14.65625,825.0
1767275225.7113466,15,15.953125,831.0
1767275225.7113466,15,17.09375,837.5
1767275225.7113466,15,18.25,844.0
1767275225.7113466,15,19.546875,852.25
1767275225.7113466,15,20.71875,860.5
1767275225.7113466,15,21.921875,867.25
1767275225.7113466,15,23.0625,874.5
1767275225.7113466,15,24.28125,882.5
1767275225.7113466,15,25.5,891.0
1767275225.7113466,15,26.625,899.5
1767275225.7113466,15,27.9375,908.75
1767275225.7113466,15,29.015625,919.25
1767275225.7113466,15,30.296875,931.5
1767275225.7113466,15,31.40625,944.25
1767275225.7113466,15,32.671875,955.75
1767275225.7113466,15,33.890625,968.75
1767275225.7113466,15,35.015625,982.75
1767275225.7113466,15,36.265625,996.75
1767275225.7113466,15,37.484375,1011.75
1767275225.7113466,15,38.6875,1028.5
1767275225.7113466,15,39.9375,1045.5
1767275225.7113466,15,41.078125,1065.0
1767275225.7113466,15,42.25,1087.25
1767275225.7113466,15,43.421875,1106.75
1767275225.7113466,15,44.6875,1126.5
1767275225.7113466,15,45.84375,1151.75
1767275225.7113466,15,47.015625,1178.0
1767275225.7113466,15,48.234375,1203.5
1767275225.7113466,15,49.453125,1229.75
1767275225.7113466,15,53.09375,1260.0
1767275225.7113466,15,54.328125,1243.0
1767275225.7113466,15,55.5,1226.25
1767275225.7113466,15,56.796875,1211.5
1767275225.7113466,15,58.046875,1194.75
1767275225.7113466,15,59.1875,1180.75
1767275225.7113466,15,60.40625,1170.25
1767275225.7113466,15,61.609375,1157.0
1767275225.7113466,15,62.890625,1144.75
1767275225.7113466,15,64.125,1133.0
1767275225.7113466,15,65.359375,1122.0
1767275225.7113466,15,66.578125,1112.75
1767275225.7113466,15,67.78125,1104.0
1767275225.7113466,15,69.03125,1096.25
1767275225.7113466,15,70.21875,1088.75
1767275225.7113466,15,71.5,1082.0
1767275225.7113466,15,72.65625,1076.5
1767275225.7113466,15,73.953125,1071.5
1767275225.7113466,15,75.140625,1065.25
1767275225.7113466,15,76.390625,1058.75
1767275225.7113466,15,77.625,1053.5
1767275225.7113466,15,78.78125,1049.5
1767275225.7113466,15,80.0625,1046.25
1767275225.7113466,15,81.1875,1043.25
1767275225.7113466,15,82.390625,1042.0
1767275225.7113466,15,83.59375,1039.25
1767275225.7113466,15,84.84375,1036.75
1767275225.7113466,15,86.046875,1035.75
1767275225.7113466,15,87.265625,1036.0
1767275225.7113466,15,88.5,1036.25
1767275225.7113466,15,89.65625,1036.0
1767275225.7113466,15,90.84375,1037.5
1767275225.7113466,15,92.0625,1038.75
1767275225.7113466,15,93.3125,1040.5
1767275225.7113466,15,94.59375,1042.5
1767275225.7113466,15,95.703125,1044.5
1767275225.7113466,15,96.921875,1047.75
1767275225.7113466,15,98.1875,1051.75
1767275225.7113466,15,99.390625,1056.0
1767275225.7113466,15,100.578125,1060.25
1767275225.7113466,15,101.75,1064.5
1767275225.7113466,15,103.015625,1069.5
1767275225.7113466,15,104.171875,1075.25
1767275225.7113466,15,105.390625,1081.0
1767275225.7113466,15,106.5625,1087.25
1767275225.7113466,15,107.8125,1093.75
1767275225.7113466,15,109.015625,1101.0
1767275225.7113466,15,110.203125,1109.0
1767275225.7113466,15,111.40625,1117.25
1767275225.7113466,15,112.640625,1127.25
1767275225.7113466,15,113.828125,1137.75
1767275225.7113466,15,114.984375,1149.25
1767275225.7113466,15,116.171875,1161.5
1767275225.7113466,15,117.40625,1172.25
1767275225.7113466,15,118.609375,1182.25
1767275225.7113466,15,119.859375,1195.25
1767275225.7113466,15,120.984375,1211.75
1767275225.7113466,15,122.15625,1227.25
1767275225.7113466,15,123.40625,1242.5
1767275225.7113466,15,124.625,1259.75
1767275225.7113466,15,125.75,1278.0
1767275225.7113466,15,126.984375,1289.0
1767275225.7113466,15,128.265625,1274.25
1767275225.7113466,15,129.46875,1241.25
1767275225.7113466,15,130.703125,1212.75
1767275225.7113466,15,131.890625,1187.0
1767275225.7113466,15,133.15625,1160.75
1767275225.7113466,15,134.40625,1136.75
1767275225.7113466,15,135.65625,1115.5
1767275225.7113466,15,136.828125,1094.5
1767275225.7113466,15,138.140625,1072.75
1767275225.7113466,15,139.296875,1053.75
1767275225.7113466,15,140.515625,1037.0
1767275225.7113466,15,141.75,1020.0
1767275225.7113466,15,142.984375,1003.75
1767275225.7113466,15,144.203125,989.75
1767275225.7113466,15,145.4375,976.0
1767275225.7113466,15,146.765625,963.0
1767275225.7113466,15,147.890625,952.75
1767275225.7113466,15,149.1875,941.5
1767275225.7113466,15,150.40625,928.75
1767275225.7113466,15,151.640625,917.75
1767275225.7113466,15,152.8125,909.75
1767275225.7113466,15,154.109375,902.5
1767275225.7113466,15,155.28125,894.0
1767275225.7113466,15,156.59375,886.0
1767275225.7113466,15,157.796875,879.0
1767275225.7113466,15,158.921875,873.5
1767275225.7113466,15,160.21875,867.75
1767275225.7113466,15,161.40625,862.0
1767275225.7113466,15,162.640625,857.25
1767275225.7113466,15,163.859375,852.25
1767275225.7113466,15,165.109375,846.75
1767275225.7113466,15,166.265625,842.0
1767275225.7113466,15,167.5625,838.0
1767275225.7113466,15,168.71875,834.5
1767275225.7113466,15,170.0,831.5
1767275225.7113466,15,171.203125,828.5
1767275225.7113466,15,172.4375,826.25
1767275225.7113466,15,173.625,824.5
1767275225.7113466,15,174.765625,823.5
1767275225.7113466,15,175.96875,823.75
1767275225.7113466,15,177.25,823.75
1767275225.7113466,15,178.515625,822.75
1767275225.7113466,15,179.609375,822.75
1767275225.7113466,15,180.984375,823.75
1767275225.7113466,15,182.21875,824.75
1767275225.7113466,15,183.296875,826.0
1767275225.7113466,15,184.640625,828.25
1767275225.7113466,15,185.71875,830.5
1767275225.7113466,15,186.984375,833.5
1767275225.7113466,15,188.109375,836.75
1767275225.7113466,15,189.359375,840.25
1767275225.7113466,15,190.640625,844.0
1767275225.7113466,15,191.796875,848.0
1767275225.7113466,15,193.0,853.0
1767275225.7113466,15,194.171875,858.25
1767275225.7113466,15,195.40625,863.25
1767275225.7113466,15,196.640625,868.75
1767275225.7113466,15,197.8125,874.25
1767275225.7113466,15,199.046875,880.0
1767275225.7113466,15,200.21875,886.5
1767275225.7113466,15,201.390625,894.25
1767275225.7113466,15,202.640625,902.5
1767275225.7113466,15,203.84375,910.0
1767275225.7113466,15,205.140625,918.75
1767275225.7113466,15,206.25,928.5
1767275225.7113466,15,207.4375,939.0
1767275225.7113466,15,208.640625,950.0
1767275225.7113466,15,209.890625,961.25
1767275225.7113466,15,211.140625,973.5
1767275225.7113466,15,212.234375,986.0
1767275225.7113466,15,213.5,998.75
1767275225.7113466,15,214.703125,1013.5
1767275225.7113466,15,215.859375,1029.5
1767275225.7113466,15,217.0625,1045.0
1767275225.7113466,15,218.203125,1061.5
1767275225.7113466,15,219.453125,1080.0
1767275225.7113466,15,220.625,1099.0
1767275225.7113466,15,221.859375,1117.75
1767275225.7113466,15,223.0625,1140.25
1767275225.7113466,15,224.234375,1164.75
1767275225.7113466,15,225.375,1189.0
1767275225.7113466,15,226.609375,1212.75
1767275225.7113466,15,227.703125,1240.0
1767275225.7113466,15,228.921875,1270.75
1767275225.7113466,15,230.140625,1303.0
1767275225.7113466,15,231.25,1337.25
1767275225.7113466,15,232.4375,1375.25
1767275225.7113466,15,233.6875,1414.5
1767275225.7113466,15,234.875,1433.75
1767275225.7113466,15,236.078125,1425.0
1767275225.7113466,15,237.34375,1405.5
1767275225.7113466,15,238.5625,1384.25
1767275225.7113466,15,239.8125,1365.5
1767275225.7113466,15,241.015625,1348.75
1767275225.7113466,15,242.21875,1332.75
1767275225.7113466,15,243.421875,1319.5
1767275225.7113466,15,244.71875,1308.25
1767275225.7113466,15,245.96875,1297.75
1767275225.7113466,15,247.109375,1287.25
1767275225.7113466,15,248.421875,1276.0
1767275225.7113466,15,249.609375,1265.5
1767275225.7113466,15,250.84375,1257.0
1767275225.7113466,15,252.0625,1249.5
1767275225.7113466,15,253.234375,1241.25
1767275225.7113466,15,254.453125,1233.0
1767275225.7113466,15,255.65625,1227.5
1767275225.7113466,15,256.875,1222.0
1767275225.7113466,15,258.125,1217.25
1767275225.7113466,15,259.328125,1213.25
1767275225.7113466,15,260.515625,1208.25
1767275225.7113466,15,261.796875,1204.5
1767275225.7113466,15,263.0,1201.25
1767275225.7113466,15,264.1875,1199.25
1767275225.7113466,15,265.375,1198.0
1767275225.7113466,15,266.640625,1195.75
1767275225.7113466,15,267.875,1194.75
1767275225.7113466,15,269.03125,1195.75
1767275225.7113466,15,270.21875,1197.0
1767275225.7113466,15,271.453125,1198.75
1767275225.7113466,15,272.734375,1200.5
1767275225.7113466,15,273.890625,1201.75
1767275225.7113466,15,275.171875,1204.25
1767275225.7113466,15,276.296875,1206.25
1767275225.7113466,15,277.5,1209.5
1767275225.7113466,15,278.71875,1214.0
1767275225.7113466,15,279.9375,1219.0
1767275225.7113466,15,281.125,1224.25
1767275225.7113466,15,282.34375,1229.0
1767275225.7113466,15,283.53125,1234.75
1767275225.7113466,15,284.75,1241.25
1767275225.7113466,15,285.96875,1249.0
1767275225.7113466,15,287.109375,1259.5
1767275225.7113466,15,288.34375,1268.5
1767275225.7113466,15,289.59375,1278.0
1767275225.7113466,15,290.796875,1289.25
1767275225.7113466,15,291.9375,1301.0
1767275225.7113466,15,293.171875,1314.25
1767275225.7113466,15,294.390625,1327.5
1767275225.7113466,15,295.59375,1338.0
1767275225.7113466,15,296.75,1353.25
1767275225.7113466,15,298.0,1372.0
1767275225.7113466,15,299.1875,1388.25
1767275225.7113466,15,300.34375,1405.25
1767275225.7113466,15,301.5625,1415.0
1767275225.7113466,15,304.109375,1347.25
1767275225.7113466,15,306.515625,1271.0
1767275225.7113466,15,310.3125,1127.75
1767275225.7113466,15,311.59375,1101.75
1767275225.7113466,15,312.796875,1079.25
1767275225.7113466,15,314.09375,1056.0
1767275225.7113466,15,315.375,1032.75
1767275225.7113466,15,316.578125,1011.75
1767275225.7113466,15,317.75,994.0
1767275225.7113466,15,319.015625,977.5
1767275225.7113466,15,320.296875,961.75
1767275225.7113466,15,321.4375,946.5
1767275225.7113466,15,322.765625,931.0
1767275225.7113466,15,323.90625,917.25
1767275225.7113466,15,325.171875,904.5
1767275225.7113466,15,326.421875,892.0
1767275225.7113466,15,327.65625,881.0
1767275225.7113466,15,328.875,870.75
1767275225.7113466,15,330.203125,859.75
1767275225.7113466,15,331.296875,849.75
1767275225.7113466,15,332.515625,840.75
1767275225.7113466,15,333.890625,830.5
1767275225.7113466,15,335.078125,822.0
1767275225.7113466,15,336.28125,815.0
1767275225.7113466,15,337.4375,806.75
1767275225.7113466,15,338.65625,799.0
1767275225.7113466,15,339.890625,793.75
1767275225.7113466,15,341.1875,789.0
1767275225.7113466,15,342.359375,783.25
1767275225.7113466,15,343.703125,778.5
1767275225.7113466,15,344.859375,773.25
1767275225.7113466,15,346.078125,768.75
1767275225.7113466,15,347.234375,765.75
1767275225.7113466,15,348.59375,762.5
1767275225.7113466,15,349.84375,759.5
1767275225.7113466,15,350.921875,756.5
1767275225.7113466,15,352.15625,754.5
1767275225.8619885,15,353.421875,752.5
1767275225.8619885,15,354.625,750.25
1767275225.8619885,15,355.890625,749.25
1767275225.8619885,15,357.0625,749.0
1767275225.8619885,15,359.359375,774.0
1767275225.8619885,15,2.9375,784.5
1767275225.8619885,15,4.28125,796.0
1767275225.8619885,15,5.5,797.75
1767275225.8619885,15,6.578125,799.25
1767275225.8619885,15,7.859375,802.25
1767275225.8619885,15,9.03125,806.25
1767275225.8619885,15,10.28125,810.0
1767275225.8619885,15,11.421875,813.5
1767275225.8619885,15,12.640625,817.5
1767275225.8619885,15,13.828125,822.25
1767275225.8619885,15,15.109375,826.75
1767275225.8619885,15,16.375,832.25
1767275225.8619885,15,17.484375,839.25
1767275225.8619885,15,18.71875,847.25
1767275225.8619885,15,19.859375,854.75
1767275225.8619885,15,21.109375,861.5
1767275225.8619885,15,22.25,869.5
1767275225.8619885,15,23.484375,877.25
1767275225.8619885,15,24.78125,884.75
1767275225.8619885,15,25.875,893.75
1767275225.8619885,15,27.078125,903.5
1767275225.8619885,15,28.25,913.0
1767275225.8619885,15,29.421875,923.5
1767275225.8619885,15,30.65625,935.25
1767275225.8619885,15,31.953125,947.75
1767275225.8619885,15,33.078125,960.25
1767275225.8619885,15,34.265625,972.75
1767275225.8619885,15,35.5,986.0
1767275225.8619885,15,36.75,1000.0
1767275225.8619885,15,37.953125,1017.5
1767275225.8619885,15,39.125,1036.0
1767275225.8619885,15,40.34375,1052.5
1767275225.8619885,15,41.484375,1071.5
1767275225.8619885,15,42.625,1092.5
1767275225.8619885,15,43.890625,1113.25
1767275225.8619885,15,45.078125,1134.5
1767275225.8619885,15,46.21875,1159.5
1767275225.8619885,15,47.390625,1183.75
1767275225.8619885,15,48.640625,1208.25
1767275225.8619885,15,49.84375,1238.5
1767275225.8619885,15,53.46875,1254.5
1767275225.8619885,15,54.671875,1236.5
1767275225.8619885,15,55.921875,1221.0
1767275225.8619885,15,57.1875,1207.25
1767275225.8619885,15,58.40625,1191.25
1767275225.8619885,15,59.5625,1176.75
1767275225.8619885,15,60.78125,1166.0
1767275225.8619885,15,62.03125,1154.25
1767275225.8619885,15,63.171875,1141.75
1767275225.8619885,15,64.453125,1130.5
1767275225.8619885,15,65.671875,1119.75
1767275225.8619885,15,66.875,1110.5
1767275225.8619885,15,68.109375,1102.0
1767275225.8619885,15,69.375,1093.5
1767275225.8619885,15,70.5,1086.5
1767275225.8619885,15,71.765625,1081.0
1767275225.8619885,15,73.03125,1075.0
1767275225.8619885,15,74.203125,1068.0
1767275225.8619885,15,75.453125,1062.25
1767275225.8619885,15,76.65625,1057.5
1767275225.8619885,15,77.921875,1052.5
1767275225.8619885,15,79.09375,1047.75
1767275225.8619885,15,80.28125,1045.0
1767275225.8619885,15,81.5625,1043.25
1767275225.8619885,15,82.75,1040.5
1767275225.8619885,15,83.890625,1038.0
1767275225.8619885,15,85.140625,1037.5
1767275225.8619885,15,86.28125,1036.25
1767275225.8619885,15,87.453125,1035.25
1767275225.8619885,15,88.703125,1036.0
1767275225.8619885,15,89.96875,1037.0
1767275225.8619885,15,91.078125,1037.25
1767275225.8619885,15,92.328125,1038.75
1767275225.8619885,15,93.59375,1040.75
1767275225.8619885,15,94.75,1043.0
1767275225.8619885,15,95.984375,1045.25
1767275225.8619885,15,97.15625,1048.0
1767275225.8619885,15,98.375,1052.25
1767275225.8619885,15,99.625,1056.75
1767275225.8619885,15,100.75,1060.75
1767275225.8619885,15,101.984375,1065.0
1767275225.8619885,15,103.203125,1070.0
1767275225.8619885,15,104.421875,1075.75
1767275225.8619885,15,105.625,1082.5
1767275225.8619885,15,106.78125,1088.75
1767275225.8619885,15,108.015625,1096.0
1767275225.8619885,15,109.1875,1103.75
1767275225.8619885,15,110.453125,1111.5
1767275225.8619885,15,111.640625,1119.75
1767275225.8619885,15,112.828125,1128.5
1767275225.8619885,15,114.03125,1138.25
1767275225.8619885,15,115.1875,1150.5
1767275225.8619885,15,116.421875,1163.0
1767275225.8619885,15,117.59375,1174.25
1767275225.8619885,15,118.859375,1184.25
1767275225.8619885,15,120.046875,1197.25
1767275225.8619885,15,121.25,1214.25
1767275225.8619885,15,122.421875,1229.5
1767275225.8619885,15,123.5625,1245.5
1767275225.8619885,15,124.84375,1262.0
1767275225.8619885,15,125.984375,1279.5
1767275225.8619885,15,127.1875,1288.0
1767275225.8619885,15,128.484375,1269.75
1767275225.8619885,15,129.71875,1238.0
1767275225.8619885,15,130.96875,1205.5
1767275225.8619885,15,132.0625,1179.75
1767275225.8619885,15,133.296875,1158.0
1767275225.8619885,15,134.546875,1134.0
1767275225.8619885,15,135.84375,1112.25
1767275225.8619885,15,136.984375,1090.5
1767275225.8619885,15,138.234375,1069.75
1767275225.8619885,15,139.53125,1052.25
1767275225.8619885,15,140.75,1035.5
1767275225.8619885,15,142.03125,1018.0
1767275225.8619885,15,143.140625,1002.25
1767275225.8619885,15,144.421875,989.0
1767275225.8619885,15,145.6875,975.25
1767275225.8619885,15,146.859375,961.5
1767275225.8619885,15,148.125,951.25
1767275225.8619885,15,149.328125,940.0
1767275225.8619885,15,150.59375,927.75
1767275225.8619885,15,151.78125,917.25
1767275225.8619885,15,152.9375,908.5
1767275225.8619885,15,154.28125,900.75
1767275225.8619885,15,155.40625,893.25
1767275225.8619885,15,156.609375,885.75
1767275225.8619885,15,157.90625,879.0
1767275225.8619885,15,159.109375,873.0
1767275225.8619885,15,160.375,867.25
1767275225.8619885,15,161.53125,861.25
1767275225.8619885,15,162.8125,856.0
1767275225.8619885,15,164.03125,851.25
1767275225.8619885,15,165.1875,846.0
1767275225.8619885,15,166.390625,841.0
1767275225.8619885,15,167.6875,837.5
1767275225.8619885,15,168.796875,834.5
1767275225.8619885,15,170.0,831.25
1767275225.8619885,15,171.328125,828.25
1767275225.8619885,15,172.421875,825.75
1767275225.8619885,15,173.6875,824.25
1767275225.8619885,15,174.921875,823.5
1767275225.8619885,15,176.03125,822.75
1767275225.8619885,15,177.296875,822.75
1767275225.8619885,15,178.5,822.75
1767275225.8619885,15,179.796875,822.75
1767275225.8619885,15,180.953125,823.5
1767275225.8619885,15,182.296875,824.75
1767275225.8619885,15,183.421875,826.25
1767275225.8619885,15,184.671875,828.25
1767275225.8619885,15,185.890625,831.25
1767275225.8619885,15,186.984375,834.0
1767275225.8619885,15,188.234375,836.75
1767275225.8619885,15,189.40625,840.25
1767275225.8619885,15,190.703125,844.75
1767275225.8619885,15,191.875,848.75
1767275225.8619885,15,193.046875,853.0
1767275225.8619885,15,194.203125,858.25
1767275225.8619885,15,195.421875,863.25
1767275225.8619885,15,196.6875,868.75
1767275225.8619885,15,197.828125,874.25
1767275225.8619885,15,199.078125,880.0
1767275225.8619885,15,200.3125,887.0
1767275225.8619885,15,201.40625,894.75
1767275225.8619885,15,202.59375,902.5
1767275225.8619885,15,203.9375,910.0
1767275225.8619885,15,205.15625,918.75
1767275225.8619885,15,206.265625,928.75
1767275225.8619885,15,207.4375,939.25
1767275225.8619885,15,208.671875,950.25
1767275225.8619885,15,209.890625,961.25
1767275225.8619885,15,211.03125,973.5
1767275225.8619885,15,212.234375,986.25
1767275225.8619885,15,213.515625,998.5
1767275225.8619885,15,214.703125,1013.25
1767275225.8619885,15,215.8125,1029.25
1767275225.8619885,15,216.984375,1045.0
1767275225.8619885,15,218.28125,1061.5
1767275225.8619885,15,219.375,1080.0
1767275225.8619885,15,220.625,1098.25
1767275225.8619885,15,221.8125,1117.0
1767275225.8619885,15,222.9375,1140.0
1767275225.8619885,15,224.15625,1164.25
1767275225.8619885,15,225.375,1184.5
1767275225.8619885,15,226.546875,1208.25
1767275225.8619885,15,227.640625,1237.75
1767275225.8619885,15,228.8125,1267.75
1767275225.8619885,15,230.046875,1301.75
1767275225.8619885,15,231.25,1337.0
1767275225.8619885,15,232.359375,1374.5
1767275225.8619885,15,233.546875,1413.75
1767275225.8619885,15,234.765625,1433.75
1767275225.8619885,15,236.046875,1425.25
1767275225.8619885,15,237.265625,1406.5
1767275225.8619885,15,238.453125,1386.0
1767275225.8619885,15,239.6875,1366.5
1767275225.8619885,15,240.9375,1349.25
1767275225.8619885,15,242.109375,1334.25
1767275225.8619885,15,243.375,1322.5
1767275225.8619885,15,244.53125,1310.0
1767275225.8619885,15,245.8125,1298.75
1767275225.8619885,15,247.0625,1288.0
1767275225.8619885,15,248.203125,1277.0
1767275225.8619885,15,249.421875,1266.5
1767275225.8619885,15,250.6875,1258.25
1767275225.8619885,15,251.921875,1250.5
1767275225.8619885,15,253.078125,1241.25
1767275225.8619885,15,254.296875,1234.0
1767275225.8619885,15,255.5,1229.0
1767275225.8619885,15,256.734375,1223.75
1767275225.8619885,15,257.984375,1218.5
1767275225.8619885,15,259.1875,1213.5
1767275225.8619885,15,260.390625,1209.5
1767275225.8619885,15,261.640625,1206.5
1767275225.8619885,15,262.828125,1203.5
1767275225.8619885,15,264.03125,1200.75
1767275225.8619885,15,265.25,1198.5
1767275225.8619885,15,266.5,1197.0
1767275225.8619885,15,267.65625,1196.5
1767275225.8619885,15,268.875,1196.25
1767275225.8619885,15,270.0625,1196.5
1767275225.8619885,15,271.265625,1197.0
1767275225.8619885,15,272.46875,1198.75
1767275225.8619885,15,273.703125,1201.5
1767275225.8619885,15,274.875,1203.5
1767275225.8619885,15,276.03125,1205.5
1767275225.8619885,15,277.28125,1209.0
1767275225.8619885,15,278.515625,1214.0
1767275225.8619885,15,279.71875,1218.25
1767275225.8619885,15,280.859375,1223.0
1767275225.8619885,15,282.078125,1227.25
1767275225.8619885,15,283.296875,1232.0
1767275225.8619885,15,284.46875,1240.0
1767275225.8619885,15,285.75,1248.5
1767275225.8619885,15,286.890625,1257.5
1767275225.8619885,15,288.046875,1266.5
1767275225.8619885,15,289.28125,1276.25
1767275225.8619885,15,290.515625,1287.5
1767275225.8619885,15,291.671875,1299.0
1767275225.8619885,15,292.84375,1311.25
1767275225.8619885,15,294.046875,1323.25
1767275225.8619885,15,295.265625,1335.25
1767275225.8619885,15,296.453125,1349.25
1767275225.8619885,15,297.6875,1365.5
1767275225.8619885,15,298.90625,1383.5
1767275225.8619885,15,300.0625,1401.25
1767275225.8619885,15,303.75,1361.5
1767275225.8619885,15,304.9375,1321.75
1767275225.8619885,15,306.203125,1282.75
1767275225.8619885,15,307.421875,1247.75
1767275225.8619885,15,311.203125,1110.5
1767275225.8619885,15,312.46875,1086.0
1767275225.8619885,15,313.71875,1062.75
1767275225.8619885,15,314.96875,1041.0
1767275225.8619885,15,316.15625,1019.0
1767275225.8619885,15,317.421875,999.75
1767275225.8619885,15,318.65625,983.0
1767275225.8619885,15,319.890625,966.0
1767275225.8619885,15,321.109375,951.0
1767275225.8619885,15,322.296875,936.25
1767275225.8619885,15,323.53125,921.0
1767275225.8619885,15,324.8125,908.25
1767275225.8619885,15,325.9375,896.25
1767275225.8619885,15,327.21875,884.0
1767275225.8619885,15,328.453125,874.25
1767275225.8619885,15,329.71875,865.5
1767275225.8619885,15,330.9375,855.25
1767275225.8619885,15,332.15625,844.25
1767275225.8619885,15,333.3125,833.75
1767275225.8619885,15,334.515625,824.75
1767275225.8619885,15,335.796875,816.75
1767275225.8619885,15,337.015625,809.0
1767275225.8619885,15,338.3125,801.75
1767275225.8619885,15,339.546875,795.75
1767275225.8619885,15,340.609375,790.75
1767275225.8619885,15,342.0,785.25
1767275225.8619885,15,343.09375,779.5
1767275225.8619885,15,344.421875,774.75
1767275225.8619885,15,345.5625,770.75
1767275225.8619885,15,346.734375,767.5
1767275225.8619885,15,348.015625,763.5
1767275225.8619885,15,349.234375,760.0
1767275225.8619885,15,350.453125,757.5
1767275225.8619885,15,351.625,755.75
1767275226.0156868,15,352.875,753.0
1767275226.0156868,15,354.171875,751.25
1767275226.0156868,15,355.3125,750.75
1767275226.0156868,15,356.625,749.75
1767275226.0156868,15,358.828125,775.0
1767275226.0156868,15,0.046875,773.75
1767275226.0156868,15,1.234375,783.25
1767275226.0156868,15,2.421875,793.75
1767275226.0156868,15,3.703125,795.5
1767275226.0156868,15,4.96875,796.75
1767275226.0156868,15,6.140625,798.25
1767275226.0156868,15,7.21875,800.5
1767275226.0156868,15,8.484375,803.0
1767275226.0156868,15,9.625,806.75
1767275226.0156868,15,10.953125,811.25
1767275226.0156868,15,12.171875,815.25
1767275226.0156868,15,13.28125,819.0
1767275226.0156868,15,14.453125,823.75
1767275226.0156868,15,15.6875,830.25
1767275226.0156868,15,16.90625,836.5
1767275226.0156868,15,18.125,843.25
1767275226.0156868,15,19.234375,850.0
1767275226.0156868,15,20.53125,856.75
1767275226.0156868,15,21.65625,865.0
1767275226.0156868,15,22.859375,873.0
1767275226.0156868,15,24.03125,880.75
1767275226.0156868,15,25.28125,889.0
1767275226.0156868,15,26.515625,897.75
1767275226.0156868,15,27.6875,907.5
1767275226.0156868,15,28.875,917.25
1767275226.0156868,15,30.046875,927.75
1767275226.0156868,15,31.1875,941.0
1767275226.0156868,15,32.421875,954.0
1767275226.0156868,15,33.578125,965.0
1767275226.0156868,15,34.8125,978.0
1767275226.0156868,15,35.984375,992.5
1767275226.0156868,15,37.21875,1006.5
1767275226.0156868,15,38.40625,1024.25
1767275226.0156868,15,39.59375,1042.75
1767275226.0156868,15,40.84375,1060.25
1767275226.0156868,15,41.984375,1080.5
1767275226.0156868,15,43.140625,1101.25
1767275226.0156868,15,44.296875,1122.0
1767275226.0156868,15,45.5,1145.0
1767275226.0156868,15,46.703125,1170.0
1767275226.0156868,15,47.953125,1196.25
1767275226.0156868,15,49.125,1223.25
1767275226.0156868,15,50.296875,1251.5
1767275226.0156868,15,51.4375,1269.5
1767275226.0156868,15,52.671875,1264.75
1767275226.0156868,15,53.890625,1247.0
1767275226.0156868,15,55.171875,1229.5
1767275226.0156868,15,56.421875,1214.0
1767275226.0156868,15,57.609375,1200.5
1767275226.0156868,15,58.796875,1187.0
1767275226.0156868,15,60.0625,1173.25
1767275226.0156868,15,61.34375,1161.5
1767275226.0156868,15,62.5625,1149.0
1767275226.0156868,15,63.703125,1136.5
1767275226.0156868,15,64.921875,1125.5
1767275226.0156868,15,66.203125,1116.75
1767275226.0156868,15,67.421875,1107.75
1767275226.0156868,15,68.578125,1098.75
1767275226.0156868,15,69.796875,1090.5
1767275226.0156868,15,71.046875,1083.75
1767275226.0156868,15,72.28125,1078.25
1767275226.0156868,15,73.515625,1072.0
1767275226.0156868,15,74.75,1066.0
1767275226.0156868,15,75.953125,1060.5
1767275226.0156868,15,77.140625,1054.75
1767275226.0156868,15,78.375,1050.0
1767275226.0156868,15,79.625,1047.0
1767275226.0156868,15,80.765625,1044.75
1767275226.0156868,15,82.015625,1042.0
1767275226.0156868,15,83.296875,1040.25
1767275226.0156868,15,84.375,1038.5
1767275226.0156868,15,85.578125,1038.0
1767275226.0156868,15,86.765625,1037.75
1767275226.0156868,15,88.046875,1036.25
1767275226.0156868,15,89.1875,1035.75
1767275226.0156868,15,90.46875,1036.25
1767275226.0156868,15,91.671875,1038.0
1767275226.0156868,15,92.859375,1040.25
1767275226.0156868,15,93.984375,1042.0
1767275226.0156868,15,95.28125,1043.75
1767275226.0156868,15,96.453125,1046.5
1767275226.0156868,15,97.703125,1049.25
1767275226.0156868,15,98.84375,1053.5
1767275226.0156868,15,100.046875,1058.5
1767275226.0156868,15,101.25,1062.5
1767275226.0156868,15,102.453125,1067.25
1767275226.0156868,15,103.71875,1073.0
1767275226.0156868,15,104.828125,1079.0
1767275226.0156868,15,106.046875,1085.0
1767275226.0156868,15,107.203125,1092.25
1767275226.0156868,15,108.421875,1099.5
1767275226.0156868,15,109.5625,1107.0
1767275226.0156868,15,110.859375,1114.25
1767275226.0156868,15,112.0625,1122.25
1767275226.0156868,15,113.15625,1132.25
1767275226.0156868,15,114.359375,1142.5
1767275226.0156868,15,115.546875,1155.0
1767275226.0156868,15,116.796875,1167.75
1767275226.0156868,15,117.9375,1177.5
1767275226.0156868,15,119.1875,1190.5
1767275226.0156868,15,120.390625,1205.25
1767275226.0156868,15,121.546875,1218.0
1767275226.0156868,15,122.78125,1231.75
1767275226.0156868,15,123.921875,1249.75
1767275226.0156868,15,125.125,1268.25
1767275226.0156868,15,126.296875,1284.0
1767275226.0156868,15,127.515625,1283.25
1767275226.0156868,15,128.75,1259.5
1767275226.0156868,15,129.984375,1229.25
1767275226.0156868,15,131.234375,1200.5
1767275226.0156868,15,132.375,1175.25
1767275226.0156868,15,133.625,1152.25
1767275226.0156868,15,134.859375,1128.75
1767275226.0156868,15,136.046875,1106.5
1767275226.0156868,15,137.296875,1086.25
1767275226.0156868,15,138.515625,1067.5
1767275226.0156868,15,139.75,1049.5
1767275226.0156868,15,140.984375,1031.25
1767275226.0156868,15,142.203125,1013.0
1767275226.0156868,15,143.4375,998.0
1767275226.0156868,15,144.703125,985.0
1767275226.0156868,15,145.921875,971.25
1767275226.0156868,15,147.109375,958.75
1767275226.0156868,15,148.375,947.75
1767275226.0156868,15,149.546875,936.5
1767275226.0156868,15,150.734375,926.5
1767275226.0156868,15,152.0,916.5
1767275226.0156868,15,153.171875,907.5
1767275226.0156868,15,154.421875,899.0
1767275226.0156868,15,155.671875,891.0
1767275226.0156868,15,156.984375,884.25
1767275226.0156868,15,158.125,877.25
1767275226.0156868,15,159.40625,871.25
1767275226.0156868,15,160.671875,866.75
1767275226.0156868,15,161.78125,861.25
1767275226.0156868,15,163.03125,855.75
1767275226.0156868,15,164.28125,850.25
1767275226.0156868,15,165.40625,845.5
1767275226.0156868,15,166.671875,841.25
1767275226.0156868,15,167.859375,837.0
1767275226.0156868,15,169.171875,833.5
1767275226.0156868,15,170.40625,830.25
1767275226.0156868,15,171.5,828.0
1767275226.0156868,15,172.6875,826.0
1767275226.0156868,15,173.90625,824.0
1767275226.0156868,15,175.15625,823.0
1767275226.0156868,15,176.453125,822.5
1767275226.0156868,15,177.65625,822.75
1767275226.0156868,15,178.78125,823.25
1767275226.0156868,15,180.03125,823.75
1767275226.0156868,15,181.25,824.5
1767275226.0156868,15,182.40625,825.25
1767275226.0156868,15,183.734375,826.25
1767275226.0156868,15,184.859375,828.25
1767275226.0156868,15,185.984375,830.75
1767275226.0156868,15,187.3125,833.5
1767275226.0156868,15,188.46875,837.5
1767275226.0156868,15,189.609375,841.25
1767275226.0156868,15,190.921875,845.25
1767275226.0156868,15,192.015625,850.25
1767275226.0156868,15,193.296875,854.5
1767275226.0156868,15,194.390625,858.75
1767275226.0156868,15,195.65625,864.0
1767275226.0156868,15,196.8125,869.75
1767275226.0156868,15,198.0625,874.75
1767275226.0156868,15,199.296875,881.25
1767275226.0156868,15,200.484375,888.5
1767275226.0156868,15,201.625,895.75
1767275226.0156868,15,202.8125,904.25
1767275226.0156868,15,203.96875,912.0
1767275226.0156868,15,205.203125,919.75
1767275226.0156868,15,206.34375,929.75
1767275226.0156868,15,207.546875,941.5
1767275226.0156868,15,208.75,951.5
1767275226.0156868,15,209.9375,961.25
1767275226.0156868,15,211.203125,974.25
1767275226.0156868,15,212.328125,987.0
1767275226.0156868,15,213.53125,998.75
1767275226.0156868,15,214.71875,1013.25
1767275226.0156868,15,215.875,1029.75
1767275226.0156868,15,217.03125,1045.5
1767275226.0156868,15,218.265625,1061.5
1767275226.0156868,15,219.453125,1080.0
1767275226.0156868,15,220.640625,1098.25
1767275226.0156868,15,221.78125,1117.25
1767275226.0156868,15,223.03125,1140.0
1767275226.0156868,15,224.171875,1164.0
1767275226.0156868,15,225.359375,1184.5
1767275226.0156868,15,226.5,1208.25
1767275226.0156868,15,227.75,1239.75
1767275226.0156868,15,228.90625,1269.5
1767275226.0156868,15,230.109375,1301.75
1767275226.0156868,15,231.25,1336.75
1767275226.0156868,15,232.375,1374.5
1767275226.0156868,15,233.625,1413.75
1767275226.0156868,15,234.8125,1433.75
1767275226.0156868,15,236.046875,1425.25
1767275226.0156868,15,237.21875,1406.25
1767275226.0156868,15,238.484375,1385.5
1767275226.0156868,15,239.6875,1366.0
1767275226.0156868,15,240.953125,1349.0
1767275226.0156868,15,242.09375,1334.0
1767275226.0156868,15,243.34375,1322.25
1767275226.0156868,15,244.5625,1311.25
1767275226.0156868,15,245.796875,1299.75
1767275226.0156868,15,247.015625,1287.75
1767275226.0156868,15,248.171875,1277.25
1767275226.0156868,15,249.421875,1267.75
1767275226.0156868,15,250.671875,1259.25
1767275226.0156868,15,251.859375,1250.5
1767275226.0156868,15,253.15625,1241.25
1767275226.0156868,15,254.375,1234.0
1767275226.0156868,15,255.5625,1228.75
1767275226.0156868,15,256.765625,1223.75
1767275226.0156868,15,258.0,1218.5
1767275226.0156868,15,259.1875,1213.5
1767275226.0156868,15,260.375,1209.25
1767275226.0156868,15,261.578125,1206.5
1767275226.0156868,15,262.796875,1203.25
1767275226.0156868,15,264.046875,1200.75
1767275226.0156868,15,265.265625,1198.75
1767275226.0156868,15,266.421875,1196.75
1767275226.0156868,15,267.640625,1196.25
1767275226.0156868,15,268.875,1196.25
1767275226.0156868,15,270.09375,1196.5
1767275226.0156868,15,271.3125,1197.0
1767275226.0156868,15,272.515625,1198.75
1767275226.0156868,15,273.671875,1201.5
1767275226.0156868,15,274.921875,1203.75
1767275226.0156868,15,275.96875,1205.75
1767275226.0156868,15,277.21875,1209.0
1767275226.0156868,15,278.421875,1213.75
1767275226.0156868,15,279.59375,1218.25
1767275226.0156868,15,280.796875,1222.0
1767275226.0156868,15,282.0,1227.0
1767275226.0156868,15,283.171875,1232.75
1767275226.0156868,15,284.375,1238.5
1767275226.0156868,15,285.5625,1247.25
1767275226.0156868,15,286.734375,1257.0
1767275226.0156868,15,287.96875,1265.25
1767275226.0156868,15,289.1875,1273.75
1767275226.0156868,15,290.328125,1284.5
1767275226.0156868,15,291.59375,1297.5
1767275226.0156868,15,292.734375,1311.75
1767275226.0156868,15,293.9375,1323.75
1767275226.0156868,15,295.15625,1334.25
1767275226.0156868,15,296.359375,1347.5
1767275226.0156868,15,297.46875,1363.5
1767275226.0156868,15,298.6875,1381.5
1767275226.0156868,15,299.828125,1400.25
1767275226.0156868,15,302.28125,1376.5
1767275226.0156868,15,303.5,1369.75
1767275226.0156868,15,304.71875,1330.0
1767275226.0156868,15,307.21875,1253.75
1767275226.0156868,15,311.0,1115.5
1767275226.0156868,15,312.21875,1091.5
1767275226.0156868,15,313.484375,1066.75
1767275226.0156868,15,314.640625,1045.0
1767275226.0156868,15,315.890625,1024.75
1767275226.0156868,15,317.0625,1004.5
1767275226.0156868,15,318.34375,986.75
1767275226.0156868,15,319.5,970.25
1767275226.0156868,15,320.765625,954.5
1767275226.0156868,15,322.078125,939.5
1767275226.0156868,15,323.1875,924.5
1767275226.0156868,15,324.546875,911.5
1767275226.0156868,15,325.703125,899.25
1767275226.0156868,15,327.03125,887.75
1767275226.0156868,15,328.140625,877.25
1767275226.0156868,15,329.390625,866.5
1767275226.0156868,15,330.671875,855.75
1767275226.0156868,15,331.953125,846.0
1767275226.0156868,15,333.03125,836.0
1767275226.0156868,15,334.34375,826.5
1767275226.0156868,15,335.484375,819.25
1767275226.0156868,15,336.796875,811.0
1767275226.0156868,15,338.046875,803.0
1767275226.0156868,15,339.21875,796.75
1767275226.0156868,15,340.375,791.75
1767275226.0156868,15,341.578125,786.75
1767275226.0156868,15,342.796875,781.25
1767275226.0156868,15,344.15625,777.0
1767275226.0156868,15,345.34375,772.5
1767275226.0156868,15,346.46875,768.0
1767275226.0156868,15,347.671875,764.5
1767275226.0156868,15,349.046875,761.75
1767275226.0156868,15,350.234375,758.75
1767275226.0156868,15,351.484375,756.5
1767275226.1668222,15,352.71875,754.25
1767275226.1668222,15,353.828125,752.0
1767275226.1668222,15,354.96875,750.5
1767275226.1668222,15,356.234375,749.25
1767275226.1668222,15,357.375,755.5
1767275226.1668222,15,358.640625,768.0
1767275226.1668222,15,359.734375,774.0
1767275226.1668222,15,2.109375,801.25
1767275226.1668222,15,3.421875,794.25
1767275226.1668222,15,4.640625,795.75
1767275226.1668222,15,5.828125,797.5
1767275226.1668222,15,7.046875,800.0
1767275226.1668222,15,8.125,802.5
1767275226.1668222,15,9.375,806.5
1767275226.1668222,15,10.53125,811.0
1767275226.1668222,15,11.765625,815.25
1767275226.1668222,15,12.90625,818.5
1767275226.1668222,15,14.140625,822.25
1767275226.1668222,15,15.296875,828.25
1767275226.1668222,15,16.53125,834.25
1767275226.1668222,15,17.796875,840.75
1767275226.1668222,15,18.890625,848.0
1767275226.1668222,15,20.09375,855.5
1767275226.1668222,15,21.265625,863.75
1767275226.1668222,15,22.46875,870.75
1767275226.1668222,15,23.75,878.0
1767275226.1668222,15,24.921875,886.25
1767275226.1668222,15,26.046875,894.5
1767275226.1668222,15,27.296875,904.0
1767275226.1668222,15,28.5,914.0
1767275226.1668222,15,29.59375,924.75
1767275226.1668222,15,30.796875,937.5
1767275226.1668222,15,32.03125,949.5
1767275226.1668222,15,33.203125,961.25
1767275226.1668222,15,34.34375,975.0
1767275226.1668222,15,35.578125,988.5
1767275226.1668222,15,36.84375,1001.5
1767275226.1668222,15,37.9375,1017.75
1767275226.1668222,15,39.1875,1036.0
1767275226.1668222,15,40.375,1053.0
1767275226.1668222,15,41.5,1072.0
1767275226.1668222,15,42.734375,1092.5
1767275226.1668222,15,43.890625,1113.25
1767275226.1668222,15,45.125,1134.75
1767275226.1668222,15,46.234375,1159.75
1767275226.1668222,15,47.484375,1183.75
1767275226.1668222,15,48.640625,1208.5
1767275226.1668222,15,49.765625,1239.0
1767275226.1668222,15,53.484375,1255.75
1767275226.1668222,15,54.703125,1237.75
1767275226.1668222,15,55.90625,1220.75
1767275226.1668222,15,57.125,1207.25
1767275226.1668222,15,58.359375,1191.5
1767275226.1668222,15,59.53125,1177.0
1767275226.1668222,15,60.765625,1166.0
1767275226.1668222,15,62.0,1154.0
1767275226.1668222,15,63.234375,1141.25
1767275226.1668222,15,64.4375,1130.25
1767275226.1668222,15,65.71875,1119.75
1767275226.1668222,15,66.953125,1110.25
1767275226.1668222,15,68.109375,1101.75
1767275226.1668222,15,69.28125,1093.5
1767275226.1668222,15,70.578125,1086.75
1767275226.1668222,15,71.796875,1081.0
1767275226.1668222,15,72.984375,1074.75
1767275226.1668222,15,74.15625,1068.0
1767275226.1668222,15,75.390625,1062.75
1767275226.1668222,15,76.640625,1058.0
1767275226.1668222,15,77.796875,1052.5
1767275226.1668222,15,79.109375,1048.0
1767275226.1668222,15,80.234375,1045.25
1767275226.1668222,15,81.515625,1043.25
1767275226.1668222,15,82.640625,1040.5
1767275226.1668222,15,83.765625,1038.0
1767275226.1668222,15,85.03125,1037.25
1767275226.1668222,15,86.1875,1036.5
1767275226.1668222,15,87.484375,1035.75
1767275226.1668222,15,88.59375,1036.0
1767275226.1668222,15,89.859375,1036.75
1767275226.1668222,15,91.078125,1037.25
1767275226.1668222,15,92.25,1038.75
1767275226.1668222,15,93.5,1040.5
1767275226.1668222,15,94.71875,1042.5
1767275226.1668222,15,95.890625,1045.0
1767275226.1668222,15,97.125,1048.0
1767275226.1668222,15,98.25,1051.5
1767275226.1668222,15,99.515625,1055.25
1767275226.1668222,15,100.65625,1060.0
1767275226.1668222,15,101.921875,1064.5
1767275226.1668222,15,103.078125,1069.5
1767275226.1668222,15,104.21875,1075.5
1767275226.1668222,15,105.484375,1081.25
1767275226.1668222,15,106.6875,1087.25
1767275226.1668222,15,107.78125,1093.75
1767275226.1668222,15,108.984375,1101.25
1767275226.1668222,15,110.140625,1109.25
1767275226.1668222,15,111.34375,1117.0
1767275226.1668222,15,112.5,1127.0
1767275226.1668222,15,113.6875,1137.75
1767275226.1668222,15,114.9375,1147.75
1767275226.1668222,15,116.0625,1159.75
1767275226.1668222,15,117.3125,1171.75
1767275226.1668222,15,118.515625,1181.5
1767275226.1668222,15,119.671875,1194.0
1767275226.1668222,15,120.875,1210.25
1767275226.1668222,15,122.078125,1225.5
1767275226.1668222,15,123.21875,1240.75
1767275226.1668222,15,124.421875,1257.25
1767275226.1668222,15,125.578125,1274.25
1767275226.1668222,15,129.25,1248.5
1767275226.1668222,15,130.515625,1218.25
1767275226.1668222,15,131.609375,1191.0
1767275226.1668222,15,132.921875,1167.25
1767275226.1668222,15,134.078125,1141.75
1767275226.1668222,15,135.34375,1118.5
1767275226.1668222,15,136.59375,1099.75
1767275226.1668222,15,137.703125,1079.5
1767275226.1668222,15,138.953125,1060.25
1767275226.1668222,15,140.1875,1043.25
1767275226.1668222,15,141.375,1026.0
1767275226.1668222,15,142.703125,1008.5
1767275226.1668222,15,143.8125,993.0
1767275226.1668222,15,145.078125,979.75
1767275226.1668222,15,146.25,968.25
1767275226.1668222,15,147.578125,956.5
1767275226.1668222,15,148.703125,944.25
1767275226.1668222,15,150.0,932.0
1767275226.1668222,15,151.109375,921.5
1767275226.1668222,15,152.34375,913.5
1767275226.1668222,15,153.625,905.0
1767275226.1668222,15,154.78125,896.75
1767275226.1668222,15,156.078125,889.5
1767275226.1668222,15,157.234375,882.25
1767275226.1668222,15,158.46875,875.75
1767275226.1668222,15,159.71875,870.5
1767275226.1668222,15,161.0,864.5
1767275226.1668222,15,162.21875,858.5
1767275226.1668222,15,163.375,853.75
1767275226.1668222,15,164.546875,848.5
1767275226.1668222,15,165.703125,844.25
1767275226.1668222,15,166.921875,840.75
1767275226.1668222,15,168.25,836.5
1767275226.1668222,15,169.328125,832.5
1767275226.1668222,15,170.609375,829.25
1767275226.1668222,15,171.84375,826.75
1767275226.1668222,15,172.9375,825.0
1767275226.1668222,15,174.296875,824.0
1767275226.1668222,15,175.390625,823.25
1767275226.1668222,15,176.578125,823.0
1767275226.1668222,15,177.875,823.25
1767275226.1668222,15,178.984375,823.25
1767275226.1668222,15,180.359375,823.75
1767275226.1668222,15,181.4375,824.75
1767275226.1668222,15,182.609375,825.5
1767275226.1668222,15,183.84375,826.75
1767275226.1668222,15,185.09375,829.0
1767275226.1668222,15,186.34375,831.5
1767275226.1668222,15,187.46875,834.75
1767275226.1668222,15,188.640625,838.5
1767275226.1668222,15,189.875,842.0
1767275226.1668222,15,191.03125,845.5
1767275226.1668222,15,192.265625,850.75
1767275226.1668222,15,193.40625,855.5
1767275226.1668222,15,194.671875,859.25
1767275226.1668222,15,195.875,865.25
1767275226.1668222,15,197.015625,871.0
1767275226.1668222,15,198.203125,875.5
1767275226.1668222,15,199.34375,882.5
1767275226.1668222,15,200.625,889.5
1767275226.1668222,15,201.78125,896.25
1767275226.1668222,15,202.984375,904.75
1767275226.1668222,15,204.140625,913.0
1767275226.1668222,15,205.421875,921.0
1767275226.1668222,15,206.5625,930.75
1767275226.1668222,15,207.796875,941.75
1767275226.1668222,15,208.953125,952.0
1767275226.1668222,15,210.125,962.75
1767275226.1668222,15,211.375,975.5
1767275226.1668222,15,212.515625,989.0
1767275226.1668222,15,213.765625,1001.75
1767275226.1668222,15,214.890625,1016.0
1767275226.1668222,15,216.0625,1031.5
1767275226.1668222,15,217.25,1046.75
1767275226.1668222,15,218.390625,1063.5
1767275226.1668222,15,219.578125,1082.5
1767275226.1668222,15,220.796875,1103.0
1767275226.1668222,15,222.03125,1123.25
1767275226.1668222,15,223.203125,1144.75
1767275226.1668222,15,224.390625,1167.25
1767275226.1668222,15,225.515625,1190.0
1767275226.1668222,15,226.71875,1216.0
1767275226.1668222,15,227.8125,1243.25
1767275226.1668222,15,229.078125,1271.0
1767275226.1668222,15,230.203125,1306.5
1767275226.1668222,15,231.40625,1343.5
1767275226.1668222,15,232.59375,1378.25
1767275226.1668222,15,236.171875,1423.5
1767275226.1668222,15,237.328125,1405.5
1767275226.1668222,15,238.5625,1384.5
1767275226.1668222,15,239.828125,1365.75
1767275226.1668222,15,241.0,1348.75
1767275226.1668222,15,242.203125,1332.75
1767275226.1668222,15,243.453125,1321.0
1767275226.1668222,15,244.65625,1309.75
1767275226.1668222,15,245.859375,1297.75
1767275226.1668222,15,247.078125,1287.25
1767275226.1668222,15,248.328125,1276.75
1767275226.1668222,15,249.53125,1266.25
1767275226.1668222,15,250.765625,1256.75
1767275226.1668222,15,251.96875,1249.25
1767275226.1668222,15,253.203125,1241.25
1767275226.1668222,15,254.34375,1233.25
1767275226.1668222,15,255.640625,1227.75
1767275226.1668222,15,256.8125,1223.5
1767275226.1668222,15,258.0625,1218.5
1767275226.1668222,15,259.265625,1213.25
1767275226.1668222,15,260.4375,1209.0
1767275226.1668222,15,261.625,1206.5
1767275226.1668222,15,262.890625,1202.5
1767275226.1668222,15,264.015625,1199.75
1767275226.1668222,15,265.25,1198.5
1767275226.1668222,15,266.46875,1196.5
1767275226.1668222,15,267.671875,1196.0
1767275226.1668222,15,268.90625,1196.0
1767275226.1668222,15,270.09375,1196.25
1767275226.1668222,15,271.296875,1197.0
1767275226.1668222,15,272.46875,1198.75
1767275226.1668222,15,273.625,1201.75
1767275226.1668222,15,274.84375,1204.0
1767275226.1668222,15,276.03125,1205.75
1767275226.1668222,15,277.234375,1209.0
1767275226.1668222,15,278.390625,1213.75
1767275226.1668222,15,279.5625,1218.25
1767275226.1668222,15,280.796875,1222.25
1767275226.1668222,15,282.015625,1227.25
1767275226.1668222,15,283.140625,1233.0
1767275226.1668222,15,284.359375,1238.75
1767275226.1668222,15,285.515625,1247.25
1767275226.1668222,15,286.796875,1256.75
1767275226.1668222,15,287.953125,1265.0
1767275226.1668222,15,289.109375,1273.75
1767275226.1668222,15,290.296875,1284.25
1767275226.1668222,15,291.484375,1296.25
1767275226.1668222,15,292.6875,1310.5
1767275226.1668222,15,293.859375,1323.5
1767275226.1668222,15,295.109375,1333.0
1767275226.1668222,15,296.25,1346.5
1767275226.1668222,15,297.5,1363.5
1767275226.1668222,15,298.609375,1380.25
1767275226.1668222,15,299.8125,1399.0
1767275226.1668222,15,302.21875,1377.75
1767275226.1668222,15,304.6875,1330.0
1767275226.1668222,15,305.984375,1292.0
1767275226.1668222,15,307.15625,1256.5
1767275226.1668222,15,310.96875,1116.25
1767275226.1668222,15,312.109375,1091.25
1767275226.1668222,15,313.390625,1067.0
1767275226.1668222,15,314.578125,1045.5
1767275226.1668222,15,315.890625,1025.0
1767275226.1668222,15,317.0,1005.25
1767275226.1668222,15,318.3125,987.75
1767275226.1668222,15,319.546875,970.5
1767275226.1668222,15,320.734375,955.0
1767275226.1668222,15,322.015625,940.0
1767275226.1668222,15,323.125,924.75
1767275226.1668222,15,324.40625,911.75
1767275226.1668222,15,325.640625,900.5
1767275226.1668222,15,326.90625,888.75
1767275226.1668222,15,328.15625,877.0
1767275226.1668222,15,329.421875,866.5
1767275226.1668222,15,330.625,857.0
1767275226.1668222,15,331.796875,847.0
1767275226.1668222,15,333.046875,836.0
1767275226.1668222,15,334.21875,827.25
1767275226.1668222,15,335.5625,819.75
1767275226.1668222,15,336.640625,811.25
1767275226.1668222,15,337.890625,804.0
1767275226.1668222,15,339.21875,797.5
1767275226.1668222,15,340.296875,791.75
1767275226.1668222,15,341.53125,786.75
1767275226.1668222,15,342.71875,781.5
1767275226.1668222,15,344.046875,777.0
1767275226.1668222,15,345.296875,772.75
1767275226.1668222,15,346.453125,768.5
1767275226.1668222,15,347.640625,764.75
1767275226.1668222,15,348.859375,761.25
1767275226.1668222,15,350.109375,758.25
1767275226.1668222,15,351.34375,756.0
1767275226.3211455,15,352.375,753.5
1767275226.3211455,15,353.59375,751.5
1767275226.3211455,15,354.9375,750.25
1767275226.3211455,15,356.09375,749.25
1767275226.3211455,15,0.78125,780.25
1767275226.3211455,15,2.046875,789.25
1767275226.3211455,15,3.125,793.5
1767275226.3211455,15,4.46875,795.75
1767275226.3211455,15,5.515625,797.75
1767275226.3211455,15,6.75,799.75
1767275226.3211455,15,7.953125,802.25
1767275226.3211455,15,9.21875,805.75
1767275226.3211455,15,10.40625,810.0
1767275226.3211455,15,11.578125,813.75
1767275226.3211455,15,12.796875,817.5
1767275226.3211455,15,13.9375,822.25
1767275226.3211455,15,15.21875,827.0
1767275226.3211455,15,16.390625,832.5
1767275226.3211455,15,17.578125,839.25
1767275226.3211455,15,18.703125,847.0
1767275226.3211455,15,19.953125,854.5
1767275226.3211455,15,21.078125,861.5
1767275226.3211455,15,22.3125,869.0
1767275226.3211455,15,23.484375,876.75
1767275226.3211455,15,24.609375,884.75
1767275226.3211455,15,25.859375,893.5
1767275226.3211455,15,27.015625,903.0
1767275226.3211455,15,28.1875,912.5
1767275226.3211455,15,29.359375,923.25
1767275226.3211455,15,30.578125,934.5
1767275226.3211455,15,31.78125,946.0
1767275226.3211455,15,32.859375,959.0
1767275226.3211455,15,34.125,971.75
1767275226.3211455,15,35.21875,985.0
1767275226.3211455,15,36.578125,998.5
1767275226.3211455,15,37.765625,1014.5
1767275226.3211455,15,38.953125,1032.5
1767275226.3211455,15,40.09375,1050.0
1767275226.3211455,15,41.296875,1068.75
1767275226.3211455,15,42.515625,1090.0
1767275226.3211455,15,43.703125,1110.5
1767275226.3211455,15,44.921875,1131.0
1767275226.3211455,15,46.09375,1155.25
1767275226.3211455,15,47.28125,1180.25
1767275226.3211455,15,48.421875,1206.5
1767275226.3211455,15,49.5625,1235.75
1767275226.3211455,15,50.859375,1239.75
1767275226.3211455,15,51.984375,1247.0
1767275226.3211455,15,53.234375,1256.75
1767275226.3211455,15,54.40625,1239.5
1767275226.3211455,15,55.65625,1224.0
1767275226.3211455,15,56.875,1210.5
1767275226.3211455,15,58.078125,1193.75
1767275226.3211455,15,59.34375,1179.0
1767275226.3211455,15,60.546875,1169.0
1767275226.3211455,15,61.78125,1156.5
1767275226.3211455,15,62.984375,1143.5
1767275226.3211455,15,64.3125,1132.25
1767275226.3211455,15,65.515625,1121.75
1767275226.3211455,15,66.703125,1112.5
1767275226.3211455,15,67.921875,1104.25
1767275226.3211455,15,69.140625,1095.5
1767275226.3211455,15,70.328125,1087.25
1767275226.3211455,15,71.53125,1081.5
1767275226.3211455,15,72.84375,1075.75
1767275226.3211455,15,74.046875,1069.0
1767275226.3211455,15,75.203125,1063.25
1767275226.3211455,15,76.421875,1058.75
1767275226.3211455,15,77.6875,1053.5
1767275226.3211455,15,78.890625,1048.5
1767275226.3211455,15,80.109375,1045.25
1767275226.3211455,15,81.265625,1043.25
1767275226.3211455,15,82.5625,1041.5
1767275226.3211455,15,83.640625,1038.25
1767275226.3211455,15,84.84375,1036.5
1767275226.3211455,15,86.0625,1036.0
1767275226.3211455,15,87.328125,1036.25
1767275226.3211455,15,88.46875,1036.0
1767275226.3211455,15,89.671875,1036.0
1767275226.3211455,15,90.9375,1037.25
1767275226.3211455,15,92.15625,1038.25
1767275226.3211455,15,93.3125,1040.5
1767275226.3211455,15,94.5,1042.5
1767275226.3211455,15,95.671875,1044.5
1767275226.3211455,15,96.90625,1047.75
1767275226.3211455,15,98.09375,1050.75
1767275226.3211455,15,99.359375,1054.75
1767275226.3211455,15,100.546875,1060.25
1767275226.3211455,15,101.75,1064.5
1767275226.3211455,15,102.953125,1068.75
1767275226.3211455,15,104.09375,1074.25
1767275226.3211455,15,105.34375,1080.75
1767275226.3211455,15,106.53125,1087.0
1767275226.3211455,15,107.734375,1093.75
1767275226.3211455,15,108.828125,1101.25
1767275226.3211455,15,110.09375,1109.25
1767275226.3211455,15,111.21875,1117.0
1767275226.3211455,15,112.453125,1127.0
1767275226.3211455,15,113.609375,1137.0
1767275226.3211455,15,114.859375,1146.75
1767275226.3211455,15,116.046875,1159.25
1767275226.3211455,15,117.234375,1171.5
1767275226.3211455,15,118.421875,1181.5
1767275226.3211455,15,119.640625,1194.25
1767275226.3211455,15,120.8125,1209.25
1767275226.3211455,15,122.0,1224.5
1767275226.3211455,15,123.15625,1240.75
1767275226.3211455,15,124.40625,1257.0
1767275226.3211455,15,125.578125,1274.25
1767275226.3211455,15,129.234375,1248.5
1767275226.3211455,15,130.390625,1218.25
1767275226.3211455,15,131.734375,1191.0
1767275226.3211455,15,132.953125,1163.75
1767275226.3211455,15,134.21875,1138.0
1767275226.3211455,15,135.46875,1117.25
1767275226.3211455,15,136.671875,1096.25
1767275226.3211455,15,137.828125,1077.0
1767275226.3211455,15,139.0625,1058.25
1767275226.3211455,15,140.375,1038.75
1767275226.3211455,15,141.546875,1021.5
1767275226.3211455,15,142.765625,1006.25
1767275226.3211455,15,144.0,991.75
1767275226.3211455,15,145.234375,977.5
1767275226.3211455,15,146.546875,965.75
1767275226.3211455,15,147.65625,955.25
1767275226.3211455,15,148.90625,942.75
1767275226.3211455,15,150.203125,930.5
1767275226.3211455,15,151.421875,920.5
1767275226.3211455,15,152.640625,911.5
1767275226.3211455,15,153.859375,903.0
1767275226.3211455,15,154.984375,895.25
1767275226.3211455,15,156.265625,888.5
1767275226.3211455,15,157.546875,881.0
1767275226.3211455,15,158.796875,874.0
1767275226.3211455,15,160.03125,869.0
1767275226.3211455,15,161.25,863.5
1767275226.3211455,15,162.375,857.5
1767275226.3211455,15,163.625,852.0
1767275226.3211455,15,164.8125,847.25
1767275226.3211455,15,166.09375,843.5
1767275226.3211455,15,167.234375,839.75
1767275226.3211455,15,168.4375,835.75
1767275226.3211455,15,169.671875,831.75
1767275226.3211455,15,170.859375,828.25
1767275226.3211455,15,172.0625,825.75
1767275226.3211455,15,173.375,824.5
1767275226.3211455,15,174.578125,823.25
1767275226.3211455,15,175.71875,822.75
1767275226.3211455,15,176.90625,822.75
1767275226.3211455,15,178.1875,822.25
1767275226.3211455,15,179.40625,823.0
1767275226.3211455,15,180.578125,824.0
1767275226.3211455,15,181.890625,824.25
1767275226.3211455,15,183.03125,825.25
1767275226.3211455,15,184.328125,826.75
1767275226.3211455,15,185.375,830.0
1767275226.3211455,15,186.703125,833.25
1767275226.3211455,15,187.890625,835.75
1767275226.3211455,15,189.125,839.25
1767275226.3211455,15,190.328125,843.0
1767275226.3211455,15,191.484375,846.25
1767275226.3211455,15,192.625,850.5
1767275226.3211455,15,193.84375,856.25
1767275226.3211455,15,195.09375,861.75
1767275226.3211455,15,196.3125,867.0
1767275226.3211455,15,197.4375,872.25
1767275226.3211455,15,198.671875,877.5
1767275226.3211455,15,199.875,884.5
1767275226.3211455,15,201.015625,892.0
1767275226.3211455,15,202.25,899.5
1767275226.3211455,15,203.484375,907.0
1767275226.3211455,15,204.6875,915.0
1767275226.3211455,15,205.78125,924.5
1767275226.3211455,15,207.0,935.5
1767275226.3211455,15,208.234375,946.25
1767275226.3211455,15,209.421875,957.5
1767275226.3211455,15,210.5625,969.0
1767275226.3211455,15,211.75,980.75
1767275226.3211455,15,213.03125,992.75
1767275226.3211455,15,214.234375,1006.5
1767275226.3211455,15,215.34375,1022.75
1767275226.3211455,15,216.515625,1038.25
1767275226.3211455,15,217.71875,1053.5
1767275226.3211455,15,218.890625,1072.0
1767275226.3211455,15,220.15625,1092.0
1767275226.3211455,15,221.28125,1110.75
1767275226.3211455,15,222.53125,1130.75
1767275226.3211455,15,223.671875,1155.25
1767275226.3211455,15,224.84375,1177.5
1767275226.3211455,15,226.046875,1200.25
1767275226.3211455,15,227.328125,1229.25
1767275226.3211455,15,228.5,1261.0
1767275226.3211455,15,229.734375,1292.75
1767275226.3211455,15,230.859375,1327.25
1767275226.3211455,15,232.046875,1365.75
1767275226.3211455,15,233.25,1403.75
1767275226.3211455,15,234.4375,1430.0
1767275226.3211455,15,235.703125,1429.0
1767275226.3211455,15,236.953125,1410.5
1767275226.3211455,15,238.140625,1392.25
1767275226.3211455,15,239.359375,1373.5
1767275226.3211455,15,240.609375,1353.5
1767275226.3211455,15,241.828125,1337.75
1767275226.3211455,15,243.0625,1325.0
1767275226.3211455,15,244.328125,1312.0
1767275226.3211455,15,245.484375,1299.75
1767275226.3211455,15,246.734375,1289.25
1767275226.3211455,15,247.984375,1278.75
1767275226.3211455,15,249.15625,1268.75
1767275226.3211455,15,250.375,1260.0
1767275226.3211455,15,251.59375,1253.0
1767275226.3211455,15,252.84375,1245.0
1767275226.3211455,15,254.09375,1235.25
1767275226.3211455,15,255.21875,1228.75
1767275226.3211455,15,256.5,1225.0
1767275226.3211455,15,257.65625,1219.5
1767275226.3211455,15,258.90625,1213.75
1767275226.3211455,15,260.171875,1209.25
1767275226.3211455,15,261.359375,1206.0
1767275226.3211455,15,262.53125,1203.5
1767275226.3211455,15,263.828125,1200.75
1767275226.3211455,15,265.015625,1198.5
1767275226.3211455,15,266.171875,1197.75
1767275226.3211455,15,267.46875,1197.5
1767275226.3211455,15,268.6875,1196.5
1767275226.3211455,15,269.890625,1195.5
1767275226.3211455,15,271.078125,1197.5
1767275226.3211455,15,272.296875,1200.5
1767275226.3211455,15,273.515625,1201.0
1767275226.3211455,15,274.703125,1202.5
1767275226.3211455,15,275.78125,1205.75
1767275226.3211455,15,276.953125,1209.0
1767275226.3211455,15,278.1875,1212.75
1767275226.3211455,15,279.421875,1217.5
1767275226.3211455,15,280.609375,1221.75
1767275226.3211455,15,281.8125,1225.25
1767275226.3211455,15,282.984375,1230.25
1767275226.3211455,15,284.171875,1237.25
1767275226.3211455,15,285.359375,1246.75
1767275226.3211455,15,286.578125,1255.5
1767275226.3211455,15,287.796875,1264.25
1767275226.3211455,15,288.984375,1273.0
1767275226.3211455,15,290.203125,1283.25
1767275226.3211455,15,291.34375,1295.5
1767275226.3211455,15,292.546875,1308.5
1767275226.3211455,15,293.796875,1320.75
1767275226.3211455,15,295.015625,1332.0
1767275226.3211455,15,296.140625,1345.5
1767275226.3211455,15,297.390625,1360.5
1767275226.3211455,15,298.546875,1378.5
1767275226.3211455,15,299.78125,1399.25
1767275226.3211455,15,302.203125,1375.0
1767275226.3211455,15,304.671875,1330.0
1767275226.3211455,15,305.96875,1291.5
1767275226.3211455,15,307.171875,1256.0
1767275226.3211455,15,310.90625,1116.0
1767275226.3211455,15,312.15625,1091.0
1767275226.3211455,15,313.40625,1066.5
1767275226.3211455,15,314.71875,1044.75
1767275226.3211455,15,315.859375,1024.5
1767275226.3211455,15,317.15625,1004.25
1767275226.3211455,15,318.375,986.5
1767275226.3211455,15,319.546875,970.0
1767275226.3211455,15,320.875,954.25
1767275226.3211455,15,322.125,938.75
1767275226.3211455,15,323.34375,924.0
1767275226.3211455,15,324.59375,910.0
1767275226.3211455,15,325.78125,897.75
1767275226.3211455,15,327.125,887.0
1767275226.3211455,15,328.296875,876.0
1767275226.3211455,15,329.578125,865.75
1767275226.3211455,15,330.796875,855.5
1767275226.3211455,15,332.0625,845.0
1767275226.3211455,15,333.3125,834.25
1767275226.3211455,15,334.5,825.5
1767275226.3211455,15,335.671875,818.5
1767275226.3211455,15,336.875,810.0
1767275226.3211455,15,338.15625,801.75
1767275226.3211455,15,339.46875,796.25
1767275226.3211455,15,340.6875,791.0
1767275226.3211455,15,341.90625,785.25
1767275226.3211455,15,343.140625,779.5
1767275226.3211455,15,344.234375,775.75
1767275226.3211455,15,345.578125,771.75
1767275226.3211455,15,346.71875,767.5
1767275226.3211455,15,347.921875,764.25
1767275226.3211455,15,349.09375,761.0
1767275226.3211455,15,350.390625,757.75
1767275226.3211455,15,351.640625,755.75
1767275226.471687,15,352.8125,753.25
1767275226.471687,15,353.96875,751.5
1767275226.471687,15,355.203125,751.0
1767275226.471687,15,356.484375,749.5
1767275226.471687,15,358.75,774.0
1767275226.471687,15,359.890625,774.0
1767275226.471687,15,1.125,784.0
1767275226.471687,15,2.359375,794.0
1767275226.471687,15,3.625,795.25
1767275226.471687,15,4.6875,796.75
1767275226.471687,15,6.0,798.25
1767275226.471687,15,7.203125,800.25
1767275226.471687,15,8.453125,802.75
1767275226.471687,15,9.578125,806.75
1767275226.471687,15,10.859375,811.25
1767275226.471687,15,11.984375,815.25
1767275226.471687,15,13.109375,819.5
1767275226.471687,15,14.28125,824.5
1767275226.471687,15,15.53125,829.75
1767275226.471687,15,16.796875,835.5
1767275226.471687,15,18.03125,842.25
1767275226.471687,15,19.15625,849.0
1767275226.471687,15,20.359375,856.25
1767275226.471687,15,21.515625,865.0
1767275226.471687,15,22.75,872.75
1767275226.471687,15,23.9375,880.25
1767275226.471687,15,25.15625,888.75
1767275226.471687,15,26.25,897.5
1767275226.471687,15,27.4375,906.75
1767275226.471687,15,28.671875,916.75
1767275226.471687,15,29.859375,927.5
1767275226.471687,15,31.109375,940.25
1767275226.471687,15,32.265625,952.25
1767275226.471687,15,33.4375,963.75
1767275226.471687,15,34.671875,977.5
1767275226.471687,15,35.984375,992.0
1767275226.471687,15,37.125,1006.5
1767275226.471687,15,38.328125,1023.5
1767275226.471687,15,39.5,1041.75
1767275226.471687,15,40.765625,1060.0
1767275226.471687,15,41.953125,1079.25
1767275226.471687,15,43.046875,1098.5
1767275226.471687,15,44.265625,1120.0
1767275226.471687,15,45.5,1144.5
1767275226.471687,15,46.640625,1169.0
1767275226.471687,15,47.890625,1195.0
1767275226.471687,15,48.984375,1222.75
1767275226.471687,15,50.21875,1251.25
1767275226.471687,15,51.421875,1270.0
1767275226.471687,15,52.625,1265.5
1767275226.471687,15,53.921875,1247.0
1767275226.471687,15,55.140625,1229.5
1767275226.471687,15,56.328125,1215.25
1767275226.471687,15,57.546875,1201.5
1767275226.471687,15,58.859375,1186.75
1767275226.471687,15,60.03125,1173.25
1767275226.471687,15,61.28125,1162.25
1767275226.471687,15,62.4375,1149.75
1767275226.471687,15,63.734375,1136.25
1767275226.471687,15,64.9375,1125.5
1767275226.471687,15,66.109375,1116.75
1767275226.471687,15,67.390625,1107.75
1767275226.471687,15,68.546875,1098.75
1767275226.471687,15,69.859375,1090.5
1767275226.471687,15,71.078125,1083.75
1767275226.471687,15,72.3125,1078.25
1767275226.471687,15,73.46875,1072.0
1767275226.471687,15,74.6875,1066.0
1767275226.471687,15,75.9375,1060.5
1767275226.471687,15,77.09375,1054.75
1767275226.471687,15,78.359375,1050.0
1767275226.471687,15,79.59375,1046.5
1767275226.471687,15,80.8125,1044.0
1767275226.471687,15,82.0,1042.0
1767275226.471687,15,83.25,1040.25
1767275226.471687,15,84.328125,1038.5
1767275226.471687,15,85.53125,1037.75
1767275226.471687,15,86.765625,1037.5
1767275226.471687,15,87.921875,1036.0
1767275226.471687,15,89.21875,1035.75
1767275226.471687,15,90.359375,1036.25
1767275226.471687,15,91.578125,1038.0
1767275226.471687,15,92.765625,1040.25
1767275226.471687,15,94.0,1041.75
1767275226.471687,15,95.265625,1043.5
1767275226.471687,15,96.421875,1046.5
1767275226.471687,15,97.578125,1049.0
1767275226.471687,15,98.84375,1053.5
1767275226.471687,15,100.0,1058.75
1767275226.471687,15,101.171875,1062.5
1767275226.471687,15,102.421875,1067.25
1767275226.471687,15,103.640625,1073.25
1767275226.471687,15,104.859375,1079.25
1767275226.471687,15,106.0,1085.0
1767275226.471687,15,107.21875,1092.25
1767275226.471687,15,108.4375,1099.5
1767275226.471687,15,109.59375,1107.0
1767275226.471687,15,110.8125,1114.25
1767275226.471687,15,111.984375,1122.25
1767275226.471687,15,113.171875,1132.5
1767275226.471687,15,114.421875,1142.25
1767275226.471687,15,115.5625,1154.75
1767275226.471687,15,116.78125,1167.75
1767275226.471687,15,117.984375,1177.5
1767275226.471687,15,119.203125,1190.5
1767275226.471687,15,120.359375,1205.5
1767275226.471687,15,121.53125,1218.5
1767275226.471687,15,122.8125,1234.0
1767275226.471687,15,123.984375,1251.5
1767275226.471687,15,125.171875,1268.25
1767275226.471687,15,128.765625,1258.75
1767275226.471687,15,130.015625,1228.75
1767275226.471687,15,131.265625,1198.5
1767275226.471687,15,132.53125,1173.25
1767275226.471687,15,133.765625,1150.25
1767275226.471687,15,135.0,1124.75
1767275226.471687,15,136.21875,1102.25
1767275226.471687,15,137.5,1082.75
1767275226.471687,15,138.765625,1065.0
1767275226.471687,15,139.921875,1046.0
1767275226.471687,15,141.140625,1028.5
1767275226.471687,15,142.46875,1012.25
1767275226.471687,15,143.640625,997.0
1767275226.471687,15,144.859375,982.75
1767275226.471687,15,146.0625,969.0
1767275226.471687,15,147.390625,957.25
1767275226.471687,15,148.53125,945.25
1767275226.471687,15,149.828125,932.75
1767275226.471687,15,151.0625,923.5
1767275226.471687,15,152.234375,915.75
1767275226.471687,15,153.5,905.75
1767275226.471687,15,154.65625,897.0
1767275226.471687,15,155.921875,890.25
1767275226.471687,15,157.078125,883.75
1767275226.471687,15,158.359375,876.75
1767275226.471687,15,159.578125,870.5
1767275226.471687,15,160.859375,865.0
1767275226.471687,15,162.0625,859.25
1767275226.471687,15,163.25,854.0
1767275226.471687,15,164.421875,849.5
1767275226.471687,15,165.65625,845.0
1767275226.471687,15,166.875,840.5
1767275226.471687,15,168.1875,836.75
1767275226.471687,15,169.375,833.0
1767275226.471687,15,170.578125,829.5
1767275226.471687,15,171.828125,826.75
1767275226.471687,15,172.984375,824.75
1767275226.471687,15,174.25,823.75
1767275226.471687,15,175.453125,823.25
1767275226.471687,15,176.640625,822.75
1767275226.471687,15,177.78125,823.0
1767275226.471687,15,179.09375,823.25
1767275226.471687,15,180.25,823.5
1767275226.471687,15,181.546875,824.75
1767275226.471687,15,182.609375,825.5
1767275226.471687,15,183.8125,827.0
1767275226.471687,15,185.125,829.0
1767275226.471687,15,186.34375,831.75
1767275226.471687,15,187.46875,834.75
1767275226.471687,15,188.640625,838.5
1767275226.471687,15,189.90625,842.0
1767275226.471687,15,191.171875,845.25
1767275226.471687,15,192.234375,850.5
1767275226.471687,15,193.5,856.0
1767275226.471687,15,194.65625,860.0
1767275226.471687,15,195.9375,865.25
1767275226.471687,15,197.09375,871.5
1767275226.471687,15,198.25,876.25
1767275226.471687,15,199.546875,882.5
1767275226.471687,15,200.734375,890.75
1767275226.471687,15,201.875,897.75
1767275226.471687,15,203.09375,905.0
1767275226.471687,15,204.34375,913.0
1767275226.471687,15,205.515625,922.0
1767275226.471687,15,206.734375,932.0
1767275226.471687,15,207.859375,942.25
1767275226.471687,15,209.046875,953.25
1767275226.471687,15,210.28125,965.0
1767275226.471687,15,211.40625,977.75
1767275226.471687,15,212.625,990.0
1767275226.471687,15,213.796875,1003.25
1767275226.471687,15,215.015625,1018.25
1767275226.471687,15,216.21875,1032.5
1767275226.471687,15,217.359375,1048.75
1767275226.471687,15,218.609375,1067.5
1767275226.471687,15,219.75,1085.75
1767275226.471687,15,221.03125,1104.0
1767275226.471687,15,222.125,1124.75
1767275226.471687,15,223.328125,1147.25
1767275226.471687,15,224.5625,1171.0
1767275226.471687,15,225.703125,1195.0
1767275226.471687,15,226.875,1220.75
1767275226.471687,15,228.078125,1250.0
1767275226.471687,15,229.25,1280.5
1767275226.471687,15,230.5,1313.25
1767275226.471687,15,231.6875,1350.25
1767275226.471687,15,232.796875,1389.75
1767275226.471687,15,236.4375,1419.5
1767275226.471687,15,237.65625,1400.0
1767275226.471687,15,238.9375,1379.5
1767275226.471687,15,240.125,1361.25
1767275226.471687,15,241.390625,1344.25
1767275226.471687,15,242.59375,1329.25
1767275226.471687,15,243.78125,1318.25
1767275226.471687,15,245.03125,1305.5
1767275226.471687,15,246.234375,1292.75
1767275226.471687,15,247.484375,1282.5
1767275226.471687,15,248.65625,1272.0
1767275226.471687,15,249.9375,1263.75
1767275226.471687,15,251.109375,1254.5
1767275226.471687,15,252.296875,1246.25
1767275226.471687,15,253.5625,1238.5
1767275226.471687,15,254.78125,1231.0
1767275226.471687,15,255.96875,1226.0
1767275226.471687,15,257.171875,1221.25
1767275226.471687,15,258.390625,1216.0
1767275226.471687,15,259.65625,1211.5
1767275226.471687,15,260.828125,1208.0
1767275226.471687,15,262.046875,1204.75
1767275226.471687,15,263.265625,1201.75
1767275226.471687,15,264.5,1199.5
1767275226.471687,15,265.703125,1197.75
1767275226.471687,15,266.859375,1196.5
1767275226.471687,15,268.109375,1195.25
1767275226.471687,15,269.34375,1195.0
1767275226.471687,15,270.515625,1194.75
1767275226.471687,15,271.75,1196.75
1767275226.471687,15,272.96875,1199.75
1767275226.471687,15,274.140625,1202.0
1767275226.471687,15,275.3125,1204.5
1767275226.471687,15,276.53125,1207.75
1767275226.471687,15,277.6875,1211.75
1767275226.471687,15,278.953125,1216.0
1767275226.471687,15,280.125,1220.25
1767275226.471687,15,281.3125,1225.0
1767275226.471687,15,282.515625,1230.25
1767275226.471687,15,283.703125,1236.25
1767275226.471687,15,284.875,1243.25
1767275226.471687,15,286.0625,1251.5
1767275226.471687,15,287.296875,1260.5
1767275226.471687,15,288.484375,1268.75
1767275226.471687,15,289.671875,1278.5
1767275226.471687,15,290.9375,1289.25
1767275226.471687,15,292.140625,1301.75
1767275226.471687,15,293.328125,1315.25
1767275226.471687,15,294.53125,1328.25
1767275226.471687,15,295.671875,1341.5
1767275226.471687,15,296.890625,1355.75
1767275226.471687,15,298.03125,1371.75
1767275226.471687,15,299.296875,1389.25
1767275226.471687,15,300.484375,1407.25
1767275226.471687,15,301.71875,1415.25
1767275226.471687,15,305.40625,1304.5
1767275226.471687,15,306.65625,1269.0
1767275226.471687,15,310.484375,1126.0
1767275226.471687,15,311.71875,1101.5
1767275226.471687,15,312.953125,1078.25
1767275226.471687,15,314.140625,1053.75
1767275226.471687,15,315.40625,1031.5
1767275226.471687,15,316.640625,1011.75
1767275226.471687,15,317.890625,993.25
1767275226.471687,15,319.109375,976.75
1767275226.471687,15,320.34375,961.5
1767275226.471687,15,321.515625,946.5
1767275226.471687,15,322.765625,930.75
1767275226.471687,15,324.046875,916.75
1767275226.471687,15,325.25,904.5
1767275226.471687,15,326.4375,891.75
1767275226.471687,15,327.640625,880.5
1767275226.471687,15,328.96875,870.5
1767275226.471687,15,330.1875,859.75
1767275226.471687,15,331.390625,849.25
1767275226.471687,15,332.671875,840.25
1767275226.471687,15,333.796875,830.5
1767275226.471687,15,335.078125,822.0
1767275226.471687,15,336.265625,814.0
1767275226.471687,15,337.484375,806.0
1767275226.471687,15,338.828125,799.0
1767275226.471687,15,339.96875,793.25
1767275226.471687,15,341.171875,788.5
1767275226.471687,15,342.359375,783.5
1767275226.471687,15,343.671875,778.5
1767275226.471687,15,344.828125,773.25
1767275226.471687,15,346.015625,768.75
1767275226.471687,15,347.25,765.75
1767275226.471687,15,348.5,762.75
1767275226.471687,15,349.671875,759.75
1767275226.471687,15,350.953125,756.5
1767275226.471687,15,352.21875,754.5
1767275226.6255429,15,353.375,752.25
1767275226.6255429,15,354.5,750.0
1767275226.6255429,15,355.828125,749.25
1767275226.6255429,15,357.0625,748.5
1767275226.6255429,15,359.25,773.75
1767275226.6255429,15,0.515625,764.75
1767275226.6255429,15,2.875,793.25
1767275226.6255429,15,4.0625,795.5
1767275226.6255429,15,5.25,797.5
1767275226.6255429,15,6.59375,799.0
1767275226.6255429,15,7.671875,802.0
1767275226.6255429,15,8.96875,805.0
1767275226.6255429,15,10.109375,808.5
1767275226.6255429,15,11.265625,812.75
1767275226.6255429,15,12.515625,817.25
1767275226.6255429,15,13.734375,822.25
1767275226.6255429,15,14.921875,826.75
1767275226.6255429,15,16.078125,831.75
1767275226.6255429,15,17.375,838.75
1767275226.6255429,15,18.578125,846.5
1767275226.6255429,15,19.65625,854.5
1767275226.6255429,15,20.96875,861.25
1767275226.6255429,15,22.125,868.25
1767275226.6255429,15,23.265625,875.75
1767275226.6255429,15,24.46875,883.25
1767275226.6255429,15,25.703125,892.75
1767275226.6255429,15,26.921875,902.75
1767275226.6255429,15,28.046875,911.0
1767275226.6255429,15,29.21875,920.75
1767275226.6255429,15,30.5,933.25
1767275226.6255429,15,31.640625,945.0
1767275226.6255429,15,32.8125,957.5
1767275226.6255429,15,34.0,971.0
1767275226.6255429,15,35.234375,985.0
1767275226.6255429,15,36.515625,998.5
1767275226.6255429,15,37.765625,1014.5
1767275226.6255429,15,38.890625,1032.5
1767275226.6255429,15,40.09375,1050.0
1767275226.6255429,15,41.359375,1068.5
1767275226.6255429,15,42.484375,1089.75
1767275226.6255429,15,43.640625,1109.75
1767275226.6255429,15,44.921875,1130.5
1767275226.6255429,15,46.0625,1155.25
1767275226.6255429,15,47.25,1180.25
1767275226.6255429,15,48.4375,1206.5
1767275226.6255429,15,49.5625,1235.75
1767275226.6255429,15,53.296875,1256.75
1767275226.6255429,15,54.5,1239.5
1767275226.6255429,15,55.75,1224.25
1767275226.6255429,15,56.984375,1210.0
1767275226.6255429,15,58.21875,1193.25
1767275226.6255429,15,59.296875,1179.0
1767275226.6255429,15,60.5625,1169.25
1767275226.6255429,15,61.734375,1156.75
1767275226.6255429,15,62.984375,1143.75
1767275226.6255429,15,64.265625,1132.5
1767275226.6255429,15,65.484375,1122.25
1767275226.6255429,15,66.71875,1112.75
1767275226.6255429,15,67.890625,1104.25
1767275226.6255429,15,69.078125,1095.5
1767275226.6255429,15,70.359375,1088.0
1767275226.6255429,15,71.546875,1082.0
1767275226.6255429,15,72.765625,1076.0
1767275226.6255429,15,74.03125,1070.75
1767275226.6255429,15,75.234375,1064.75
1767275226.6255429,15,76.453125,1058.75
1767275226.6255429,15,77.59375,1053.5
1767275226.6255429,15,78.890625,1049.25
1767275226.6255429,15,80.015625,1046.0
1767275226.6255429,15,81.28125,1043.25
1767275226.6255429,15,82.515625,1041.75
1767275226.6255429,15,83.640625,1038.5
1767275226.6255429,15,84.890625,1036.5
1767275226.6255429,15,86.09375,1035.75
1767275226.6255429,15,87.234375,1036.0
1767275226.6255429,15,88.46875,1036.0
1767275226.6255429,15,89.625,1036.0
1767275226.6255429,15,90.921875,1037.0
1767275226.6255429,15,92.09375,1038.0
1767275226.6255429,15,93.234375,1040.25
1767275226.6255429,15,94.546875,1042.5
1767275226.6255429,15,95.75,1044.5
1767275226.6255429,15,96.875,1047.5
1767275226.6255429,15,98.140625,1050.75
1767275226.6255429,15,99.328125,1055.0
1767275226.6255429,15,100.546875,1060.25
1767275226.6255429,15,101.671875,1064.5
1767275226.6255429,15,102.9375,1069.0
1767275226.6255429,15,104.140625,1074.5
1767275226.6255429,15,105.3125,1080.5
1767275226.6255429,15,106.53125,1087.0
1767275226.6255429,15,107.671875,1093.75
1767275226.6255429,15,108.875,1101.25
1767275226.6255429,15,110.109375,1109.25
1767275226.6255429,15,111.34375,1116.75
1767275226.6255429,15,112.46875,1126.75
1767275226.6255429,15,113.6875,1137.75
1767275226.6255429,15,114.953125,1147.75
1767275226.6255429,15,116.109375,1159.5
1767275226.6255429,15,117.25,1171.5
1767275226.6255429,15,118.46875,1182.25
1767275226.6255429,15,119.734375,1194.75
1767275226.6255429,15,120.859375,1210.25
1767275226.6255429,15,122.0625,1225.75
1767275226.6255429,15,123.265625,1241.25
1767275226.6255429,15,124.46875,1257.25
1767275226.6255429,15,125.671875,1275.0
1767275226.6255429,15,129.328125,1246.75
1767275226.6255429,15,130.59375,1216.25
1767275226.6255429,15,131.734375,1190.5
1767275226.6255429,15,133.015625,1163.5
1767275226.6255429,15,134.28125,1137.25
1767275226.6255429,15,135.5,1116.5
1767275226.6255429,15,136.734375,1096.25
1767275226.6255429,15,137.90625,1075.5
1767275226.6255429,15,139.171875,1056.0
1767275226.6255429,15,140.40625,1037.75
1767275226.6255429,15,141.578125,1021.5
1767275226.6255429,15,142.8125,1005.75
1767275226.6255429,15,144.078125,991.25
1767275226.6255429,15,145.375,977.5
1767275226.6255429,15,146.515625,964.25
1767275226.6255429,15,147.71875,954.0
1767275226.6255429,15,149.0,942.75
1767275226.6255429,15,150.21875,930.5
1767275226.6255429,15,151.421875,920.0
1767275226.6255429,15,152.609375,911.0
1767275226.6255429,15,153.8125,902.75
1767275226.6255429,15,155.078125,895.0
1767275226.6255429,15,156.3125,887.5
1767275226.6255429,15,157.53125,880.25
1767275226.6255429,15,158.859375,874.0
1767275226.6255429,15,159.96875,868.75
1767275226.6255429,15,161.25,863.25
1767275226.6255429,15,162.4375,857.5
1767275226.6255429,15,163.625,852.0
1767275226.6255429,15,164.859375,847.25
1767275226.6255429,15,166.140625,843.5
1767275226.6255429,15,167.25,839.75
1767275226.6255429,15,168.5,835.75
1767275226.6255429,15,169.703125,831.75
1767275226.6255429,15,170.953125,828.25
1767275226.6255429,15,172.171875,826.0
1767275226.6255429,15,173.375,824.5
1767275226.6255429,15,174.640625,823.25
1767275226.6255429,15,175.765625,822.75
1767275226.6255429,15,177.046875,822.75
1767275226.6255429,15,178.234375,822.25
1767275226.6255429,15,179.34375,823.0
1767275226.6255429,15,180.65625,824.0
1767275226.6255429,15,181.96875,824.5
1767275226.6255429,15,183.078125,825.25
1767275226.6255429,15,184.234375,826.75
1767275226.6255429,15,185.578125,830.0
1767275226.6255429,15,186.671875,833.25
1767275226.6255429,15,187.953125,835.75
1767275226.6255429,15,189.171875,839.25
1767275226.6255429,15,190.34375,843.5
1767275226.6255429,15,191.5625,847.5
1767275226.6255429,15,192.671875,851.5
1767275226.6255429,15,193.859375,856.0
1767275226.6255429,15,195.09375,861.5
1767275226.6255429,15,196.359375,867.0
1767275226.6255429,15,197.5,872.5
1767275226.6255429,15,198.734375,878.5
1767275226.6255429,15,199.890625,885.75
1767275226.6255429,15,201.140625,892.75
1767275226.6255429,15,202.359375,899.75
1767275226.6255429,15,203.65625,907.75
1767275226.6255429,15,204.796875,916.5
1767275226.6255429,15,205.953125,926.75
1767275226.6255429,15,207.1875,937.5
1767275226.6255429,15,208.34375,948.5
1767275226.6255429,15,209.546875,959.5
1767275226.6255429,15,210.828125,970.75
1767275226.6255429,15,211.953125,983.0
1767275226.6255429,15,213.1875,994.75
1767275226.6255429,15,214.34375,1007.75
1767275226.6255429,15,215.59375,1025.5
1767275226.6255429,15,216.734375,1042.0
1767275226.6255429,15,217.984375,1058.0
1767275226.6255429,15,219.1875,1075.5
1767275226.6255429,15,220.34375,1094.25
1767275226.6255429,15,221.546875,1114.75
1767275226.6255429,15,222.703125,1134.5
1767275226.6255429,15,223.890625,1158.25
1767275226.6255429,15,225.109375,1182.0
1767275226.6255429,15,226.34375,1206.0
1767275226.6255429,15,227.453125,1232.75
1767275226.6255429,15,228.640625,1262.5
1767275226.6255429,15,229.8125,1297.0
1767275226.6255429,15,231.03125,1330.75
1767275226.6255429,15,232.140625,1366.25
1767275226.6255429,15,233.40625,1405.0
1767275226.6255429,15,234.59375,1430.5
1767275226.6255429,15,235.78125,1428.0
1767275226.6255429,15,237.0625,1410.0
1767275226.6255429,15,238.296875,1389.75
1767275226.6255429,15,239.484375,1370.25
1767275226.6255429,15,240.703125,1352.25
1767275226.6255429,15,241.953125,1337.0
1767275226.6255429,15,243.125,1325.0
1767275226.6255429,15,244.34375,1312.5
1767275226.6255429,15,245.59375,1300.25
1767275226.6255429,15,246.859375,1289.5
1767275226.6255429,15,248.046875,1278.5
1767275226.6255429,15,249.25,1268.5
1767275226.6255429,15,250.5,1260.25
1767275226.6255429,15,251.609375,1253.0
1767275226.6255429,15,252.875,1244.75
1767275226.6255429,15,254.0625,1235.0
1767275226.6255429,15,255.234375,1228.5
1767275226.6255429,15,256.4375,1225.0
1767275226.6255429,15,257.671875,1219.25
1767275226.6255429,15,258.921875,1213.75
1767275226.6255429,15,260.140625,1209.5
1767275226.6255429,15,261.34375,1206.5
1767275226.6255429,15,262.53125,1203.5
1767275226.6255429,15,263.734375,1200.75
1767275226.6255429,15,264.921875,1199.0
1767275226.6255429,15,266.125,1198.25
1767275226.6255429,15,267.375,1197.5
1767275226.6255429,15,268.59375,1196.75
1767275226.6255429,15,269.84375,1195.75
1767275226.6255429,15,270.984375,1197.5
1767275226.6255429,15,272.265625,1200.5
1767275226.6255429,15,273.40625,1201.0
1767275226.6255429,15,274.640625,1202.5
1767275226.6255429,15,275.734375,1205.75
1767275226.6255429,15,276.96875,1209.0
1767275226.6255429,15,278.171875,1212.75
1767275226.6255429,15,279.375,1217.25
1767275226.6255429,15,280.546875,1221.25
1767275226.6255429,15,281.78125,1225.25
1767275226.6255429,15,282.953125,1230.25
1767275226.6255429,15,284.125,1237.0
1767275226.6255429,15,285.3125,1246.75
1767275226.6255429,15,286.609375,1255.75
1767275226.6255429,15,287.75,1263.75
1767275226.6255429,15,288.90625,1272.75
1767275226.6255429,15,290.1875,1283.5
1767275226.6255429,15,291.359375,1295.0
1767275226.6255429,15,292.5625,1308.0
1767275226.6255429,15,293.75,1321.0
1767275226.6255429,15,294.953125,1331.75
1767275226.6255429,15,296.09375,1345.5
1767275226.6255429,15,297.34375,1360.75
1767275226.6255429,15,298.453125,1378.75
1767275226.6255429,15,299.796875,1399.25
1767275226.6255429,15,302.21875,1374.0
1767275226.6255429,15,304.6875,1330.25
1767275226.6255429,15,305.9375,1291.5
1767275226.6255429,15,307.171875,1255.75
1767275226.6255429,15,310.9375,1115.0
1767275226.6255429,15,312.203125,1090.75
1767275226.6255429,15,313.5,1066.25
1767275226.6255429,15,314.734375,1044.75
1767275226.6255429,15,315.9375,1024.5
1767275226.6255429,15,317.203125,1004.25
1767275226.6255429,15,318.4375,985.75
1767275226.6255429,15,319.5625,969.0
1767275226.6255429,15,320.828125,954.25
1767275226.6255429,15,322.125,938.75
1767275226.6255429,15,323.359375,923.75
1767275226.6255429,15,324.546875,911.25
1767275226.6255429,15,325.765625,899.25
1767275226.6255429,15,327.0625,887.25
1767275226.6255429,15,328.234375,876.5
1767275226.6255429,15,329.4375,866.25
1767275226.6255429,15,330.734375,855.75
1767275226.6255429,15,331.90625,845.75
1767275226.6255429,15,333.140625,836.0
1767275226.6255429,15,334.421875,826.5
1767275226.6255429,15,335.65625,818.5
1767275226.6255429,15,336.765625,810.75
1767275226.6255429,15,338.0,803.0
1767275226.6255429,15,339.203125,796.75
1767275226.6255429,15,340.515625,791.75
1767275226.6255429,15,341.78125,786.5
1767275226.6255429,15,342.953125,780.75
1767275226.6255429,15,344.09375,776.25
1767275226.6255429,15,345.421875,772.0
1767275226.6255429,15,346.5625,767.75
1767275226.6255429,15,347.78125,764.25
1767275226.6255429,15,349.015625,761.25
1767275226.6255429,15,350.265625,758.5
1767275226.6255429,15,351.390625,756.25
1767275226.776243,15,352.71875,753.75
1767275226.776243,15,353.90625,751.75
1767275226.776243,15,355.03125,750.25
1767275226.776243,15,356.28125,749.0
1767275226.776243,15,357.53125,758.5
1767275226.776243,15,358.59375,771.0
1767275226.776243,15,359.84375,774.0
1767275226.776243,15,2.15625,803.0
1767275226.776243,15,3.390625,794.5
1767275226.776243,15,4.609375,796.25
1767275226.776243,15,5.75,797.75
1767275226.776243,15,7.046875,800.0
1767275226.776243,15,8.15625,803.25
1767275226.776243,15,9.375,807.0
1767275226.776243,15,10.609375,810.5
1767275226.776243,15,11.9375,815.0
1767275226.776243,15,13.046875,819.75
1767275226.776243,15,14.28125,824.25
1767275226.776243,15,15.46875,829.0
1767275226.776243,15,16.734375,834.75
1767275226.776243,15,17.828125,842.0
1767275226.776243,15,19.0,848.5
1767275226.776243,15,20.28125,855.5
1767275226.776243,15,21.390625,864.5
1767275226.776243,15,22.65625,872.5
1767275226.776243,15,23.8125,878.75
1767275226.776243,15,25.03125,887.0
1767275226.776243,15,26.171875,897.25
1767275226.776243,15,27.421875,905.75
1767275226.776243,15,28.65625,915.25
1767275226.776243,15,29.828125,926.5
1767275226.776243,15,31.03125,939.5
1767275226.776243,15,32.171875,951.5
1767275226.776243,15,33.390625,963.5
1767275226.776243,15,34.515625,977.25
1767275226.776243,15,35.890625,991.25
1767275226.776243,15,37.046875,1006.0
1767275226.776243,15,38.21875,1023.0
1767275226.776243,15,39.390625,1040.25
1767275226.776243,15,40.5625,1058.0
1767275226.776243,15,41.8125,1078.5
1767275226.776243,15,42.953125,1098.25
1767275226.776243,15,44.203125,1119.0
1767275226.776243,15,45.375,1142.0
1767275226.776243,15,46.5625,1167.0
1767275226.776243,15,47.765625,1192.25
1767275226.776243,15,48.953125,1218.25
1767275226.776243,15,50.09375,1247.0
1767275226.776243,15,51.28125,1268.5
1767275226.776243,15,52.515625,1268.5
1767275226.776243,15,53.796875,1251.5
1767275226.776243,15,55.0,1232.5
1767275226.776243,15,56.203125,1216.25
1767275226.776243,15,57.4375,1201.75
1767275226.776243,15,58.65625,1188.5
1767275226.776243,15,59.875,1175.75
1767275226.776243,15,61.0625,1163.0
1767275226.776243,15,62.28125,1150.5
1767275226.776243,15,63.484375,1138.25
1767275226.776243,15,64.765625,1127.0
1767275226.776243,15,65.9375,1117.25
1767275226.776243,15,67.140625,1109.0
1767275226.776243,15,68.453125,1100.0
1767275226.776243,15,69.671875,1091.5
1767275226.776243,15,70.875,1085.25
1767275226.776243,15,72.09375,1079.75
1767275226.776243,15,73.234375,1074.5
1767275226.776243,15,74.515625,1068.25
1767275226.776243,15,75.75,1061.5
1767275226.776243,15,76.90625,1057.5
1767275226.776243,15,78.1875,1052.5
1767275226.776243,15,79.421875,1047.75
1767275226.776243,15,80.546875,1045.0
1767275226.776243,15,81.765625,1042.5
1767275226.776243,15,82.953125,1039.25
1767275226.776243,15,84.171875,1037.0
1767275226.776243,15,85.34375,1036.5
1767275226.776243,15,86.515625,1036.5
1767275226.776243,15,87.734375,1037.5
1767275226.776243,15,88.96875,1037.0
1767275226.776243,15,90.171875,1036.75
1767275226.776243,15,91.390625,1038.25
1767275226.776243,15,92.5625,1039.75
1767275226.776243,15,93.84375,1041.25
1767275226.776243,15,94.984375,1043.0
1767275226.776243,15,96.171875,1045.25
1767275226.776243,15,97.46875,1047.75
1767275226.776243,15,98.65625,1052.5
1767275226.776243,15,99.8125,1058.0
1767275226.776243,15,101.0,1062.5
1767275226.776243,15,102.296875,1066.5
1767275226.776243,15,103.5,1070.75
1767275226.776243,15,104.625,1076.75
1767275226.776243,15,105.796875,1083.5
1767275226.776243,15,107.0,1090.75
1767275226.776243,15,108.234375,1098.0
1767275226.776243,15,109.515625,1104.75
1767275226.776243,15,110.703125,1112.75
1767275226.776243,15,111.84375,1121.25
1767275226.776243,15,113.09375,1131.25
1767275226.776243,15,114.234375,1142.25
1767275226.776243,15,115.453125,1153.0
1767275226.776243,15,116.609375,1164.75
1767275226.776243,15,117.828125,1176.5
1767275226.776243,15,118.984375,1190.25
1767275226.776243,15,120.25,1203.75
1767275226.776243,15,121.421875,1216.75
1767275226.776243,15,122.578125,1231.75
1767275226.776243,15,123.84375,1248.75
1767275226.776243,15,125.0,1266.0
1767275226.776243,15,126.1875,1282.75
1767275226.776243,15,127.4375,1285.75
1767275226.776243,15,128.625,1263.5
1767275226.776243,15,129.828125,1233.75
1767275226.776243,15,131.078125,1203.5
1767275226.776243,15,132.328125,1175.75
1767275226.776243,15,133.546875,1153.0
1767275226.776243,15,134.828125,1129.0
1767275226.776243,15,136.03125,1108.5
1767275226.776243,15,137.21875,1088.25
1767275226.776243,15,138.4375,1067.5
1767275226.776243,15,139.640625,1050.5
1767275226.776243,15,140.921875,1034.0
1767275226.776243,15,142.1875,1015.25
1767275226.776243,15,143.421875,998.25
1767275226.776243,15,144.65625,986.25
1767275226.776243,15,145.90625,972.5
1767275226.776243,15,147.078125,959.0
1767275226.776243,15,148.28125,949.25
1767275226.776243,15,149.5625,937.75
1767275226.776243,15,150.796875,926.5
1767275226.776243,15,151.921875,916.5
1767275226.776243,15,153.21875,907.25
1767275226.776243,15,154.34375,898.75
1767275226.776243,15,155.640625,891.0
1767275226.776243,15,156.875,884.0
1767275226.776243,15,158.140625,877.5
1767275226.776243,15,159.3125,871.75
1767275226.776243,15,160.59375,866.75
1767275226.776243,15,161.734375,861.25
1767275226.776243,15,162.953125,855.75
1767275226.776243,15,164.21875,850.25
1767275226.776243,15,165.46875,845.5
1767275226.776243,15,166.609375,841.25
1767275226.776243,15,167.890625,837.0
1767275226.776243,15,169.078125,833.25
1767275226.776243,15,170.28125,829.75
1767275226.776243,15,171.53125,827.5
1767275226.776243,15,172.75,826.0
1767275226.776243,15,173.828125,824.25
1767275226.776243,15,175.0625,823.25
1767275226.776243,15,176.375,822.5
1767275226.776243,15,177.46875,822.75
1767275226.776243,15,178.765625,823.25
1767275226.776243,15,179.953125,823.5
1767275226.776243,15,181.15625,824.5
1767275226.776243,15,182.421875,825.25
1767275226.776243,15,183.578125,826.25
1767275226.776243,15,184.859375,828.25
1767275226.776243,15,186.0625,830.75
1767275226.776243,15,187.34375,833.5
1767275226.776243,15,188.453125,837.5
1767275226.776243,15,189.75,841.25
1767275226.776243,15,190.875,845.25
1767275226.776243,15,192.140625,850.25
1767275226.776243,15,193.296875,854.25
1767275226.776243,15,194.4375,858.5
1767275226.776243,15,195.65625,864.0
1767275226.776243,15,196.890625,870.0
1767275226.776243,15,198.03125,875.0
1767275226.776243,15,199.328125,881.25
1767275226.776243,15,200.5,888.75
1767275226.776243,15,201.703125,896.0
1767275226.776243,15,202.8125,904.5
1767275226.776243,15,204.109375,912.25
1767275226.776243,15,205.28125,920.5
1767275226.776243,15,206.5,931.0
1767275226.776243,15,207.734375,942.0
1767275226.776243,15,208.921875,952.25
1767275226.776243,15,210.109375,963.0
1767275226.776243,15,211.359375,975.75
1767275226.776243,15,212.546875,988.75
1767275226.776243,15,213.734375,1001.75
1767275226.776243,15,214.9375,1016.0
1767275226.776243,15,216.0625,1031.75
1767275226.776243,15,217.34375,1048.5
1767275226.776243,15,218.453125,1065.0
1767275226.776243,15,219.625,1082.75
1767275226.776243,15,220.84375,1103.25
1767275226.776243,15,222.09375,1124.5
1767275226.776243,15,223.265625,1145.75
1767275226.776243,15,224.40625,1167.5
1767275226.776243,15,225.65625,1192.5
1767275226.776243,15,226.828125,1220.0
1767275226.776243,15,227.984375,1246.5
1767275226.776243,15,229.203125,1275.25
1767275226.776243,15,230.375,1311.0
1767275226.776243,15,231.5,1347.75
1767275226.776243,15,232.6875,1383.75
1767275226.776243,15,233.953125,1404.0
1767275226.776243,15,235.140625,1416.75
1767275226.776243,15,236.328125,1420.5
1767275226.776243,15,237.625,1403.25
1767275226.776243,15,238.84375,1381.5
1767275226.776243,15,240.046875,1361.25
1767275226.776243,15,241.265625,1344.75
1767275226.776243,15,242.53125,1331.25
1767275226.776243,15,243.734375,1319.75
1767275226.776243,15,244.984375,1305.5
1767275226.776243,15,246.171875,1293.5
1767275226.776243,15,247.421875,1284.75
1767275226.776243,15,248.578125,1273.5
1767275226.776243,15,249.84375,1263.5
1767275226.776243,15,251.046875,1255.5
1767275226.776243,15,252.28125,1247.0
1767275226.776243,15,253.546875,1238.25
1767275226.776243,15,254.765625,1231.0
1767275226.776243,15,255.9375,1226.0
1767275226.776243,15,257.1875,1221.5
1767275226.776243,15,258.390625,1216.0
1767275226.776243,15,259.609375,1211.25
1767275226.776243,15,260.796875,1208.0
1767275226.776243,15,262.03125,1204.75
1767275226.776243,15,263.25,1201.75
1767275226.776243,15,264.5,1199.5
1767275226.776243,15,265.703125,1198.0
1767275226.776243,15,266.859375,1196.25
1767275226.776243,15,268.140625,1195.0
1767275226.776243,15,269.328125,1195.5
1767275226.776243,15,270.53125,1195.25
1767275226.776243,15,271.734375,1196.5
1767275226.776243,15,273.0,1199.5
1767275226.776243,15,274.125,1201.75
1767275226.776243,15,275.25,1204.75
1767275226.776243,15,276.546875,1207.75
1767275226.776243,15,277.6875,1211.75
1767275226.776243,15,278.875,1216.0
1767275226.776243,15,280.125,1220.0
1767275226.776243,15,281.359375,1224.75
1767275226.776243,15,282.53125,1230.0
1767275226.776243,15,283.734375,1236.25
1767275226.776243,15,284.890625,1243.5
1767275226.776243,15,286.078125,1251.5
1767275226.776243,15,287.296875,1260.25
1767275226.776243,15,288.5,1268.75
1767275226.776243,15,289.71875,1278.75
1767275226.776243,15,290.9375,1289.25
1767275226.776243,15,292.171875,1301.5
1767275226.776243,15,293.359375,1315.25
1767275226.776243,15,294.5,1328.25
1767275226.776243,15,295.703125,1341.5
1767275226.776243,15,296.921875,1356.25
1767275226.776243,15,298.140625,1372.0
1767275226.776243,15,299.328125,1389.5
1767275226.776243,15,300.5625,1407.5
1767275226.776243,15,301.75,1412.25
1767275226.776243,15,304.1875,1344.5
1767275226.776243,15,305.4375,1304.75
1767275226.776243,15,306.6875,1267.25
1767275226.776243,15,310.546875,1124.75
1767275226.776243,15,311.734375,1100.0
1767275226.776243,15,312.984375,1078.0
1767275226.776243,15,314.1875,1053.75
1767275226.776243,15,315.421875,1031.0
1767275226.776243,15,316.734375,1011.25
1767275226.776243,15,317.984375,993.25
1767275226.776243,15,319.203125,976.25
1767275226.776243,15,320.375,959.75
1767275226.776243,15,321.609375,945.25
1767275226.776243,15,322.859375,930.5
1767275226.776243,15,324.015625,916.0
1767275226.776243,15,325.296875,903.5
1767275226.776243,15,326.453125,891.5
1767275226.776243,15,327.796875,880.25
1767275226.776243,15,328.984375,870.25
1767275226.776243,15,330.28125,859.5
1767275226.776243,15,331.359375,849.5
1767275226.776243,15,332.625,839.75
1767275226.776243,15,333.875,829.75
1767275226.776243,15,335.078125,821.75
1767275226.776243,15,336.3125,814.0
1767275226.776243,15,337.515625,806.0
1767275226.776243,15,338.78125,799.0
1767275226.776243,15,340.046875,793.25
1767275226.776243,15,341.25,787.75
1767275226.776243,15,342.453125,782.75
1767275226.776243,15,343.71875,778.25
1767275226.776243,15,344.9375,773.5
1767275226.776243,15,346.0625,769.0
1767275226.776243,15,347.390625,765.5
1767275226.776243,15,348.625,762.5
1767275226.776243,15,349.90625,759.25
1767275226.776243,15,351.046875,756.0
1767275226.776243,15,352.265625,754.25
1767275226.929098,15,353.53125,752.5
1767275226.929098,15,354.75,750.25
1767275226.929098,15,355.953125,749.0
1767275226.929098,15,357.046875,748.75
1767275226.929098,15,359.5,774.5
1767275226.929098,15,0.671875,765.25
1767275226.929098,15,3.0625,794.75
1767275226.929098,15,4.265625,796.0
1767275226.929098,15,5.4375,797.5
1767275226.929098,15,6.703125,799.25
1767275226.929098,15,7.953125,802.0
1767275226.929098,15,9.03125,805.75
1767275226.929098,15,10.265625,809.75
1767275226.929098,15,11.484375,813.25
1767275226.929098,15,12.671875,817.5
1767275226.929098,15,13.96875,822.25
1767275226.929098,15,15.125,827.25
1767275226.929098,15,16.3125,832.5
1767275226.929098,15,17.484375,839.5
1767275226.929098,15,18.796875,847.25
1767275226.929098,15,19.890625,854.75
1767275226.929098,15,21.15625,861.5
1767275226.929098,15,22.296875,869.5
1767275226.929098,15,23.515625,878.0
1767275226.929098,15,24.765625,885.5
1767275226.929098,15,25.875,893.75
1767275226.929098,15,27.171875,903.5
1767275226.929098,15,28.25,913.75
1767275226.929098,15,29.453125,924.0
1767275226.929098,15,30.671875,935.0
1767275226.929098,15,31.828125,947.75
1767275226.929098,15,33.046875,960.25
1767275226.929098,15,34.203125,972.75
1767275226.929098,15,35.515625,986.25
1767275226.929098,15,36.6875,1000.25
1767275226.929098,15,37.875,1017.5
1767275226.929098,15,39.09375,1034.5
1767275226.929098,15,40.25,1051.25
1767275226.929098,15,41.5,1071.25
1767275226.929098,15,42.578125,1092.0
1767275226.929098,15,43.84375,1111.25
1767275226.929098,15,45.046875,1133.25
1767275226.929098,15,46.203125,1159.5
1767275226.929098,15,47.40625,1183.25
1767275226.929098,15,48.546875,1207.75
1767275226.929098,15,49.734375,1238.0
1767275226.929098,15,51.0,1272.25
1767275226.929098,15,52.1875,1277.0
1767275226.929098,15,53.40625,1256.0
1767275226.929098,15,54.609375,1238.0
1767275226.929098,15,55.84375,1221.0
1767275226.929098,15,57.109375,1207.0
1767275226.929098,15,58.359375,1191.5
1767275226.929098,15,59.453125,1177.25
1767275226.929098,15,60.765625,1167.25
1767275226.929098,15,62.015625,1155.25
1767275226.929098,15,63.140625,1141.25
1767275226.929098,15,64.453125,1130.25
1767275226.929098,15,65.640625,1120.5
1767275226.929098,15,66.890625,1111.0
1767275226.929098,15,68.046875,1101.75
1767275226.929098,15,69.328125,1093.5
1767275226.929098,15,70.46875,1086.75
1767275226.929098,15,71.734375,1081.0
1767275226.929098,15,72.953125,1074.75
1767275226.929098,15,74.171875,1068.0
1767275226.929098,15,75.40625,1062.75
1767275226.929098,15,76.640625,1058.0
1767275226.929098,15,77.796875,1052.5
1767275226.929098,15,79.09375,1048.0
1767275226.929098,15,80.234375,1045.25
1767275226.929098,15,81.421875,1043.25
1767275226.929098,15,82.734375,1040.5
1767275226.929098,15,83.921875,1037.75
1767275226.929098,15,85.09375,1037.0
1767275226.929098,15,86.328125,1036.0
1767275226.929098,15,87.578125,1035.25
1767275226.929098,15,88.765625,1036.5
1767275226.929098,15,89.90625,1037.0
1767275226.929098,15,91.203125,1037.0
1767275226.929098,15,92.40625,1038.75
1767275226.929098,15,93.625,1040.75
1767275226.929098,15,94.828125,1043.0
1767275226.929098,15,96.046875,1045.75
1767275226.929098,15,97.234375,1048.25
1767275226.929098,15,98.421875,1052.0
1767275226.929098,15,99.578125,1056.5
1767275226.929098,15,100.84375,1061.0
1767275226.929098,15,102.015625,1065.25
1767275226.929098,15,103.25,1070.0
1767275226.929098,15,104.421875,1076.75
1767275226.929098,15,105.625,1083.0
1767275226.929098,15,106.90625,1088.5
1767275226.929098,15,107.984375,1095.75
1767275226.929098,15,109.15625,1103.75
1767275226.929098,15,110.40625,1111.5
1767275226.929098,15,111.671875,1119.75
1767275226.929098,15,112.859375,1128.5
1767275226.929098,15,114.0,1138.25
1767275226.929098,15,115.21875,1150.25
1767275226.929098,15,116.4375,1162.75
1767275226.929098,15,117.5625,1174.0
1767275226.929098,15,118.765625,1184.25
1767275226.929098,15,120.03125,1197.0
1767275226.929098,15,121.15625,1214.0
1767275226.929098,15,122.421875,1228.75
1767275226.929098,15,123.5625,1244.5
1767275226.929098,15,124.765625,1261.5
1767275226.929098,15,125.953125,1279.25
1767275226.929098,15,127.1875,1288.0
1767275226.929098,15,128.4375,1270.0
1767275226.929098,15,129.625,1238.25
1767275226.929098,15,130.90625,1207.0
1767275226.929098,15,132.0,1181.0
1767275226.929098,15,133.265625,1159.5
1767275226.929098,15,134.515625,1135.5
1767275226.929098,15,135.71875,1112.5
1767275226.929098,15,137.0,1090.75
1767275226.929098,15,138.171875,1070.5
1767275226.929098,15,139.421875,1052.75
1767275226.929098,15,140.71875,1035.5
1767275226.929098,15,141.921875,1018.75
1767275226.929098,15,143.078125,1003.25
1767275226.929098,15,144.359375,989.25
1767275226.929098,15,145.609375,975.75
1767275226.929098,15,146.84375,963.0
1767275226.929098,15,148.03125,952.0
1767275226.929098,15,149.28125,940.5
1767275226.929098,15,150.53125,928.75
1767275226.929098,15,151.71875,917.75
1767275226.929098,15,152.96875,908.5
1767275226.929098,15,154.109375,901.5
1767275226.929098,15,155.390625,894.0
1767275226.929098,15,156.65625,886.0
1767275226.929098,15,157.890625,879.0
1767275226.929098,15,159.03125,873.0
1767275226.929098,15,160.265625,867.25
1767275226.929098,15,161.46875,861.25
1767275226.929098,15,162.71875,856.0
1767275226.929098,15,163.875,851.75
1767275226.929098,15,165.109375,846.25
1767275226.929098,15,166.4375,841.0
1767275226.929098,15,167.59375,837.25
1767275226.929098,15,168.765625,834.0
1767275226.929098,15,170.09375,831.25
1767275226.929098,15,171.1875,828.25
1767275226.929098,15,172.375,825.75
1767275226.929098,15,173.6875,824.25
1767275226.929098,15,174.8125,823.5
1767275226.929098,15,176.09375,823.5
1767275226.929098,15,177.34375,823.5
1767275226.929098,15,178.453125,822.75
1767275226.929098,15,179.8125,822.75
1767275226.929098,15,181.078125,823.5
1767275226.929098,15,182.1875,824.75
1767275226.929098,15,183.46875,826.25
1767275226.929098,15,184.703125,828.5
1767275226.929098,15,185.953125,831.25
1767275226.929098,15,187.03125,834.0
1767275226.929098,15,188.328125,837.25
1767275226.929098,15,189.4375,840.75
1767275226.929098,15,190.65625,844.75
1767275226.929098,15,191.984375,849.0
1767275226.929098,15,193.09375,853.5
1767275226.929098,15,194.296875,858.25
1767275226.929098,15,195.59375,863.25
1767275226.929098,15,196.75,869.0
1767275226.929098,15,197.984375,874.5
1767275226.929098,15,199.078125,880.0
1767275226.929098,15,200.34375,887.0
1767275226.929098,15,201.46875,895.25
1767275226.929098,15,202.71875,903.0
1767275226.929098,15,203.953125,910.0
1767275226.929098,15,205.15625,919.0
1767275226.929098,15,206.3125,929.75
1767275226.929098,15,207.578125,941.25
1767275226.929098,15,208.78125,951.25
1767275226.929098,15,209.9375,961.25
1767275226.929098,15,211.09375,974.5
1767275226.929098,15,212.328125,986.75
1767275226.929098,15,213.5625,998.75
1767275226.929098,15,214.75,1013.5
1767275226.929098,15,215.890625,1029.75
1767275226.929098,15,217.140625,1045.5
1767275226.929098,15,218.28125,1061.75
1767275226.929098,15,219.453125,1080.0
1767275226.929098,15,220.671875,1099.25
1767275226.929098,15,221.859375,1118.5
1767275226.929098,15,223.0,1140.75
1767275226.929098,15,224.234375,1164.5
1767275226.929098,15,225.421875,1185.0
1767275226.929098,15,226.578125,1209.25
1767275226.929098,15,227.828125,1240.25
1767275226.929098,15,228.953125,1271.0
1767275226.929098,15,230.1875,1306.0
1767275226.929098,15,231.328125,1340.25
1767275226.929098,15,232.5625,1375.75
1767275226.929098,15,233.671875,1413.75
1767275226.929098,15,234.9375,1431.25
1767275226.929098,15,236.171875,1423.0
1767275226.929098,15,237.390625,1405.25
1767275226.929098,15,238.640625,1384.75
1767275226.929098,15,239.84375,1364.25
1767275226.929098,15,241.046875,1347.25
1767275226.929098,15,242.34375,1332.75
1767275226.929098,15,243.484375,1319.25
1767275226.929098,15,244.75,1306.25
1767275226.929098,15,245.9375,1295.75
1767275226.929098,15,247.203125,1286.75
1767275226.929098,15,248.453125,1275.5
1767275226.929098,15,249.609375,1264.75
1767275226.929098,15,250.8125,1256.25
1767275226.929098,15,252.125,1249.5
1767275226.929098,15,253.34375,1240.0
1767275226.929098,15,254.546875,1231.5
1767275226.929098,15,255.71875,1227.25
1767275226.929098,15,256.953125,1222.0
1767275226.929098,15,258.1875,1216.75
1767275226.929098,15,259.453125,1212.0
1767275226.929098,15,260.59375,1207.5
1767275226.929098,15,261.859375,1204.25
1767275226.929098,15,263.046875,1202.25
1767275226.929098,15,264.328125,1200.5
1767275226.929098,15,265.5,1198.0
1767275226.929098,15,266.703125,1195.5
1767275226.929098,15,267.9375,1194.0
1767275226.929098,15,269.1875,1194.5
1767275226.929098,15,270.375,1196.0
1767275226.929098,15,271.625,1198.75
1767275226.929098,15,272.84375,1200.25
1767275226.929098,15,274.046875,1201.5
1767275226.929098,15,275.265625,1204.25
1767275226.929098,15,276.4375,1207.5
1767275226.929098,15,277.546875,1211.5
1767275226.929098,15,278.765625,1215.0
1767275226.929098,15,280.046875,1218.75
1767275226.929098,15,281.234375,1224.5
1767275226.929098,15,282.375,1229.75
1767275226.929098,15,283.625,1235.25
1767275226.929098,15,284.8125,1242.75
1767275226.929098,15,286.015625,1251.75
1767275226.929098,15,287.25,1260.5
1767275226.929098,15,288.46875,1268.5
1767275226.929098,15,289.625,1278.25
1767275226.929098,15,290.890625,1289.25
1767275226.929098,15,292.0625,1300.75
1767275226.929098,15,293.265625,1314.5
1767275226.929098,15,294.46875,1328.25
1767275226.929098,15,295.65625,1341.0
1767275226.929098,15,296.828125,1355.25
1767275226.929098,15,298.09375,1371.25
1767275226.929098,15,299.296875,1389.0
1767275226.929098,15,300.421875,1406.5
1767275226.929098,15,301.640625,1414.5
1767275226.929098,15,304.1875,1345.0
1767275226.929098,15,305.4375,1306.25
1767275226.929098,15,306.640625,1270.0
1767275226.929098,15,310.453125,1126.0
1767275226.929098,15,311.6875,1101.25
1767275226.929098,15,312.859375,1078.25
1767275226.929098,15,314.1875,1054.0
1767275226.929098,15,315.34375,1031.5
1767275226.929098,15,316.640625,1011.75
1767275226.929098,15,317.921875,993.25
1767275226.929098,15,319.140625,976.75
1767275226.929098,15,320.296875,961.5
1767275226.929098,15,321.53125,946.5
1767275226.929098,15,322.859375,930.5
1767275226.929098,15,323.953125,916.75
1767275226.929098,15,325.25,904.25
1767275226.929098,15,326.546875,891.5
1767275226.929098,15,327.71875,880.25
1767275226.929098,15,328.90625,870.25
1767275226.929098,15,330.140625,859.5
1767275226.929098,15,331.375,849.5
1767275226.929098,15,332.6875,840.5
1767275226.929098,15,333.859375,830.5
1767275226.929098,15,335.0625,821.75
1767275226.929098,15,336.28125,814.25
1767275226.929098,15,337.609375,806.25
1767275226.929098,15,338.859375,799.0
1767275226.929098,15,340.09375,793.25
1767275226.929098,15,341.21875,788.25
1767275226.929098,15,342.421875,783.25
1767275226.929098,15,343.703125,778.25
1767275226.929098,15,344.90625,773.25
1767275226.929098,15,346.078125,768.75
1767275226.929098,15,347.328125,765.5
1767275226.929098,15,348.5625,762.5
1767275226.929098,15,349.859375,759.25
1767275226.929098,15,351.078125,756.0
1767275226.929098,15,352.34375,754.25
1767275227.08016,15,353.53125,752.25
1767275227.08016,15,354.625,750.25
1767275227.08016,15,355.90625,749.0
1767275227.08016,15,357.0625,748.75
1767275227.08016,15,359.4375,774.25
1767275227.08016,15,3.03125,785.25
1767275227.08016,15,4.28125,796.25
1767275227.08016,15,5.5,797.5
1767275227.08016,15,6.640625,799.25
1767275227.08016,15,7.875,801.75
1767275227.08016,15,9.109375,805.5
1767275227.08016,15,10.359375,809.5
1767275227.08016,15,11.53125,813.25
1767275227.08016,15,12.6875,817.5
1767275227.08016,15,14.015625,822.25
1767275227.08016,15,15.234375,827.25
1767275227.08016,15,16.328125,832.75
1767275227.08016,15,17.5625,839.5
1767275227.08016,15,18.8125,847.25
1767275227.08016,15,19.9375,854.75
1767275227.08016,15,21.1875,861.5
1767275227.08016,15,22.40625,869.5
1767275227.08016,15,23.609375,877.75
1767275227.08016,15,24.734375,885.25
1767275227.08016,15,25.984375,893.75
1767275227.08016,15,27.15625,903.5
1767275227.08016,15,28.40625,913.5
1767275227.08016,15,29.546875,924.0
1767275227.08016,15,30.703125,935.5
1767275227.08016,15,31.890625,948.0
1767275227.08016,15,33.0625,961.25
1767275227.08016,15,34.25,974.25
1767275227.08016,15,35.578125,987.5
1767275227.08016,15,36.78125,1001.5
1767275227.08016,15,37.953125,1017.75
1767275227.08016,15,39.125,1035.75
1767275227.08016,15,40.328125,1053.0
1767275227.08016,15,41.5625,1071.75
1767275227.08016,15,42.75,1092.25
1767275227.08016,15,43.953125,1113.0
1767275227.08016,15,45.109375,1136.0
1767275227.08016,15,46.34375,1160.75
1767275227.08016,15,47.546875,1183.25
1767275227.08016,15,48.6875,1211.0
1767275227.08016,15,49.890625,1243.0
1767275227.08016,15,53.59375,1254.25
1767275227.08016,15,54.828125,1236.0
1767275227.08016,15,56.03125,1219.25
1767275227.08016,15,57.25,1205.75
1767275227.08016,15,58.4375,1191.0
1767275227.08016,15,59.671875,1175.75
1767275227.08016,15,60.875,1164.75
1767275227.08016,15,62.09375,1153.0
1767275227.08016,15,63.375,1140.0
1767275227.08016,15,64.578125,1128.75
1767275227.08016,15,65.765625,1118.75
1767275227.08016,15,67.0,1110.5
1767275227.08016,15,68.203125,1101.5
1767275227.08016,15,69.46875,1092.25
1767275227.08016,15,70.71875,1085.75
1767275227.08016,15,71.875,1079.75
1767275227.08016,15,73.1875,1073.75
1767275227.08016,15,74.421875,1067.75
1767275227.08016,15,75.59375,1062.0
1767275227.08016,15,76.8125,1057.75
1767275227.08016,15,78.0,1052.25
1767275227.08016,15,79.203125,1048.0
1767275227.08016,15,80.484375,1045.25
1767275227.08016,15,81.671875,1042.0
1767275227.08016,15,82.875,1038.5
1767275227.08016,15,84.0625,1037.25
1767275227.08016,15,85.328125,1037.25
1767275227.08016,15,86.53125,1037.0
1767275227.08016,15,87.6875,1037.25
1767275227.08016,15,88.953125,1036.75
1767275227.08016,15,90.109375,1036.75
1767275227.08016,15,91.3125,1038.25
1767275227.08016,15,92.515625,1039.75
1767275227.08016,15,93.796875,1041.0
1767275227.08016,15,94.96875,1043.0
1767275227.08016,15,96.15625,1045.5
1767275227.08016,15,97.390625,1048.5
1767275227.08016,15,98.640625,1053.0
1767275227.08016,15,99.75,1057.75
1767275227.08016,15,101.03125,1062.25
1767275227.08016,15,102.1875,1066.25
1767275227.08016,15,103.453125,1070.75
1767275227.08016,15,104.625,1076.75
1767275227.08016,15,105.875,1083.25
1767275227.08016,15,107.0625,1090.5
1767275227.08016,15,108.125,1098.0
1767275227.08016,15,109.390625,1104.25
1767275227.08016,15,110.53125,1111.75
1767275227.08016,15,111.734375,1120.5
1767275227.08016,15,112.9375,1131.0
1767275227.08016,15,114.125,1140.75
1767275227.08016,15,115.40625,1151.75
1767275227.08016,15,116.578125,1164.75
1767275227.08016,15,117.71875,1175.5
1767275227.08016,15,118.984375,1187.5
1767275227.08016,15,120.171875,1202.0
1767275227.08016,15,121.375,1216.5
1767275227.08016,15,122.5,1230.25
1767275227.08016,15,123.6875,1247.25
1767275227.08016,15,124.953125,1265.5
1767275227.08016,15,126.140625,1281.5
1767275227.08016,15,127.28125,1285.75
1767275227.08016,15,128.59375,1264.5
1767275227.08016,15,129.75,1233.75
1767275227.08016,15,131.046875,1204.25
1767275227.08016,15,132.265625,1176.75
1767275227.08016,15,133.53125,1153.25
1767275227.08016,15,134.671875,1130.75
1767275227.08016,15,135.9375,1110.0
1767275227.08016,15,137.140625,1088.25
1767275227.08016,15,138.390625,1068.5
1767275227.08016,15,139.625,1051.25
1767275227.08016,15,140.9375,1034.25
1767275227.08016,15,142.0625,1017.25
1767275227.08016,15,143.28125,1000.0
1767275227.08016,15,144.625,986.25
1767275227.08016,15,145.796875,972.75
1767275227.08016,15,146.984375,960.0
1767275227.08016,15,148.296875,949.75
1767275227.08016,15,149.421875,937.75
1767275227.08016,15,150.71875,926.5
1767275227.08016,15,151.84375,916.75
1767275227.08016,15,153.078125,907.5
1767275227.08016,15,154.328125,898.75
1767275227.08016,15,155.71875,891.0
1767275227.08016,15,156.9375,884.0
1767275227.08016,15,158.109375,877.5
1767275227.08016,15,159.296875,871.75
1767275227.08016,15,160.5,866.75
1767275227.08016,15,161.671875,861.25
1767275227.08016,15,162.90625,855.75
1767275227.08016,15,164.171875,850.25
1767275227.08016,15,165.34375,845.5
1767275227.08016,15,166.640625,841.25
1767275227.08016,15,167.84375,837.0
1767275227.08016,15,169.140625,833.25
1767275227.08016,15,170.3125,829.75
1767275227.08016,15,171.453125,827.5
1767275227.08016,15,172.703125,826.0
1767275227.08016,15,174.0,824.5
1767275227.08016,15,175.125,823.25
1767275227.08016,15,176.375,822.5
1767275227.08016,15,177.515625,822.75
1767275227.08016,15,178.84375,823.25
1767275227.08016,15,180.0,823.5
1767275227.08016,15,181.1875,824.5
1767275227.08016,15,182.390625,825.25
1767275227.08016,15,183.59375,826.0
1767275227.08016,15,184.890625,828.25
1767275227.08016,15,186.0625,830.75
1767275227.08016,15,187.21875,833.5
1767275227.08016,15,188.390625,837.25
1767275227.08016,15,189.71875,841.0
1767275227.08016,15,190.828125,845.5
1767275227.08016,15,192.09375,850.25
1767275227.08016,15,193.203125,854.25
1767275227.08016,15,194.515625,858.5
1767275227.08016,15,195.625,864.0
1767275227.08016,15,196.8125,869.5
1767275227.08016,15,198.09375,874.5
1767275227.08016,15,199.203125,881.25
1767275227.08016,15,200.5,888.5
1767275227.08016,15,201.671875,895.5
1767275227.08016,15,202.828125,904.0
1767275227.08016,15,204.015625,912.0
1767275227.08016,15,205.328125,920.5
1767275227.08016,15,206.484375,930.25
1767275227.08016,15,207.640625,941.25
1767275227.08016,15,208.875,952.0
1767275227.08016,15,210.09375,962.5
1767275227.08016,15,211.203125,975.0
1767275227.08016,15,212.375,987.0
1767275227.08016,15,213.65625,1000.25
1767275227.08016,15,214.828125,1015.75
1767275227.08016,15,216.03125,1030.75
1767275227.08016,15,217.234375,1046.25
1767275227.08016,15,218.375,1063.5
1767275227.08016,15,219.515625,1081.5
1767275227.08016,15,220.703125,1101.75
1767275227.08016,15,221.96875,1123.25
1767275227.08016,15,223.109375,1144.5
1767275227.08016,15,224.34375,1166.0
1767275227.08016,15,225.5,1189.0
1767275227.08016,15,226.65625,1216.25
1767275227.08016,15,227.84375,1244.5
1767275227.08016,15,229.03125,1272.5
1767275227.08016,15,230.28125,1306.25
1767275227.08016,15,231.390625,1342.75
1767275227.08016,15,232.640625,1380.75
1767275227.08016,15,236.21875,1422.25
1767275227.08016,15,237.484375,1403.25
1767275227.08016,15,238.703125,1383.25
1767275227.08016,15,239.90625,1364.0
1767275227.08016,15,241.140625,1346.0
1767275227.08016,15,242.390625,1331.5
1767275227.08016,15,243.546875,1319.25
1767275227.08016,15,244.78125,1306.0
1767275227.08016,15,246.078125,1294.75
1767275227.08016,15,247.234375,1285.5
1767275227.08016,15,248.5,1275.25
1767275227.08016,15,249.6875,1264.75
1767275227.08016,15,250.90625,1255.75
1767275227.08016,15,252.1875,1247.25
1767275227.08016,15,253.359375,1238.5
1767275227.08016,15,254.640625,1231.5
1767275227.08016,15,255.8125,1226.5
1767275227.08016,15,257.015625,1221.25
1767275227.08016,15,258.28125,1217.0
1767275227.08016,15,259.5,1212.0
1767275227.08016,15,260.734375,1207.5
1767275227.08016,15,261.9375,1204.5
1767275227.08016,15,263.109375,1202.25
1767275227.08016,15,264.328125,1200.5
1767275227.08016,15,265.5625,1198.25
1767275227.08016,15,266.75,1195.75
1767275227.08016,15,267.984375,1194.25
1767275227.08016,15,269.25,1194.75
1767275227.08016,15,270.40625,1194.75
1767275227.08016,15,271.625,1197.5
1767275227.08016,15,272.84375,1200.25
1767275227.08016,15,274.046875,1201.5
1767275227.08016,15,275.296875,1204.5
1767275227.08016,15,276.421875,1207.75
1767275227.08016,15,277.625,1211.5
1767275227.08016,15,278.765625,1214.75
1767275227.08016,15,279.96875,1218.75
1767275227.08016,15,281.203125,1224.5
1767275227.08016,15,282.4375,1229.25
1767275227.08016,15,283.609375,1234.75
1767275227.08016,15,284.78125,1242.75
1767275227.08016,15,286.0,1251.75
1767275227.08016,15,287.234375,1260.5
1767275227.08016,15,288.40625,1268.5
1767275227.08016,15,289.640625,1278.25
1767275227.08016,15,290.828125,1289.75
1767275227.08016,15,292.0,1301.25
1767275227.08016,15,293.1875,1314.25
1767275227.08016,15,294.40625,1328.0
1767275227.08016,15,295.609375,1338.75
1767275227.08016,15,296.828125,1353.5
1767275227.08016,15,298.0,1371.0
1767275227.08016,15,299.15625,1387.25
1767275227.08016,15,300.375,1405.25
1767275227.08016,15,301.640625,1414.5
1767275227.08016,15,304.109375,1347.25
1767275227.08016,15,306.5625,1270.25
1767275227.08016,15,310.359375,1127.25
1767275227.08016,15,311.609375,1101.25
1767275227.08016,15,312.8125,1079.0
1767275227.08016,15,314.09375,1056.0
1767275227.08016,15,315.265625,1032.75
1767275227.08016,15,316.5625,1012.75
1767275227.08016,15,317.75,994.75
1767275227.08016,15,319.015625,977.25
1767275227.08016,15,320.265625,961.5
1767275227.08016,15,321.53125,946.75
1767275227.08016,15,322.75,931.0
1767275227.08016,15,324.0625,917.0
1767275227.08016,15,325.25,904.25
1767275227.08016,15,326.421875,891.5
1767275227.08016,15,327.671875,880.25
1767275227.08016,15,328.921875,870.25
1767275227.08016,15,330.15625,859.5
1767275227.08016,15,331.359375,849.5
1767275227.08016,15,332.671875,840.5
1767275227.08016,15,333.828125,830.5
1767275227.08016,15,335.03125,821.75
1767275227.08016,15,336.3125,814.25
1767275227.08016,15,337.578125,806.25
1767275227.08016,15,338.75,799.0
1767275227.08016,15,339.984375,793.25
1767275227.08016,15,341.21875,788.25
1767275227.08016,15,342.40625,783.25
1767275227.08016,15,343.59375,778.25
1767275227.08016,15,344.984375,773.25
1767275227.08016,15,346.09375,768.75
1767275227.08016,15,347.359375,765.25
1767275227.08016,15,348.578125,762.5
1767275227.08016,15,349.734375,759.25
1767275227.08016,15,351.0625,756.25
1767275227.08016,15,352.203125,754.5
1767275227.2345603,15,353.453125,752.25
1767275227.2345603,15,354.640625,750.25
1767275227.2345603,15,355.859375,749.25
1767275227.2345603,15,357.09375,749.0
1767275227.2345603,15,359.453125,774.0
1767275227.2345603,15,3.0,784.75
1767275227.2345603,15,4.265625,796.25
1767275227.2345603,15,5.421875,797.5
1767275227.2345603,15,6.59375,799.25
1767275227.2345603,15,7.84375,801.75
1767275227.2345603,15,9.03125,805.75
1767275227.2345603,15,10.203125,809.75
1767275227.2345603,15,11.421875,813.5
1767275227.2345603,15,12.671875,817.5
1767275227.2345603,15,13.890625,822.25
1767275227.2345603,15,15.03125,827.0
1767275227.2345603,15,16.25,832.5
1767275227.2345603,15,17.4375,839.25
1767275227.2345603,15,18.59375,846.5
1767275227.2345603,15,19.90625,854.5
1767275227.2345603,15,20.984375,861.5
1767275227.2345603,15,22.1875,868.5
1767275227.2345603,15,23.484375,876.5
1767275227.2345603,15,24.59375,884.75
1767275227.2345603,15,25.890625,893.5
1767275227.2345603,15,27.0625,902.75
1767275227.2345603,15,28.21875,912.25
1767275227.2345603,15,29.390625,923.0
1767275227.2345603,15,30.5625,934.25
1767275227.2345603,15,31.78125,945.75
1767275227.2345603,15,32.953125,959.0
1767275227.2345603,15,34.171875,972.5
1767275227.2345603,15,35.40625,985.75
1767275227.2345603,15,36.546875,998.75
1767275227.2345603,15,37.8125,1014.5
1767275227.2345603,15,38.953125,1032.5
1767275227.2345603,15,40.1875,1051.0
1767275227.2345603,15,41.375,1069.75
1767275227.2345603,15,42.546875,1090.0
1767275227.2345603,15,43.703125,1110.5
1767275227.2345603,15,44.875,1133.0
1767275227.2345603,15,46.0625,1157.0
1767275227.2345603,15,47.34375,1180.25
1767275227.2345603,15,48.53125,1207.0
1767275227.2345603,15,49.671875,1236.75
1767275227.2345603,15,50.875,1254.0
1767275227.2345603,15,52.0625,1261.25
1767275227.2345603,15,53.28125,1257.0
1767275227.2345603,15,54.59375,1239.5
1767275227.2345603,15,55.734375,1223.5
1767275227.2345603,15,56.96875,1209.25
1767275227.2345603,15,58.25,1192.75
1767275227.2345603,15,59.515625,1177.5
1767275227.2345603,15,60.703125,1167.5
1767275227.2345603,15,61.96875,1155.0
1767275227.2345603,15,63.171875,1141.25
1767275227.2345603,15,64.40625,1130.25
1767275227.2345603,15,65.65625,1120.25
1767275227.2345603,15,66.921875,1110.75
1767275227.2345603,15,68.046875,1101.75
1767275227.2345603,15,69.34375,1093.5
1767275227.2345603,15,70.59375,1086.75
1767275227.2345603,15,71.78125,1081.0
1767275227.2345603,15,73.015625,1074.5
1767275227.2345603,15,74.1875,1067.75
1767275227.2345603,15,75.453125,1062.25
1767275227.2345603,15,76.625,1057.75
1767275227.2345603,15,77.859375,1052.5
1767275227.2345603,15,79.15625,1047.75
1767275227.2345603,15,80.375,1045.0
1767275227.2345603,15,81.59375,1042.75
1767275227.2345603,15,82.8125,1040.25
1767275227.2345603,15,83.984375,1037.5
1767275227.2345603,15,85.15625,1036.75
1767275227.2345603,15,86.40625,1035.75
1767275227.2345603,15,87.625,1035.0
1767275227.2345603,15,88.796875,1036.25
1767275227.2345603,15,89.984375,1036.75
1767275227.2345603,15,91.171875,1036.75
1767275227.2345603,15,92.421875,1038.5
1767275227.2345603,15,93.609375,1040.75
1767275227.2345603,15,94.84375,1043.0
1767275227.2345603,15,96.015625,1045.5
1767275227.2345603,15,97.1875,1048.5
1767275227.2345603,15,98.46875,1052.25
1767275227.2345603,15,99.671875,1056.5
1767275227.2345603,15,100.859375,1061.0
1767275227.2345603,15,102.046875,1065.0
1767275227.2345603,15,103.28125,1069.75
1767275227.2345603,15,104.421875,1076.75
1767275227.2345603,15,105.65625,1083.25
1767275227.2345603,15,106.859375,1088.5
1767275227.2345603,15,107.984375,1095.75
1767275227.2345603,15,109.15625,1103.75
1767275227.2345603,15,110.375,1111.5
1767275227.2345603,15,111.59375,1119.75
1767275227.2345603,15,112.765625,1128.5
1767275227.2345603,15,114.0,1138.25
1767275227.2345603,15,115.171875,1150.0
1767275227.2345603,15,116.375,1162.5
1767275227.2345603,15,117.59375,1173.75
1767275227.2345603,15,118.796875,1184.0
1767275227.2345603,15,119.9375,1197.0
1767275227.2345603,15,121.1875,1213.0
1767275227.2345603,15,122.328125,1227.75
1767275227.2345603,15,123.546875,1244.5
1767275227.2345603,15,124.71875,1261.25
1767275227.2345603,15,125.953125,1278.25
1767275227.2345603,15,127.09375,1287.0
1767275227.2345603,15,128.328125,1270.25
1767275227.2345603,15,129.625,1239.25
1767275227.2345603,15,130.859375,1207.75
1767275227.2345603,15,132.0,1181.0
1767275227.2345603,15,133.265625,1159.25
1767275227.2345603,15,134.546875,1135.25
1767275227.2345603,15,135.6875,1112.5
1767275227.2345603,15,136.984375,1092.5
1767275227.2345603,15,138.203125,1072.0
1767275227.2345603,15,139.375,1052.75
1767275227.2345603,15,140.65625,1035.5
1767275227.2345603,15,141.859375,1018.75
1767275227.2345603,15,143.140625,1003.25
1767275227.2345603,15,144.375,989.25
1767275227.2345603,15,145.59375,975.75
1767275227.2345603,15,146.796875,962.75
1767275227.2345603,15,147.984375,952.0
1767275227.2345603,15,149.203125,940.75
1767275227.2345603,15,150.5,928.75
1767275227.2345603,15,151.625,917.75
1767275227.2345603,15,152.828125,908.5
1767275227.2345603,15,154.09375,901.5
1767275227.2345603,15,155.40625,893.75
1767275227.2345603,15,156.71875,885.75
1767275227.2345603,15,157.859375,879.0
1767275227.2345603,15,159.140625,873.25
1767275227.2345603,15,160.328125,867.0
1767275227.2345603,15,161.59375,861.0
1767275227.2345603,15,162.703125,856.0
1767275227.2345603,15,163.984375,851.25
1767275227.2345603,15,165.1875,845.75
1767275227.2345603,15,166.34375,841.0
1767275227.2345603,15,167.5625,837.5
1767275227.2345603,15,168.921875,834.25
1767275227.2345603,15,170.078125,831.25
1767275227.2345603,15,171.234375,828.25
1767275227.2345603,15,172.421875,826.0
1767275227.2345603,15,173.765625,824.5
1767275227.2345603,15,175.0,823.5
1767275227.2345603,15,176.21875,823.0
1767275227.2345603,15,177.390625,823.0
1767275227.2345603,15,178.578125,822.75
1767275227.2345603,15,179.765625,822.75
1767275227.2345603,15,181.03125,823.25
1767275227.2345603,15,182.15625,824.5
1767275227.2345603,15,183.328125,826.0
1767275227.2345603,15,184.546875,828.25
1767275227.2345603,15,185.734375,830.5
1767275227.2345603,15,186.96875,833.5
1767275227.2345603,15,188.234375,836.75
1767275227.2345603,15,189.3125,840.25
1767275227.2345603,15,190.609375,844.0
1767275227.2345603,15,191.859375,847.75
1767275227.2345603,15,193.015625,853.0
1767275227.2345603,15,194.171875,858.0
1767275227.2345603,15,195.421875,862.75
1767275227.2345603,15,196.5625,868.75
1767275227.2345603,15,197.78125,874.25
1767275227.2345603,15,198.984375,880.25
1767275227.2345603,15,200.15625,886.5
1767275227.2345603,15,201.375,894.25
1767275227.2345603,15,202.546875,902.25
1767275227.2345603,15,203.828125,909.5
1767275227.2345603,15,204.921875,918.0
1767275227.2345603,15,206.15625,928.0
1767275227.2345603,15,207.359375,938.0
1767275227.2345603,15,208.5,948.25
1767275227.2345603,15,209.703125,959.5
1767275227.2345603,15,210.921875,972.5
1767275227.2345603,15,212.140625,984.5
1767275227.2345603,15,213.296875,995.5
1767275227.2345603,15,214.53125,1010.25
1767275227.2345603,15,215.703125,1027.25
1767275227.2345603,15,216.890625,1042.0
1767275227.2345603,15,218.046875,1058.5
1767275227.2345603,15,219.265625,1077.5
1767275227.2345603,15,220.359375,1095.75
1767275227.2345603,15,221.609375,1115.0
1767275227.2345603,15,222.78125,1136.25
1767275227.2345603,15,223.953125,1160.0
1767275227.2345603,15,225.203125,1182.0
1767275227.2345603,15,226.34375,1206.25
1767275227.2345603,15,227.59375,1235.75
1767275227.2345603,15,228.734375,1265.5
1767275227.2345603,15,229.921875,1297.25
1767275227.2345603,15,231.09375,1333.25
1767275227.2345603,15,232.25,1373.5
1767275227.2345603,15,233.5,1412.75
1767275227.2345603,15,234.640625,1433.25
1767275227.2345603,15,235.875,1427.0
1767275227.2345603,15,237.140625,1407.75
1767275227.2345603,15,238.359375,1388.25
1767275227.2345603,15,239.546875,1370.0
1767275227.2345603,15,240.828125,1350.25
1767275227.2345603,15,242.015625,1335.25
1767275227.2345603,15,243.234375,1325.0
1767275227.2345603,15,244.421875,1312.5
1767275227.2345603,15,245.6875,1299.5
1767275227.2345603,15,246.859375,1288.5
1767275227.2345603,15,248.15625,1278.25
1767275227.2345603,15,249.328125,1268.0
1767275227.2345603,15,250.546875,1259.25
1767275227.2345603,15,251.734375,1250.25
1767275227.2345603,15,253.03125,1242.0
1767275227.2345603,15,254.234375,1235.0
1767275227.2345603,15,255.453125,1229.0
1767275227.2345603,15,256.59375,1224.75
1767275227.2345603,15,257.859375,1219.0
1767275227.2345603,15,259.078125,1213.25
1767275227.2345603,15,260.34375,1209.0
1767275227.2345603,15,261.5,1205.5
1767275227.2345603,15,262.765625,1202.5
1767275227.2345603,15,263.9375,1200.5
1767275227.2345603,15,265.1875,1198.25
1767275227.2345603,15,266.375,1196.0
1767275227.2345603,15,267.578125,1195.5
1767275227.2345603,15,268.734375,1196.0
1767275227.2345603,15,270.0,1196.25
1767275227.2345603,15,271.1875,1196.75
1767275227.2345603,15,272.390625,1198.75
1767275227.2345603,15,273.578125,1201.0
1767275227.2345603,15,274.859375,1203.0
1767275227.2345603,15,275.890625,1206.5
1767275227.2345603,15,277.046875,1209.5
1767275227.2345603,15,278.3125,1213.0
1767275227.2345603,15,279.53125,1217.5
1767275227.2345603,15,280.65625,1222.0
1767275227.2345603,15,281.859375,1226.0
1767275227.2345603,15,283.09375,1230.5
1767275227.2345603,15,284.25,1237.5
1767275227.2345603,15,285.484375,1247.25
1767275227.2345603,15,286.65625,1256.0
1767275227.2345603,15,287.875,1264.25
1767275227.2345603,15,289.046875,1273.5
1767275227.2345603,15,290.21875,1284.0
1767275227.2345603,15,291.484375,1295.75
1767275227.2345603,15,292.65625,1310.25
1767275227.2345603,15,293.875,1322.25
1767275227.2345603,15,295.046875,1332.0
1767275227.2345603,15,296.1875,1346.75
1767275227.2345603,15,297.421875,1362.0
1767275227.2345603,15,298.578125,1379.0
1767275227.2345603,15,299.84375,1399.25
1767275227.2345603,15,302.203125,1373.75
1767275227.2345603,15,304.75,1330.0
1767275227.2345603,15,305.984375,1291.0
1767275227.2345603,15,307.1875,1255.25
1767275227.2345603,15,310.953125,1115.0
1767275227.2345603,15,312.25,1090.5
1767275227.2345603,15,313.40625,1066.25
1767275227.2345603,15,314.625,1044.75
1767275227.2345603,15,315.953125,1024.25
1767275227.2345603,15,317.09375,1004.0
1767275227.2345603,15,318.40625,986.25
1767275227.2345603,15,319.515625,969.75
1767275227.2345603,15,320.796875,954.25
1767275227.2345603,15,322.109375,938.5
1767275227.2345603,15,323.25,923.75
1767275227.2345603,15,324.59375,911.0
1767275227.2345603,15,325.765625,899.0
1767275227.2345603,15,327.078125,887.0
1767275227.2345603,15,328.265625,876.25
1767275227.2345603,15,329.5625,866.0
1767275227.2345603,15,330.75,855.5
1767275227.2345603,15,332.0,845.0
1767275227.2345603,15,333.265625,835.0
1767275227.2345603,15,334.4375,826.25
1767275227.2345603,15,335.59375,818.5
1767275227.2345603,15,336.96875,810.0
1767275227.2345603,15,338.046875,802.25
1767275227.2345603,15,339.34375,796.5
1767275227.2345603,15,340.5,791.0
1767275227.2345603,15,341.75,786.0
1767275227.2345603,15,343.0625,780.75
1767275227.2345603,15,344.15625,776.25
1767275227.2345603,15,345.5,771.75
1767275227.2345603,15,346.625,767.5
1767275227.2345603,15,347.875,764.25
1767275227.2345603,15,349.015625,761.0
1767275227.2345603,15,350.34375,757.75
1767275227.2345603,15,351.609375,755.5
1767275227.3847685,15,352.65625,753.0
1767275227.3847685,15,353.984375,751.5
1767275227.3847685,15,355.15625,750.75
1767275227.3847685,15,356.34375,749.25
1767275227.3847685,15,358.734375,774.0
1767275227.3847685,15,359.859375,774.0
1767275227.3847685,15,1.0625,784.0
1767275227.3847685,15,2.328125,794.0
1767275227.3847685,15,3.515625,795.0
1767275227.3847685,15,4.765625,796.5
1767275227.3847685,15,5.953125,798.0
1767275227.3847685,15,7.140625,800.25
1767275227.3847685,15,8.34375,803.0
1767275227.3847685,15,9.515625,806.75
1767275227.3847685,15,10.640625,811.0
1767275227.3847685,15,11.984375,815.25
1767275227.3847685,15,13.1875,819.5
1767275227.3847685,15,14.359375,824.25
1767275227.3847685,15,15.546875,829.0
1767275227.3847685,15,16.6875,834.5
1767275227.3847685,15,17.921875,842.0
1767275227.3847685,15,19.09375,849.0
1767275227.3847685,15,20.34375,856.0
1767275227.3847685,15,21.46875,864.25
1767275227.3847685,15,22.640625,872.0
1767275227.3847685,15,23.90625,878.75
1767275227.3847685,15,24.984375,887.0
1767275227.3847685,15,26.28125,897.0
1767275227.3847685,15,27.375,906.5
1767275227.3847685,15,28.65625,916.0
1767275227.3847685,15,29.75,926.25
1767275227.3847685,15,31.0625,939.0
1767275227.3847685,15,32.1875,951.25
1767275227.3847685,15,33.390625,963.5
1767275227.3847685,15,34.5625,977.0
1767275227.3847685,15,35.8125,990.75
1767275227.3847685,15,37.046875,1005.5
1767275227.3847685,15,38.125,1022.25
1767275227.3847685,15,39.3125,1039.25
1767275227.3847685,15,40.53125,1057.75
1767275227.3847685,15,41.703125,1078.0
1767275227.3847685,15,42.875,1097.75
1767275227.3847685,15,44.078125,1118.75
1767275227.3847685,15,45.359375,1141.75
1767275227.3847685,15,46.453125,1165.25
1767275227.3847685,15,47.71875,1190.0
1767275227.3847685,15,48.84375,1217.75
1767275227.3847685,15,50.046875,1247.25
1767275227.3847685,15,51.21875,1270.5
1767275227.3847685,15,52.421875,1270.5
1767275227.3847685,15,53.6875,1251.5
1767275227.3847685,15,54.90625,1233.5
1767275227.3847685,15,56.1875,1218.75
1767275227.3847685,15,57.34375,1204.25
1767275227.3847685,15,58.546875,1189.75
1767275227.3847685,15,59.78125,1175.5
1767275227.3847685,15,61.046875,1162.75
1767275227.3847685,15,62.28125,1150.25
1767275227.3847685,15,63.484375,1138.25
1767275227.3847685,15,64.734375,1128.25
1767275227.3847685,15,66.0,1118.25
1767275227.3847685,15,67.171875,1108.75
1767275227.3847685,15,68.375,1099.75
1767275227.3847685,15,69.578125,1091.5
1767275227.3847685,15,70.859375,1085.25
1767275227.3847685,15,72.078125,1079.5
1767275227.3847685,15,73.21875,1074.25
1767275227.3847685,15,74.515625,1068.0
1767275227.3847685,15,75.65625,1061.5
1767275227.3847685,15,76.9375,1057.5
1767275227.3847685,15,78.125,1053.0
1767275227.3847685,15,79.3125,1048.0
1767275227.3847685,15,80.53125,1045.0
1767275227.3847685,15,81.84375,1042.25
1767275227.3847685,15,82.984375,1039.0
1767275227.3847685,15,84.109375,1036.75
1767275227.3847685,15,85.28125,1036.75
1767275227.3847685,15,86.546875,1037.0
1767275227.3847685,15,87.71875,1037.25
1767275227.3847685,15,88.9375,1036.75
1767275227.3847685,15,90.109375,1036.75
1767275227.3847685,15,91.3125,1038.25
1767275227.3847685,15,92.5625,1039.75
1767275227.3847685,15,93.78125,1041.0
1767275227.3847685,15,95.015625,1042.75
1767275227.3847685,15,96.140625,1045.5
1767275227.3847685,15,97.375,1048.5
1767275227.3847685,15,98.59375,1053.0
1767275227.3847685,15,99.8125,1057.75
1767275227.3847685,15,101.0,1062.0
1767275227.3847685,15,102.15625,1066.25
1767275227.3847685,15,103.421875,1070.75
1767275227.3847685,15,104.625,1076.75
1767275227.3847685,15,105.78125,1082.75
1767275227.3847685,15,107.015625,1090.0
1767275227.3847685,15,108.125,1098.0
1767275227.3847685,15,109.328125,1104.25
1767275227.3847685,15,110.515625,1111.75
1767275227.3847685,15,111.796875,1120.5
1767275227.3847685,15,112.90625,1129.25
1767275227.3847685,15,114.140625,1139.0
1767275227.3847685,15,115.359375,1151.5
1767275227.3847685,15,116.484375,1164.75
1767275227.3847685,15,117.75,1175.75
1767275227.3847685,15,118.921875,1184.75
1767275227.3847685,15,120.078125,1199.0
1767275227.3847685,15,121.3125,1215.75
1767275227.3847685,15,122.46875,1229.75
1767275227.3847685,15,123.640625,1247.0
1767275227.3847685,15,124.859375,1263.25
1767275227.3847685,15,126.0625,1279.75
1767275227.3847685,15,127.3125,1286.0
1767275227.3847685,15,128.53125,1267.5
1767275227.3847685,15,129.796875,1237.5
1767275227.3847685,15,130.984375,1205.5
1767275227.3847685,15,132.234375,1177.25
1767275227.3847685,15,133.453125,1155.5
1767275227.3847685,15,134.65625,1132.75
1767275227.3847685,15,135.953125,1109.75
1767275227.3847685,15,137.109375,1089.25
1767275227.3847685,15,138.375,1069.5
1767275227.3847685,15,139.578125,1051.25
1767275227.3847685,15,140.828125,1034.75
1767275227.3847685,15,142.109375,1017.75
1767275227.3847685,15,143.3125,1000.0
1767275227.3847685,15,144.4375,986.25
1767275227.3847685,15,145.71875,974.5
1767275227.3847685,15,146.96875,961.5
1767275227.3847685,15,148.21875,950.0
1767275227.3847685,15,149.34375,938.75
1767275227.3847685,15,150.5625,927.5
1767275227.3847685,15,151.828125,916.75
1767275227.3847685,15,153.125,907.5
1767275227.3847685,15,154.25,900.25
1767275227.3847685,15,155.4375,893.25
1767275227.3847685,15,156.703125,885.0
1767275227.3847685,15,158.015625,878.25
1767275227.3847685,15,159.15625,873.0
1767275227.3847685,15,160.4375,867.25
1767275227.3847685,15,161.59375,861.25
1767275227.3847685,15,162.765625,855.75
1767275227.3847685,15,164.015625,851.0
1767275227.3847685,15,165.265625,846.25
1767275227.3847685,15,166.484375,841.25
1767275227.3847685,15,167.703125,837.5
1767275227.3847685,15,168.890625,833.5
1767275227.3847685,15,170.046875,830.5
1767275227.3847685,15,171.34375,828.25
1767275227.3847685,15,172.46875,825.75
1767275227.3847685,15,173.671875,824.25
1767275227.3847685,15,174.984375,823.5
1767275227.3847685,15,176.203125,823.0
1767275227.3847685,15,177.421875,823.0
1767275227.3847685,15,178.5,822.75
1767275227.3847685,15,179.8125,822.5
1767275227.3847685,15,180.984375,823.25
1767275227.3847685,15,182.140625,824.5
1767275227.3847685,15,183.375,826.25
1767275227.3847685,15,184.546875,828.25
1767275227.3847685,15,185.71875,830.75
1767275227.3847685,15,187.0,833.5
1767275227.3847685,15,188.125,836.75
1767275227.3847685,15,189.390625,840.25
1767275227.3847685,15,190.609375,844.0
1767275227.3847685,15,191.78125,847.75
1767275227.3847685,15,192.953125,852.75
1767275227.3847685,15,194.203125,857.75
1767275227.3847685,15,195.421875,862.75
1767275227.3847685,15,196.515625,868.75
1767275227.3847685,15,197.671875,874.0
1767275227.3847685,15,198.984375,879.75
1767275227.3847685,15,200.0625,886.5
1767275227.3847685,15,201.390625,893.25
1767275227.3847685,15,202.46875,901.0
1767275227.3847685,15,203.859375,909.5
1767275227.3847685,15,204.921875,918.0
1767275227.3847685,15,206.203125,927.75
1767275227.3847685,15,207.421875,938.75
1767275227.3847685,15,208.625,949.0
1767275227.3847685,15,209.8125,959.5
1767275227.3847685,15,210.921875,972.25
1767275227.3847685,15,212.171875,984.5
1767275227.3847685,15,213.375,995.75
1767275227.3847685,15,214.5,1010.25
1767275227.3847685,15,215.640625,1028.0
1767275227.3847685,15,216.84375,1042.75
1767275227.3847685,15,218.046875,1058.5
1767275227.3847685,15,219.3125,1077.5
1767275227.3847685,15,220.46875,1096.0
1767275227.3847685,15,221.625,1115.25
1767275227.3847685,15,222.828125,1136.25
1767275227.3847685,15,224.046875,1161.0
1767275227.3847685,15,225.21875,1183.0
1767275227.3847685,15,226.390625,1206.25
1767275227.3847685,15,227.609375,1236.0
1767275227.3847685,15,228.8125,1267.0
1767275227.3847685,15,229.953125,1299.0
1767275227.3847685,15,231.09375,1333.5
1767275227.3847685,15,232.328125,1373.5
1767275227.3847685,15,233.515625,1413.5
1767275227.3847685,15,234.734375,1434.25
1767275227.3847685,15,235.9375,1427.0
1767275227.3847685,15,237.1875,1408.0
1767275227.3847685,15,238.421875,1386.5
1767275227.3847685,15,239.640625,1367.75
1767275227.3847685,15,240.8125,1350.5
1767275227.3847685,15,242.09375,1334.25
1767275227.3847685,15,243.3125,1323.75
1767275227.3847685,15,244.515625,1312.25
1767275227.3847685,15,245.765625,1299.25
1767275227.3847685,15,246.96875,1287.75
1767275227.3847685,15,248.125,1277.5
1767275227.3847685,15,249.375,1268.0
1767275227.3847685,15,250.578125,1259.25
1767275227.3847685,15,251.8125,1250.25
1767275227.3847685,15,252.96875,1242.25
1767275227.3847685,15,254.21875,1235.0
1767275227.3847685,15,255.375,1229.0
1767275227.3847685,15,256.578125,1224.75
1767275227.3847685,15,257.875,1219.0
1767275227.3847685,15,259.0625,1213.25
1767275227.3847685,15,260.21875,1209.5
1767275227.3847685,15,261.453125,1205.75
1767275227.3847685,15,262.65625,1202.5
1767275227.3847685,15,263.890625,1200.5
1767275227.3847685,15,265.109375,1198.25
1767275227.3847685,15,266.296875,1196.0
1767275227.3847685,15,267.515625,1195.75
1767275227.3847685,15,268.6875,1196.0
1767275227.3847685,15,269.90625,1196.0
1767275227.3847685,15,271.09375,1196.75
1767275227.3847685,15,272.328125,1199.0
1767275227.3847685,15,273.578125,1201.0
1767275227.3847685,15,274.75,1203.25
1767275227.3847685,15,275.859375,1206.25
1767275227.3847685,15,277.0625,1209.25
1767275227.3847685,15,278.21875,1213.25
1767275227.3847685,15,279.46875,1217.5
1767275227.3847685,15,280.71875,1221.75
1767275227.3847685,15,281.84375,1226.0
1767275227.3847685,15,283.046875,1230.75
1767275227.3847685,15,284.28125,1237.5
1767275227.3847685,15,285.5,1246.75
1767275227.3847685,15,286.65625,1255.75
1767275227.3847685,15,287.84375,1264.25
1767275227.3847685,15,289.0625,1273.75
1767275227.3847685,15,290.234375,1284.0
1767275227.3847685,15,291.390625,1295.75
1767275227.3847685,15,292.578125,1310.0
1767275227.3847685,15,293.859375,1322.25
1767275227.3847685,15,295.015625,1332.25
1767275227.3847685,15,296.1875,1346.75
1767275227.3847685,15,297.390625,1362.25
1767275227.3847685,15,298.59375,1379.25
1767275227.3847685,15,299.859375,1399.5
1767275227.3847685,15,302.21875,1376.5
1767275227.3847685,15,304.765625,1329.5
1767275227.3847685,15,307.171875,1253.25
1767275227.3847685,15,310.921875,1114.75
1767275227.3847685,15,312.25,1090.5
1767275227.3847685,15,313.421875,1066.25
1767275227.3847685,15,314.71875,1044.5
1767275227.3847685,15,315.984375,1024.0
1767275227.3847685,15,317.109375,1004.0
1767275227.3847685,15,318.3125,985.75
1767275227.3847685,15,319.59375,969.0
1767275227.3847685,15,320.796875,954.0
1767275227.3847685,15,322.0625,938.5
1767275227.3847685,15,323.328125,923.5
1767275227.3847685,15,324.484375,911.0
1767275227.3847685,15,325.734375,899.0
1767275227.3847685,15,327.03125,887.25
1767275227.3847685,15,328.25,876.75
1767275227.3847685,15,329.4375,866.5
1767275227.3847685,15,330.734375,855.75
1767275227.3847685,15,331.890625,845.25
1767275227.3847685,15,333.25,835.0
1767275227.3847685,15,334.390625,826.25
1767275227.3847685,15,335.59375,818.5
1767275227.3847685,15,336.765625,810.5
1767275227.3847685,15,338.078125,802.75
1767275227.3847685,15,339.359375,796.5
1767275227.3847685,15,340.46875,791.5
1767275227.3847685,15,341.765625,786.5
1767275227.3847685,15,342.875,780.75
1767275227.3847685,15,344.109375,776.25
1767275227.3847685,15,345.3125,772.0
1767275227.3847685,15,346.65625,767.75
1767275227.3847685,15,347.828125,764.0
1767275227.3847685,15,348.953125,761.25
1767275227.3847685,15,350.140625,758.5
1767275227.3847685,15,351.375,756.0
1767275227.538737,15,352.5625,753.75
1767275227.538737,15,353.890625,751.75
1767275227.538737,15,354.984375,750.5
1767275227.538737,15,356.34375,749.25
1767275227.538737,15,357.40625,755.75
1767275227.538737,15,358.671875,768.25
1767275227.538737,15,359.75,774.0
1767275227.538737,15,2.203125,802.75
1767275227.538737,15,3.296875,794.5
1767275227.538737,15,4.578125,796.0
1767275227.538737,15,5.765625,797.5
1767275227.538737,15,7.046875,800.0
1767275227.538737,15,8.25,802.5
1767275227.538737,15,9.46875,806.25
1767275227.538737,15,10.578125,810.5
1767275227.538737,15,11.71875,815.0
1767275227.538737,15,13.0,818.5
1767275227.538737,15,14.125,822.5
1767275227.538737,15,15.40625,828.25
1767275227.538737,15,16.515625,834.0
1767275227.538737,15,17.71875,841.0
1767275227.538737,15,18.90625,848.0
1767275227.538737,15,20.125,855.5
1767275227.538737,15,21.375,863.5
1767275227.538737,15,22.453125,870.75
1767275227.538737,15,23.703125,878.0
1767275227.538737,15,24.859375,886.0
1767275227.538737,15,26.015625,894.75
1767275227.538737,15,27.28125,904.25
1767275227.538737,15,28.484375,914.0
1767275227.538737,15,29.6875,924.75
1767275227.538737,15,30.859375,937.5
1767275227.538737,15,32.015625,949.5
1767275227.538737,15,33.234375,961.5
1767275227.538737,15,34.390625,975.25
1767275227.538737,15,35.6875,988.25
1767275227.538737,15,36.859375,1002.5
1767275227.538737,15,38.125,1020.75
1767275227.538737,15,39.25,1038.5
1767275227.538737,15,40.453125,1054.25
1767275227.538737,15,41.6875,1073.75
1767275227.538737,15,42.859375,1096.25
1767275227.538737,15,44.03125,1115.5
1767275227.538737,15,45.21875,1136.5
1767275227.538737,15,46.390625,1162.75
1767275227.538737,15,47.625,1189.75
1767275227.538737,15,48.78125,1215.75
1767275227.538737,15,49.921875,1243.5
1767275227.538737,15,53.578125,1253.25
1767275227.538737,15,54.859375,1235.5
1767275227.538737,15,56.03125,1218.75
1767275227.538737,15,57.25,1204.5
1767275227.538737,15,58.5,1190.0
1767275227.538737,15,59.71875,1175.75
1767275227.538737,15,60.953125,1163.0
1767275227.538737,15,62.1875,1151.25
1767275227.538737,15,63.328125,1140.0
1767275227.538737,15,64.578125,1129.0
1767275227.538737,15,65.796875,1118.75
1767275227.538737,15,67.03125,1110.25
1767275227.538737,15,68.28125,1101.5
1767275227.538737,15,69.5,1092.25
1767275227.538737,15,70.65625,1085.75
1767275227.538737,15,71.921875,1079.5
1767275227.538737,15,73.078125,1073.5
1767275227.538737,15,74.40625,1067.75
1767275227.538737,15,75.5,1062.25
1767275227.538737,15,76.8125,1057.5
1767275227.538737,15,78.046875,1052.25
1767275227.538737,15,79.21875,1047.5
1767275227.538737,15,80.4375,1045.0
1767275227.538737,15,81.59375,1042.0
1767275227.538737,15,82.796875,1039.5
1767275227.538737,15,83.921875,1038.0
1767275227.538737,15,85.09375,1037.25
1767275227.538737,15,86.328125,1036.0
1767275227.538737,15,87.59375,1035.0
1767275227.538737,15,88.75,1036.25
1767275227.538737,15,89.96875,1036.75
1767275227.538737,15,91.171875,1036.75
1767275227.538737,15,92.390625,1038.25
1767275227.538737,15,93.609375,1040.75
1767275227.538737,15,94.828125,1043.25
1767275227.538737,15,96.03125,1045.5
1767275227.538737,15,97.1875,1048.0
1767275227.538737,15,98.421875,1051.75
1767275227.538737,15,99.609375,1056.25
1767275227.538737,15,100.75,1060.75
1767275227.538737,15,101.9375,1064.75
1767275227.538737,15,103.203125,1069.75
1767275227.538737,15,104.3125,1075.75
1767275227.538737,15,105.609375,1082.25
1767275227.538737,15,106.765625,1088.25
1767275227.538737,15,107.984375,1094.25
1767275227.538737,15,109.125,1102.5
1767275227.538737,15,110.328125,1111.25
1767275227.538737,15,111.546875,1118.75
1767275227.538737,15,112.78125,1127.75
1767275227.538737,15,113.921875,1138.25
1767275227.538737,15,115.125,1150.0
1767275227.538737,15,116.28125,1161.75
1767275227.538737,15,117.453125,1173.25
1767275227.538737,15,118.6875,1184.0
1767275227.538737,15,119.90625,1196.0
1767275227.538737,15,121.03125,1212.0
1767275227.538737,15,122.203125,1227.75
1767275227.538737,15,123.46875,1243.25
1767275227.538737,15,124.59375,1260.0
1767275227.538737,15,125.84375,1278.0
1767275227.538737,15,127.046875,1287.5
1767275227.538737,15,128.296875,1272.5
1767275227.538737,15,129.453125,1240.75
1767275227.538737,15,130.703125,1208.0
1767275227.538737,15,132.0625,1181.25
1767275227.538737,15,133.25,1159.25
1767275227.538737,15,134.453125,1135.25
1767275227.538737,15,135.765625,1112.75
1767275227.538737,15,136.9375,1092.5
1767275227.538737,15,138.1875,1071.75
1767275227.538737,15,139.4375,1052.5
1767275227.538737,15,140.671875,1035.25
1767275227.538737,15,141.875,1018.5
1767275227.538737,15,143.09375,1003.25
1767275227.538737,15,144.328125,989.5
1767275227.538737,15,145.53125,976.0
1767275227.538737,15,146.8125,963.0
1767275227.538737,15,148.0,952.0
1767275227.538737,15,149.265625,940.0
1767275227.538737,15,150.53125,928.0
1767275227.538737,15,151.734375,917.75
1767275227.538737,15,152.890625,908.75
1767275227.538737,15,154.140625,901.5
1767275227.538737,15,155.4375,893.75
1767275227.538737,15,156.671875,885.75
1767275227.538737,15,157.859375,879.0
1767275227.538737,15,159.03125,873.25
1767275227.538737,15,160.296875,867.25
1767275227.538737,15,161.484375,861.0
1767275227.538737,15,162.640625,856.25
1767275227.538737,15,163.9375,852.0
1767275227.538737,15,165.125,846.25
1767275227.538737,15,166.40625,841.25
1767275227.538737,15,167.515625,837.5
1767275227.538737,15,168.8125,834.25
1767275227.538737,15,169.953125,831.5
1767275227.538737,15,171.21875,828.75
1767275227.538737,15,172.5,826.0
1767275227.538737,15,173.578125,824.25
1767275227.538737,15,174.859375,823.25
1767275227.538737,15,176.09375,823.25
1767275227.538737,15,177.296875,823.5
1767275227.538737,15,178.4375,822.5
1767275227.538737,15,179.703125,822.75
1767275227.538737,15,180.859375,823.75
1767275227.538737,15,182.109375,824.75
1767275227.538737,15,183.234375,825.75
1767275227.538737,15,184.421875,827.0
1767275227.538737,15,185.640625,829.75
1767275227.538737,15,186.953125,833.25
1767275227.538737,15,188.09375,836.25
1767275227.538737,15,189.265625,839.25
1767275227.538737,15,190.421875,843.5
1767275227.538737,15,191.6875,847.75
1767275227.538737,15,192.890625,852.25
1767275227.538737,15,194.140625,857.25
1767275227.538737,15,195.1875,862.75
1767275227.538737,15,196.40625,868.5
1767275227.538737,15,197.640625,873.75
1767275227.538737,15,198.828125,879.75
1767275227.538737,15,200.015625,886.5
1767275227.538737,15,201.28125,893.25
1767275227.538737,15,202.484375,901.0
1767275227.538737,15,203.71875,909.25
1767275227.538737,15,204.84375,918.0
1767275227.538737,15,206.140625,927.75
1767275227.538737,15,207.234375,937.75
1767275227.538737,15,208.5,948.25
1767275227.538737,15,209.640625,959.5
1767275227.538737,15,210.8125,971.0
1767275227.538737,15,212.125,983.25
1767275227.538737,15,213.328125,995.5
1767275227.538737,15,214.40625,1008.75
1767275227.538737,15,215.578125,1025.75
1767275227.538737,15,216.8125,1042.0
1767275227.538737,15,218.046875,1058.25
1767275227.538737,15,219.1875,1076.0
1767275227.538737,15,220.375,1094.75
1767275227.538737,15,221.53125,1115.25
1767275227.538737,15,222.765625,1136.0
1767275227.538737,15,223.921875,1160.0
1767275227.538737,15,225.15625,1182.25
1767275227.538737,15,226.296875,1206.25
1767275227.538737,15,227.5,1235.75
1767275227.538737,15,228.71875,1265.25
1767275227.538737,15,229.875,1297.5
1767275227.538737,15,231.078125,1333.25
1767275227.538737,15,232.234375,1373.25
1767275227.538737,15,233.40625,1412.5
1767275227.538737,15,234.6875,1433.25
1767275227.538737,15,235.875,1427.0
1767275227.538737,15,237.109375,1408.0
1767275227.538737,15,238.375,1388.25
1767275227.538737,15,239.578125,1369.5
1767275227.538737,15,240.75,1350.25
1767275227.538737,15,242.046875,1334.5
1767275227.538737,15,243.265625,1324.0
1767275227.538737,15,244.4375,1312.25
1767275227.538737,15,245.71875,1299.25
1767275227.538737,15,246.90625,1288.25
1767275227.538737,15,248.078125,1278.25
1767275227.538737,15,249.375,1268.25
1767275227.538737,15,250.59375,1259.25
1767275227.538737,15,251.71875,1250.25
1767275227.538737,15,252.9375,1242.25
1767275227.538737,15,254.21875,1235.0
1767275227.538737,15,255.40625,1229.0
1767275227.538737,15,256.59375,1225.0
1767275227.538737,15,257.828125,1219.0
1767275227.538737,15,259.03125,1213.0
1767275227.538737,15,260.203125,1209.5
1767275227.538737,15,261.4375,1206.0
1767275227.538737,15,262.6875,1202.5
1767275227.538737,15,263.921875,1200.25
1767275227.538737,15,265.109375,1198.0
1767275227.538737,15,266.28125,1195.75
1767275227.538737,15,267.5,1195.5
1767275227.538737,15,268.703125,1195.75
1767275227.538737,15,269.90625,1196.0
1767275227.538737,15,271.171875,1196.75
1767275227.538737,15,272.390625,1199.0
1767275227.538737,15,273.53125,1201.25
1767275227.538737,15,274.765625,1203.25
1767275227.538737,15,275.921875,1206.25
1767275227.538737,15,277.109375,1209.25
1767275227.538737,15,278.328125,1213.5
1767275227.538737,15,279.5,1217.75
1767275227.538737,15,280.71875,1221.75
1767275227.538737,15,281.90625,1226.75
1767275227.538737,15,283.15625,1232.0
1767275227.538737,15,284.296875,1237.75
1767275227.538737,15,285.53125,1247.0
1767275227.538737,15,286.71875,1256.5
1767275227.538737,15,287.96875,1264.75
1767275227.538737,15,289.125,1273.5
1767275227.538737,15,290.296875,1284.25
1767275227.538737,15,291.515625,1296.0
1767275227.538737,15,292.71875,1310.25
1767275227.538737,15,293.875,1323.25
1767275227.538737,15,295.109375,1333.5
1767275227.538737,15,296.265625,1347.25
1767275227.538737,15,297.453125,1363.5
1767275227.538737,15,298.6875,1381.25
1767275227.538737,15,299.9375,1400.0
1767275227.538737,15,301.140625,1400.75
1767275227.538737,15,302.375,1390.5
1767275227.538737,15,304.8125,1325.25
1767275227.538737,15,307.359375,1250.0
1767275227.538737,15,311.109375,1113.25
1767275227.538737,15,312.328125,1087.25
1767275227.538737,15,313.609375,1064.0
1767275227.538737,15,314.859375,1043.25
1767275227.538737,15,316.078125,1020.25
1767275227.538737,15,317.265625,1000.0
1767275227.538737,15,318.5625,984.25
1767275227.538737,15,319.78125,967.75
1767275227.538737,15,320.984375,951.5
1767275227.538737,15,322.1875,937.0
1767275227.538737,15,323.40625,922.75
1767275227.538737,15,324.734375,908.75
1767275227.538737,15,325.859375,896.25
1767275227.538737,15,327.15625,885.25
1767275227.538737,15,328.359375,876.0
1767275227.538737,15,329.671875,865.75
1767275227.538737,15,330.875,855.25
1767275227.538737,15,332.078125,845.0
1767275227.538737,15,333.3125,834.5
1767275227.538737,15,334.546875,824.75
1767275227.538737,15,335.765625,816.75
1767275227.538737,15,337.015625,809.0
1767275227.538737,15,338.234375,801.75
1767275227.538737,15,339.46875,795.75
1767275227.538737,15,340.734375,790.5
1767275227.538737,15,341.828125,785.0
1767275227.538737,15,343.03125,779.75
1767275227.538737,15,344.28125,775.25
1767275227.538737,15,345.5,771.0
1767275227.538737,15,346.828125,767.5
1767275227.538737,15,348.015625,763.75
1767275227.538737,15,349.203125,760.5
1767275227.538737,15,350.40625,757.75
1767275227.538737,15,351.59375,755.5
