timestamp,quality,angle_deg,distance_mm
1780761077.4665575,15,72.3125,790.5
1780761077.4665575,15,73.78125,784.0
1780761077.4665575,15,75.09375,779.0
1780761077.4665575,15,76.390625,774.25
1780761077.4665575,15,77.734375,769.5
1780761077.4665575,15,79.234375,764.75
1780761077.4665575,15,80.515625,761.5
1780761077.4665575,15,81.859375,757.5
1780761077.4665575,15,83.140625,755.5
1780761077.4665575,15,84.484375,755.25
1780761077.4665575,15,85.859375,753.25
1780761077.4665575,15,87.21875,752.25
1780761077.4665575,15,88.5625,751.75
1780761077.4665575,15,90.015625,750.5
1780761077.4665575,15,91.203125,750.5
1780761077.4665575,15,92.546875,750.5
1780761077.4665575,15,93.96875,750.5
1780761077.4665575,15,95.28125,753.0
1780761077.4665575,15,96.578125,755.5
1780761077.4665575,15,98.015625,756.0
1780761077.4665575,15,99.34375,757.5
1780761077.4665575,15,100.65625,761.25
1780761077.4665575,15,102.015625,765.25
1780761077.4665575,15,103.3125,770.0
1780761077.4665575,15,104.578125,774.5
1780761077.4665575,15,105.984375,778.5
1780761077.4665575,15,110.515625,603.25
1780761077.4665575,15,111.796875,608.25
1780761077.4665575,15,113.234375,613.25
1780761077.4665575,15,114.5625,619.0
1780761077.4665575,15,115.984375,625.25
1780761077.4665575,15,117.203125,632.75
1780761077.4665575,15,118.421875,641.0
1780761077.4665575,15,119.890625,650.0
1780761077.4665575,15,121.0625,660.75
1780761077.4665575,15,125.84375,914.75
1780761077.4665575,15,127.15625,928.0
1780761077.4665575,15,128.484375,942.25
1780761077.4665575,15,129.859375,959.0
1780761077.4665575,15,131.234375,977.5
1780761077.4665575,15,132.46875,995.25
1780761077.4665575,15,133.8125,1014.5
1780761077.4665575,15,135.140625,1033.75
1780761077.4665575,15,136.390625,1058.25
1780761077.4665575,15,137.71875,1083.75
1780761077.4665575,15,140.34375,1139.5
1780761077.4665575,15,144.296875,1237.25
1780761077.4665575,15,159.953125,2086.75
1780761077.4665575,15,163.90625,2251.75
1780761077.4665575,15,165.25,2242.25
1780761077.4665575,15,166.5625,2263.0
1780761077.4665575,15,167.921875,2272.5
1780761077.4665575,15,190.890625,2255.75
1780761077.4665575,4,195.09375,1708.5
1780761077.4665575,15,215.328125,1833.0
1780761077.4665575,15,220.5625,788.0
1780761077.4665575,15,221.765625,784.25
1780761077.4665575,15,223.25,782.0
1780761077.4665575,15,224.5,780.5
1780761077.4665575,15,225.953125,778.75
1780761077.4665575,15,227.3125,777.5
1780761077.4665575,15,228.515625,777.25
1780761077.4665575,15,229.84375,776.75
1780761077.4665575,15,231.25,776.25
1780761077.4665575,15,232.484375,777.5
1780761077.4665575,15,233.921875,779.75
1780761077.4665575,15,235.234375,774.5
1780761077.4665575,15,241.03125,1580.75
1780761077.4665575,15,242.359375,1568.5
1780761077.4665575,15,243.703125,1548.75
1780761077.4665575,6,245.09375,1530.5
1780761077.4665575,15,246.4375,1528.25
1780761077.4665575,15,247.8125,1504.5
1780761077.4665575,15,249.125,1472.25
1780761077.4665575,15,250.46875,1460.0
1780761077.4665575,15,251.796875,1449.75
1780761077.4665575,15,253.1875,1435.0
1780761077.4665575,15,254.546875,1419.5
1780761077.4665575,15,255.84375,1411.25
1780761077.4665575,15,257.234375,1410.5
1780761077.4665575,15,258.578125,1400.25
1780761077.4665575,15,259.9375,1389.25
1780761077.4665575,15,261.28125,1386.5
1780761077.4665575,15,262.625,1383.25
1780761077.4665575,15,263.953125,1380.75
1780761077.4665575,15,265.265625,1379.25
1780761077.4665575,15,266.65625,1378.75
1780761077.4665575,15,268.0,1378.5
1780761077.4665575,15,269.34375,1378.25
1780761077.4665575,15,270.640625,1378.25
1780761077.4665575,15,274.71875,579.75
1780761077.4665575,15,276.125,577.75
1780761077.4665575,15,277.40625,582.0
1780761077.4665575,15,280.125,1181.75
1780761077.4665575,15,281.484375,1183.0
1780761077.4665575,15,282.875,1182.75
1780761077.4665575,15,284.140625,1191.0
1780761077.4665575,5,285.546875,1200.75
1780761077.4665575,15,286.8125,1205.0
1780761077.4665575,15,288.125,1223.25
1780761077.4665575,15,293.3125,1421.75
1780761077.4665575,15,294.671875,1439.25
1780761077.4665575,15,296.046875,1432.75
1780761077.4665575,15,298.765625,1321.75
1780761077.4665575,15,305.53125,1306.75
1780761077.4665575,15,316.453125,1121.5
1780761077.4665575,15,317.796875,1107.75
1780761077.4665575,15,319.234375,1089.25
1780761077.4665575,9,320.5625,1071.75
1780761077.4665575,15,321.953125,1066.0
1780761077.4665575,15,323.265625,1073.75
1780761077.4665575,15,329.78125,1259.5
1780761077.4665575,15,331.140625,1244.75
1780761077.4665575,15,332.421875,1235.25
1780761077.4665575,5,333.796875,1222.25
1780761077.4665575,15,335.171875,1209.0
1780761077.4665575,15,338.484375,824.25
1780761077.4665575,15,339.78125,824.5
1780761077.4665575,15,341.078125,837.5
1780761077.4665575,15,342.40625,842.25
1780761077.4665575,15,343.84375,830.25
1780761077.4665575,15,345.078125,827.25
1780761077.4665575,15,346.453125,830.75
1780761077.4665575,15,347.890625,823.5
1780761077.4665575,15,349.1875,812.75
1780761077.4665575,15,350.5625,803.5
1780761077.4665575,15,351.9375,801.0
1780761077.601426,15,353.234375,800.25
1780761077.601426,15,354.640625,798.5
1780761077.601426,15,355.9375,799.5
1780761077.601426,15,357.25,799.5
1780761077.601426,15,358.671875,796.0
1780761077.601426,15,359.921875,799.5
1780761077.601426,15,1.203125,801.0
1780761077.601426,15,2.703125,793.5
1780761077.601426,15,3.9375,792.5
1780761077.601426,15,5.296875,795.5
1780761077.601426,15,6.6875,797.75
1780761077.601426,15,7.96875,801.0
1780761077.601426,15,9.375,804.75
1780761077.601426,15,10.5625,809.5
1780761077.601426,15,11.9375,815.0
1780761077.601426,15,13.3125,819.25
1780761077.601426,15,14.640625,822.25
1780761077.601426,15,15.9375,826.5
1780761077.601426,15,17.421875,828.25
1780761077.601426,15,18.75,826.25
1780761077.601426,15,20.015625,835.75
1780761077.601426,15,21.40625,839.75
1780761077.601426,15,22.765625,835.75
1780761077.601426,15,24.03125,841.5
1780761077.601426,15,25.34375,853.75
1780761077.601426,15,27.90625,902.5
1780761077.601426,15,38.421875,1156.5
1780761077.601426,15,43.578125,1345.0
1780761077.601426,15,48.875,1434.75
1780761077.601426,15,54.921875,917.5
1780761077.601426,15,56.21875,909.75
1780761077.601426,15,57.671875,895.5
1780761077.601426,15,58.953125,882.75
1780761077.601426,15,60.375,869.75
1780761077.601426,15,61.765625,859.0
1780761077.601426,15,63.0,849.5
1780761077.601426,15,64.46875,838.5
1780761077.601426,15,65.71875,828.0
1780761077.601426,15,67.203125,818.0
1780761077.601426,15,68.5,810.25
1780761077.601426,15,69.90625,803.25
1780761077.601426,15,71.21875,795.0
1780761077.601426,15,72.5625,788.5
1780761077.601426,15,74.0,783.0
1780761077.601426,15,75.265625,777.75
1780761077.601426,15,76.59375,773.25
1780761077.601426,15,78.046875,769.25
1780761077.601426,15,79.375,770.5
1780761077.601426,15,80.75,767.25
1780761077.601426,15,82.03125,759.25
1780761077.601426,15,83.453125,756.0
1780761077.601426,15,84.765625,753.75
1780761077.601426,15,86.109375,752.25
1780761077.601426,15,87.515625,752.25
1780761077.601426,15,88.8125,752.0
1780761077.601426,15,90.109375,750.75
1780761077.601426,15,91.5,751.0
1780761077.601426,15,92.84375,751.75
1780761077.601426,15,94.09375,751.0
1780761077.601426,15,95.421875,752.25
1780761077.601426,15,96.796875,755.25
1780761077.601426,15,98.28125,757.5
1780761077.601426,15,100.90625,761.25
1780761077.601426,15,102.25,766.25
1780761077.601426,15,103.5,770.5
1780761077.601426,15,108.03125,596.5
1780761077.601426,15,109.421875,600.25
1780761077.601426,15,110.859375,604.25
1780761077.601426,15,112.109375,609.25
1780761077.601426,15,113.515625,613.25
1780761077.601426,15,114.734375,619.5
1780761077.601426,15,116.0625,629.0
1780761077.601426,15,117.5,636.5
1780761077.601426,15,118.640625,644.0
1780761077.601426,15,123.515625,893.5
1780761077.601426,15,124.78125,905.25
1780761077.601426,15,126.0625,917.75
1780761077.601426,15,127.484375,932.0
1780761077.601426,15,128.75,946.5
1780761077.601426,15,130.015625,963.0
1780761077.601426,15,131.421875,980.5
1780761077.601426,10,132.640625,998.25
1780761077.601426,15,133.9375,1016.5
1780761077.601426,15,135.28125,1034.5
1780761077.601426,15,137.859375,1093.75
1780761077.601426,15,139.09375,1121.25
1780761077.601426,15,140.46875,1141.25
1780761077.601426,15,144.328125,1242.5
1780761077.601426,15,146.953125,1326.25
1780761077.601426,15,149.609375,1425.25
1780761077.601426,15,166.640625,2255.5
1780761077.601426,15,167.96875,2255.0
1780761077.601426,15,190.890625,2255.25
1780761077.601426,15,195.09375,1672.5
1780761077.601426,15,215.3125,1771.0
1780761077.601426,15,223.125,758.0
1780761077.601426,15,224.53125,755.25
1780761077.601426,15,225.78125,754.0
1780761077.601426,15,227.21875,753.75
1780761077.601426,15,228.515625,753.5
1780761077.601426,15,229.875,753.25
1780761077.601426,15,231.140625,753.25
1780761077.601426,15,232.5,753.0
1780761077.601426,15,233.84375,753.5
1780761077.601426,15,235.203125,754.75
1780761077.601426,15,236.515625,757.0
1780761077.601426,15,237.890625,756.5
1780761077.601426,15,240.875,1580.75
1780761077.601426,15,242.296875,1560.25
1780761077.601426,15,243.625,1548.75
1780761077.601426,15,244.9375,1538.75
1780761077.601426,8,246.296875,1529.0
1780761077.601426,15,249.015625,1470.5
1780761077.601426,15,250.40625,1458.25
1780761077.601426,15,251.71875,1456.5
1780761077.601426,15,253.0625,1448.25
1780761077.601426,15,254.390625,1432.5
1780761077.601426,15,255.78125,1417.75
1780761077.601426,15,257.125,1410.5
1780761077.601426,15,258.421875,1409.75
1780761077.601426,15,259.84375,1398.5
1780761077.601426,15,261.15625,1397.75
1780761077.601426,15,262.53125,1394.25
1780761077.601426,15,263.859375,1381.25
1780761077.601426,15,265.140625,1381.0
1780761077.601426,15,266.5,1379.5
1780761077.601426,15,267.890625,1378.5
1780761077.601426,15,269.203125,1378.25
1780761077.601426,15,270.53125,1378.25
1780761077.601426,15,271.890625,1378.25
1780761077.601426,15,273.25,1378.25
1780761077.601426,15,278.84375,580.5
1780761077.601426,15,279.9375,580.0
1780761077.601426,15,284.15625,1190.75
1780761077.601426,15,285.546875,1196.25
1780761077.601426,15,286.875,1200.75
1780761077.601426,15,288.203125,1206.5
1780761077.601426,15,289.46875,1225.0
1780761077.601426,15,297.34375,1434.75
1780761077.601426,15,300.140625,1324.25
1780761077.601426,15,302.859375,1320.0
1780761077.601426,15,306.84375,1319.75
1780761077.601426,15,317.78125,1154.75
1780761077.601426,15,319.125,1136.0
1780761077.601426,15,320.46875,1117.75
1780761077.601426,15,321.9375,1095.0
1780761077.601426,15,323.25,1090.75
1780761077.601426,15,324.5625,1107.75
1780761077.601426,15,331.1875,1268.25
1780761077.601426,15,332.53125,1271.75
1780761077.601426,9,333.84375,1256.25
1780761077.601426,15,335.234375,1244.0
1780761077.601426,15,339.8125,857.25
1780761077.601426,15,341.125,866.0
1780761077.601426,15,342.375,878.75
1780761077.601426,15,343.796875,874.5
1780761077.601426,15,345.1875,863.0
1780761077.601426,15,346.4375,870.0
1780761077.601426,15,347.90625,870.0
1780761077.601426,15,349.25,856.75
1780761077.601426,15,350.609375,850.0
1780761077.601426,15,351.96875,839.5
1780761077.7384691,15,353.3125,838.0
1780761077.7384691,15,354.578125,838.5
1780761077.7384691,15,356.015625,835.0
1780761077.7384691,15,357.359375,835.5
1780761077.7384691,15,358.671875,831.25
1780761077.7384691,15,359.90625,835.5
1780761077.7384691,15,1.375,839.75
1780761077.7384691,15,2.71875,832.0
1780761077.7384691,15,4.09375,830.0
1780761077.7384691,15,5.359375,831.5
1780761077.7384691,15,6.734375,832.25
1780761077.7384691,15,8.0625,837.25
1780761077.7384691,15,9.359375,845.0
1780761077.7384691,15,10.625,850.75
1780761077.7384691,15,12.140625,852.5
1780761077.7384691,15,13.421875,853.5
1780761077.7384691,15,14.8125,857.0
1780761077.7384691,15,16.03125,866.0
1780761077.7384691,15,17.390625,868.75
1780761077.7384691,15,18.78125,871.5
1780761077.7384691,15,20.046875,885.5
1780761077.7384691,15,22.828125,867.75
1780761077.7384691,15,24.15625,878.75
1780761077.7384691,15,25.46875,898.5
1780761077.7384691,15,26.71875,923.75
1780761077.7384691,15,37.125,1183.5
1780761077.7384691,15,38.421875,1184.0
1780761077.7384691,15,42.28125,1383.25
1780761077.7384691,15,43.640625,1380.0
1780761077.7384691,15,54.9375,926.5
1780761077.7384691,15,56.359375,911.5
1780761077.7384691,15,57.625,895.25
1780761077.7384691,15,59.03125,882.5
1780761077.7384691,15,60.328125,869.75
1780761077.7384691,15,61.75,859.25
1780761077.7384691,15,63.140625,849.75
1780761077.7384691,15,64.421875,838.5
1780761077.7384691,15,65.890625,826.25
1780761077.7384691,15,67.28125,816.0
1780761077.7384691,15,68.625,810.0
1780761077.7384691,15,69.890625,803.25
1780761077.7384691,15,71.328125,795.0
1780761077.7384691,15,72.578125,788.25
1780761077.7384691,15,73.953125,782.75
1780761077.7384691,15,75.3125,777.75
1780761077.7384691,15,76.734375,778.0
1780761077.7384691,15,78.09375,774.25
1780761077.7384691,15,79.421875,765.5
1780761077.7384691,15,80.734375,762.0
1780761077.7384691,15,82.09375,760.0
1780761077.7384691,15,83.40625,757.25
1780761077.7384691,15,84.84375,754.5
1780761077.7384691,15,86.203125,753.0
1780761077.7384691,15,87.5,752.25
1780761077.7384691,15,88.875,751.5
1780761077.7384691,15,90.203125,750.75
1780761077.7384691,15,91.609375,751.25
1780761077.7384691,15,92.96875,752.25
1780761077.7384691,15,94.328125,752.5
1780761077.7384691,15,95.703125,753.5
1780761077.7384691,15,98.25,756.25
1780761077.7384691,15,99.609375,760.25
1780761077.7384691,15,104.28125,584.75
1780761077.7384691,15,105.515625,588.5
1780761077.7384691,15,106.9375,592.25
1780761077.7384691,15,108.1875,595.25
1780761077.7384691,15,109.421875,598.75
1780761077.7384691,15,110.890625,604.0
1780761077.7384691,15,112.078125,608.75
1780761077.7384691,15,113.375,614.75
1780761077.7384691,15,114.6875,622.75
1780761077.7384691,15,116.0,630.75
1780761077.7384691,15,118.15625,848.0
1780761077.7384691,15,119.5,859.0
1780761077.7384691,15,120.828125,869.0
1780761077.7384691,15,122.21875,880.5
1780761077.7384691,15,123.4375,893.5
1780761077.7384691,15,124.75,905.25
1780761077.7384691,15,126.15625,918.25
1780761077.7384691,15,127.484375,932.25
1780761077.7384691,15,128.796875,946.5
1780761077.7384691,15,130.125,963.0
1780761077.7384691,15,131.421875,980.5
1780761077.7384691,10,132.609375,998.25
1780761077.7384691,15,134.0,1016.5
1780761077.7384691,15,135.359375,1034.75
1780761077.7384691,15,137.859375,1094.0
1780761077.7384691,8,139.171875,1125.5
1780761077.7384691,15,140.53125,1146.75
1780761077.7384691,15,143.09375,1213.75
1780761077.7384691,4,144.40625,1238.5
1780761077.7384691,15,147.03125,1326.25
1780761077.7384691,15,149.671875,1432.75
1780761077.7384691,15,157.421875,2055.75
1780761077.7384691,15,158.734375,2014.5
1780761077.7384691,15,160.078125,2013.5
1780761077.7384691,14,166.703125,2252.5
1780761077.7384691,15,182.9375,1846.0
1780761077.7384691,15,195.125,1649.5
1780761077.7384691,15,216.515625,1772.0
1780761077.7384691,15,223.015625,731.0
1780761077.7384691,15,224.390625,731.25
1780761077.7384691,15,225.828125,730.0
1780761077.7384691,15,227.140625,728.75
1780761077.7384691,15,228.40625,726.75
1780761077.7384691,15,229.890625,726.75
1780761077.7384691,15,231.234375,727.5
1780761077.7384691,15,232.46875,728.5
1780761077.7384691,15,233.75,730.25
1780761077.7384691,15,235.265625,731.0
1780761077.7384691,15,236.578125,732.0
1780761077.7384691,15,237.90625,734.0
1780761077.7384691,15,239.125,736.25
1780761077.7384691,15,240.53125,738.5
1780761077.7384691,15,243.484375,1557.0
1780761077.7384691,15,244.859375,1539.25
1780761077.7384691,15,246.25,1529.25
1780761077.7384691,15,247.578125,1505.0
1780761077.7384691,15,248.953125,1477.5
1780761077.7384691,15,250.25,1465.5
1780761077.7384691,15,251.6875,1457.0
1780761077.7384691,15,253.03125,1448.25
1780761077.7384691,15,254.421875,1426.0
1780761077.7384691,15,255.71875,1411.25
1780761077.7384691,15,257.09375,1410.25
1780761077.7384691,15,258.40625,1409.5
1780761077.7384691,15,259.765625,1409.25
1780761077.7384691,15,261.140625,1408.5
1780761077.7384691,15,262.5,1394.5
1780761077.7384691,15,263.859375,1381.25
1780761077.7384691,15,265.203125,1380.5
1780761077.7384691,15,266.5,1379.25
1780761077.7384691,15,267.90625,1378.5
1780761077.7384691,15,269.203125,1378.25
1780761077.7384691,15,270.53125,1378.25
1780761077.7384691,15,271.90625,1378.25
1780761077.7384691,15,273.234375,1378.25
1780761077.7384691,15,274.625,1378.5
1780761077.7384691,15,278.53125,1393.5
1780761077.7384691,15,282.71875,591.25
1780761077.7384691,15,283.9375,594.25
1780761077.7384691,15,288.125,1205.75
1780761077.7384691,15,289.4375,1215.0
1780761077.7384691,15,290.78125,1233.75
1780761077.7384691,2,292.0625,1256.0
1780761077.7384691,15,305.484375,1325.75
1780761077.7384691,15,306.796875,1332.0
1780761077.7384691,15,319.015625,1171.0
1780761077.7384691,15,320.40625,1155.5
1780761077.7384691,15,321.78125,1144.5
1780761077.7384691,15,323.078125,1132.5
1780761077.7384691,15,324.375,1130.5
1780761077.7384691,15,325.6875,1142.25
1780761077.7384691,15,330.890625,1351.25
1780761077.7384691,15,332.28125,1337.5
1780761077.7384691,15,334.984375,1279.75
1780761077.7384691,15,336.3125,1260.75
1780761077.7384691,15,340.890625,894.0
1780761077.7384691,15,342.078125,901.75
1780761077.7384691,15,343.53125,907.25
1780761077.7384691,15,344.796875,901.0
1780761077.7384691,15,346.234375,893.0
1780761077.7384691,15,350.296875,884.25
1780761077.7384691,15,351.59375,882.0
1780761077.8764286,15,352.859375,878.25
1780761077.8764286,15,354.296875,873.75
1780761077.8764286,15,355.65625,877.75
1780761077.8764286,15,356.875,880.75
1780761077.8764286,15,358.296875,876.75
1780761077.8764286,15,359.640625,872.0
1780761077.8764286,15,1.015625,876.5
1780761077.8764286,15,2.265625,872.25
1780761077.8764286,15,3.609375,866.5
1780761077.8764286,15,5.046875,866.5
1780761077.8764286,15,6.265625,866.25
1780761077.8764286,15,7.6875,873.0
1780761077.8764286,15,9.046875,879.75
1780761077.8764286,15,10.25,885.25
1780761077.8764286,15,11.65625,887.25
1780761077.8764286,15,12.921875,888.75
1780761077.8764286,15,14.28125,892.75
1780761077.8764286,15,15.59375,897.5
1780761077.8764286,15,16.9375,900.75
1780761077.8764286,15,18.25,904.0
1780761077.8764286,15,19.515625,914.0
1780761077.8764286,15,20.984375,912.25
1780761077.8764286,15,22.25,905.75
1780761077.8764286,15,23.625,918.0
1780761077.8764286,15,24.90625,941.25
1780761077.8764286,15,26.15625,968.25
1780761077.8764286,15,36.609375,1209.0
1780761077.8764286,15,41.84375,1408.75
1780761077.8764286,15,55.8125,915.25
1780761077.8764286,15,57.140625,900.5
1780761077.8764286,15,58.546875,887.5
1780761077.8764286,15,59.828125,875.75
1780761077.8764286,15,61.28125,864.5
1780761077.8764286,15,62.671875,853.75
1780761077.8764286,15,64.03125,843.0
1780761077.8764286,15,65.34375,832.0
1780761077.8764286,15,66.671875,821.0
1780761077.8764286,15,68.15625,812.0
1780761077.8764286,15,69.375,805.5
1780761077.8764286,15,70.828125,798.25
1780761077.8764286,15,72.09375,791.5
1780761077.8764286,15,73.5,785.5
1780761077.8764286,15,74.875,780.5
1780761077.8764286,15,76.21875,776.5
1780761077.8764286,15,77.5,772.5
1780761077.8764286,15,78.984375,768.25
1780761077.8764286,15,80.296875,764.0
1780761077.8764286,15,81.6875,760.75
1780761077.8764286,15,82.953125,759.25
1780761077.8764286,15,84.390625,757.25
1780761077.8764286,15,85.671875,754.75
1780761077.8764286,15,86.984375,753.25
1780761077.8764286,15,88.328125,753.25
1780761077.8764286,15,89.609375,752.5
1780761077.8764286,15,91.078125,751.75
1780761077.8764286,15,92.421875,751.75
1780761077.8764286,15,96.46875,753.75
1780761077.8764286,15,101.09375,578.25
1780761077.8764286,15,102.265625,580.5
1780761077.8764286,15,103.671875,583.0
1780761077.8764286,15,105.046875,586.0
1780761077.8764286,15,106.34375,590.0
1780761077.8764286,15,107.578125,593.5
1780761077.8764286,15,108.859375,597.5
1780761077.8764286,15,110.171875,602.25
1780761077.8764286,15,111.546875,607.75
1780761077.8764286,15,112.859375,613.5
1780761077.8764286,15,117.578125,844.25
1780761077.8764286,15,118.859375,855.0
1780761077.8764286,15,120.109375,863.0
1780761077.8764286,15,121.421875,873.25
1780761077.8764286,15,122.75,887.25
1780761077.8764286,15,124.125,899.75
1780761077.8764286,15,125.453125,912.25
1780761077.8764286,15,126.734375,926.5
1780761077.8764286,15,128.09375,940.25
1780761077.8764286,15,129.390625,955.75
1780761077.8764286,15,130.703125,973.25
1780761077.8764286,15,131.953125,990.75
1780761077.8764286,15,133.234375,1008.25
1780761077.8764286,15,134.59375,1024.75
1780761077.8764286,7,137.171875,1074.5
1780761077.8764286,15,139.78125,1136.25
1780761077.8764286,15,142.390625,1197.25
1780761077.8764286,15,143.640625,1225.5
1780761077.8764286,15,145.0,1255.25
1780761077.8764286,15,150.171875,1435.0
1780761077.8764286,15,156.625,2014.0
1780761077.8764286,15,157.96875,1999.25
1780761077.8764286,15,159.3125,1999.25
1780761077.8764286,15,175.4375,1819.75
1780761077.8764286,15,178.125,1819.75
1780761077.8764286,15,182.109375,1819.75
1780761077.8764286,15,183.5,1819.75
1780761077.8764286,15,184.78125,1819.75
1780761077.8764286,15,186.125,1819.75
1780761077.8764286,15,195.640625,1590.75
1780761077.8764286,15,224.890625,704.25
1780761077.8764286,15,226.203125,706.25
1780761077.8764286,15,227.546875,705.25
1780761077.8764286,15,228.78125,705.0
1780761077.8764286,15,230.21875,705.0
1780761077.8764286,15,231.484375,705.25
1780761077.8764286,15,232.8125,705.75
1780761077.8764286,15,234.15625,707.0
1780761077.8764286,15,235.5625,708.75
1780761077.8764286,15,236.859375,709.75
1780761077.8764286,15,238.21875,711.5
1780761077.8764286,15,239.578125,715.25
1780761077.8764286,15,240.9375,718.75
1780761077.8764286,15,242.15625,713.25
1780761077.8764286,6,245.09375,1520.75
1780761077.8764286,15,247.875,1462.0
1780761077.8764286,15,249.203125,1471.5
1780761077.8764286,15,250.5,1459.5
1780761077.8764286,15,251.9375,1449.25
1780761077.8764286,15,253.3125,1427.75
1780761077.8764286,6,254.65625,1419.5
1780761077.8764286,15,255.9375,1417.75
1780761077.8764286,15,257.28125,1410.75
1780761077.8764286,15,258.609375,1409.75
1780761077.8764286,15,260.0,1398.0
1780761077.8764286,15,261.359375,1386.0
1780761077.8764286,15,262.71875,1384.25
1780761077.8764286,15,264.046875,1381.75
1780761077.8764286,15,265.34375,1379.25
1780761077.8764286,15,266.734375,1378.25
1780761077.8764286,15,268.078125,1378.0
1780761077.8764286,15,269.359375,1378.0
1780761077.8764286,15,270.734375,1378.25
1780761077.8764286,15,272.046875,1378.25
1780761077.8764286,15,273.375,1378.25
1780761077.8764286,15,274.75,1378.75
1780761077.8764286,15,275.953125,1379.25
1780761077.8764286,15,279.953125,1394.25
1780761077.8764286,15,285.34375,596.25
1780761077.8764286,15,286.84375,595.0
1780761077.8764286,15,290.765625,1228.5
1780761077.8764286,15,292.0625,1259.5
1780761077.8764286,15,300.03125,1442.75
1780761077.8764286,15,301.328125,1442.75
1780761077.8764286,15,308.109375,1343.75
1780761077.8764286,10,321.609375,1182.5
1780761077.8764286,15,322.984375,1157.75
1780761077.8764286,15,324.375,1146.25
1780761077.8764286,15,325.671875,1146.25
1780761077.8764286,6,330.84375,1385.0
1780761077.8764286,15,332.140625,1365.75
1780761077.8764286,15,333.546875,1352.75
1780761077.8764286,15,334.84375,1338.75
1780761077.8764286,2,336.203125,1319.0
1780761077.8764286,15,337.578125,1293.0
1780761077.8764286,15,340.671875,929.75
1780761077.8764286,15,342.03125,925.75
1780761077.8764286,15,343.34375,936.5
1780761077.8764286,15,344.71875,942.5
1780761077.8764286,15,346.109375,933.25
1780761077.8764286,15,347.40625,927.5
1780761077.8764286,15,348.78125,928.75
1780761077.8764286,15,350.078125,934.25
1780761078.0136106,15,352.8125,907.5
1780761078.0136106,15,354.03125,907.5
1780761078.0136106,15,355.4375,905.5
1780761078.0136106,15,356.75,909.0
1780761078.0136106,15,358.15625,909.5
1780761078.0136106,15,359.40625,901.25
1780761078.0136106,15,0.828125,901.75
1780761078.0136106,15,2.046875,904.25
1780761078.0136106,15,3.40625,899.75
1780761078.0136106,15,4.75,902.25
1780761078.0136106,15,6.171875,906.25
1780761078.0136106,15,7.40625,909.25
1780761078.0136106,15,8.765625,914.75
1780761078.0136106,15,10.109375,916.75
1780761078.0136106,15,11.5,915.5
1780761078.0136106,15,12.75,919.5
1780761078.0136106,15,13.984375,928.75
1780761078.0136106,15,15.328125,934.25
1780761078.0136106,15,16.703125,939.0
1780761078.0136106,15,18.078125,933.0
1780761078.0136106,15,19.40625,920.5
1780761078.0136106,15,20.734375,924.5
1780761078.0136106,15,21.96875,938.5
1780761078.0136106,15,24.609375,990.75
1780761078.0136106,15,25.875,1014.0
1780761078.0136106,15,35.015625,1241.0
1780761078.0136106,15,36.40625,1230.0
1780761078.0136106,15,40.265625,1440.0
1780761078.0136106,15,41.578125,1434.5
1780761078.0136106,15,45.515625,1437.75
1780761078.0136106,15,54.171875,931.5
1780761078.0136106,15,55.46875,916.5
1780761078.0136106,15,56.9375,902.5
1780761078.0136106,15,58.171875,890.25
1780761078.0136106,15,59.546875,878.0
1780761078.0136106,15,60.921875,866.25
1780761078.0136106,15,62.3125,856.25
1780761078.0136106,15,63.65625,844.75
1780761078.0136106,15,65.046875,832.5
1780761078.0136106,15,66.421875,822.5
1780761078.0136106,15,67.796875,813.75
1780761078.0136106,15,69.015625,806.75
1780761078.0136106,15,70.375,800.25
1780761078.0136106,15,71.84375,793.25
1780761078.0136106,15,73.21875,787.5
1780761078.0136106,15,74.546875,782.75
1780761078.0136106,15,75.796875,778.0
1780761078.0136106,15,77.109375,774.0
1780761078.0136106,15,78.5625,770.0
1780761078.0136106,15,79.875,765.5
1780761078.0136106,15,81.265625,762.0
1780761078.0136106,15,82.546875,759.25
1780761078.0136106,15,83.984375,756.75
1780761078.0136106,15,85.28125,754.75
1780761078.0136106,15,86.640625,753.5
1780761078.0136106,15,87.96875,753.0
1780761078.0136106,15,89.203125,752.25
1780761078.0136106,15,90.5625,751.5
1780761078.0136106,15,97.890625,572.5
1780761078.0136106,15,99.28125,574.75
1780761078.0136106,15,100.578125,576.75
1780761078.0136106,15,101.828125,579.25
1780761078.0136106,15,103.28125,581.5
1780761078.0136106,15,104.359375,584.25
1780761078.0136106,15,105.875,588.0
1780761078.0136106,15,107.09375,592.75
1780761078.0136106,15,108.453125,597.5
1780761078.0136106,15,109.8125,603.0
1780761078.0136106,15,111.8125,803.75
1780761078.0136106,15,113.078125,812.5
1780761078.0136106,15,114.4375,817.75
1780761078.0136106,15,115.734375,828.0
1780761078.0136106,15,117.125,840.5
1780761078.0136106,15,118.359375,851.75
1780761078.0136106,15,119.65625,860.75
1780761078.0136106,15,121.03125,871.0
1780761078.0136106,15,122.328125,883.25
1780761078.0136106,15,123.6875,896.25
1780761078.0136106,15,124.9375,907.75
1780761078.0136106,15,126.265625,920.0
1780761078.0136106,15,127.609375,936.0
1780761078.0136106,15,128.859375,951.5
1780761078.0136106,15,130.203125,966.75
1780761078.0136106,15,131.453125,983.75
1780761078.0136106,15,132.828125,1002.75
1780761078.0136106,15,134.078125,1020.5
1780761078.0136106,15,135.390625,1044.25
1780761078.0136106,7,136.75,1070.75
1780761078.0136106,15,138.046875,1098.75
1780761078.0136106,15,139.359375,1130.5
1780761078.0136106,15,140.59375,1147.75
1780761078.0136106,15,143.21875,1214.0
1780761078.0136106,5,144.578125,1243.5
1780761078.0136106,15,147.140625,1320.0
1780761078.0136106,15,149.765625,1434.5
1780761078.0136106,15,156.21875,1997.75
1780761078.0136106,15,158.953125,1921.75
1780761078.0136106,15,176.453125,1771.75
1780761078.0136106,15,177.765625,1759.75
1780761078.0136106,15,179.109375,1759.75
1780761078.0136106,15,181.78125,1771.75
1780761078.0136106,15,183.140625,1771.5
1780761078.0136106,15,184.453125,1771.5
1780761078.0136106,7,195.28125,1569.75
1780761078.0136106,15,196.609375,1550.25
1780761078.0136106,15,217.9375,1722.5
1780761078.0136106,15,228.609375,678.0
1780761078.0136106,15,229.984375,677.75
1780761078.0136106,15,231.40625,678.0
1780761078.0136106,15,232.6875,678.75
1780761078.0136106,15,234.109375,680.0
1780761078.0136106,15,235.34375,681.0
1780761078.0136106,15,236.75,682.0
1780761078.0136106,15,237.984375,684.75
1780761078.0136106,15,239.390625,687.75
1780761078.0136106,15,240.703125,690.75
1780761078.0136106,15,242.109375,693.5
1780761078.0136106,15,243.40625,697.75
1780761078.0136106,15,244.65625,702.0
1780761078.0136106,15,248.921875,1470.5
1780761078.0136106,15,250.265625,1458.5
1780761078.0136106,15,251.578125,1449.75
1780761078.0136106,15,252.953125,1434.5
1780761078.0136106,15,254.28125,1419.75
1780761078.0136106,15,255.65625,1411.5
1780761078.0136106,15,256.953125,1410.5
1780761078.0136106,15,258.28125,1409.75
1780761078.0136106,15,259.65625,1409.0
1780761078.0136106,15,261.046875,1395.75
1780761078.0136106,15,262.328125,1382.0
1780761078.0136106,15,263.671875,1380.75
1780761078.0136106,15,265.03125,1379.75
1780761078.0136106,15,266.34375,1378.75
1780761078.0136106,15,267.71875,1378.25
1780761078.0136106,15,269.015625,1378.25
1780761078.0136106,15,270.390625,1378.5
1780761078.0136106,15,271.734375,1378.5
1780761078.0136106,15,273.078125,1378.5
1780761078.0136106,15,274.390625,1379.0
1780761078.0136106,15,275.703125,1380.0
1780761078.0136106,15,277.015625,1381.25
1780761078.0136106,15,278.3125,1395.0
1780761078.0136106,15,282.375,1399.75
1780761078.0136106,15,285.171875,1231.5
1780761078.0136106,15,289.0,610.0
1780761078.0136106,15,290.375,611.75
1780761078.0136106,15,295.6875,1320.0
1780761078.0136106,15,302.390625,1442.75
1780761078.0136106,15,303.71875,1434.75
1780761078.0136106,15,307.75,1353.75
1780761078.0136106,15,309.15625,1341.5
1780761078.0136106,15,321.3125,1226.0
1780761078.0136106,15,322.59375,1203.5
1780761078.0136106,15,324.125,1191.75
1780761078.0136106,15,325.4375,1185.75
1780761078.0136106,15,326.8125,1190.75
1780761078.0136106,15,330.59375,1419.0
1780761078.0136106,15,331.9375,1409.25
1780761078.0136106,15,333.34375,1394.5
1780761078.0136106,15,334.65625,1372.0
1780761078.0136106,15,336.0,1361.25
1780761078.0136106,15,337.375,1352.5
1780761078.0136106,15,338.734375,1346.25
1780761078.0136106,15,341.8125,961.0
1780761078.0136106,15,343.25,963.75
1780761078.0136106,15,344.484375,975.5
1780761078.0136106,15,345.8125,974.5
1780761078.0136106,15,347.203125,962.75
1780761078.0136106,15,351.234375,952.5
1780761078.1514556,15,352.515625,946.25
1780761078.1514556,15,353.875,943.5
1780761078.1514556,15,355.203125,943.5
1780761078.1514556,15,356.59375,945.25
1780761078.1514556,15,357.953125,943.5
1780761078.1514556,15,359.25,942.5
1780761078.1514556,15,0.53125,947.0
1780761078.1514556,15,2.0,943.75
1780761078.1514556,15,3.234375,939.0
1780761078.1514556,15,4.6875,941.0
1780761078.1514556,15,5.96875,941.0
1780761078.1514556,15,7.25,943.5
1780761078.1514556,15,8.578125,946.0
1780761078.1514556,15,10.015625,949.25
1780761078.1514556,15,11.34375,954.5
1780761078.1514556,15,12.484375,957.5
1780761078.1514556,15,13.90625,961.75
1780761078.1514556,15,15.21875,962.75
1780761078.1514556,15,16.515625,969.0
1780761078.1514556,15,17.84375,984.5
1780761078.1514556,15,19.171875,977.75
1780761078.1514556,15,20.546875,968.0
1780761078.1514556,15,21.78125,982.75
1780761078.1514556,15,23.140625,1009.0
1780761078.1514556,15,24.4375,1039.75
1780761078.1514556,15,34.875,1266.25
1780761078.1514556,15,40.234375,1456.5
1780761078.1514556,15,50.125,981.25
1780761078.1514556,15,51.453125,963.5
1780761078.1514556,15,52.8125,946.75
1780761078.1514556,15,54.234375,929.5
1780761078.1514556,15,55.53125,914.75
1780761078.1514556,15,56.984375,901.75
1780761078.1514556,15,58.359375,888.75
1780761078.1514556,15,59.640625,877.5
1780761078.1514556,15,61.03125,865.75
1780761078.1514556,15,62.5,855.75
1780761078.1514556,15,63.796875,844.5
1780761078.1514556,15,65.09375,832.75
1780761078.1514556,15,66.515625,822.25
1780761078.1514556,15,67.8125,814.0
1780761078.1514556,15,69.296875,808.0
1780761078.1514556,15,70.5,801.75
1780761078.1514556,15,71.90625,794.0
1780761078.1514556,15,73.234375,787.75
1780761078.1514556,15,74.71875,783.25
1780761078.1514556,15,75.9375,778.0
1780761078.1514556,15,77.34375,773.5
1780761078.1514556,15,78.765625,769.5
1780761078.1514556,15,79.984375,765.75
1780761078.1514556,15,81.375,762.5
1780761078.1514556,15,82.703125,760.75
1780761078.1514556,15,84.03125,758.0
1780761078.1514556,15,85.3125,755.25
1780761078.1514556,15,86.59375,754.0
1780761078.1514556,15,88.0625,753.25
1780761078.1514556,15,92.53125,576.0
1780761078.1514556,15,94.046875,569.25
1780761078.1514556,15,95.1875,570.0
1780761078.1514556,15,96.546875,571.5
1780761078.1514556,15,98.0,573.25
1780761078.1514556,15,99.390625,575.0
1780761078.1514556,15,100.71875,577.25
1780761078.1514556,15,102.03125,579.5
1780761078.1514556,15,103.1875,582.25
1780761078.1514556,15,104.484375,586.75
1780761078.1514556,15,106.015625,591.25
1780761078.1514556,15,110.609375,800.25
1780761078.1514556,15,111.890625,806.75
1780761078.1514556,15,113.28125,812.0
1780761078.1514556,15,114.609375,821.0
1780761078.1514556,15,115.84375,831.5
1780761078.1514556,15,117.09375,841.0
1780761078.1514556,15,118.40625,852.0
1780761078.1514556,15,119.8125,861.25
1780761078.1514556,15,121.078125,872.5
1780761078.1514556,15,122.40625,886.25
1780761078.1514556,15,123.8125,898.0
1780761078.1514556,15,125.0,911.0
1780761078.1514556,15,126.34375,923.25
1780761078.1514556,15,127.609375,936.75
1780761078.1514556,15,129.0,952.5
1780761078.1514556,15,130.34375,967.25
1780761078.1514556,15,131.640625,984.25
1780761078.1514556,15,132.890625,1003.5
1780761078.1514556,15,134.234375,1022.5
1780761078.1514556,10,135.546875,1046.0
1780761078.1514556,9,136.859375,1071.5
1780761078.1514556,15,138.15625,1095.5
1780761078.1514556,8,140.734375,1153.0
1780761078.1514556,15,142.078125,1179.0
1780761078.1514556,15,144.640625,1248.75
1780761078.1514556,15,147.265625,1320.75
1780761078.1514556,6,157.65625,1907.25
1780761078.1514556,15,175.09375,1746.75
1780761078.1514556,15,177.78125,1747.25
1780761078.1514556,15,183.109375,1746.75
1780761078.1514556,15,190.953125,2094.0
1780761078.1514556,15,195.1875,1548.5
1780761078.1514556,15,196.578125,1531.0
1780761078.1514556,6,219.265625,1708.25
1780761078.1514556,15,230.15625,653.5
1780761078.1514556,15,231.390625,653.0
1780761078.1514556,15,232.828125,653.0
1780761078.1514556,15,234.046875,654.0
1780761078.1514556,15,235.34375,656.5
1780761078.1514556,15,236.84375,658.5
1780761078.1514556,15,238.0625,660.0
1780761078.1514556,15,239.390625,662.75
1780761078.1514556,15,240.703125,665.75
1780761078.1514556,15,242.109375,668.75
1780761078.1514556,15,243.421875,672.75
1780761078.1514556,15,244.71875,676.25
1780761078.1514556,15,246.0625,679.75
1780761078.1514556,15,247.328125,685.5
1780761078.1514556,15,248.8125,692.0
1780761078.1514556,15,251.578125,1449.75
1780761078.1514556,15,252.953125,1441.0
1780761078.1514556,7,254.34375,1432.5
1780761078.1514556,15,255.671875,1417.75
1780761078.1514556,15,257.015625,1410.5
1780761078.1514556,15,258.34375,1409.75
1780761078.1514556,15,259.65625,1408.75
1780761078.1514556,15,261.015625,1408.25
1780761078.1514556,15,262.40625,1394.75
1780761078.1514556,15,263.703125,1381.0
1780761078.1514556,15,265.046875,1379.5
1780761078.1514556,15,266.34375,1378.75
1780761078.1514556,15,267.765625,1378.25
1780761078.1514556,15,269.046875,1378.25
1780761078.1514556,15,270.4375,1378.5
1780761078.1514556,15,271.78125,1378.25
1780761078.1514556,15,273.109375,1378.25
1780761078.1514556,15,274.390625,1378.75
1780761078.1514556,15,275.75,1379.75
1780761078.1514556,15,277.03125,1381.25
1780761078.1514556,15,278.359375,1383.5
1780761078.1514556,15,279.671875,1385.25
1780761078.1514556,15,283.71875,1398.25
1780761078.1514556,15,286.515625,1238.0
1780761078.1514556,15,287.875,1227.5
1780761078.1514556,15,291.78125,621.25
1780761078.1514556,15,293.03125,619.75
1780761078.1514556,15,297.09375,1320.0
1780761078.1514556,15,303.78125,1444.25
1780761078.1514556,15,305.125,1435.0
1780761078.1514556,4,309.109375,1415.75
1780761078.1514556,15,310.4375,1423.5
1780761078.1514556,15,324.125,1220.75
1780761078.1514556,15,325.453125,1208.5
1780761078.1514556,15,326.71875,1207.25
1780761078.1514556,15,328.03125,1219.25
1780761078.1514556,15,331.9375,1434.75
1780761078.1514556,6,333.25,1426.25
1780761078.1514556,15,334.59375,1417.0
1780761078.1514556,15,335.9375,1408.5
1780761078.1514556,15,337.296875,1393.25
1780761078.1514556,15,338.703125,1373.5
1780761078.1514556,15,343.0625,989.75
1780761078.1514556,15,344.46875,999.25
1780761078.1514556,15,345.71875,1005.5
1780761078.1514556,15,347.109375,998.5
1780761078.1514556,15,348.453125,996.75
1780761078.1514556,15,349.75,1008.25
1780761078.2886999,15,352.453125,983.25
1780761078.2886999,15,353.75,977.5
1780761078.2886999,15,355.1875,977.0
1780761078.2886999,15,356.46875,982.0
1780761078.2886999,15,357.875,976.75
1780761078.2886999,15,359.171875,977.75
1780761078.2886999,15,0.453125,978.75
1780761078.2886999,15,1.84375,972.25
1780761078.2886999,15,3.140625,973.5
1780761078.2886999,15,4.453125,977.5
1780761078.2886999,15,5.796875,981.75
1780761078.2886999,15,7.203125,986.0
1780761078.2886999,15,8.5,989.75
1780761078.2886999,15,9.859375,991.25
1780761078.2886999,15,11.171875,991.0
1780761078.2886999,15,12.515625,993.0
1780761078.2886999,15,13.859375,996.0
1780761078.2886999,15,15.140625,997.75
1780761078.2886999,15,16.46875,1014.75
1780761078.2886999,15,19.171875,993.75
1780761078.2886999,15,20.484375,1007.25
1780761078.2886999,15,21.796875,1030.25
1780761078.2886999,15,23.140625,1056.25
1780761078.2886999,15,24.40625,1083.25
1780761078.2886999,15,33.5625,1293.5
1780761078.2886999,15,38.875,1488.5
1780761078.2886999,15,46.03125,1032.25
1780761078.2886999,15,48.796875,999.0
1780761078.2886999,15,50.109375,981.0
1780761078.2886999,15,51.5625,963.25
1780761078.2886999,15,52.84375,946.25
1780761078.2886999,15,54.203125,931.25
1780761078.2886999,15,55.53125,916.75
1780761078.2886999,15,56.96875,901.75
1780761078.2886999,15,58.28125,888.75
1780761078.2886999,15,59.703125,877.5
1780761078.2886999,15,61.109375,865.75
1780761078.2886999,15,62.4375,855.5
1780761078.2886999,15,63.78125,844.5
1780761078.2886999,15,65.15625,832.75
1780761078.2886999,15,66.546875,829.5
1780761078.2886999,15,67.78125,821.0
1780761078.2886999,15,69.25,807.5
1780761078.2886999,15,70.59375,801.0
1780761078.2886999,15,71.953125,794.0
1780761078.2886999,15,73.234375,787.5
1780761078.2886999,15,74.5625,783.0
1780761078.2886999,15,75.890625,778.0
1780761078.2886999,15,77.34375,773.5
1780761078.2886999,15,78.609375,769.25
1780761078.2886999,15,80.078125,765.5
1780761078.2886999,15,81.3125,762.5
1780761078.2886999,15,82.796875,760.5
1780761078.2886999,15,84.09375,758.0
1780761078.2886999,15,85.34375,755.5
1780761078.2886999,15,86.75,754.5
1780761078.2886999,15,90.015625,568.25
1780761078.2886999,15,91.265625,567.75
1780761078.2886999,15,92.5625,568.25
1780761078.2886999,15,93.90625,568.0
1780761078.2886999,15,95.328125,569.0
1780761078.2886999,15,96.796875,571.5
1780761078.2886999,15,98.03125,573.0
1780761078.2886999,15,99.390625,574.75
1780761078.2886999,15,100.609375,577.25
1780761078.2886999,15,102.046875,580.5
1780761078.2886999,15,103.203125,586.75
1780761078.2886999,15,105.296875,778.0
1780761078.2886999,15,106.71875,783.25
1780761078.2886999,15,107.890625,787.75
1780761078.2886999,15,109.21875,793.5
1780761078.2886999,15,110.640625,800.25
1780761078.2886999,15,111.9375,807.0
1780761078.2886999,15,113.28125,812.5
1780761078.2886999,15,114.546875,821.0
1780761078.2886999,15,115.859375,831.5
1780761078.2886999,15,117.25,842.5
1780761078.2886999,15,118.453125,853.25
1780761078.2886999,15,119.875,863.25
1780761078.2886999,15,121.09375,874.25
1780761078.2886999,15,122.5,885.5
1780761078.2886999,15,123.703125,897.75
1780761078.2886999,15,125.0625,911.0
1780761078.2886999,15,126.328125,923.5
1780761078.2886999,15,127.625,936.75
1780761078.2886999,15,129.0,952.5
1780761078.2886999,15,130.34375,967.5
1780761078.2886999,15,131.609375,984.75
1780761078.2886999,15,132.984375,1004.0
1780761078.2886999,15,134.3125,1022.5
1780761078.2886999,15,135.609375,1047.5
1780761078.2886999,6,136.90625,1072.75
1780761078.2886999,15,138.15625,1099.25
1780761078.2886999,15,139.515625,1130.75
1780761078.2886999,9,140.828125,1160.5
1780761078.2886999,4,142.0625,1186.75
1780761078.2886999,15,143.375,1214.75
1780761078.2886999,15,144.71875,1244.25
1780761078.2886999,15,147.3125,1320.75
1780761078.2886999,15,149.9375,1426.75
1780761078.2886999,4,155.0,1907.25
1780761078.2886999,15,156.375,1894.5
1780761078.2886999,15,157.71875,1866.5
1780761078.2886999,3,184.578125,1697.25
1780761078.2886999,15,185.875,1708.0
1780761078.2886999,15,191.09375,2060.5
1780761078.2886999,15,192.390625,2077.0
1780761078.2886999,15,196.6875,1505.75
1780761078.2886999,15,203.5,1463.25
1780761078.2886999,15,219.4375,1661.0
1780761078.2886999,15,232.890625,627.0
1780761078.2886999,15,234.328125,628.0
1780761078.2886999,15,235.578125,629.0
1780761078.2886999,15,236.90625,632.0
1780761078.2886999,15,238.1875,634.75
1780761078.2886999,15,239.6875,636.5
1780761078.2886999,15,240.828125,638.25
1780761078.2886999,15,242.296875,641.75
1780761078.2886999,15,243.578125,645.25
1780761078.2886999,15,244.984375,649.0
1780761078.2886999,15,246.265625,653.75
1780761078.2886999,15,247.46875,658.75
1780761078.2886999,15,248.90625,664.0
1780761078.2886999,15,250.109375,669.5
1780761078.2886999,15,251.453125,672.75
1780761078.2886999,15,254.40625,1419.75
1780761078.2886999,15,255.703125,1411.0
1780761078.2886999,15,257.078125,1410.25
1780761078.2886999,15,258.421875,1409.5
1780761078.2886999,15,259.75,1408.75
1780761078.2886999,15,261.078125,1396.75
1780761078.2886999,15,262.453125,1383.25
1780761078.2886999,15,263.8125,1381.5
1780761078.2886999,15,265.109375,1380.25
1780761078.2886999,15,266.5,1379.0
1780761078.2886999,15,267.765625,1378.5
1780761078.2886999,15,269.125,1378.25
1780761078.2886999,15,270.5,1378.5
1780761078.2886999,15,271.84375,1378.25
1780761078.2886999,15,273.125,1378.25
1780761078.2886999,15,274.46875,1378.5
1780761078.2886999,15,275.734375,1379.5
1780761078.2886999,15,277.046875,1381.25
1780761078.2886999,15,278.34375,1383.5
1780761078.2886999,15,279.703125,1385.25
1780761078.2886999,15,280.984375,1397.5
1780761078.2886999,15,287.828125,1249.25
1780761078.2886999,15,289.1875,1242.25
1780761078.2886999,15,290.546875,1229.5
1780761078.2886999,15,295.546875,637.5
1780761078.2886999,15,296.859375,645.5
1780761078.2886999,15,310.546875,1432.75
1780761078.2886999,15,311.890625,1433.0
1780761078.2886999,15,325.46875,1244.0
1780761078.2886999,15,326.75,1242.0
1780761078.2886999,15,328.171875,1241.5
1780761078.2886999,15,329.421875,1247.75
1780761078.2886999,15,333.328125,1453.5
1780761078.2886999,15,334.65625,1434.75
1780761078.2886999,15,336.0,1427.5
1780761078.2886999,15,337.390625,1419.0
1780761078.2886999,15,338.734375,1409.75
1780761078.2886999,15,343.171875,1034.5
1780761078.2886999,15,344.46875,1028.5
1780761078.2886999,15,345.78125,1040.5
1780761078.2886999,15,347.109375,1036.5
1780761078.2886999,15,348.359375,1029.75
1780761078.2886999,15,349.75,1024.25
1780761078.2886999,15,351.046875,1028.5
1780761078.4295096,15,352.40625,1024.0
1780761078.4295096,15,353.765625,1012.0
1780761078.4295096,15,355.15625,1012.75
1780761078.4295096,15,356.390625,1013.0
1780761078.4295096,15,357.78125,1010.5
1780761078.4295096,15,359.140625,1012.75
1780761078.4295096,15,0.453125,1015.75
1780761078.4295096,15,1.765625,1009.75
1780761078.4295096,15,3.15625,1007.25
1780761078.4295096,15,4.46875,1015.5
1780761078.4295096,15,5.828125,1020.25
1780761078.4295096,15,7.125,1018.25
1780761078.4295096,15,8.40625,1023.25
1780761078.4295096,15,9.734375,1023.75
1780761078.4295096,15,11.109375,1026.5
1780761078.4295096,15,12.484375,1032.5
1780761078.4295096,15,13.859375,1032.0
1780761078.4295096,15,15.109375,1037.75
1780761078.4295096,15,19.234375,1038.0
1780761078.4295096,15,20.53125,1050.25
1780761078.4295096,15,21.796875,1076.25
1780761078.4295096,15,23.078125,1102.0
1780761078.4295096,15,32.328125,1331.75
1780761078.4295096,15,33.59375,1328.25
1780761078.4295096,15,37.640625,1523.5
1780761078.4295096,15,38.953125,1519.75
1780761078.4295096,11,47.453125,1017.25
1780761078.4295096,15,48.90625,998.5
1780761078.4295096,15,50.265625,980.5
1780761078.4295096,15,51.65625,962.75
1780761078.4295096,15,53.0625,945.25
1780761078.4295096,15,54.3125,928.0
1780761078.4295096,15,55.671875,913.5
1780761078.4295096,15,57.015625,903.0
1780761078.4295096,15,58.453125,890.0
1780761078.4295096,15,59.84375,876.25
1780761078.4295096,15,61.21875,865.0
1780761078.4295096,15,62.546875,854.0
1780761078.4295096,15,63.921875,840.25
1780761078.4295096,15,65.28125,829.25
1780761078.4295096,15,66.734375,822.0
1780761078.4295096,15,68.0,813.0
1780761078.4295096,15,69.3125,807.0
1780761078.4295096,15,70.734375,801.5
1780761078.4295096,15,72.03125,794.0
1780761078.4295096,15,73.453125,786.5
1780761078.4295096,15,74.859375,781.5
1780761078.4295096,15,76.21875,777.5
1780761078.4295096,15,77.46875,773.0
1780761078.4295096,15,78.9375,768.5
1780761078.4295096,15,80.203125,764.25
1780761078.4295096,15,81.484375,761.0
1780761078.4295096,15,82.984375,759.5
1780761078.4295096,15,86.171875,570.5
1780761078.4295096,15,87.453125,570.0
1780761078.4295096,15,88.765625,569.0
1780761078.4295096,15,90.15625,568.25
1780761078.4295096,15,91.640625,568.0
1780761078.4295096,15,92.75,568.25
1780761078.4295096,15,94.234375,570.0
1780761078.4295096,15,95.578125,570.75
1780761078.4295096,15,96.96875,571.5
1780761078.4295096,15,98.125,574.25
1780761078.4295096,15,99.5625,578.75
1780761078.4295096,15,101.5625,766.5
1780761078.4295096,15,102.90625,771.0
1780761078.4295096,15,104.25,774.75
1780761078.4295096,15,105.609375,779.5
1780761078.4295096,15,106.953125,784.0
1780761078.4295096,15,108.296875,788.5
1780761078.4295096,15,109.546875,795.25
1780761078.4295096,15,110.84375,802.75
1780761078.4295096,15,112.265625,808.75
1780761078.4295096,15,113.5,814.75
1780761078.4295096,15,114.78125,823.25
1780761078.4295096,15,116.140625,833.0
1780761078.4295096,15,117.421875,844.0
1780761078.4295096,15,118.796875,855.0
1780761078.4295096,15,120.125,865.5
1780761078.4295096,15,121.359375,877.0
1780761078.4295096,15,122.6875,888.0
1780761078.4295096,15,124.03125,900.25
1780761078.4295096,15,125.328125,913.0
1780761078.4295096,15,126.640625,926.0
1780761078.4295096,15,127.984375,940.0
1780761078.4295096,15,129.3125,956.0
1780761078.4295096,15,130.609375,974.0
1780761078.4295096,15,131.890625,991.5
1780761078.4295096,15,133.21875,1008.75
1780761078.4295096,15,134.453125,1028.75
1780761078.4295096,15,135.78125,1053.25
1780761078.4295096,15,137.140625,1075.5
1780761078.4295096,15,139.671875,1136.25
1780761078.4295096,15,142.296875,1197.25
1780761078.4295096,15,143.625,1225.75
1780761078.4295096,15,144.875,1255.25
1780761078.4295096,15,147.59375,1322.5
1780761078.4295096,15,155.25,1862.75
1780761078.4295096,15,156.59375,1846.0
1780761078.4295096,15,157.9375,1833.75
1780761078.4295096,15,161.828125,1999.25
1780761078.4295096,15,164.5,2079.75
1780761078.4295096,15,182.046875,1650.25
1780761078.4295096,15,183.4375,1650.25
1780761078.4295096,15,191.25,1999.25
1780761078.4295096,15,192.59375,2029.75
1780761078.4295096,15,195.546875,1450.5
1780761078.4295096,15,196.90625,1449.75
1780761078.4295096,15,203.609375,1442.25
1780761078.4295096,15,218.28125,1560.0
1780761078.4295096,15,220.90625,1639.75
1780761078.4295096,15,230.25,1771.0
1780761078.4295096,15,234.453125,600.0
1780761078.4295096,15,235.765625,604.0
1780761078.4295096,15,237.125,606.0
1780761078.4295096,15,238.59375,607.25
1780761078.4295096,15,239.890625,609.25
1780761078.4295096,15,241.203125,612.25
1780761078.4295096,15,242.53125,615.25
1780761078.4295096,15,243.890625,618.5
1780761078.4295096,15,245.203125,622.5
1780761078.4295096,15,246.390625,627.0
1780761078.4295096,15,247.703125,631.5
1780761078.4295096,15,249.09375,636.75
1780761078.4295096,15,250.328125,642.5
1780761078.4295096,15,251.828125,648.25
1780761078.4295096,15,253.125,654.75
1780761078.4295096,15,254.28125,668.75
1780761078.4295096,15,257.171875,1416.5
1780761078.4295096,15,258.515625,1409.5
1780761078.4295096,15,259.890625,1409.0
1780761078.4295096,15,261.21875,1396.75
1780761078.4295096,15,262.609375,1383.0
1780761078.4295096,15,263.90625,1381.25
1780761078.4295096,15,265.21875,1379.75
1780761078.4295096,15,266.578125,1378.25
1780761078.4295096,7,267.9375,1378.0
1780761078.4295096,15,269.25,1378.0
1780761078.4295096,15,270.625,1378.25
1780761078.4295096,15,271.921875,1378.25
1780761078.4295096,15,273.28125,1378.0
1780761078.4295096,15,274.640625,1378.25
1780761078.4295096,15,275.96875,1379.25
1780761078.4295096,15,277.3125,1381.0
1780761078.4295096,15,278.640625,1383.25
1780761078.4295096,15,279.96875,1386.75
1780761078.4295096,15,281.25,1389.75
1780761078.4295096,15,282.625,1400.25
1780761078.4295096,15,286.609375,1418.5
1780761078.4295096,4,289.390625,1261.75
1780761078.4295096,15,290.75,1249.75
1780761078.4295096,9,292.09375,1235.0
1780761078.4295096,15,293.484375,1235.0
1780761078.4295096,15,298.5,655.25
1780761078.4295096,15,299.734375,660.5
1780761078.4295096,15,310.828125,1427.0
1780761078.4295096,15,312.171875,1435.0
1780761078.4295096,6,327.109375,1262.0
1780761078.4295096,6,328.46875,1251.0
1780761078.4295096,15,329.765625,1257.0
1780761078.4295096,15,334.953125,1459.5
1780761078.4295096,15,336.34375,1466.5
1780761078.4295096,15,337.65625,1449.75
1780761078.4295096,15,339.0,1434.75
1780761078.4295096,15,340.390625,1427.25
1780761078.4295096,15,343.453125,1059.25
1780761078.4295096,15,344.75,1061.75
1780761078.4295096,15,346.140625,1072.75
1780761078.4295096,15,347.484375,1072.75
1780761078.4295096,15,348.75,1069.0
1780761078.4295096,15,350.125,1065.75
1780761078.4295096,15,351.46875,1055.25
1780761078.5638397,15,352.84375,1049.25
1780761078.5638397,15,354.203125,1048.0
1780761078.5638397,15,355.515625,1047.25
1780761078.5638397,15,356.859375,1046.75
1780761078.5638397,15,358.21875,1046.5
1780761078.5638397,15,359.59375,1042.25
1780761078.5638397,15,0.84375,1046.0
1780761078.5638397,15,2.203125,1053.25
1780761078.5638397,15,3.515625,1051.0
1780761078.5638397,15,4.90625,1050.0
1780761078.5638397,15,6.296875,1052.0
1780761078.5638397,15,7.609375,1056.25
1780761078.5638397,15,8.875,1057.5
1780761078.5638397,15,10.28125,1059.25
1780761078.5638397,15,11.609375,1062.75
1780761078.5638397,15,12.9375,1065.0
1780761078.5638397,15,14.3125,1064.0
1780761078.5638397,15,15.671875,1075.5
1780761078.5638397,15,17.015625,1076.5
1780761078.5638397,15,18.296875,1069.0
1780761078.5638397,15,19.703125,1081.75
1780761078.5638397,15,21.0,1105.25
1780761078.5638397,15,22.34375,1128.25
1780761078.5638397,15,31.453125,1359.25
1780761078.5638397,15,36.765625,1554.75
1780761078.5638397,15,38.078125,1551.0
1780761078.5638397,15,46.6875,1032.0
1780761078.5638397,13,47.96875,1011.75
1780761078.5638397,15,49.421875,991.25
1780761078.5638397,15,50.75,974.5
1780761078.5638397,15,52.125,958.25
1780761078.5638397,15,53.4375,940.0
1780761078.5638397,15,54.875,925.5
1780761078.5638397,15,56.28125,911.25
1780761078.5638397,15,57.59375,895.75
1780761078.5638397,15,58.90625,882.75
1780761078.5638397,15,60.1875,870.0
1780761078.5638397,15,61.578125,856.5
1780761078.5638397,15,63.0,847.5
1780761078.5638397,15,64.25,839.5
1780761078.5638397,15,65.65625,828.0
1780761078.5638397,15,67.0,818.0
1780761078.5638397,15,68.40625,811.75
1780761078.5638397,15,69.6875,806.75
1780761078.5638397,15,71.09375,798.75
1780761078.5638397,15,72.40625,790.75
1780761078.5638397,15,73.84375,785.0
1780761078.5638397,15,75.25,779.75
1780761078.5638397,15,76.609375,774.25
1780761078.5638397,15,77.953125,769.75
1780761078.5638397,15,79.25,766.5
1780761078.5638397,15,82.609375,576.0
1780761078.5638397,15,83.765625,574.0
1780761078.5638397,15,85.25,571.75
1780761078.5638397,15,86.703125,569.75
1780761078.5638397,15,87.859375,567.75
1780761078.5638397,15,89.265625,566.25
1780761078.5638397,15,90.78125,567.25
1780761078.5638397,15,91.890625,569.0
1780761078.5638397,15,93.34375,569.75
1780761078.5638397,15,94.734375,571.0
1780761078.5638397,15,96.015625,576.25
1780761078.5638397,15,98.03125,758.5
1780761078.5638397,15,99.421875,762.0
1780761078.5638397,15,100.640625,765.75
1780761078.5638397,15,102.078125,769.75
1780761078.5638397,15,103.34375,772.25
1780761078.5638397,15,104.640625,775.0
1780761078.5638397,15,106.078125,780.5
1780761078.5638397,15,107.453125,786.0
1780761078.5638397,15,108.828125,791.5
1780761078.5638397,15,110.140625,799.0
1780761078.5638397,15,111.53125,805.75
1780761078.5638397,15,112.765625,811.5
1780761078.5638397,15,114.078125,819.25
1780761078.5638397,15,115.40625,828.75
1780761078.5638397,15,116.796875,839.5
1780761078.5638397,15,118.09375,850.0
1780761078.5638397,15,119.46875,859.0
1780761078.5638397,15,120.8125,869.25
1780761078.5638397,15,122.078125,881.0
1780761078.5638397,15,123.46875,893.75
1780761078.5638397,15,124.65625,909.0
1780761078.5638397,15,125.984375,922.0
1780761078.5638397,15,127.4375,932.5
1780761078.5638397,15,128.625,946.5
1780761078.5638397,15,130.0,963.5
1780761078.5638397,15,131.359375,982.0
1780761078.5638397,11,132.546875,1000.75
1780761078.5638397,15,133.875,1017.75
1780761078.5638397,15,135.15625,1036.75
1780761078.5638397,15,136.484375,1058.0
1780761078.5638397,15,140.375,1146.0
1780761078.5638397,5,144.234375,1240.0
1780761078.5638397,15,146.859375,1326.25
1780761078.5638397,15,153.265625,1860.5
1780761078.5638397,15,154.640625,1823.75
1780761078.5638397,15,157.40625,1786.5
1780761078.5638397,15,165.3125,2013.75
1780761078.5638397,15,174.890625,1629.25
1780761078.5638397,15,176.234375,1629.25
1780761078.5638397,15,177.5625,1629.25
1780761078.5638397,15,178.90625,1619.75
1780761078.5638397,15,181.578125,1619.75
1780761078.5638397,15,182.921875,1629.25
1780761078.5638397,15,184.265625,1629.25
1780761078.5638397,15,185.59375,1629.25
1780761078.5638397,15,186.9375,1629.25
1780761078.5638397,15,192.109375,1999.25
1780761078.5638397,15,196.4375,1419.25
1780761078.5638397,15,197.765625,1410.5
1780761078.5638397,2,204.578125,1401.5
1780761078.5638397,15,221.90625,1611.75
1780761078.5638397,15,232.53125,1747.5
1780761078.5638397,15,238.265625,583.0
1780761078.5638397,15,239.65625,584.75
1780761078.5638397,15,240.96875,586.75
1780761078.5638397,15,242.3125,589.25
1780761078.5638397,15,243.5625,592.5
1780761078.5638397,15,244.75,597.0
1780761078.5638397,15,246.09375,601.5
1780761078.5638397,15,247.4375,605.25
1780761078.5638397,15,248.8125,608.75
1780761078.5638397,15,250.234375,613.75
1780761078.5638397,15,251.53125,618.75
1780761078.5638397,15,252.765625,625.5
1780761078.5638397,15,254.0625,632.5
1780761078.5638397,15,255.390625,639.25
1780761078.5638397,15,256.671875,647.25
1780761078.5638397,15,258.0625,654.0
1780761078.5638397,15,260.84375,1408.25
1780761078.5638397,15,262.171875,1394.5
1780761078.5638397,15,263.484375,1380.0
1780761078.5638397,15,264.875,1378.75
1780761078.5638397,15,266.171875,1378.75
1780761078.5638397,15,267.578125,1378.5
1780761078.5638397,15,268.859375,1378.0
1780761078.5638397,15,270.25,1377.75
1780761078.5638397,15,271.578125,1377.75
1780761078.5638397,15,272.921875,1378.0
1780761078.5638397,15,274.21875,1378.25
1780761078.5638397,15,275.609375,1379.25
1780761078.5638397,15,276.921875,1381.0
1780761078.5638397,15,278.25,1382.5
1780761078.5638397,15,279.5625,1384.5
1780761078.5638397,15,280.921875,1397.5
1780761078.5638397,15,282.265625,1409.25
1780761078.5638397,15,283.609375,1410.0
1780761078.5638397,15,287.59375,1425.75
1780761078.5638397,15,288.921875,1432.75
1780761078.5638397,15,293.0625,1261.0
1780761078.5638397,15,294.4375,1249.75
1780761078.5638397,15,295.75,1261.5
1780761078.5638397,15,297.078125,1283.25
1780761078.5638397,15,300.765625,678.0
1780761078.5638397,13,302.078125,677.25
1780761078.5638397,15,313.03125,1442.75
1780761078.5638397,15,326.5625,1319.75
1780761078.5638397,15,329.28125,1268.0
1780761078.5638397,15,334.484375,1548.5
1780761078.5638397,5,335.765625,1530.0
1780761078.5638397,15,339.875,1474.75
1780761078.5638397,15,341.171875,1460.5
1780761078.5638397,15,344.28125,1103.0
1780761078.5638397,15,345.59375,1100.0
1780761078.5638397,15,346.921875,1108.5
1780761078.5638397,15,348.3125,1106.0
1780761078.5638397,15,349.734375,1096.75
1780761078.5638397,15,351.0625,1096.0
1780761078.701461,15,352.390625,1095.25
1780761078.701461,15,353.734375,1085.75
1780761078.701461,15,355.125,1077.75
1780761078.701461,15,356.453125,1079.25
1780761078.701461,15,357.734375,1088.5
1780761078.701461,15,359.1875,1084.5
1780761078.701461,15,0.53125,1077.0
1780761078.701461,15,1.890625,1075.75
1780761078.701461,15,3.15625,1074.5
1780761078.701461,15,4.453125,1080.25
1780761078.701461,15,5.828125,1088.25
1780761078.701461,15,7.171875,1090.5
1780761078.701461,15,8.5625,1091.75
1780761078.701461,15,9.84375,1093.5
1780761078.701461,15,11.21875,1096.5
1780761078.701461,15,12.5,1096.5
1780761078.701461,15,13.921875,1096.75
1780761078.701461,15,15.171875,1098.25
1780761078.701461,15,16.59375,1097.0
1780761078.701461,15,17.921875,1102.5
1780761078.701461,15,19.203125,1114.0
1780761078.701461,15,21.796875,1173.5
1780761078.701461,15,31.078125,1391.25
1780761078.701461,15,36.34375,1570.0
1780761078.701461,15,46.28125,1035.25
1780761078.701461,9,47.5625,1016.5
1780761078.701461,15,48.90625,998.5
1780761078.701461,15,50.34375,980.25
1780761078.701461,15,51.71875,962.75
1780761078.701461,15,53.09375,945.75
1780761078.701461,15,54.40625,930.0
1780761078.701461,15,55.875,915.5
1780761078.701461,15,57.171875,901.75
1780761078.701461,15,58.53125,888.75
1780761078.701461,15,59.75,880.0
1780761078.701461,15,61.21875,869.0
1780761078.701461,15,62.515625,854.5
1780761078.701461,15,63.984375,844.0
1780761078.701461,15,65.265625,832.75
1780761078.701461,15,66.65625,822.0
1780761078.701461,15,67.953125,813.25
1780761078.701461,15,69.28125,807.5
1780761078.701461,15,70.734375,801.75
1780761078.701461,15,72.09375,794.25
1780761078.701461,15,73.484375,788.25
1780761078.701461,15,74.75,783.0
1780761078.701461,15,77.984375,581.75
1780761078.701461,15,79.453125,582.25
1780761078.701461,15,80.859375,579.25
1780761078.701461,15,82.125,577.5
1780761078.701461,15,83.609375,574.5
1780761078.701461,15,84.796875,571.5
1780761078.701461,15,86.34375,570.25
1780761078.701461,15,87.609375,569.75
1780761078.701461,15,88.90625,569.0
1780761078.701461,15,90.140625,569.5
1780761078.701461,15,91.6875,571.25
1780761078.701461,15,96.25,756.75
1780761078.701461,15,97.625,759.25
1780761078.701461,15,99.0,762.75
1780761078.701461,15,100.390625,764.75
1780761078.701461,15,101.578125,768.0
1780761078.701461,15,102.953125,772.0
1780761078.701461,15,104.359375,776.0
1780761078.701461,15,105.5625,780.25
1780761078.701461,15,106.921875,784.75
1780761078.701461,15,108.390625,790.75
1780761078.701461,15,109.578125,798.25
1780761078.701461,15,111.0,804.25
1780761078.701461,15,112.390625,810.25
1780761078.701461,15,113.625,815.75
1780761078.701461,15,114.890625,825.75
1780761078.701461,15,116.296875,837.5
1780761078.701461,15,117.53125,847.5
1780761078.701461,15,118.875,856.75
1780761078.701461,15,120.171875,867.0
1780761078.701461,15,121.546875,879.25
1780761078.701461,15,122.796875,892.5
1780761078.701461,15,124.21875,905.25
1780761078.701461,15,125.453125,918.0
1780761078.701461,15,126.875,932.0
1780761078.701461,15,128.125,946.0
1780761078.701461,15,129.421875,962.5
1780761078.701461,15,130.796875,979.75
1780761078.701461,15,132.109375,996.75
1780761078.701461,15,133.328125,1014.75
1780761078.701461,15,134.734375,1033.75
1780761078.701461,15,136.015625,1057.75
1780761078.701461,15,137.34375,1083.25
1780761078.701461,15,139.921875,1139.0
1780761078.701461,15,142.5625,1199.0
1780761078.701461,15,143.875,1227.25
1780761078.701461,15,151.5,1821.25
1780761078.701461,15,154.234375,1773.5
1780761078.701461,15,155.578125,1761.5
1780761078.701461,15,156.9375,1748.0
1780761078.701461,15,164.859375,1997.75
1780761078.701461,15,174.4375,1589.5
1780761078.701461,15,175.8125,1589.5
1780761078.701461,15,177.15625,1589.25
1780761078.701461,15,178.46875,1580.0
1780761078.701461,15,179.828125,1571.5
1780761078.701461,15,181.203125,1571.25
1780761078.701461,15,182.53125,1571.0
1780761078.701461,15,183.859375,1571.5
1780761078.701461,15,185.234375,1571.5
1780761078.701461,15,186.578125,1580.5
1780761078.701461,15,197.421875,1395.0
1780761078.701461,15,198.8125,1380.25
1780761078.701461,15,221.375,1580.0
1780761078.701461,15,222.734375,1599.5
1780761078.701461,15,230.734375,1723.25
1780761078.701461,15,232.046875,1723.0
1780761078.701461,15,233.390625,1733.25
1780761078.701461,15,240.515625,558.25
1780761078.701461,15,241.828125,563.0
1780761078.701461,15,243.125,566.25
1780761078.701461,15,244.390625,570.0
1780761078.701461,15,245.828125,574.25
1780761078.701461,15,247.25,578.75
1780761078.701461,15,248.515625,583.25
1780761078.701461,15,249.75,587.25
1780761078.701461,15,251.0,592.25
1780761078.701461,15,252.515625,598.5
1780761078.701461,15,253.84375,604.0
1780761078.701461,15,255.09375,609.75
1780761078.701461,15,256.359375,616.25
1780761078.701461,15,257.59375,625.5
1780761078.701461,15,258.9375,634.75
1780761078.701461,15,260.390625,637.75
1780761078.701461,15,264.46875,1380.25
1780761078.701461,15,265.828125,1379.25
1780761078.701461,15,267.125,1378.5
1780761078.701461,15,268.515625,1378.25
1780761078.701461,15,269.828125,1378.0
1780761078.701461,15,271.203125,1377.75
1780761078.701461,15,272.546875,1378.0
1780761078.701461,15,273.890625,1378.0
1780761078.701461,15,275.15625,1378.5
1780761078.701461,15,276.5,1379.0
1780761078.701461,15,277.796875,1381.25
1780761078.701461,15,279.109375,1395.75
1780761078.701461,15,280.46875,1408.25
1780761078.701461,15,281.78125,1409.25
1780761078.701461,15,283.109375,1410.25
1780761078.701461,15,284.453125,1410.75
1780761078.701461,15,285.78125,1411.25
1780761078.701461,15,289.8125,1447.0
1780761078.701461,4,293.953125,1261.75
1780761078.701461,15,295.359375,1253.0
1780761078.701461,15,296.65625,1267.5
1780761078.701461,4,297.90625,1293.75
1780761078.701461,15,299.375,1317.25
1780761078.701461,15,303.109375,692.0
1780761078.701461,14,304.296875,690.25
1780761078.701461,15,327.4375,1332.75
1780761078.701461,15,328.796875,1332.75
1780761078.701461,15,330.125,1326.0
1780761078.701461,15,331.484375,1326.0
1780761078.701461,15,335.359375,1568.75
1780761078.701461,15,336.71875,1549.0
1780761078.701461,15,338.046875,1531.5
1780761078.701461,7,339.375,1530.0
1780761078.701461,15,340.71875,1528.25
1780761078.701461,15,345.125,1125.0
1780761078.701461,15,346.4375,1135.0
1780761078.701461,15,347.875,1139.75
1780761078.701461,15,349.265625,1132.0
1780761078.839468,15,353.328125,1124.75
1780761078.839468,15,354.609375,1113.25
1780761078.839468,15,355.9375,1115.25
1780761078.839468,15,357.3125,1119.75
1780761078.839468,15,358.609375,1118.5
1780761078.839468,15,359.96875,1119.5
1780761078.839468,15,1.34375,1118.25
1780761078.839468,15,2.640625,1112.0
1780761078.839468,15,4.0625,1119.0
1780761078.839468,15,5.34375,1124.0
1780761078.839468,15,6.765625,1123.0
1780761078.839468,15,8.078125,1125.25
1780761078.839468,15,9.421875,1128.0
1780761078.839468,15,10.75,1128.5
1780761078.839468,15,12.078125,1122.25
1780761078.839468,15,13.40625,1125.0
1780761078.839468,15,14.78125,1128.0
1780761078.839468,15,16.046875,1125.0
1780761078.839468,15,17.421875,1133.25
1780761078.839468,15,18.78125,1147.75
1780761078.839468,15,20.078125,1173.5
1780761078.839468,15,21.390625,1206.0
1780761078.839468,11,26.171875,2268.75
1780761078.839468,15,30.578125,1419.25
1780761078.839468,15,35.828125,1601.25
1780761078.839468,9,44.328125,1075.5
1780761078.839468,15,47.109375,1021.5
1780761078.839468,15,48.4375,1003.5
1780761078.839468,15,49.859375,984.5
1780761078.839468,15,51.15625,965.75
1780761078.839468,15,52.546875,948.75
1780761078.839468,15,53.875,934.0
1780761078.839468,15,55.25,920.5
1780761078.839468,15,56.71875,905.5
1780761078.839468,15,58.0625,893.0
1780761078.839468,15,59.46875,881.0
1780761078.839468,15,60.90625,868.0
1780761078.839468,15,62.265625,857.75
1780761078.839468,15,63.515625,848.75
1780761078.839468,15,64.890625,837.75
1780761078.839468,15,66.265625,827.25
1780761078.839468,15,67.734375,816.5
1780761078.839468,15,68.96875,809.75
1780761078.839468,15,70.34375,805.25
1780761078.839468,15,71.75,798.0
1780761078.839468,15,75.171875,592.75
1780761078.839468,15,76.421875,589.75
1780761078.839468,15,77.875,586.0
1780761078.839468,15,79.1875,582.0
1780761078.839468,15,80.53125,579.5
1780761078.839468,15,81.90625,576.75
1780761078.839468,15,83.109375,574.5
1780761078.839468,15,84.453125,572.25
1780761078.839468,15,85.859375,569.5
1780761078.839468,15,87.1875,570.25
1780761078.839468,15,88.609375,573.5
1780761078.839468,15,90.609375,752.75
1780761078.839468,15,91.96875,754.25
1780761078.839468,15,93.296875,755.75
1780761078.839468,15,94.640625,756.5
1780761078.839468,15,95.9375,757.5
1780761078.839468,15,97.40625,759.75
1780761078.839468,15,98.671875,761.75
1780761078.839468,15,99.984375,764.0
1780761078.839468,15,101.265625,768.0
1780761078.839468,15,102.640625,771.5
1780761078.839468,15,103.921875,775.0
1780761078.839468,15,105.34375,779.25
1780761078.839468,15,106.578125,783.5
1780761078.839468,15,107.90625,788.25
1780761078.839468,15,109.1875,795.25
1780761078.839468,15,110.59375,803.75
1780761078.839468,15,111.859375,809.0
1780761078.839468,15,113.203125,812.75
1780761078.839468,15,114.5625,823.25
1780761078.839468,15,115.9375,833.75
1780761078.839468,15,117.265625,843.0
1780761078.839468,15,118.53125,853.75
1780761078.839468,15,119.78125,863.0
1780761078.839468,15,121.203125,874.0
1780761078.839468,15,122.4375,886.0
1780761078.839468,15,123.828125,898.25
1780761078.839468,15,125.109375,911.5
1780761078.839468,15,126.46875,926.5
1780761078.839468,11,127.78125,942.0
1780761078.839468,15,128.984375,957.25
1780761078.839468,15,130.375,974.25
1780761078.839468,10,131.640625,992.25
1780761078.839468,15,133.015625,1007.75
1780761078.839468,15,134.28125,1023.0
1780761078.839468,15,135.59375,1048.0
1780761078.839468,15,136.953125,1073.25
1780761078.839468,15,139.453125,1136.0
1780761078.839468,15,140.765625,1160.75
1780761078.839468,15,142.140625,1192.25
1780761078.839468,15,143.375,1225.75
1780761078.839468,15,152.421875,1795.0
1780761078.839468,15,153.765625,1759.25
1780761078.839468,15,155.21875,1725.75
1780761078.839468,15,156.5625,1722.25
1780761078.839468,15,174.0625,1570.25
1780761078.839468,5,175.40625,1568.5
1780761078.839468,15,178.140625,1559.25
1780761078.839468,6,183.546875,1550.5
1780761078.839468,15,186.21875,1559.75
1780761078.839468,15,197.078125,1367.0
1780761078.839468,15,198.4375,1361.5
1780761078.839468,7,222.40625,1549.25
1780761078.839468,15,228.96875,1795.75
1780761078.839468,15,230.34375,1759.5
1780761078.839468,15,233.015625,1744.0
1780761078.839468,15,234.40625,1718.25
1780761078.839468,15,235.75,1683.5
1780761078.839468,15,238.453125,1650.0
1780761078.839468,15,244.328125,543.0
1780761078.839468,15,245.46875,548.5
1780761078.839468,15,246.875,552.25
1780761078.839468,15,248.171875,556.0
1780761078.839468,15,249.515625,560.25
1780761078.839468,15,250.953125,565.5
1780761078.839468,15,252.109375,572.0
1780761078.839468,15,253.5,578.25
1780761078.839468,15,254.8125,583.75
1780761078.839468,15,256.234375,590.0
1780761078.839468,15,257.453125,597.0
1780761078.839468,15,258.921875,603.75
1780761078.839468,15,260.078125,611.5
1780761078.839468,15,261.5,621.0
1780761078.839468,15,262.75,631.25
1780761078.839468,15,264.0625,638.25
1780761078.839468,15,266.875,1378.75
1780761078.839468,15,268.28125,1378.25
1780761078.839468,15,269.625,1377.25
1780761078.839468,15,270.90625,1378.0
1780761078.839468,15,272.265625,1378.5
1780761078.839468,15,273.609375,1378.25
1780761078.839468,15,274.953125,1378.5
1780761078.839468,15,276.125,1379.5
1780761078.839468,15,277.515625,1381.5
1780761078.839468,15,278.828125,1384.25
1780761078.839468,15,280.09375,1397.0
1780761078.839468,15,281.4375,1408.5
1780761078.839468,15,282.8125,1409.75
1780761078.839468,15,284.140625,1410.5
1780761078.839468,15,285.4375,1417.75
1780761078.839468,15,286.796875,1426.0
1780761078.839468,15,293.53125,1320.0
1780761078.839468,15,300.296875,1350.75
1780761078.839468,15,301.703125,1357.5
1780761078.839468,15,305.40625,714.0
1780761078.839468,15,306.5625,713.0
1780761078.839468,3,327.25,1407.75
1780761078.839468,15,329.9375,1340.0
1780761078.839468,15,331.25,1360.75
1780761078.839468,15,335.140625,1597.0
1780761078.839468,15,336.515625,1589.75
1780761078.839468,15,337.859375,1579.75
1780761078.839468,15,339.21875,1560.0
1780761078.839468,15,340.59375,1540.5
1780761078.839468,15,341.953125,1531.25
1780761078.839468,15,344.890625,1158.5
1780761078.839468,15,346.234375,1159.5
1780761078.839468,15,347.625,1168.0
1780761078.839468,15,348.96875,1163.5
1780761078.839468,15,350.28125,1161.75
1780761078.9764762,15,351.59375,1160.25
1780761078.9764762,15,353.015625,1155.25
1780761078.9764762,15,354.34375,1150.5
1780761078.9764762,15,355.640625,1148.0
1780761078.9764762,15,357.03125,1147.5
1780761078.9764762,15,358.40625,1149.25
1780761078.9764762,15,359.6875,1155.25
1780761078.9764762,15,1.046875,1152.25
1780761078.9764762,15,2.390625,1148.5
1780761078.9764762,15,3.765625,1151.0
1780761078.9764762,15,5.0625,1147.5
1780761078.9764762,15,6.421875,1150.75
1780761078.9764762,15,7.8125,1157.5
1780761078.9764762,15,9.046875,1161.75
1780761078.9764762,15,10.421875,1161.25
1780761078.9764762,15,11.78125,1161.25
1780761078.9764762,15,13.171875,1172.0
1780761078.9764762,15,17.1875,1168.75
1780761078.9764762,15,18.46875,1189.75
1780761078.9764762,15,19.828125,1223.0
1780761078.9764762,15,21.109375,1247.75
1780761078.9764762,15,25.96875,2294.25
1780761078.9764762,12,27.34375,2270.0
1780761078.9764762,15,30.421875,1451.0
1780761078.9764762,15,35.65625,1632.75
1780761078.9764762,15,40.046875,1146.75
1780761078.9764762,15,41.421875,1138.75
1780761078.9764762,15,44.15625,1076.75
1780761078.9764762,15,46.921875,1024.25
1780761078.9764762,15,48.265625,1008.0
1780761078.9764762,15,49.71875,989.75
1780761078.9764762,15,51.078125,970.5
1780761078.9764762,15,52.421875,951.25
1780761078.9764762,15,53.84375,935.25
1780761078.9764762,15,55.109375,923.5
1780761078.9764762,15,56.578125,910.5
1780761078.9764762,15,57.953125,897.25
1780761078.9764762,15,59.203125,884.25
1780761078.9764762,15,60.703125,871.0
1780761078.9764762,15,61.96875,861.25
1780761078.9764762,15,63.359375,851.5
1780761078.9764762,15,64.828125,840.25
1780761078.9764762,15,66.0625,831.0
1780761078.9764762,15,67.5625,821.0
1780761078.9764762,15,68.921875,812.5
1780761078.9764762,15,72.21875,603.0
1780761078.9764762,15,73.5,598.0
1780761078.9764762,15,74.921875,593.5
1780761078.9764762,15,76.15625,590.0
1780761078.9764762,15,77.625,586.0
1780761078.9764762,15,79.0,582.75
1780761078.9764762,15,80.265625,580.5
1780761078.9764762,15,81.734375,577.5
1780761078.9764762,15,82.96875,576.0
1780761078.9764762,15,84.390625,573.75
1780761078.9764762,15,89.046875,754.5
1780761078.9764762,15,90.5,753.75
1780761078.9764762,15,91.765625,754.25
1780761078.9764762,15,93.078125,755.0
1780761078.9764762,15,94.5625,755.75
1780761078.9764762,15,95.75,757.0
1780761078.9764762,15,97.203125,759.0
1780761078.9764762,15,98.546875,761.5
1780761078.9764762,15,99.84375,765.0
1780761078.9764762,15,101.234375,768.25
1780761078.9764762,15,102.53125,771.75
1780761078.9764762,15,103.75,776.0
1780761078.9764762,15,105.1875,780.25
1780761078.9764762,15,106.5,784.25
1780761078.9764762,15,107.859375,789.0
1780761078.9764762,15,109.046875,795.5
1780761078.9764762,15,110.5,802.25
1780761078.9764762,15,111.796875,807.75
1780761078.9764762,15,113.109375,814.0
1780761078.9764762,15,114.375,821.5
1780761078.9764762,15,115.703125,832.0
1780761078.9764762,15,117.046875,842.75
1780761078.9764762,15,118.296875,852.5
1780761078.9764762,15,119.6875,864.0
1780761078.9764762,15,121.046875,874.25
1780761078.9764762,15,122.28125,885.5
1780761078.9764762,15,123.625,898.5
1780761078.9764762,15,124.859375,911.75
1780761078.9764762,15,126.1875,924.25
1780761078.9764762,12,127.578125,940.0
1780761078.9764762,15,128.875,956.0
1780761078.9764762,15,130.234375,971.0
1780761078.9764762,15,131.484375,990.75
1780761078.9764762,15,132.75,1009.75
1780761078.9764762,15,134.0625,1026.25
1780761078.9764762,15,135.40625,1047.25
1780761078.9764762,6,136.734375,1071.75
1780761078.9764762,15,138.03125,1099.25
1780761078.9764762,15,139.3125,1130.75
1780761078.9764762,9,140.5625,1160.5
1780761078.9764762,4,141.875,1186.5
1780761078.9764762,15,152.203125,1745.75
1780761078.9764762,15,153.609375,1723.25
1780761078.9764762,15,154.984375,1709.5
1780761078.9764762,5,173.828125,1529.5
1780761078.9764762,4,175.1875,1529.5
1780761078.9764762,15,176.484375,1529.0
1780761078.9764762,15,181.890625,1450.25
1780761078.9764762,4,187.21875,1529.25
1780761078.9764762,15,198.0625,1344.0
1780761078.9764762,15,228.609375,1795.75
1780761078.9764762,15,235.359375,1673.25
1780761078.9764762,15,236.734375,1650.0
1780761078.9764762,15,240.828125,1583.25
1780761078.9764762,15,247.9375,527.5
1780761078.9764762,15,249.21875,532.25
1780761078.9764762,15,250.484375,537.0
1780761078.9764762,15,251.875,542.25
1780761078.9764762,15,253.359375,548.25
1780761078.9764762,15,254.6875,553.75
1780761078.9764762,15,255.890625,559.5
1780761078.9764762,15,257.125,566.5
1780761078.9764762,15,258.484375,574.25
1780761078.9764762,15,259.8125,582.25
1780761078.9764762,15,261.125,589.75
1780761078.9764762,15,262.421875,598.0
1780761078.9764762,15,263.734375,607.25
1780761078.9764762,15,264.984375,616.5
1780761078.9764762,15,266.25,627.5
1780761078.9764762,15,267.65625,637.75
1780761078.9764762,15,270.421875,1378.25
1780761078.9764762,15,271.796875,1378.25
1780761078.9764762,15,273.125,1378.0
1780761078.9764762,15,274.46875,1378.5
1780761078.9764762,15,275.71875,1379.5
1780761078.9764762,15,277.015625,1380.5
1780761078.9764762,15,278.40625,1382.75
1780761078.9764762,15,279.71875,1385.25
1780761078.9764762,15,281.03125,1397.25
1780761078.9764762,15,282.375,1409.0
1780761078.9764762,15,283.6875,1410.0
1780761078.9764762,15,285.0625,1411.0
1780761078.9764762,15,286.359375,1426.0
1780761078.9764762,15,287.65625,1448.25
1780761078.9764762,15,291.671875,1467.75
1780761078.9764762,15,295.765625,1320.0
1780761078.9764762,15,297.15625,1319.75
1780761078.9764762,15,298.5,1319.75
1780761078.9764762,15,299.796875,1336.5
1780761078.9764762,15,301.125,1349.5
1780761078.9764762,15,302.421875,1354.5
1780761078.9764762,15,308.703125,736.0
1780761078.9764762,15,327.828125,1434.75
1780761078.9764762,15,329.203125,1417.75
1780761078.9764762,15,330.53125,1408.0
1780761078.9764762,15,331.875,1407.75
1780761078.9764762,15,337.15625,1612.75
1780761078.9764762,15,338.484375,1593.5
1780761078.9764762,15,339.828125,1589.75
1780761078.9764762,15,341.1875,1580.0
1780761078.9764762,6,342.515625,1569.25
1780761078.9764762,15,345.546875,1189.5
1780761078.9764762,15,346.84375,1191.5
1780761078.9764762,15,348.09375,1203.25
1780761078.9764762,15,349.390625,1194.25
1780761078.9764762,15,350.8125,1183.25
1780761079.1144946,15,352.078125,1175.25
1780761079.1144946,15,353.390625,1179.75
1780761079.1144946,15,354.734375,1182.25
1780761079.1144946,15,356.09375,1177.5
1780761079.1144946,15,357.484375,1176.75
1780761079.1144946,15,358.78125,1178.25
1780761079.1144946,15,0.140625,1174.5
1780761079.1144946,15,1.484375,1170.5
1780761079.1144946,15,2.75,1182.5
1780761079.1144946,15,4.125,1186.0
1780761079.1144946,15,5.40625,1182.75
1780761079.1144946,15,6.796875,1191.25
1780761079.1144946,15,8.078125,1197.75
1780761079.1144946,15,9.453125,1197.75
1780761079.1144946,15,10.734375,1203.0
1780761079.1144946,15,12.078125,1201.5
1780761079.1144946,15,13.375,1209.0
1780761079.1144946,15,14.71875,1213.25
1780761079.1144946,15,16.078125,1199.75
1780761079.1144946,15,17.4375,1210.25
1780761079.1144946,15,18.65625,1242.25
1780761079.1144946,15,19.953125,1280.5
1780761079.1144946,15,26.15625,2294.25
1780761079.1144946,15,29.203125,1481.75
1780761079.1144946,15,34.453125,1669.5
1780761079.1144946,15,38.8125,1179.75
1780761079.1144946,15,41.5625,1131.25
1780761079.1144946,15,45.765625,1040.25
1780761079.1144946,15,47.140625,1021.5
1780761079.1144946,15,48.484375,1003.0
1780761079.1144946,15,49.859375,983.75
1780761079.1144946,15,51.171875,965.25
1780761079.1144946,15,52.546875,949.0
1780761079.1144946,15,53.921875,934.5
1780761079.1144946,15,55.296875,920.5
1780761079.1144946,15,56.6875,905.5
1780761079.1144946,15,58.03125,893.0
1780761079.1144946,15,59.34375,881.25
1780761079.1144946,15,60.75,869.5
1780761079.1144946,15,62.109375,859.25
1780761079.1144946,15,63.453125,849.5
1780761079.1144946,15,64.796875,837.0
1780761079.1144946,15,68.15625,614.5
1780761079.1144946,15,69.359375,611.5
1780761079.1144946,15,70.8125,607.0
1780761079.1144946,15,72.140625,601.5
1780761079.1144946,15,73.59375,596.75
1780761079.1144946,15,74.84375,593.0
1780761079.1144946,15,76.359375,589.5
1780761079.1144946,15,77.515625,585.75
1780761079.1144946,15,78.9375,582.75
1780761079.1144946,15,80.421875,581.25
1780761079.1144946,15,87.6875,755.25
1780761079.1144946,15,89.09375,754.25
1780761079.1144946,15,90.34375,753.5
1780761079.1144946,15,91.75,754.0
1780761079.1144946,15,93.109375,755.25
1780761079.1144946,15,94.40625,756.0
1780761079.1144946,15,95.640625,757.5
1780761079.1144946,15,97.078125,759.5
1780761079.1144946,15,98.3125,762.0
1780761079.1144946,15,99.796875,763.5
1780761079.1144946,15,101.09375,765.5
1780761079.1144946,15,102.3125,770.5
1780761079.1144946,15,103.75,775.5
1780761079.1144946,15,105.0,779.75
1780761079.1144946,15,106.28125,784.0
1780761079.1144946,15,107.640625,788.5
1780761079.1144946,15,108.96875,794.75
1780761079.1144946,15,110.359375,801.75
1780761079.1144946,15,111.53125,808.5
1780761079.1144946,15,112.984375,815.0
1780761079.1144946,15,114.203125,822.25
1780761079.1144946,15,115.5,832.25
1780761079.1144946,15,116.859375,843.5
1780761079.1144946,15,118.21875,854.5
1780761079.1144946,15,119.546875,864.75
1780761079.1144946,15,120.828125,874.75
1780761079.1144946,15,122.140625,886.5
1780761079.1144946,15,123.484375,899.0
1780761079.1144946,15,124.71875,911.25
1780761079.1144946,15,126.0625,922.5
1780761079.1144946,15,127.421875,936.25
1780761079.1144946,15,128.640625,954.25
1780761079.1144946,15,130.03125,969.75
1780761079.1144946,15,131.3125,987.5
1780761079.1144946,15,132.671875,1006.0
1780761079.1144946,15,134.015625,1022.75
1780761079.1144946,15,135.28125,1048.5
1780761079.1144946,7,136.578125,1073.25
1780761079.1144946,15,137.828125,1099.25
1780761079.1144946,15,139.234375,1130.0
1780761079.1144946,8,140.5,1159.75
1780761079.1144946,15,141.796875,1191.5
1780761079.1144946,15,143.140625,1224.75
1780761079.1144946,8,144.46875,1244.0
1780761079.1144946,15,149.46875,1757.0
1780761079.1144946,15,150.796875,1741.75
1780761079.1144946,5,153.5,1671.5
1780761079.1144946,15,154.8125,1673.75
1780761079.1144946,15,161.453125,1755.0
1780761079.1144946,15,173.609375,1459.0
1780761079.1144946,15,174.859375,1459.0
1780761079.1144946,15,176.21875,1469.75
1780761079.1144946,15,177.59375,1464.75
1780761079.1144946,15,181.5625,1465.0
1780761079.1144946,15,182.890625,1469.5
1780761079.1144946,15,184.1875,1474.5
1780761079.1144946,15,185.578125,1474.75
1780761079.1144946,15,186.921875,1458.75
1780761079.1144946,15,192.03125,1833.0
1780761079.1144946,15,193.359375,1845.75
1780761079.1144946,15,197.65625,1267.75
1780761079.1144946,15,198.984375,1275.0
1780761079.1144946,15,200.3125,1273.75
1780761079.1144946,15,221.59375,1435.0
1780761079.1144946,15,222.921875,1435.0
1780761079.1144946,15,233.484375,1654.0
1780761079.1144946,15,236.171875,1649.0
1780761079.1144946,15,238.84375,1601.0
1780761079.1144946,7,241.5625,1579.0
1780761079.1144946,15,242.890625,1549.5
1780761079.1144946,15,244.21875,1531.25
1780761079.1144946,15,251.4375,510.5
1780761079.1144946,15,252.90625,518.0
1780761079.1144946,15,254.125,523.5
1780761079.1144946,15,255.234375,528.75
1780761079.1144946,15,256.5,535.0
1780761079.1144946,15,258.0625,542.25
1780761079.1144946,15,259.265625,549.5
1780761079.1144946,15,260.546875,556.75
1780761079.1144946,15,261.78125,564.5
1780761079.1144946,15,263.125,573.75
1780761079.1144946,15,264.5,583.25
1780761079.1144946,15,265.78125,592.5
1780761079.1144946,15,267.015625,602.25
1780761079.1144946,15,268.28125,612.75
1780761079.1144946,15,269.5625,625.25
1780761079.1144946,15,270.90625,635.25
1780761079.1144946,15,273.625,1378.0
1780761079.1144946,15,274.921875,1378.5
1780761079.1144946,15,276.28125,1379.75
1780761079.1144946,15,277.609375,1381.75
1780761079.1144946,15,278.90625,1395.5
1780761079.1144946,15,280.265625,1397.75
1780761079.1144946,15,281.546875,1398.25
1780761079.1144946,15,282.859375,1409.5
1780761079.1144946,15,284.1875,1410.25
1780761079.1144946,7,285.515625,1411.5
1780761079.1144946,15,286.859375,1420.0
1780761079.1144946,15,288.15625,1434.5
1780761079.1144946,15,289.46875,1449.5
1780761079.1144946,8,293.4375,1473.0
1780761079.1144946,15,296.28125,1326.0
1780761079.1144946,15,297.546875,1326.0
1780761079.1144946,15,298.875,1320.0
1780761079.1144946,15,300.328125,1326.0
1780761079.1144946,15,301.59375,1346.0
1780761079.1144946,15,302.953125,1369.0
1780761079.1144946,9,304.25,1386.75
1780761079.1144946,15,310.515625,761.75
1780761079.1144946,15,329.59375,1435.0
1780761079.1144946,15,330.9375,1427.25
1780761079.1144946,15,332.265625,1427.0
1780761079.1144946,15,333.640625,1435.0
1780761079.1144946,15,338.84375,1639.5
1780761079.1144946,15,340.1875,1614.0
1780761079.1144946,15,341.5,1596.0
1780761079.1144946,15,342.90625,1591.5
1780761079.1144946,15,345.796875,1224.0
1780761079.1144946,15,347.1875,1228.0
1780761079.1144946,15,348.375,1236.5
1780761079.1144946,15,349.765625,1236.0
1780761079.1144946,15,351.046875,1239.25
1780761079.2548132,15,352.4375,1241.0
1780761079.2548132,15,353.75,1219.0
1780761079.2548132,15,355.09375,1213.5
1780761079.2548132,15,356.390625,1219.25
1780761079.2548132,15,357.796875,1221.5
1780761079.2548132,15,359.046875,1224.5
1780761079.2548132,15,0.4375,1222.25
1780761079.2548132,15,1.734375,1221.25
1780761079.2548132,15,3.109375,1215.75
1780761079.2548132,15,4.453125,1215.25
1780761079.2548132,15,5.765625,1219.25
1780761079.2548132,15,7.09375,1225.25
1780761079.2548132,15,8.4375,1230.75
1780761079.2548132,15,9.734375,1231.0
1780761079.2548132,15,11.078125,1237.75
1780761079.2548132,15,12.375,1246.25
1780761079.2548132,15,13.78125,1239.25
1780761079.2548132,15,15.078125,1227.75
1780761079.2548132,15,16.421875,1236.25
1780761079.2548132,15,17.6875,1261.75
1780761079.2548132,15,19.03125,1294.75
1780761079.2548132,15,28.15625,1516.0
1780761079.2548132,15,33.40625,1700.5
1780761079.2548132,15,37.75,1203.5
1780761079.2548132,15,40.5,1155.75
1780761079.2548132,15,41.859375,1130.0
1780761079.2548132,15,45.96875,1038.0
1780761079.2548132,10,47.3125,1017.5
1780761079.2548132,15,48.703125,998.25
1780761079.2548132,15,50.109375,980.25
1780761079.2548132,15,51.375,963.5
1780761079.2548132,15,52.828125,946.75
1780761079.2548132,15,54.140625,931.25
1780761079.2548132,15,55.53125,917.0
1780761079.2548132,15,56.828125,905.25
1780761079.2548132,15,58.25,892.75
1780761079.2548132,15,59.515625,878.25
1780761079.2548132,15,60.921875,866.5
1780761079.2548132,15,62.25,856.25
1780761079.2548132,15,65.53125,632.25
1780761079.2548132,15,66.8125,624.75
1780761079.2548132,15,68.28125,617.0
1780761079.2548132,15,69.75,610.75
1780761079.2548132,15,71.015625,605.5
1780761079.2548132,15,72.421875,600.5
1780761079.2548132,15,73.59375,596.25
1780761079.2548132,15,75.03125,592.5
1780761079.2548132,15,76.5,589.75
1780761079.2548132,15,77.65625,589.75
1780761079.2548132,15,86.484375,756.25
1780761079.2548132,15,87.859375,755.25
1780761079.2548132,15,89.15625,754.0
1780761079.2548132,15,90.5,753.5
1780761079.2548132,15,91.84375,754.0
1780761079.2548132,15,93.03125,755.0
1780761079.2548132,15,94.375,756.0
1780761079.2548132,15,95.75,757.5
1780761079.2548132,15,97.0625,759.5
1780761079.2548132,15,98.390625,761.75
1780761079.2548132,15,99.78125,765.0
1780761079.2548132,15,101.078125,767.5
1780761079.2548132,15,102.40625,770.5
1780761079.2548132,15,103.6875,775.5
1780761079.2548132,15,105.0625,779.75
1780761079.2548132,15,106.328125,783.75
1780761079.2548132,15,107.65625,788.75
1780761079.2548132,15,108.953125,795.0
1780761079.2548132,15,110.28125,802.0
1780761079.2548132,15,111.625,808.5
1780761079.2548132,15,112.875,814.75
1780761079.2548132,15,114.296875,822.25
1780761079.2548132,15,115.609375,832.25
1780761079.2548132,15,116.84375,843.25
1780761079.2548132,15,118.109375,854.25
1780761079.2548132,15,119.46875,864.5
1780761079.2548132,15,120.828125,874.5
1780761079.2548132,15,122.078125,885.75
1780761079.2548132,15,123.4375,898.25
1780761079.2548132,15,124.734375,911.25
1780761079.2548132,15,126.03125,923.0
1780761079.2548132,14,127.3125,938.5
1780761079.2548132,15,128.625,957.0
1780761079.2548132,15,129.96875,970.5
1780761079.2548132,15,131.203125,987.0
1780761079.2548132,15,132.5625,1005.5
1780761079.2548132,15,133.828125,1019.75
1780761079.2548132,7,136.5,1071.75
1780761079.2548132,15,137.734375,1099.25
1780761079.2548132,15,139.109375,1130.5
1780761079.2548132,9,140.375,1153.5
1780761079.2548132,7,147.921875,1743.25
1780761079.2548132,2,149.28125,1720.5
1780761079.2548132,15,151.953125,1657.25
1780761079.2548132,15,154.703125,1611.25
1780761079.2548132,15,159.890625,1771.25
1780761079.2548132,15,162.5625,1836.5
1780761079.2548132,15,163.921875,1822.0
1780761079.2548132,15,173.40625,1427.75
1780761079.2548132,15,174.734375,1427.75
1780761079.2548132,15,176.0625,1427.5
1780761079.2548132,15,177.4375,1427.5
1780761079.2548132,15,178.78125,1435.0
1780761079.2548132,15,180.109375,1442.75
1780761079.2548132,15,181.4375,1435.25
1780761079.2548132,15,182.765625,1427.75
1780761079.2548132,15,184.09375,1427.5
1780761079.2548132,15,185.421875,1427.5
1780761079.2548132,15,186.796875,1427.5
1780761079.2548132,15,193.25,1795.75
1780761079.2548132,9,198.921875,1245.0
1780761079.2548132,15,200.25,1237.0
1780761079.2548132,6,209.640625,1192.75
1780761079.2548132,15,221.421875,1435.0
1780761079.2548132,15,222.78125,1425.25
1780761079.2548132,15,224.109375,1425.25
1780761079.2548132,15,237.46875,1630.25
1780761079.2548132,15,238.796875,1601.0
1780761079.2548132,15,240.171875,1581.0
1780761079.2548132,15,241.46875,1560.5
1780761079.2548132,15,244.15625,1540.5
1780761079.2548132,7,245.484375,1530.0
1780761079.2548132,15,246.875,1506.75
1780761079.2548132,15,255.34375,499.0
1780761079.2548132,15,256.65625,506.75
1780761079.2548132,15,257.9375,513.0
1780761079.2548132,15,259.421875,520.0
1780761079.2548132,15,260.515625,527.25
1780761079.2548132,15,261.984375,535.25
1780761079.2548132,15,263.3125,543.5
1780761079.2548132,15,264.40625,552.0
1780761079.2548132,15,265.8125,560.75
1780761079.2548132,15,267.140625,571.0
1780761079.2548132,15,268.359375,582.25
1780761079.2548132,15,269.71875,591.75
1780761079.2548132,15,270.96875,603.0
1780761079.2548132,15,272.234375,616.0
1780761079.2548132,15,273.609375,617.0
1780761079.2548132,15,277.53125,1381.75
1780761079.2548132,15,278.875,1383.5
1780761079.2548132,15,280.203125,1396.25
1780761079.2548132,15,281.5,1408.5
1780761079.2548132,15,282.828125,1409.5
1780761079.2548132,15,284.203125,1410.25
1780761079.2548132,8,285.5,1411.5
1780761079.2548132,15,286.828125,1426.75
1780761079.2548132,15,288.140625,1441.25
1780761079.2548132,15,289.515625,1449.5
1780761079.2548132,15,290.84375,1464.25
1780761079.2548132,15,298.875,1336.75
1780761079.2548132,15,300.328125,1320.0
1780761079.2548132,15,301.671875,1333.0
1780761079.2548132,15,302.96875,1361.5
1780761079.2548132,15,304.3125,1386.0
1780761079.2548132,11,305.65625,1409.75
1780761079.2548132,15,313.15625,782.25
1780761079.2548132,15,332.28125,1442.0
1780761079.2548132,15,333.671875,1442.25
1780761079.2548132,15,337.53125,1707.75
1780761079.2548132,15,338.890625,1684.5
1780761079.2548132,15,340.203125,1661.5
1780761079.2548132,15,341.53125,1650.25
1780761079.2548132,15,342.859375,1649.75
1780761079.2548132,15,347.203125,1256.25
1780761079.2548132,15,348.46875,1266.25
1780761079.2548132,15,349.8125,1275.25
1780761079.2548132,15,351.1875,1276.0
1780761079.3924396,15,352.5,1264.5
1780761079.3924396,15,353.84375,1254.0
1780761079.3924396,15,355.171875,1252.5
1780761079.3924396,15,356.5,1253.25
1780761079.3924396,15,357.828125,1262.5
1780761079.3924396,15,359.234375,1261.25
1780761079.3924396,15,0.5625,1259.25
1780761079.3924396,15,1.90625,1262.25
1780761079.3924396,15,3.203125,1258.5
1780761079.3924396,15,4.59375,1253.0
1780761079.3924396,15,5.890625,1257.0
1780761079.3924396,15,7.171875,1261.5
1780761079.3924396,15,8.59375,1262.5
1780761079.3924396,15,9.90625,1266.25
1780761079.3924396,15,11.1875,1270.75
1780761079.3924396,15,12.4375,1274.25
1780761079.3924396,15,13.828125,1269.25
1780761079.3924396,15,15.078125,1264.25
1780761079.3924396,15,16.421875,1275.75
1780761079.3924396,15,33.421875,1736.5
1780761079.3924396,15,36.546875,1234.5
1780761079.3924396,15,37.8125,1224.5
1780761079.3924396,8,40.5625,1152.0
1780761079.3924396,15,42.0,1129.75
1780761079.3924396,15,46.140625,1036.0
1780761079.3924396,9,47.484375,1017.0
1780761079.3924396,15,48.765625,998.0
1780761079.3924396,15,50.140625,986.0
1780761079.3924396,15,51.578125,968.75
1780761079.3924396,15,52.859375,946.25
1780761079.3924396,15,54.21875,931.25
1780761079.3924396,15,55.640625,917.0
1780761079.3924396,15,56.90625,905.0
1780761079.3924396,15,58.265625,892.0
1780761079.3924396,15,59.703125,878.0
1780761079.3924396,15,62.84375,647.5
1780761079.3924396,15,64.1875,640.0
1780761079.3924396,15,65.75,631.25
1780761079.3924396,15,67.046875,623.5
1780761079.3924396,15,68.5,616.75
1780761079.3924396,15,69.734375,610.75
1780761079.3924396,15,71.1875,606.5
1780761079.3924396,15,72.515625,601.5
1780761079.3924396,15,73.734375,596.75
1780761079.3924396,15,78.640625,772.75
1780761079.3924396,15,81.296875,767.25
1780761079.3924396,15,82.53125,762.75
1780761079.3924396,15,84.0,761.0
1780761079.3924396,15,85.28125,758.75
1780761079.3924396,15,86.609375,756.5
1780761079.3924396,15,87.96875,755.75
1780761079.3924396,15,89.328125,754.25
1780761079.3924396,15,90.671875,753.25
1780761079.3924396,15,91.890625,754.5
1780761079.3924396,15,93.1875,755.75
1780761079.3924396,15,94.5625,756.5
1780761079.3924396,15,95.921875,757.75
1780761079.3924396,15,97.28125,760.0
1780761079.3924396,15,98.609375,762.5
1780761079.3924396,15,99.953125,765.25
1780761079.3924396,15,101.109375,768.75
1780761079.3924396,15,102.5,772.0
1780761079.3924396,15,103.765625,775.5
1780761079.3924396,15,105.125,780.0
1780761079.3924396,15,106.515625,784.5
1780761079.3924396,15,107.859375,790.5
1780761079.3924396,15,109.25,797.5
1780761079.3924396,15,110.5625,804.0
1780761079.3924396,15,111.875,809.5
1780761079.3924396,15,113.09375,815.25
1780761079.3924396,15,114.390625,826.75
1780761079.3924396,15,115.796875,838.25
1780761079.3924396,15,117.03125,848.0
1780761079.3924396,15,118.375,858.0
1780761079.3924396,15,119.765625,867.25
1780761079.3924396,15,121.046875,878.5
1780761079.3924396,15,122.34375,891.25
1780761079.3924396,15,123.59375,903.5
1780761079.3924396,15,124.921875,916.75
1780761079.3924396,15,126.25,930.5
1780761079.3924396,13,127.546875,943.75
1780761079.3924396,15,128.890625,959.25
1780761079.3924396,15,130.25,974.5
1780761079.3924396,15,131.59375,991.75
1780761079.3924396,15,132.796875,1012.75
1780761079.3924396,15,134.171875,1032.25
1780761079.3924396,15,135.46875,1055.25
1780761079.3924396,15,136.75,1076.25
1780761079.3924396,15,139.375,1137.0
1780761079.3924396,15,149.6875,1662.25
1780761079.3924396,15,151.046875,1634.5
1780761079.3924396,15,152.375,1606.0
1780761079.3924396,15,153.671875,1591.0
1780761079.3924396,15,162.953125,1801.75
1780761079.3924396,15,164.28125,1783.75
1780761079.3924396,15,173.875,1409.75
1780761079.3924396,15,175.1875,1409.5
1780761079.3924396,15,176.515625,1409.25
1780761079.3924396,15,177.890625,1409.0
1780761079.3924396,13,180.609375,1417.0
1780761079.3924396,15,181.9375,1417.0
1780761079.3924396,15,183.28125,1416.0
1780761079.3924396,15,184.625,1416.25
1780761079.3924396,15,185.953125,1416.25
1780761079.3924396,15,187.34375,1423.25
1780761079.3924396,15,192.46875,1747.75
1780761079.3924396,15,193.84375,1759.75
1780761079.3924396,15,199.609375,1214.25
1780761079.3924396,15,200.890625,1207.25
1780761079.3924396,2,214.390625,1102.75
1780761079.3924396,15,222.125,1434.75
1780761079.3924396,4,223.5,1416.0
1780761079.3924396,15,224.921875,1386.0
1780761079.3924396,15,238.203125,1612.0
1780761079.3924396,15,239.484375,1592.0
1780761079.3924396,15,240.859375,1571.5
1780761079.3924396,15,242.203125,1551.5
1780761079.3924396,15,247.609375,1486.5
1780761079.3924396,15,249.015625,1469.0
1780761079.3924396,15,250.296875,1457.75
1780761079.3924396,15,258.828125,492.5
1780761079.3924396,15,260.15625,493.25
1780761079.3924396,15,261.53125,501.0
1780761079.3924396,15,262.8125,507.5
1780761079.3924396,15,264.015625,516.25
1780761079.3924396,15,265.328125,525.25
1780761079.3924396,15,266.546875,534.25
1780761079.3924396,15,267.84375,544.25
1780761079.3924396,15,269.109375,554.5
1780761079.3924396,15,270.40625,566.0
1780761079.3924396,15,271.90625,577.75
1780761079.3924396,15,273.203125,589.25
1780761079.3924396,15,274.375,602.25
1780761079.3924396,15,275.546875,617.5
1780761079.3924396,15,276.796875,619.5
1780761079.3924396,15,280.84375,1398.0
1780761079.3924396,15,282.171875,1409.25
1780761079.3924396,15,283.5,1409.75
1780761079.3924396,15,284.828125,1410.75
1780761079.3924396,15,286.171875,1419.25
1780761079.3924396,15,287.5,1434.25
1780761079.3924396,15,288.8125,1449.0
1780761079.3924396,15,290.125,1457.5
1780761079.3924396,15,291.4375,1466.75
1780761079.3924396,15,292.78125,1484.25
1780761079.3924396,15,299.65625,1322.5
1780761079.3924396,15,300.953125,1340.75
1780761079.3924396,7,302.265625,1368.0
1780761079.3924396,7,303.578125,1378.0
1780761079.3924396,15,304.90625,1387.5
1780761079.3924396,15,306.234375,1406.0
1780761079.3924396,5,315.078125,807.75
1780761079.3924396,15,332.90625,1460.5
1780761079.3924396,15,339.484375,1723.25
1780761079.3924396,15,343.515625,1685.75
1780761079.3924396,15,346.4375,1302.25
1780761079.3924396,15,347.6875,1293.5
1780761079.3924396,15,349.03125,1306.5
1780761079.3924396,15,350.4375,1310.5
1780761079.5304601,15,351.6875,1321.75
1780761079.5304601,15,353.03125,1336.75
1780761079.5304601,15,354.34375,1319.5
1780761079.5304601,15,355.734375,1294.25
1780761079.5304601,15,357.0625,1289.0
1780761079.5304601,15,358.453125,1289.25
1780761079.5304601,15,359.703125,1296.0
1780761079.5304601,15,1.09375,1291.75
1780761079.5304601,15,2.421875,1283.0
1780761079.5304601,15,3.734375,1289.25
1780761079.5304601,15,5.109375,1295.25
1780761079.5304601,15,6.359375,1297.75
1780761079.5304601,15,7.734375,1296.75
1780761079.5304601,15,9.03125,1298.5
1780761079.5304601,15,10.390625,1315.0
1780761079.5304601,15,11.765625,1319.5
1780761079.5304601,15,13.171875,1302.25
1780761079.5304601,15,14.5,1296.25
1780761079.5304601,15,15.8125,1307.5
1780761079.5304601,15,17.140625,1336.25
1780761079.5304601,15,18.453125,1374.0
1780761079.5304601,15,27.640625,1576.5
1780761079.5304601,15,32.90625,1760.75
1780761079.5304601,15,37.328125,1227.75
1780761079.5304601,15,38.6875,1198.0
1780761079.5304601,15,41.375,1138.25
1780761079.5304601,15,44.078125,1075.75
1780761079.5304601,15,46.828125,1024.25
1780761079.5304601,15,48.25,1007.75
1780761079.5304601,15,49.5625,990.25
1780761079.5304601,15,50.921875,971.75
1780761079.5304601,15,52.28125,955.0
1780761079.5304601,15,53.65625,939.0
1780761079.5304601,15,55.09375,924.25
1780761079.5304601,15,56.4375,910.75
1780761079.5304601,15,59.59375,669.25
1780761079.5304601,15,61.0,660.25
1780761079.5304601,15,62.5,650.75
1780761079.5304601,15,63.8125,641.25
1780761079.5304601,15,65.0625,633.25
1780761079.5304601,15,66.46875,626.0
1780761079.5304601,15,67.796875,619.25
1780761079.5304601,15,69.34375,614.5
1780761079.5304601,15,70.609375,610.5
1780761079.5304601,15,79.5,774.25
1780761079.5304601,15,80.875,766.5
1780761079.5304601,15,82.078125,762.5
1780761079.5304601,15,83.453125,760.25
1780761079.5304601,15,84.828125,759.25
1780761079.5304601,15,86.09375,757.5
1780761079.5304601,15,87.578125,756.25
1780761079.5304601,15,88.78125,755.75
1780761079.5304601,15,90.171875,755.25
1780761079.5304601,15,91.515625,753.75
1780761079.5304601,15,92.796875,754.5
1780761079.5304601,15,94.171875,756.75
1780761079.5304601,15,95.546875,758.25
1780761079.5304601,15,96.765625,760.0
1780761079.5304601,15,98.21875,761.75
1780761079.5304601,15,99.453125,763.25
1780761079.5304601,15,100.796875,766.5
1780761079.5304601,15,102.1875,770.25
1780761079.5304601,15,103.53125,774.75
1780761079.5304601,15,104.859375,779.75
1780761079.5304601,15,106.078125,783.0
1780761079.5304601,15,107.421875,788.5
1780761079.5304601,15,108.84375,795.5
1780761079.5304601,15,110.078125,801.0
1780761079.5304601,15,111.453125,806.0
1780761079.5304601,15,112.765625,812.75
1780761079.5304601,15,114.109375,822.25
1780761079.5304601,15,115.375,832.0
1780761079.5304601,15,116.609375,841.0
1780761079.5304601,15,118.0625,851.25
1780761079.5304601,15,119.359375,860.0
1780761079.5304601,15,120.609375,870.25
1780761079.5304601,15,121.984375,883.5
1780761079.5304601,15,123.25,895.75
1780761079.5304601,15,124.609375,909.75
1780761079.5304601,15,125.921875,923.75
1780761079.5304601,15,127.203125,935.0
1780761079.5304601,15,128.484375,950.25
1780761079.5304601,15,129.78125,967.25
1780761079.5304601,15,131.15625,983.75
1780761079.5304601,11,132.3125,1002.5
1780761079.5304601,15,133.671875,1020.0
1780761079.5304601,15,135.0,1038.25
1780761079.5304601,15,136.28125,1063.0
1780761079.5304601,15,137.546875,1093.25
1780761079.5304601,15,141.484375,1157.5
1780761079.5304601,11,146.4375,1674.5
1780761079.5304601,15,147.765625,1650.75
1780761079.5304601,15,150.4375,1590.75
1780761079.5304601,15,151.75,1588.0
1780761079.5304601,6,153.109375,1569.75
1780761079.5304601,15,161.015625,1745.25
1780761079.5304601,15,162.359375,1758.5
1780761079.5304601,15,163.71875,1745.75
1780761079.5304601,15,173.234375,1387.0
1780761079.5304601,15,174.578125,1372.0
1780761079.5304601,15,175.90625,1365.75
1780761079.5304601,15,177.203125,1365.0
1780761079.5304601,15,181.34375,1343.25
1780761079.5304601,15,182.6875,1361.5
1780761079.5304601,15,184.0,1365.0
1780761079.5304601,5,188.0,1395.5
1780761079.5304601,15,193.15625,1730.25
1780761079.5304601,15,194.46875,1744.25
1780761079.5304601,15,198.90625,1191.75
1780761079.5304601,15,200.21875,1183.25
1780761079.5304601,15,201.59375,1178.75
1780761079.5304601,15,208.28125,1242.5
1780761079.5304601,15,222.84375,1418.0
1780761079.5304601,15,225.609375,1346.5
1780761079.5304601,15,228.171875,1419.25
1780761079.5304601,15,240.1875,1589.5
1780761079.5304601,15,241.5625,1569.25
1780761079.5304601,15,242.875,1549.0
1780761079.5304601,15,244.21875,1539.0
1780761079.5304601,15,248.296875,1457.25
1780761079.5304601,15,249.640625,1464.75
1780761079.5304601,15,250.984375,1449.75
1780761079.5304601,15,252.28125,1434.5
1780761079.5304601,15,253.640625,1419.5
1780761079.5304601,15,263.609375,484.25
1780761079.5304601,15,264.953125,492.5
1780761079.5304601,15,266.40625,500.0
1780761079.5304601,15,267.578125,508.5
1780761079.5304601,15,268.921875,518.25
1780761079.5304601,15,269.984375,529.0
1780761079.5304601,15,271.53125,539.25
1780761079.5304601,15,272.6875,550.75
1780761079.5304601,15,273.984375,563.5
1780761079.5304601,15,275.328125,576.25
1780761079.5304601,15,276.359375,590.25
1780761079.5304601,15,277.84375,605.25
1780761079.5304601,15,283.03125,1416.25
1780761079.5304601,15,284.421875,1410.5
1780761079.5304601,7,285.75,1411.25
1780761079.5304601,15,287.09375,1426.0
1780761079.5304601,15,288.359375,1448.25
1780761079.5304601,15,289.71875,1456.75
1780761079.5304601,15,291.0625,1459.5
1780761079.5304601,15,292.390625,1472.75
1780761079.5304601,15,293.6875,1505.75
1780761079.5304601,15,305.859375,1390.75
1780761079.5304601,15,307.109375,1412.5
1780761079.5304601,4,332.546875,1530.5
1780761079.5304601,15,337.78125,1754.5
1780761079.5304601,15,339.109375,1748.0
1780761079.5304601,15,340.46875,1747.25
1780761079.5304601,6,341.84375,1733.75
1780761079.5304601,15,343.15625,1720.0
1780761079.5304601,15,347.453125,1335.25
1780761079.5304601,15,348.765625,1345.25
1780761079.5304601,15,350.125,1350.5
1780761079.6675496,15,351.453125,1340.5
1780761079.6675496,13,352.8125,1336.75
1780761079.6675496,15,354.125,1332.0
1780761079.6675496,15,355.5,1333.25
1780761079.6675496,15,356.84375,1328.5
1780761079.6675496,15,358.140625,1323.75
1780761079.6675496,15,359.484375,1324.25
1780761079.6675496,15,0.890625,1317.75
1780761079.6675496,15,2.21875,1319.75
1780761079.6675496,15,3.5,1324.75
1780761079.6675496,15,4.890625,1328.0
1780761079.6675496,15,6.1875,1330.75
1780761079.6675496,15,7.578125,1335.75
1780761079.6675496,15,8.84375,1340.75
1780761079.6675496,15,10.234375,1353.5
1780761079.6675496,15,11.609375,1360.25
1780761079.6675496,15,12.90625,1342.25
1780761079.6675496,15,14.3125,1331.25
1780761079.6675496,15,15.5625,1349.75
1780761079.6675496,15,16.859375,1381.75
1780761079.6675496,15,18.234375,1410.5
1780761079.6675496,15,31.40625,1785.0
1780761079.6675496,15,37.15625,1237.75
1780761079.6675496,15,41.28125,1139.25
1780761079.6675496,15,44.0,1082.0
1780761079.6675496,15,45.328125,1056.0
1780761079.6675496,15,46.75,1030.0
1780761079.6675496,10,48.125,1010.0
1780761079.6675496,15,49.46875,991.25
1780761079.6675496,15,50.84375,974.75
1780761079.6675496,15,52.265625,957.5
1780761079.6675496,15,53.515625,941.5
1780761079.6675496,15,54.90625,928.0
1780761079.6675496,15,58.171875,681.75
1780761079.6675496,15,59.515625,670.5
1780761079.6675496,15,60.859375,660.75
1780761079.6675496,15,62.1875,651.75
1780761079.6675496,15,63.515625,642.5
1780761079.6675496,15,65.015625,635.0
1780761079.6675496,15,66.4375,628.75
1780761079.6675496,15,67.734375,623.5
1780761079.6675496,15,71.265625,795.25
1780761079.6675496,15,72.484375,794.0
1780761079.6675496,15,73.859375,788.0
1780761079.6675496,15,75.28125,783.5
1780761079.6675496,15,76.578125,779.0
1780761079.6675496,15,77.90625,774.75
1780761079.6675496,15,79.234375,770.5
1780761079.6675496,15,80.578125,768.0
1780761079.6675496,15,82.046875,765.25
1780761079.6675496,15,83.390625,763.0
1780761079.6675496,15,84.671875,760.5
1780761079.6675496,15,86.078125,758.0
1780761079.6675496,15,87.390625,756.5
1780761079.6675496,15,88.765625,756.5
1780761079.6675496,15,90.015625,756.25
1780761079.6675496,15,91.328125,756.0
1780761079.6675496,15,92.671875,756.5
1780761079.6675496,15,94.140625,757.25
1780761079.6675496,15,95.46875,759.75
1780761079.6675496,15,96.734375,761.25
1780761079.6675496,15,98.15625,762.5
1780761079.6675496,15,99.484375,766.0
1780761079.6675496,15,100.75,768.0
1780761079.6675496,15,102.109375,770.25
1780761079.6675496,15,103.328125,775.0
1780761079.6675496,15,104.71875,780.0
1780761079.6675496,15,106.078125,783.5
1780761079.6675496,15,107.40625,788.75
1780761079.6675496,15,108.59375,795.5
1780761079.6675496,15,109.9375,802.25
1780761079.6675496,15,111.234375,809.25
1780761079.6675496,15,112.6875,814.5
1780761079.6675496,15,113.9375,823.0
1780761079.6675496,15,115.28125,833.0
1780761079.6675496,15,116.578125,843.0
1780761079.6675496,15,117.90625,853.25
1780761079.6675496,15,119.265625,862.75
1780761079.6675496,15,120.484375,874.0
1780761079.6675496,15,121.890625,885.0
1780761079.6675496,15,123.125,898.0
1780761079.6675496,15,124.5,911.0
1780761079.6675496,15,125.78125,923.25
1780761079.6675496,15,127.078125,935.5
1780761079.6675496,15,128.390625,950.5
1780761079.6675496,15,129.78125,967.5
1780761079.6675496,15,131.0,984.25
1780761079.6675496,15,132.359375,1002.75
1780761079.6675496,15,133.578125,1021.5
1780761079.6675496,15,134.90625,1046.25
1780761079.6675496,7,136.203125,1070.0
1780761079.6675496,15,138.78125,1130.5
1780761079.6675496,15,140.171875,1147.0
1780761079.6675496,15,145.078125,1659.5
1780761079.6675496,15,146.421875,1649.5
1780761079.6675496,15,147.765625,1614.25
1780761079.6675496,15,149.140625,1588.5
1780761079.6675496,15,150.4375,1563.0
1780761079.6675496,15,151.828125,1526.0
1780761079.6675496,15,153.171875,1516.75
1780761079.6675496,15,158.4375,1684.0
1780761079.6675496,15,159.796875,1656.25
1780761079.6675496,15,162.390625,1732.0
1780761079.6675496,15,173.359375,1338.75
1780761079.6675496,15,174.65625,1338.75
1780761079.6675496,15,175.984375,1338.75
1780761079.6675496,15,177.359375,1332.5
1780761079.6675496,15,178.640625,1326.25
1780761079.6675496,15,180.0625,1320.0
1780761079.6675496,15,181.46875,1326.0
1780761079.6675496,15,182.734375,1332.25
1780761079.6675496,15,184.140625,1332.25
1780761079.6675496,15,185.40625,1332.5
1780761079.6675496,15,186.796875,1339.0
1780761079.6675496,15,188.125,1345.5
1780761079.6675496,15,193.265625,1673.75
1780761079.6675496,15,194.578125,1696.5
1780761079.6675496,15,200.390625,1158.75
1780761079.6675496,15,201.703125,1151.25
1780761079.6675496,15,203.015625,1157.5
1780761079.6675496,15,208.328125,1237.25
1780761079.6675496,15,211.046875,1132.5
1780761079.6675496,15,225.65625,1346.5
1780761079.6675496,15,226.984375,1331.5
1780761079.6675496,15,229.546875,1418.0
1780761079.6675496,15,236.109375,1610.75
1780761079.6675496,15,238.796875,1591.5
1780761079.6675496,15,240.125,1580.75
1780761079.6675496,15,241.5,1560.5
1780761079.6675496,15,242.84375,1548.75
1780761079.6675496,6,244.1875,1539.0
1780761079.6675496,15,245.515625,1513.0
1780761079.6675496,15,249.5625,1476.5
1780761079.6675496,15,250.9375,1449.5
1780761079.6675496,15,252.296875,1434.5
1780761079.6675496,7,253.625,1426.25
1780761079.6675496,15,255.0,1417.75
1780761079.6675496,15,256.296875,1410.5
1780761079.6675496,15,267.796875,482.5
1780761079.6675496,15,268.859375,488.5
1780761079.6675496,15,270.109375,497.0
1780761079.6675496,15,271.59375,506.5
1780761079.6675496,15,272.859375,517.0
1780761079.6675496,15,274.0625,529.0
1780761079.6675496,15,275.28125,541.5
1780761079.6675496,15,276.53125,555.0
1780761079.6675496,15,277.921875,569.5
1780761079.6675496,15,279.140625,584.25
1780761079.6675496,15,280.28125,600.0
1780761079.6675496,15,281.671875,617.75
1780761079.6675496,15,282.875,636.25
1780761079.6675496,15,286.984375,1426.25
1780761079.6675496,15,288.34375,1441.0
1780761079.6675496,15,289.625,1449.5
1780761079.6675496,15,290.9375,1464.25
1780761079.6675496,15,292.328125,1476.0
1780761079.6675496,15,293.625,1504.25
1780761079.6675496,7,294.90625,1528.5
1780761079.6675496,3,304.390625,1398.25
1780761079.6675496,15,305.765625,1396.5
1780761079.6675496,15,307.046875,1409.0
1780761079.6675496,15,308.390625,1425.75
1780761079.6675496,5,333.765625,1560.25
1780761079.6675496,15,338.984375,1807.25
1780761079.6675496,15,340.296875,1771.75
1780761079.6675496,15,341.671875,1748.5
1780761079.6675496,15,343.0,1747.75
1780761079.6675496,15,344.34375,1747.0
1780761079.6675496,15,347.234375,1373.75
1780761079.6675496,15,348.609375,1373.75
1780761079.6675496,15,349.96875,1382.0
1780761079.6675496,15,351.28125,1380.75
1780761079.8055065,15,352.59375,1391.75
1780761079.8055065,15,353.984375,1387.5
1780761079.8055065,15,355.359375,1368.25
1780761079.8055065,15,356.6875,1360.25
1780761079.8055065,15,357.953125,1364.25
1780761079.8055065,15,359.34375,1356.25
1780761079.8055065,15,0.65625,1352.75
1780761079.8055065,15,2.015625,1360.5
1780761079.8055065,15,3.375,1360.5
1780761079.8055065,15,4.6875,1368.25
1780761079.8055065,15,6.078125,1369.0
1780761079.8055065,15,7.375,1367.25
1780761079.8055065,15,8.65625,1376.75
1780761079.8055065,15,10.015625,1380.75
1780761079.8055065,15,11.296875,1386.0
1780761079.8055065,15,12.671875,1377.25
1780761079.8055065,15,14.03125,1366.75
1780761079.8055065,15,15.34375,1380.5
1780761079.8055065,15,16.609375,1401.0
1780761079.8055065,15,17.9375,1435.75
1780761079.8055065,14,25.8125,1657.5
1780761079.8055065,15,31.125,1808.0
1780761079.8055065,15,36.9375,1243.5
1780761079.8055065,15,41.046875,1140.5
1780761079.8055065,15,42.4375,1120.5
1780761079.8055065,15,45.09375,1057.5
1780761079.8055065,15,46.5,1032.5
1780761079.8055065,8,47.875,1013.75
1780761079.8055065,15,49.21875,996.0
1780761079.8055065,15,50.578125,978.25
1780761079.8055065,15,51.953125,961.25
1780761079.8055065,15,55.25,706.75
1780761079.8055065,15,56.578125,694.0
1780761079.8055065,15,58.03125,681.75
1780761079.8055065,15,59.453125,671.25
1780761079.8055065,15,60.59375,662.5
1780761079.8055065,15,62.0625,653.5
1780761079.8055065,15,63.46875,645.5
1780761079.8055065,15,64.71875,641.0
1780761079.8055065,15,71.03125,802.75
1780761079.8055065,15,72.390625,795.5
1780761079.8055065,15,73.78125,788.75
1780761079.8055065,15,74.984375,784.25
1780761079.8055065,15,76.484375,780.0
1780761079.8055065,15,77.8125,776.25
1780761079.8055065,15,79.09375,772.5
1780761079.8055065,15,80.421875,768.75
1780761079.8055065,15,81.78125,765.5
1780761079.8055065,15,83.203125,763.25
1780761079.8055065,15,84.4375,761.0
1780761079.8055065,15,85.84375,759.25
1780761079.8055065,15,87.1875,757.5
1780761079.8055065,15,88.4375,755.75
1780761079.8055065,15,89.859375,755.25
1780761079.8055065,15,91.21875,756.25
1780761079.8055065,15,92.453125,757.0
1780761079.8055065,15,93.765625,758.25
1780761079.8055065,15,95.0625,759.5
1780761079.8055065,15,96.375,761.0
1780761079.8055065,15,97.828125,762.75
1780761079.8055065,15,99.03125,765.5
1780761079.8055065,15,100.53125,769.0
1780761079.8055065,15,101.703125,772.0
1780761079.8055065,15,103.125,776.25
1780761079.8055065,15,104.484375,780.25
1780761079.8055065,15,105.734375,782.75
1780761079.8055065,15,107.046875,787.75
1780761079.8055065,15,108.453125,795.5
1780761079.8055065,15,109.640625,801.75
1780761079.8055065,15,111.046875,808.0
1780761079.8055065,15,112.34375,812.75
1780761079.8055065,15,113.625,820.0
1780761079.8055065,15,115.03125,830.0
1780761079.8055065,15,116.296875,841.5
1780761079.8055065,15,117.59375,853.25
1780761079.8055065,15,119.0,861.5
1780761079.8055065,15,120.28125,872.0
1780761079.8055065,15,121.59375,884.75
1780761079.8055065,15,122.90625,895.5
1780761079.8055065,15,124.125,909.0
1780761079.8055065,15,125.453125,921.75
1780761079.8055065,15,126.75,932.5
1780761079.8055065,15,128.078125,948.25
1780761079.8055065,15,129.390625,964.75
1780761079.8055065,15,130.734375,982.5
1780761079.8055065,9,131.96875,1001.75
1780761079.8055065,15,133.28125,1019.25
1780761079.8055065,15,134.65625,1037.75
1780761079.8055065,15,135.921875,1063.5
1780761079.8055065,15,142.09375,1695.75
1780761079.8055065,15,143.390625,1661.0
1780761079.8055065,15,146.125,1590.0
1780761079.8055065,15,148.8125,1577.25
1780761079.8055065,15,150.140625,1556.0
1780761079.8055065,15,151.515625,1537.5
1780761079.8055065,15,162.125,1687.5
1780761079.8055065,15,171.734375,1322.25
1780761079.8055065,2,173.09375,1307.0
1780761079.8055065,15,174.390625,1281.25
1780761079.8055065,15,175.765625,1268.0
1780761079.8055065,15,177.078125,1264.0
1780761079.8055065,15,181.109375,1275.25
1780761079.8055065,15,182.4375,1270.75
1780761079.8055065,15,183.765625,1271.25
1780761079.8055065,15,186.375,1319.5
1780761079.8055065,15,187.75,1313.25
1780761079.8055065,15,192.875,1640.0
1780761079.8055065,15,194.1875,1661.75
1780761079.8055065,15,199.890625,1131.25
1780761079.8055065,15,201.25,1126.5
1780761079.8055065,15,202.640625,1119.25
1780761079.8055065,15,207.8125,1249.75
1780761079.8055065,15,210.59375,1151.75
1780761079.8055065,7,217.375,1031.75
1780761079.8055065,15,223.734375,1407.0
1780761079.8055065,15,226.46875,1332.75
1780761079.8055065,15,243.734375,1539.75
1780761079.8055065,8,245.109375,1529.75
1780761079.8055065,15,246.46875,1510.5
1780761079.8055065,15,247.8125,1476.75
1780761079.8055065,15,250.453125,1451.5
1780761079.8055065,15,251.890625,1434.75
1780761079.8055065,15,253.265625,1419.5
1780761079.8055065,15,254.609375,1411.25
1780761079.8055065,15,255.90625,1410.25
1780761079.8055065,15,257.28125,1409.75
1780761079.8055065,15,258.640625,1397.75
1780761079.8055065,15,259.96875,1385.75
1780761079.8055065,15,270.03125,493.75
1780761079.8055065,15,271.5,479.5
1780761079.8055065,15,274.03125,493.0
1780761079.8055065,15,275.3125,503.25
1780761079.8055065,15,276.4375,515.0
1780761079.8055065,15,277.59375,528.5
1780761079.8055065,15,278.921875,543.25
1780761079.8055065,15,280.21875,558.0
1780761079.8055065,15,282.59375,591.75
1780761079.8055065,15,285.296875,628.75
1780761079.8055065,15,286.578125,643.5
1780761079.8055065,15,290.578125,1463.0
1780761079.8055065,15,291.9375,1474.5
1780761079.8055065,15,293.28125,1461.5
1780761079.8055065,15,295.90625,1530.0
1780761079.8055065,15,299.875,1554.25
1780761079.8055065,15,304.015625,1434.75
1780761079.8055065,15,305.328125,1424.75
1780761079.8055065,15,306.703125,1418.0
1780761079.8055065,15,308.03125,1420.0
1780761079.8055065,15,309.34375,1433.75
1780761079.8055065,15,334.71875,1581.0
1780761079.8055065,15,338.640625,1835.5
1780761079.8055065,15,339.953125,1832.5
1780761079.8055065,15,341.296875,1819.75
1780761079.8055065,15,342.640625,1807.75
1780761079.8055065,15,344.015625,1783.5
1780761079.8055065,15,348.296875,1398.5
1780761079.8055065,15,349.59375,1412.75
1780761079.8055065,15,350.90625,1418.25
1780761079.9426427,15,352.28125,1409.0
1780761079.9426427,15,353.65625,1403.25
1780761079.9426427,15,354.921875,1401.75
1780761079.9426427,15,356.328125,1403.75
1780761079.9426427,15,357.65625,1408.0
1780761079.9426427,15,359.015625,1397.75
1780761079.9426427,15,0.296875,1393.25
1780761079.9426427,15,1.625,1400.5
1780761079.9426427,15,2.96875,1402.25
1780761079.9426427,15,4.34375,1407.25
1780761079.9426427,15,5.640625,1407.25
1780761079.9426427,15,7.03125,1408.5
1780761079.9426427,15,8.375,1412.0
1780761079.9426427,15,9.640625,1418.25
1780761079.9426427,15,11.03125,1424.0
1780761079.9426427,15,12.359375,1407.25
1780761079.9426427,15,13.625,1396.25
1780761079.9426427,15,15.015625,1411.75
1780761079.9426427,15,17.59375,1494.25
1780761079.9426427,15,25.53125,1681.0
1780761079.9426427,15,36.546875,1254.75
1780761079.9426427,15,37.90625,1224.25
1780761079.9426427,8,40.640625,1151.75
1780761079.9426427,8,43.375,1094.5
1780761079.9426427,15,46.125,1038.0
1780761079.9426427,15,47.53125,1019.0
1780761079.9426427,15,48.84375,998.25
1780761079.9426427,15,53.375,723.5
1780761079.9426427,15,54.828125,710.5
1780761079.9426427,15,56.109375,698.0
1780761079.9426427,15,57.625,685.75
1780761079.9426427,15,59.015625,675.75
1780761079.9426427,15,60.296875,666.5
1780761079.9426427,15,61.6875,659.25
1780761079.9426427,15,67.953125,818.25
1780761079.9426427,15,69.40625,811.5
1780761079.9426427,15,70.703125,805.5
1780761079.9426427,15,72.109375,798.75
1780761079.9426427,15,73.34375,791.0
1780761079.9426427,15,74.84375,785.5
1780761079.9426427,15,76.21875,782.0
1780761079.9426427,15,77.484375,777.25
1780761079.9426427,15,78.890625,772.75
1780761079.9426427,15,80.1875,769.25
1780761079.9426427,15,81.53125,766.5
1780761079.9426427,15,82.953125,764.0
1780761079.9426427,15,84.21875,762.0
1780761079.9426427,15,85.515625,760.5
1780761079.9426427,15,86.953125,758.25
1780761079.9426427,15,88.21875,757.0
1780761079.9426427,15,89.5,757.0
1780761079.9426427,15,90.96875,757.0
1780761079.9426427,15,92.25,757.75
1780761079.9426427,15,93.53125,759.0
1780761079.9426427,15,94.953125,758.5
1780761079.9426427,15,96.203125,760.25
1780761079.9426427,15,97.59375,763.75
1780761079.9426427,15,98.859375,766.25
1780761079.9426427,15,100.3125,769.25
1780761079.9426427,15,101.5625,772.5
1780761079.9426427,15,102.8125,776.0
1780761079.9426427,15,104.15625,780.0
1780761079.9426427,15,105.5,784.5
1780761079.9426427,15,106.78125,788.5
1780761079.9426427,15,108.140625,795.0
1780761079.9426427,15,109.546875,801.75
1780761079.9426427,15,110.796875,807.5
1780761079.9426427,15,112.203125,813.75
1780761079.9426427,15,113.4375,822.25
1780761079.9426427,15,114.765625,832.0
1780761079.9426427,15,116.0625,841.25
1780761079.9426427,15,117.421875,851.75
1780761079.9426427,15,118.703125,861.25
1780761079.9426427,15,120.09375,870.75
1780761079.9426427,15,121.359375,882.25
1780761079.9426427,15,122.59375,895.25
1780761079.9426427,15,123.9375,909.5
1780761079.9426427,15,125.328125,921.5
1780761079.9426427,15,126.640625,933.0
1780761079.9426427,15,127.859375,949.25
1780761079.9426427,15,129.15625,965.5
1780761079.9426427,15,130.546875,982.75
1780761079.9426427,10,131.828125,1001.0
1780761079.9426427,15,133.125,1018.0
1780761079.9426427,15,134.375,1036.25
1780761079.9426427,15,135.671875,1061.5
1780761079.9426427,15,137.078125,1081.5
1780761079.9426427,15,138.359375,1088.25
1780761079.9426427,15,144.625,1575.0
1780761079.9426427,15,147.34375,1527.0
1780761079.9426427,5,148.671875,1530.0
1780761079.9426427,15,151.421875,1450.75
1780761079.9426427,15,152.71875,1440.25
1780761079.9426427,15,158.0,1610.5
1780761079.9426427,4,159.34375,1653.0
1780761079.9426427,15,160.625,1675.25
1780761079.9426427,15,161.96875,1662.75
1780761079.9426427,15,172.953125,1248.75
1780761079.9426427,6,174.34375,1246.5
1780761079.9426427,7,175.65625,1245.25
1780761079.9426427,7,177.046875,1245.0
1780761079.9426427,5,178.359375,1250.5
1780761079.9426427,15,179.671875,1249.5
1780761079.9426427,15,181.03125,1243.5
1780761079.9426427,7,182.3125,1244.25
1780761079.9426427,8,183.65625,1245.0
1780761079.9426427,7,185.0,1245.0
1780761079.9426427,7,186.28125,1245.25
1780761079.9426427,15,187.609375,1246.75
1780761079.9426427,15,194.078125,1593.25
1780761079.9426427,15,195.40625,1611.25
1780761079.9426427,12,201.1875,1093.5
1780761079.9426427,15,202.578125,1084.75
1780761079.9426427,15,203.875,1081.5
1780761079.9426427,15,210.5,1158.25
1780761079.9426427,15,214.671875,1026.5
1780761079.9426427,15,218.6875,1001.25
1780761079.9426427,15,226.359375,1326.25
1780761079.9426427,15,229.03125,1260.5
1780761079.9426427,15,242.21875,1559.25
1780761079.9426427,15,243.546875,1539.5
1780761079.9426427,7,244.921875,1529.75
1780761079.9426427,15,246.28125,1506.25
1780761079.9426427,15,247.640625,1477.5
1780761079.9426427,15,249.0,1464.75
1780761079.9426427,15,250.328125,1457.5
1780761079.9426427,7,252.953125,1441.25
1780761079.9426427,15,254.34375,1418.0
1780761079.9426427,15,255.671875,1410.25
1780761079.9426427,15,257.0,1409.5
1780761079.9426427,15,258.296875,1408.75
1780761079.9426427,15,259.703125,1396.75
1780761079.9426427,15,261.015625,1384.5
1780761079.9426427,15,262.3125,1381.75
1780761079.9426427,15,263.71875,1379.0
1780761079.9426427,15,267.890625,562.5
1780761079.9426427,15,270.765625,529.25
1780761079.9426427,15,272.28125,514.0
1780761079.9426427,15,273.640625,500.25
1780761079.9426427,15,275.015625,488.25
1780761079.9426427,15,276.21875,482.25
1780761079.9426427,15,277.328125,489.0
1780761079.9426427,15,278.59375,503.25
1780761079.9426427,15,279.90625,516.75
1780761079.9426427,15,281.25,531.75
1780761079.9426427,15,283.796875,565.75
1780761079.9426427,15,290.046875,671.5
1780761079.9426427,15,292.8125,1480.25
1780761079.9426427,6,294.09375,1507.0
1780761079.9426427,15,295.421875,1530.0
1780761079.9426427,15,296.765625,1539.75
1780761079.9426427,15,298.078125,1559.75
1780761079.9426427,15,300.8125,1577.75
1780761079.9426427,15,304.890625,1435.0
1780761079.9426427,15,306.21875,1427.25
1780761079.9426427,15,307.515625,1425.25
1780761079.9426427,15,308.890625,1429.75
1780761079.9426427,13,310.1875,1445.25
1780761079.9426427,15,334.25,1629.25
1780761079.9426427,15,335.578125,1629.25
1780761079.9426427,15,342.21875,1845.5
1780761079.9426427,15,343.515625,1832.25
1780761079.9426427,15,344.890625,1808.0
1780761079.9426427,15,347.75,1453.0
1780761079.9426427,15,349.03125,1450.5
1780761079.9426427,15,350.390625,1458.75
1780761080.0805209,15,351.765625,1450.75
1780761080.0805209,15,353.09375,1444.0
1780761080.0805209,12,354.40625,1437.25
1780761080.0805209,15,355.71875,1435.5
1780761080.0805209,15,357.109375,1437.75
1780761080.0805209,15,358.40625,1437.0
1780761080.0805209,15,359.703125,1434.75
1780761080.0805209,15,1.125,1434.5
1780761080.0805209,15,2.4375,1434.75
1780761080.0805209,15,3.75,1434.75
1780761080.0805209,15,5.109375,1436.25
1780761080.0805209,15,6.453125,1441.25
1780761080.0805209,15,7.796875,1440.25
1780761080.0805209,15,9.140625,1435.5
1780761080.0805209,15,10.453125,1446.75
1780761080.0805209,15,11.796875,1446.5
1780761080.0805209,15,13.140625,1436.5
1780761080.0805209,15,14.46875,1451.25
1780761080.0805209,15,17.125,1524.75
1780761080.0805209,15,25.03125,1712.25
1780761080.0805209,5,31.90625,1399.75
1780761080.0805209,15,37.421875,1226.0
1780761080.0805209,15,38.703125,1197.75
1780761080.0805209,15,41.5,1138.0
1780761080.0805209,15,44.234375,1074.5
1780761080.0805209,15,45.609375,1052.25
1780761080.0805209,15,46.9375,1027.0
1780761080.0805209,15,50.1875,756.0
1780761080.0805209,15,51.515625,740.75
1780761080.0805209,15,52.921875,727.5
1780761080.0805209,15,54.359375,714.25
1780761080.0805209,15,55.671875,701.5
1780761080.0805209,15,57.09375,690.25
1780761080.0805209,15,58.3125,681.0
1780761080.0805209,15,59.71875,682.75
1780761080.0805209,15,64.734375,842.0
1780761080.0805209,15,66.0,832.0
1780761080.0805209,15,67.375,822.0
1780761080.0805209,15,68.71875,814.0
1780761080.0805209,15,70.15625,808.5
1780761080.0805209,15,71.421875,802.0
1780761080.0805209,15,72.78125,794.75
1780761080.0805209,15,74.234375,788.25
1780761080.0805209,15,75.5625,783.5
1780761080.0805209,15,76.875,778.75
1780761080.0805209,15,78.1875,775.5
1780761080.0805209,15,79.484375,771.25
1780761080.0805209,15,80.953125,767.5
1780761080.0805209,15,82.1875,766.0
1780761080.0805209,15,83.640625,764.0
1780761080.0805209,15,84.90625,760.75
1780761080.0805209,15,86.21875,757.75
1780761080.0805209,15,87.578125,756.25
1780761080.0805209,15,88.765625,755.75
1780761080.0805209,15,90.09375,756.0
1780761080.0805209,15,91.46875,756.75
1780761080.0805209,15,92.859375,757.0
1780761080.0805209,15,94.109375,757.5
1780761080.0805209,15,95.5,759.0
1780761080.0805209,15,96.75,760.5
1780761080.0805209,15,98.078125,763.5
1780761080.0805209,15,99.484375,766.75
1780761080.0805209,15,100.84375,768.5
1780761080.0805209,15,102.015625,773.0
1780761080.0805209,15,103.359375,777.5
1780761080.0805209,15,104.703125,780.25
1780761080.0805209,15,105.984375,785.5
1780761080.0805209,15,107.390625,790.75
1780761080.0805209,15,108.640625,797.25
1780761080.0805209,15,109.953125,804.0
1780761080.0805209,15,111.375,809.5
1780761080.0805209,15,112.625,816.75
1780761080.0805209,15,114.0,825.5
1780761080.0805209,15,115.25,833.75
1780761080.0805209,15,116.546875,835.0
1780761080.0805209,15,119.203125,864.5
1780761080.0805209,15,120.546875,874.25
1780761080.0805209,15,121.78125,885.75
1780761080.0805209,15,123.078125,898.5
1780761080.0805209,15,124.421875,912.5
1780761080.0805209,15,125.734375,924.75
1780761080.0805209,13,126.96875,940.25
1780761080.0805209,15,128.328125,958.0
1780761080.0805209,15,129.59375,970.5
1780761080.0805209,15,130.9375,987.25
1780761080.0805209,15,132.296875,1008.0
1780761080.0805209,15,133.546875,1028.5
1780761080.0805209,10,134.8125,1051.25
1780761080.0805209,15,136.1875,1065.25
1780761080.0805209,15,137.484375,1076.5
1780761080.0805209,15,139.6875,1644.75
1780761080.0805209,15,143.78125,1536.0
1780761080.0805209,12,145.09375,1515.25
1780761080.0805209,15,146.46875,1506.75
1780761080.0805209,15,149.140625,1450.0
1780761080.0805209,15,150.46875,1432.75
1780761080.0805209,15,151.828125,1433.5
1780761080.0805209,15,159.78125,1642.0
1780761080.0805209,15,161.09375,1606.25
1780761080.0805209,15,162.40625,1591.25
1780761080.0805209,15,172.078125,1226.5
1780761080.0805209,15,173.390625,1225.0
1780761080.0805209,15,174.765625,1224.0
1780761080.0805209,15,176.046875,1223.0
1780761080.0805209,15,177.375,1222.5
1780761080.0805209,15,178.703125,1221.75
1780761080.0805209,15,180.046875,1220.75
1780761080.0805209,15,181.359375,1216.75
1780761080.0805209,15,182.6875,1216.5
1780761080.0805209,15,184.046875,1216.25
1780761080.0805209,15,185.359375,1218.5
1780761080.0805209,15,186.71875,1224.75
1780761080.0805209,15,188.015625,1225.25
1780761080.0805209,15,193.078125,1561.5
1780761080.0805209,15,194.421875,1570.25
1780761080.0805209,15,195.734375,1592.0
1780761080.0805209,15,201.546875,1060.25
1780761080.0805209,15,202.828125,1054.5
1780761080.0805209,15,204.28125,1049.75
1780761080.0805209,15,210.828125,1138.25
1780761080.0805209,15,214.96875,1017.25
1780761080.0805209,15,220.390625,948.75
1780761080.0805209,15,229.46875,1250.0
1780761080.0805209,15,230.734375,1243.25
1780761080.0805209,15,237.203125,1590.5
1780761080.0805209,15,238.546875,1570.75
1780761080.0805209,7,245.296875,1529.5
1780761080.0805209,15,246.625,1510.25
1780761080.0805209,15,247.96875,1476.0
1780761080.0805209,15,249.28125,1458.75
1780761080.0805209,15,250.6875,1457.0
1780761080.0805209,15,251.984375,1441.75
1780761080.0805209,15,254.625,1418.75
1780761080.0805209,15,255.96875,1410.0
1780761080.0805209,15,257.296875,1409.75
1780761080.0805209,15,258.640625,1409.0
1780761080.0805209,15,260.0,1396.75
1780761080.0805209,15,261.3125,1384.5
1780761080.0805209,15,262.65625,1383.0
1780761080.0805209,15,264.015625,1380.25
1780761080.0805209,7,265.328125,1376.75
1780761080.0805209,15,266.703125,1376.5
1780761080.0805209,10,268.0,1376.75
1780761080.0805209,15,272.4375,556.75
1780761080.0805209,15,273.71875,542.75
1780761080.0805209,15,275.203125,528.75
1780761080.0805209,15,276.5625,516.0
1780761080.0805209,15,277.71875,504.25
1780761080.0805209,15,279.21875,494.0
1780761080.0805209,15,280.421875,487.0
1780761080.0805209,15,283.0625,510.0
1780761080.0805209,15,285.59375,544.5
1780761080.0805209,15,295.796875,1530.0
1780761080.0805209,15,297.09375,1539.75
1780761080.0805209,15,298.40625,1559.75
1780761080.0805209,15,306.59375,1442.75
1780761080.0805209,15,307.9375,1432.5
1780761080.0805209,15,311.84375,1543.0
1780761080.0805209,15,343.859375,1861.75
1780761080.0805209,15,345.21875,1846.75
1780761080.0805209,15,349.34375,1479.5
1780761080.0805209,15,350.609375,1493.75
1780761080.2178075,11,352.0,1490.0
1780761080.2178075,15,353.296875,1483.5
1780761080.2178075,15,354.625,1474.75
1780761080.2178075,15,355.96875,1464.75
1780761080.2178075,15,357.265625,1474.25
1780761080.2178075,15,358.625,1480.75
1780761080.2178075,15,0.015625,1467.25
1780761080.2178075,14,1.34375,1466.75
1780761080.2178075,15,2.625,1470.75
1780761080.2178075,15,3.984375,1477.0
1780761080.2178075,15,5.296875,1487.75
1780761080.2178075,14,6.59375,1485.25
1780761080.2178075,15,7.984375,1487.25
1780761080.2178075,13,9.28125,1488.75
1780761080.2178075,15,10.609375,1489.0
1780761080.2178075,14,11.921875,1490.5
1780761080.2178075,15,13.328125,1487.0
1780761080.2178075,15,14.640625,1502.25
1780761080.2178075,15,15.921875,1536.75
1780761080.2178075,15,33.421875,1332.75
1780761080.2178075,15,36.28125,1255.0
1780761080.2178075,8,39.0,1186.5
1780761080.2178075,15,40.359375,1160.5
1780761080.2178075,15,41.734375,1135.75
1780761080.2178075,15,45.890625,1039.75
1780761080.2178075,15,49.140625,769.5
1780761080.2178075,15,50.375,752.5
1780761080.2178075,15,51.84375,737.25
1780761080.2178075,15,53.15625,724.75
1780761080.2178075,15,54.5,713.5
1780761080.2178075,15,55.9375,702.0
1780761080.2178075,15,57.171875,705.25
1780761080.2178075,15,62.265625,858.0
1780761080.2178075,15,63.5625,849.25
1780761080.2178075,15,64.84375,839.25
1780761080.2178075,15,66.3125,829.0
1780761080.2178075,15,67.609375,819.5
1780761080.2178075,15,68.90625,812.75
1780761080.2178075,15,70.328125,806.75
1780761080.2178075,15,71.6875,799.75
1780761080.2178075,15,73.125,793.0
1780761080.2178075,15,74.390625,787.5
1780761080.2178075,15,75.828125,783.25
1780761080.2178075,15,77.078125,779.0
1780761080.2178075,15,78.484375,775.0
1780761080.2178075,15,79.8125,770.5
1780761080.2178075,15,81.140625,767.75
1780761080.2178075,15,82.515625,764.5
1780761080.2178075,15,83.859375,761.75
1780761080.2178075,15,85.125,760.5
1780761080.2178075,15,86.4375,760.0
1780761080.2178075,15,87.859375,757.5
1780761080.2178075,15,89.140625,755.5
1780761080.2178075,15,90.5625,756.5
1780761080.2178075,15,91.84375,757.5
1780761080.2178075,15,93.09375,758.25
1780761080.2178075,15,94.390625,759.75
1780761080.2178075,15,95.828125,759.75
1780761080.2178075,15,97.125,761.25
1780761080.2178075,15,98.484375,763.75
1780761080.2178075,15,99.734375,765.75
1780761080.2178075,15,101.125,770.0
1780761080.2178075,15,102.390625,775.25
1780761080.2178075,15,103.75,780.25
1780761080.2178075,15,105.078125,782.75
1780761080.2178075,15,106.34375,786.5
1780761080.2178075,15,107.75,793.0
1780761080.2178075,15,109.09375,799.5
1780761080.2178075,15,110.265625,806.5
1780761080.2178075,15,111.671875,811.0
1780761080.2178075,15,113.015625,817.75
1780761080.2178075,15,114.28125,827.5
1780761080.2178075,15,115.5625,837.5
1780761080.2178075,15,116.90625,849.25
1780761080.2178075,15,118.28125,856.75
1780761080.2178075,15,119.609375,866.75
1780761080.2178075,15,120.9375,880.0
1780761080.2178075,15,122.21875,892.25
1780761080.2178075,15,123.4375,905.5
1780761080.2178075,15,124.828125,918.5
1780761080.2178075,15,126.109375,931.75
1780761080.2178075,15,127.40625,947.25
1780761080.2178075,15,128.78125,963.0
1780761080.2178075,15,130.0625,979.0
1780761080.2178075,9,131.390625,996.75
1780761080.2178075,15,132.703125,1015.0
1780761080.2178075,15,140.265625,1586.5
1780761080.2178075,5,142.953125,1522.0
1780761080.2178075,15,145.703125,1460.75
1780761080.2178075,15,147.0,1443.75
1780761080.2178075,15,148.359375,1426.5
1780761080.2178075,15,149.765625,1404.75
1780761080.2178075,15,151.015625,1405.25
1780761080.2178075,15,152.40625,1434.5
1780761080.2178075,6,156.34375,1539.75
1780761080.2178075,15,158.9375,1612.75
1780761080.2178075,15,160.328125,1591.75
1780761080.2178075,15,161.625,1578.5
1780761080.2178075,15,171.34375,1197.25
1780761080.2178075,15,172.671875,1196.75
1780761080.2178075,15,173.9375,1192.25
1780761080.2178075,15,175.3125,1187.75
1780761080.2178075,15,176.625,1183.25
1780761080.2178075,15,177.984375,1183.0
1780761080.2178075,15,179.3125,1181.0
1780761080.2178075,4,180.640625,1176.0
1780761080.2178075,15,181.96875,1181.75
1780761080.2178075,15,183.296875,1190.25
1780761080.2178075,15,184.71875,1190.25
1780761080.2178075,15,186.015625,1187.25
1780761080.2178075,15,187.390625,1192.0
1780761080.2178075,15,188.734375,1197.0
1780761080.2178075,15,193.765625,1531.0
1780761080.2178075,8,195.109375,1541.0
1780761080.2178075,15,196.390625,1561.0
1780761080.2178075,15,202.328125,1025.0
1780761080.2178075,15,203.59375,1017.5
1780761080.2178075,15,205.0,1013.75
1780761080.2178075,8,214.328125,1028.75
1780761080.2178075,15,217.046875,971.0
1780761080.2178075,15,227.421875,1255.0
1780761080.2178075,6,228.734375,1256.5
1780761080.2178075,15,230.15625,1243.25
1780761080.2178075,4,231.4375,1225.25
1780761080.2178075,15,239.28125,1551.25
1780761080.2178075,5,240.609375,1530.75
1780761080.2178075,15,248.65625,1468.75
1780761080.2178075,15,250.046875,1458.0
1780761080.2178075,15,251.28125,1448.75
1780761080.2178075,15,252.609375,1433.0
1780761080.2178075,15,253.984375,1424.25
1780761080.2178075,15,256.640625,1416.25
1780761080.2178075,15,257.984375,1408.5
1780761080.2178075,15,259.3125,1396.0
1780761080.2178075,15,260.6875,1382.75
1780761080.2178075,15,261.96875,1380.25
1780761080.2178075,15,263.3125,1378.5
1780761080.2178075,15,264.65625,1377.75
1780761080.2178075,15,266.03125,1377.25
1780761080.2178075,10,267.296875,1376.75
1780761080.2178075,9,268.625,1375.5
1780761080.2178075,8,269.96875,1374.25
1780761080.2178075,10,271.3125,1374.75
1780761080.2178075,15,275.5,563.75
1780761080.2178075,15,277.0,550.75
1780761080.2178075,15,278.171875,538.25
1780761080.2178075,15,279.609375,527.0
1780761080.2178075,15,281.09375,516.25
1780761080.2178075,15,282.46875,506.5
1780761080.2178075,15,283.703125,497.5
1780761080.2178075,15,285.015625,495.5
1780761080.2178075,15,300.5,1590.5
1780761080.2178075,15,308.625,1442.75
1780761080.2178075,15,310.015625,1442.75
1780761080.2178075,15,312.609375,1546.75
1780761080.2178075,15,348.671875,1507.25
1780761080.2178075,15,350.046875,1514.25
1780761080.3555493,15,351.390625,1517.75
1780761080.3555493,15,352.65625,1524.0
1780761080.3555493,15,354.046875,1519.0
1780761080.3555493,15,355.390625,1505.5
1780761080.3555493,15,356.734375,1510.0
1780761080.3555493,15,358.046875,1517.5
1780761080.3555493,15,359.390625,1502.75
1780761080.3555493,15,0.75,1495.75
1780761080.3555493,15,2.078125,1506.25
1780761080.3555493,15,3.40625,1506.25
1780761080.3555493,15,4.703125,1513.75
1780761080.3555493,15,6.03125,1519.75
1780761080.3555493,15,7.359375,1520.5
1780761080.3555493,15,8.703125,1519.75
1780761080.3555493,15,10.015625,1524.25
1780761080.3555493,15,11.4375,1518.5
1780761080.3555493,15,12.765625,1512.25
1780761080.3555493,15,14.0625,1534.75
1780761080.3555493,15,15.34375,1571.75
1780761080.3555493,15,34.21875,1326.25
1780761080.3555493,15,37.140625,1237.75
1780761080.3555493,15,41.265625,1139.25
1780761080.3555493,15,42.625,1119.5
1780761080.3555493,15,47.234375,794.25
1780761080.3555493,15,48.625,774.0
1780761080.3555493,15,49.9375,757.75
1780761080.3555493,15,51.296875,743.75
1780761080.3555493,15,52.78125,731.25
1780761080.3555493,15,54.078125,724.0
1780761080.3555493,15,55.34375,733.25
1780761080.3555493,15,60.390625,875.75
1780761080.3555493,15,61.84375,864.5
1780761080.3555493,15,63.15625,855.0
1780761080.3555493,15,64.578125,844.25
1780761080.3555493,15,65.921875,831.75
1780761080.3555493,15,67.25,822.0
1780761080.3555493,15,68.515625,815.5
1780761080.3555493,15,69.921875,809.0
1780761080.3555493,15,71.328125,803.0
1780761080.3555493,15,72.671875,797.75
1780761080.3555493,15,74.03125,791.0
1780761080.3555493,15,75.28125,786.5
1780761080.3555493,15,76.640625,782.75
1780761080.3555493,15,77.984375,776.5
1780761080.3555493,15,79.359375,770.75
1780761080.3555493,15,80.78125,768.75
1780761080.3555493,15,82.015625,766.75
1780761080.3555493,15,83.375,764.75
1780761080.3555493,15,84.75,761.75
1780761080.3555493,15,86.015625,758.5
1780761080.3555493,15,87.4375,756.75
1780761080.3555493,15,88.6875,756.75
1780761080.3555493,15,90.03125,757.0
1780761080.3555493,15,91.40625,756.5
1780761080.3555493,15,92.78125,756.75
1780761080.3555493,15,94.09375,759.25
1780761080.3555493,15,95.390625,761.5
1780761080.3555493,15,96.796875,761.75
1780761080.3555493,15,98.03125,764.75
1780761080.3555493,15,99.421875,768.0
1780761080.3555493,15,100.765625,770.5
1780761080.3555493,15,102.09375,775.25
1780761080.3555493,15,103.34375,778.0
1780761080.3555493,15,104.65625,781.5
1780761080.3555493,15,106.015625,786.5
1780761080.3555493,15,107.265625,791.0
1780761080.3555493,15,108.671875,797.5
1780761080.3555493,15,110.015625,804.25
1780761080.3555493,15,111.265625,810.0
1780761080.3555493,15,112.5625,816.75
1780761080.3555493,15,113.9375,825.0
1780761080.3555493,15,115.3125,835.75
1780761080.3555493,15,116.640625,846.75
1780761080.3555493,15,117.890625,856.25
1780761080.3555493,15,119.140625,866.75
1780761080.3555493,15,120.546875,876.75
1780761080.3555493,15,121.859375,888.0
1780761080.3555493,15,123.1875,900.5
1780761080.3555493,15,124.421875,911.5
1780761080.3555493,15,125.734375,926.0
1780761080.3555493,11,127.03125,943.0
1780761080.3555493,15,128.34375,958.5
1780761080.3555493,15,129.734375,974.25
1780761080.3555493,15,130.984375,991.75
1780761080.3555493,3,141.125,1525.5
1780761080.3555493,15,143.78125,1464.25
1780761080.3555493,15,146.484375,1416.75
1780761080.3555493,15,147.828125,1394.0
1780761080.3555493,12,149.171875,1375.5
1780761080.3555493,2,150.546875,1382.0
1780761080.3555493,15,158.34375,1579.75
1780761080.3555493,15,159.75,1569.0
1780761080.3555493,15,161.078125,1548.75
1780761080.3555493,10,172.03125,1161.0
1780761080.3555493,15,173.359375,1156.5
1780761080.3555493,15,174.703125,1151.25
1780761080.3555493,15,176.0625,1146.75
1780761080.3555493,15,177.375,1146.5
1780761080.3555493,15,178.671875,1155.75
1780761080.3555493,15,181.3125,1155.5
1780761080.3555493,15,182.671875,1146.5
1780761080.3555493,15,183.984375,1146.75
1780761080.3555493,15,185.375,1156.0
1780761080.3555493,15,186.671875,1160.25
1780761080.3555493,9,187.953125,1152.75
1780761080.3555493,15,189.28125,1162.75
1780761080.3555493,15,194.390625,1507.5
1780761080.3555493,15,195.734375,1529.75
1780761080.3555493,15,202.921875,994.5
1780761080.3555493,15,204.328125,990.5
1780761080.3555493,15,205.703125,985.75
1780761080.3555493,15,210.84375,1134.0
1780761080.3555493,15,213.625,1047.0
1780761080.3555493,15,215.015625,1016.25
1780761080.3555493,15,217.78125,951.0
1780761080.3555493,6,223.21875,909.75
1780761080.3555493,15,229.4375,1249.75
1780761080.3555493,15,230.84375,1233.5
1780761080.3555493,15,232.203125,1215.5
1780761080.3555493,5,241.296875,1530.25
1780761080.3555493,15,242.609375,1538.75
1780761080.3555493,15,252.03125,1441.0
1780761080.3555493,15,253.359375,1425.75
1780761080.3555493,15,254.734375,1410.75
1780761080.3555493,15,256.0625,1410.25
1780761080.3555493,15,258.734375,1408.75
1780761080.3555493,15,260.078125,1396.25
1780761080.3555493,15,261.40625,1382.75
1780761080.3555493,15,262.78125,1381.0
1780761080.3555493,8,264.09375,1379.5
1780761080.3555493,9,265.40625,1377.75
1780761080.3555493,15,266.8125,1377.5
1780761080.3555493,15,268.09375,1377.25
1780761080.3555493,8,269.484375,1376.0
1780761080.3555493,9,270.796875,1375.0
1780761080.3555493,9,272.125,1375.75
1780761080.3555493,8,273.46875,1375.75
1780761080.3555493,15,274.765625,1377.0
1780761080.3555493,15,280.296875,561.0
1780761080.3555493,15,281.828125,549.75
1780761080.3555493,15,283.28125,538.25
1780761080.3555493,15,284.578125,528.75
1780761080.3555493,15,285.90625,520.0
1780761080.3555493,15,287.375,511.25
1780761080.3555493,15,301.4375,1600.0
1780761080.3555493,15,313.453125,1570.25
1780761080.3555493,15,349.578125,1546.25
1780761080.3555493,15,350.9375,1549.0
1780761080.492975,15,352.25,1546.5
1780761080.492975,15,353.609375,1549.25
1780761080.492975,15,354.921875,1544.5
1780761080.492975,15,356.28125,1541.75
1780761080.492975,15,357.625,1549.25
1780761080.492975,15,358.9375,1543.0
1780761080.492975,15,0.328125,1539.5
1780761080.492975,15,1.65625,1543.0
1780761080.492975,15,2.984375,1545.5
1780761080.492975,15,4.28125,1545.75
1780761080.492975,15,5.640625,1546.75
1780761080.492975,15,7.0,1549.75
1780761080.492975,15,8.3125,1556.75
1780761080.492975,15,9.65625,1571.5
1780761080.492975,15,10.96875,1564.75
1780761080.492975,15,12.3125,1556.0
1780761080.492975,15,13.65625,1572.75
1780761080.492975,15,14.9375,1597.75
1780761080.492975,15,29.765625,1458.75
1780761080.492975,15,31.09375,1434.75
1780761080.492975,15,36.65625,1243.75
1780761080.492975,15,38.09375,1214.25
1780761080.492975,15,40.75,1147.0
1780761080.492975,15,42.171875,1129.75
1780761080.492975,15,45.28125,819.25
1780761080.492975,15,46.65625,798.25
1780761080.492975,15,48.046875,779.75
1780761080.492975,15,49.546875,765.25
1780761080.492975,15,50.890625,752.0
1780761080.492975,15,52.21875,749.75
1780761080.492975,15,57.203125,903.75
1780761080.492975,15,58.578125,891.25
1780761080.492975,15,59.90625,880.75
1780761080.492975,15,61.28125,869.25
1780761080.492975,15,62.671875,857.75
1780761080.492975,15,64.0,847.25
1780761080.492975,15,65.359375,837.75
1780761080.492975,15,66.765625,827.75
1780761080.492975,15,68.015625,818.25
1780761080.492975,15,69.359375,811.75
1780761080.492975,15,70.8125,805.75
1780761080.492975,15,72.078125,800.0
1780761080.492975,15,73.53125,792.5
1780761080.492975,15,74.84375,786.25
1780761080.492975,15,76.1875,782.5
1780761080.492975,15,77.5,777.5
1780761080.492975,15,78.90625,774.5
1780761080.492975,15,80.265625,771.0
1780761080.492975,15,81.59375,767.5
1780761080.492975,15,82.984375,764.75
1780761080.492975,15,84.3125,763.25
1780761080.492975,15,85.703125,761.75
1780761080.492975,15,86.9375,761.0
1780761080.492975,15,88.25,759.75
1780761080.492975,15,89.703125,757.5
1780761080.492975,15,91.046875,758.5
1780761080.492975,15,92.234375,760.5
1780761080.492975,15,93.640625,761.75
1780761080.492975,15,94.9375,762.5
1780761080.492975,15,96.375,763.25
1780761080.492975,15,97.71875,764.75
1780761080.492975,15,98.984375,767.5
1780761080.492975,15,100.421875,770.25
1780761080.492975,15,101.734375,773.5
1780761080.492975,15,103.015625,777.0
1780761080.492975,15,104.25,781.0
1780761080.492975,15,105.65625,786.75
1780761080.492975,15,106.921875,792.5
1780761080.492975,15,108.25,798.25
1780761080.492975,15,109.59375,807.25
1780761080.492975,15,110.90625,812.0
1780761080.492975,15,112.3125,816.75
1780761080.492975,15,113.703125,825.75
1780761080.492975,15,114.875,835.25
1780761080.492975,15,116.21875,846.5
1780761080.492975,15,117.640625,855.25
1780761080.492975,15,118.828125,865.0
1780761080.492975,15,120.1875,877.5
1780761080.492975,15,121.5625,889.25
1780761080.492975,15,122.890625,901.0
1780761080.492975,15,124.125,912.5
1780761080.492975,15,125.5625,926.75
1780761080.492975,13,126.765625,943.75
1780761080.492975,15,128.1875,958.0
1780761080.492975,15,129.421875,970.75
1780761080.492975,15,136.890625,1549.0
1780761080.492975,4,138.25,1528.0
1780761080.492975,15,140.953125,1447.25
1780761080.492975,15,142.296875,1426.25
1780761080.492975,15,143.671875,1404.25
1780761080.492975,15,145.046875,1384.0
1780761080.492975,15,146.40625,1374.75
1780761080.492975,15,147.78125,1349.0
1780761080.492975,15,149.109375,1332.25
1780761080.492975,15,155.734375,1463.75
1780761080.492975,15,158.375,1550.5
1780761080.492975,7,159.703125,1530.0
1780761080.492975,8,161.078125,1511.0
1780761080.492975,15,170.78125,1135.75
1780761080.492975,15,172.125,1135.0
1780761080.492975,15,173.40625,1133.75
1780761080.492975,15,174.8125,1132.25
1780761080.492975,15,176.15625,1127.25
1780761080.492975,15,177.46875,1126.5
1780761080.492975,15,178.8125,1122.75
1780761080.492975,15,180.203125,1116.0
1780761080.492975,15,181.5625,1118.75
1780761080.492975,15,182.875,1121.75
1780761080.492975,15,184.25,1123.25
1780761080.492975,15,185.609375,1127.75
1780761080.492975,15,186.890625,1132.5
1780761080.492975,15,188.234375,1133.75
1780761080.492975,15,189.640625,1134.75
1780761080.492975,15,194.65625,1457.0
1780761080.492975,15,196.03125,1476.0
1780761080.492975,15,203.3125,966.75
1780761080.492975,15,204.625,960.0
1780761080.492975,15,205.953125,955.75
1780761080.492975,15,207.28125,952.75
1780761080.492975,15,213.96875,1038.75
1780761080.492975,15,216.671875,977.25
1780761080.492975,15,219.421875,922.5
1780761080.492975,15,223.609375,903.0
1780761080.492975,15,224.953125,887.0
1780761080.492975,15,231.109375,1226.5
1780761080.492975,15,232.484375,1204.0
1780761080.492975,15,233.921875,1185.5
1780761080.492975,15,243.046875,1443.75
1780761080.492975,15,247.015625,1460.5
1780761080.492975,15,248.359375,1474.5
1780761080.492975,15,253.71875,1426.25
1780761080.492975,15,255.0625,1410.75
1780761080.492975,15,256.4375,1409.75
1780761080.492975,15,257.78125,1408.5
1780761080.492975,15,260.453125,1394.75
1780761080.492975,15,261.78125,1380.5
1780761080.492975,15,263.171875,1378.75
1780761080.492975,8,264.5,1377.25
1780761080.492975,10,265.890625,1375.5
1780761080.492975,10,267.140625,1374.25
1780761080.492975,10,268.5625,1374.25
1780761080.492975,9,269.828125,1374.0
1780761080.492975,10,271.21875,1375.25
1780761080.492975,9,272.578125,1377.0
1780761080.492975,8,273.828125,1377.0
1780761080.492975,7,275.3125,1377.75
1780761080.492975,15,276.578125,1378.5
1780761080.492975,15,277.96875,1378.75
1780761080.492975,15,279.3125,1380.5
1780761080.492975,15,283.390625,571.75
1780761080.492975,15,284.9375,561.5
1780761080.492975,15,286.21875,552.0
1780761080.492975,15,287.78125,542.25
1780761080.492975,15,288.921875,534.0
1780761080.492975,15,290.421875,526.75
1780761080.492975,15,291.71875,520.0
1780761080.492975,15,336.8125,1772.0
1780761080.492975,15,342.078125,1999.5
1780761080.492975,15,343.421875,1999.5
1780761080.492975,15,344.78125,1999.25
1780761080.492975,15,350.375,1587.5
1780761080.6305523,15,351.703125,1604.75
1780761080.6305523,15,353.09375,1587.5
1780761080.6305523,15,357.109375,1569.0
1780761080.6305523,15,358.4375,1583.75
1780761080.6305523,15,359.796875,1586.75
1780761080.6305523,15,1.09375,1578.75
1780761080.6305523,15,2.453125,1579.25
1780761080.6305523,15,3.8125,1588.25
1780761080.6305523,15,5.15625,1589.25
1780761080.6305523,15,6.46875,1590.5
1780761080.6305523,10,7.828125,1602.5
1780761080.6305523,15,9.140625,1602.5
1780761080.6305523,15,10.53125,1594.5
1780761080.6305523,15,11.859375,1588.5
1780761080.6305523,15,13.1875,1601.25
1780761080.6305523,15,14.453125,1634.5
1780761080.6305523,15,30.671875,1438.75
1780761080.6305523,15,36.296875,1255.0
1780761080.6305523,15,37.6875,1224.75
1780761080.6305523,15,38.96875,1196.25
1780761080.6305523,15,44.953125,824.25
1780761080.6305523,15,46.328125,804.25
1780761080.6305523,15,47.734375,787.25
1780761080.6305523,15,49.171875,772.5
1780761080.6305523,15,50.359375,773.25
1780761080.6305523,15,55.46875,925.0
1780761080.6305523,15,56.90625,909.5
1780761080.6305523,15,58.234375,895.5
1780761080.6305523,15,59.546875,883.5
1780761080.6305523,15,61.0,872.25
1780761080.6305523,15,62.265625,862.25
1780761080.6305523,15,63.765625,850.75
1780761080.6305523,15,65.140625,840.75
1780761080.6305523,15,66.359375,830.5
1780761080.6305523,15,67.8125,819.75
1780761080.6305523,15,69.15625,813.75
1780761080.6305523,15,70.484375,808.25
1780761080.6305523,15,71.921875,802.25
1780761080.6305523,15,73.265625,796.25
1780761080.6305523,15,74.5625,790.0
1780761080.6305523,15,75.953125,784.75
1780761080.6305523,15,77.3125,780.75
1780761080.6305523,15,78.625,776.75
1780761080.6305523,15,79.921875,772.5
1780761080.6305523,15,81.40625,769.25
1780761080.6305523,15,82.640625,766.25
1780761080.6305523,15,84.078125,762.75
1780761080.6305523,15,85.453125,761.75
1780761080.6305523,15,86.6875,762.0
1780761080.6305523,15,88.15625,760.75
1780761080.6305523,15,89.484375,760.0
1780761080.6305523,15,90.734375,760.0
1780761080.6305523,15,92.203125,760.0
1780761080.6305523,15,93.390625,761.0
1780761080.6305523,15,94.75,762.75
1780761080.6305523,15,96.1875,763.25
1780761080.6305523,15,97.40625,764.25
1780761080.6305523,15,98.796875,766.75
1780761080.6305523,15,100.15625,769.75
1780761080.6305523,15,101.5,774.75
1780761080.6305523,15,102.765625,778.0
1780761080.6305523,15,104.171875,781.25
1780761080.6305523,15,105.4375,785.5
1780761080.6305523,15,106.890625,784.0
1780761080.6305523,15,108.15625,790.5
1780761080.6305523,15,109.484375,803.75
1780761080.6305523,15,110.78125,809.5
1780761080.6305523,15,112.1875,814.0
1780761080.6305523,15,113.453125,822.5
1780761080.6305523,15,114.78125,832.25
1780761080.6305523,15,116.015625,843.5
1780761080.6305523,15,117.34375,855.75
1780761080.6305523,15,118.703125,865.5
1780761080.6305523,15,120.015625,875.25
1780761080.6305523,15,121.359375,886.5
1780761080.6305523,15,122.640625,899.75
1780761080.6305523,15,123.9375,912.0
1780761080.6305523,15,125.265625,923.75
1780761080.6305523,15,126.640625,938.25
1780761080.6305523,15,127.9375,955.0
1780761080.6305523,5,135.390625,1558.25
1780761080.6305523,15,138.078125,1478.75
1780761080.6305523,15,140.828125,1418.0
1780761080.6305523,15,142.125,1409.75
1780761080.6305523,15,144.9375,1345.0
1780761080.6305523,15,146.234375,1309.5
1780761080.6305523,15,147.546875,1303.75
1780761080.6305523,15,148.890625,1325.0
1780761080.6305523,15,154.1875,1441.0
1780761080.6305523,15,155.53125,1433.5
1780761080.6305523,15,159.5,1469.75
1780761080.6305523,15,160.875,1461.25
1780761080.6305523,15,170.59375,1093.25
1780761080.6305523,15,171.921875,1090.75
1780761080.6305523,15,173.234375,1089.25
1780761080.6305523,8,174.59375,1087.75
1780761080.6305523,11,175.96875,1082.75
1780761080.6305523,5,177.328125,1080.0
1780761080.6305523,15,181.390625,1079.75
1780761080.6305523,10,182.75,1079.0
1780761080.6305523,9,184.03125,1079.25
1780761080.6305523,9,185.421875,1080.5
1780761080.6305523,15,186.796875,1086.25
1780761080.6305523,15,188.09375,1090.75
1780761080.6305523,15,189.484375,1092.25
1780761080.6305523,15,195.84375,1426.25
1780761080.6305523,15,197.171875,1453.5
1780761080.6305523,15,204.46875,933.5
1780761080.6305523,15,205.765625,929.5
1780761080.6305523,15,207.140625,927.25
1780761080.6305523,15,208.46875,923.75
1780761080.6305523,15,217.921875,950.25
1780761080.6305523,15,219.25,925.75
1780761080.6305523,15,221.96875,888.0
1780761080.6305523,15,226.046875,860.0
1780761080.6305523,15,233.640625,1186.0
1780761080.6305523,11,234.953125,1165.25
1780761080.6305523,15,236.359375,1161.0
1780761080.6305523,15,244.078125,1477.0
1780761080.6305523,15,248.109375,1460.25
1780761080.6305523,15,249.515625,1458.25
1780761080.6305523,15,250.796875,1449.0
1780761080.6305523,15,258.96875,1385.75
1780761080.6305523,15,260.265625,1395.5
1780761080.6305523,15,263.015625,1393.25
1780761080.6305523,15,264.375,1377.75
1780761080.6305523,7,265.6875,1375.75
1780761080.6305523,10,267.046875,1374.0
1780761080.6305523,9,268.40625,1374.25
1780761080.6305523,8,269.703125,1374.0
1780761080.6305523,9,271.09375,1374.0
1780761080.6305523,9,272.375,1375.75
1780761080.6305523,7,273.734375,1376.75
1780761080.6305523,7,275.125,1377.0
1780761080.6305523,15,276.421875,1378.5
1780761080.6305523,15,277.78125,1380.75
1780761080.6305523,15,279.125,1382.5
1780761080.6305523,15,280.4375,1395.75
1780761080.6305523,15,281.765625,1408.5
1780761080.6305523,15,287.25,579.0
1780761080.6305523,15,288.640625,569.0
1780761080.6305523,15,289.9375,560.75
1780761080.6305523,15,291.4375,553.75
1780761080.6305523,15,292.828125,546.5
1780761080.6305523,15,294.203125,540.25
1780761080.6305523,15,295.46875,534.0
1780761080.6305523,15,345.953125,1999.25
1780761080.6305523,15,350.21875,1626.0
1780761080.7685428,15,351.609375,1630.25
1780761080.7685428,15,352.921875,1630.25
1780761080.7685428,10,354.296875,1623.25
1780761080.7685428,15,355.59375,1615.0
1780761080.7685428,15,356.953125,1616.5
1780761080.7685428,15,358.3125,1615.75
1780761080.7685428,15,359.703125,1609.5
1780761080.7685428,15,1.03125,1607.25
1780761080.7685428,15,2.359375,1618.25
1780761080.7685428,15,3.734375,1622.0
1780761080.7685428,15,5.03125,1626.0
1780761080.7685428,15,6.375,1631.0
1780761080.7685428,15,7.71875,1627.5
1780761080.7685428,15,9.03125,1635.0
1780761080.7685428,15,10.421875,1629.5
1780761080.7685428,15,11.75,1618.25
1780761080.7685428,15,13.046875,1631.75
1780761080.7685428,15,14.359375,1661.5
1780761080.7685428,15,30.59375,1444.75
1780761080.7685428,15,36.140625,1255.0
1780761080.7685428,15,37.59375,1225.0
1780761080.7685428,15,38.890625,1196.5
1780761080.7685428,15,42.015625,870.0
1780761080.7685428,15,43.5,845.75
1780761080.7685428,15,44.78125,823.75
1780761080.7685428,15,46.28125,804.0
1780761080.7685428,15,47.578125,795.0
1780761080.7685428,15,54.0625,937.25
1780761080.7685428,15,55.453125,922.5
1780761080.7685428,15,56.71875,907.25
1780761080.7685428,15,58.140625,895.0
1780761080.7685428,15,59.46875,883.0
1780761080.7685428,15,60.9375,870.5
1780761080.7685428,15,62.3125,860.5
1780761080.7685428,15,63.765625,851.0
1780761080.7685428,15,65.015625,840.5
1780761080.7685428,15,66.453125,831.75
1780761080.7685428,15,67.734375,821.25
1780761080.7685428,15,69.171875,813.5
1780761080.7685428,15,70.46875,808.0
1780761080.7685428,15,71.953125,801.75
1780761080.7685428,15,73.265625,794.25
1780761080.7685428,15,74.578125,788.25
1780761080.7685428,15,75.921875,784.75
1780761080.7685428,15,77.328125,780.5
1780761080.7685428,15,78.703125,776.5
1780761080.7685428,15,80.0,772.5
1780761080.7685428,15,81.359375,769.75
1780761080.7685428,15,82.703125,766.75
1780761080.7685428,15,84.09375,763.25
1780761080.7685428,15,85.40625,762.25
1780761080.7685428,15,86.796875,762.75
1780761080.7685428,15,88.15625,761.5
1780761080.7685428,15,89.546875,760.5
1780761080.7685428,15,90.859375,760.5
1780761080.7685428,15,92.234375,760.75
1780761080.7685428,15,93.484375,761.75
1780761080.7685428,15,94.84375,763.0
1780761080.7685428,15,96.1875,763.5
1780761080.7685428,15,97.609375,765.0
1780761080.7685428,15,98.953125,767.5
1780761080.7685428,15,100.1875,771.5
1780761080.7685428,15,101.59375,775.25
1780761080.7685428,15,102.984375,777.25
1780761080.7685428,15,104.296875,780.5
1780761080.7685428,15,105.625,784.75
1780761080.7685428,15,106.890625,790.75
1780761080.7685428,15,108.171875,797.25
1780761080.7685428,15,109.515625,804.0
1780761080.7685428,15,110.890625,809.75
1780761080.7685428,15,112.234375,814.5
1780761080.7685428,15,113.421875,825.0
1780761080.7685428,15,114.765625,836.5
1780761080.7685428,15,116.109375,846.5
1780761080.7685428,15,117.390625,856.5
1780761080.7685428,15,118.75,866.25
1780761080.7685428,15,120.015625,876.25
1780761080.7685428,15,121.40625,887.25
1780761080.7685428,15,122.671875,900.0
1780761080.7685428,15,124.078125,912.25
1780761080.7685428,15,125.328125,924.25
1780761080.7685428,15,129.40625,941.25
1780761080.7685428,15,136.875,1436.75
1780761080.7685428,5,138.234375,1427.5
1780761080.7685428,15,139.5625,1406.75
1780761080.7685428,15,140.96875,1383.0
1780761080.7685428,15,142.28125,1365.5
1780761080.7685428,15,143.625,1342.5
1780761080.7685428,15,146.359375,1266.0
1780761080.7685428,15,147.734375,1261.25
1780761080.7685428,15,154.296875,1419.25
1780761080.7685428,15,157.0625,1477.75
1780761080.7685428,15,158.453125,1449.0
1780761080.7685428,15,159.734375,1433.5
1780761080.7685428,15,170.84375,1062.0
1780761080.7685428,15,172.21875,1057.0
1780761080.7685428,15,173.546875,1049.25
1780761080.7685428,15,174.890625,1043.0
1780761080.7685428,15,176.3125,1041.75
1780761080.7685428,15,177.625,1042.0
1780761080.7685428,15,179.015625,1037.75
1780761080.7685428,15,180.34375,1035.5
1780761080.7685428,15,181.75,1039.5
1780761080.7685428,15,183.015625,1041.25
1780761080.7685428,15,184.40625,1042.25
1780761080.7685428,15,185.71875,1043.25
1780761080.7685428,15,187.03125,1043.75
1780761080.7685428,15,188.390625,1044.75
1780761080.7685428,15,189.765625,1054.5
1780761080.7685428,15,196.140625,1408.75
1780761080.7685428,15,197.484375,1410.25
1780761080.7685428,15,204.78125,897.75
1780761080.7685428,15,206.078125,899.5
1780761080.7685428,15,207.5,896.75
1780761080.7685428,15,208.796875,894.25
1780761080.7685428,15,215.296875,1004.0
1780761080.7685428,15,219.453125,916.0
1780761080.7685428,15,220.875,893.5
1780761080.7685428,15,222.25,869.0
1780761080.7685428,15,223.671875,859.25
1780761080.7685428,15,227.71875,832.0
1780761080.7685428,15,229.03125,832.0
1780761080.7685428,15,233.953125,1184.25
1780761080.7685428,15,235.328125,1159.5
1780761080.7685428,9,236.6875,1145.5
1780761080.7685428,15,245.828125,1442.75
1780761080.7685428,15,248.46875,1442.75
1780761080.7685428,15,249.84375,1449.5
1780761080.7685428,15,251.140625,1448.5
1780761080.7685428,7,252.578125,1432.75
1780761080.7685428,15,253.921875,1418.0
1780761080.7685428,15,255.21875,1410.5
1780761080.7685428,15,260.640625,1407.25
1780761080.7685428,15,261.96875,1392.5
1780761080.7685428,8,264.6875,1377.75
1780761080.7685428,9,266.046875,1376.75
1780761080.7685428,9,267.359375,1375.0
1780761080.7685428,9,268.75,1374.0
1780761080.7685428,8,270.03125,1375.75
1780761080.7685428,9,271.4375,1376.25
1780761080.7685428,8,272.765625,1374.5
1780761080.7685428,10,274.109375,1374.75
1780761080.7685428,15,275.328125,1376.75
1780761080.7685428,15,276.703125,1378.0
1780761080.7685428,15,278.03125,1379.0
1780761080.7685428,15,279.359375,1393.5
1780761080.7685428,15,280.6875,1407.75
1780761080.7685428,15,282.03125,1408.5
1780761080.7685428,15,283.359375,1409.25
1780761080.7685428,15,284.671875,1410.5
1780761080.7685428,6,286.0625,1418.0
1780761080.7685428,15,290.125,594.0
1780761080.7685428,15,291.59375,585.75
1780761080.7685428,15,292.96875,579.0
1780761080.7685428,15,294.328125,571.75
1780761080.7685428,15,295.578125,564.75
1780761080.7685428,15,297.0625,558.75
1780761080.7685428,15,298.4375,553.75
1780761080.7685428,15,350.515625,1663.25
1780761080.9055848,15,351.859375,1671.5
1780761080.9055848,8,353.203125,1663.25
1780761080.9055848,15,354.5625,1670.0
1780761080.9055848,13,355.921875,1668.25
1780761080.9055848,12,357.234375,1659.75
1780761080.9055848,15,358.625,1657.25
1780761080.9055848,15,359.984375,1657.75
1780761080.9055848,11,1.265625,1659.0
1780761080.9055848,13,2.65625,1657.0
1780761080.9055848,15,3.953125,1662.25
1780761080.9055848,15,5.328125,1668.0
1780761080.9055848,15,6.6875,1664.75
1780761080.9055848,15,8.03125,1674.0
1780761080.9055848,15,9.328125,1685.25
1780761080.9055848,15,10.75,1671.75
1780761080.9055848,15,12.046875,1664.0
1780761080.9055848,15,13.3125,1680.0
1780761080.9055848,15,14.65625,1719.75
1780761080.9055848,2,19.71875,2808.5
1780761080.9055848,15,36.59375,1249.25
1780761080.9055848,15,41.078125,888.5
1780761080.9055848,15,42.5,865.25
1780761080.9055848,15,43.921875,842.25
1780761080.9055848,15,45.234375,821.5
1780761080.9055848,15,46.515625,821.75
1780761080.9055848,15,51.765625,964.25
1780761080.9055848,15,53.125,949.5
1780761080.9055848,15,54.5,933.25
1780761080.9055848,15,55.765625,917.75
1780761080.9055848,15,57.21875,904.5
1780761080.9055848,15,58.625,891.75
1780761080.9055848,15,59.953125,880.75
1780761080.9055848,15,61.328125,869.0
1780761080.9055848,15,62.703125,858.0
1780761080.9055848,15,64.0625,847.75
1780761080.9055848,15,65.34375,838.75
1780761080.9055848,15,66.734375,829.0
1780761080.9055848,15,68.0625,818.5
1780761080.9055848,15,69.515625,812.0
1780761080.9055848,15,70.890625,806.0
1780761080.9055848,15,72.171875,800.0
1780761080.9055848,15,73.609375,792.75
1780761080.9055848,15,74.859375,786.5
1780761080.9055848,15,76.328125,782.75
1780761080.9055848,15,77.671875,779.25
1780761080.9055848,15,78.96875,776.0
1780761080.9055848,15,80.21875,772.25
1780761080.9055848,15,81.65625,768.75
1780761080.9055848,15,83.09375,766.5
1780761080.9055848,15,84.28125,765.0
1780761080.9055848,15,85.71875,762.0
1780761080.9055848,15,86.90625,761.25
1780761080.9055848,15,88.40625,760.0
1780761080.9055848,15,89.703125,759.5
1780761080.9055848,15,91.078125,760.25
1780761080.9055848,15,92.34375,760.5
1780761080.9055848,15,93.78125,761.5
1780761080.9055848,15,95.0625,762.75
1780761080.9055848,15,96.3125,763.75
1780761080.9055848,15,97.65625,765.25
1780761080.9055848,15,99.09375,768.0
1780761080.9055848,15,100.3125,772.25
1780761080.9055848,15,101.609375,782.0
1780761080.9055848,15,102.9375,783.75
1780761080.9055848,15,104.3125,781.0
1780761080.9055848,15,105.703125,786.5
1780761080.9055848,15,107.0,792.25
1780761080.9055848,15,108.203125,799.25
1780761080.9055848,15,109.65625,806.5
1780761080.9055848,15,110.9375,812.0
1780761080.9055848,15,112.3125,818.5
1780761080.9055848,15,113.5625,827.0
1780761080.9055848,15,114.890625,836.75
1780761080.9055848,15,116.15625,847.0
1780761080.9055848,15,117.5625,856.75
1780761080.9055848,15,118.84375,866.5
1780761080.9055848,15,120.1875,879.0
1780761080.9055848,15,121.421875,890.5
1780761080.9055848,15,122.703125,901.25
1780761080.9055848,15,124.015625,912.75
1780761080.9055848,15,134.21875,1461.5
1780761080.9055848,15,135.578125,1427.25
1780761080.9055848,15,136.859375,1410.25
1780761080.9055848,15,139.59375,1365.5
1780761080.9055848,15,140.96875,1351.5
1780761080.9055848,15,143.765625,1264.0
1780761080.9055848,15,145.09375,1244.5
1780761080.9055848,15,146.34375,1243.0
1780761080.9055848,15,147.703125,1255.5
1780761080.9055848,15,152.9375,1373.0
1780761080.9055848,15,155.6875,1440.5
1780761080.9055848,15,158.390625,1410.25
1780761080.9055848,15,159.734375,1409.5
1780761080.9055848,15,169.5625,1025.0
1780761080.9055848,15,170.921875,1023.5
1780761080.9055848,15,172.234375,1018.5
1780761080.9055848,15,173.5625,1013.0
1780761080.9055848,15,175.0,1010.75
1780761080.9055848,11,176.25,1009.0
1780761080.9055848,15,177.5625,1015.0
1780761080.9055848,15,178.9375,1016.25
1780761080.9055848,15,180.34375,1009.0
1780761080.9055848,12,181.65625,1007.5
1780761080.9055848,15,183.03125,1008.5
1780761080.9055848,11,184.3125,1009.5
1780761080.9055848,15,185.625,1011.5
1780761080.9055848,15,187.0,1013.0
1780761080.9055848,15,188.328125,1016.75
1780761080.9055848,15,189.6875,1017.75
1780761080.9055848,15,196.015625,1364.75
1780761080.9055848,15,197.359375,1376.5
1780761080.9055848,15,206.125,869.75
1780761080.9055848,15,207.40625,865.5
1780761080.9055848,15,208.78125,863.5
1780761080.9055848,15,210.109375,863.0
1780761080.9055848,15,219.484375,918.0
1780761080.9055848,15,220.8125,893.0
1780761080.9055848,15,222.234375,869.25
1780761080.9055848,15,223.5625,846.25
1780761080.9055848,15,225.046875,829.5
1780761080.9055848,15,230.453125,800.5
1780761080.9055848,15,235.25,1164.0
1780761080.9055848,15,236.5625,1149.75
1780761080.9055848,15,237.890625,1139.5
1780761080.9055848,15,245.6875,1458.75
1780761080.9055848,15,247.0625,1442.25
1780761080.9055848,15,251.09375,1435.0
1780761080.9055848,6,252.515625,1426.0
1780761080.9055848,15,253.859375,1417.75
1780761080.9055848,15,255.203125,1410.25
1780761080.9055848,15,256.546875,1409.25
1780761080.9055848,15,257.890625,1408.5
1780761080.9055848,15,259.203125,1407.75
1780761080.9055848,3,264.65625,1385.75
1780761080.9055848,8,267.296875,1384.0
1780761080.9055848,7,268.625,1374.75
1780761080.9055848,9,270.03125,1373.75
1780761080.9055848,8,271.390625,1374.25
1780761080.9055848,7,272.71875,1374.25
1780761080.9055848,15,274.078125,1375.0
1780761080.9055848,15,275.3125,1377.0
1780761080.9055848,15,276.640625,1378.0
1780761080.9055848,15,278.0,1378.75
1780761080.9055848,15,279.296875,1381.0
1780761080.9055848,15,280.625,1395.25
1780761080.9055848,15,282.0,1408.5
1780761080.9055848,15,283.296875,1409.25
1780761080.9055848,15,284.640625,1410.25
1780761080.9055848,15,285.984375,1411.25
1780761080.9055848,15,287.34375,1419.5
1780761080.9055848,15,288.703125,1434.75
1780761080.9055848,15,290.015625,1450.0
1780761080.9055848,15,294.109375,605.75
1780761080.9055848,15,295.40625,599.0
1780761080.9055848,15,296.75,592.25
1780761080.9055848,15,298.140625,586.75
1780761080.9055848,15,299.59375,582.25
1780761080.9055848,15,300.828125,577.75
1780761080.9055848,15,302.40625,572.75
1780761080.9055848,15,350.359375,1695.5
1780761081.0435297,15,351.703125,1706.25
1780761081.0435297,15,353.0625,1697.5
1780761081.0435297,15,354.359375,1708.0
1780761081.0435297,15,355.734375,1713.0
1780761081.0435297,15,357.125,1690.25
1780761081.0435297,15,358.46875,1693.5
1780761081.0435297,15,359.765625,1688.75
1780761081.0435297,15,1.09375,1685.0
1780761081.0435297,15,2.5,1693.75
1780761081.0435297,15,3.796875,1703.5
1780761081.0435297,15,5.140625,1705.25
1780761081.0435297,15,6.53125,1700.75
1780761081.0435297,15,7.859375,1711.5
1780761081.0435297,15,9.203125,1721.0
1780761081.0435297,15,10.5625,1710.0
1780761081.0435297,15,11.84375,1707.5
1780761081.0435297,14,13.15625,1737.75
1780761081.0435297,15,14.4375,1774.5
1780761081.0435297,15,38.0625,937.5
1780761081.0435297,15,39.5,912.5
1780761081.0435297,15,40.9375,888.75
1780761081.0435297,15,42.328125,866.75
1780761081.0435297,15,43.671875,851.0
1780761081.0435297,15,44.9375,856.0
1780761081.0435297,15,50.125,982.25
1780761081.0435297,15,51.546875,966.75
1780761081.0435297,15,52.890625,949.0
1780761081.0435297,15,54.265625,933.5
1780761081.0435297,15,55.546875,923.0
1780761081.0435297,15,57.0,909.0
1780761081.0435297,15,58.296875,895.0
1780761081.0435297,15,59.71875,883.5
1780761081.0435297,15,61.09375,871.25
1780761081.0435297,15,62.46875,860.0
1780761081.0435297,15,63.8125,850.75
1780761081.0435297,15,65.25,840.0
1780761081.0435297,15,66.5625,829.25
1780761081.0435297,15,67.96875,819.5
1780761081.0435297,15,69.390625,812.0
1780761081.0435297,15,70.59375,806.0
1780761081.0435297,15,71.96875,801.25
1780761081.0435297,15,73.40625,795.75
1780761081.0435297,15,74.796875,788.5
1780761081.0435297,15,76.15625,782.75
1780761081.0435297,15,77.4375,779.5
1780761081.0435297,15,78.8125,776.25
1780761081.0435297,15,80.140625,771.25
1780761081.0435297,15,81.53125,768.0
1780761081.0435297,15,82.9375,767.25
1780761081.0435297,15,84.125,765.0
1780761081.0435297,15,85.421875,762.5
1780761081.0435297,15,86.765625,762.75
1780761081.0435297,15,88.1875,761.5
1780761081.0435297,15,89.484375,760.5
1780761081.0435297,15,90.953125,760.5
1780761081.0435297,15,92.171875,761.0
1780761081.0435297,15,93.609375,762.25
1780761081.0435297,15,94.84375,763.5
1780761081.0435297,15,96.234375,765.5
1780761081.0435297,15,97.578125,767.0
1780761081.0435297,15,98.9375,776.5
1780761081.0435297,15,100.15625,780.0
1780761081.0435297,15,101.546875,775.25
1780761081.0435297,15,102.953125,777.5
1780761081.0435297,15,104.140625,781.0
1780761081.0435297,15,105.578125,785.5
1780761081.0435297,15,106.796875,791.25
1780761081.0435297,15,108.21875,799.25
1780761081.0435297,15,109.40625,805.75
1780761081.0435297,15,110.828125,811.25
1780761081.0435297,15,112.046875,820.75
1780761081.0435297,15,113.484375,829.5
1780761081.0435297,15,114.8125,836.25
1780761081.0435297,15,116.09375,846.0
1780761081.0435297,15,117.34375,856.25
1780761081.0435297,15,118.78125,867.5
1780761081.0435297,15,120.0,879.75
1780761081.0435297,15,121.375,891.5
1780761081.0435297,15,122.609375,902.5
1780761081.0435297,15,131.484375,1422.5
1780761081.0435297,15,132.8125,1438.5
1780761081.0435297,15,134.140625,1428.75
1780761081.0435297,15,136.890625,1369.5
1780761081.0435297,15,138.28125,1339.75
1780761081.0435297,15,140.953125,1267.75
1780761081.0435297,7,142.375,1250.5
1780761081.0435297,15,143.671875,1233.5
1780761081.0435297,15,145.09375,1220.25
1780761081.0435297,15,146.390625,1230.5
1780761081.0435297,15,151.609375,1362.5
1780761081.0435297,15,153.0,1356.75
1780761081.0435297,15,154.3125,1348.0
1780761081.0435297,7,157.046875,1393.75
1780761081.0435297,7,158.328125,1373.0
1780761081.0435297,15,169.4375,991.25
1780761081.0435297,15,170.796875,987.5
1780761081.0435297,15,172.140625,980.75
1780761081.0435297,15,173.515625,978.75
1780761081.0435297,15,174.84375,977.75
1780761081.0435297,15,176.234375,974.5
1780761081.0435297,15,177.609375,976.25
1780761081.0435297,15,178.96875,975.25
1780761081.0435297,15,180.15625,972.25
1780761081.0435297,15,181.546875,972.0
1780761081.0435297,15,182.84375,973.25
1780761081.0435297,15,184.203125,975.0
1780761081.0435297,15,185.515625,975.75
1780761081.0435297,15,186.8125,976.75
1780761081.0435297,15,188.21875,982.5
1780761081.0435297,15,189.546875,987.5
1780761081.0435297,15,190.828125,990.25
1780761081.0435297,15,197.109375,1352.5
1780761081.0435297,15,198.5,1365.0
1780761081.0435297,15,207.171875,835.25
1780761081.0435297,15,208.578125,831.75
1780761081.0435297,15,209.859375,829.5
1780761081.0435297,15,211.296875,827.0
1780761081.0435297,15,219.21875,924.0
1780761081.0435297,15,221.875,873.5
1780761081.0435297,15,223.328125,850.5
1780761081.0435297,15,224.765625,828.5
1780761081.0435297,15,226.125,807.5
1780761081.0435297,15,227.390625,807.5
1780761081.0435297,15,232.8125,775.25
1780761081.0435297,15,237.6875,1139.75
1780761081.0435297,15,239.046875,1122.0
1780761081.0435297,15,248.15625,1419.5
1780761081.0435297,7,252.125,1418.25
1780761081.0435297,15,253.5,1418.0
1780761081.0435297,15,254.84375,1410.5
1780761081.0435297,15,256.171875,1409.75
1780761081.0435297,15,257.515625,1398.75
1780761081.0435297,15,258.890625,1386.0
1780761081.0435297,15,260.234375,1382.25
1780761081.0435297,15,261.5625,1380.25
1780761081.0435297,15,262.875,1379.0
1780761081.0435297,9,269.625,1368.0
1780761081.0435297,9,270.921875,1373.5
1780761081.0435297,9,272.25,1375.0
1780761081.0435297,9,273.5625,1376.5
1780761081.0435297,15,274.953125,1377.25
1780761081.0435297,15,276.25,1378.5
1780761081.0435297,15,277.546875,1379.5
1780761081.0435297,15,278.9375,1380.0
1780761081.0435297,15,280.203125,1383.75
1780761081.0435297,15,281.5625,1397.75
1780761081.0435297,15,282.859375,1409.25
1780761081.0435297,15,284.234375,1410.0
1780761081.0435297,15,285.53125,1411.25
1780761081.0435297,15,286.859375,1419.75
1780761081.0435297,15,288.234375,1434.5
1780761081.0435297,15,289.515625,1449.5
1780761081.0435297,15,290.875,1464.25
1780761081.0435297,15,292.234375,1476.0
1780761081.0435297,15,296.171875,627.25
1780761081.0435297,15,297.671875,619.5
1780761081.0435297,15,299.0625,613.75
1780761081.0435297,15,300.515625,609.0
1780761081.0435297,15,301.921875,604.5
1780761081.0435297,15,303.171875,600.25
1780761081.0435297,15,304.671875,596.25
1780761081.0435297,15,349.921875,1746.0
1780761081.1807148,15,351.28125,1738.25
1780761081.1807148,15,352.578125,1739.5
1780761081.1807148,15,353.96875,1744.0
1780761081.1807148,15,355.296875,1742.0
1780761081.1807148,15,356.625,1722.75
1780761081.1807148,15,357.953125,1727.25
1780761081.1807148,15,359.359375,1726.5
1780761081.1807148,15,0.640625,1720.25
1780761081.1807148,15,2.0,1723.5
1780761081.1807148,15,3.34375,1731.75
1780761081.1807148,15,4.703125,1739.5
1780761081.1807148,15,6.015625,1742.5
1780761081.1807148,15,7.34375,1734.75
1780761081.1807148,15,8.71875,1739.5
1780761081.1807148,15,10.03125,1743.75
1780761081.1807148,15,11.40625,1742.0
1780761081.1807148,15,12.765625,1767.5
1780761081.1807148,15,14.109375,1797.0
1780761081.1807148,15,39.265625,922.75
1780761081.1807148,15,41.921875,877.0
1780761081.1807148,15,43.265625,882.25
1780761081.1807148,15,48.5,1009.0
1780761081.1807148,15,49.96875,991.25
1780761081.1807148,15,51.3125,973.75
1780761081.1807148,15,52.640625,958.0
1780761081.1807148,15,54.125,941.0
1780761081.1807148,15,55.390625,925.75
1780761081.1807148,15,56.796875,911.0
1780761081.1807148,15,58.21875,897.75
1780761081.1807148,15,59.609375,885.75
1780761081.1807148,15,60.765625,875.25
1780761081.1807148,15,62.265625,866.25
1780761081.1807148,15,63.5,855.25
1780761081.1807148,15,64.953125,844.75
1780761081.1807148,15,66.359375,833.25
1780761081.1807148,15,67.6875,823.75
1780761081.1807148,15,69.0,816.0
1780761081.1807148,15,70.453125,809.5
1780761081.1807148,15,71.703125,803.25
1780761081.1807148,15,73.109375,797.0
1780761081.1807148,15,74.4375,792.0
1780761081.1807148,15,75.84375,786.5
1780761081.1807148,15,77.25,782.5
1780761081.1807148,15,78.59375,779.5
1780761081.1807148,15,79.96875,775.25
1780761081.1807148,15,81.3125,770.5
1780761081.1807148,15,82.578125,768.5
1780761081.1807148,15,83.875,768.25
1780761081.1807148,15,85.15625,766.25
1780761081.1807148,15,86.53125,762.75
1780761081.1807148,15,87.84375,761.5
1780761081.1807148,15,89.15625,763.0
1780761081.1807148,15,90.515625,762.5
1780761081.1807148,15,91.96875,762.25
1780761081.1807148,15,93.25,763.5
1780761081.1807148,15,94.53125,764.5
1780761081.1807148,15,95.796875,776.0
1780761081.1807148,15,97.203125,777.25
1780761081.1807148,15,98.546875,769.25
1780761081.1807148,15,99.828125,772.5
1780761081.1807148,15,101.15625,776.5
1780761081.1807148,15,102.5625,780.75
1780761081.1807148,15,103.9375,783.5
1780761081.1807148,15,105.28125,788.5
1780761081.1807148,15,106.59375,794.5
1780761081.1807148,15,107.921875,800.75
1780761081.1807148,15,109.21875,807.5
1780761081.1807148,15,110.5625,812.75
1780761081.1807148,15,111.875,819.5
1780761081.1807148,15,113.203125,828.25
1780761081.1807148,15,114.5,837.5
1780761081.1807148,15,115.734375,848.0
1780761081.1807148,15,117.0625,857.5
1780761081.1807148,15,118.390625,867.5
1780761081.1807148,15,119.6875,879.25
1780761081.1807148,15,122.375,889.25
1780761081.1807148,15,123.78125,893.0
1780761081.1807148,15,131.140625,1442.5
1780761081.1807148,15,132.515625,1407.5
1780761081.1807148,15,133.875,1367.25
1780761081.1807148,15,135.21875,1327.75
1780761081.1807148,1,136.578125,1298.75
1780761081.1807148,15,137.984375,1272.5
1780761081.1807148,15,139.296875,1240.5
1780761081.1807148,15,140.6875,1215.25
1780761081.1807148,15,142.03125,1195.75
1780761081.1807148,15,143.375,1189.0
1780761081.1807148,15,144.671875,1199.5
1780761081.1807148,15,146.03125,1224.5
1780761081.1807148,15,148.609375,1331.75
1780761081.1807148,15,153.890625,1364.75
1780761081.1807148,15,155.34375,1371.25
1780761081.1807148,15,156.671875,1357.5
1780761081.1807148,15,157.984375,1349.5
1780761081.1807148,12,169.171875,956.75
1780761081.1807148,10,170.515625,953.5
1780761081.1807148,12,171.875,951.0
1780761081.1807148,15,173.25,947.75
1780761081.1807148,15,174.640625,942.75
1780761081.1807148,15,175.9375,939.75
1780761081.1807148,15,177.234375,937.5
1780761081.1807148,15,178.59375,933.0
1780761081.1807148,15,179.984375,936.25
1780761081.1807148,15,181.328125,938.5
1780761081.1807148,15,182.59375,934.75
1780761081.1807148,15,183.921875,938.5
1780761081.1807148,15,185.265625,943.0
1780761081.1807148,15,186.609375,940.25
1780761081.1807148,13,187.9375,944.0
1780761081.1807148,13,189.296875,952.25
1780761081.1807148,15,190.609375,954.5
1780761081.1807148,15,192.875,1270.5
1780761081.1807148,15,196.9375,1276.0
1780761081.1807148,15,208.453125,799.5
1780761081.1807148,15,209.734375,798.25
1780761081.1807148,15,211.171875,796.25
1780761081.1807148,15,212.484375,795.0
1780761081.1807148,15,213.796875,795.0
1780761081.1807148,15,217.625,953.25
1780761081.1807148,15,218.9375,927.5
1780761081.1807148,15,221.765625,876.25
1780761081.1807148,15,223.1875,853.0
1780761081.1807148,15,224.578125,829.5
1780761081.1807148,15,225.9375,807.25
1780761081.1807148,15,227.296875,788.75
1780761081.1807148,15,233.984375,758.0
1780761081.1807148,15,235.40625,762.25
1780761081.1807148,15,240.15625,1106.5
1780761081.1807148,15,241.546875,1084.75
1780761081.1807148,15,249.265625,1419.0
1780761081.1807148,15,250.625,1425.75
1780761081.1807148,15,253.296875,1426.0
1780761081.1807148,15,254.6875,1410.5
1780761081.1807148,15,256.03125,1409.75
1780761081.1807148,15,257.359375,1409.25
1780761081.1807148,15,258.71875,1396.5
1780761081.1807148,15,260.078125,1381.5
1780761081.1807148,15,261.375,1380.75
1780761081.1807148,15,262.734375,1381.25
1780761081.1807148,10,264.125,1378.75
1780761081.1807148,9,265.46875,1377.0
1780761081.1807148,8,266.78125,1376.25
1780761081.1807148,15,272.109375,1383.25
1780761081.1807148,9,273.5,1383.75
1780761081.1807148,9,274.875,1377.25
1780761081.1807148,8,276.171875,1378.5
1780761081.1807148,15,277.53125,1379.0
1780761081.1807148,15,278.890625,1381.0
1780761081.1807148,15,280.171875,1384.25
1780761081.1807148,15,281.5,1397.25
1780761081.1807148,15,282.828125,1409.0
1780761081.1807148,15,284.203125,1409.75
1780761081.1807148,15,285.5625,1410.75
1780761081.1807148,15,286.828125,1419.5
1780761081.1807148,15,288.171875,1434.5
1780761081.1807148,15,289.578125,1441.75
1780761081.1807148,15,290.875,1450.25
1780761081.1807148,15,292.21875,1469.5
1780761081.1807148,15,293.59375,1461.5
1780761081.1807148,15,296.203125,1530.0
1780761081.1807148,15,300.40625,641.25
1780761081.1807148,15,301.625,636.75
1780761081.1807148,15,302.96875,632.0
1780761081.1807148,15,304.40625,626.25
1780761081.1807148,15,305.671875,622.5
1780761081.1807148,15,307.125,618.5
1780761081.3185458,15,351.265625,1762.25
1780761081.3185458,15,352.59375,1769.5
1780761081.3185458,15,353.953125,1765.5
1780761081.3185458,15,355.328125,1766.5
1780761081.3185458,15,356.65625,1773.0
1780761081.3185458,15,358.0,1764.25
1780761081.3185458,15,359.359375,1760.0
1780761081.3185458,11,0.65625,1762.25
1780761081.3185458,11,2.015625,1760.75
1780761081.3185458,15,3.390625,1762.25
1780761081.3185458,15,4.703125,1767.25
1780761081.3185458,15,6.046875,1768.25
1780761081.3185458,15,7.390625,1768.25
1780761081.3185458,15,8.734375,1771.75
1780761081.3185458,8,10.109375,1765.25
1780761081.3185458,15,11.3125,1774.75
1780761081.3185458,15,12.671875,1798.75
1780761081.3185458,15,37.609375,949.75
1780761081.3185458,15,38.9375,926.25
1780761081.3185458,15,40.390625,908.75
1780761081.3185458,15,41.71875,910.5
1780761081.3185458,15,46.96875,1027.5
1780761081.3185458,15,48.28125,1010.75
1780761081.3185458,15,49.6875,992.5
1780761081.3185458,15,51.0625,974.75
1780761081.3185458,15,52.359375,958.75
1780761081.3185458,15,53.734375,943.5
1780761081.3185458,15,55.15625,927.0
1780761081.3185458,15,56.484375,912.5
1780761081.3185458,15,57.84375,901.25
1780761081.3185458,15,59.265625,889.0
1780761081.3185458,15,60.515625,876.5
1780761081.3185458,15,62.015625,865.0
1780761081.3185458,15,63.34375,853.75
1780761081.3185458,15,64.734375,844.75
1780761081.3185458,15,66.109375,834.0
1780761081.3185458,15,67.40625,824.75
1780761081.3185458,15,68.75,817.25
1780761081.3185458,15,70.09375,810.25
1780761081.3185458,15,71.390625,803.75
1780761081.3185458,15,72.890625,797.75
1780761081.3185458,15,74.1875,791.5
1780761081.3185458,15,75.5,785.75
1780761081.3185458,15,76.828125,782.75
1780761081.3185458,15,78.171875,778.0
1780761081.3185458,15,79.640625,774.0
1780761081.3185458,15,81.03125,770.25
1780761081.3185458,15,82.3125,768.0
1780761081.3185458,15,83.671875,765.75
1780761081.3185458,15,84.953125,763.75
1780761081.3185458,15,86.328125,763.5
1780761081.3185458,15,87.65625,763.0
1780761081.3185458,15,89.078125,762.75
1780761081.3185458,15,90.359375,762.0
1780761081.3185458,15,91.6875,762.25
1780761081.3185458,15,93.03125,770.5
1780761081.3185458,15,94.375,770.5
1780761081.3185458,15,95.71875,765.0
1780761081.3185458,15,97.0,767.5
1780761081.3185458,15,98.4375,769.0
1780761081.3185458,15,99.71875,771.5
1780761081.3185458,15,101.015625,775.75
1780761081.3185458,15,102.359375,780.25
1780761081.3185458,15,103.703125,782.25
1780761081.3185458,15,104.96875,786.0
1780761081.3185458,15,106.453125,792.25
1780761081.3185458,15,107.6875,799.25
1780761081.3185458,15,109.015625,806.25
1780761081.3185458,15,110.515625,812.0
1780761081.3185458,15,111.796875,818.75
1780761081.3185458,15,113.03125,827.5
1780761081.3185458,15,114.359375,837.25
1780761081.3185458,15,115.671875,848.0
1780761081.3185458,15,117.015625,857.5
1780761081.3185458,15,118.328125,864.5
1780761081.3185458,15,128.5,1444.75
1780761081.3185458,15,129.84375,1427.0
1780761081.3185458,5,131.171875,1401.5
1780761081.3185458,15,132.5,1383.0
1780761081.3185458,15,136.671875,1266.25
1780761081.3185458,15,138.0625,1243.0
1780761081.3185458,15,139.4375,1215.75
1780761081.3185458,15,140.71875,1190.0
1780761081.3185458,11,142.203125,1164.25
1780761081.3185458,15,143.46875,1157.0
1780761081.3185458,15,150.140625,1280.0
1780761081.3185458,15,151.4375,1267.5
1780761081.3185458,15,154.0,1355.0
1780761081.3185458,15,155.484375,1347.5
1780761081.3185458,15,168.03125,925.25
1780761081.3185458,15,169.328125,920.5
1780761081.3185458,15,170.734375,919.0
1780761081.3185458,15,172.03125,918.0
1780761081.3185458,15,173.5,915.0
1780761081.3185458,15,174.84375,910.75
1780761081.3185458,15,176.109375,908.5
1780761081.3185458,15,177.546875,910.0
1780761081.3185458,15,178.84375,906.75
1780761081.3185458,15,180.046875,905.75
1780761081.3185458,15,181.46875,907.5
1780761081.3185458,15,182.75,904.75
1780761081.3185458,15,184.09375,906.5
1780761081.3185458,15,185.359375,909.25
1780761081.3185458,15,186.796875,915.75
1780761081.3185458,15,188.140625,919.0
1780761081.3185458,15,189.390625,918.0
1780761081.3185458,15,190.765625,920.0
1780761081.3185458,10,197.0625,1238.0
1780761081.3185458,15,198.328125,1258.75
1780761081.3185458,15,199.703125,1276.0
1780761081.3185458,15,209.921875,767.25
1780761081.3185458,15,211.25,765.25
1780761081.3185458,15,212.609375,764.25
1780761081.3185458,15,213.96875,764.25
1780761081.3185458,15,215.28125,764.75
1780761081.3185458,15,217.59375,955.5
1780761081.3185458,15,219.015625,930.0
1780761081.3185458,15,220.3125,905.25
1780761081.3185458,15,223.140625,853.5
1780761081.3185458,15,224.53125,831.75
1780761081.3185458,15,225.828125,812.25
1780761081.3185458,15,227.34375,792.0
1780761081.3185458,15,228.625,774.0
1780761081.3185458,15,229.90625,758.75
1780761081.3185458,15,231.25,750.5
1780761081.3185458,15,236.71875,732.25
1780761081.3185458,15,241.421875,1089.0
1780761081.3185458,15,242.734375,1077.25
1780761081.3185458,15,250.40625,1417.25
1780761081.3185458,8,251.78125,1410.75
1780761081.3185458,15,255.84375,1401.0
1780761081.3185458,15,257.15625,1388.25
1780761081.3185458,15,258.515625,1384.75
1780761081.3185458,15,259.875,1381.5
1780761081.3185458,15,261.234375,1378.75
1780761081.3185458,15,262.578125,1378.0
1780761081.3185458,15,263.890625,1378.75
1780761081.3185458,8,265.1875,1378.0
1780761081.3185458,8,266.5625,1374.0
1780761081.3185458,8,267.921875,1373.75
1780761081.3185458,15,269.25,1372.5
1780761081.3185458,8,270.5625,1370.25
1780761081.3185458,15,277.203125,1375.25
1780761081.3185458,15,278.546875,1379.25
1780761081.3185458,15,279.890625,1393.25
1780761081.3185458,15,281.203125,1396.75
1780761081.3185458,15,282.5625,1397.5
1780761081.3185458,15,283.90625,1409.5
1780761081.3185458,15,285.234375,1410.5
1780761081.3185458,7,286.53125,1411.5
1780761081.3185458,15,287.875,1426.5
1780761081.3185458,15,289.1875,1448.5
1780761081.3185458,15,290.53125,1457.25
1780761081.3185458,15,291.828125,1469.0
1780761081.3185458,15,293.21875,1486.5
1780761081.3185458,7,294.5,1511.25
1780761081.3185458,4,295.8125,1529.75
1780761081.3185458,15,297.1875,1539.5
1780761081.3185458,15,298.484375,1559.75
1780761081.3185458,15,302.640625,663.0
1780761081.3185458,15,303.90625,657.5
1780761081.3185458,15,305.296875,653.0
1780761081.3185458,15,306.609375,650.0
1780761081.3185458,15,307.96875,646.25
1780761081.3185458,15,309.265625,643.5
1780761081.3185458,15,310.65625,641.25
1780761081.3185458,15,350.78125,1805.5
1780761081.4526296,15,352.171875,1807.5
1780761081.4526296,15,353.53125,1797.5
1780761081.4526296,15,357.515625,1789.25
1780761081.4526296,15,358.859375,1789.0
1780761081.4526296,15,0.21875,1785.75
1780761081.4526296,10,1.53125,1800.75
1780761081.4526296,15,2.90625,1799.75
1780761081.4526296,15,4.234375,1800.75
1780761081.4526296,15,5.578125,1805.25
1780761081.4526296,15,6.921875,1803.5
1780761081.4526296,15,8.234375,1811.5
1780761081.4526296,15,9.640625,1801.5
1780761081.4526296,15,11.015625,1799.75
1780761081.4526296,15,12.359375,1834.0
1780761081.4526296,15,13.640625,1884.0
1780761081.4526296,15,31.421875,1432.75
1780761081.4526296,11,37.390625,959.0
1780761081.4526296,15,38.6875,936.5
1780761081.4526296,15,40.03125,933.25
1780761081.4526296,15,45.359375,1057.0
1780761081.4526296,15,46.671875,1033.75
1780761081.4526296,9,48.0,1016.5
1780761081.4526296,15,49.484375,998.0
1780761081.4526296,15,50.78125,979.75
1780761081.4526296,15,52.125,962.25
1780761081.4526296,15,53.5625,946.25
1780761081.4526296,15,54.875,932.25
1780761081.4526296,15,56.328125,919.25
1780761081.4526296,15,57.640625,906.25
1780761081.4526296,15,59.0625,893.5
1780761081.4526296,15,60.296875,881.25
1780761081.4526296,15,61.75,869.25
1780761081.4526296,15,63.109375,858.75
1780761081.4526296,15,64.5,850.0
1780761081.4526296,15,65.828125,839.5
1780761081.4526296,15,67.25,829.25
1780761081.4526296,15,68.453125,818.75
1780761081.4526296,15,69.9375,812.0
1780761081.4526296,15,71.21875,806.25
1780761081.4526296,15,72.53125,800.25
1780761081.4526296,15,73.9375,795.0
1780761081.4526296,15,75.234375,788.25
1780761081.4526296,15,76.578125,785.0
1780761081.4526296,15,77.953125,782.25
1780761081.4526296,15,79.359375,778.25
1780761081.4526296,15,80.734375,775.0
1780761081.4526296,15,82.0,771.75
1780761081.4526296,15,83.421875,769.25
1780761081.4526296,15,84.765625,767.5
1780761081.4526296,15,85.96875,765.5
1780761081.4526296,15,87.390625,764.0
1780761081.4526296,15,88.65625,764.5
1780761081.4526296,15,90.015625,765.5
1780761081.4526296,15,91.484375,765.0
1780761081.4526296,15,92.71875,764.0
1780761081.4526296,15,94.09375,764.25
1780761081.4526296,15,95.359375,766.0
1780761081.4526296,15,96.703125,768.25
1780761081.4526296,15,98.0625,770.25
1780761081.4526296,15,99.484375,773.0
1780761081.4526296,15,100.765625,776.5
1780761081.4526296,15,102.109375,780.0
1780761081.4526296,15,103.40625,784.0
1780761081.4526296,15,104.703125,787.5
1780761081.4526296,15,106.078125,792.75
1780761081.4526296,15,107.3125,799.5
1780761081.4526296,15,108.84375,805.75
1780761081.4526296,15,110.140625,812.0
1780761081.4526296,15,111.375,819.0
1780761081.4526296,15,112.828125,826.25
1780761081.4526296,15,114.109375,835.5
1780761081.4526296,15,115.40625,847.25
1780761081.4526296,15,119.359375,853.75
1780761081.4526296,15,128.109375,1425.5
1780761081.4526296,15,129.515625,1402.75
1780761081.4526296,15,132.203125,1319.25
1780761081.4526296,15,136.3125,1195.0
1780761081.4526296,8,137.671875,1197.25
1780761081.4526296,15,140.375,1157.0
1780761081.4526296,15,141.6875,1140.5
1780761081.4526296,15,143.0625,1141.0
1780761081.4526296,15,146.9375,1248.75
1780761081.4526296,15,153.671875,1239.25
1780761081.4526296,15,155.015625,1262.25
1780761081.4526296,15,156.375,1262.25
1780761081.4526296,15,167.59375,891.75
1780761081.4526296,15,168.921875,887.0
1780761081.4526296,15,170.203125,883.25
1780761081.4526296,15,171.59375,881.0
1780761081.4526296,15,172.953125,878.5
1780761081.4526296,15,174.21875,875.75
1780761081.4526296,15,175.578125,871.5
1780761081.4526296,15,176.890625,871.75
1780761081.4526296,15,178.28125,871.0
1780761081.4526296,15,179.734375,868.5
1780761081.4526296,15,181.15625,868.75
1780761081.4526296,15,182.359375,868.0
1780761081.4526296,15,183.796875,869.5
1780761081.4526296,15,185.15625,872.75
1780761081.4526296,15,186.421875,876.75
1780761081.4526296,15,187.75,879.25
1780761081.4526296,15,189.078125,881.0
1780761081.4526296,15,190.546875,883.5
1780761081.4526296,15,191.828125,886.5
1780761081.4526296,15,198.125,1216.75
1780761081.4526296,11,199.421875,1233.0
1780761081.4526296,15,210.9375,734.75
1780761081.4526296,15,212.234375,733.5
1780761081.4526296,15,213.640625,733.0
1780761081.4526296,15,215.046875,732.75
1780761081.4526296,15,216.25,733.75
1780761081.4526296,15,222.78125,858.25
1780761081.4526296,15,224.1875,835.75
1780761081.4526296,15,225.640625,814.75
1780761081.4526296,15,226.984375,796.25
1780761081.4526296,15,228.390625,777.25
1780761081.4526296,15,229.671875,760.75
1780761081.4526296,15,231.15625,745.5
1780761081.4526296,15,232.390625,731.75
1780761081.4526296,15,233.734375,729.75
1780761081.4526296,15,237.953125,723.0
1780761081.4526296,15,239.125,713.0
1780761081.4526296,15,243.921875,1065.75
1780761081.4526296,15,245.234375,1051.5
1780761081.4526296,15,250.265625,1416.75
1780761081.4526296,15,252.96875,1410.25
1780761081.4526296,15,258.390625,1384.75
1780761081.4526296,15,259.71875,1383.75
1780761081.4526296,15,261.0625,1381.25
1780761081.4526296,15,262.421875,1378.75
1780761081.4526296,9,263.75,1379.0
1780761081.4526296,9,265.09375,1377.25
1780761081.4526296,8,266.421875,1374.75
1780761081.4526296,8,267.765625,1372.75
1780761081.4526296,8,269.140625,1372.0
1780761081.4526296,7,270.5,1372.0
1780761081.4526296,8,271.84375,1367.25
1780761081.4526296,15,281.1875,1408.0
1780761081.4526296,15,282.484375,1408.75
1780761081.4526296,15,283.828125,1409.5
1780761081.4526296,15,285.15625,1410.5
1780761081.4526296,15,286.546875,1411.25
1780761081.4526296,15,287.8125,1426.5
1780761081.4526296,15,289.21875,1441.5
1780761081.4526296,15,290.515625,1450.25
1780761081.4526296,15,291.90625,1460.25
1780761081.4526296,15,293.171875,1477.75
1780761081.4526296,6,294.515625,1511.25
1780761081.4526296,6,295.828125,1529.5
1780761081.4526296,15,297.203125,1539.5
1780761081.4526296,6,298.515625,1559.25
1780761081.4526296,15,299.921875,1579.5
1780761081.4526296,15,301.234375,1591.75
1780761081.4526296,15,305.15625,683.5
1780761081.4526296,15,306.5625,679.75
1780761081.4526296,15,307.96875,676.75
1780761081.4526296,15,309.296875,673.0
1780761081.4526296,15,310.578125,670.0
1780761081.4526296,15,312.03125,667.5
1780761081.4526296,15,313.3125,666.25
1780761081.4526296,15,343.984375,2274.0
1780761081.4526296,15,345.3125,2253.75
1780761081.4526296,15,346.703125,2253.0
1780761081.4526296,12,348.015625,2249.5
1780761081.4526296,15,350.84375,1825.5
1780761081.5906355,11,352.140625,1841.25
1780761081.5906355,15,353.53125,1843.75
1780761081.5906355,12,357.578125,1839.25
1780761081.5906355,15,358.9375,1832.0
1780761081.5906355,15,0.25,1826.25
1780761081.5906355,14,1.609375,1831.75
1780761081.5906355,10,2.90625,1832.0
1780761081.5906355,9,4.25,1830.0
1780761081.5906355,9,5.625,1830.25
1780761081.5906355,10,6.96875,1827.25
1780761081.5906355,10,8.265625,1836.5
1780761081.5906355,15,9.671875,1837.0
1780761081.5906355,15,11.03125,1837.25
1780761081.5906355,15,12.328125,1876.5
1780761081.5906355,15,31.40625,1433.25
1780761081.5906355,15,37.359375,964.0
1780761081.5906355,15,38.640625,962.0
1780761081.5906355,15,43.84375,1094.0
1780761081.5906355,15,46.59375,1035.0
1780761081.5906355,10,48.015625,1014.5
1780761081.5906355,15,49.3125,998.0
1780761081.5906355,15,50.6875,980.0
1780761081.5906355,15,52.046875,962.5
1780761081.5906355,15,53.421875,947.0
1780761081.5906355,15,54.78125,932.5
1780761081.5906355,15,56.203125,918.25
1780761081.5906355,15,57.59375,905.25
1780761081.5906355,15,58.84375,893.5
1780761081.5906355,15,60.25,881.5
1780761081.5906355,15,61.703125,869.0
1780761081.5906355,15,62.96875,858.25
1780761081.5906355,15,64.46875,849.75
1780761081.5906355,15,65.796875,839.25
1780761081.5906355,15,67.09375,829.0
1780761081.5906355,15,68.5625,819.0
1780761081.5906355,15,69.78125,812.25
1780761081.5906355,15,71.25,806.5
1780761081.5906355,15,72.625,800.5
1780761081.5906355,15,73.953125,795.0
1780761081.5906355,15,75.25,788.75
1780761081.5906355,15,76.59375,784.75
1780761081.5906355,15,78.078125,781.75
1780761081.5906355,15,79.375,777.75
1780761081.5906355,15,80.609375,774.5
1780761081.5906355,15,82.0625,772.0
1780761081.5906355,15,83.390625,769.25
1780761081.5906355,15,84.75,767.25
1780761081.5906355,15,86.0625,766.0
1780761081.5906355,15,87.390625,767.25
1780761081.5906355,15,88.765625,766.5
1780761081.5906355,15,90.15625,764.5
1780761081.5906355,15,91.421875,764.5
1780761081.5906355,15,92.796875,764.0
1780761081.5906355,15,94.15625,764.5
1780761081.5906355,15,95.46875,765.75
1780761081.5906355,15,96.734375,768.0
1780761081.5906355,15,98.1875,770.5
1780761081.5906355,15,99.53125,773.5
1780761081.5906355,15,100.84375,777.0
1780761081.5906355,15,102.0625,780.75
1780761081.5906355,15,103.4375,783.75
1780761081.5906355,15,104.75,787.25
1780761081.5906355,15,106.140625,794.0
1780761081.5906355,15,107.53125,800.75
1780761081.5906355,15,108.78125,805.75
1780761081.5906355,15,110.171875,812.0
1780761081.5906355,15,111.390625,819.0
1780761081.5906355,15,112.78125,826.25
1780761081.5906355,15,114.03125,835.5
1780761081.5906355,15,125.40625,1435.0
1780761081.5906355,15,126.765625,1418.25
1780761081.5906355,15,129.515625,1329.0
1780761081.5906355,15,132.265625,1252.75
1780761081.5906355,15,133.703125,1225.5
1780761081.5906355,15,135.0,1191.75
1780761081.5906355,15,136.359375,1169.5
1780761081.5906355,15,137.703125,1154.75
1780761081.5906355,15,139.125,1138.75
1780761081.5906355,15,140.515625,1117.0
1780761081.5906355,15,141.796875,1117.25
1780761081.5906355,15,143.0625,1139.25
1780761081.5906355,15,145.65625,1213.5
1780761081.5906355,15,148.359375,1220.0
1780761081.5906355,15,149.65625,1225.5
1780761081.5906355,15,151.03125,1248.25
1780761081.5906355,15,152.375,1265.0
1780761081.5906355,15,155.125,1229.5
1780761081.5906355,15,156.421875,1226.75
1780761081.5906355,15,167.671875,855.25
1780761081.5906355,15,169.03125,852.0
1780761081.5906355,15,170.359375,847.5
1780761081.5906355,15,171.75,843.75
1780761081.5906355,15,173.09375,841.5
1780761081.5906355,15,174.453125,839.25
1780761081.5906355,15,175.8125,836.0
1780761081.5906355,15,177.0625,833.75
1780761081.5906355,15,178.390625,833.25
1780761081.5906355,15,179.96875,832.5
1780761081.5906355,15,181.3125,832.25
1780761081.5906355,15,182.546875,832.0
1780761081.5906355,15,183.96875,833.25
1780761081.5906355,15,185.3125,837.0
1780761081.5906355,15,186.5625,840.25
1780761081.5906355,15,187.890625,841.75
1780761081.5906355,15,189.3125,843.75
1780761081.5906355,15,190.6875,848.0
1780761081.5906355,15,191.9375,853.0
1780761081.5906355,15,198.203125,1183.0
1780761081.5906355,15,199.515625,1199.5
1780761081.5906355,15,200.890625,1220.25
1780761081.5906355,15,212.5,704.0
1780761081.5906355,15,213.828125,702.75
1780761081.5906355,15,215.171875,702.25
1780761081.5906355,15,216.515625,702.75
1780761081.5906355,15,217.75,704.0
1780761081.5906355,15,222.75,858.25
1780761081.5906355,15,224.21875,835.75
1780761081.5906355,15,225.625,814.75
1780761081.5906355,15,226.96875,796.0
1780761081.5906355,15,228.3125,777.5
1780761081.5906355,15,229.65625,760.75
1780761081.5906355,15,231.09375,745.0
1780761081.5906355,15,232.515625,731.25
1780761081.5906355,15,233.84375,718.75
1780761081.5906355,15,235.28125,704.25
1780761081.5906355,15,240.59375,691.5
1780761081.5906355,15,241.859375,690.75
1780761081.5906355,15,246.625,1037.75
1780761081.5906355,15,247.9375,1036.0
1780761081.5906355,15,250.21875,1417.0
1780761081.5906355,15,251.625,1408.5
1780761081.5906355,15,254.265625,1409.0
1780761081.5906355,15,259.640625,1382.25
1780761081.5906355,15,261.046875,1382.5
1780761081.5906355,15,262.359375,1380.5
1780761081.5906355,10,263.75,1378.0
1780761081.5906355,8,265.046875,1376.0
1780761081.5906355,9,266.375,1374.5
1780761081.5906355,10,267.765625,1373.0
1780761081.5906355,8,269.09375,1372.0
1780761081.5906355,9,270.390625,1371.75
1780761081.5906355,8,271.75,1372.0
1780761081.5906355,7,273.125,1372.75
1780761081.5906355,7,274.46875,1373.25
1780761081.5906355,15,277.125,1376.25
1780761081.5906355,15,278.421875,1381.25
1780761081.5906355,15,281.0625,1395.75
1780761081.5906355,15,283.78125,1415.5
1780761081.5906355,15,285.125,1417.0
1780761081.5906355,6,286.421875,1411.5
1780761081.5906355,15,287.78125,1419.5
1780761081.5906355,15,289.140625,1442.0
1780761081.5906355,15,290.453125,1457.25
1780761081.5906355,15,291.796875,1468.25
1780761081.5906355,15,293.0625,1485.75
1780761081.5906355,15,294.453125,1510.5
1780761081.5906355,15,295.734375,1529.0
1780761081.5906355,15,297.109375,1530.75
1780761081.5906355,15,298.390625,1550.75
1780761081.5906355,15,299.734375,1579.25
1780761081.5906355,15,301.0625,1599.5
1780761081.5906355,15,302.390625,1619.75
1780761081.5906355,15,303.71875,1650.25
1780761081.5906355,15,307.59375,705.75
1780761081.5906355,15,308.984375,702.75
1780761081.5906355,15,310.34375,700.0
1780761081.5906355,15,311.578125,697.25
1780761081.5906355,15,312.9375,695.5
1780761081.5906355,15,314.421875,694.0
1780761081.5906355,15,315.609375,693.25
1780761081.5906355,15,343.75,2294.25
1780761081.5906355,15,345.140625,2274.75
1780761081.5906355,15,346.46875,2255.25
1780761081.5906355,15,347.828125,2255.0
1780761081.7276785,15,352.03125,1877.0
1780761081.7276785,15,353.359375,1884.25
1780761081.7276785,8,354.71875,1871.75
1780761081.7276785,10,356.046875,1870.25
1780761081.7276785,15,357.359375,1867.75
1780761081.7276785,8,358.734375,1874.25
1780761081.7276785,15,0.046875,1880.25
1780761081.7276785,15,1.4375,1868.25
1780761081.7276785,15,2.78125,1869.5
1780761081.7276785,10,4.140625,1877.25
1780761081.7276785,15,5.453125,1873.75
1780761081.7276785,15,6.765625,1875.75
1780761081.7276785,15,8.125,1879.75
1780761081.7276785,10,9.515625,1869.0
1780761081.7276785,15,10.78125,1870.75
1780761081.7276785,15,12.09375,1888.25
1780761081.7276785,7,34.234375,1027.0
1780761081.7276785,15,37.03125,984.25
1780761081.7276785,15,42.109375,1130.25
1780761081.7276785,15,44.9375,1071.0
1780761081.7276785,15,46.3125,1046.0
1780761081.7276785,15,47.703125,1021.5
1780761081.7276785,15,49.03125,1003.75
1780761081.7276785,15,50.421875,984.25
1780761081.7276785,15,51.78125,965.5
1780761081.7276785,15,53.171875,950.0
1780761081.7276785,15,54.515625,933.5
1780761081.7276785,15,55.953125,919.0
1780761081.7276785,15,57.28125,908.0
1780761081.7276785,15,58.5625,897.25
1780761081.7276785,15,59.90625,885.5
1780761081.7276785,15,61.34375,873.75
1780761081.7276785,15,62.625,863.25
1780761081.7276785,15,64.0625,854.0
1780761081.7276785,15,65.34375,842.5
1780761081.7276785,15,66.734375,831.5
1780761081.7276785,15,68.171875,822.5
1780761081.7276785,15,69.46875,813.5
1780761081.7276785,15,70.84375,806.75
1780761081.7276785,15,72.15625,802.5
1780761081.7276785,15,73.578125,797.0
1780761081.7276785,15,74.796875,790.75
1780761081.7276785,15,76.171875,787.0
1780761081.7276785,15,77.546875,783.5
1780761081.7276785,15,78.984375,779.75
1780761081.7276785,15,80.328125,774.75
1780761081.7276785,15,81.6875,771.25
1780761081.7276785,15,82.953125,769.25
1780761081.7276785,15,84.296875,766.0
1780761081.7276785,15,85.765625,765.5
1780761081.7276785,15,87.109375,764.5
1780761081.7276785,15,88.46875,763.25
1780761081.7276785,15,89.6875,762.75
1780761081.7276785,15,91.09375,763.0
1780761081.7276785,15,92.4375,764.5
1780761081.7276785,15,93.671875,765.0
1780761081.7276785,15,95.140625,765.75
1780761081.7276785,15,96.484375,767.75
1780761081.7276785,15,97.71875,771.0
1780761081.7276785,15,99.0,774.0
1780761081.7276785,15,100.46875,777.5
1780761081.7276785,15,101.703125,781.25
1780761081.7276785,15,103.15625,785.0
1780761081.7276785,15,104.515625,789.25
1780761081.7276785,15,105.765625,795.0
1780761081.7276785,15,107.03125,800.75
1780761081.7276785,15,108.40625,806.5
1780761081.7276785,15,109.75,811.75
1780761081.7276785,15,111.0,817.75
1780761081.7276785,15,112.375,826.0
1780761081.7276785,15,113.75,825.0
1780761081.7276785,15,115.046875,819.5
1780761081.7276785,15,125.03125,1417.5
1780761081.7276785,15,129.140625,1257.75
1780761081.7276785,15,130.5625,1236.25
1780761081.7276785,15,131.875,1212.75
1780761081.7276785,15,133.28125,1186.5
1780761081.7276785,15,136.0,1117.5
1780761081.7276785,15,138.75,1079.25
1780761081.7276785,15,140.015625,1080.0
1780761081.7276785,15,142.640625,1136.25
1780761081.7276785,13,150.625,1237.5
1780761081.7276785,11,151.984375,1242.75
1780761081.7276785,15,153.34375,1222.25
1780761081.7276785,15,154.625,1209.5
1780761081.7276785,15,156.078125,1197.75
1780761081.7276785,15,166.0,819.5
1780761081.7276785,15,167.34375,816.25
1780761081.7276785,15,168.671875,813.5
1780761081.7276785,15,170.046875,810.25
1780761081.7276785,15,171.359375,807.25
1780761081.7276785,15,172.640625,805.0
1780761081.7276785,15,174.09375,802.25
1780761081.7276785,15,175.359375,798.5
1780761081.7276785,15,176.78125,796.0
1780761081.7276785,15,178.140625,794.25
1780761081.7276785,15,179.390625,794.25
1780761081.7276785,15,180.890625,792.75
1780761081.7276785,15,182.109375,792.25
1780761081.7276785,15,183.515625,795.75
1780761081.7276785,15,184.90625,797.25
1780761081.7276785,15,186.171875,798.75
1780761081.7276785,15,187.53125,801.75
1780761081.7276785,15,188.8125,805.5
1780761081.7276785,15,190.21875,808.75
1780761081.7276785,15,191.625,811.5
1780761081.7276785,15,192.96875,814.0
1780761081.7276785,14,199.09375,1157.75
1780761081.7276785,15,200.390625,1174.75
1780761081.7276785,15,214.609375,670.75
1780761081.7276785,15,216.078125,670.25
1780761081.7276785,15,217.375,670.5
1780761081.7276785,15,218.78125,672.0
1780761081.7276785,15,219.96875,674.25
1780761081.7276785,15,224.984375,820.75
1780761081.7276785,15,226.5,801.5
1780761081.7276785,15,227.828125,783.25
1780761081.7276785,15,229.25,766.25
1780761081.7276785,15,230.671875,749.5
1780761081.7276785,15,231.984375,735.25
1780761081.7276785,15,233.453125,721.75
1780761081.7276785,15,234.71875,709.5
1780761081.7276785,15,236.140625,697.75
1780761081.7276785,15,237.484375,685.5
1780761081.7276785,15,238.71875,689.75
1780761081.7276785,15,247.5,1028.5
1780761081.7276785,15,248.890625,1022.0
1780761081.7276785,6,253.875,1392.25
1780761081.7276785,15,260.671875,1380.75
1780761081.7276785,15,261.984375,1378.5
1780761081.7276785,8,263.3125,1378.0
1780761081.7276785,9,264.65625,1376.75
1780761081.7276785,10,266.015625,1376.0
1780761081.7276785,8,267.359375,1374.75
1780761081.7276785,9,268.71875,1373.25
1780761081.7276785,10,270.0625,1374.5
1780761081.7276785,9,271.40625,1375.0
1780761081.7276785,10,272.71875,1374.0
1780761081.7276785,9,274.09375,1374.5
1780761081.7276785,15,275.375,1376.25
1780761081.7276785,8,276.71875,1377.75
1780761081.7276785,15,279.375,1380.0
1780761081.7276785,15,280.640625,1395.0
1780761081.7276785,15,282.015625,1408.25
1780761081.7276785,15,287.375,1425.75
1780761081.7276785,15,288.6875,1442.25
1780761081.7276785,15,290.03125,1450.0
1780761081.7276785,15,291.375,1458.75
1780761081.7276785,15,292.6875,1467.5
1780761081.7276785,15,295.34375,1529.25
1780761081.7276785,15,296.625,1539.25
1780761081.7276785,7,297.984375,1549.0
1780761081.7276785,15,299.328125,1569.25
1780761081.7276785,15,300.625,1589.5
1780761081.7276785,15,301.984375,1601.0
1780761081.7276785,15,303.296875,1630.5
1780761081.7276785,15,304.59375,1661.25
1780761081.7276785,2,305.96875,1685.25
1780761081.7276785,15,309.703125,728.5
1780761081.7276785,15,311.15625,726.5
1780761081.7276785,15,312.40625,725.0
1780761081.7276785,15,313.875,723.75
1780761081.7276785,15,315.1875,723.0
1780761081.7276785,15,316.40625,721.75
1780761081.7276785,15,317.765625,720.5
1780761081.7276785,15,344.609375,2294.25
1780761081.7276785,15,345.9375,2294.25
1780761081.7276785,15,347.28125,2294.25
1780761081.8656194,8,351.421875,1918.25
1780761081.8656194,15,352.78125,1935.5
1780761081.8656194,15,354.09375,1928.75
1780761081.8656194,15,355.453125,1951.0
1780761081.8656194,15,358.171875,1915.25
1780761081.8656194,15,359.515625,1907.0
1780761081.8656194,15,0.828125,1896.25
1780761081.8656194,11,2.1875,1907.0
1780761081.8656194,15,3.5,1912.5
1780761081.8656194,15,4.84375,1915.5
1780761081.8656194,15,6.1875,1914.0
1780761081.8656194,15,7.5,1921.0
1780761081.8656194,15,8.875,1912.25
1780761081.8656194,15,10.171875,1902.0
1780761081.8656194,15,11.515625,1935.75
1780761081.8656194,15,33.578125,1038.5
1780761081.8656194,10,34.953125,1016.5
1780761081.8656194,15,41.59375,1137.5
1780761081.8656194,15,44.40625,1075.5
1780761081.8656194,15,47.078125,1027.75
1780761081.8656194,15,48.46875,1012.0
1780761081.8656194,15,49.828125,991.5
1780761081.8656194,15,51.203125,973.0
1780761081.8656194,15,52.578125,957.25
1780761081.8656194,15,53.953125,939.5
1780761081.8656194,15,55.28125,924.75
1780761081.8656194,15,56.65625,913.0
1780761081.8656194,15,58.125,899.5
1780761081.8656194,15,59.484375,887.5
1780761081.8656194,15,60.890625,877.0
1780761081.8656194,15,62.203125,866.0
1780761081.8656194,15,63.546875,855.25
1780761081.8656194,15,64.90625,844.75
1780761081.8656194,15,66.28125,833.25
1780761081.8656194,15,67.734375,823.5
1780761081.8656194,15,69.125,815.75
1780761081.8656194,15,70.359375,809.75
1780761081.8656194,15,71.765625,805.25
1780761081.8656194,15,73.078125,799.0
1780761081.8656194,15,74.484375,792.75
1780761081.8656194,15,75.8125,787.5
1780761081.8656194,15,77.15625,783.25
1780761081.8656194,15,78.53125,780.0
1780761081.8656194,15,79.9375,777.25
1780761081.8656194,15,81.1875,774.5
1780761081.8656194,15,82.703125,770.5
1780761081.8656194,15,83.984375,767.75
1780761081.8656194,15,85.234375,766.0
1780761081.8656194,15,86.609375,764.5
1780761081.8656194,15,87.984375,763.5
1780761081.8656194,15,89.328125,763.25
1780761081.8656194,15,90.59375,764.0
1780761081.8656194,15,91.890625,764.0
1780761081.8656194,15,93.296875,764.5
1780761081.8656194,15,94.625,765.5
1780761081.8656194,15,96.046875,766.75
1780761081.8656194,15,97.375,771.0
1780761081.8656194,15,98.640625,774.75
1780761081.8656194,15,99.96875,776.75
1780761081.8656194,15,101.359375,779.25
1780761081.8656194,15,102.578125,783.5
1780761081.8656194,15,103.96875,787.25
1780761081.8656194,15,105.34375,793.75
1780761081.8656194,15,106.546875,800.5
1780761081.8656194,15,107.96875,805.5
1780761081.8656194,15,109.25,809.75
1780761081.8656194,15,120.515625,1538.5
1780761081.8656194,15,123.28125,1417.75
1780761081.8656194,11,131.546875,1168.75
1780761081.8656194,15,132.875,1158.25
1780761081.8656194,15,137.109375,1048.75
1780761081.8656194,15,138.359375,1041.75
1780761081.8656194,15,139.71875,1060.25
1780761081.8656194,15,142.234375,1131.25
1780761081.8656194,15,146.28125,1171.0
1780761081.8656194,11,147.65625,1163.5
1780761081.8656194,15,150.265625,1213.5
1780761081.8656194,15,151.640625,1204.0
1780761081.8656194,15,152.9375,1183.25
1780761081.8656194,15,154.28125,1171.75
1780761081.8656194,15,165.875,783.0
1780761081.8656194,15,167.171875,780.0
1780761081.8656194,15,168.484375,777.75
1780761081.8656194,15,169.890625,774.25
1780761081.8656194,15,171.25,768.75
1780761081.8656194,15,172.625,764.75
1780761081.8656194,15,173.828125,763.0
1780761081.8656194,15,175.1875,761.75
1780761081.8656194,15,176.515625,760.5
1780761081.8656194,15,177.90625,758.5
1780761081.8656194,15,179.34375,756.25
1780761081.8656194,15,180.5625,756.0
1780761081.8656194,15,181.796875,757.5
1780761081.8656194,15,183.15625,759.75
1780761081.8656194,15,184.4375,762.25
1780761081.8656194,15,185.890625,763.75
1780761081.8656194,15,187.15625,765.75
1780761081.8656194,15,188.53125,768.25
1780761081.8656194,15,189.859375,771.5
1780761081.8656194,15,191.21875,774.5
1780761081.8656194,15,192.546875,776.75
1780761081.8656194,15,193.75,785.0
1780761081.8656194,15,198.59375,1120.0
1780761081.8656194,15,199.953125,1131.0
1780761081.8656194,15,201.234375,1149.5
1780761081.8656194,15,211.953125,1155.0
1780761081.8656194,15,215.765625,640.75
1780761081.8656194,15,216.890625,640.75
1780761081.8656194,15,218.375,640.75
1780761081.8656194,15,219.65625,641.5
1780761081.8656194,15,221.046875,642.75
1780761081.8656194,15,222.390625,645.0
1780761081.8656194,15,224.46875,824.25
1780761081.8656194,15,225.96875,804.25
1780761081.8656194,15,227.296875,786.0
1780761081.8656194,15,228.75,769.25
1780761081.8656194,15,230.21875,753.25
1780761081.8656194,15,231.484375,739.0
1780761081.8656194,15,233.0,725.25
1780761081.8656194,15,234.34375,712.25
1780761081.8656194,15,235.765625,699.75
1780761081.8656194,15,237.03125,688.0
1780761081.8656194,15,238.515625,677.0
1780761081.8656194,15,239.828125,666.5
1780761081.8656194,15,241.21875,665.75
1780761081.8656194,15,246.515625,667.5
1780761081.8656194,12,247.84375,665.5
1780761081.8656194,15,253.4375,1386.75
1780761081.8656194,8,254.78125,1377.25
1780761081.8656194,3,257.484375,1381.75
1780761081.8656194,15,261.546875,1379.5
1780761081.8656194,10,262.859375,1378.5
1780761081.8656194,10,264.28125,1376.0
1780761081.8656194,8,265.625,1373.25
1780761081.8656194,8,266.921875,1372.25
1780761081.8656194,8,268.28125,1373.25
1780761081.8656194,10,269.578125,1373.0
1780761081.8656194,10,271.0,1373.0
1780761081.8656194,8,272.3125,1374.5
1780761081.8656194,8,273.65625,1375.5
1780761081.8656194,8,274.96875,1376.25
1780761081.8656194,8,276.21875,1377.75
1780761081.8656194,15,277.5625,1378.75
1780761081.8656194,15,278.953125,1379.75
1780761081.8656194,15,281.609375,1394.75
1780761081.8656194,15,282.890625,1409.0
1780761081.8656194,15,284.265625,1410.0
1780761081.8656194,15,285.625,1411.0
1780761081.8656194,15,288.28125,1419.5
1780761081.8656194,15,290.890625,1449.75
1780761081.8656194,15,292.234375,1476.0
1780761081.8656194,15,293.609375,1461.75
1780761081.8656194,15,296.203125,1530.25
1780761081.8656194,15,297.578125,1540.25
1780761081.8656194,15,299.0,1560.0
1780761081.8656194,15,300.296875,1580.25
1780761081.8656194,15,301.640625,1593.75
1780761081.8656194,15,304.25,1661.0
1780761081.8656194,3,305.59375,1685.0
1780761081.8656194,15,306.921875,1722.0
1780761081.8656194,15,308.25,1747.5
1780761081.8656194,15,312.046875,752.5
1780761081.8656194,15,313.40625,750.0
1780761081.8656194,15,314.8125,748.75
1780761081.8656194,15,316.15625,748.0
1780761081.8656194,15,317.359375,747.5
1780761081.8656194,15,318.765625,747.0
1780761081.8656194,15,320.125,748.25
1780761081.8656194,15,344.359375,2294.25
1780761081.8656194,15,345.6875,2294.25
1780761081.8656194,15,347.0,2294.25
1780761081.8656194,15,348.34375,2294.25
1780761082.00281,15,351.1875,1934.25
1780761082.00281,15,352.5,1954.75
1780761082.00281,15,353.84375,1953.5
1780761082.00281,15,355.1875,1933.75
1780761082.00281,15,356.53125,1943.0
1780761082.00281,15,357.875,1945.25
1780761082.00281,7,359.203125,1946.0
1780761082.00281,15,0.546875,1954.5
1780761082.00281,15,1.921875,1956.0
1780761082.00281,15,3.234375,1953.0
1780761082.00281,15,4.609375,1952.25
1780761082.00281,15,5.9375,1953.75
1780761082.00281,15,7.265625,1966.75
1780761082.00281,15,8.640625,1955.0
1780761082.00281,15,9.96875,1935.75
1780761082.00281,15,31.984375,1091.5
1780761082.00281,15,34.625,1037.25
1780761082.00281,15,41.3125,1139.5
1780761082.00281,15,44.046875,1083.25
1780761082.00281,15,45.46875,1056.25
1780761082.00281,15,46.796875,1033.25
1780761082.00281,9,48.21875,1013.25
1780761082.00281,15,49.5625,994.75
1780761082.00281,15,50.921875,977.0
1780761082.00281,15,52.28125,960.0
1780761082.00281,15,53.75,944.5
1780761082.00281,15,55.09375,929.25
1780761082.00281,15,56.484375,915.25
1780761082.00281,15,57.796875,902.25
1780761082.00281,15,59.109375,891.75
1780761082.00281,15,60.546875,878.75
1780761082.00281,15,61.953125,867.25
1780761082.00281,15,63.375,858.0
1780761082.00281,15,64.640625,847.25
1780761082.00281,15,66.09375,837.5
1780761082.00281,15,67.4375,830.25
1780761082.00281,15,68.71875,819.75
1780761082.00281,15,70.109375,810.75
1780761082.00281,15,71.515625,806.75
1780761082.00281,15,72.796875,801.25
1780761082.00281,15,74.1875,792.5
1780761082.00281,15,75.515625,787.75
1780761082.00281,15,76.953125,784.5
1780761082.00281,15,78.21875,780.5
1780761082.00281,15,79.53125,779.5
1780761082.00281,15,81.03125,776.0
1780761082.00281,15,82.25,770.75
1780761082.00281,15,83.65625,769.0
1780761082.00281,15,84.953125,768.0
1780761082.00281,15,86.28125,766.5
1780761082.00281,15,87.578125,764.75
1780761082.00281,15,88.9375,763.25
1780761082.00281,15,90.34375,764.25
1780761082.00281,15,91.640625,765.75
1780761082.00281,15,92.953125,766.25
1780761082.00281,15,94.265625,767.25
1780761082.00281,15,95.578125,767.5
1780761082.00281,15,96.96875,769.25
1780761082.00281,15,98.21875,773.75
1780761082.00281,15,99.546875,777.75
1780761082.00281,15,100.921875,779.0
1780761082.00281,15,102.265625,782.5
1780761082.00281,15,103.5625,787.75
1780761082.00281,15,104.984375,792.25
1780761082.00281,15,106.34375,797.25
1780761082.00281,15,110.375,787.0
1780761082.00281,15,122.921875,1321.25
1780761082.00281,15,125.703125,1248.25
1780761082.00281,4,127.0625,1225.5
1780761082.00281,15,129.875,1148.0
1780761082.00281,15,131.125,1131.5
1780761082.00281,15,135.375,1035.0
1780761082.00281,15,136.6875,1024.0
1780761082.00281,15,138.078125,1033.25
1780761082.00281,15,139.34375,1059.0
1780761082.00281,15,147.265625,1145.0
1780761082.00281,12,151.28125,1174.0
1780761082.00281,15,152.734375,1154.25
1780761082.00281,15,154.0625,1146.25
1780761082.00281,15,164.09375,751.0
1780761082.00281,15,165.46875,748.0
1780761082.00281,15,166.9375,743.25
1780761082.00281,15,168.171875,738.75
1780761082.00281,15,169.5625,736.0
1780761082.00281,15,170.875,733.25
1780761082.00281,15,172.1875,730.75
1780761082.00281,15,173.515625,728.75
1780761082.00281,15,174.875,726.25
1780761082.00281,15,176.3125,724.75
1780761082.00281,15,177.625,723.75
1780761082.00281,15,178.9375,723.0
1780761082.00281,15,180.296875,722.75
1780761082.00281,15,181.71875,723.25
1780761082.00281,15,183.15625,724.5
1780761082.00281,15,184.34375,726.25
1780761082.00281,15,185.796875,727.75
1780761082.00281,15,187.078125,729.5
1780761082.00281,15,188.4375,731.25
1780761082.00281,15,189.734375,733.75
1780761082.00281,15,191.03125,736.75
1780761082.00281,15,192.484375,739.75
1780761082.00281,15,193.78125,743.0
1780761082.00281,15,199.90625,1090.0
1780761082.00281,15,201.15625,1111.0
1780761082.00281,15,202.5625,1131.5
1780761082.00281,15,213.25,1135.0
1780761082.00281,15,217.0625,608.0
1780761082.00281,15,218.421875,607.75
1780761082.00281,15,219.734375,609.25
1780761082.00281,15,221.046875,611.0
1780761082.00281,15,222.390625,612.0
1780761082.00281,15,223.84375,614.5
1780761082.00281,15,225.046875,620.5
1780761082.00281,15,227.234375,787.0
1780761082.00281,15,228.828125,770.25
1780761082.00281,15,230.15625,753.25
1780761082.00281,15,231.53125,739.0
1780761082.00281,15,232.90625,725.5
1780761082.00281,15,234.359375,712.75
1780761082.00281,15,235.75,700.0
1780761082.00281,15,237.109375,688.25
1780761082.00281,15,238.4375,677.0
1780761082.00281,15,239.765625,666.5
1780761082.00281,15,241.203125,657.0
1780761082.00281,15,242.5,648.5
1780761082.00281,15,243.90625,646.5
1780761082.00281,15,249.390625,646.5
1780761082.00281,15,250.59375,647.25
1780761082.00281,15,257.484375,1362.25
1780761082.00281,6,264.203125,1376.5
1780761082.00281,9,265.5625,1374.75
1780761082.00281,7,266.890625,1373.75
1780761082.00281,8,268.25,1371.25
1780761082.00281,10,269.59375,1371.25
1780761082.00281,8,270.875,1372.5
1780761082.00281,9,272.21875,1373.5
1780761082.00281,8,273.578125,1374.75
1780761082.00281,9,274.921875,1375.75
1780761082.00281,15,276.21875,1377.25
1780761082.00281,15,277.546875,1378.5
1780761082.00281,15,278.828125,1380.0
1780761082.00281,15,280.1875,1383.25
1780761082.00281,15,282.859375,1397.0
1780761082.00281,15,284.15625,1409.75
1780761082.00281,15,285.546875,1410.75
1780761082.00281,7,286.859375,1411.75
1780761082.00281,15,288.140625,1427.0
1780761082.00281,15,289.546875,1449.0
1780761082.00281,15,296.140625,1530.0
1780761082.00281,15,297.46875,1540.0
1780761082.00281,15,298.921875,1559.75
1780761082.00281,15,300.265625,1580.25
1780761082.00281,15,301.609375,1600.25
1780761082.00281,15,302.890625,1629.75
1780761082.00281,15,304.203125,1660.5
1780761082.00281,3,305.53125,1684.5
1780761082.00281,15,306.875,1721.75
1780761082.00281,15,308.203125,1747.25
1780761082.00281,15,309.546875,1772.0
1780761082.00281,15,310.859375,1807.75
1780761082.00281,15,314.71875,776.5
1780761082.00281,15,315.953125,775.0
1780761082.00281,15,317.296875,774.0
1780761082.00281,15,318.734375,773.5
1780761082.00281,15,320.078125,773.75
1780761082.00281,15,321.390625,774.25
1780761082.00281,15,345.625,2294.25
1780761082.00281,15,346.890625,2294.25
1780761082.00281,15,348.21875,2294.25
1780761082.00281,15,351.0,1987.25
1780761082.1406229,15,352.34375,2007.25
1780761082.1406229,15,353.71875,2002.0
1780761082.1406229,15,355.015625,1986.0
1780761082.1406229,15,356.359375,1983.0
1780761082.1406229,15,357.703125,1978.25
1780761082.1406229,15,359.03125,1995.25
1780761082.1406229,15,0.359375,1996.25
1780761082.1406229,15,1.703125,1990.25
1780761082.1406229,15,3.0625,2001.0
1780761082.1406229,15,4.390625,2003.75
1780761082.1406229,15,5.734375,2001.5
1780761082.1406229,15,7.09375,2010.0
1780761082.1406229,15,8.40625,1999.75
1780761082.1406229,15,9.78125,1981.25
1780761082.1406229,11,18.984375,2236.75
1780761082.1406229,15,33.046875,1076.25
1780761082.1406229,15,41.109375,1140.25
1780761082.1406229,15,42.546875,1120.25
1780761082.1406229,15,45.265625,1059.5
1780761082.1406229,15,46.640625,1034.5
1780761082.1406229,10,48.0,1015.0
1780761082.1406229,15,49.34375,998.25
1780761082.1406229,15,50.796875,980.0
1780761082.1406229,15,52.078125,962.75
1780761082.1406229,15,53.546875,946.5
1780761082.1406229,15,54.921875,931.75
1780761082.1406229,15,56.25,918.75
1780761082.1406229,15,57.53125,906.0
1780761082.1406229,15,59.0,893.5
1780761082.1406229,15,60.328125,881.5
1780761082.1406229,15,61.65625,869.25
1780761082.1406229,15,63.109375,858.5
1780761082.1406229,15,64.421875,851.75
1780761082.1406229,15,65.8125,841.5
1780761082.1406229,15,67.1875,829.5
1780761082.1406229,15,68.40625,819.5
1780761082.1406229,15,69.8125,812.5
1780761082.1406229,15,71.203125,808.5
1780761082.1406229,15,72.46875,802.75
1780761082.1406229,15,73.890625,796.75
1780761082.1406229,15,75.203125,790.5
1780761082.1406229,15,76.53125,788.75
1780761082.1406229,15,77.921875,785.5
1780761082.1406229,15,79.34375,778.0
1780761082.1406229,15,80.609375,775.0
1780761082.1406229,15,81.984375,772.25
1780761082.1406229,15,83.375,769.75
1780761082.1406229,15,84.609375,767.5
1780761082.1406229,15,86.0,765.5
1780761082.1406229,15,87.265625,766.5
1780761082.1406229,15,88.671875,766.5
1780761082.1406229,15,90.015625,765.75
1780761082.1406229,15,91.390625,767.0
1780761082.1406229,15,92.703125,768.0
1780761082.1406229,15,94.015625,769.25
1780761082.1406229,15,95.3125,770.5
1780761082.1406229,15,96.59375,771.75
1780761082.1406229,15,97.96875,773.75
1780761082.1406229,15,99.296875,777.5
1780761082.1406229,15,100.671875,780.5
1780761082.1406229,15,102.0,783.75
1780761082.1406229,15,103.234375,788.0
1780761082.1406229,15,107.359375,785.0
1780761082.1406229,15,112.9375,1809.0
1780761082.1406229,15,114.296875,1834.0
1780761082.1406229,15,118.484375,1433.75
1780761082.1406229,15,124.015625,1244.25
1780761082.1406229,15,126.78125,1170.5
1780761082.1406229,15,129.5,1082.0
1780761082.1406229,5,130.90625,1076.75
1780761082.1406229,15,132.40625,1054.75
1780761082.1406229,15,133.75,1028.0
1780761082.1406229,15,135.15625,1007.0
1780761082.1406229,15,136.4375,1005.0
1780761082.1406229,15,137.703125,1022.25
1780761082.1406229,15,141.625,1138.25
1780761082.1406229,15,144.328125,1111.75
1780761082.1406229,15,145.671875,1107.0
1780761082.1406229,15,147.03125,1132.75
1780761082.1406229,15,148.3125,1160.75
1780761082.1406229,15,151.015625,1133.0
1780761082.1406229,15,152.46875,1118.75
1780761082.1406229,15,153.6875,1116.75
1780761082.1406229,15,163.890625,716.75
1780761082.1406229,15,165.25,712.25
1780761082.1406229,15,166.484375,708.0
1780761082.1406229,15,168.015625,704.5
1780761082.1406229,15,169.265625,702.25
1780761082.1406229,15,170.65625,699.0
1780761082.1406229,15,171.96875,695.0
1780761082.1406229,15,173.234375,693.0
1780761082.1406229,15,174.6875,691.25
1780761082.1406229,15,176.078125,690.0
1780761082.1406229,15,177.3125,687.25
1780761082.1406229,15,178.703125,684.0
1780761082.1406229,15,180.046875,684.5
1780761082.1406229,15,181.453125,686.25
1780761082.1406229,15,182.625,686.5
1780761082.1406229,15,184.046875,688.5
1780761082.1406229,15,185.359375,691.0
1780761082.1406229,15,186.78125,691.25
1780761082.1406229,15,188.078125,693.0
1780761082.1406229,15,189.375,695.5
1780761082.1406229,15,190.796875,699.0
1780761082.1406229,15,192.0,702.25
1780761082.1406229,15,193.4375,705.25
1780761082.1406229,15,194.734375,708.75
1780761082.1406229,15,200.6875,1056.25
1780761082.1406229,15,202.046875,1074.0
1780761082.1406229,15,214.0625,1097.5
1780761082.1406229,8,215.515625,1094.0
1780761082.1406229,15,219.296875,579.25
1780761082.1406229,15,220.65625,580.75
1780761082.1406229,15,222.125,582.5
1780761082.1406229,15,223.265625,583.75
1780761082.1406229,15,224.78125,586.0
1780761082.1406229,15,226.015625,588.5
1780761082.1406229,15,227.234375,590.75
1780761082.1406229,15,229.59375,759.75
1780761082.1406229,15,230.8125,744.75
1780761082.1406229,15,232.28125,731.5
1780761082.1406229,15,233.578125,718.25
1780761082.1406229,15,235.09375,704.75
1780761082.1406229,15,236.453125,693.0
1780761082.1406229,15,237.6875,681.75
1780761082.1406229,15,239.234375,670.5
1780761082.1406229,15,240.484375,661.25
1780761082.1406229,15,241.953125,652.0
1780761082.1406229,15,243.34375,643.25
1780761082.1406229,15,244.703125,634.75
1780761082.1406229,15,246.03125,626.25
1780761082.1406229,15,254.046875,635.0
1780761082.1406229,15,258.109375,1359.75
1780761082.1406229,15,259.46875,1359.0
1780761082.1406229,15,262.125,1339.25
1780761082.1406229,8,264.796875,1376.5
1780761082.1406229,7,266.15625,1368.5
1780761082.1406229,9,267.484375,1367.5
1780761082.1406229,8,268.84375,1372.25
1780761082.1406229,15,270.171875,1370.25
1780761082.1406229,9,271.515625,1370.75
1780761082.1406229,8,272.8125,1372.0
1780761082.1406229,8,274.1875,1372.75
1780761082.1406229,9,275.46875,1375.75
1780761082.1406229,9,276.75,1376.5
1780761082.1406229,15,278.125,1377.75
1780761082.1406229,15,279.453125,1380.75
1780761082.1406229,15,280.8125,1383.25
1780761082.1406229,15,282.078125,1396.5
1780761082.1406229,15,284.734375,1416.0
1780761082.1406229,15,286.125,1423.75
1780761082.1406229,7,287.46875,1424.5
1780761082.1406229,15,288.734375,1433.25
1780761082.1406229,15,290.0625,1449.75
1780761082.1406229,15,291.421875,1459.25
1780761082.1406229,15,292.765625,1476.75
1780761082.1406229,15,298.046875,1540.0
1780761082.1406229,15,299.484375,1569.5
1780761082.1406229,15,300.796875,1590.0
1780761082.1406229,15,302.171875,1597.75
1780761082.1406229,15,303.515625,1627.5
1780761082.1406229,15,307.4375,1733.0
1780761082.1406229,15,308.8125,1770.5
1780761082.1406229,15,310.09375,1806.75
1780761082.1406229,15,311.421875,1833.0
1780761082.1406229,15,316.53125,803.0
1780761082.1406229,15,317.84375,802.25
1780761082.1406229,15,319.15625,801.25
1780761082.1406229,15,320.46875,802.0
1780761082.1406229,15,321.828125,802.5
1780761082.1406229,15,323.203125,804.0
1780761082.1406229,15,346.265625,2295.5
1780761082.1406229,15,347.53125,2295.25
1780761082.1406229,15,348.90625,2295.0
1780761082.2779589,15,351.65625,2028.0
1780761082.2779589,15,352.984375,2043.75
1780761082.2779589,15,354.328125,2042.5
1780761082.2779589,15,355.671875,2029.75
1780761082.2779589,15,357.015625,2031.5
1780761082.2779589,15,358.359375,2024.75
1780761082.2779589,15,359.703125,2028.5
1780761082.2779589,15,1.046875,2028.5
1780761082.2779589,15,2.390625,2025.25
1780761082.2779589,15,3.71875,2032.75
1780761082.2779589,15,5.078125,2028.75
1780761082.2779589,15,6.390625,2033.75
1780761082.2779589,15,7.71875,2035.5
1780761082.2779589,15,9.109375,2019.75
1780761082.2779589,15,11.8125,2094.5
1780761082.2779589,15,29.828125,1159.0
1780761082.2779589,3,31.21875,1124.25
1780761082.2779589,15,32.53125,1107.75
1780761082.2779589,15,37.9375,1225.0
1780761082.2779589,15,39.265625,1196.5
1780761082.2779589,15,42.046875,1133.25
1780761082.2779589,15,44.875,1073.75
1780761082.2779589,15,46.21875,1051.5
1780761082.2779589,15,47.578125,1028.75
1780761082.2779589,15,48.9375,1010.25
1780761082.2779589,15,50.375,987.25
1780761082.2779589,15,51.6875,968.0
1780761082.2779589,15,53.046875,955.5
1780761082.2779589,15,54.421875,942.0
1780761082.2779589,15,55.84375,928.25
1780761082.2779589,15,57.265625,912.75
1780761082.2779589,15,58.640625,898.5
1780761082.2779589,15,59.875,885.75
1780761082.2779589,15,61.171875,873.5
1780761082.2779589,15,62.609375,864.25
1780761082.2779589,15,63.84375,856.5
1780761082.2779589,15,65.25,847.0
1780761082.2779589,15,66.65625,836.75
1780761082.2779589,15,67.921875,827.75
1780761082.2779589,15,69.34375,818.5
1780761082.2779589,15,70.703125,812.25
1780761082.2779589,15,72.0,807.0
1780761082.2779589,15,73.46875,800.5
1780761082.2779589,15,74.703125,794.0
1780761082.2779589,15,76.125,788.0
1780761082.2779589,15,77.546875,784.0
1780761082.2779589,15,78.875,780.25
1780761082.2779589,15,80.171875,777.0
1780761082.2779589,15,81.5,774.75
1780761082.2779589,15,82.84375,772.5
1780761082.2779589,15,84.21875,770.0
1780761082.2779589,15,85.53125,768.25
1780761082.2779589,15,86.78125,767.75
1780761082.2779589,15,88.109375,767.75
1780761082.2779589,15,89.4375,767.25
1780761082.2779589,15,90.8125,766.5
1780761082.2779589,15,92.15625,767.5
1780761082.2779589,15,93.515625,768.75
1780761082.2779589,15,94.875,769.25
1780761082.2779589,15,96.21875,772.25
1780761082.2779589,15,97.46875,775.0
1780761082.2779589,15,98.828125,777.0
1780761082.2779589,15,100.1875,779.75
1780761082.2779589,15,101.453125,783.25
1780761082.2779589,15,102.765625,787.5
1780761082.2779589,15,104.234375,778.25
1780761082.2779589,15,105.421875,771.75
1780761082.2779589,15,108.421875,1759.75
1780761082.2779589,15,109.765625,1783.75
1780761082.2779589,15,111.140625,1796.0
1780761082.2779589,15,112.4375,1820.0
1780761082.2779589,15,118.03125,1425.0
1780761082.2779589,15,123.59375,1209.25
1780761082.2779589,15,126.265625,1140.0
1780761082.2779589,15,130.4375,1023.75
1780761082.2779589,15,131.71875,1010.75
1780761082.2779589,15,133.09375,994.25
1780761082.2779589,15,134.421875,985.75
1780761082.2779589,15,135.765625,996.5
1780761082.2779589,15,137.09375,1018.25
1780761082.2779589,15,138.375,1041.75
1780761082.2779589,15,144.9375,1081.5
1780761082.2779589,15,147.578125,1142.25
1780761082.2779589,15,150.296875,1098.25
1780761082.2779589,15,151.671875,1087.25
1780761082.2779589,15,163.15625,679.25
1780761082.2779589,15,164.609375,675.75
1780761082.2779589,15,166.015625,671.75
1780761082.2779589,15,167.28125,667.5
1780761082.2779589,15,168.578125,664.0
1780761082.2779589,15,169.984375,661.0
1780761082.2779589,15,171.28125,657.5
1780761082.2779589,15,172.578125,654.5
1780761082.2779589,15,174.078125,653.0
1780761082.2779589,15,175.25,651.75
1780761082.2779589,15,176.671875,649.5
1780761082.2779589,15,178.0625,646.75
1780761082.2779589,15,179.390625,645.25
1780761082.2779589,15,180.78125,645.0
1780761082.2779589,15,182.140625,647.0
1780761082.2779589,15,183.515625,648.75
1780761082.2779589,15,184.65625,650.25
1780761082.2779589,15,186.046875,653.0
1780761082.2779589,15,187.296875,654.75
1780761082.2779589,15,188.796875,657.25
1780761082.2779589,15,190.015625,659.75
1780761082.2779589,15,191.359375,661.75
1780761082.2779589,15,192.703125,665.5
1780761082.2779589,15,193.984375,669.25
1780761082.2779589,15,195.390625,671.5
1780761082.2779589,15,199.9375,1015.0
1780761082.2779589,15,201.296875,1020.25
1780761082.2779589,15,214.6875,1067.25
1780761082.2779589,15,216.09375,1068.5
1780761082.2779589,15,217.40625,1060.0
1780761082.2779589,15,221.34375,549.5
1780761082.2779589,15,222.78125,550.75
1780761082.2779589,15,223.96875,551.75
1780761082.2779589,15,225.46875,553.0
1780761082.2779589,15,226.71875,555.5
1780761082.2779589,15,228.015625,559.0
1780761082.2779589,15,229.296875,563.0
1780761082.2779589,15,234.078125,712.75
1780761082.2779589,15,235.515625,699.5
1780761082.2779589,15,236.96875,687.25
1780761082.2779589,15,238.203125,676.0
1780761082.2779589,15,239.75,665.5
1780761082.2779589,15,241.015625,655.25
1780761082.2779589,15,242.359375,647.0
1780761082.2779589,15,243.78125,638.0
1780761082.2779589,15,245.234375,629.25
1780761082.2779589,15,246.5625,622.25
1780761082.2779589,15,247.9375,616.0
1780761082.2779589,15,249.1875,610.0
1780761082.2779589,15,257.1875,627.75
1780761082.2779589,15,259.9375,1351.75
1780761082.2779589,8,261.21875,1368.75
1780761082.2779589,9,265.296875,1377.75
1780761082.2779589,8,266.59375,1373.0
1780761082.2779589,8,267.953125,1372.75
1780761082.2779589,15,269.34375,1368.25
1780761082.2779589,15,270.625,1361.75
1780761082.2779589,7,271.984375,1362.0
1780761082.2779589,15,273.296875,1365.75
1780761082.2779589,8,274.671875,1371.5
1780761082.2779589,9,275.9375,1375.5
1780761082.2779589,15,277.328125,1377.5
1780761082.2779589,15,278.65625,1378.75
1780761082.2779589,15,279.984375,1381.25
1780761082.2779589,15,281.34375,1384.25
1780761082.2779589,15,282.625,1397.0
1780761082.2779589,15,283.984375,1409.0
1780761082.2779589,15,286.65625,1418.25
1780761082.2779589,7,288.015625,1426.0
1780761082.2779589,15,289.296875,1433.75
1780761082.2779589,15,290.625,1450.25
1780761082.2779589,15,291.984375,1467.75
1780761082.2779589,15,293.328125,1485.0
1780761082.2779589,9,294.59375,1510.75
1780761082.2779589,15,295.953125,1529.75
1780761082.2779589,15,301.34375,1582.5
1780761082.2779589,15,302.6875,1611.75
1780761082.2779589,15,304.03125,1649.25
1780761082.2779589,15,306.671875,1694.25
1780761082.2779589,15,307.984375,1733.5
1780761082.2779589,15,309.3125,1771.25
1780761082.2779589,15,310.625,1807.25
1780761082.2779589,15,318.28125,826.0
1780761082.2779589,15,319.71875,826.0
1780761082.2779589,15,320.953125,828.75
1780761082.2779589,15,322.328125,829.0
1780761082.2779589,15,323.671875,829.0
1780761082.2779589,15,324.9375,830.75
1780761082.2779589,15,327.828125,2274.75
1780761082.2779589,15,329.15625,2274.75
1780761082.2779589,15,331.8125,2294.25
1780761082.4156568,15,351.984375,2073.25
1780761082.4156568,15,353.34375,2079.0
1780761082.4156568,15,357.328125,2087.0
1780761082.4156568,15,358.703125,2071.5
1780761082.4156568,15,0.0625,2061.75
1780761082.4156568,15,1.34375,2066.5
1780761082.4156568,15,2.71875,2071.25
1780761082.4156568,15,4.046875,2070.75
1780761082.4156568,15,5.375,2089.25
1780761082.4156568,15,6.734375,2093.5
1780761082.4156568,15,8.03125,2079.75
1780761082.4156568,15,9.390625,2062.0
1780761082.4156568,15,10.734375,2092.5
1780761082.4156568,15,12.0625,2134.75
1780761082.4156568,15,31.390625,1131.5
1780761082.4156568,15,36.65625,1255.0
1780761082.4156568,15,38.0625,1224.5
1780761082.4156568,15,40.828125,1153.0
1780761082.4156568,15,42.109375,1135.75
1780761082.4156568,15,44.875,1073.25
1780761082.4156568,15,47.6875,1021.75
1780761082.4156568,15,49.03125,1006.25
1780761082.4156568,15,50.421875,987.0
1780761082.4156568,15,51.6875,968.0
1780761082.4156568,15,53.171875,952.0
1780761082.4156568,15,54.53125,936.0
1780761082.4156568,15,55.875,925.25
1780761082.4156568,15,57.25,912.5
1780761082.4156568,15,58.53125,898.75
1780761082.4156568,15,59.9375,886.5
1780761082.4156568,15,61.28125,876.0
1780761082.4156568,15,62.609375,865.75
1780761082.4156568,15,63.984375,856.0
1780761082.4156568,15,65.34375,846.5
1780761082.4156568,15,66.8125,836.5
1780761082.4156568,15,68.0625,828.0
1780761082.4156568,15,69.4375,818.25
1780761082.4156568,15,70.8125,811.75
1780761082.4156568,15,72.125,806.0
1780761082.4156568,15,73.484375,799.75
1780761082.4156568,15,74.8125,793.25
1780761082.4156568,15,76.296875,787.5
1780761082.4156568,15,77.515625,784.25
1780761082.4156568,15,78.9375,780.5
1780761082.4156568,15,80.34375,778.25
1780761082.4156568,15,81.640625,777.0
1780761082.4156568,15,83.03125,773.75
1780761082.4156568,15,84.28125,772.0
1780761082.4156568,15,85.65625,771.25
1780761082.4156568,15,86.90625,769.0
1780761082.4156568,15,88.34375,767.75
1780761082.4156568,15,89.59375,767.5
1780761082.4156568,15,90.859375,768.5
1780761082.4156568,15,92.328125,769.25
1780761082.4156568,15,93.65625,770.25
1780761082.4156568,15,94.9375,772.5
1780761082.4156568,15,96.25,774.0
1780761082.4156568,15,97.53125,776.25
1780761082.4156568,15,98.890625,778.5
1780761082.4156568,15,102.984375,769.0
1780761082.4156568,15,105.9375,1747.5
1780761082.4156568,15,107.28125,1748.0
1780761082.4156568,15,108.625,1759.5
1780761082.4156568,15,109.953125,1783.25
1780761082.4156568,15,111.28125,1796.0
1780761082.4156568,5,115.546875,1435.5
1780761082.4156568,15,123.796875,1149.25
1780761082.4156568,15,127.96875,1033.75
1780761082.4156568,15,129.390625,1012.75
1780761082.4156568,15,130.734375,986.0
1780761082.4156568,15,132.0625,963.25
1780761082.4156568,15,133.34375,962.25
1780761082.4156568,15,134.65625,979.75
1780761082.4156568,10,135.984375,999.5
1780761082.4156568,15,137.25,1022.25
1780761082.4156568,15,145.1875,1088.0
1780761082.4156568,15,146.53125,1110.25
1780761082.4156568,15,147.90625,1099.0
1780761082.4156568,15,149.265625,1072.25
1780761082.4156568,15,150.609375,1053.5
1780761082.4156568,15,151.890625,1052.75
1780761082.4156568,15,162.171875,643.75
1780761082.4156568,15,163.625,639.0
1780761082.4156568,15,165.046875,636.0
1780761082.4156568,15,166.234375,633.5
1780761082.4156568,15,167.609375,629.5
1780761082.4156568,15,169.09375,625.0
1780761082.4156568,15,170.265625,622.25
1780761082.4156568,15,171.78125,619.25
1780761082.4156568,15,173.046875,616.25
1780761082.4156568,15,174.4375,614.0
1780761082.4156568,15,175.640625,612.25
1780761082.4156568,15,177.125,611.25
1780761082.4156568,15,178.40625,610.25
1780761082.4156568,15,179.671875,609.75
1780761082.4156568,15,181.265625,610.25
1780761082.4156568,15,182.40625,610.75
1780761082.4156568,15,183.75,611.25
1780761082.4156568,15,185.234375,613.25
1780761082.4156568,15,186.609375,615.5
1780761082.4156568,15,187.78125,616.5
1780761082.4156568,15,189.28125,617.75
1780761082.4156568,15,190.546875,620.75
1780761082.4156568,15,191.828125,624.25
1780761082.4156568,15,193.078125,627.75
1780761082.4156568,15,194.53125,632.25
1780761082.4156568,15,195.828125,635.5
1780761082.4156568,11,201.65625,990.75
1780761082.4156568,15,203.0,1006.75
1780761082.4156568,15,204.234375,1025.75
1780761082.4156568,15,216.265625,1032.75
1780761082.4156568,15,217.671875,1029.0
1780761082.4156568,15,219.0,1026.5
1780761082.4156568,15,224.34375,522.25
1780761082.4156568,15,225.796875,523.25
1780761082.4156568,15,227.046875,525.75
1780761082.4156568,15,228.328125,529.25
1780761082.4156568,15,229.671875,531.75
1780761082.4156568,15,230.890625,535.5
1780761082.4156568,15,232.3125,540.5
1780761082.4156568,15,237.078125,687.5
1780761082.4156568,15,238.53125,675.25
1780761082.4156568,15,239.875,664.75
1780761082.4156568,15,241.1875,655.5
1780761082.4156568,15,242.578125,646.0
1780761082.4156568,15,243.921875,637.25
1780761082.4156568,15,245.390625,628.5
1780761082.4156568,15,246.65625,621.75
1780761082.4156568,15,247.875,615.75
1780761082.4156568,15,249.234375,610.0
1780761082.4156568,15,250.828125,603.75
1780761082.4156568,15,252.140625,598.5
1780761082.4156568,15,266.828125,1370.0
1780761082.4156568,15,268.140625,1366.25
1780761082.4156568,8,269.46875,1369.5
1780761082.4156568,9,270.796875,1370.5
1780761082.4156568,9,272.109375,1370.75
1780761082.4156568,8,273.46875,1369.25
1780761082.4156568,9,274.78125,1370.5
1780761082.4156568,9,276.203125,1375.0
1780761082.4156568,9,277.46875,1377.75
1780761082.4156568,15,278.8125,1379.25
1780761082.4156568,15,280.15625,1394.0
1780761082.4156568,15,281.453125,1407.75
1780761082.4156568,15,282.796875,1408.75
1780761082.4156568,15,284.171875,1409.5
1780761082.4156568,15,285.515625,1410.25
1780761082.4156568,15,286.796875,1419.0
1780761082.4156568,15,289.46875,1434.75
1780761082.4156568,15,290.828125,1450.0
1780761082.4156568,15,292.125,1459.5
1780761082.4156568,15,293.46875,1477.0
1780761082.4156568,7,294.796875,1511.25
1780761082.4156568,15,296.109375,1530.5
1780761082.4156568,15,297.453125,1540.0
1780761082.4156568,15,298.78125,1560.0
1780761082.4156568,15,304.046875,1630.5
1780761082.4156568,15,307.96875,1733.5
1780761082.4156568,15,309.296875,1759.75
1780761082.4156568,15,310.59375,1795.75
1780761082.4156568,15,319.484375,855.75
1780761082.4156568,15,320.890625,856.5
1780761082.4156568,15,322.25,857.0
1780761082.4156568,15,323.59375,857.75
1780761082.4156568,15,324.90625,859.0
1780761082.4156568,15,326.28125,862.0
1780761082.4156568,15,329.171875,2294.25
1780761082.4156568,15,341.21875,2294.5
1780761082.553032,15,352.0,2091.0
1780761082.553032,15,353.34375,2097.0
1780761082.553032,15,354.65625,2099.25
1780761082.553032,15,356.0,2105.25
1780761082.553032,15,357.34375,2104.25
1780761082.553032,15,358.671875,2090.75
1780761082.553032,15,0.03125,2093.5
1780761082.553032,15,1.3125,2099.0
1780761082.553032,15,2.6875,2095.75
1780761082.553032,15,4.015625,2095.0
1780761082.553032,15,5.359375,2089.25
1780761082.553032,15,6.671875,2102.75
1780761082.553032,15,8.046875,2107.5
1780761082.553032,15,9.375,2104.75
1780761082.553032,15,10.703125,2128.5
1780761082.553032,15,30.015625,1157.5
1780761082.553032,15,36.6875,1249.5
1780761082.553032,15,38.03125,1224.5
1780761082.553032,9,39.359375,1195.75
1780761082.553032,15,42.109375,1131.0
1780761082.553032,15,44.90625,1073.0
1780761082.553032,15,47.6875,1021.75
1780761082.553032,15,49.046875,1005.75
1780761082.553032,15,50.359375,986.5
1780761082.553032,15,51.71875,968.0
1780761082.553032,15,53.15625,952.25
1780761082.553032,15,54.453125,936.25
1780761082.553032,15,55.859375,925.0
1780761082.553032,15,57.25,912.25
1780761082.553032,15,58.578125,898.75
1780761082.553032,15,59.890625,886.0
1780761082.553032,15,61.1875,875.25
1780761082.553032,15,62.5625,866.0
1780761082.553032,15,63.875,856.25
1780761082.553032,15,65.25,846.75
1780761082.553032,15,66.625,837.0
1780761082.553032,15,67.9375,827.75
1780761082.553032,15,69.3125,816.5
1780761082.553032,15,70.625,810.0
1780761082.553032,15,72.03125,806.75
1780761082.553032,15,73.421875,800.5
1780761082.553032,15,74.71875,794.25
1780761082.553032,15,76.078125,789.25
1780761082.553032,15,77.375,785.25
1780761082.553032,15,78.8125,781.75
1780761082.553032,15,80.140625,778.25
1780761082.553032,15,81.515625,775.25
1780761082.553032,15,82.8125,773.0
1780761082.553032,15,84.15625,770.5
1780761082.553032,15,85.5625,770.0
1780761082.553032,15,86.8125,769.25
1780761082.553032,15,88.125,767.75
1780761082.553032,15,89.546875,767.5
1780761082.553032,15,90.9375,767.0
1780761082.553032,15,92.203125,768.0
1780761082.553032,15,93.46875,769.0
1780761082.553032,15,94.9375,771.0
1780761082.553032,15,96.09375,774.0
1780761082.553032,15,97.5625,775.5
1780761082.553032,15,98.953125,765.0
1780761082.553032,15,100.296875,758.0
1780761082.553032,15,103.140625,1730.25
1780761082.553032,15,104.453125,1744.25
1780761082.553032,15,105.84375,1747.25
1780761082.553032,15,107.125,1747.5
1780761082.553032,15,108.453125,1759.5
1780761082.553032,15,109.78125,1771.5
1780761082.553032,15,111.078125,1795.75
1780761082.553032,6,115.3125,1392.5
1780761082.553032,15,122.21875,1126.75
1780761082.553032,15,126.46875,1016.75
1780761082.553032,15,130.5625,936.5
1780761082.553032,15,131.84375,939.75
1780761082.553032,15,133.09375,956.25
1780761082.553032,15,134.421875,974.0
1780761082.553032,9,135.734375,996.25
1780761082.553032,15,138.328125,1056.75
1780761082.553032,15,142.28125,1016.75
1780761082.553032,15,148.984375,1027.5
1780761082.553032,15,150.328125,1019.5
1780761082.553032,15,160.71875,609.25
1780761082.553032,15,162.09375,604.75
1780761082.553032,15,163.46875,601.5
1780761082.553032,15,164.71875,597.0
1780761082.553032,15,166.078125,594.0
1780761082.553032,15,167.46875,590.75
1780761082.553032,15,168.71875,587.0
1780761082.553032,15,170.046875,585.0
1780761082.553032,15,171.5,583.0
1780761082.553032,15,172.890625,580.75
1780761082.553032,15,174.296875,579.25
1780761082.553032,15,175.515625,577.25
1780761082.553032,15,176.828125,574.25
1780761082.553032,15,178.328125,573.25
1780761082.553032,15,179.59375,573.5
1780761082.553032,15,180.953125,572.5
1780761082.553032,15,182.296875,573.25
1780761082.553032,15,183.546875,575.5
1780761082.553032,15,184.859375,577.25
1780761082.553032,15,186.203125,579.25
1780761082.553032,15,187.515625,580.5
1780761082.553032,15,188.953125,582.5
1780761082.553032,15,190.234375,584.5
1780761082.553032,15,191.671875,586.25
1780761082.553032,15,192.828125,589.5
1780761082.553032,15,194.234375,593.0
1780761082.553032,15,195.421875,596.0
1780761082.553032,15,196.84375,599.25
1780761082.553032,15,200.015625,937.5
1780761082.553032,15,201.296875,954.5
1780761082.553032,15,202.5625,962.0
1780761082.553032,15,203.875,979.5
1780761082.553032,15,205.28125,998.0
1780761082.553032,8,217.25,1009.25
1780761082.553032,9,218.65625,1009.75
1780761082.553032,15,220.0,1003.25
1780761082.553032,9,221.25,1006.0
1780761082.553032,15,226.84375,494.75
1780761082.553032,15,228.296875,496.25
1780761082.553032,15,229.578125,498.5
1780761082.553032,15,230.75,501.5
1780761082.553032,15,231.9375,504.75
1780761082.553032,15,233.453125,508.5
1780761082.553032,15,234.78125,513.25
1780761082.553032,15,235.96875,518.0
1780761082.553032,15,237.953125,675.25
1780761082.553032,15,239.390625,667.25
1780761082.553032,15,240.796875,656.5
1780761082.553032,15,242.125,647.75
1780761082.553032,15,243.59375,640.25
1780761082.553032,15,244.78125,632.0
1780761082.553032,15,246.125,623.75
1780761082.553032,15,247.46875,616.5
1780761082.553032,15,248.890625,610.5
1780761082.553032,15,250.3125,605.25
1780761082.553032,15,251.734375,600.25
1780761082.553032,15,253.109375,596.0
1780761082.553032,15,254.328125,591.75
1780761082.553032,15,255.578125,587.75
1780761082.553032,15,267.609375,1353.75
1780761082.553032,8,268.90625,1359.5
1780761082.553032,8,270.25,1370.75
1780761082.553032,15,271.578125,1365.5
1780761082.553032,15,273.0,1361.75
1780761082.553032,10,274.3125,1366.0
1780761082.553032,8,275.6875,1372.0
1780761082.553032,8,277.0625,1374.25
1780761082.553032,15,278.375,1378.25
1780761082.553032,15,279.71875,1381.25
1780761082.553032,15,281.03125,1381.75
1780761082.553032,15,282.3125,1396.25
1780761082.553032,15,283.6875,1409.25
1780761082.553032,15,285.03125,1410.25
1780761082.553032,15,286.375,1411.0
1780761082.553032,15,287.640625,1419.25
1780761082.553032,15,290.375,1435.0
1780761082.553032,15,291.671875,1452.0
1780761082.553032,15,292.984375,1476.5
1780761082.553032,15,294.328125,1509.75
1780761082.553032,15,295.625,1529.0
1780761082.553032,15,296.953125,1531.0
1780761082.553032,6,298.296875,1541.0
1780761082.553032,15,299.640625,1561.0
1780761082.553032,15,300.984375,1581.25
1780761082.553032,15,307.59375,1733.0
1780761082.553032,15,308.9375,1747.5
1780761082.553032,15,311.578125,1833.0
1780761082.553032,15,321.734375,884.0
1780761082.553032,15,323.140625,884.25
1780761082.553032,15,324.40625,886.0
1780761082.553032,15,325.75,887.25
1780761082.553032,15,327.09375,891.0
1780761082.6906679,15,353.0,2135.75
1780761082.6906679,15,354.328125,2146.0
1780761082.6906679,15,355.671875,2140.25
1780761082.6906679,15,357.015625,2140.5
1780761082.6906679,15,358.359375,2137.75
1780761082.6906679,15,359.671875,2142.75
1780761082.6906679,15,1.046875,2134.5
1780761082.6906679,15,2.375,2127.25
1780761082.6906679,15,3.6875,2139.0
1780761082.6906679,8,5.046875,2152.75
1780761082.6906679,15,6.375,2151.75
1780761082.6906679,15,7.71875,2131.25
1780761082.6906679,15,9.078125,2127.0
1780761082.6906679,7,10.40625,2150.0
1780761082.6906679,15,29.5625,1182.5
1780761082.6906679,15,30.875,1198.75
1780761082.6906679,15,36.296875,1255.5
1780761082.6906679,15,37.625,1226.5
1780761082.6906679,15,38.984375,1198.25
1780761082.6906679,15,41.703125,1137.75
1780761082.6906679,15,44.5,1081.0
1780761082.6906679,15,45.859375,1055.25
1780761082.6906679,15,47.265625,1032.25
1780761082.6906679,15,48.65625,1012.5
1780761082.6906679,15,50.0,993.5
1780761082.6906679,15,51.328125,975.75
1780761082.6906679,15,52.75,958.25
1780761082.6906679,15,54.015625,944.0
1780761082.6906679,15,55.40625,931.25
1780761082.6906679,15,56.765625,917.5
1780761082.6906679,15,58.203125,904.0
1780761082.6906679,15,59.484375,891.75
1780761082.6906679,15,60.8125,879.25
1780761082.6906679,15,62.234375,866.75
1780761082.6906679,15,63.609375,858.25
1780761082.6906679,15,64.984375,851.0
1780761082.6906679,15,66.359375,841.0
1780761082.6906679,15,67.75,829.75
1780761082.6906679,15,69.046875,820.0
1780761082.6906679,15,70.390625,813.75
1780761082.6906679,15,71.65625,808.75
1780761082.6906679,15,73.125,803.25
1780761082.6906679,15,74.46875,798.75
1780761082.6906679,15,75.71875,793.25
1780761082.6906679,15,77.15625,787.5
1780761082.6906679,15,78.546875,783.75
1780761082.6906679,15,79.78125,780.75
1780761082.6906679,15,81.234375,778.75
1780761082.6906679,15,82.53125,776.5
1780761082.6906679,15,83.859375,773.75
1780761082.6906679,15,85.21875,771.75
1780761082.6906679,15,86.515625,771.5
1780761082.6906679,15,87.78125,770.75
1780761082.6906679,15,89.25,769.5
1780761082.6906679,15,90.46875,770.0
1780761082.6906679,15,91.953125,771.25
1780761082.6906679,15,93.234375,772.0
1780761082.6906679,15,94.5,773.75
1780761082.6906679,15,97.203125,751.75
1780761082.6906679,6,102.890625,1741.5
1780761082.6906679,15,104.1875,1744.5
1780761082.6906679,15,105.53125,1747.25
1780761082.6906679,15,106.828125,1748.0
1780761082.6906679,15,108.15625,1759.5
1780761082.6906679,15,109.5,1771.75
1780761082.6906679,15,123.515625,1025.0
1780761082.6906679,15,127.671875,904.0
1780761082.6906679,15,128.921875,908.25
1780761082.6906679,15,130.3125,921.5
1780761082.6906679,15,131.515625,936.5
1780761082.6906679,15,132.875,953.5
1780761082.6906679,15,134.1875,976.5
1780761082.6906679,15,136.765625,1028.5
1780761082.6906679,15,140.859375,992.75
1780761082.6906679,15,142.109375,1014.0
1780761082.6906679,15,146.140625,1020.5
1780761082.6906679,15,147.515625,1006.5
1780761082.6906679,15,148.875,992.25
1780761082.6906679,15,159.28125,575.75
1780761082.6906679,15,160.5625,570.75
1780761082.6906679,15,162.0625,565.75
1780761082.6906679,15,163.484375,560.75
1780761082.6906679,15,164.71875,557.0
1780761082.6906679,15,166.1875,554.25
1780761082.6906679,15,167.5625,551.25
1780761082.6906679,15,168.90625,548.5
1780761082.6906679,15,170.25,545.75
1780761082.6906679,15,171.609375,543.75
1780761082.6906679,15,172.796875,541.5
1780761082.6906679,15,174.265625,538.75
1780761082.6906679,15,175.5625,536.75
1780761082.6906679,15,176.75,535.5
1780761082.6906679,15,178.234375,534.25
1780761082.6906679,15,179.59375,534.0
1780761082.6906679,15,180.78125,533.75
1780761082.6906679,15,182.109375,534.25
1780761082.6906679,15,183.671875,536.0
1780761082.6906679,15,184.859375,537.75
1780761082.6906679,15,186.21875,539.75
1780761082.6906679,15,187.578125,541.0
1780761082.6906679,15,188.78125,543.0
1780761082.6906679,15,190.09375,545.0
1780761082.6906679,15,191.4375,547.5
1780761082.6906679,15,192.9375,550.0
1780761082.6906679,15,194.203125,552.0
1780761082.6906679,15,195.53125,555.0
1780761082.6906679,15,196.890625,558.75
1780761082.6906679,15,198.171875,562.0
1780761082.6906679,15,201.09375,919.5
1780761082.6906679,15,202.4375,921.5
1780761082.6906679,15,203.75,932.5
1780761082.6906679,15,204.953125,949.75
1780761082.6906679,15,206.28125,970.5
1780761082.6906679,15,218.234375,1002.75
1780761082.6906679,15,219.609375,984.5
1780761082.6906679,15,220.984375,979.25
1780761082.6906679,15,222.265625,982.25
1780761082.6906679,15,223.625,989.0
1780761082.6906679,15,229.484375,475.0
1780761082.6906679,15,230.515625,471.0
1780761082.6906679,15,232.140625,474.25
1780761082.6906679,15,233.25,477.5
1780761082.6906679,15,234.5625,481.25
1780761082.6906679,15,235.796875,485.0
1780761082.6906679,15,237.34375,489.5
1780761082.6906679,15,238.546875,494.5
1780761082.6906679,15,239.703125,502.5
1780761082.6906679,15,241.921875,649.0
1780761082.6906679,15,243.296875,640.5
1780761082.6906679,15,244.484375,633.25
1780761082.6906679,15,245.90625,625.75
1780761082.6906679,15,247.296875,617.75
1780761082.6906679,15,248.71875,611.0
1780761082.6906679,15,250.09375,606.0
1780761082.6906679,15,251.3125,600.5
1780761082.6906679,15,252.828125,595.75
1780761082.6906679,15,254.171875,592.5
1780761082.6906679,15,255.34375,589.5
1780761082.6906679,15,256.890625,585.25
1780761082.6906679,15,258.140625,581.0
1780761082.6906679,15,259.625,577.75
1780761082.6906679,15,272.75,1369.75
1780761082.6906679,15,274.0625,1368.5
1780761082.6906679,10,275.34375,1372.25
1780761082.6906679,10,276.65625,1376.5
1780761082.6906679,15,277.9375,1378.0
1780761082.6906679,15,279.3125,1380.0
1780761082.6906679,15,280.625,1382.25
1780761082.6906679,15,281.953125,1395.75
1780761082.6906679,15,283.234375,1409.0
1780761082.6906679,15,284.5625,1409.75
1780761082.6906679,15,285.953125,1416.75
1780761082.6906679,6,287.234375,1424.5
1780761082.6906679,15,288.515625,1433.5
1780761082.6906679,15,289.875,1441.75
1780761082.6906679,15,292.5625,1458.75
1780761082.6906679,15,293.90625,1459.25
1780761082.6906679,15,296.484375,1538.75
1780761082.6906679,15,297.8125,1548.25
1780761082.6906679,15,299.203125,1560.0
1780761082.6906679,15,300.578125,1581.0
1780761082.6906679,15,301.859375,1600.75
1780761082.6906679,15,303.203125,1630.5
1780761082.6906679,15,304.53125,1661.25
1780761082.6906679,15,309.765625,1795.75
1780761082.6906679,15,311.109375,1832.75
1780761082.6906679,15,322.59375,913.5
1780761082.6906679,15,323.984375,911.25
1780761082.6906679,15,325.265625,914.5
1780761082.6906679,15,326.59375,918.0
1780761082.6906679,15,328.046875,918.75
1780761082.6906679,15,341.75,2294.25
1780761082.6906679,15,349.8125,2304.25
1780761082.828691,15,352.53125,2187.0
1780761082.828691,15,353.859375,2203.5
1780761082.828691,6,355.234375,2198.0
1780761082.828691,7,356.546875,2182.75
1780761082.828691,8,357.890625,2168.0
1780761082.828691,6,359.203125,2186.5
1780761082.828691,7,0.578125,2185.0
1780761082.828691,15,1.921875,2169.25
1780761082.828691,15,3.265625,2174.25
1780761082.828691,7,4.578125,2170.5
1780761082.828691,7,5.9375,2164.0
1780761082.828691,15,7.28125,2157.5
1780761082.828691,15,8.59375,2152.0
1780761082.828691,12,9.953125,2179.0
1780761082.828691,15,34.46875,1320.0
1780761082.828691,15,37.265625,1228.25
1780761082.828691,15,38.65625,1199.25
1780761082.828691,15,41.40625,1139.75
1780761082.828691,15,42.75,1120.0
1780761082.828691,15,44.078125,1090.75
1780761082.828691,15,45.5,1060.25
1780761082.828691,15,46.921875,1035.75
1780761082.828691,10,48.21875,1015.5
1780761082.828691,15,49.546875,997.25
1780761082.828691,15,50.890625,980.25
1780761082.828691,15,52.34375,963.0
1780761082.828691,15,53.65625,945.0
1780761082.828691,15,55.0,932.5
1780761082.828691,15,56.375,921.0
1780761082.828691,15,57.703125,907.0
1780761082.828691,15,59.0625,894.0
1780761082.828691,15,60.5,882.0
1780761082.828691,15,61.953125,870.25
1780761082.828691,15,63.234375,860.25
1780761082.828691,15,64.5625,854.75
1780761082.828691,15,66.015625,843.0
1780761082.828691,15,67.4375,830.0
1780761082.828691,15,68.75,821.75
1780761082.828691,15,70.140625,815.75
1780761082.828691,15,71.390625,811.75
1780761082.828691,15,72.703125,806.5
1780761082.828691,15,74.046875,800.25
1780761082.828691,15,75.40625,795.25
1780761082.828691,15,76.796875,790.5
1780761082.828691,15,78.125,786.75
1780761082.828691,15,79.453125,784.0
1780761082.828691,15,80.828125,780.5
1780761082.828691,15,82.1875,778.0
1780761082.828691,15,83.546875,776.25
1780761082.828691,15,84.890625,773.75
1780761082.828691,15,86.09375,772.0
1780761082.828691,15,87.53125,771.0
1780761082.828691,15,88.90625,771.0
1780761082.828691,15,90.125,771.5
1780761082.828691,15,91.453125,772.0
1780761082.828691,15,94.21875,745.0
1780761082.828691,4,97.09375,1697.25
1780761082.828691,15,98.4375,1698.25
1780761082.828691,15,99.78125,1699.25
1780761082.828691,15,101.15625,1709.75
1780761082.828691,8,102.453125,1731.0
1780761082.828691,15,103.765625,1744.25
1780761082.828691,15,105.09375,1747.25
1780761082.828691,15,106.453125,1748.0
1780761082.828691,15,107.734375,1748.5
1780761082.828691,15,121.703125,994.25
1780761082.828691,15,125.875,905.25
1780761082.828691,15,127.25,898.25
1780761082.828691,15,128.5625,902.0
1780761082.828691,15,129.8125,916.25
1780761082.828691,15,131.203125,929.5
1780761082.828691,15,132.4375,948.25
1780761082.828691,15,135.0,1007.0
1780761082.828691,15,139.125,966.25
1780761082.828691,15,140.375,985.5
1780761082.828691,15,141.640625,1010.5
1780761082.828691,15,142.984375,1024.75
1780761082.828691,15,147.1875,966.25
1780761082.828691,15,157.65625,540.5
1780761082.828691,15,159.1875,534.0
1780761082.828691,15,160.5,529.0
1780761082.828691,15,161.828125,525.75
1780761082.828691,15,163.015625,521.0
1780761082.828691,15,164.640625,517.0
1780761082.828691,15,165.96875,514.0
1780761082.828691,15,167.25,511.0
1780761082.828691,15,168.625,508.25
1780761082.828691,15,170.03125,505.0
1780761082.828691,15,171.3125,502.75
1780761082.828691,15,172.46875,501.25
1780761082.828691,15,173.828125,499.75
1780761082.828691,15,175.234375,498.5
1780761082.828691,15,176.5625,496.75
1780761082.828691,15,178.0,495.5
1780761082.828691,15,179.234375,495.0
1780761082.828691,15,180.671875,495.25
1780761082.828691,15,182.15625,496.0
1780761082.828691,15,183.359375,497.25
1780761082.828691,15,184.65625,498.25
1780761082.828691,15,185.84375,499.25
1780761082.828691,15,187.21875,500.5
1780761082.828691,15,188.734375,502.25
1780761082.828691,15,189.796875,504.5
1780761082.828691,15,191.140625,507.75
1780761082.828691,15,192.703125,509.75
1780761082.828691,15,193.78125,512.0
1780761082.828691,15,195.203125,515.0
1780761082.828691,15,196.5625,518.25
1780761082.828691,15,197.953125,521.5
1780761082.828691,15,199.234375,524.75
1780761082.828691,15,202.109375,896.25
1780761082.828691,15,203.40625,893.75
1780761082.828691,15,204.6875,899.5
1780761082.828691,15,205.984375,919.0
1780761082.828691,15,207.296875,940.75
1780761082.828691,15,219.328125,957.75
1780761082.828691,15,220.625,960.5
1780761082.828691,15,221.953125,952.25
1780761082.828691,15,223.296875,954.0
1780761082.828691,15,224.671875,961.0
1780761082.828691,15,225.96875,966.5
1780761082.828691,15,227.328125,968.5
1780761082.828691,15,233.21875,447.25
1780761082.828691,15,234.546875,448.75
1780761082.828691,15,235.640625,451.0
1780761082.828691,15,237.046875,455.25
1780761082.828691,15,238.234375,459.75
1780761082.828691,15,239.546875,464.25
1780761082.828691,15,241.109375,469.5
1780761082.828691,15,242.34375,475.5
1780761082.828691,15,243.421875,483.0
1780761082.828691,15,245.625,626.25
1780761082.828691,15,246.96875,620.0
1780761082.828691,15,248.328125,614.0
1780761082.828691,15,249.671875,607.75
1780761082.828691,15,250.953125,602.5
1780761082.828691,15,252.421875,598.0
1780761082.828691,15,253.765625,593.75
1780761082.828691,15,255.109375,590.25
1780761082.828691,15,256.40625,586.0
1780761082.828691,15,257.890625,582.0
1780761082.828691,15,259.203125,579.75
1780761082.828691,15,260.5625,576.75
1780761082.828691,15,261.859375,574.0
1780761082.828691,15,263.1875,572.0
1780761082.828691,9,275.03125,1370.25
1780761082.828691,7,276.3125,1371.75
1780761082.828691,15,277.609375,1375.25
1780761082.828691,15,278.953125,1379.0
1780761082.828691,15,280.3125,1380.25
1780761082.828691,15,281.59375,1394.25
1780761082.828691,15,282.875,1408.5
1780761082.828691,15,284.21875,1409.25
1780761082.828691,15,285.578125,1410.25
1780761082.828691,7,286.921875,1411.5
1780761082.828691,15,288.25,1426.25
1780761082.828691,15,289.5625,1441.25
1780761082.828691,15,290.875,1449.75
1780761082.828691,15,292.15625,1466.5
1780761082.828691,15,296.125,1529.75
1780761082.828691,15,297.46875,1540.0
1780761082.828691,15,298.78125,1559.75
1780761082.828691,15,300.1875,1580.25
1780761082.828691,15,301.484375,1593.5
1780761082.828691,15,302.8125,1613.25
1780761082.828691,15,323.65625,932.75
1780761082.828691,15,325.0,936.75
1780761082.828691,15,326.25,941.5
1780761082.828691,15,327.65625,944.75
1780761082.828691,11,328.890625,947.25
1780761082.828691,15,342.765625,2294.25
1780761082.9657912,13,352.09375,2212.5
1780761082.9657912,15,353.421875,2199.25
1780761082.9657912,15,354.75,2216.25
1780761082.9657912,15,356.09375,2226.25
1780761082.9657912,15,357.40625,2209.0
1780761082.9657912,15,358.78125,2198.5
1780761082.9657912,15,0.109375,2198.75
1780761082.9657912,15,1.4375,2210.0
1780761082.9657912,15,2.765625,2209.75
1780761082.9657912,15,4.109375,2209.75
1780761082.9657912,6,5.453125,2210.5
1780761082.9657912,15,6.796875,2199.5
1780761082.9657912,15,8.125,2198.25
1780761082.9657912,15,9.453125,2204.5
1780761082.9657912,6,28.640625,1245.25
1780761082.9657912,15,33.859375,1320.0
1780761082.9657912,15,36.71875,1249.25
1780761082.9657912,15,38.109375,1224.25
1780761082.9657912,15,40.859375,1148.75
1780761082.9657912,15,42.234375,1130.25
1780761082.9657912,15,44.9375,1072.0
1780761082.9657912,15,46.359375,1047.25
1780761082.9657912,15,47.71875,1021.75
1780761082.9657912,15,49.0,1004.0
1780761082.9657912,15,50.40625,988.0
1780761082.9657912,15,51.75,971.0
1780761082.9657912,15,53.109375,952.25
1780761082.9657912,15,54.453125,938.5
1780761082.9657912,15,55.921875,926.25
1780761082.9657912,15,57.21875,911.25
1780761082.9657912,15,58.546875,899.5
1780761082.9657912,15,59.96875,887.5
1780761082.9657912,15,61.296875,876.0
1780761082.9657912,15,62.671875,865.75
1780761082.9657912,15,64.09375,856.0
1780761082.9657912,15,65.40625,846.5
1780761082.9657912,15,66.75,836.75
1780761082.9657912,15,68.1875,828.0
1780761082.9657912,15,69.53125,818.5
1780761082.9657912,15,70.859375,812.0
1780761082.9657912,15,72.078125,806.25
1780761082.9657912,15,73.484375,802.0
1780761082.9657912,15,74.875,798.0
1780761082.9657912,15,76.171875,790.5
1780761082.9657912,15,77.484375,786.25
1780761082.9657912,15,78.828125,784.75
1780761082.9657912,15,80.25,780.75
1780761082.9657912,15,81.6875,777.25
1780761082.9657912,15,82.90625,775.75
1780761082.9657912,15,84.296875,774.0
1780761082.9657912,15,85.671875,771.5
1780761082.9657912,15,87.0,771.5
1780761082.9657912,15,88.3125,772.0
1780761082.9657912,15,89.703125,768.0
1780761082.9657912,15,90.96875,755.0
1780761082.9657912,15,97.921875,1697.75
1780761082.9657912,15,99.25,1699.0
1780761082.9657912,15,100.578125,1709.5
1780761082.9657912,15,101.90625,1730.0
1780761082.9657912,15,103.234375,1743.25
1780761082.9657912,15,104.59375,1746.75
1780761082.9657912,15,105.921875,1747.5
1780761082.9657912,15,107.203125,1759.0
1780761082.9657912,15,111.546875,1336.0
1780761082.9657912,15,122.71875,911.75
1780761082.9657912,15,125.46875,870.75
1780761082.9657912,15,126.8125,881.5
1780761082.9657912,15,128.09375,895.5
1780761082.9657912,15,129.3125,910.75
1780761082.9657912,15,130.6875,926.5
1780761082.9657912,15,133.28125,987.75
1780761082.9657912,15,137.46875,938.5
1780761082.9657912,15,138.65625,954.0
1780761082.9657912,15,139.984375,979.5
1780761082.9657912,15,141.3125,999.5
1780761082.9657912,15,144.078125,960.25
1780761082.9657912,15,145.40625,945.0
1780761082.9657912,15,146.796875,934.0
1780761082.9657912,15,156.109375,503.25
1780761082.9657912,15,157.5625,498.5
1780761082.9657912,15,158.84375,494.25
1780761082.9657912,15,160.359375,490.5
1780761082.9657912,15,161.71875,486.75
1780761082.9657912,15,163.125,482.75
1780761082.9657912,15,164.5625,479.0
1780761082.9657912,15,165.921875,475.75
1780761082.9657912,15,167.28125,472.75
1780761082.9657912,15,168.53125,470.0
1780761082.9657912,15,169.765625,468.0
1780761082.9657912,15,171.390625,466.5
1780761082.9657912,15,172.703125,464.75
1780761082.9657912,15,174.0625,462.25
1780761082.9657912,15,175.4375,460.0
1780761082.9657912,15,176.578125,458.75
1780761082.9657912,15,178.078125,458.25
1780761082.9657912,15,179.203125,458.25
1780761082.9657912,15,180.734375,458.25
1780761082.9657912,15,181.96875,459.25
1780761082.9657912,15,183.203125,460.25
1780761082.9657912,15,184.484375,460.75
1780761082.9657912,15,185.953125,461.75
1780761082.9657912,15,187.125,463.25
1780761082.9657912,15,188.765625,465.0
1780761082.9657912,15,190.0625,466.5
1780761082.9657912,15,191.28125,468.25
1780761082.9657912,15,192.671875,470.0
1780761082.9657912,15,193.75,472.25
1780761082.9657912,15,195.15625,475.5
1780761082.9657912,15,196.421875,478.75
1780761082.9657912,15,197.96875,482.0
1780761082.9657912,15,199.171875,485.0
1780761082.9657912,15,200.53125,488.5
1780761082.9657912,15,204.515625,858.5
1780761082.9657912,15,205.8125,867.5
1780761082.9657912,15,208.328125,910.75
1780761082.9657912,15,220.34375,933.25
1780761082.9657912,14,221.75,938.25
1780761082.9657912,15,223.046875,927.5
1780761082.9657912,15,224.4375,926.5
1780761082.9657912,15,225.65625,930.75
1780761082.9657912,15,227.0,937.0
1780761082.9657912,15,228.53125,941.0
1780761082.9657912,15,229.828125,941.5
1780761082.9657912,15,237.203125,423.5
1780761082.9657912,15,238.46875,425.25
1780761082.9657912,15,239.71875,429.25
1780761082.9657912,15,240.921875,433.75
1780761082.9657912,15,242.234375,439.25
1780761082.9657912,15,243.640625,444.5
1780761082.9657912,15,244.796875,450.0
1780761082.9657912,15,246.390625,456.25
1780761082.9657912,15,247.671875,463.25
1780761082.9657912,15,252.1875,597.25
1780761082.9657912,15,253.359375,593.0
1780761082.9657912,15,254.703125,588.5
1780761082.9657912,15,256.125,585.0
1780761082.9657912,15,257.546875,581.5
1780761082.9657912,15,258.8125,578.0
1780761082.9657912,15,260.15625,575.0
1780761082.9657912,15,261.671875,572.25
1780761082.9657912,15,262.890625,570.25
1780761082.9657912,15,264.34375,568.5
1780761082.9657912,15,265.71875,566.75
1780761082.9657912,15,266.984375,567.0
1780761082.9657912,15,272.0,607.25
1780761082.9657912,15,278.703125,1379.0
1780761082.9657912,15,280.078125,1381.0
1780761082.9657912,15,281.390625,1395.0
1780761082.9657912,15,282.71875,1408.25
1780761082.9657912,15,284.0625,1409.0
1780761082.9657912,15,285.40625,1410.0
1780761082.9657912,7,286.734375,1418.5
1780761082.9657912,15,288.03125,1426.75
1780761082.9657912,15,289.34375,1427.5
1780761082.9657912,15,290.703125,1442.75
1780761082.9657912,15,291.984375,1459.5
1780761082.9657912,15,293.34375,1476.75
1780761082.9657912,15,295.953125,1511.5
1780761082.9657912,15,297.34375,1531.25
1780761082.9657912,6,298.625,1550.75
1780761082.9657912,15,299.984375,1579.5
1780761082.9657912,15,301.296875,1592.5
1780761082.9657912,15,302.609375,1612.75
1780761082.9657912,15,303.984375,1640.0
1780761082.9657912,15,307.90625,1733.75
1780761082.9657912,15,309.234375,1771.5
1780761082.9657912,15,325.96875,968.75
1780761082.9657912,15,327.40625,970.75
1780761082.9657912,15,328.6875,972.5
1780761082.9657912,15,330.015625,975.0
1780761082.9657912,15,350.5625,2294.25
1780761083.1037223,15,353.265625,2235.5
1780761083.1037223,15,354.59375,2274.5
1780761083.1037223,15,355.9375,2255.5
1780761083.1037223,15,357.28125,2219.5
1780761083.1037223,15,358.625,2219.0
1780761083.1037223,15,359.953125,2219.5
1780761083.1037223,15,1.3125,2215.25
1780761083.1037223,15,2.625,2215.75
1780761083.1037223,15,3.953125,2219.25
1780761083.1037223,15,5.328125,2218.25
1780761083.1037223,10,6.640625,2229.75
1780761083.1037223,15,7.96875,2226.25
1780761083.1037223,15,9.3125,2239.0
1780761083.1037223,15,31.109375,1434.75
1780761083.1037223,15,33.875,1320.25
1780761083.1037223,15,36.78125,1249.25
1780761083.1037223,15,38.140625,1224.25
1780761083.1037223,15,40.90625,1156.5
1780761083.1037223,15,42.3125,1130.25
1780761083.1037223,15,45.09375,1071.5
1780761083.1037223,15,46.421875,1046.25
1780761083.1037223,15,47.78125,1021.75
1780761083.1037223,15,49.125,1004.25
1780761083.1037223,15,50.5,988.0
1780761083.1037223,15,51.875,971.5
1780761083.1037223,15,53.34375,955.75
1780761083.1037223,15,54.59375,941.0
1780761083.1037223,15,55.96875,928.0
1780761083.1037223,15,57.328125,914.75
1780761083.1037223,15,58.78125,901.25
1780761083.1037223,15,60.125,885.25
1780761083.1037223,15,61.375,871.75
1780761083.1037223,15,62.859375,864.25
1780761083.1037223,15,64.1875,857.0
1780761083.1037223,15,65.59375,847.25
1780761083.1037223,15,66.875,837.25
1780761083.1037223,15,68.21875,828.5
1780761083.1037223,15,69.59375,819.75
1780761083.1037223,15,70.890625,813.75
1780761083.1037223,15,72.3125,808.0
1780761083.1037223,15,73.59375,803.75
1780761083.1037223,15,75.09375,798.75
1780761083.1037223,15,76.34375,792.5
1780761083.1037223,15,77.75,789.5
1780761083.1037223,15,79.125,786.5
1780761083.1037223,15,80.40625,783.5
1780761083.1037223,15,81.765625,780.75
1780761083.1037223,15,83.078125,778.0
1780761083.1037223,15,84.40625,776.25
1780761083.1037223,15,85.71875,774.5
1780761083.1037223,15,88.59375,747.0
1780761083.1037223,15,91.421875,1674.5
1780761083.1037223,15,92.75,1674.25
1780761083.1037223,15,94.125,1673.5
1780761083.1037223,4,95.46875,1685.25
1780761083.1037223,4,96.765625,1697.25
1780761083.1037223,4,98.109375,1697.75
1780761083.1037223,15,99.453125,1698.5
1780761083.1037223,15,100.78125,1720.0
1780761083.1037223,15,102.15625,1740.5
1780761083.1037223,6,103.46875,1741.75
1780761083.1037223,15,104.8125,1745.0
1780761083.1037223,15,118.875,945.0
1780761083.1037223,15,123.0,853.75
1780761083.1037223,15,124.25,858.25
1780761083.1037223,15,125.671875,869.5
1780761083.1037223,15,126.890625,883.5
1780761083.1037223,15,128.234375,899.75
1780761083.1037223,15,129.53125,919.0
1780761083.1037223,15,132.15625,956.5
1780761083.1037223,15,136.21875,916.5
1780761083.1037223,15,137.546875,935.5
1780761083.1037223,15,138.8125,957.0
1780761083.1037223,15,140.078125,973.25
1780761083.1037223,15,144.1875,916.0
1780761083.1037223,15,145.609375,904.5
1780761083.1037223,15,153.90625,471.75
1780761083.1037223,15,155.1875,467.25
1780761083.1037223,15,156.5625,462.5
1780761083.1037223,15,157.890625,457.75
1780761083.1037223,15,159.265625,454.0
1780761083.1037223,15,160.71875,450.0
1780761083.1037223,15,161.859375,446.25
1780761083.1037223,15,163.234375,443.0
1780761083.1037223,15,164.78125,440.0
1780761083.1037223,15,166.0625,437.0
1780761083.1037223,15,167.40625,434.25
1780761083.1037223,15,168.53125,431.5
1780761083.1037223,15,170.1875,429.75
1780761083.1037223,15,171.328125,427.75
1780761083.1037223,15,172.953125,425.25
1780761083.1037223,15,174.03125,423.5
1780761083.1037223,15,175.5,421.0
1780761083.1037223,15,176.890625,419.5
1780761083.1037223,15,178.078125,420.0
1780761083.1037223,15,179.4375,420.0
1780761083.1037223,15,180.671875,420.25
1780761083.1037223,15,182.046875,421.0
1780761083.1037223,15,183.53125,422.25
1780761083.1037223,15,185.0625,422.75
1780761083.1037223,15,186.359375,423.75
1780761083.1037223,15,187.46875,425.25
1780761083.1037223,15,188.875,426.5
1780761083.1037223,15,190.359375,428.5
1780761083.1037223,15,191.671875,431.0
1780761083.1037223,15,192.671875,434.0
1780761083.1037223,15,194.09375,435.5
1780761083.1037223,15,195.265625,438.0
1780761083.1037223,15,196.859375,441.5
1780761083.1037223,15,198.109375,444.0
1780761083.1037223,15,199.3125,447.25
1780761083.1037223,15,200.796875,450.5
1780761083.1037223,15,202.140625,454.0
1780761083.1037223,15,203.34375,462.25
1780761083.1037223,15,205.890625,825.5
1780761083.1037223,15,207.140625,838.25
1780761083.1037223,15,223.109375,914.25
1780761083.1037223,15,224.46875,903.75
1780761083.1037223,15,225.765625,902.0
1780761083.1037223,15,227.0625,910.0
1780761083.1037223,15,228.5,919.25
1780761083.1037223,15,229.875,923.5
1780761083.1037223,15,231.125,925.25
1780761083.1037223,15,232.515625,925.25
1780761083.1037223,15,233.84375,923.25
1780761083.1037223,15,241.15625,406.5
1780761083.1037223,15,242.625,407.0
1780761083.1037223,15,243.8125,411.5
1780761083.1037223,15,245.40625,416.25
1780761083.1037223,15,246.28125,421.25
1780761083.1037223,15,247.609375,427.75
1780761083.1037223,15,249.015625,434.75
1780761083.1037223,15,250.34375,442.0
1780761083.1037223,15,251.484375,449.25
1780761083.1037223,15,256.078125,585.25
1780761083.1037223,15,257.578125,581.75
1780761083.1037223,15,258.8125,578.25
1780761083.1037223,15,260.25,575.25
1780761083.1037223,15,261.546875,573.75
1780761083.1037223,15,262.953125,572.5
1780761083.1037223,15,264.296875,569.5
1780761083.1037223,15,265.59375,567.0
1780761083.1037223,15,266.984375,567.0
1780761083.1037223,15,268.4375,567.0
1780761083.1037223,15,269.609375,566.0
1780761083.1037223,15,271.0625,569.5
1780761083.1037223,15,274.796875,599.25
1780761083.1037223,15,281.46875,1394.75
1780761083.1037223,15,282.796875,1408.25
1780761083.1037223,15,284.125,1409.0
1780761083.1037223,15,285.421875,1410.0
1780761083.1037223,6,286.8125,1417.75
1780761083.1037223,15,288.125,1426.25
1780761083.1037223,15,289.453125,1434.5
1780761083.1037223,15,290.734375,1449.75
1780761083.1037223,15,292.078125,1466.25
1780761083.1037223,15,293.40625,1483.75
1780761083.1037223,7,294.6875,1511.25
1780761083.1037223,15,297.421875,1539.25
1780761083.1037223,15,298.734375,1559.25
1780761083.1037223,15,300.140625,1579.75
1780761083.1037223,15,301.546875,1592.75
1780761083.1037223,15,302.828125,1612.75
1780761083.1037223,15,304.171875,1650.25
1780761083.1037223,15,309.46875,1760.0
1780761083.1037223,15,310.78125,1795.75
1780761083.1037223,15,320.109375,1998.5
1780761083.1037223,15,327.5,996.25
1780761083.1037223,15,328.859375,1001.0
1780761083.1037223,15,330.109375,1004.0
1780761083.1037223,9,331.53125,1007.0
1780761083.1037223,3,337.234375,2808.5
1780761083.24086,15,353.40625,2234.5
1780761083.24086,15,354.765625,2251.0
1780761083.24086,15,356.09375,2251.0
1780761083.24086,15,357.421875,2234.25
1780761083.24086,15,358.78125,2234.25
1780761083.24086,15,0.078125,2234.25
1780761083.24086,15,1.40625,2247.25
1780761083.24086,15,2.765625,2268.5
1780761083.24086,15,4.125,2244.25
1780761083.24086,15,6.734375,2300.0
1780761083.24086,15,8.140625,2264.25
1780761083.24086,15,9.421875,2265.25
1780761083.24086,15,25.921875,1325.75
1780761083.24086,15,27.25,1332.0
1780761083.24086,15,31.125,1434.75
1780761083.24086,15,33.9375,1320.25
1780761083.24086,15,36.75,1249.25
1780761083.24086,15,38.078125,1224.25
1780761083.24086,15,40.8125,1156.75
1780761083.24086,15,42.1875,1135.25
1780761083.24086,10,44.953125,1072.0
1780761083.24086,15,46.359375,1047.0
1780761083.24086,15,47.71875,1024.0
1780761083.24086,15,49.0625,1006.75
1780761083.24086,15,50.46875,988.5
1780761083.24086,15,51.84375,971.75
1780761083.24086,15,53.234375,956.25
1780761083.24086,15,54.609375,941.75
1780761083.24086,15,55.953125,928.25
1780761083.24086,15,57.25,915.5
1780761083.24086,15,58.6875,901.75
1780761083.24086,15,60.0,887.75
1780761083.24086,15,61.265625,876.75
1780761083.24086,15,62.6875,866.25
1780761083.24086,15,63.984375,856.5
1780761083.24086,15,65.421875,849.0
1780761083.24086,15,66.703125,839.25
1780761083.24086,15,68.125,831.5
1780761083.24086,15,69.421875,824.75
1780761083.24086,15,70.890625,815.5
1780761083.24086,15,72.171875,809.25
1780761083.24086,15,73.4375,804.5
1780761083.24086,15,74.84375,798.5
1780761083.24086,15,76.28125,794.25
1780761083.24086,15,77.640625,790.0
1780761083.24086,15,78.875,785.0
1780761083.24086,15,80.3125,783.0
1780761083.24086,15,81.5625,781.5
1780761083.24086,15,82.90625,779.75
1780761083.24086,15,85.703125,751.0
1780761083.24086,15,91.1875,1673.75
1780761083.24086,5,92.515625,1675.25
1780761083.24086,5,93.875,1676.5
1780761083.24086,15,95.203125,1675.25
1780761083.24086,5,96.5,1685.75
1780761083.24086,3,97.875,1698.0
1780761083.24086,15,99.203125,1708.75
1780761083.24086,15,100.5625,1719.25
1780761083.24086,7,101.859375,1731.0
1780761083.24086,15,103.203125,1744.5
1780761083.24086,15,114.625,1001.0
1780761083.24086,15,117.375,923.5
1780761083.24086,15,120.28125,836.5
1780761083.24086,15,121.640625,833.75
1780761083.24086,15,122.84375,846.0
1780761083.24086,15,124.203125,858.0
1780761083.24086,15,125.453125,869.25
1780761083.24086,15,130.796875,928.5
1780761083.24086,15,132.21875,906.5
1780761083.24086,15,133.53125,889.75
1780761083.24086,15,134.828125,895.75
1780761083.24086,15,136.046875,918.5
1780761083.24086,15,137.375,940.5
1780761083.24086,15,138.78125,951.0
1780761083.24086,15,142.890625,886.0
1780761083.24086,15,144.28125,876.5
1780761083.24086,15,151.25,442.0
1780761083.24086,15,152.671875,436.5
1780761083.24086,15,154.234375,431.0
1780761083.24086,15,155.265625,426.0
1780761083.24086,15,156.9375,421.5
1780761083.24086,15,158.265625,417.25
1780761083.24086,15,159.484375,413.75
1780761083.24086,15,160.921875,410.25
1780761083.24086,15,162.5,406.5
1780761083.24086,15,163.796875,403.5
1780761083.24086,15,165.109375,400.75
1780761083.24086,15,166.515625,398.0
1780761083.24086,15,167.875,395.75
1780761083.24086,15,168.96875,393.75
1780761083.24086,15,170.34375,391.75
1780761083.24086,15,171.640625,390.0
1780761083.24086,15,173.109375,388.25
1780761083.24086,15,174.5625,386.5
1780761083.24086,15,175.875,385.25
1780761083.24086,15,177.46875,384.0
1780761083.24086,15,178.71875,383.75
1780761083.24086,15,179.75,384.0
1780761083.24086,15,181.375,384.0
1780761083.24086,15,182.609375,383.75
1780761083.24086,15,183.921875,384.75
1780761083.24086,15,185.109375,386.75
1780761083.24086,15,186.390625,388.0
1780761083.24086,15,187.703125,389.5
1780761083.24086,15,188.953125,391.25
1780761083.24086,15,190.453125,392.5
1780761083.24086,15,191.71875,394.25
1780761083.24086,15,193.078125,395.75
1780761083.24086,15,194.265625,398.0
1780761083.24086,15,195.625,400.75
1780761083.24086,15,196.90625,403.25
1780761083.24086,15,198.484375,406.0
1780761083.24086,15,199.875,408.75
1780761083.24086,15,200.84375,412.0
1780761083.24086,15,202.1875,415.5
1780761083.24086,15,203.390625,419.0
1780761083.24086,15,205.046875,423.5
1780761083.24086,15,207.359375,796.5
1780761083.24086,15,208.5625,813.0
1780761083.24086,15,209.890625,836.0
1780761083.24086,15,223.078125,903.0
1780761083.24086,15,224.5,890.5
1780761083.24086,15,225.890625,877.5
1780761083.24086,15,227.15625,875.5
1780761083.24086,15,228.578125,880.0
1780761083.24086,15,229.84375,890.0
1780761083.24086,15,231.234375,898.75
1780761083.24086,15,232.5625,902.5
1780761083.24086,15,233.875,902.75
1780761083.24086,15,235.234375,901.5
1780761083.24086,15,236.578125,898.5
1780761083.24086,15,245.515625,389.75
1780761083.24086,15,246.734375,388.0
1780761083.24086,15,247.890625,392.25
1780761083.24086,15,249.125,397.75
1780761083.24086,15,250.5625,404.0
1780761083.24086,15,251.984375,410.25
1780761083.24086,15,253.09375,417.25
1780761083.24086,15,254.390625,425.75
1780761083.24086,15,255.53125,435.25
1780761083.24086,15,260.125,575.0
1780761083.24086,15,261.5625,572.25
1780761083.24086,15,262.984375,570.0
1780761083.24086,15,264.28125,568.5
1780761083.24086,15,265.53125,566.75
1780761083.24086,15,266.78125,566.0
1780761083.24086,15,268.3125,565.0
1780761083.24086,15,269.6875,563.5
1780761083.24086,15,270.90625,563.25
1780761083.24086,15,272.328125,564.25
1780761083.24086,15,273.453125,565.5
1780761083.24086,15,278.625,604.0
1780761083.24086,15,283.9375,1409.0
1780761083.24086,15,285.265625,1409.75
1780761083.24086,15,286.5625,1411.0
1780761083.24086,15,287.921875,1418.5
1780761083.24086,15,289.234375,1433.5
1780761083.24086,15,290.5625,1449.5
1780761083.24086,15,291.84375,1460.0
1780761083.24086,15,293.171875,1477.5
1780761083.24086,8,294.515625,1495.75
1780761083.24086,15,295.8125,1514.25
1780761083.24086,15,297.15625,1539.25
1780761083.24086,15,299.859375,1568.75
1780761083.24086,15,301.203125,1590.5
1780761083.24086,15,302.515625,1610.5
1780761083.24086,15,303.828125,1640.0
1780761083.24086,15,307.765625,1733.25
1780761083.24086,15,309.109375,1759.5
1780761083.24086,15,310.390625,1795.75
1780761083.24086,15,311.765625,1833.0
1780761083.24086,15,328.3125,1020.75
1780761083.24086,15,329.625,1025.0
1780761083.24086,15,331.0,1026.75
1780761083.24086,15,332.34375,1030.5
1780761083.3787372,15,352.875,2292.0
1780761083.3787372,15,354.21875,2324.5
1780761083.3787372,15,355.578125,2289.0
1780761083.3787372,15,356.921875,2256.75
1780761083.3787372,15,358.234375,2287.5
1780761083.3787372,15,359.5625,2319.0
1780761083.3787372,15,0.890625,2323.25
1780761083.3787372,15,2.234375,2318.0
1780761083.3787372,15,3.546875,2315.0
1780761083.3787372,15,4.90625,2322.75
1780761083.3787372,15,6.203125,2334.0
1780761083.3787372,15,7.546875,2328.0
1780761083.3787372,15,8.875,2330.75
1780761083.3787372,15,10.1875,2356.25
1780761083.3787372,15,26.765625,1353.75
1780761083.3787372,15,36.15625,1255.5
1780761083.3787372,15,37.53125,1237.0
1780761083.3787372,15,41.625,1138.0
1780761083.3787372,15,44.40625,1081.0
1780761083.3787372,15,45.828125,1055.0
1780761083.3787372,15,47.109375,1032.25
1780761083.3787372,15,48.546875,1012.75
1780761083.3787372,15,49.84375,995.25
1780761083.3787372,15,51.25,978.75
1780761083.3787372,15,52.546875,963.0
1780761083.3787372,15,53.984375,948.5
1780761083.3787372,15,55.328125,933.0
1780761083.3787372,15,56.703125,918.5
1780761083.3787372,15,58.046875,906.75
1780761083.3787372,15,59.359375,895.25
1780761083.3787372,15,60.6875,883.25
1780761083.3787372,15,62.046875,872.75
1780761083.3787372,15,63.421875,863.0
1780761083.3787372,15,64.78125,855.0
1780761083.3787372,15,66.109375,846.25
1780761083.3787372,15,67.546875,836.75
1780761083.3787372,15,68.890625,828.0
1780761083.3787372,15,70.296875,819.25
1780761083.3787372,15,71.546875,813.5
1780761083.3787372,15,72.859375,810.0
1780761083.3787372,15,74.28125,804.75
1780761083.3787372,15,75.546875,799.25
1780761083.3787372,15,76.984375,792.75
1780761083.3787372,15,78.3125,787.5
1780761083.3787372,15,79.609375,786.25
1780761083.3787372,15,81.03125,784.5
1780761083.3787372,15,89.28125,1673.75
1780761083.3787372,15,90.640625,1674.75
1780761083.3787372,6,93.3125,1676.5
1780761083.3787372,5,94.625,1676.75
1780761083.3787372,5,95.9375,1686.75
1780761083.3787372,4,97.265625,1697.0
1780761083.3787372,15,98.625,1698.0
1780761083.3787372,15,101.265625,1719.75
1780761083.3787372,7,102.609375,1741.25
1780761083.3787372,15,118.328125,815.25
1780761083.3787372,15,119.59375,817.75
1780761083.3787372,15,120.96875,826.5
1780761083.3787372,15,122.234375,838.0
1780761083.3787372,15,123.578125,852.75
1780761083.3787372,15,128.890625,913.5
1780761083.3787372,15,132.78125,869.0
1780761083.3787372,15,134.125,888.75
1780761083.3787372,15,138.1875,895.75
1780761083.3787372,15,139.484375,882.5
1780761083.3787372,15,140.828125,865.75
1780761083.3787372,15,142.265625,849.5
1780761083.3787372,15,149.703125,407.25
1780761083.3787372,15,150.921875,401.5
1780761083.3787372,15,152.453125,397.0
1780761083.3787372,15,153.796875,392.25
1780761083.3787372,15,154.890625,388.0
1780761083.3787372,15,156.296875,383.5
1780761083.3787372,15,157.90625,379.5
1780761083.3787372,15,159.078125,376.0
1780761083.3787372,15,160.734375,372.75
1780761083.3787372,15,161.75,369.5
1780761083.3787372,15,163.5,366.5
1780761083.3787372,15,164.59375,364.0
1780761083.3787372,15,166.109375,361.5
1780761083.3787372,15,167.671875,359.25
1780761083.3787372,15,168.9375,357.25
1780761083.3787372,15,170.015625,355.5
1780761083.3787372,15,171.46875,354.25
1780761083.3787372,15,173.0625,352.0
1780761083.3787372,15,174.453125,349.5
1780761083.3787372,15,175.734375,348.5
1780761083.3787372,15,176.9375,347.25
1780761083.3787372,15,178.1875,347.0
1780761083.3787372,15,179.5625,348.0
1780761083.3787372,15,181.0625,347.5
1780761083.3787372,15,182.390625,348.25
1780761083.3787372,15,183.421875,349.5
1780761083.3787372,15,185.078125,349.75
1780761083.3787372,15,186.359375,350.75
1780761083.3787372,15,187.203125,352.0
1780761083.3787372,15,189.015625,353.25
1780761083.3787372,15,190.375,354.75
1780761083.3787372,15,191.484375,356.25
1780761083.3787372,15,192.609375,358.25
1780761083.3787372,15,193.8125,360.5
1780761083.3787372,15,195.421875,362.5
1780761083.3787372,15,196.421875,364.75
1780761083.3787372,15,197.828125,367.25
1780761083.3787372,15,199.515625,370.0
1780761083.3787372,15,200.296875,372.75
1780761083.3787372,15,201.984375,375.75
1780761083.3787372,15,203.3125,378.75
1780761083.3787372,15,204.609375,381.75
1780761083.3787372,15,205.640625,385.75
1780761083.3787372,15,207.078125,391.0
1780761083.3787372,15,211.671875,813.5
1780761083.3787372,15,224.984375,880.0
1780761083.3787372,15,226.375,861.75
1780761083.3787372,15,227.703125,854.0
1780761083.3787372,15,228.984375,853.75
1780761083.3787372,15,230.3125,859.75
1780761083.3787372,15,231.671875,869.5
1780761083.3787372,15,232.859375,876.75
1780761083.3787372,15,234.296875,881.0
1780761083.3787372,15,235.5625,883.0
1780761083.3787372,15,237.0,882.0
1780761083.3787372,15,238.265625,879.0
1780761083.3787372,15,239.578125,875.25
1780761083.3787372,15,250.125,376.5
1780761083.3787372,15,251.109375,373.5
1780761083.3787372,15,252.5,378.25
1780761083.3787372,15,254.03125,383.75
1780761083.3787372,15,255.3125,390.75
1780761083.3787372,15,256.4375,398.5
1780761083.3787372,15,257.625,406.5
1780761083.3787372,15,258.6875,415.5
1780761083.3787372,15,259.96875,425.75
1780761083.3787372,15,263.34375,570.5
1780761083.3787372,15,264.5,568.75
1780761083.3787372,15,265.875,566.5
1780761083.3787372,15,267.390625,565.75
1780761083.3787372,15,268.578125,565.25
1780761083.3787372,15,270.109375,565.0
1780761083.3787372,15,271.328125,565.75
1780761083.3787372,15,272.671875,566.25
1780761083.3787372,15,274.09375,566.5
1780761083.3787372,15,275.3125,567.25
1780761083.3787372,15,276.609375,569.0
1780761083.3787372,15,278.078125,572.0
1780761083.3787372,15,281.8125,612.0
1780761083.3787372,15,283.0,618.75
1780761083.3787372,15,289.78125,1441.5
1780761083.3787372,15,291.140625,1450.5
1780761083.3787372,15,292.484375,1467.0
1780761083.3787372,15,293.84375,1458.75
1780761083.3787372,15,296.46875,1530.0
1780761083.3787372,15,297.78125,1539.75
1780761083.3787372,15,303.015625,1630.0
1780761083.3787372,15,304.34375,1661.0
1780761083.3787372,3,305.640625,1685.0
1780761083.3787372,15,307.0,1722.0
1780761083.3787372,15,308.296875,1747.25
1780761083.3787372,15,310.953125,1819.75
1780761083.3787372,15,328.921875,1046.75
1780761083.3787372,15,330.25,1054.75
1780761083.3787372,15,331.65625,1064.75
1780761083.3787372,15,332.921875,1070.25
1780761083.3787372,2,346.78125,2808.5
1780761083.3787372,2,348.109375,2808.5
1780761083.3787372,2,349.453125,2808.5
1780761083.5160093,15,352.28125,2295.0
1780761083.5160093,15,354.90625,2364.0
1780761083.5160093,15,356.234375,2362.0
1780761083.5160093,15,357.546875,2344.5
1780761083.5160093,15,358.9375,2340.0
1780761083.5160093,15,0.265625,2335.25
1780761083.5160093,15,1.578125,2340.25
1780761083.5160093,15,2.921875,2344.25
1780761083.5160093,15,4.265625,2360.75
1780761083.5160093,15,5.609375,2363.5
1780761083.5160093,15,6.9375,2339.25
1780761083.5160093,15,8.234375,2353.0
1780761083.5160093,15,9.5625,2396.0
1780761083.5160093,5,24.8125,1391.5
1780761083.5160093,15,30.15625,1424.0
1780761083.5160093,15,31.453125,1432.75
1780761083.5160093,15,34.203125,1320.0
1780761083.5160093,15,37.0625,1243.5
1780761083.5160093,15,38.453125,1213.75
1780761083.5160093,7,41.125,1145.75
1780761083.5160093,8,43.859375,1094.5
1780761083.5160093,15,46.625,1035.0
1780761083.5160093,15,47.984375,1017.75
1780761083.5160093,15,49.421875,1002.5
1780761083.5160093,15,50.78125,984.25
1780761083.5160093,15,52.078125,967.75
1780761083.5160093,15,53.4375,952.5
1780761083.5160093,15,54.921875,935.0
1780761083.5160093,15,56.15625,922.25
1780761083.5160093,15,57.640625,911.75
1780761083.5160093,15,58.890625,899.75
1780761083.5160093,15,60.28125,887.75
1780761083.5160093,15,61.5625,876.75
1780761083.5160093,15,62.9375,867.0
1780761083.5160093,15,64.40625,858.0
1780761083.5160093,15,65.671875,850.0
1780761083.5160093,15,67.0625,840.0
1780761083.5160093,15,68.375,830.75
1780761083.5160093,15,69.71875,824.0
1780761083.5160093,15,71.203125,816.5
1780761083.5160093,15,72.40625,810.5
1780761083.5160093,15,73.859375,806.5
1780761083.5160093,15,75.15625,801.75
1780761083.5160093,15,76.453125,795.5
1780761083.5160093,15,77.90625,790.75
1780761083.5160093,5,80.59375,770.75
1780761083.5160093,15,88.90625,1675.75
1780761083.5160093,6,90.234375,1676.0
1780761083.5160093,5,92.96875,1677.0
1780761083.5160093,5,94.28125,1687.0
1780761083.5160093,5,95.59375,1697.0
1780761083.5160093,15,96.9375,1697.75
1780761083.5160093,15,98.28125,1709.0
1780761083.5160093,15,99.59375,1709.5
1780761083.5160093,15,100.921875,1709.5
1780761083.5160093,15,116.53125,796.5
1780761083.5160093,15,118.0,805.0
1780761083.5160093,15,119.234375,813.25
1780761083.5160093,15,120.578125,823.5
1780761083.5160093,15,121.921875,837.0
1780761083.5160093,15,128.578125,861.25
1780761083.5160093,15,129.9375,844.0
1780761083.5160093,15,131.140625,848.25
1780761083.5160093,15,132.546875,867.5
1780761083.5160093,15,136.59375,869.25
1780761083.5160093,15,137.96875,853.0
1780761083.5160093,15,139.34375,835.0
1780761083.5160093,15,140.65625,818.5
1780761083.5160093,15,145.421875,379.0
1780761083.5160093,15,146.75,375.0
1780761083.5160093,15,148.25,369.5
1780761083.5160093,15,149.546875,364.5
1780761083.5160093,15,150.875,359.75
1780761083.5160093,15,152.53125,355.0
1780761083.5160093,15,153.828125,350.5
1780761083.5160093,15,155.53125,346.5
1780761083.5160093,15,156.609375,342.25
1780761083.5160093,15,158.21875,338.75
1780761083.5160093,15,159.53125,335.25
1780761083.5160093,15,160.578125,332.25
1780761083.5160093,15,162.46875,329.25
1780761083.5160093,15,163.9375,326.75
1780761083.5160093,15,165.203125,324.25
1780761083.5160093,15,166.328125,321.75
1780761083.5160093,15,167.53125,319.75
1780761083.5160093,15,169.4375,317.75
1780761083.5160093,15,170.84375,316.75
1780761083.5160093,15,171.703125,314.75
1780761083.5160093,15,172.96875,313.0
1780761083.5160093,15,174.828125,311.75
1780761083.5160093,15,175.84375,309.25
1780761083.5160093,15,177.484375,308.75
1780761083.5160093,15,178.515625,309.5
1780761083.5160093,15,179.578125,309.75
1780761083.5160093,15,181.3125,309.5
1780761083.5160093,15,182.21875,310.25
1780761083.5160093,15,183.765625,311.5
1780761083.5160093,15,185.171875,312.0
1780761083.5160093,15,186.71875,312.75
1780761083.5160093,15,188.125,313.5
1780761083.5160093,15,188.9375,314.75
1780761083.5160093,15,190.734375,316.25
1780761083.5160093,15,191.953125,317.75
1780761083.5160093,15,193.109375,319.5
1780761083.5160093,15,194.46875,321.0
1780761083.5160093,15,195.984375,323.0
1780761083.5160093,15,197.078125,325.75
1780761083.5160093,15,198.734375,327.75
1780761083.5160093,15,199.953125,330.25
1780761083.5160093,15,201.15625,333.25
1780761083.5160093,15,202.234375,336.0
1780761083.5160093,15,203.453125,338.75
1780761083.5160093,15,205.0,341.75
1780761083.5160093,15,206.171875,345.5
1780761083.5160093,15,207.609375,349.0
1780761083.5160093,15,213.125,781.75
1780761083.5160093,15,226.46875,856.5
1780761083.5160093,15,227.8125,839.75
1780761083.5160093,15,229.09375,826.75
1780761083.5160093,15,230.390625,825.25
1780761083.5160093,15,231.796875,830.0
1780761083.5160093,15,233.0625,841.5
1780761083.5160093,15,234.453125,851.75
1780761083.5160093,15,235.8125,856.5
1780761083.5160093,15,237.140625,860.25
1780761083.5160093,15,238.390625,860.75
1780761083.5160093,15,239.796875,860.0
1780761083.5160093,15,241.09375,858.25
1780761083.5160093,15,242.4375,852.0
1780761083.5160093,15,245.765625,621.75
1780761083.5160093,15,254.234375,373.5
1780761083.5160093,15,255.6875,363.75
1780761083.5160093,15,256.765625,361.75
1780761083.5160093,15,258.125,367.75
1780761083.5160093,15,259.71875,374.75
1780761083.5160093,15,260.5,383.0
1780761083.5160093,15,262.0,392.0
1780761083.5160093,15,263.03125,401.25
1780761083.5160093,15,267.40625,562.5
1780761083.5160093,15,268.921875,564.0
1780761083.5160093,15,270.21875,564.25
1780761083.5160093,15,271.53125,564.25
1780761083.5160093,15,272.984375,565.0
1780761083.5160093,15,274.125,566.0
1780761083.5160093,15,275.5625,566.75
1780761083.5160093,15,276.890625,568.0
1780761083.5160093,15,278.078125,569.75
1780761083.5160093,15,279.609375,572.75
1780761083.5160093,15,280.859375,575.5
1780761083.5160093,15,285.9375,613.25
1780761083.5160093,15,291.359375,1443.5
1780761083.5160093,15,292.703125,1475.75
1780761083.5160093,15,296.71875,1530.25
1780761083.5160093,6,297.984375,1548.75
1780761083.5160093,15,299.40625,1569.0
1780761083.5160093,2,306.0,1673.75
1780761083.5160093,15,307.328125,1722.25
1780761083.5160093,15,308.65625,1759.5
1780761083.5160093,15,309.96875,1795.75
1780761083.5160093,7,329.359375,1089.0
1780761083.5160093,15,330.65625,1081.75
1780761083.5160093,15,331.984375,1087.75
1780761083.5160093,15,333.296875,1104.5
1780761083.5160093,2,347.328125,2808.5
1780761083.5160093,3,348.671875,2808.5
1780761083.5160093,3,350.03125,2808.5
1780761083.6537485,15,352.8125,2384.0
1780761083.6537485,15,354.1875,2372.25
1780761083.6537485,15,355.515625,2361.0
1780761083.6537485,15,356.84375,2365.25
1780761083.6537485,15,358.1875,2375.75
1780761083.6537485,15,359.5625,2376.25
1780761083.6537485,15,0.859375,2375.75
1780761083.6537485,15,2.21875,2395.75
1780761083.6537485,15,3.5625,2385.75
1780761083.6537485,15,4.921875,2379.75
1780761083.6537485,15,6.25,2369.25
1780761083.6537485,15,7.59375,2349.0
1780761083.6537485,15,8.921875,2380.5
1780761083.6537485,15,24.0625,1426.25
1780761083.6537485,15,25.359375,1418.75
1780761083.6537485,15,30.765625,1435.0
1780761083.6537485,15,36.390625,1255.5
1780761083.6537485,15,37.765625,1226.25
1780761083.6537485,15,39.125,1198.0
1780761083.6537485,15,41.8125,1138.0
1780761083.6537485,15,44.578125,1077.0
1780761083.6537485,15,45.96875,1055.0
1780761083.6537485,15,47.34375,1032.25
1780761083.6537485,15,48.765625,1013.5
1780761083.6537485,15,50.125,994.5
1780761083.6537485,15,51.484375,977.5
1780761083.6537485,15,52.84375,961.0
1780761083.6537485,15,54.234375,945.0
1780761083.6537485,15,55.625,931.5
1780761083.6537485,15,56.890625,917.5
1780761083.6537485,15,58.28125,905.5
1780761083.6537485,15,59.609375,893.5
1780761083.6537485,15,60.96875,881.75
1780761083.6537485,15,62.359375,871.25
1780761083.6537485,15,63.8125,862.0
1780761083.6537485,15,65.140625,855.0
1780761083.6537485,15,66.421875,844.5
1780761083.6537485,15,67.75,835.5
1780761083.6537485,15,69.25,827.5
1780761083.6537485,15,70.515625,818.5
1780761083.6537485,15,71.96875,813.25
1780761083.6537485,15,73.234375,808.75
1780761083.6537485,15,74.671875,804.0
1780761083.6537485,15,87.0625,1675.5
1780761083.6537485,15,88.421875,1674.0
1780761083.6537485,5,91.09375,1685.0
1780761083.6537485,6,92.421875,1686.5
1780761083.6537485,5,93.734375,1687.0
1780761083.6537485,5,95.09375,1697.5
1780761083.6537485,15,96.40625,1698.25
1780761083.6537485,15,97.765625,1698.75
1780761083.6537485,15,99.140625,1698.75
1780761083.6537485,15,110.609375,877.0
1780761083.6537485,15,113.453125,784.0
1780761083.6537485,15,114.90625,784.25
1780761083.6537485,15,116.1875,791.0
1780761083.6537485,15,117.4375,800.5
1780761083.6537485,15,118.859375,810.25
1780761083.6537485,15,120.109375,822.25
1780761083.6537485,15,128.125,817.75
1780761083.6537485,15,129.359375,827.75
1780761083.6537485,15,130.796875,846.0
1780761083.6537485,15,137.484375,805.5
1780761083.6537485,15,142.640625,347.5
1780761083.6537485,15,144.40625,341.5
1780761083.6537485,15,145.640625,336.0
1780761083.6537485,15,146.921875,330.5
1780761083.6537485,15,148.28125,325.25
1780761083.6537485,15,149.625,320.5
1780761083.6537485,15,151.53125,315.75
1780761083.6537485,15,152.859375,311.5
1780761083.6537485,15,153.9375,308.0
1780761083.6537485,15,155.140625,304.25
1780761083.6537485,15,157.125,300.75
1780761083.6537485,15,157.828125,297.5
1780761083.6537485,15,160.203125,294.5
1780761083.6537485,15,160.78125,291.75
1780761083.6537485,15,162.71875,289.0
1780761083.6537485,15,163.609375,286.5
1780761083.6537485,15,165.6875,284.5
1780761083.6537485,15,166.453125,282.25
1780761083.6537485,15,168.21875,280.0
1780761083.6537485,15,169.9375,278.5
1780761083.6537485,15,170.4375,277.5
1780761083.6537485,15,172.140625,275.75
1780761083.6537485,15,173.109375,274.25
1780761083.6537485,15,175.296875,272.75
1780761083.6537485,15,176.6875,272.0
1780761083.6537485,15,177.78125,271.75
1780761083.6537485,15,178.46875,271.75
1780761083.6537485,15,180.90625,272.0
1780761083.6537485,15,181.25,272.0
1780761083.6537485,15,183.1875,272.75
1780761083.6537485,15,183.984375,273.5
1780761083.6537485,15,185.328125,274.0
1780761083.6537485,15,187.3125,274.75
1780761083.6537485,15,188.59375,275.75
1780761083.6537485,15,189.671875,276.5
1780761083.6537485,15,191.1875,277.75
1780761083.6537485,15,192.40625,279.25
1780761083.6537485,15,193.671875,280.5
1780761083.6537485,15,194.859375,282.25
1780761083.6537485,15,196.359375,284.0
1780761083.6537485,15,197.109375,286.0
1780761083.6537485,15,198.296875,288.25
1780761083.6537485,15,200.0625,290.25
1780761083.6537485,15,201.359375,292.75
1780761083.6537485,15,202.40625,295.25
1780761083.6537485,15,204.375,298.0
1780761083.6537485,15,205.203125,301.0
1780761083.6537485,15,206.453125,304.25
1780761083.6537485,15,207.65625,307.75
1780761083.6537485,15,209.390625,311.25
1780761083.6537485,15,210.671875,314.5
1780761083.6537485,15,211.578125,318.0
1780761083.6537485,15,213.078125,322.25
1780761083.6537485,15,230.234375,809.25
1780761083.6537485,15,231.53125,802.5
1780761083.6537485,15,232.859375,803.0
1780761083.6537485,15,234.234375,809.5
1780761083.6537485,15,235.5,820.5
1780761083.6537485,15,236.75,829.25
1780761083.6537485,15,238.125,835.5
1780761083.6537485,15,239.515625,840.0
1780761083.6537485,15,240.8125,841.75
1780761083.6537485,15,242.078125,842.5
1780761083.6537485,15,243.53125,840.5
1780761083.6537485,15,244.8125,832.5
1780761083.6537485,15,248.09375,606.25
1780761083.6537485,15,249.625,605.25
1780761083.6537485,15,250.796875,600.0
1780761083.6537485,15,254.953125,399.75
1780761083.6537485,15,256.4375,388.25
1780761083.6537485,15,257.828125,377.75
1780761083.6537485,15,259.453125,368.5
1780761083.6537485,15,260.953125,360.25
1780761083.6537485,15,262.28125,354.5
1780761083.6537485,15,263.65625,357.25
1780761083.6537485,15,264.5625,365.5
1780761083.6537485,15,265.890625,374.75
1780761083.6537485,15,267.03125,384.75
1780761083.6537485,15,272.515625,562.75
1780761083.6537485,15,274.015625,565.5
1780761083.6537485,15,275.390625,566.75
1780761083.6537485,15,276.5,568.5
1780761083.6537485,15,277.734375,570.75
1780761083.6537485,15,279.109375,572.75
1780761083.6537485,15,280.5,575.5
1780761083.6537485,15,281.875,577.5
1780761083.6537485,15,283.21875,580.0
1780761083.6537485,15,284.578125,583.25
1780761083.6537485,15,288.265625,630.5
1780761083.6537485,15,289.5625,631.0
1780761083.6537485,6,295.0,1510.75
1780761083.6537485,15,296.359375,1530.0
1780761083.6537485,15,297.6875,1540.0
1780761083.6537485,15,299.0,1559.75
1780761083.6537485,15,300.328125,1580.0
1780761083.6537485,15,301.640625,1593.25
1780761083.6537485,4,305.609375,1685.0
1780761083.6537485,6,306.9375,1721.25
1780761083.6537485,15,308.3125,1746.5
1780761083.6537485,15,309.609375,1771.75
1780761083.6537485,15,310.96875,1820.25
1780761083.6537485,15,330.203125,1116.25
1780761083.6537485,15,331.515625,1123.25
1780761083.6537485,15,332.875,1132.25
1780761083.6537485,15,334.265625,1139.75
1780761083.6537485,3,346.921875,2808.5
1780761083.6537485,3,348.265625,2808.5
1780761083.6537485,3,349.609375,2808.5
1780761083.7910843,15,356.421875,2416.25
1780761083.7910843,15,357.78125,2403.0
1780761083.7910843,15,359.109375,2398.75
1780761083.7910843,15,0.46875,2400.5
1780761083.7910843,15,3.1875,2295.5
1780761083.7910843,15,5.828125,2402.25
1780761083.7910843,15,7.15625,2397.5
1780761083.7910843,15,23.625,1442.25
1780761083.7910843,15,30.375,1442.25
1780761083.7910843,15,34.4375,1326.25
1780761083.7910843,15,37.25,1243.0
1780761083.7910843,15,41.4375,1140.0
1780761083.7910843,15,42.734375,1120.25
1780761083.7910843,15,44.1875,1090.75
1780761083.7910843,15,45.515625,1060.25
1780761083.7910843,15,46.921875,1038.5
1780761083.7910843,10,48.28125,1018.5
1780761083.7910843,15,49.671875,998.5
1780761083.7910843,15,51.046875,981.25
1780761083.7910843,15,52.375,962.25
1780761083.7910843,15,53.8125,944.75
1780761083.7910843,15,55.109375,933.25
1780761083.7910843,15,56.546875,921.5
1780761083.7910843,15,57.921875,907.25
1780761083.7910843,15,59.234375,897.25
1780761083.7910843,15,60.640625,887.0
1780761083.7910843,15,61.953125,876.0
1780761083.7910843,15,63.328125,864.75
1780761083.7910843,15,64.75,855.5
1780761083.7910843,15,66.046875,847.0
1780761083.7910843,15,67.484375,837.25
1780761083.7910843,15,68.734375,828.25
1780761083.7910843,15,70.109375,821.75
1780761083.7910843,15,71.5,815.0
1780761083.7910843,15,72.828125,807.5
1780761083.7910843,5,85.28125,1686.25
1780761083.7910843,15,86.625,1675.25
1780761083.7910843,15,87.921875,1673.75
1780761083.7910843,15,89.234375,1685.0
1780761083.7910843,15,90.640625,1685.75
1780761083.7910843,5,93.265625,1676.25
1780761083.7910843,5,94.625,1677.0
1780761083.7910843,3,95.9375,1686.75
1780761083.7910843,15,97.28125,1697.25
1780761083.7910843,15,98.640625,1698.0
1780761083.7910843,15,111.65625,769.75
1780761083.7910843,15,113.0625,775.25
1780761083.7910843,15,114.421875,781.25
1780761083.7910843,15,115.71875,789.0
1780761083.7910843,15,116.9375,799.0
1780761083.7910843,15,118.265625,810.0
1780761083.7910843,15,126.46875,794.25
1780761083.7910843,15,127.765625,807.75
1780761083.7910843,15,128.984375,824.5
1780761083.7910843,15,130.375,843.0
1780761083.7910843,15,131.5625,856.0
1780761083.7910843,15,138.6875,318.25
1780761083.7910843,15,139.796875,312.0
1780761083.7910843,15,141.796875,305.75
1780761083.7910843,15,142.640625,300.0
1780761083.7910843,15,144.546875,294.75
1780761083.7910843,15,145.46875,289.5
1780761083.7910843,15,147.5625,284.5
1780761083.7910843,15,148.78125,280.25
1780761083.7910843,15,149.96875,276.0
1780761083.7910843,15,152.109375,271.75
1780761083.7910843,15,152.53125,268.0
1780761083.7910843,15,154.890625,264.75
1780761083.7910843,15,156.65625,261.25
1780761083.7910843,15,157.328125,258.25
1780761083.7910843,15,158.1875,255.5
1780761083.7910843,15,159.828125,252.75
1780761083.7910843,15,163.234375,250.0
1780761083.7910843,15,163.953125,247.5
1780761083.7910843,15,165.921875,245.5
1780761083.7910843,15,165.484375,244.25
1780761083.7910843,15,168.109375,242.5
1780761083.7910843,15,169.953125,240.5
1780761083.7910843,15,171.296875,238.5
1780761083.7910843,15,171.53125,237.25
1780761083.7910843,15,172.140625,236.25
1780761083.7910843,15,175.328125,234.75
1780761083.7910843,15,176.34375,234.0
1780761083.7910843,15,178.015625,233.75
1780761083.7910843,15,177.890625,233.25
1780761083.7910843,15,179.453125,233.5
1780761083.7910843,15,182.046875,233.5
1780761083.7910843,15,182.640625,233.75
1780761083.7910843,15,184.734375,234.25
1780761083.7910843,15,184.546875,234.75
1780761083.7910843,15,186.609375,235.25
1780761083.7910843,15,187.265625,236.25
1780761083.7910843,15,190.046875,237.0
1780761083.7910843,15,190.375,237.75
1780761083.7910843,15,192.59375,238.75
1780761083.7910843,15,192.453125,240.0
1780761083.7910843,15,194.640625,241.5
1780761083.7910843,15,195.46875,243.0
1780761083.7910843,15,196.078125,244.25
1780761083.7910843,15,197.953125,246.0
1780761083.7910843,15,199.09375,248.0
1780761083.7910843,15,200.5,250.25
1780761083.7910843,15,201.5,252.5
1780761083.7910843,15,203.671875,254.5
1780761083.7910843,15,205.4375,256.25
1780761083.7910843,15,205.984375,259.25
1780761083.7910843,15,207.59375,262.25
1780761083.7910843,15,208.375,265.25
1780761083.7910843,15,210.1875,268.25
1780761083.7910843,15,210.203125,271.5
1780761083.7910843,15,211.484375,275.0
1780761083.7910843,15,213.5,278.75
1780761083.7910843,15,214.0625,282.75
1780761083.7910843,15,215.21875,286.75
1780761083.7910843,15,216.796875,291.25
1780761083.7910843,15,232.53125,782.25
1780761083.7910843,15,233.8125,777.75
1780761083.7910843,15,235.046875,778.75
1780761083.7910843,15,236.390625,787.25
1780761083.7910843,15,237.8125,800.75
1780761083.7910843,15,239.140625,810.0
1780761083.7910843,15,240.34375,815.25
1780761083.7910843,15,241.765625,818.5
1780761083.7910843,15,243.09375,819.25
1780761083.7910843,15,244.515625,819.75
1780761083.7910843,15,245.75,819.5
1780761083.7910843,15,247.125,817.25
1780761083.7910843,15,248.515625,811.0
1780761083.7910843,15,251.734375,596.0
1780761083.7910843,15,253.125,592.0
1780761083.7910843,15,254.546875,587.5
1780761083.7910843,15,255.9375,583.25
1780761083.7910843,15,259.84375,393.25
1780761083.7910843,15,261.609375,383.5
1780761083.7910843,15,262.6875,374.5
1780761083.7910843,15,264.390625,367.25
1780761083.7910843,15,265.8125,360.25
1780761083.7910843,15,267.421875,353.5
1780761083.7910843,15,277.5,566.75
1780761083.7910843,15,278.625,571.0
1780761083.7910843,15,280.1875,574.0
1780761083.7910843,15,281.390625,577.0
1780761083.7910843,15,282.6875,579.5
1780761083.7910843,15,284.03125,583.25
1780761083.7910843,15,285.40625,587.25
1780761083.7910843,15,286.59375,591.0
1780761083.7910843,15,291.859375,642.75
1780761083.7910843,15,293.15625,650.5
1780761083.7910843,15,298.515625,1550.75
1780761083.7910843,15,299.953125,1579.25
1780761083.7910843,15,301.265625,1592.0
1780761083.7910843,15,302.59375,1612.25
1780761083.7910843,15,307.890625,1733.75
1780761083.7910843,15,309.265625,1759.5
1780761083.7910843,15,310.546875,1795.5
1780761083.7910843,15,331.28125,1146.0
1780761083.7910843,15,332.671875,1146.75
1780761083.7910843,15,333.984375,1152.5
1780761083.7910843,9,335.328125,1155.75
1780761083.7910843,15,348.046875,2811.5
1780761083.7910843,4,349.390625,2809.0
1780761083.7910843,15,350.75,2792.75
1780761083.928754,3,353.546875,2433.25
1780761083.928754,5,354.890625,2435.0
1780761083.928754,15,0.28125,2301.0
1780761083.928754,15,4.328125,2306.75
1780761083.928754,15,5.671875,2306.5
1780761083.928754,4,8.359375,2442.0
1780761083.928754,15,23.53125,1443.5
1780761083.928754,15,30.265625,1443.5
1780761083.928754,15,31.578125,1432.75
1780761083.928754,15,34.34375,1326.25
1780761083.928754,15,37.203125,1243.25
1780761083.928754,8,41.3125,1145.5
1780761083.928754,15,42.734375,1130.25
1780761083.928754,15,46.859375,1038.25
1780761083.928754,15,48.296875,1018.5
1780761083.928754,15,49.625,1000.0
1780761083.928754,15,50.921875,983.0
1780761083.928754,15,52.359375,965.5
1780761083.928754,15,53.765625,950.0
1780761083.928754,15,55.140625,935.25
1780761083.928754,15,56.4375,923.5
1780761083.928754,15,57.765625,912.5
1780761083.928754,15,59.1875,900.5
1780761083.928754,15,60.59375,889.0
1780761083.928754,15,61.875,879.5
1780761083.928754,15,63.234375,866.5
1780761083.928754,15,64.65625,857.25
1780761083.928754,15,66.03125,851.5
1780761083.928754,15,67.453125,841.75
1780761083.928754,15,68.71875,833.0
1780761083.928754,15,70.15625,826.25
1780761083.928754,4,83.90625,1687.0
1780761083.928754,4,85.25,1696.5
1780761083.928754,5,87.90625,1686.0
1780761083.928754,5,89.265625,1675.75
1780761083.928754,5,90.59375,1686.75
1780761083.928754,4,91.921875,1696.75
1780761083.928754,4,93.3125,1697.0
1780761083.928754,3,95.96875,1697.0
1780761083.928754,15,97.296875,1697.5
1780761083.928754,15,109.109375,756.25
1780761083.928754,15,110.34375,762.25
1780761083.928754,15,111.6875,769.0
1780761083.928754,15,112.953125,775.0
1780761083.928754,15,114.28125,783.25
1780761083.928754,15,115.640625,794.25
1780761083.928754,15,117.0,809.75
1780761083.928754,15,123.8125,774.0
1780761083.928754,15,125.046875,784.75
1780761083.928754,15,126.3125,798.5
1780761083.928754,15,127.6875,813.5
1780761083.928754,15,134.046875,291.75
1780761083.928754,15,135.8125,284.25
1780761083.928754,15,136.59375,277.5
1780761083.928754,15,138.4375,271.0
1780761083.928754,15,139.390625,265.0
1780761083.928754,15,142.25,259.5
1780761083.928754,15,143.59375,254.0
1780761083.928754,15,144.015625,249.25
1780761083.928754,15,147.109375,244.5
1780761083.928754,15,147.046875,240.25
1780761083.928754,15,148.203125,236.5
1780761083.928754,15,149.40625,232.75
1780761083.928754,15,152.46875,228.75
1780761083.928754,15,153.046875,225.5
1780761083.928754,15,153.84375,222.5
1780761083.928754,15,156.484375,219.75
1780761083.928754,15,156.875,217.0
1780761083.928754,15,159.171875,214.5
1780761083.928754,15,160.484375,212.0
1780761083.928754,15,161.828125,209.75
1780761083.928754,15,162.59375,208.0
1780761083.928754,15,164.5,206.0
1780761083.928754,15,165.84375,204.0
1780761083.928754,15,167.171875,202.5
1780761083.928754,15,168.765625,201.5
1780761083.928754,15,169.859375,199.75
1780761083.928754,15,170.703125,198.0
1780761083.928754,15,172.546875,197.0
1780761083.928754,15,173.890625,195.25
1780761083.928754,15,174.71875,195.25
1780761083.928754,15,176.5625,195.75
1780761083.928754,15,177.328125,195.5
1780761083.928754,15,179.25,195.25
1780761083.928754,15,180.578125,195.25
1780761083.928754,15,181.921875,195.5
1780761083.928754,15,183.25,196.0
1780761083.928754,15,184.59375,196.0
1780761083.928754,15,185.25,196.5
1780761083.928754,15,187.28125,197.25
1780761083.928754,15,188.625,198.0
1780761083.928754,15,189.96875,199.0
1780761083.928754,15,191.296875,199.75
1780761083.928754,15,192.640625,200.5
1780761083.928754,15,193.984375,201.75
1780761083.928754,15,195.3125,203.25
1780761083.928754,15,196.65625,204.5
1780761083.928754,15,196.96875,205.75
1780761083.928754,15,199.34375,207.25
1780761083.928754,15,200.046875,209.0
1780761083.928754,15,202.03125,210.75
1780761083.928754,15,202.265625,212.75
1780761083.928754,15,204.71875,214.5
1780761083.928754,15,205.140625,217.0
1780761083.928754,15,207.375,219.25
1780761083.928754,15,208.3125,221.25
1780761083.928754,15,210.109375,224.0
1780761083.928754,15,210.375,226.75
1780761083.928754,15,212.78125,229.75
1780761083.928754,15,213.171875,232.75
1780761083.928754,15,213.53125,236.25
1780761083.928754,15,215.09375,239.75
1780761083.928754,15,217.515625,243.25
1780761083.928754,15,217.84375,247.25
1780761083.928754,15,219.1875,251.5
1780761083.928754,15,220.078125,255.25
1780761083.928754,15,222.296875,259.5
1780761083.928754,15,233.890625,766.5
1780761083.928754,15,235.25,758.0
1780761083.928754,15,236.59375,755.75
1780761083.928754,15,237.921875,759.25
1780761083.928754,15,239.171875,771.0
1780761083.928754,15,240.5625,783.5
1780761083.928754,15,241.8125,791.5
1780761083.928754,15,243.15625,798.75
1780761083.928754,15,244.4375,804.0
1780761083.928754,15,245.859375,806.5
1780761083.928754,15,247.234375,807.0
1780761083.928754,15,248.46875,806.75
1780761083.928754,15,249.921875,801.75
1780761083.928754,15,251.25,794.25
1780761083.928754,15,252.703125,781.25
1780761083.928754,15,255.890625,583.0
1780761083.928754,15,257.265625,579.5
1780761083.928754,15,258.671875,576.5
1780761083.928754,15,260.125,573.75
1780761083.928754,15,261.34375,571.0
1780761083.928754,15,265.171875,388.25
1780761083.928754,15,266.828125,380.25
1780761083.928754,15,268.203125,373.5
1780761083.928754,15,269.375,367.25
1780761083.928754,15,271.25,361.25
1780761083.928754,15,272.328125,356.0
1780761083.928754,15,273.75,351.5
1780761083.928754,15,282.828125,579.25
1780761083.928754,15,283.96875,583.0
1780761083.928754,15,285.390625,587.0
1780761083.928754,15,286.65625,590.75
1780761083.928754,15,287.953125,594.25
1780761083.928754,15,289.359375,598.0
1780761083.928754,15,290.5625,603.0
1780761083.928754,13,295.71875,665.25
1780761083.928754,15,300.0,1559.5
1780761083.928754,15,301.296875,1582.75
1780761083.928754,15,302.640625,1611.75
1780761083.928754,15,304.015625,1639.75
1780761083.928754,15,309.28125,1759.5
1780761083.928754,15,310.609375,1795.5
1780761083.928754,15,332.609375,1185.75
1780761083.928754,15,333.953125,1187.0
1780761083.928754,15,335.265625,1187.5
1780761083.928754,15,336.625,1192.5
1780761083.928754,15,349.265625,2811.5
1780761084.0667467,4,354.71875,2413.75
1780761084.0667467,3,1.453125,2451.5
1780761084.0667467,1,6.78125,2459.5
1780761084.0667467,15,23.265625,1530.0
1780761084.0667467,15,31.328125,1433.25
1780761084.0667467,15,34.09375,1320.0
1780761084.0667467,15,36.9375,1244.0
1780761084.0667467,15,38.28125,1219.0
1780761084.0667467,7,41.0625,1148.5
1780761084.0667467,15,42.390625,1130.0
1780761084.0667467,15,45.109375,1071.25
1780761084.0667467,15,46.609375,1046.5
1780761084.0667467,15,47.921875,1022.0
1780761084.0667467,15,49.25,1003.75
1780761084.0667467,15,50.609375,987.5
1780761084.0667467,15,52.0,970.75
1780761084.0667467,15,53.34375,955.0
1780761084.0667467,15,54.703125,941.5
1780761084.0667467,15,56.15625,928.5
1780761084.0667467,15,57.484375,915.75
1780761084.0667467,15,58.828125,903.75
1780761084.0667467,15,60.21875,891.75
1780761084.0667467,15,61.59375,880.5
1780761084.0667467,15,62.90625,870.75
1780761084.0667467,15,64.21875,860.25
1780761084.0667467,15,65.6875,851.5
1780761084.0667467,15,66.953125,844.0
1780761084.0667467,4,82.171875,1688.25
1780761084.0667467,5,83.546875,1687.25
1780761084.0667467,7,84.84375,1677.0
1780761084.0667467,6,86.203125,1677.0
1780761084.0667467,15,87.546875,1676.25
1780761084.0667467,5,88.875,1686.0
1780761084.0667467,5,90.234375,1686.75
1780761084.0667467,5,91.546875,1676.5
1780761084.0667467,5,94.234375,1677.25
1780761084.0667467,15,95.625,1678.25
1780761084.0667467,15,106.125,744.25
1780761084.0667467,15,107.375,747.25
1780761084.0667467,15,108.640625,752.5
1780761084.0667467,15,110.125,757.5
1780761084.0667467,15,111.28125,764.5
1780761084.0667467,15,112.65625,773.75
1780761084.0667467,15,120.71875,757.5
1780761084.0667467,15,122.03125,755.75
1780761084.0667467,15,128.1875,265.75
1780761084.0667467,15,131.328125,250.25
1780761084.0667467,15,132.71875,243.25
1780761084.0667467,15,134.90625,236.75
1780761084.0667467,15,137.359375,230.5
1780761084.0667467,15,138.796875,224.5
1780761084.0667467,15,140.140625,219.25
1780761084.0667467,15,141.484375,214.0
1780761084.0667467,15,142.8125,209.5
1780761084.0667467,15,144.140625,205.25
1780761084.0667467,15,145.5,201.25
1780761084.0667467,15,146.84375,197.0
1780761084.0667467,15,148.1875,193.5
1780761084.0667467,15,149.53125,190.25
1780761084.0667467,15,150.875,187.0
1780761084.0667467,15,152.234375,184.25
1780761084.0667467,15,153.578125,181.25
1780761084.0667467,15,154.921875,178.75
1780761084.0667467,15,156.265625,176.5
1780761084.0667467,15,157.609375,174.5
1780761084.0667467,15,159.4375,173.0
1780761084.0667467,15,160.796875,171.0
1780761084.0667467,15,162.140625,169.0
1780761084.0667467,15,163.4375,167.75
1780761084.0667467,15,164.78125,166.0
1780761084.0667467,15,166.125,164.25
1780761084.0667467,15,167.46875,162.5
1780761084.0667467,15,168.828125,161.0
1780761084.0667467,15,170.15625,160.0
1780761084.0667467,15,171.515625,158.75
1780761084.0667467,15,172.84375,158.5
1780761084.0667467,15,174.1875,158.75
1780761084.0667467,15,175.53125,158.25
1780761084.0667467,15,176.875,158.25
1780761084.0667467,15,178.203125,158.25
1780761084.0667467,15,179.546875,158.25
1780761084.0667467,15,180.890625,158.25
1780761084.0667467,15,182.234375,158.0
1780761084.0667467,15,183.578125,158.5
1780761084.0667467,15,184.921875,158.75
1780761084.0667467,15,186.265625,159.0
1780761084.0667467,15,187.484375,159.75
1780761084.0667467,15,188.828125,160.25
1780761084.0667467,15,190.28125,161.0
1780761084.0667467,15,191.5,161.75
1780761084.0667467,15,192.828125,162.75
1780761084.0667467,15,194.15625,164.0
1780761084.0667467,15,195.5,165.25
1780761084.0667467,15,196.828125,166.5
1780761084.0667467,15,198.171875,167.75
1780761084.0667467,15,199.5,169.0
1780761084.0667467,15,200.84375,170.5
1780761084.0667467,15,201.671875,172.0
1780761084.0667467,15,203.015625,173.5
1780761084.0667467,15,204.34375,174.75
1780761084.0667467,15,205.6875,176.75
1780761084.0667467,15,211.046875,185.25
1780761084.0667467,15,234.71875,756.0
1780761084.0667467,15,236.015625,743.75
1780761084.0667467,15,237.5,735.0
1780761084.0667467,15,238.75,733.0
1780761084.0667467,15,240.09375,737.5
1780761084.0667467,15,241.34375,748.5
1780761084.0667467,15,242.75,762.0
1780761084.0667467,15,244.0,772.75
1780761084.0667467,15,245.28125,780.5
1780761084.0667467,15,246.59375,784.75
1780761084.0667467,15,248.0625,788.25
1780761084.0667467,15,249.265625,791.5
1780761084.0667467,15,250.609375,791.5
1780761084.0667467,15,252.03125,788.75
1780761084.0667467,15,253.328125,783.5
1780761084.0667467,15,254.734375,775.25
1780761084.0667467,10,256.046875,768.5
1780761084.0667467,15,259.40625,572.75
1780761084.0667467,15,260.796875,569.75
1780761084.0667467,15,262.15625,567.5
1780761084.0667467,15,263.46875,566.0
1780761084.0667467,15,264.734375,564.0
1780761084.0667467,15,266.21875,562.25
1780761084.0667467,15,267.4375,562.0
1780761084.0667467,15,271.59375,382.0
1780761084.0667467,15,272.640625,376.0
1780761084.0667467,15,274.15625,370.5
1780761084.0667467,15,275.46875,366.0
1780761084.0667467,15,277.1875,361.25
1780761084.0667467,15,278.265625,357.5
1780761084.0667467,15,279.9375,354.0
1780761084.0667467,15,287.203125,590.5
1780761084.0667467,15,288.546875,595.0
1780761084.0667467,15,289.9375,599.0
1780761084.0667467,15,291.296875,604.5
1780761084.0667467,15,292.546875,610.25
1780761084.0667467,15,293.9375,616.5
1780761084.0667467,3,305.796875,1673.5
1780761084.0667467,15,308.46875,1723.25
1780761084.0667467,15,311.140625,1832.5
1780761084.0667467,15,323.078125,2294.25
1780761084.0667467,15,333.015625,1203.0
1780761084.0667467,15,334.375,1209.75
1780761084.0667467,15,335.734375,1221.25
1780761084.0667467,15,337.046875,1236.5
1780761084.2037714,15,357.84375,2516.75
1780761084.2037714,15,359.203125,2517.25
1780761084.2037714,15,0.546875,2517.0
1780761084.2037714,1,5.90625,2493.75
1780761084.2037714,15,7.25,2493.75
1780761084.2037714,15,22.421875,1559.0
1780761084.2037714,3,31.9375,1424.0
1780761084.2037714,15,34.65625,1326.25
1780761084.2037714,15,37.484375,1228.5
1780761084.2037714,15,38.890625,1199.5
1780761084.2037714,15,41.640625,1144.25
1780761084.2037714,15,44.375,1091.75
1780761084.2037714,15,47.109375,1032.75
1780761084.2037714,9,48.515625,1014.75
1780761084.2037714,15,49.84375,999.25
1780761084.2037714,15,51.28125,983.0
1780761084.2037714,15,52.5625,965.25
1780761084.2037714,15,53.9375,951.0
1780761084.2037714,15,55.359375,938.75
1780761084.2037714,15,56.71875,925.75
1780761084.2037714,15,58.109375,912.5
1780761084.2037714,15,59.46875,902.0
1780761084.2037714,15,60.671875,891.25
1780761084.2037714,15,62.09375,880.0
1780761084.2037714,15,63.46875,869.25
1780761084.2037714,15,64.84375,860.25
1780761084.2037714,15,81.359375,1699.25
1780761084.2037714,5,82.734375,1698.0
1780761084.2037714,4,85.390625,1697.25
1780761084.2037714,5,86.75,1687.5
1780761084.2037714,4,88.078125,1687.5
1780761084.2037714,5,89.40625,1697.0
1780761084.2037714,6,90.734375,1686.75
1780761084.2037714,4,93.421875,1677.5
1780761084.2037714,15,102.53125,740.75
1780761084.2037714,15,103.859375,736.25
1780761084.2037714,15,105.28125,740.0
1780761084.2037714,15,106.65625,744.75
1780761084.2037714,15,107.96875,750.75
1780761084.2037714,15,109.203125,757.25
1780761084.2037714,15,110.5625,765.0
1780761084.2037714,15,133.890625,187.5
1780761084.2037714,15,135.25,182.0
1780761084.2037714,15,136.578125,177.25
1780761084.2037714,15,138.390625,172.5
1780761084.2037714,15,139.71875,168.25
1780761084.2037714,15,141.0625,164.5
1780761084.2037714,15,142.40625,160.5
1780761084.2037714,15,143.734375,156.75
1780761084.2037714,15,145.078125,153.75
1780761084.2037714,15,146.421875,150.5
1780761084.2037714,15,148.765625,147.5
1780761084.2037714,15,149.109375,145.25
1780761084.2037714,15,151.546875,142.75
1780761084.2037714,15,151.78125,140.75
1780761084.2037714,15,153.34375,138.75
1780761084.2037714,15,155.890625,137.0
1780761084.2037714,15,156.734375,135.25
1780761084.2037714,15,157.109375,133.0
1780761084.2037714,15,158.4375,131.25
1780761084.2037714,15,162.015625,130.25
1780761084.2037714,15,162.875,128.0
1780761084.2037714,15,164.5625,126.0
1780761084.2037714,15,165.125,125.25
1780761084.2037714,15,164.84375,124.5
1780761084.2037714,15,167.859375,123.25
1780761084.2037714,15,167.75,123.0
1780761084.2037714,15,170.78125,123.0
1780761084.2037714,15,171.90625,122.75
1780761084.2037714,15,174.296875,122.5
1780761084.2037714,15,175.0,122.25
1780761084.2037714,15,176.703125,122.0
1780761084.2037714,15,175.765625,122.0
1780761084.2037714,15,178.859375,122.0
1780761084.2037714,15,181.4375,121.75
1780761084.2037714,15,181.34375,121.5
1780761084.2037714,15,183.265625,121.75
1780761084.2037714,15,185.28125,122.5
1780761084.2037714,15,185.515625,122.75
1780761084.2037714,15,187.921875,123.0
1780761084.2037714,15,188.0,123.5
1780761084.2037714,15,187.796875,124.0
1780761084.2037714,15,191.796875,125.25
1780761084.2037714,15,195.296875,126.5
1780761084.2037714,15,194.484375,127.5
1780761084.2037714,15,195.8125,128.5
1780761084.2037714,15,199.828125,130.75
1780761084.2037714,15,202.953125,133.0
1780761084.2037714,15,239.234375,722.75
1780761084.2037714,15,240.5625,716.25
1780761084.2037714,15,241.84375,718.0
1780761084.2037714,15,243.234375,724.25
1780761084.2037714,15,244.46875,737.5
1780761084.2037714,15,245.84375,751.25
1780761084.2037714,15,247.078125,761.0
1780761084.2037714,15,248.453125,768.75
1780761084.2037714,15,249.8125,774.0
1780761084.2037714,15,251.125,778.75
1780761084.2037714,15,252.359375,781.75
1780761084.2037714,15,253.765625,781.5
1780761084.2037714,15,255.203125,777.75
1780761084.2037714,15,256.46875,772.25
1780761084.2037714,15,262.46875,568.0
1780761084.2037714,15,263.859375,566.0
1780761084.2037714,15,265.078125,563.75
1780761084.2037714,15,266.46875,563.0
1780761084.2037714,15,267.953125,562.0
1780761084.2037714,15,269.296875,561.0
1780761084.2037714,15,270.6875,561.25
1780761084.2037714,15,271.953125,561.75
1780761084.2037714,15,277.28125,383.5
1780761084.2037714,15,278.53125,378.75
1780761084.2037714,15,279.953125,374.5
1780761084.2037714,15,281.21875,371.0
1780761084.2037714,15,282.515625,368.0
1780761084.2037714,15,284.40625,365.0
1780761084.2037714,15,285.265625,362.5
1780761084.2037714,15,291.6875,605.75
1780761084.2037714,15,293.0625,611.5
1780761084.2037714,15,294.421875,617.5
1780761084.2037714,15,295.828125,624.5
1780761084.2037714,15,296.984375,632.25
1780761084.2037714,15,307.609375,1733.25
1780761084.2037714,15,323.53125,2294.25
1780761084.2037714,15,328.875,2294.25
1780761084.2037714,15,334.765625,1242.5
1780761084.2037714,15,336.15625,1243.0
1780761084.2037714,5,337.4375,1249.5
1780761084.341774,15,32.234375,1409.5
1780761084.341774,4,37.78125,1225.75
1780761084.341774,15,39.15625,1198.0
1780761084.341774,15,41.984375,1139.0
1780761084.341774,15,44.640625,1082.25
1780761084.341774,15,46.109375,1055.75
1780761084.341774,15,47.421875,1032.75
1780761084.341774,9,48.859375,1014.25
1780761084.341774,15,50.234375,996.75
1780761084.341774,15,51.546875,979.75
1780761084.341774,15,52.890625,964.25
1780761084.341774,15,54.328125,948.25
1780761084.341774,15,55.65625,934.0
1780761084.341774,15,56.9375,924.25
1780761084.341774,15,58.359375,911.75
1780761084.341774,15,59.671875,900.5
1780761084.341774,15,61.078125,890.5
1780761084.341774,15,62.34375,879.5
1780761084.341774,15,65.078125,835.25
1780761084.341774,15,78.984375,1720.5
1780761084.341774,15,80.34375,1709.25
1780761084.341774,15,81.671875,1698.75
1780761084.341774,5,84.296875,1698.25
1780761084.341774,5,85.640625,1687.0
1780761084.341774,4,86.9375,1686.75
1780761084.341774,15,88.28125,1696.25
1780761084.341774,7,89.640625,1686.75
1780761084.341774,4,90.953125,1687.25
1780761084.341774,5,92.328125,1696.75
1780761084.341774,15,100.140625,727.5
1780761084.341774,15,101.453125,731.25
1780761084.341774,15,102.765625,734.25
1780761084.341774,15,104.1875,737.25
1780761084.341774,15,105.375,740.75
1780761084.341774,15,106.6875,746.75
1780761084.341774,15,131.890625,140.0
1780761084.341774,15,134.703125,136.0
1780761084.341774,15,135.921875,128.0
1780761084.341774,15,137.265625,125.25
1780761084.341774,15,141.4375,122.5
1780761084.341774,15,142.796875,120.0
1780761084.341774,15,143.875,117.75
1780761084.341774,15,146.046875,115.25
1780761084.341774,15,147.546875,113.25
1780761084.341774,15,149.046875,111.25
1780761084.341774,15,150.59375,110.25
1780761084.341774,14,152.25,108.75
1780761084.341774,15,153.40625,106.5
1780761084.341774,15,160.1875,100.75
1780761084.341774,15,161.5,100.75
1780761084.341774,15,195.484375,100.5
1780761084.341774,15,197.5625,100.5
1780761084.341774,15,197.84375,101.0
1780761084.341774,15,200.015625,101.5
1780761084.341774,15,200.890625,102.25
1780761084.341774,15,202.546875,102.75
1780761084.341774,15,246.234375,718.25
1780761084.341774,15,247.515625,733.5
1780761084.341774,15,248.78125,744.75
1780761084.341774,15,250.078125,754.0
1780761084.341774,15,251.453125,761.5
1780761084.341774,15,252.921875,766.75
1780761084.341774,15,254.140625,771.0
1780761084.341774,15,255.5,773.0
1780761084.341774,15,256.75,773.25
1780761084.341774,15,258.1875,768.75
1780761084.341774,15,259.609375,763.0
1780761084.341774,15,265.578125,563.5
1780761084.341774,15,266.828125,562.25
1780761084.341774,15,268.203125,561.0
1780761084.341774,15,269.671875,560.75
1780761084.341774,15,270.984375,562.0
1780761084.341774,15,272.25,562.25
1780761084.341774,15,273.453125,562.25
1780761084.341774,15,274.875,562.75
1780761084.341774,15,276.25,563.5
1780761084.341774,15,281.25,388.25
1780761084.341774,15,282.765625,384.5
1780761084.341774,15,284.484375,380.25
1780761084.341774,15,285.703125,377.0
1780761084.341774,15,286.71875,374.5
1780761084.341774,15,288.390625,372.0
1780761084.341774,15,289.6875,370.0
1780761084.341774,15,295.9375,623.75
1780761084.341774,15,297.1875,631.75
1780761084.341774,15,298.59375,640.0
1780761084.341774,15,303.765625,716.0
1780761084.341774,15,323.625,2294.25
1780761084.341774,15,330.296875,2294.75
1780761084.341774,7,334.875,1249.25
1780761084.341774,6,336.140625,1250.5
1780761084.341774,15,337.53125,1256.25
1780761084.341774,15,338.78125,1262.25
1780761084.4788592,15,3.59375,2789.0
1780761084.4788592,15,8.921875,2787.5
1780761084.4788592,15,22.734375,1609.5
1780761084.4788592,15,32.21875,1432.75
1780761084.4788592,15,34.96875,1333.25
1780761084.4788592,15,37.71875,1240.0
1780761084.4788592,8,41.84375,1145.5
1780761084.4788592,15,43.265625,1130.5
1780761084.4788592,15,45.984375,1063.5
1780761084.4788592,15,47.3125,1040.0
1780761084.4788592,15,48.6875,1021.5
1780761084.4788592,15,50.09375,1004.5
1780761084.4788592,15,51.375,989.25
1780761084.4788592,15,52.8125,973.25
1780761084.4788592,15,54.125,957.75
1780761084.4788592,15,55.46875,942.75
1780761084.4788592,15,56.875,929.5
1780761084.4788592,15,58.203125,917.0
1780761084.4788592,15,59.578125,905.5
1780761084.4788592,15,61.0,893.25
1780761084.4788592,15,62.265625,881.75
1780761084.4788592,15,65.015625,844.0
1780761084.4788592,15,81.5625,1699.0
1780761084.4788592,4,82.890625,1698.25
1780761084.4788592,3,84.25,1697.75
1780761084.4788592,4,85.5625,1697.75
1780761084.4788592,15,86.9375,1697.25
1780761084.4788592,15,88.265625,1686.25
1780761084.4788592,15,89.59375,1676.5
1780761084.4788592,15,90.9375,1676.5
1780761084.4788592,5,92.3125,1676.5
1780761084.4788592,15,100.109375,727.0
1780761084.4788592,15,101.4375,730.75
1780761084.4788592,15,102.859375,732.5
1780761084.4788592,15,104.109375,734.0
1780761084.4788592,15,105.53125,738.75
1780761084.4788592,15,106.859375,745.0
1780761084.4788592,15,131.75,141.0
1780761084.4788592,15,134.296875,137.25
1780761084.4788592,15,134.4375,133.5
1780761084.4788592,15,135.765625,129.75
1780761084.4788592,15,139.796875,126.75
1780761084.4788592,15,138.390625,124.0
1780761084.4788592,15,142.953125,121.5
1780761084.4788592,15,143.1875,119.25
1780761084.4788592,15,145.375,117.25
1780761084.4788592,15,145.25,115.25
1780761084.4788592,15,147.375,113.25
1780761084.4788592,15,150.28125,111.5
1780761084.4788592,15,151.1875,110.0
1780761084.4788592,15,153.0625,108.0
1780761084.4788592,15,154.46875,106.75
1780761084.4788592,15,155.703125,105.5
1780761084.4788592,15,156.546875,104.25
1780761084.4788592,14,159.609375,103.0
1780761084.4788592,13,193.0625,101.25
1780761084.4788592,15,194.421875,100.0
1780761084.4788592,15,195.234375,100.25
1780761084.4788592,15,197.4375,100.75
1780761084.4788592,15,198.046875,101.25
1780761084.4788592,15,199.6875,101.75
1780761084.4788592,15,200.9375,102.25
1780761084.4788592,15,246.109375,717.0
1780761084.4788592,15,247.375,729.25
1780761084.4788592,15,248.578125,742.75
1780761084.4788592,15,250.015625,751.75
1780761084.4788592,15,251.3125,759.75
1780761084.4788592,15,252.546875,767.5
1780761084.4788592,15,253.953125,770.25
1780761084.4788592,15,255.3125,772.0
1780761084.4788592,15,256.5625,774.5
1780761084.4788592,15,258.015625,769.75
1780761084.4788592,15,259.421875,763.25
1780761084.4788592,15,266.78125,562.75
1780761084.4788592,15,268.140625,562.0
1780761084.4788592,15,269.296875,561.0
1780761084.4788592,15,270.796875,561.5
1780761084.4788592,15,271.96875,561.5
1780761084.4788592,15,273.453125,562.0
1780761084.4788592,15,274.875,562.5
1780761084.4788592,15,275.984375,563.25
1780761084.4788592,15,281.375,388.5
1780761084.4788592,15,282.65625,384.0
1780761084.4788592,15,284.15625,380.0
1780761084.4788592,15,285.53125,376.75
1780761084.4788592,15,286.734375,374.0
1780761084.4788592,15,288.109375,372.0
1780761084.4788592,15,289.515625,369.75
1780761084.4788592,15,295.921875,623.5
1780761084.4788592,15,297.125,631.25
1780761084.4788592,15,298.390625,639.0
1780761084.4788592,15,303.609375,713.5
1780761084.4788592,15,323.515625,2274.25
1780761084.4788592,15,334.71875,1243.25
1780761084.4788592,15,336.125,1244.75
1780761084.4788592,15,337.4375,1251.0
1780761084.4788592,15,338.6875,1262.0
1780761084.6167848,15,8.9375,2782.75
1780761084.6167848,15,22.6875,1593.75
1780761084.6167848,4,32.140625,1433.0
1780761084.6167848,15,34.875,1333.25
1780761084.6167848,15,37.671875,1243.5
1780761084.6167848,15,39.0625,1218.75
1780761084.6167848,15,41.8125,1152.0
1780761084.6167848,15,43.21875,1130.75
1780761084.6167848,15,44.59375,1109.5
1780761084.6167848,15,47.34375,1045.0
1780761084.6167848,15,48.734375,1021.25
1780761084.6167848,15,50.015625,1004.75
1780761084.6167848,15,51.484375,989.75
1780761084.6167848,15,52.8125,973.25
1780761084.6167848,13,54.09375,958.0
1780761084.6167848,15,55.546875,943.25
1780761084.6167848,15,56.90625,929.75
1780761084.6167848,15,58.265625,917.0
1780761084.6167848,15,59.625,905.5
1780761084.6167848,15,60.90625,893.5
1780761084.6167848,15,62.359375,882.0
1780761084.6167848,15,65.015625,841.75
1780761084.6167848,15,81.625,1709.5
1780761084.6167848,3,82.984375,1688.0
1780761084.6167848,4,84.3125,1687.0
1780761084.6167848,4,85.625,1686.75
1780761084.6167848,5,86.984375,1676.25
1780761084.6167848,6,88.34375,1676.0
1780761084.6167848,15,89.671875,1676.25
1780761084.6167848,5,91.03125,1676.5
1780761084.6167848,5,92.359375,1676.5
1780761084.6167848,15,100.203125,729.5
1780761084.6167848,15,101.453125,731.0
1780761084.6167848,15,102.90625,732.5
1780761084.6167848,15,104.25,734.0
1780761084.6167848,15,105.484375,738.5
1780761084.6167848,15,106.890625,744.75
1780761084.6167848,15,130.546875,144.75
1780761084.6167848,15,131.859375,140.75
1780761084.6167848,15,134.28125,137.0
1780761084.6167848,15,134.546875,133.25
1780761084.6167848,15,138.03125,129.75
1780761084.6167848,15,139.90625,126.75
1780761084.6167848,15,140.765625,124.0
1780761084.6167848,15,141.328125,121.25
1780761084.6167848,15,143.625,118.75
1780761084.6167848,15,143.78125,116.5
1780761084.6167848,15,147.0,114.75
1780761084.6167848,15,149.015625,113.0
1780761084.6167848,15,150.703125,111.5
1780761084.6167848,15,151.03125,110.0
1780761084.6167848,15,153.171875,107.75
1780761084.6167848,15,153.640625,106.25
1780761084.6167848,15,156.828125,105.5
1780761084.6167848,15,156.734375,104.5
1780761084.6167848,14,159.328125,103.25
1780761084.6167848,15,193.6875,101.25
1780761084.6167848,15,196.0625,100.5
1780761084.6167848,15,197.609375,101.0
1780761084.6167848,15,197.71875,101.25
1780761084.6167848,15,246.21875,716.0
1780761084.6167848,15,247.5625,731.5
1780761084.6167848,15,248.84375,744.5
1780761084.6167848,15,250.171875,754.0
1780761084.6167848,15,251.515625,761.5
1780761084.6167848,15,252.84375,766.5
1780761084.6167848,15,254.171875,770.5
1780761084.6167848,15,255.453125,772.75
1780761084.6167848,15,256.953125,773.5
1780761084.6167848,15,258.296875,769.25
1780761084.6167848,15,259.640625,763.5
1780761084.6167848,15,265.65625,563.25
1780761084.6167848,15,267.03125,562.5
1780761084.6167848,15,268.25,561.25
1780761084.6167848,15,269.75,560.75
1780761084.6167848,15,271.0625,561.75
1780761084.6167848,15,272.375,562.25
1780761084.6167848,15,273.75,562.0
1780761084.6167848,15,275.1875,562.5
1780761084.6167848,15,276.5,564.0
1780761084.6167848,15,281.609375,387.25
1780761084.6167848,15,282.734375,382.75
1780761084.6167848,15,284.203125,379.25
1780761084.6167848,15,285.515625,376.75
1780761084.6167848,15,286.828125,373.75
1780761084.6167848,15,288.40625,371.5
1780761084.6167848,15,294.703125,615.0
1780761084.6167848,15,295.96875,623.5
1780761084.6167848,15,297.34375,631.75
1780761084.6167848,15,298.796875,639.75
1780761084.6167848,15,303.765625,719.5
1780761084.6167848,15,323.875,2294.25
1780761084.6167848,15,330.5625,2294.25
1780761084.6167848,7,335.140625,1244.25
1780761084.6167848,6,336.4375,1250.5
1780761084.6167848,15,337.75,1256.25
1780761084.7539902,15,359.984375,2783.25
1780761084.7539902,15,5.34375,2786.25
1780761084.7539902,15,8.03125,2780.5
1780761084.7539902,4,9.34375,2791.25
1780761084.7539902,3,32.578125,1422.75
1780761084.7539902,15,38.125,1236.75
1780761084.7539902,15,42.265625,1143.25
1780761084.7539902,15,43.59375,1124.75
1780761084.7539902,15,46.34375,1060.25
1780761084.7539902,15,47.765625,1036.5
1780761084.7539902,12,49.15625,1017.0
1780761084.7539902,15,50.484375,1000.25
1780761084.7539902,15,51.828125,983.0
1780761084.7539902,15,53.15625,967.5
1780761084.7539902,15,54.578125,952.5
1780761084.7539902,15,55.984375,937.0
1780761084.7539902,15,57.34375,926.5
1780761084.7539902,15,58.6875,914.5
1780761084.7539902,15,60.09375,901.75
1780761084.7539902,15,61.4375,890.5
1780761084.7539902,15,62.859375,880.0
1780761084.7539902,15,79.453125,1719.75
1780761084.7539902,15,80.8125,1709.25
1780761084.7539902,15,82.171875,1698.5
1780761084.7539902,3,84.765625,1697.75
1780761084.7539902,4,86.109375,1697.25
1780761084.7539902,15,87.46875,1685.75
1780761084.7539902,5,88.8125,1675.5
1780761084.7539902,15,90.1875,1686.25
1780761084.7539902,4,92.84375,1696.5
1780761084.7539902,15,100.640625,729.5
1780761084.7539902,15,102.0625,730.75
1780761084.7539902,15,103.421875,732.75
1780761084.7539902,15,104.625,736.25
1780761084.7539902,15,106.0,741.25
1780761084.7539902,15,107.28125,747.0
1780761084.7539902,15,132.203125,143.5
1780761084.7539902,15,132.40625,139.5
1780761084.7539902,15,133.75,135.75
1780761084.7539902,15,137.171875,132.0
1780761084.7539902,15,138.734375,128.5
1780761084.7539902,15,140.625,125.5
1780761084.7539902,15,142.03125,123.0
1780761084.7539902,15,142.5625,120.5
1780761084.7539902,15,145.03125,118.0
1780761084.7539902,15,144.796875,116.0
1780761084.7539902,15,147.28125,114.25
1780761084.7539902,15,149.921875,112.25
1780761084.7539902,15,151.28125,111.0
1780761084.7539902,15,152.609375,109.5
1780761084.7539902,15,154.203125,107.25
1780761084.7539902,15,195.640625,100.5
1780761084.7539902,15,196.703125,101.0
1780761084.7539902,15,198.09375,101.5
1780761084.7539902,15,245.609375,717.0
1780761084.7539902,15,246.875,725.75
1780761084.7539902,15,248.3125,740.25
1780761084.7539902,15,249.625,750.0
1780761084.7539902,15,250.890625,759.0
1780761084.7539902,15,252.25,765.25
1780761084.7539902,15,253.640625,769.25
1780761084.7539902,15,254.90625,772.0
1780761084.7539902,15,256.296875,773.25
1780761084.7539902,15,257.71875,771.25
1780761084.7539902,15,258.953125,766.25
1780761084.7539902,15,260.46875,757.25
1780761084.7539902,15,266.46875,562.5
1780761084.7539902,15,267.84375,561.75
1780761084.7539902,15,269.09375,561.5
1780761084.7539902,15,270.578125,560.75
1780761084.7539902,15,271.875,561.25
1780761084.7539902,15,273.140625,562.5
1780761084.7539902,15,274.390625,562.75
1780761084.7539902,15,275.84375,563.75
1780761084.7539902,15,277.015625,565.75
1780761084.7539902,15,280.921875,389.0
1780761084.7539902,15,282.53125,384.5
1780761084.7539902,15,283.796875,380.75
1780761084.7539902,15,284.984375,377.5
1780761084.7539902,15,286.4375,374.5
1780761084.7539902,15,287.8125,372.25
1780761084.7539902,15,289.203125,370.25
1780761084.7539902,15,295.5625,620.5
1780761084.7539902,15,296.796875,628.0
1780761084.7539902,15,298.109375,636.75
1780761084.7539902,15,299.5625,645.5
1780761084.7539902,15,303.34375,711.25
1780761084.7539902,15,323.484375,2294.25
1780761084.7539902,15,330.21875,2294.25
1780761084.7539902,7,334.78125,1248.5
1780761084.7539902,6,336.125,1244.5
1780761084.7539902,15,337.453125,1250.75
1780761084.7539902,15,338.828125,1257.0
1780761084.8917727,15,4.953125,2779.5
1780761084.8917727,15,8.96875,2782.25
1780761084.8917727,15,22.78125,1600.0
1780761084.8917727,15,32.28125,1432.75
1780761084.8917727,15,35.03125,1326.5
1780761084.8917727,15,37.84375,1248.5
1780761084.8917727,15,40.578125,1173.0
1780761084.8917727,8,42.0,1145.75
1780761084.8917727,15,43.3125,1120.5
1780761084.8917727,7,44.671875,1096.25
1780761084.8917727,15,47.4375,1038.25
1780761084.8917727,15,48.828125,1021.25
1780761084.8917727,15,50.171875,1003.5
1780761084.8917727,15,51.515625,988.5
1780761084.8917727,15,52.96875,972.25
1780761084.8917727,15,54.234375,956.5
1780761084.8917727,15,55.6875,943.0
1780761084.8917727,15,57.0625,930.0
1780761084.8917727,15,58.359375,916.5
1780761084.8917727,15,59.859375,903.0
1780761084.8917727,15,61.09375,892.25
1780761084.8917727,15,62.59375,882.5
1780761084.8917727,15,65.1875,843.25
1780761084.8917727,15,79.1875,1702.0
1780761084.8917727,15,80.5625,1709.0
1780761084.8917727,15,81.859375,1699.0
1780761084.8917727,3,83.109375,1698.25
1780761084.8917727,15,84.5,1696.75
1780761084.8917727,5,85.828125,1696.5
1780761084.8917727,6,88.484375,1687.25
1780761084.8917727,5,89.8125,1687.25
1780761084.8917727,15,91.203125,1685.5
1780761084.8917727,5,92.484375,1685.5
1780761084.8917727,15,100.34375,727.25
1780761084.8917727,15,101.71875,731.0
1780761084.8917727,15,103.015625,733.0
1780761084.8917727,15,104.40625,735.75
1780761084.8917727,15,105.59375,739.0
1780761084.8917727,15,106.96875,745.5
1780761084.8917727,15,133.3125,142.25
1780761084.8917727,15,134.6875,138.25
1780761084.8917727,15,134.71875,134.25
1780761084.8917727,15,137.421875,130.5
1780761084.8917727,15,138.640625,127.25
1780761084.8917727,15,141.46875,124.25
1780761084.8917727,15,142.75,122.0
1780761084.8917727,15,143.765625,119.75
1780761084.8917727,15,145.953125,117.25
1780761084.8917727,15,146.96875,115.25
1780761084.8917727,15,148.171875,113.25
1780761084.8917727,15,148.765625,111.75
1780761084.8917727,15,151.796875,110.0
1780761084.8917727,15,153.171875,107.75
1780761084.8917727,15,192.5625,100.0
1780761084.8917727,15,195.0625,100.75
1780761084.8917727,15,196.078125,101.0
1780761084.8917727,15,197.25,101.5
1780761084.8917727,15,245.40625,712.75
1780761084.8917727,15,246.8125,727.75
1780761084.8917727,15,248.015625,741.5
1780761084.8917727,15,249.421875,751.0
1780761084.8917727,15,250.671875,760.0
1780761084.8917727,15,252.0625,765.75
1780761084.8917727,15,253.328125,769.5
1780761084.8917727,15,254.75,771.5
1780761084.8917727,15,256.03125,773.0
1780761084.8917727,15,257.328125,772.0
1780761084.8917727,15,258.796875,765.75
1780761084.8917727,15,260.09375,756.5
1780761084.8917727,15,266.09375,562.0
1780761084.8917727,15,267.59375,562.25
1780761084.8917727,15,268.984375,562.25
1780761084.8917727,15,270.140625,561.0
1780761084.8917727,15,271.453125,561.25
1780761084.8917727,15,272.859375,561.5
1780761084.8917727,15,274.203125,562.0
1780761084.8917727,15,275.578125,563.25
1780761084.8917727,15,280.875,387.25
1780761084.8917727,15,281.96875,382.75
1780761084.8917727,15,283.28125,378.5
1780761084.8917727,15,284.828125,375.75
1780761084.8917727,15,286.4375,372.75
1780761084.8917727,15,287.609375,370.0
1780761084.8917727,15,295.1875,619.75
1780761084.8917727,15,296.53125,629.0
1780761084.8917727,15,297.9375,636.75
1780761084.8917727,15,303.078125,712.25
1780761084.8917727,15,325.953125,2294.75
1780761084.8917727,15,334.515625,1242.5
1780761084.8917727,7,335.90625,1244.25
1780761084.8917727,5,337.296875,1250.5
1780761084.8917727,15,338.546875,1256.25
1780761085.0291307,15,3.390625,2792.5
1780761085.0291307,15,22.578125,1600.25
1780761085.0291307,15,32.015625,1432.75
1780761085.0291307,15,34.8125,1319.75
1780761085.0291307,15,37.625,1248.75
1780761085.0291307,15,39.0625,1223.75
1780761085.0291307,15,41.828125,1151.5
1780761085.0291307,15,43.21875,1130.5
1780761085.0291307,15,45.921875,1061.0
1780761085.0291307,15,47.359375,1038.25
1780761085.0291307,15,48.6875,1021.0
1780761085.0291307,15,50.125,1004.5
1780761085.0291307,15,51.515625,989.25
1780761085.0291307,15,52.8125,973.0
1780761085.0291307,12,54.15625,957.0
1780761085.0291307,15,55.5625,942.25
1780761085.0291307,15,57.0,927.0
1780761085.0291307,15,58.34375,914.5
1780761085.0291307,15,59.6875,903.5
1780761085.0291307,15,60.96875,891.5
1780761085.0291307,15,62.359375,882.0
1780761085.0291307,15,65.125,837.25
1780761085.0291307,15,80.4375,1730.0
1780761085.0291307,4,81.828125,1709.0
1780761085.0291307,4,83.078125,1698.0
1780761085.0291307,4,84.390625,1697.25
1780761085.0291307,5,85.703125,1697.0
1780761085.0291307,15,87.109375,1686.0
1780761085.0291307,5,88.4375,1675.5
1780761085.0291307,5,89.71875,1686.5
1780761085.0291307,5,91.078125,1696.75
1780761085.0291307,4,92.421875,1696.75
1780761085.0291307,15,100.265625,734.5
1780761085.0291307,15,101.640625,731.0
1780761085.0291307,15,102.984375,733.0
1780761085.0291307,15,104.34375,734.75
1780761085.0291307,15,105.640625,738.25
1780761085.0291307,15,106.9375,744.5
1780761085.0291307,15,108.28125,752.0
1780761085.0291307,15,132.046875,143.5
1780761085.0291307,15,133.375,139.5
1780761085.0291307,15,134.703125,135.5
1780761085.0291307,15,136.046875,131.75
1780761085.0291307,15,139.59375,128.25
1780761085.0291307,15,141.203125,125.25
1780761085.0291307,15,142.03125,122.5
1780761085.0291307,15,144.671875,120.0
1780761085.0291307,15,146.25,117.75
1780761085.0291307,15,146.671875,115.75
1780761085.0291307,15,148.0625,113.5
1780761085.0291307,15,149.828125,111.75
1780761085.0291307,15,151.0,110.0
1780761085.0291307,15,154.03125,107.75
1780761085.0291307,13,155.4375,106.5
1780761085.0291307,14,156.953125,105.75
1780761085.0291307,15,192.53125,100.0
1780761085.0291307,15,193.03125,100.5
1780761085.0291307,15,194.625,100.75
1780761085.0291307,15,195.3125,101.0
1780761085.0291307,15,245.46875,713.0
1780761085.0291307,15,246.6875,728.25
1780761085.0291307,15,248.03125,741.75
1780761085.0291307,15,249.265625,751.25
1780761085.0291307,15,250.71875,760.25
1780761085.0291307,15,251.984375,766.75
1780761085.0291307,15,253.34375,770.5
1780761085.0291307,15,254.65625,773.25
1780761085.0291307,15,256.0,774.75
1780761085.0291307,15,257.328125,772.5
1780761085.0291307,15,258.671875,766.5
1780761085.0291307,15,266.015625,562.75
1780761085.0291307,15,267.359375,561.75
1780761085.0291307,15,268.8125,561.5
1780761085.0291307,15,270.203125,561.0
1780761085.0291307,15,271.390625,561.25
1780761085.0291307,15,272.734375,561.75
1780761085.0291307,15,274.28125,562.25
1780761085.0291307,15,275.53125,563.5
1780761085.0291307,15,280.515625,387.0
1780761085.0291307,15,282.046875,382.5
1780761085.0291307,15,283.453125,378.25
1780761085.0291307,15,284.953125,375.25
1780761085.0291307,15,286.09375,372.25
1780761085.0291307,15,287.5,369.75
1780761085.0291307,15,295.28125,619.5
1780761085.0291307,15,296.5,627.0
1780761085.0291307,15,297.875,634.75
1780761085.0291307,15,303.0,712.0
1780761085.0291307,15,335.78125,1243.75
1780761085.0291307,5,337.125,1250.0
1780761085.0291307,15,338.46875,1256.0
1780761085.1667905,15,359.296875,2778.5
1780761085.1667905,15,4.640625,2775.5
1780761085.1667905,1,14.0,2792.75
1780761085.1667905,15,22.421875,1594.0
1780761085.1667905,15,31.921875,1433.25
1780761085.1667905,15,34.65625,1319.75
1780761085.1667905,15,37.546875,1243.5
1780761085.1667905,15,38.984375,1214.25
1780761085.1667905,8,40.359375,1178.75
1780761085.1667905,15,41.671875,1152.5
1780761085.1667905,15,43.015625,1135.25
1780761085.1667905,15,45.875,1063.25
1780761085.1667905,15,47.171875,1040.75
1780761085.1667905,15,48.578125,1023.0
1780761085.1667905,15,49.9375,1007.25
1780761085.1667905,15,51.28125,991.25
1780761085.1667905,15,52.71875,975.5
1780761085.1667905,12,54.015625,959.75
1780761085.1667905,15,55.359375,943.75
1780761085.1667905,15,56.8125,930.25
1780761085.1667905,15,58.203125,917.5
1780761085.1667905,15,59.59375,905.75
1780761085.1667905,15,60.78125,894.25
1780761085.1667905,15,62.21875,883.0
1780761085.1667905,15,64.875,840.5
1780761085.1667905,5,78.015625,1043.25
1780761085.1667905,15,80.15625,1720.25
1780761085.1667905,4,81.5,1709.25
1780761085.1667905,15,82.859375,1699.0
1780761085.1667905,4,84.140625,1698.5
1780761085.1667905,5,85.46875,1697.5
1780761085.1667905,4,86.828125,1697.0
1780761085.1667905,5,89.515625,1687.0
1780761085.1667905,15,90.859375,1653.0
1780761085.1667905,6,93.515625,1687.25
1780761085.1667905,15,101.359375,730.25
1780761085.1667905,15,102.640625,733.0
1780761085.1667905,15,104.03125,735.25
1780761085.1667905,15,105.296875,738.75
1780761085.1667905,15,106.65625,744.5
1780761085.1667905,15,107.921875,750.5
1780761085.1667905,15,133.0625,140.5
1780761085.1667905,15,135.859375,136.5
1780761085.1667905,15,137.828125,132.75
1780761085.1667905,15,137.96875,129.25
1780761085.1667905,15,138.40625,126.0
1780761085.1667905,15,141.65625,123.25
1780761085.1667905,15,141.5,120.75
1780761085.1667905,15,145.15625,118.5
1780761085.1667905,15,147.3125,116.25
1780761085.1667905,15,148.203125,114.0
1780761085.1667905,15,148.828125,112.0
1780761085.1667905,15,152.125,110.25
1780761085.1667905,15,152.515625,108.5
1780761085.1667905,12,153.671875,107.0
1780761085.1667905,15,156.734375,104.75
1780761085.1667905,15,190.796875,99.75
1780761085.1667905,15,192.0625,100.25
1780761085.1667905,15,194.359375,100.75
1780761085.1667905,15,194.484375,101.0
1780761085.1667905,15,197.0,101.5
1780761085.1667905,15,198.296875,102.25
1780761085.1667905,15,244.9375,710.75
1780761085.1667905,15,246.125,722.75
1780761085.1667905,15,247.5,737.75
1780761085.1667905,15,248.734375,749.5
1780761085.1667905,15,250.015625,758.0
1780761085.1667905,15,251.453125,765.0
1780761085.1667905,15,252.734375,770.0
1780761085.1667905,15,254.015625,773.75
1780761085.1667905,15,255.421875,774.5
1780761085.1667905,15,256.703125,773.25
1780761085.1667905,15,258.203125,769.0
1780761085.1667905,15,259.46875,759.75
1780761085.1667905,15,265.484375,563.25
1780761085.1667905,15,266.78125,562.5
1780761085.1667905,15,268.265625,561.25
1780761085.1667905,15,269.46875,560.75
1780761085.1667905,15,270.90625,561.5
1780761085.1667905,15,272.15625,561.75
1780761085.1667905,15,273.71875,561.75
1780761085.1667905,15,275.015625,562.5
1780761085.1667905,15,276.28125,564.0
1780761085.1667905,15,280.453125,388.0
1780761085.1667905,15,281.578125,383.75
1780761085.1667905,15,282.828125,379.5
1780761085.1667905,15,284.1875,376.25
1780761085.1667905,15,285.6875,373.0
1780761085.1667905,15,287.328125,370.5
1780761085.1667905,15,288.5625,368.25
1780761085.1667905,15,294.703125,617.0
1780761085.1667905,15,296.21875,623.75
1780761085.1667905,15,297.390625,632.0
1780761085.1667905,15,298.625,639.75
1780761085.1667905,15,324.0,2294.25
1780761085.1667905,15,335.328125,1243.5
1780761085.1667905,5,336.625,1250.0
1780761085.1667905,15,337.9375,1256.25
1780761085.3047688,15,34.328125,1322.0
1780761085.3047688,15,37.125,1255.25
1780761085.3047688,4,38.578125,1225.25
1780761085.3047688,15,39.890625,1197.0
1780761085.3047688,15,42.65625,1136.25
1780761085.3047688,15,45.5,1075.25
1780761085.3047688,15,46.8125,1054.25
1780761085.3047688,15,48.25,1031.75
1780761085.3047688,15,49.609375,1013.5
1780761085.3047688,15,50.984375,995.25
1780761085.3047688,15,52.296875,978.5
1780761085.3047688,15,53.65625,962.25
1780761085.3047688,15,55.125,946.5
1780761085.3047688,15,56.484375,932.5
1780761085.3047688,15,57.859375,921.0
1780761085.3047688,15,59.140625,909.25
1780761085.3047688,15,60.484375,897.25
1780761085.3047688,15,61.875,885.25
1780761085.3047688,15,63.25,872.0
1780761085.3047688,15,79.859375,1730.0
1780761085.3047688,15,81.265625,1709.25
1780761085.3047688,3,82.59375,1698.25
1780761085.3047688,4,83.84375,1697.0
1780761085.3047688,4,85.1875,1696.5
1780761085.3047688,5,86.5625,1685.5
1780761085.3047688,15,87.875,1685.5
1780761085.3047688,15,89.25,1696.0
1780761085.3047688,4,90.609375,1696.0
1780761085.3047688,6,91.953125,1687.0
1780761085.3047688,4,93.25,1676.75
1780761085.3047688,15,101.09375,730.25
1780761085.3047688,15,102.46875,731.75
1780761085.3047688,15,103.8125,734.75
1780761085.3047688,15,105.046875,738.5
1780761085.3047688,15,106.359375,743.5
1780761085.3047688,15,107.703125,750.0
1780761085.3047688,15,133.890625,141.25
1780761085.3047688,15,135.609375,133.0
1780761085.3047688,15,136.953125,129.5
1780761085.3047688,15,138.265625,126.5
1780761085.3047688,15,142.609375,123.75
1780761085.3047688,15,143.546875,121.25
1780761085.3047688,15,145.21875,118.75
1780761085.3047688,15,145.5625,116.25
1780761085.3047688,15,148.171875,113.75
1780761085.3047688,15,149.71875,111.75
1780761085.3047688,15,150.59375,110.25
1780761085.3047688,15,153.515625,109.0
1780761085.3047688,15,154.75,107.5
1780761085.3047688,15,192.359375,100.25
1780761085.3047688,15,194.390625,100.75
1780761085.3047688,15,194.421875,101.0
1780761085.3047688,15,244.96875,710.75
1780761085.3047688,15,246.140625,722.75
1780761085.3047688,15,247.578125,737.5
1780761085.3047688,15,248.796875,749.75
1780761085.3047688,15,250.1875,758.25
1780761085.3047688,15,251.546875,763.25
1780761085.3047688,15,252.90625,768.5
1780761085.3047688,15,254.140625,772.5
1780761085.3047688,15,255.46875,773.5
1780761085.3047688,15,256.84375,773.5
1780761085.3047688,15,258.15625,769.0
1780761085.3047688,15,259.609375,759.75
1780761085.3047688,15,265.515625,563.5
1780761085.3047688,15,267.03125,562.5
1780761085.3047688,15,268.328125,561.5
1780761085.3047688,15,269.78125,561.0
1780761085.3047688,15,270.984375,561.25
1780761085.3047688,15,272.25,561.75
1780761085.3047688,15,273.78125,562.0
1780761085.3047688,15,274.984375,562.5
1780761085.3047688,15,276.453125,565.5
1780761085.3047688,15,280.25,388.0
1780761085.3047688,15,281.5,383.5
1780761085.3047688,15,283.03125,379.25
1780761085.3047688,15,284.59375,375.75
1780761085.3047688,15,286.015625,372.5
1780761085.3047688,15,287.0625,370.0
1780761085.3047688,15,288.5625,368.0
1780761085.3047688,15,295.046875,618.0
1780761085.3047688,15,296.21875,625.0
1780761085.3047688,15,297.546875,632.75
1780761085.3047688,15,299.0,641.0
1780761085.3047688,15,324.265625,2294.25
1780761085.3047688,15,335.609375,1243.75
1780761085.3047688,6,336.953125,1250.25
1780761085.3047688,15,338.28125,1256.5
1780761085.438858,15,359.1875,2778.5
1780761085.438858,15,0.5,2772.25
1780761085.438858,15,4.5625,2772.0
1780761085.438858,2,13.984375,2791.0
1780761085.438858,15,22.5,1593.75
1780761085.438858,15,31.96875,1433.5
1780761085.438858,15,34.75,1333.25
1780761085.438858,15,37.59375,1248.5
1780761085.438858,15,41.765625,1148.0
1780761085.438858,15,43.046875,1130.25
1780761085.438858,15,45.875,1061.0
1780761085.438858,15,47.28125,1040.25
1780761085.438858,15,48.578125,1022.75
1780761085.438858,15,50.046875,1006.0
1780761085.438858,15,51.421875,989.75
1780761085.438858,15,52.734375,973.5
1780761085.438858,15,54.171875,957.75
1780761085.438858,15,55.4375,943.0
1780761085.438858,15,56.828125,929.5
1780761085.438858,15,58.21875,917.0
1780761085.438858,15,59.546875,905.25
1780761085.438858,15,60.953125,893.5
1780761085.438858,15,62.265625,882.0
1780761085.438858,15,65.125,837.0
1780761085.438858,15,78.953125,1730.75
1780761085.438858,15,80.34375,1730.0
1780761085.438858,4,81.734375,1708.75
1780761085.438858,3,83.078125,1698.0
1780761085.438858,4,84.390625,1697.25
1780761085.438858,4,85.765625,1697.0
1780761085.438858,15,87.0625,1696.25
1780761085.438858,15,88.46875,1695.75
1780761085.438858,5,89.765625,1686.0
1780761085.438858,4,91.15625,1686.75
1780761085.438858,5,92.46875,1687.25
1780761085.438858,15,100.40625,734.75
1780761085.438858,15,101.625,730.75
1780761085.438858,15,103.0625,732.75
1780761085.438858,15,104.34375,735.5
1780761085.438858,15,105.765625,739.25
1780761085.438858,15,107.09375,745.75
1780761085.438858,15,108.390625,753.25
1780761085.438858,15,132.1875,143.5
1780761085.438858,15,134.859375,135.25
1780761085.438858,15,136.203125,131.75
1780761085.438858,15,139.9375,128.25
1780761085.438858,15,141.296875,125.0
1780761085.438858,15,142.578125,122.25
1780761085.438858,15,144.484375,119.75
1780761085.438858,15,144.0625,117.5
1780761085.438858,15,146.765625,115.5
1780761085.438858,15,149.21875,113.5
1780761085.438858,15,150.9375,111.75
1780761085.438858,15,152.328125,110.0
1780761085.438858,15,152.59375,107.75
1780761085.438858,15,155.203125,106.0
1780761085.438858,15,193.859375,100.5
1780761085.438858,15,194.953125,100.75
1780761085.438858,15,196.40625,101.25
1780761085.438858,15,245.4375,714.25
1780761085.438858,15,246.8125,729.5
1780761085.438858,15,248.078125,741.5
1780761085.438858,15,249.4375,752.5
1780761085.438858,15,250.734375,761.25
1780761085.438858,15,252.171875,766.75
1780761085.438858,15,253.375,772.0
1780761085.438858,15,254.875,774.25
1780761085.438858,15,256.078125,774.75
1780761085.438858,15,257.46875,769.5
1780761085.438858,15,258.859375,764.25
1780761085.438858,15,266.34375,562.75
1780761085.438858,15,267.625,562.5
1780761085.438858,15,269.078125,561.75
1780761085.438858,15,270.25,560.75
1780761085.438858,15,271.765625,561.25
1780761085.438858,15,273.109375,561.5
1780761085.438858,15,274.34375,562.5
1780761085.438858,15,275.75,563.5
1780761085.438858,15,279.75,390.5
1780761085.438858,15,281.0625,385.5
1780761085.438858,15,282.546875,381.0
1780761085.438858,15,283.671875,377.5
1780761085.438858,15,285.296875,374.5
1780761085.438858,15,286.59375,371.75
1780761085.438858,15,288.0,369.5
1780761085.438858,15,294.25,613.5
1780761085.438858,15,295.546875,620.25
1780761085.438858,15,296.9375,628.0
1780761085.438858,15,298.15625,636.5
1780761085.438858,15,323.46875,2294.25
1780761085.438858,15,330.203125,2294.25
1780761085.438858,15,334.78125,1248.25
1780761085.438858,6,336.109375,1244.75
1780761085.438858,5,337.515625,1251.0
1780761085.438858,2,350.3125,2941.75
1780761085.5760713,15,357.078125,2782.0
1780761085.5760713,15,359.765625,2776.75
1780761085.5760713,15,9.203125,2777.25
1780761085.5760713,15,35.3125,1326.25
1780761085.5760713,15,38.125,1237.0
1780761085.5760713,15,42.3125,1140.0
1780761085.5760713,15,43.578125,1121.0
1780761085.5760713,15,46.4375,1059.75
1780761085.5760713,15,47.8125,1035.75
1780761085.5760713,10,49.15625,1016.25
1780761085.5760713,15,50.578125,999.25
1780761085.5760713,15,51.875,982.25
1780761085.5760713,15,53.203125,965.75
1780761085.5760713,15,54.671875,951.0
1780761085.5760713,15,55.96875,936.75
1780761085.5760713,15,57.328125,926.0
1780761085.5760713,15,58.8125,914.0
1780761085.5760713,15,60.109375,901.0
1780761085.5760713,15,61.421875,890.25
1780761085.5760713,15,62.859375,879.75
1780761085.5760713,15,65.59375,841.75
1780761085.5760713,15,79.46875,1730.0
1780761085.5760713,15,80.875,1709.0
1780761085.5760713,3,82.1875,1698.25
1780761085.5760713,5,84.90625,1687.25
1780761085.5760713,5,86.25,1687.0
1780761085.5760713,4,87.640625,1686.25
1780761085.5760713,15,90.328125,1676.0
1780761085.5760713,4,91.625,1686.75
1780761085.5760713,5,93.015625,1687.0
1780761085.5760713,15,100.828125,729.25
1780761085.5760713,15,102.28125,731.0
1780761085.5760713,15,103.5,732.75
1780761085.5760713,15,104.953125,736.25
1780761085.5760713,15,106.25,741.0
1780761085.5760713,15,107.484375,747.5
1780761085.5760713,15,132.421875,146.5
1780761085.5760713,15,132.671875,142.0
1780761085.5760713,15,133.765625,138.0
1780761085.5760713,15,135.484375,134.0
1780761085.5760713,15,136.703125,130.25
1780761085.5760713,15,139.234375,127.0
1780761085.5760713,15,139.96875,124.0
1780761085.5760713,15,143.8125,121.5
1780761085.5760713,15,144.5,119.0
1780761085.5760713,15,147.03125,116.75
1780761085.5760713,15,146.65625,114.5
1780761085.5760713,15,148.25,112.25
1780761085.5760713,15,151.34375,111.25
1780761085.5760713,15,153.09375,109.75
1780761085.5760713,14,154.1875,107.25
1780761085.5760713,15,191.6875,100.0
1780761085.5760713,15,192.546875,100.25
1780761085.5760713,15,193.21875,100.5
1780761085.5760713,15,195.71875,101.0
1780761085.5760713,15,195.734375,101.5
1780761085.5760713,15,244.625,711.75
1780761085.5760713,15,245.890625,720.0
1780761085.5760713,15,247.21875,735.25
1780761085.5760713,15,248.5,748.5
1780761085.5760713,15,249.953125,757.25
1780761085.5760713,15,251.28125,763.0
1780761085.5760713,15,252.609375,767.75
1780761085.5760713,15,253.96875,772.25
1780761085.5760713,15,255.28125,774.0
1780761085.5760713,15,256.671875,774.5
1780761085.5760713,15,258.03125,769.75
1780761085.5760713,15,259.34375,763.0
1780761085.5760713,15,265.453125,563.5
1780761085.5760713,15,266.875,562.25
1780761085.5760713,15,268.203125,561.25
1780761085.5760713,15,269.34375,560.75
1780761085.5760713,15,270.734375,561.0
1780761085.5760713,15,272.15625,561.5
1780761085.5760713,15,273.4375,561.75
1780761085.5760713,15,274.953125,562.5
1780761085.5760713,15,276.265625,563.5
1780761085.5760713,15,280.046875,388.75
1780761085.5760713,15,281.296875,384.0
1780761085.5760713,15,282.71875,380.0
1780761085.5760713,15,284.078125,376.25
1780761085.5760713,15,285.46875,373.5
1780761085.5760713,15,287.171875,371.0
1780761085.5760713,15,288.046875,368.25
1780761085.5760713,15,294.515625,616.75
1780761085.5760713,15,295.921875,623.25
1780761085.5760713,15,297.171875,631.5
1780761085.5760713,15,298.5625,640.0
1780761085.5760713,15,323.84375,2294.25
1780761085.5760713,15,335.140625,1244.0
1780761085.5760713,5,336.46875,1245.0
1780761085.5760713,15,337.78125,1250.75
1780761085.7138326,15,354.671875,2766.25
1780761085.7138326,15,357.375,2776.75
1780761085.7138326,15,5.453125,2777.25
1780761085.7138326,15,9.5,2788.75
1780761085.7138326,15,37.09375,1255.25
1780761085.7138326,4,38.484375,1225.5
1780761085.7138326,15,39.828125,1197.0
1780761085.7138326,15,42.546875,1136.75
1780761085.7138326,15,45.34375,1081.0
1780761085.7138326,15,46.71875,1054.5
1780761085.7138326,15,48.046875,1031.75
1780761085.7138326,8,49.46875,1013.25
1780761085.7138326,15,50.84375,995.5
1780761085.7138326,15,52.234375,978.75
1780761085.7138326,15,53.640625,962.25
1780761085.7138326,15,54.984375,946.5
1780761085.7138326,15,56.3125,933.0
1780761085.7138326,15,57.71875,924.0
1780761085.7138326,15,59.078125,912.0
1780761085.7138326,15,60.46875,897.75
1780761085.7138326,15,61.734375,886.5
1780761085.7138326,15,63.125,877.5
1780761085.7138326,15,79.828125,1720.0
1780761085.7138326,15,81.21875,1699.25
1780761085.7138326,15,82.5625,1698.5
1780761085.7138326,4,83.84375,1697.25
1780761085.7138326,5,85.1875,1686.5
1780761085.7138326,5,86.546875,1675.75
1780761085.7138326,4,87.890625,1686.0
1780761085.7138326,15,89.25,1696.25
1780761085.7138326,5,90.59375,1685.75
1780761085.7138326,5,91.9375,1676.75
1780761085.7138326,5,93.265625,1676.75
1780761085.7138326,15,101.171875,730.0
1780761085.7138326,15,102.46875,731.5
1780761085.7138326,15,103.75,734.5
1780761085.7138326,15,105.0625,738.0
1780761085.7138326,15,106.515625,743.0
1780761085.7138326,15,107.859375,749.5
1780761085.7138326,15,134.25,141.25
1780761085.7138326,15,135.5,133.25
1780761085.7138326,15,139.25,130.0
1780761085.7138326,15,138.1875,126.5
1780761085.7138326,15,139.546875,123.75
1780761085.7138326,15,142.03125,121.25
1780761085.7138326,15,144.03125,118.75
1780761085.7138326,15,147.171875,116.25
1780761085.7138326,15,147.78125,113.75
1780761085.7138326,15,149.765625,111.75
1780761085.7138326,15,150.859375,110.25
1780761085.7138326,15,152.84375,108.75
1780761085.7138326,13,154.75,107.25
1780761085.7138326,14,160.390625,102.5
1780761085.7138326,15,188.203125,100.5
1780761085.7138326,15,190.625,99.75
1780761085.7138326,15,193.46875,100.25
1780761085.7138326,15,193.8125,100.75
1780761085.7138326,15,195.921875,101.0
1780761085.7138326,15,196.859375,101.5
1780761085.7138326,15,196.953125,102.25
1780761085.7138326,15,244.859375,710.75
1780761085.7138326,15,246.09375,722.75
1780761085.7138326,15,247.421875,737.75
1780761085.7138326,15,248.78125,749.5
1780761085.7138326,15,250.0625,758.25
1780761085.7138326,15,251.46875,765.0
1780761085.7138326,15,252.734375,770.0
1780761085.7138326,15,254.171875,772.75
1780761085.7138326,15,255.421875,773.75
1780761085.7138326,15,256.796875,773.5
1780761085.7138326,15,258.21875,769.0
1780761085.7138326,15,259.578125,759.75
1780761085.7138326,15,265.671875,563.5
1780761085.7138326,15,267.03125,562.5
1780761085.7138326,15,268.453125,561.5
1780761085.7138326,15,269.625,561.0
1780761085.7138326,15,270.90625,561.25
1780761085.7138326,15,272.5,561.75
1780761085.7138326,15,273.65625,562.0
1780761085.7138326,15,274.984375,562.5
1780761085.7138326,15,276.359375,565.25
1780761085.7138326,15,280.453125,388.0
1780761085.7138326,15,281.640625,383.5
1780761085.7138326,15,282.875,379.5
1780761085.7138326,15,284.203125,376.0
1780761085.7138326,15,285.9375,373.0
1780761085.7138326,15,287.234375,370.5
1780761085.7138326,15,288.328125,368.25
1780761085.7138326,15,294.78125,617.0
1780761085.7138326,15,296.15625,624.0
1780761085.7138326,15,297.46875,632.0
1780761085.7138326,15,298.765625,639.75
1780761085.7138326,15,324.109375,2294.25
1780761085.7138326,15,335.375,1243.75
1780761085.7138326,5,336.71875,1250.25
1780761085.7138326,15,338.078125,1256.25
1780761085.8511863,15,5.703125,2781.75
1780761085.8511863,15,31.703125,1433.75
1780761085.8511863,15,34.46875,1321.5
1780761085.8511863,15,37.265625,1255.0
1780761085.8511863,15,38.640625,1225.0
1780761085.8511863,15,40.0625,1196.75
1780761085.8511863,15,42.78125,1136.75
1780761085.8511863,10,45.625,1072.75
1780761085.8511863,15,48.34375,1026.5
1780761085.8511863,8,49.75,1012.0
1780761085.8511863,15,51.09375,993.0
1780761085.8511863,15,52.421875,975.75
1780761085.8511863,13,53.75,960.75
1780761085.8511863,15,55.234375,946.0
1780761085.8511863,15,56.5,932.0
1780761085.8511863,15,57.90625,919.25
1780761085.8511863,15,59.28125,907.5
1780761085.8511863,15,60.65625,895.75
1780761085.8511863,15,62.09375,883.5
1780761085.8511863,15,64.875,840.0
1780761085.8511863,4,78.0,1031.5
1780761085.8511863,15,80.15625,1730.25
1780761085.8511863,15,81.53125,1709.25
1780761085.8511863,4,82.828125,1698.75
1780761085.8511863,4,84.125,1698.0
1780761085.8511863,4,85.453125,1697.25
1780761085.8511863,15,86.84375,1686.5
1780761085.8511863,15,88.1875,1685.75
1780761085.8511863,5,89.515625,1686.25
1780761085.8511863,15,90.875,1653.0
1780761085.8511863,5,92.203125,1653.0
1780761085.8511863,6,93.59375,1677.25
1780761085.8511863,15,101.46875,730.25
1780761085.8511863,15,102.734375,732.0
1780761085.8511863,15,104.046875,734.5
1780761085.8511863,15,105.390625,738.5
1780761085.8511863,15,106.734375,744.0
1780761085.8511863,15,107.96875,751.0
1780761085.8511863,15,130.515625,149.25
1780761085.8511863,15,133.1875,140.25
1780761085.8511863,15,134.53125,136.25
1780761085.8511863,15,137.890625,132.5
1780761085.8511863,15,137.453125,129.0
1780761085.8511863,15,141.421875,125.75
1780761085.8511863,15,140.78125,123.0
1780761085.8511863,15,144.4375,120.5
1780761085.8511863,15,144.65625,118.25
1780761085.8511863,15,147.125,116.0
1780761085.8511863,15,149.046875,113.75
1780761085.8511863,15,150.671875,112.0
1780761085.8511863,15,152.21875,110.5
1780761085.8511863,15,153.84375,108.5
1780761085.8511863,15,195.125,100.75
1780761085.8511863,15,195.484375,101.25
1780761085.8511863,15,245.40625,713.5
1780761085.8511863,15,246.640625,728.5
1780761085.8511863,15,248.03125,742.0
1780761085.8511863,15,249.328125,751.75
1780761085.8511863,15,250.578125,760.75
1780761085.8511863,15,251.90625,766.75
1780761085.8511863,15,253.375,770.25
1780761085.8511863,15,254.703125,773.25
1780761085.8511863,15,255.953125,774.75
1780761085.8511863,15,257.328125,772.25
1780761085.8511863,15,258.734375,766.0
1780761085.8511863,15,266.140625,562.25
1780761085.8511863,15,267.46875,562.0
1780761085.8511863,15,268.90625,561.5
1780761085.8511863,15,270.25,561.0
1780761085.8511863,15,271.5625,561.25
1780761085.8511863,15,272.796875,561.75
1780761085.8511863,15,274.265625,562.25
1780761085.8511863,15,275.40625,563.5
1780761085.8511863,15,280.890625,386.75
1780761085.8511863,15,282.15625,382.25
1780761085.8511863,15,283.53125,378.25
1780761085.8511863,15,284.828125,375.25
1780761085.8511863,15,286.21875,372.25
1780761085.8511863,15,287.859375,369.5
1780761085.8511863,15,295.359375,619.5
1780761085.8511863,15,296.625,626.75
1780761085.8511863,15,298.0,634.75
1780761085.8511863,15,303.078125,711.75
1780761085.8511863,15,323.203125,2294.25
1780761085.8511863,7,335.90625,1244.0
1780761085.8511863,4,337.21875,1250.25
1780761085.8511863,15,338.5625,1261.75
1780761085.98882,15,2.078125,2785.0
1780761085.98882,15,22.578125,1590.5
1780761085.98882,4,32.0625,1433.0
1780761085.98882,15,34.859375,1319.75
1780761085.98882,15,37.796875,1243.5
1780761085.98882,15,39.15625,1218.25
1780761085.98882,7,41.90625,1146.25
1780761085.98882,15,44.640625,1096.25
1780761085.98882,15,47.40625,1038.25
1780761085.98882,15,48.8125,1020.75
1780761085.98882,15,50.171875,1003.5
1780761085.98882,15,51.5625,988.25
1780761085.98882,15,52.90625,972.0
1780761085.98882,15,54.296875,955.75
1780761085.98882,15,55.609375,942.0
1780761085.98882,15,57.0,929.75
1780761085.98882,15,58.4375,916.5
1780761085.98882,15,59.765625,903.5
1780761085.98882,15,61.125,892.0
1780761085.98882,15,62.421875,881.5
1780761085.98882,15,65.296875,840.25
1780761085.98882,15,81.875,1698.75
1780761085.98882,4,83.15625,1698.0
1780761085.98882,4,84.484375,1696.75
1780761085.98882,5,85.859375,1686.5
1780761085.98882,4,87.171875,1686.75
1780761085.98882,5,88.53125,1696.5
1780761085.98882,5,89.890625,1685.25
1780761085.98882,15,91.21875,1675.0
1780761085.98882,5,92.609375,1676.5
1780761085.98882,15,100.421875,736.25
1780761085.98882,15,101.796875,730.75
1780761085.98882,15,103.203125,732.5
1780761085.98882,15,104.46875,735.25
1780761085.98882,15,105.703125,740.0
1780761085.98882,15,107.109375,746.25
1780761085.98882,15,108.390625,753.75
1780761085.98882,15,132.25,143.25
1780761085.98882,15,134.9375,135.0
1780761085.98882,15,136.28125,131.5
1780761085.98882,15,139.796875,128.0
1780761085.98882,15,138.984375,124.75
1780761085.98882,15,142.046875,122.0
1780761085.98882,15,142.625,119.75
1780761085.98882,15,145.0625,117.25
1780761085.98882,15,147.03125,115.25
1780761085.98882,15,149.5,113.25
1780761085.98882,15,150.984375,111.75
1780761085.98882,13,152.65625,110.25
1780761085.98882,15,153.8125,107.5
1780761085.98882,15,191.46875,100.0
1780761085.98882,15,194.09375,100.5
1780761085.98882,15,194.796875,101.0
1780761085.98882,15,195.234375,101.25
1780761085.98882,15,244.46875,713.0
1780761085.98882,15,245.84375,718.25
1780761085.98882,15,247.109375,733.5
1780761085.98882,15,248.421875,747.0
1780761085.98882,15,249.75,756.5
1780761085.98882,15,251.125,762.0
1780761085.98882,15,252.34375,766.75
1780761085.98882,15,253.796875,771.25
1780761085.98882,15,255.0625,773.25
1780761085.98882,15,256.390625,774.5
1780761085.98882,15,257.8125,770.25
1780761085.98882,15,259.125,765.25
1780761085.98882,15,265.25,563.75
1780761085.98882,15,266.5,562.5
1780761085.98882,15,267.921875,561.25
1780761085.98882,15,269.296875,561.0
1780761085.98882,15,270.71875,561.0
1780761085.98882,15,271.890625,561.5
1780761085.98882,15,273.140625,561.75
1780761085.98882,15,274.53125,562.0
1780761085.98882,15,275.90625,563.75
1780761085.98882,15,279.84375,389.75
1780761085.98882,15,281.0625,385.0
1780761085.98882,15,282.53125,380.5
1780761085.98882,15,283.953125,376.75
1780761085.98882,15,285.421875,373.75
1780761085.98882,15,286.9375,371.25
1780761085.98882,15,288.203125,369.0
1780761085.98882,15,294.328125,617.0
1780761085.98882,15,295.796875,624.0
1780761085.98882,15,297.015625,631.75
1780761085.98882,15,298.3125,639.0
1780761085.98882,15,323.703125,2294.25
1780761085.98882,15,330.4375,2294.5
1780761085.98882,15,334.96875,1243.5
1780761085.98882,5,336.375,1245.0
1780761085.98882,15,337.703125,1251.0
1780761086.1268284,15,357.15625,2783.75
1780761086.1268284,15,358.5,2787.75
1780761086.1268284,15,359.875,2779.75
1780761086.1268284,15,3.90625,2775.75
1780761086.1268284,15,5.234375,2774.75
1780761086.1268284,15,9.28125,2785.75
1780761086.1268284,15,38.28125,1225.25
1780761086.1268284,15,39.640625,1197.0
1780761086.1268284,15,42.453125,1139.0
1780761086.1268284,15,45.15625,1083.75
1780761086.1268284,15,46.546875,1057.5
1780761086.1268284,15,47.890625,1033.5
1780761086.1268284,9,49.359375,1015.25
1780761086.1268284,15,50.65625,998.5
1780761086.1268284,15,52.09375,981.25
1780761086.1268284,15,53.375,964.5
1780761086.1268284,15,54.796875,948.75
1780761086.1268284,15,56.109375,935.0
1780761086.1268284,15,57.546875,924.25
1780761086.1268284,15,58.90625,912.0
1780761086.1268284,15,60.265625,900.0
1780761086.1268284,15,61.65625,888.5
1780761086.1268284,15,62.953125,878.0
1780761086.1268284,15,65.734375,843.5
1780761086.1268284,15,79.59375,1730.0
1780761086.1268284,15,80.96875,1709.25
1780761086.1268284,15,82.28125,1699.0
1780761086.1268284,5,84.96875,1698.0
1780761086.1268284,4,86.296875,1697.0
1780761086.1268284,15,87.671875,1696.25
1780761086.1268284,15,90.359375,1685.75
1780761086.1268284,4,91.640625,1686.5
1780761086.1268284,5,93.0,1697.0
1780761086.1268284,15,100.828125,729.25
1780761086.1268284,15,102.109375,731.0
1780761086.1268284,15,103.5,732.75
1780761086.1268284,15,104.9375,736.25
1780761086.1268284,15,106.265625,741.0
1780761086.1268284,15,107.53125,747.5
1780761086.1268284,15,131.390625,146.0
1780761086.1268284,15,132.71875,141.75
1780761086.1268284,15,134.0625,137.75
1780761086.1268284,15,135.40625,133.75
1780761086.1268284,15,136.75,130.0
1780761086.1268284,15,138.09375,126.75
1780761086.1268284,15,141.609375,123.75
1780761086.1268284,15,142.84375,121.25
1780761086.1268284,15,144.8125,118.75
1780761086.1268284,15,145.625,116.5
1780761086.1268284,15,147.390625,114.25
1780761086.1268284,15,148.5625,112.0
1780761086.1268284,15,150.21875,110.75
1780761086.1268284,15,151.59375,109.25
1780761086.1268284,11,153.4375,107.5
1780761086.1268284,15,191.796875,100.0
1780761086.1268284,15,192.640625,100.25
1780761086.1268284,15,194.546875,100.5
1780761086.1268284,15,244.828125,711.5
1780761086.1268284,15,246.15625,721.75
1780761086.1268284,15,247.453125,736.75
1780761086.1268284,15,248.796875,749.5
1780761086.1268284,15,250.0,758.0
1780761086.1268284,15,251.359375,764.75
1780761086.1268284,15,252.640625,769.25
1780761086.1268284,15,254.0625,773.0
1780761086.1268284,15,255.390625,775.0
1780761086.1268284,15,256.8125,773.75
1780761086.1268284,15,258.0,769.25
1780761086.1268284,15,259.515625,761.75
1780761086.1268284,15,265.609375,563.5
1780761086.1268284,15,266.96875,562.5
1780761086.1268284,15,268.1875,561.5
1780761086.1268284,15,269.578125,560.75
1780761086.1268284,15,270.953125,560.75
1780761086.1268284,15,272.171875,561.25
1780761086.1268284,15,273.453125,561.75
1780761086.1268284,15,274.921875,562.5
1780761086.1268284,15,276.359375,563.75
1780761086.1268284,15,280.265625,388.0
1780761086.1268284,15,281.65625,383.75
1780761086.1268284,15,283.171875,379.5
1780761086.1268284,15,284.328125,376.0
1780761086.1268284,15,285.5625,373.0
1780761086.1268284,15,287.078125,370.25
1780761086.1268284,15,288.328125,368.0
1780761086.1268284,15,294.75,617.0
1780761086.1268284,15,296.125,624.0
1780761086.1268284,15,297.25,632.25
1780761086.1268284,15,298.71875,640.0
1780761086.1268284,15,310.75,1772.25
1780761086.1268284,15,312.03125,1821.25
1780761086.1268284,15,324.0,2294.25
1780761086.1268284,15,325.3125,2294.25
1780761086.1268284,15,335.265625,1243.5
1780761086.1268284,5,336.59375,1245.0
1780761086.1268284,15,337.984375,1251.25
1780761086.2608936,15,5.46875,2785.0
1780761086.2608936,15,37.09375,1255.25
1780761086.2608936,15,38.40625,1225.5
1780761086.2608936,15,39.796875,1197.25
1780761086.2608936,15,42.578125,1137.0
1780761086.2608936,15,45.296875,1081.0
1780761086.2608936,15,46.71875,1054.75
1780761086.2608936,15,48.046875,1031.75
1780761086.2608936,10,49.46875,1013.25
1780761086.2608936,15,50.796875,995.5
1780761086.2608936,15,52.171875,978.75
1780761086.2608936,15,53.515625,962.25
1780761086.2608936,15,54.890625,946.5
1780761086.2608936,15,56.3125,933.25
1780761086.2608936,15,57.671875,923.0
1780761086.2608936,15,58.9375,911.0
1780761086.2608936,15,60.375,899.0
1780761086.2608936,15,61.765625,887.5
1780761086.2608936,15,63.03125,877.25
1780761086.2608936,15,79.734375,1720.25
1780761086.2608936,15,81.09375,1709.25
1780761086.2608936,4,82.40625,1698.75
1780761086.2608936,4,83.6875,1698.0
1780761086.2608936,5,85.078125,1697.5
1780761086.2608936,15,86.375,1696.75
1780761086.2608936,5,87.75,1686.5
1780761086.2608936,4,89.09375,1687.0
1780761086.2608936,6,90.40625,1686.75
1780761086.2608936,5,91.796875,1677.0
1780761086.2608936,5,93.09375,1677.0
1780761086.2608936,15,100.96875,729.75
1780761086.2608936,15,102.265625,731.25
1780761086.2608936,15,103.59375,733.5
1780761086.2608936,15,104.921875,736.75
1780761086.2608936,15,106.3125,741.75
1780761086.2608936,15,107.65625,748.0
1780761086.2608936,15,132.546875,141.25
1780761086.2608936,15,134.15625,137.5
1780761086.2608936,15,135.5,133.5
1780761086.2608936,15,137.34375,129.75
1780761086.2608936,15,138.171875,126.75
1780761086.2608936,15,141.96875,123.75
1780761086.2608936,15,143.078125,121.25
1780761086.2608936,15,144.75,118.75
1780761086.2608936,15,144.71875,116.5
1780761086.2608936,15,148.453125,114.0
1780761086.2608936,15,149.703125,112.0
1780761086.2608936,15,150.015625,110.5
1780761086.2608936,15,152.9375,109.0
1780761086.2608936,15,154.125,107.5
1780761086.2608936,15,191.234375,101.75
1780761086.2608936,15,192.578125,100.25
1780761086.2608936,15,194.703125,100.5
1780761086.2608936,15,194.640625,101.0
1780761086.2608936,15,197.21875,101.5
1780761086.2608936,15,197.8125,102.0
1780761086.2608936,15,244.90625,710.75
1780761086.2608936,15,246.25,722.75
1780761086.2608936,15,247.453125,737.75
1780761086.2608936,15,248.890625,749.5
1780761086.2608936,15,250.140625,758.0
1780761086.2608936,15,251.53125,765.0
1780761086.2608936,15,252.75,770.25
1780761086.2608936,15,254.125,773.5
1780761086.2608936,15,255.5,774.75
1780761086.2608936,15,256.890625,773.25
1780761086.2608936,15,258.203125,769.0
1780761086.2608936,15,259.59375,761.5
1780761086.2608936,15,265.671875,563.5
1780761086.2608936,15,266.953125,562.5
1780761086.2608936,15,268.15625,561.75
1780761086.2608936,15,269.5625,561.0
1780761086.2608936,15,271.015625,561.0
1780761086.2608936,15,272.3125,561.25
1780761086.2608936,15,273.578125,561.75
1780761086.2608936,15,274.953125,562.75
1780761086.2608936,15,276.28125,565.25
1780761086.2608936,15,280.359375,388.0
1780761086.2608936,15,281.734375,383.5
1780761086.2608936,15,282.921875,379.25
1780761086.2608936,15,284.21875,375.75
1780761086.2608936,15,285.9375,372.75
1780761086.2608936,15,287.296875,370.25
1780761086.2608936,15,288.75,368.25
1780761086.2608936,15,294.875,617.5
1780761086.2608936,15,296.1875,624.5
1780761086.2608936,15,297.59375,632.5
1780761086.2608936,15,298.78125,640.75
1780761086.2608936,15,324.15625,2294.25
1780761086.2608936,5,335.390625,1244.0
1780761086.2608936,6,336.75,1245.25
1780761086.2608936,15,338.109375,1251.5
