timestamp,quality,angle_deg,distance_mm
1780761159.1469736,15,69.875,620.75
1780761159.1469736,15,71.28125,624.75
1780761159.1469736,15,74.40625,975.75
1780761159.1469736,15,79.390625,1338.75
1780761159.1469736,15,84.6875,1338.5
1780761159.1469736,15,85.953125,1355.75
1780761159.1469736,15,87.3125,1354.25
1780761159.1469736,15,88.625,1349.5
1780761159.1469736,15,89.96875,1344.75
1780761159.1469736,15,91.3125,1347.75
1780761159.1469736,15,92.65625,1347.5
1780761159.1469736,15,93.984375,1348.25
1780761159.1469736,15,95.359375,1351.75
1780761159.1469736,15,96.703125,1348.25
1780761159.1469736,15,98.03125,1345.5
1780761159.1469736,15,99.390625,1350.25
1780761159.1469736,15,100.71875,1356.5
1780761159.1469736,15,102.046875,1359.0
1780761159.1469736,15,104.6875,1361.0
1780761159.1469736,9,106.015625,1369.0
1780761159.1469736,15,107.375,1377.25
1780761159.1469736,15,108.71875,1381.25
1780761159.1469736,15,109.984375,1396.25
1780761159.1469736,15,117.984375,1469.25
1780761159.1469736,15,119.28125,1504.25
1780761159.1469736,6,120.625,1528.5
1780761159.1469736,15,121.9375,1530.5
1780761159.1469736,15,123.3125,1540.5
1780761159.1469736,15,124.578125,1560.25
1780761159.1469736,15,125.953125,1581.25
1780761159.1469736,15,127.234375,1610.25
1780761159.1469736,15,128.578125,1650.25
1780761159.1469736,15,131.234375,1695.25
1780761159.1469736,15,132.578125,1733.5
1780761159.1469736,15,136.40625,730.5
1780761159.1469736,15,137.78125,728.75
1780761159.1469736,15,139.078125,726.5
1780761159.1469736,15,140.328125,726.25
1780761159.1469736,15,141.796875,726.75
1780761159.1469736,15,143.140625,727.0
1780761159.1469736,15,144.484375,726.5
1780761159.1469736,15,171.234375,2294.25
1780761159.1469736,15,175.390625,1936.0
1780761159.1469736,15,176.75,1940.25
1780761159.1469736,15,178.09375,1938.75
1780761159.1469736,15,179.375,1938.75
1780761159.1469736,15,180.6875,1943.75
1780761159.1469736,9,182.0625,1958.25
1780761159.1469736,15,183.359375,1948.25
1780761159.1469736,8,184.71875,1944.25
1780761159.1469736,15,186.078125,1949.0
1780761159.1469736,15,187.375,1939.75
1780761159.1469736,15,188.734375,1929.0
1780761159.1469736,15,190.078125,1946.25
1780761159.1469736,15,191.40625,1952.25
1780761159.1469736,15,192.765625,1945.25
1780761159.1469736,15,194.0625,1960.75
1780761159.1469736,15,195.390625,1986.0
1780761159.1469736,15,218.984375,1044.75
1780761159.1469736,15,225.484375,1153.75
1780761159.1469736,15,226.84375,1137.25
1780761159.1469736,15,229.609375,1080.0
1780761159.1469736,15,231.0,1055.25
1780761159.1469736,15,232.296875,1032.0
1780761159.1469736,10,233.640625,1014.25
1780761159.1469736,15,234.984375,998.0
1780761159.1469736,15,236.359375,981.5
1780761159.1469736,15,237.8125,965.25
1780761159.1469736,15,239.140625,951.25
1780761159.1469736,15,240.515625,939.0
1780761159.1469736,15,241.875,928.25
1780761159.1469736,15,243.21875,916.0
1780761159.1469736,15,244.515625,905.0
1780761159.1469736,15,245.875,895.0
1780761159.1469736,15,247.203125,884.0
1780761159.1469736,15,248.609375,874.25
1780761159.1469736,15,249.90625,865.0
1780761159.1469736,15,251.3125,857.75
1780761159.1469736,15,252.671875,851.25
1780761159.1469736,15,253.984375,843.25
1780761159.1469736,15,255.34375,836.25
1780761159.1469736,15,256.59375,830.0
1780761159.1469736,15,257.921875,823.5
1780761159.1469736,15,259.359375,818.75
1780761159.1469736,15,260.609375,814.5
1780761159.1469736,15,262.015625,811.25
1780761159.1469736,15,263.390625,808.25
1780761159.1469736,15,264.6875,804.5
1780761159.1469736,15,266.109375,800.75
1780761159.1469736,15,267.375,799.0
1780761159.1469736,15,268.703125,798.5
1780761159.1469736,15,270.0625,797.25
1780761159.1469736,15,271.453125,795.75
1780761159.1469736,15,272.671875,795.0
1780761159.1469736,15,273.984375,796.25
1780761159.1469736,15,275.328125,797.0
1780761159.1469736,15,276.71875,797.25
1780761159.1469736,15,278.046875,799.75
1780761159.1469736,15,279.40625,803.0
1780761159.1469736,15,280.71875,805.0
1780761159.1469736,15,282.015625,807.25
1780761159.1469736,15,283.296875,810.5
1780761159.1469736,15,284.734375,813.0
1780761159.1469736,15,286.0,817.75
1780761159.1469736,15,287.265625,823.5
1780761159.1469736,15,288.59375,829.75
1780761159.1469736,15,289.890625,837.5
1780761159.1469736,15,293.890625,837.25
1780761159.1469736,3,305.34375,1433.25
1780761159.1469736,15,308.125,1302.75
1780761159.1469736,15,309.484375,1271.0
1780761159.1469736,15,312.1875,1202.75
1780761159.1469736,15,314.96875,1138.0
1780761159.1469736,15,316.34375,1110.25
1780761159.1469736,15,317.703125,1097.0
1780761159.1469736,6,320.375,1072.25
1780761159.1469736,15,321.734375,1095.5
1780761159.1469736,15,325.59375,1201.75
1780761159.1469736,14,328.28125,1177.25
1780761159.1469736,15,330.890625,1224.5
1780761159.1469736,15,332.203125,1236.0
1780761159.1469736,15,333.609375,1214.25
1780761159.1469736,15,334.9375,1193.75
1780761159.1469736,15,336.3125,1184.25
1780761159.1469736,15,337.546875,1187.0
1780761159.1469736,15,339.0,1185.75
1780761159.1469736,15,340.234375,1171.25
1780761159.1469736,15,341.640625,1159.5
1780761159.1469736,15,342.984375,1150.25
1780761159.1469736,15,346.28125,798.0
1780761159.1469736,15,347.515625,793.75
1780761159.1469736,15,348.84375,789.5
1780761159.1469736,15,350.203125,784.5
1780761159.1469736,15,351.515625,781.0
1780761159.284186,15,352.890625,778.25
1780761159.284186,15,354.3125,775.0
1780761159.284186,15,355.609375,772.5
1780761159.284186,15,356.96875,769.5
1780761159.284186,15,358.234375,766.75
1780761159.284186,15,359.640625,765.5
1780761159.284186,15,0.984375,764.5
1780761159.284186,15,2.25,766.5
1780761159.284186,15,3.546875,767.25
1780761159.284186,15,4.921875,767.25
1780761159.284186,15,6.140625,770.25
1780761159.284186,15,7.578125,772.5
1780761159.284186,15,8.828125,773.75
1780761159.284186,15,10.25,776.0
1780761159.284186,15,11.5,778.5
1780761159.284186,15,12.828125,780.5
1780761159.284186,15,20.265625,1123.0
1780761159.284186,14,21.609375,1141.0
1780761159.284186,13,22.9375,1159.75
1780761159.284186,15,34.953125,1140.75
1780761159.284186,15,36.390625,1137.0
1780761159.284186,15,37.65625,1141.75
1780761159.284186,15,42.078125,868.25
1780761159.284186,15,44.859375,817.5
1780761159.284186,15,46.375,796.0
1780761159.284186,15,47.75,774.75
1780761159.284186,15,49.109375,756.0
1780761159.284186,15,50.484375,739.75
1780761159.284186,15,51.84375,723.5
1780761159.284186,15,53.15625,708.5
1780761159.284186,15,54.578125,694.25
1780761159.284186,15,55.90625,680.75
1780761159.284186,15,57.390625,667.5
1780761159.284186,15,58.671875,655.0
1780761159.284186,15,60.03125,644.75
1780761159.284186,15,68.09375,643.25
1780761159.284186,15,71.328125,995.0
1780761159.284186,15,76.265625,1359.25
1780761159.284186,8,78.9375,1365.25
1780761159.284186,15,83.03125,1365.25
1780761159.284186,15,84.265625,1357.75
1780761159.284186,15,85.5625,1356.75
1780761159.284186,15,86.890625,1355.25
1780761159.284186,15,88.25,1350.0
1780761159.284186,15,89.625,1344.5
1780761159.284186,15,90.9375,1344.25
1780761159.284186,15,92.265625,1344.0
1780761159.284186,15,93.609375,1344.0
1780761159.284186,15,94.953125,1347.75
1780761159.284186,15,96.25,1348.0
1780761159.284186,15,97.609375,1345.0
1780761159.284186,15,98.921875,1350.25
1780761159.284186,15,100.21875,1356.75
1780761159.284186,15,102.90625,1359.0
1780761159.284186,8,104.234375,1365.0
1780761159.284186,9,105.578125,1372.0
1780761159.284186,15,106.890625,1376.0
1780761159.284186,15,112.234375,1409.5
1780761159.284186,7,113.578125,1411.25
1780761159.284186,15,114.84375,1426.5
1780761159.284186,15,116.15625,1449.25
1780761159.284186,15,117.515625,1458.0
1780761159.284186,15,118.796875,1475.25
1780761159.284186,6,120.109375,1510.5
1780761159.284186,15,121.484375,1530.0
1780761159.284186,15,122.828125,1540.0
1780761159.284186,15,124.140625,1559.75
1780761159.284186,15,125.484375,1580.25
1780761159.284186,15,126.796875,1594.25
1780761159.284186,15,128.046875,1624.25
1780761159.284186,15,129.390625,1661.25
1780761159.284186,15,130.71875,1696.0
1780761159.284186,15,134.484375,705.0
1780761159.284186,15,135.9375,702.75
1780761159.284186,15,137.265625,700.75
1780761159.284186,15,138.640625,699.0
1780761159.284186,15,139.984375,697.5
1780761159.284186,15,141.171875,697.25
1780761159.284186,15,142.546875,697.25
1780761159.284186,15,166.75,1619.5
1780761159.284186,15,176.0,1880.0
1780761159.284186,15,177.28125,1892.5
1780761159.284186,10,178.640625,1892.25
1780761159.284186,15,180.0625,1890.5
1780761159.284186,15,181.359375,1900.5
1780761159.284186,15,182.75,1888.25
1780761159.284186,15,184.046875,1881.25
1780761159.284186,15,185.390625,1891.75
1780761159.284186,15,186.734375,1896.0
1780761159.284186,15,188.0625,1903.0
1780761159.284186,15,189.40625,1906.75
1780761159.284186,15,190.765625,1907.25
1780761159.284186,15,192.109375,1904.25
1780761159.284186,15,193.40625,1901.25
1780761159.284186,15,194.78125,1914.75
1780761159.284186,15,218.234375,1043.75
1780761159.284186,15,219.609375,1021.5
1780761159.284186,15,220.84375,1021.75
1780761159.284186,15,226.046875,1141.25
1780761159.284186,15,227.40625,1121.75
1780761159.284186,8,228.78125,1093.25
1780761159.284186,15,230.21875,1067.0
1780761159.284186,15,231.5625,1042.0
1780761159.284186,15,232.859375,1020.25
1780761159.284186,15,234.234375,1005.0
1780761159.284186,15,235.65625,990.0
1780761159.284186,15,237.015625,975.0
1780761159.284186,15,238.328125,960.5
1780761159.284186,15,239.734375,945.5
1780761159.284186,15,241.03125,933.5
1780761159.284186,15,242.484375,921.0
1780761159.284186,15,243.78125,908.75
1780761159.284186,15,245.109375,900.0
1780761159.284186,15,246.46875,889.75
1780761159.284186,15,247.84375,879.5
1780761159.284186,15,249.171875,871.25
1780761159.284186,15,250.578125,863.25
1780761159.284186,15,251.890625,855.5
1780761159.284186,15,253.15625,849.0
1780761159.284186,15,254.609375,841.25
1780761159.284186,15,255.9375,834.5
1780761159.284186,15,257.1875,827.75
1780761159.284186,15,258.640625,821.75
1780761159.284186,15,259.9375,816.75
1780761159.284186,15,261.328125,812.0
1780761159.284186,15,262.609375,809.25
1780761159.284186,15,264.0,806.75
1780761159.284186,15,265.28125,804.5
1780761159.284186,15,266.59375,811.75
1780761159.284186,15,267.90625,809.0
1780761159.284186,15,269.296875,797.5
1780761159.284186,15,270.71875,796.75
1780761159.284186,15,271.96875,796.5
1780761159.284186,15,273.3125,795.75
1780761159.284186,15,274.578125,796.25
1780761159.284186,15,275.859375,797.75
1780761159.284186,15,277.34375,798.75
1780761159.284186,15,278.65625,801.75
1780761159.284186,15,279.890625,805.5
1780761159.284186,15,281.171875,807.75
1780761159.284186,15,282.515625,810.25
1780761159.284186,15,283.890625,812.75
1780761159.284186,15,285.234375,817.0
1780761159.284186,15,286.5,822.25
1780761159.284186,15,287.84375,828.5
1780761159.284186,15,289.15625,834.75
1780761159.284186,15,290.484375,841.25
1780761159.284186,15,291.796875,849.5
1780761159.284186,15,295.734375,850.75
1780761159.284186,15,307.28125,1418.0
1780761159.284186,15,310.03125,1326.25
1780761159.284186,15,312.78125,1249.25
1780761159.284186,15,314.09375,1224.5
1780761159.284186,15,315.5,1190.5
1780761159.284186,15,316.875,1160.0
1780761159.284186,15,318.203125,1140.25
1780761159.284186,15,320.921875,1095.5
1780761159.284186,15,322.296875,1113.5
1780761159.284186,15,323.59375,1139.25
1780761159.284186,15,326.1875,1210.25
1780761159.284186,15,327.515625,1218.25
1780761159.284186,15,328.875,1201.5
1780761159.284186,15,330.125,1201.75
1780761159.284186,6,331.421875,1230.25
1780761159.284186,15,332.8125,1247.5
1780761159.284186,15,334.109375,1237.25
1780761159.284186,15,335.515625,1223.75
1780761159.284186,15,336.859375,1215.25
1780761159.284186,15,338.140625,1204.0
1780761159.284186,15,339.53125,1191.5
1780761159.284186,15,340.90625,1181.0
1780761159.284186,15,342.25,1172.25
1780761159.284186,12,343.578125,1165.75
1780761159.284186,15,346.734375,833.75
1780761159.284186,15,348.078125,828.5
1780761159.284186,15,349.46875,823.75
1780761159.284186,15,350.84375,820.0
1780761159.4220102,15,352.125,816.0
1780761159.4220102,15,353.484375,813.0
1780761159.4220102,15,354.890625,810.0
1780761159.4220102,15,356.15625,807.5
1780761159.4220102,15,357.484375,805.75
1780761159.4220102,15,358.765625,803.25
1780761159.4220102,15,0.15625,801.25
1780761159.4220102,15,1.5,802.75
1780761159.4220102,15,2.8125,804.0
1780761159.4220102,15,4.1875,805.0
1780761159.4220102,15,5.5625,805.25
1780761159.4220102,15,6.828125,806.5
1780761159.4220102,13,8.109375,812.0
1780761159.4220102,15,9.59375,813.0
1780761159.4220102,15,10.921875,811.75
1780761159.4220102,15,12.140625,814.5
1780761159.4220102,15,17.046875,1137.25
1780761159.4220102,15,18.3125,1142.75
1780761159.4220102,12,19.625,1154.5
1780761159.4220102,15,20.96875,1171.75
1780761159.4220102,15,22.34375,1189.75
1780761159.4220102,15,31.671875,1198.25
1780761159.4220102,15,33.0,1184.25
1780761159.4220102,15,34.328125,1166.0
1780761159.4220102,15,35.78125,1165.25
1780761159.4220102,15,37.0625,1169.0
1780761159.4220102,15,40.125,904.25
1780761159.4220102,15,44.328125,824.5
1780761159.4220102,15,45.625,802.5
1780761159.4220102,15,47.03125,782.0
1780761159.4220102,15,48.5625,762.75
1780761159.4220102,15,49.8125,744.0
1780761159.4220102,15,51.34375,727.75
1780761159.4220102,15,52.5625,713.5
1780761159.4220102,15,54.109375,698.75
1780761159.4220102,15,55.453125,683.5
1780761159.4220102,15,56.765625,670.5
1780761159.4220102,15,58.046875,663.75
1780761159.4220102,15,63.546875,654.75
1780761159.4220102,15,64.890625,650.5
1780761159.4220102,15,68.140625,1015.5
1780761159.4220102,15,69.453125,1004.5
1780761159.4220102,9,70.75,1003.0
1780761159.4220102,15,77.1875,1340.75
1780761159.4220102,15,82.453125,1362.0
1780761159.4220102,15,83.78125,1359.0
1780761159.4220102,15,85.125,1351.75
1780761159.4220102,15,86.4375,1348.75
1780761159.4220102,15,87.734375,1352.75
1780761159.4220102,15,89.109375,1348.75
1780761159.4220102,15,90.453125,1344.5
1780761159.4220102,15,91.734375,1344.25
1780761159.4220102,15,93.078125,1344.5
1780761159.4220102,15,94.40625,1347.25
1780761159.4220102,15,95.796875,1350.5
1780761159.4220102,15,97.15625,1348.0
1780761159.4220102,15,98.40625,1349.75
1780761159.4220102,15,101.125,1356.0
1780761159.4220102,15,102.453125,1360.25
1780761159.4220102,15,109.109375,1374.0
1780761159.4220102,15,110.390625,1397.0
1780761159.4220102,15,111.734375,1409.5
1780761159.4220102,15,113.0625,1410.75
1780761159.4220102,15,114.390625,1419.5
1780761159.4220102,15,115.71875,1434.75
1780761159.4220102,15,117.09375,1450.0
1780761159.4220102,15,118.375,1470.75
1780761159.4220102,15,119.703125,1488.25
1780761159.4220102,6,121.046875,1511.75
1780761159.4220102,15,122.359375,1538.75
1780761159.4220102,15,123.671875,1559.25
1780761159.4220102,15,125.0,1580.0
1780761159.4220102,15,126.375,1590.25
1780761159.4220102,15,132.90625,678.0
1780761159.4220102,15,134.140625,675.75
1780761159.4220102,15,135.453125,674.0
1780761159.4220102,15,136.8125,672.0
1780761159.4220102,15,138.28125,670.0
1780761159.4220102,15,139.5625,668.75
1780761159.4220102,15,140.875,668.5
1780761159.4220102,15,175.421875,1846.0
1780761159.4220102,9,176.796875,1856.0
1780761159.4220102,15,178.0625,1863.75
1780761159.4220102,8,179.53125,1855.5
1780761159.4220102,10,180.875,1854.0
1780761159.4220102,10,182.203125,1863.25
1780761159.4220102,10,183.515625,1855.0
1780761159.4220102,10,184.890625,1848.0
1780761159.4220102,15,187.546875,1889.0
1780761159.4220102,11,188.890625,1870.0
1780761159.4220102,15,190.21875,1871.75
1780761159.4220102,15,191.546875,1882.0
1780761159.4220102,8,192.890625,1896.0
1780761159.4220102,8,194.1875,1887.5
1780761159.4220102,15,195.53125,1901.5
1780761159.4220102,15,218.921875,1027.75
1780761159.4220102,15,220.328125,1004.25
1780761159.4220102,10,221.625,996.5
1780761159.4220102,15,226.8125,1137.25
1780761159.4220102,15,229.578125,1079.75
1780761159.4220102,15,230.890625,1055.0
1780761159.4220102,15,232.328125,1032.0
1780761159.4220102,11,233.59375,1014.25
1780761159.4220102,15,235.03125,998.75
1780761159.4220102,15,236.359375,982.25
1780761159.4220102,15,237.671875,967.5
1780761159.4220102,15,239.109375,953.75
1780761159.4220102,15,240.453125,939.5
1780761159.4220102,15,241.84375,928.5
1780761159.4220102,15,243.125,916.25
1780761159.4220102,15,244.546875,904.5
1780761159.4220102,15,245.890625,894.25
1780761159.4220102,15,247.265625,885.0
1780761159.4220102,15,248.5625,877.25
1780761159.4220102,15,249.96875,867.5
1780761159.4220102,15,251.203125,859.75
1780761159.4220102,15,252.578125,853.0
1780761159.4220102,15,254.046875,843.5
1780761159.4220102,15,255.3125,836.5
1780761159.4220102,15,256.71875,832.5
1780761159.4220102,15,257.984375,826.25
1780761159.4220102,15,259.359375,819.0
1780761159.4220102,15,260.796875,815.25
1780761159.4220102,15,262.0,812.0
1780761159.4220102,15,263.421875,808.75
1780761159.4220102,15,264.796875,806.5
1780761159.4220102,15,266.0625,804.0
1780761159.4220102,15,267.46875,802.0
1780761159.4220102,15,268.734375,799.75
1780761159.4220102,15,270.09375,798.25
1780761159.4220102,15,271.484375,796.75
1780761159.4220102,15,272.796875,797.25
1780761159.4220102,15,274.09375,798.0
1780761159.4220102,15,275.515625,798.5
1780761159.4220102,15,276.8125,799.0
1780761159.4220102,15,278.078125,800.0
1780761159.4220102,15,279.46875,803.0
1780761159.4220102,15,280.6875,806.0
1780761159.4220102,15,282.03125,808.5
1780761159.4220102,15,283.359375,811.25
1780761159.4220102,15,284.71875,813.75
1780761159.4220102,15,285.96875,818.25
1780761159.4220102,15,287.390625,826.25
1780761159.4220102,15,288.71875,832.5
1780761159.4220102,15,290.078125,839.0
1780761159.4220102,15,291.3125,847.25
1780761159.4220102,15,292.6875,854.25
1780761159.4220102,15,294.015625,860.25
1780761159.4220102,15,295.34375,867.75
1780761159.4220102,15,308.0625,1435.0
1780761159.4220102,4,309.4375,1415.75
1780761159.4220102,15,312.171875,1333.0
1780761159.4220102,15,314.921875,1246.0
1780761159.4220102,15,316.25,1225.0
1780761159.4220102,15,317.625,1197.25
1780761159.4220102,10,318.96875,1171.5
1780761159.4220102,15,320.296875,1151.0
1780761159.4220102,15,321.703125,1135.5
1780761159.4220102,15,323.03125,1142.25
1780761159.4220102,10,324.328125,1172.0
1780761159.4220102,15,326.890625,1248.5
1780761159.4220102,9,328.28125,1248.75
1780761159.4220102,15,329.625,1227.25
1780761159.4220102,15,330.96875,1232.75
1780761159.4220102,2,333.546875,1296.5
1780761159.4220102,15,336.3125,1246.5
1780761159.4220102,15,337.59375,1237.5
1780761159.4220102,15,338.984375,1227.0
1780761159.4220102,5,340.328125,1221.75
1780761159.4220102,15,341.640625,1214.0
1780761159.4220102,15,343.015625,1203.5
1780761159.4220102,15,344.375,1193.0
1780761159.4220102,15,347.484375,868.75
1780761159.4220102,15,348.703125,866.25
1780761159.4220102,15,350.015625,862.5
1780761159.4220102,15,351.40625,858.25
1780761159.5593524,15,352.796875,855.25
1780761159.5593524,15,354.125,852.75
1780761159.5593524,15,355.375,848.5
1780761159.5593524,15,356.734375,845.5
1780761159.5593524,15,358.09375,844.25
1780761159.5593524,15,359.484375,842.25
1780761159.5593524,15,0.78125,839.0
1780761159.5593524,15,2.09375,838.25
1780761159.5593524,15,3.40625,841.5
1780761159.5593524,15,4.8125,843.25
1780761159.5593524,15,6.046875,845.5
1780761159.5593524,15,7.34375,848.75
1780761159.5593524,15,8.796875,851.0
1780761159.5593524,15,10.046875,852.0
1780761159.5593524,15,11.421875,854.25
1780761159.5593524,15,12.8125,858.0
1780761159.5593524,15,15.015625,1167.0
1780761159.5593524,15,16.390625,1171.25
1780761159.5593524,15,17.640625,1176.25
1780761159.5593524,15,18.953125,1182.25
1780761159.5593524,15,20.359375,1198.75
1780761159.5593524,15,21.625,1216.5
1780761159.5593524,15,30.953125,1221.0
1780761159.5593524,15,32.375,1208.25
1780761159.5593524,15,33.6875,1196.25
1780761159.5593524,15,35.046875,1197.25
1780761159.5593524,15,38.0625,943.25
1780761159.5593524,15,39.484375,916.0
1780761159.5593524,15,42.15625,860.25
1780761159.5593524,15,44.9375,812.0
1780761159.5593524,15,46.359375,791.0
1780761159.5593524,15,47.703125,771.0
1780761159.5593524,15,49.109375,751.75
1780761159.5593524,15,50.40625,734.5
1780761159.5593524,15,51.875,719.5
1780761159.5593524,15,53.25,704.0
1780761159.5593524,15,54.578125,689.0
1780761159.5593524,15,56.0,687.75
1780761159.5593524,15,61.25,669.75
1780761159.5593524,15,62.71875,676.5
1780761159.5593524,15,67.328125,1018.25
1780761159.5593524,15,68.578125,1011.0
1780761159.5593524,15,74.984375,1360.5
1780761159.5593524,15,76.28125,1363.5
1780761159.5593524,15,80.28125,1369.25
1780761159.5593524,15,81.578125,1365.0
1780761159.5593524,15,82.953125,1360.5
1780761159.5593524,15,84.3125,1357.25
1780761159.5593524,15,85.71875,1356.0
1780761159.5593524,15,87.0,1354.5
1780761159.5593524,15,88.421875,1348.5
1780761159.5593524,15,89.75,1343.75
1780761159.5593524,15,91.046875,1344.0
1780761159.5593524,15,92.375,1343.75
1780761159.5593524,15,93.75,1347.0
1780761159.5593524,15,95.109375,1347.0
1780761159.5593524,15,96.375,1344.25
1780761159.5593524,15,99.0625,1349.5
1780761159.5593524,15,104.421875,1353.25
1780761159.5593524,9,105.796875,1366.5
1780761159.5593524,15,107.125,1375.5
1780761159.5593524,15,108.359375,1379.75
1780761159.5593524,15,109.6875,1382.75
1780761159.5593524,15,110.984375,1396.75
1780761159.5593524,15,112.328125,1410.0
1780761159.5593524,15,113.671875,1417.5
1780761159.5593524,15,114.984375,1426.25
1780761159.5593524,15,116.34375,1442.75
1780761159.5593524,15,117.6875,1458.75
1780761159.5593524,15,119.0,1476.25
1780761159.5593524,7,120.25,1510.75
1780761159.5593524,15,121.65625,1530.0
1780761159.5593524,15,122.96875,1539.75
1780761159.5593524,15,124.3125,1559.5
1780761159.5593524,15,125.609375,1580.0
1780761159.5593524,15,129.5,654.5
1780761159.5593524,15,130.96875,651.5
1780761159.5593524,15,132.359375,648.25
1780761159.5593524,15,133.640625,645.25
1780761159.5593524,15,134.859375,642.75
1780761159.5593524,15,136.390625,640.0
1780761159.5593524,15,137.71875,638.0
1780761159.5593524,15,138.96875,637.75
1780761159.5593524,15,167.0625,1559.5
1780761159.5593524,15,174.890625,1815.25
1780761159.5593524,15,176.21875,1819.25
1780761159.5593524,15,177.59375,1824.25
1780761159.5593524,15,179.0,1819.0
1780761159.5593524,15,180.359375,1802.75
1780761159.5593524,15,181.6875,1803.5
1780761159.5593524,15,183.03125,1801.5
1780761159.5593524,11,184.375,1821.75
1780761159.5593524,15,185.75,1834.5
1780761159.5593524,15,187.09375,1824.25
1780761159.5593524,12,188.390625,1832.0
1780761159.5593524,11,189.71875,1844.0
1780761159.5593524,12,191.078125,1850.5
1780761159.5593524,15,192.4375,1845.25
1780761159.5593524,15,193.75,1835.25
1780761159.5593524,15,195.125,1852.25
1780761159.5593524,15,196.421875,1890.25
1780761159.5593524,15,215.328125,1426.0
1780761159.5593524,15,219.84375,1014.0
1780761159.5593524,15,222.515625,970.5
1780761159.5593524,15,227.625,1121.25
1780761159.5593524,7,229.078125,1092.75
1780761159.5593524,15,230.4375,1066.75
1780761159.5593524,15,231.828125,1044.5
1780761159.5593524,15,233.125,1022.0
1780761159.5593524,15,234.515625,1004.5
1780761159.5593524,15,235.875,990.75
1780761159.5593524,15,237.234375,976.5
1780761159.5593524,15,238.625,961.5
1780761159.5593524,15,239.921875,946.25
1780761159.5593524,15,241.25,933.25
1780761159.5593524,15,242.625,920.25
1780761159.5593524,15,244.015625,909.75
1780761159.5593524,15,245.328125,901.5
1780761159.5593524,15,246.765625,890.75
1780761159.5593524,15,248.0625,880.75
1780761159.5593524,15,249.390625,872.75
1780761159.5593524,15,250.796875,864.0
1780761159.5593524,15,252.140625,857.0
1780761159.5593524,15,253.625,851.0
1780761159.5593524,15,254.953125,842.25
1780761159.5593524,15,256.234375,835.0
1780761159.5593524,15,257.65625,830.5
1780761159.5593524,15,258.984375,824.25
1780761159.5593524,15,260.328125,817.5
1780761159.5593524,15,261.71875,812.75
1780761159.5593524,15,262.984375,810.5
1780761159.5593524,15,264.375,808.25
1780761159.5593524,15,265.640625,806.0
1780761159.5593524,15,267.109375,803.75
1780761159.5593524,15,268.359375,801.75
1780761159.5593524,15,269.78125,800.5
1780761159.5593524,15,270.984375,800.5
1780761159.5593524,15,272.46875,797.25
1780761159.5593524,15,273.703125,796.25
1780761159.5593524,15,275.1875,799.25
1780761159.5593524,15,276.453125,800.0
1780761159.5593524,15,277.78125,802.25
1780761159.5593524,15,279.078125,805.0
1780761159.5593524,15,280.46875,807.25
1780761159.5593524,15,281.78125,809.75
1780761159.5593524,15,283.09375,812.25
1780761159.5593524,15,284.421875,816.0
1780761159.5593524,15,285.75,821.0
1780761159.5593524,15,287.078125,826.5
1780761159.5593524,15,288.390625,832.5
1780761159.5593524,15,289.65625,838.75
1780761159.5593524,15,290.9375,846.75
1780761159.5593524,15,292.265625,854.25
1780761159.5593524,15,293.625,859.5
1780761159.5593524,15,294.984375,866.75
1780761159.5593524,15,296.3125,875.5
1780761159.5593524,15,297.609375,883.75
1780761159.5593524,5,310.421875,1433.5
1780761159.5593524,15,313.171875,1327.25
1780761159.5593524,15,315.9375,1257.5
1780761159.5593524,15,317.203125,1244.5
1780761159.5593524,5,318.609375,1225.75
1780761159.5593524,15,319.984375,1198.25
1780761159.5593524,15,321.296875,1178.0
1780761159.5593524,15,322.703125,1157.75
1780761159.5593524,15,327.9375,1259.75
1780761159.5593524,15,329.328125,1272.75
1780761159.5593524,9,330.671875,1256.75
1780761159.5593524,15,331.96875,1256.5
1780761159.5593524,15,334.609375,1348.75
1780761159.5593524,15,337.34375,1271.75
1780761159.5593524,15,338.625,1272.25
1780761159.5593524,15,340.0625,1257.25
1780761159.5593524,9,341.390625,1245.0
1780761159.5593524,15,342.71875,1236.5
1780761159.5593524,15,344.03125,1226.5
1780761159.5593524,15,345.390625,1222.5
1780761159.5593524,15,348.421875,907.25
1780761159.5593524,15,349.796875,900.5
1780761159.5593524,15,351.15625,897.0
1780761159.6970375,15,352.4375,893.25
1780761159.6970375,15,353.859375,889.75
1780761159.6970375,15,355.171875,887.0
1780761159.6970375,15,356.421875,884.5
1780761159.6970375,15,357.828125,882.5
1780761159.6970375,15,359.078125,879.75
1780761159.6970375,15,0.484375,879.5
1780761159.6970375,15,1.84375,880.0
1780761159.6970375,15,3.109375,878.25
1780761159.6970375,15,4.5,879.75
1780761159.6970375,15,5.796875,882.75
1780761159.6970375,15,7.21875,884.25
1780761159.6970375,15,8.515625,884.5
1780761159.6970375,15,9.890625,886.5
1780761159.6970375,15,11.109375,890.75
1780761159.6970375,15,16.078125,1204.0
1780761159.6970375,15,17.34375,1211.5
1780761159.6970375,15,18.71875,1215.25
1780761159.6970375,9,20.046875,1230.75
1780761159.6970375,15,29.296875,1261.0
1780761159.6970375,15,32.046875,1218.75
1780761159.6970375,15,33.40625,1214.5
1780761159.6970375,15,34.671875,1221.0
1780761159.6970375,15,39.234375,916.75
1780761159.6970375,15,42.03125,862.0
1780761159.6970375,15,44.765625,810.75
1780761159.6970375,15,46.21875,788.75
1780761159.6970375,15,47.515625,769.5
1780761159.6970375,15,48.9375,751.0
1780761159.6970375,15,50.453125,734.25
1780761159.6970375,15,51.78125,718.5
1780761159.6970375,15,53.125,709.25
1780761159.6970375,15,58.546875,693.25
1780761159.6970375,15,59.875,697.25
1780761159.6970375,15,64.5,1043.5
1780761159.6970375,15,65.765625,1029.75
1780761159.6970375,15,67.109375,1029.25
1780761159.6970375,15,74.78125,1373.25
1780761159.6970375,7,78.828125,1372.0
1780761159.6970375,8,80.1875,1368.5
1780761159.6970375,15,81.515625,1363.75
1780761159.6970375,15,82.875,1359.5
1780761159.6970375,15,84.1875,1358.0
1780761159.6970375,15,85.546875,1356.0
1780761159.6970375,15,86.859375,1354.25
1780761159.6970375,15,88.234375,1349.5
1780761159.6970375,15,89.546875,1344.5
1780761159.6970375,15,90.921875,1344.0
1780761159.6970375,15,92.21875,1344.25
1780761159.6970375,15,93.5625,1344.25
1780761159.6970375,15,100.25,1338.75
1780761159.6970375,15,101.625,1351.25
1780761159.6970375,15,102.9375,1359.0
1780761159.6970375,15,104.265625,1365.0
1780761159.6970375,6,105.59375,1371.0
1780761159.6970375,8,106.890625,1374.75
1780761159.6970375,15,108.203125,1377.75
1780761159.6970375,15,109.53125,1382.25
1780761159.6970375,15,110.796875,1397.25
1780761159.6970375,15,112.1875,1409.5
1780761159.6970375,15,113.515625,1417.25
1780761159.6970375,15,114.796875,1425.75
1780761159.6970375,15,116.125,1442.0
1780761159.6970375,15,117.453125,1457.75
1780761159.6970375,15,118.796875,1470.5
1780761159.6970375,8,120.09375,1486.75
1780761159.6970375,15,121.4375,1511.0
1780761159.6970375,15,122.75,1539.5
1780761159.6970375,15,128.109375,627.5
1780761159.6970375,15,129.5,622.25
1780761159.6970375,15,130.90625,618.25
1780761159.6970375,15,132.09375,616.5
1780761159.6970375,15,133.40625,614.75
1780761159.6970375,15,134.78125,612.75
1780761159.6970375,15,136.296875,610.75
1780761159.6970375,15,166.875,1529.5
1780761159.6970375,15,173.4375,1822.0
1780761159.6970375,15,174.765625,1794.0
1780761159.6970375,15,176.125,1802.25
1780761159.6970375,15,177.46875,1804.5
1780761159.6970375,15,178.859375,1789.0
1780761159.6970375,15,180.171875,1782.0
1780761159.6970375,15,181.515625,1786.75
1780761159.6970375,15,182.859375,1792.0
1780761159.6970375,15,184.1875,1798.25
1780761159.6970375,15,185.515625,1791.25
1780761159.6970375,15,186.84375,1787.75
1780761159.6970375,15,188.203125,1789.0
1780761159.6970375,15,189.53125,1784.25
1780761159.6970375,15,190.859375,1793.75
1780761159.6970375,15,192.1875,1804.5
1780761159.6970375,15,193.5625,1806.5
1780761159.6970375,15,194.90625,1807.25
1780761159.6970375,15,196.234375,1826.75
1780761159.6970375,15,206.875,2052.0
1780761159.6970375,15,216.609375,1409.25
1780761159.6970375,15,219.65625,1025.5
1780761159.6970375,11,222.40625,963.75
1780761159.6970375,15,223.78125,946.5
1780761159.6970375,12,225.109375,947.25
1780761159.6970375,15,230.25,1070.25
1780761159.6970375,15,231.59375,1049.75
1780761159.6970375,15,232.96875,1025.25
1780761159.6970375,14,234.25,1007.5
1780761159.6970375,15,235.671875,992.75
1780761159.6970375,15,237.03125,975.5
1780761159.6970375,15,238.421875,962.75
1780761159.6970375,15,239.671875,950.0
1780761159.6970375,15,241.046875,935.75
1780761159.6970375,15,242.359375,924.0
1780761159.6970375,15,243.796875,912.25
1780761159.6970375,15,245.171875,902.25
1780761159.6970375,15,246.40625,892.0
1780761159.6970375,15,247.78125,880.25
1780761159.6970375,15,249.21875,871.75
1780761159.6970375,15,250.484375,863.5
1780761159.6970375,15,251.953125,857.75
1780761159.6970375,15,253.34375,852.75
1780761159.6970375,15,254.703125,844.75
1780761159.6970375,15,255.984375,837.25
1780761159.6970375,15,257.390625,832.0
1780761159.6970375,15,258.75,825.0
1780761159.6970375,15,260.0,819.75
1780761159.6970375,15,261.328125,815.25
1780761159.6970375,15,262.703125,811.5
1780761159.6970375,15,264.046875,810.25
1780761159.6970375,15,265.421875,807.5
1780761159.6970375,15,266.796875,805.5
1780761159.6970375,15,268.078125,803.75
1780761159.6970375,15,269.375,802.0
1780761159.6970375,15,270.71875,801.0
1780761159.6970375,15,272.078125,800.75
1780761159.6970375,15,273.453125,801.0
1780761159.6970375,15,276.125,802.0
1780761159.6970375,15,277.4375,803.5
1780761159.6970375,15,278.78125,805.0
1780761159.6970375,15,280.125,807.75
1780761159.6970375,15,281.375,810.75
1780761159.6970375,15,282.71875,812.25
1780761159.6970375,15,284.140625,816.75
1780761159.6970375,15,285.46875,821.0
1780761159.6970375,15,286.6875,824.0
1780761159.6970375,15,288.078125,830.5
1780761159.6970375,15,289.359375,838.75
1780761159.6970375,15,290.75,846.5
1780761159.6970375,15,292.0,853.75
1780761159.6970375,15,293.34375,859.75
1780761159.6970375,15,294.703125,867.5
1780761159.6970375,15,295.9375,876.0
1780761159.6970375,15,297.265625,884.0
1780761159.6970375,15,298.640625,893.25
1780761159.6970375,15,299.96875,903.25
1780761159.6970375,15,301.3125,912.25
1780761159.6970375,15,302.65625,909.25
1780761159.6970375,15,311.390625,1435.25
1780761159.6970375,15,312.734375,1418.25
1780761159.6970375,15,315.453125,1346.75
1780761159.6970375,15,318.1875,1257.25
1780761159.6970375,15,319.578125,1244.5
1780761159.6970375,15,320.90625,1231.25
1780761159.6970375,15,322.234375,1203.75
1780761159.6970375,15,323.59375,1182.75
1780761159.6970375,15,324.953125,1194.75
1780761159.6970375,15,326.28125,1226.75
1780761159.6970375,15,327.515625,1255.0
1780761159.6970375,15,336.859375,1339.25
1780761159.6970375,15,338.1875,1325.75
1780761159.6970375,15,339.625,1307.0
1780761159.6970375,15,340.90625,1286.5
1780761159.6970375,15,342.25,1275.0
1780761159.6970375,15,343.625,1258.75
1780761159.6970375,15,344.96875,1246.0
1780761159.6970375,15,348.09375,937.75
1780761159.6970375,15,349.375,933.25
1780761159.6970375,15,350.734375,928.75
1780761159.8344357,15,352.046875,927.75
1780761159.8344357,15,353.4375,926.75
1780761159.8344357,15,354.734375,922.0
1780761159.8344357,15,356.140625,919.0
1780761159.8344357,15,357.375,918.0
1780761159.8344357,15,358.828125,917.75
1780761159.8344357,15,0.0625,917.75
1780761159.8344357,15,1.421875,917.75
1780761159.8344357,15,2.734375,917.75
1780761159.8344357,15,4.1875,917.75
1780761159.8344357,15,5.515625,917.75
1780761159.8344357,15,6.734375,920.75
1780761159.8344357,15,8.125,921.0
1780761159.8344357,15,9.453125,921.0
1780761159.8344357,15,10.859375,923.0
1780761159.8344357,11,15.6875,1227.75
1780761159.8344357,10,17.0,1236.75
1780761159.8344357,15,18.296875,1245.0
1780761159.8344357,15,19.640625,1260.5
1780761159.8344357,15,28.953125,1282.5
1780761159.8344357,15,30.28125,1270.75
1780761159.8344357,15,31.578125,1250.75
1780761159.8344357,15,32.9375,1250.25
1780761159.8344357,15,38.890625,919.0
1780761159.8344357,15,41.640625,865.25
1780761159.8344357,15,44.421875,813.75
1780761159.8344357,15,45.734375,792.5
1780761159.8344357,15,47.203125,771.0
1780761159.8344357,15,48.5,752.0
1780761159.8344357,15,49.953125,734.5
1780761159.8344357,15,56.671875,709.5
1780761159.8344357,15,62.8125,1056.0
1780761159.8344357,15,64.1875,1039.5
1780761159.8344357,7,71.765625,1391.5
1780761159.8344357,15,73.125,1381.0
1780761159.8344357,10,77.140625,1376.75
1780761159.8344357,9,78.515625,1373.25
1780761159.8344357,15,79.859375,1368.0
1780761159.8344357,15,81.15625,1364.25
1780761159.8344357,15,82.5625,1361.0
1780761159.8344357,15,83.765625,1357.75
1780761159.8344357,15,85.1875,1354.5
1780761159.8344357,15,86.515625,1348.5
1780761159.8344357,15,87.84375,1348.5
1780761159.8344357,15,89.140625,1348.75
1780761159.8344357,15,90.546875,1344.5
1780761159.8344357,15,98.53125,1347.75
1780761159.8344357,15,99.84375,1351.0
1780761159.8344357,15,101.1875,1357.25
1780761159.8344357,15,102.484375,1358.75
1780761159.8344357,15,103.875,1362.25
1780761159.8344357,8,105.21875,1367.5
1780761159.8344357,8,106.5625,1372.25
1780761159.8344357,15,107.84375,1376.75
1780761159.8344357,15,109.1875,1380.0
1780761159.8344357,15,110.453125,1394.75
1780761159.8344357,15,111.78125,1409.25
1780761159.8344357,15,113.125,1410.75
1780761159.8344357,15,114.453125,1425.75
1780761159.8344357,15,115.796875,1448.0
1780761159.8344357,15,117.109375,1457.0
1780761159.8344357,15,118.453125,1468.5
1780761159.8344357,15,119.734375,1486.25
1780761159.8344357,15,125.203125,606.0
1780761159.8344357,15,126.6875,601.75
1780761159.8344357,15,128.015625,597.75
1780761159.8344357,15,129.34375,594.25
1780761159.8344357,15,130.6875,591.75
1780761159.8344357,15,131.875,588.25
1780761159.8344357,15,133.359375,585.25
1780761159.8344357,15,134.578125,588.0
1780761159.8344357,15,165.359375,1453.0
1780761159.8344357,15,166.703125,1454.75
1780761159.8344357,15,173.25,1789.75
1780761159.8344357,15,174.5625,1767.75
1780761159.8344357,15,175.9375,1765.75
1780761159.8344357,15,177.28125,1767.25
1780761159.8344357,15,178.578125,1763.25
1780761159.8344357,15,179.921875,1750.5
1780761159.8344357,15,181.234375,1746.75
1780761159.8344357,12,182.59375,1755.25
1780761159.8344357,15,183.9375,1746.75
1780761159.8344357,15,185.28125,1741.75
1780761159.8344357,15,186.65625,1760.0
1780761159.8344357,9,187.953125,1766.0
1780761159.8344357,10,189.28125,1758.75
1780761159.8344357,15,190.640625,1761.0
1780761159.8344357,15,192.0,1761.5
1780761159.8344357,15,193.296875,1778.0
1780761159.8344357,15,194.65625,1785.0
1780761159.8344357,15,196.015625,1785.0
1780761159.8344357,15,197.296875,1815.5
1780761159.8344357,2,205.015625,2808.5
1780761159.8344357,3,216.28125,1422.25
1780761159.8344357,10,222.078125,968.5
1780761159.8344357,15,223.515625,943.75
1780761159.8344357,15,224.84375,920.75
1780761159.8344357,15,226.203125,917.25
1780761159.8344357,15,231.484375,1049.75
1780761159.8344357,15,232.8125,1029.0
1780761159.8344357,9,234.234375,1012.0
1780761159.8344357,15,235.484375,995.75
1780761159.8344357,15,236.859375,977.75
1780761159.8344357,15,238.265625,963.0
1780761159.8344357,15,239.59375,950.0
1780761159.8344357,15,240.96875,935.25
1780761159.8344357,15,242.3125,924.0
1780761159.8344357,15,243.78125,913.0
1780761159.8344357,15,245.15625,902.5
1780761159.8344357,15,246.53125,892.25
1780761159.8344357,15,247.796875,881.0
1780761159.8344357,15,249.109375,874.25
1780761159.8344357,15,250.46875,865.75
1780761159.8344357,15,251.9375,858.0
1780761159.8344357,15,253.25,851.5
1780761159.8344357,15,254.59375,843.75
1780761159.8344357,15,255.9375,838.75
1780761159.8344357,15,257.234375,833.25
1780761159.8344357,15,258.71875,825.25
1780761159.8344357,15,259.953125,820.0
1780761159.8344357,15,261.328125,815.5
1780761159.8344357,15,262.6875,811.75
1780761159.8344357,15,264.078125,810.5
1780761159.8344357,15,265.375,807.5
1780761159.8344357,15,266.734375,805.75
1780761159.8344357,15,268.140625,804.0
1780761159.8344357,15,269.515625,802.25
1780761159.8344357,15,270.75,801.25
1780761159.8344357,15,272.203125,800.75
1780761159.8344357,15,273.515625,801.0
1780761159.8344357,15,274.765625,802.0
1780761159.8344357,15,276.015625,802.75
1780761159.8344357,7,277.25,812.25
1780761159.8344357,15,278.765625,815.0
1780761159.8344357,15,280.015625,809.25
1780761159.8344357,15,281.421875,810.75
1780761159.8344357,15,282.703125,814.5
1780761159.8344357,15,284.015625,818.75
1780761159.8344357,15,285.375,821.25
1780761159.8344357,15,286.609375,827.75
1780761159.8344357,15,287.96875,835.0
1780761159.8344357,15,289.359375,840.0
1780761159.8344357,15,290.703125,847.0
1780761159.8344357,15,291.9375,854.25
1780761159.8344357,15,293.34375,860.0
1780761159.8344357,15,294.5625,868.0
1780761159.8344357,15,295.96875,876.75
1780761159.8344357,15,297.28125,884.75
1780761159.8344357,15,298.5625,894.25
1780761159.8344357,15,299.984375,905.0
1780761159.8344357,15,301.296875,917.75
1780761159.8344357,15,312.828125,1443.75
1780761159.8344357,6,314.140625,1433.25
1780761159.8344357,4,315.546875,1408.0
1780761159.8344357,15,318.265625,1332.0
1780761159.8344357,7,320.96875,1250.75
1780761159.8344357,15,322.390625,1243.5
1780761159.8344357,15,323.796875,1225.5
1780761159.8344357,15,325.15625,1209.25
1780761159.8344357,8,326.484375,1227.0
1780761159.8344357,15,331.765625,1355.25
1780761159.8344357,15,333.109375,1344.5
1780761159.8344357,15,335.71875,1408.75
1780761159.8344357,15,337.078125,1388.75
1780761159.8344357,15,338.4375,1364.5
1780761159.8344357,15,339.8125,1356.25
1780761159.8344357,15,341.234375,1342.25
1780761159.8344357,15,342.546875,1331.75
1780761159.8344357,15,343.875,1314.5
1780761159.8344357,15,345.265625,1287.75
1780761159.8344357,15,348.25,969.0
1780761159.8344357,15,349.703125,969.75
1780761159.8344357,15,351.015625,965.0
1780761159.9720495,15,352.328125,961.25
1780761159.9720495,15,353.671875,957.75
1780761159.9720495,15,355.140625,955.5
1780761159.9720495,13,356.40625,953.0
1780761159.9720495,15,357.765625,950.5
1780761159.9720495,15,359.171875,944.0
1780761159.9720495,15,0.40625,943.75
1780761159.9720495,15,1.859375,947.5
1780761159.9720495,15,3.171875,946.0
1780761159.9720495,15,4.4375,948.5
1780761159.9720495,13,5.84375,951.5
1780761159.9720495,15,7.140625,952.5
1780761159.9720495,15,8.46875,954.0
1780761159.9720495,15,9.875,956.25
1780761159.9720495,15,14.828125,1268.0
1780761159.9720495,15,16.171875,1270.5
1780761159.9720495,15,17.4375,1279.75
1780761159.9720495,15,30.90625,1277.25
1780761159.9720495,15,32.21875,1276.5
1780761159.9720495,15,38.078125,931.75
1780761159.9720495,15,43.640625,822.0
1780761159.9720495,15,45.078125,799.25
1780761159.9720495,15,46.4375,778.25
1780761159.9720495,15,47.84375,757.0
1780761159.9720495,7,51.96875,742.0
1780761159.9720495,15,53.375,731.75
1780761159.9720495,8,54.625,733.25
1780761159.9720495,15,60.734375,1080.0
1780761159.9720495,15,62.09375,1064.5
1780761159.9720495,15,69.859375,1409.5
1780761159.9720495,15,71.1875,1400.5
1780761159.9720495,8,76.59375,1378.5
1780761159.9720495,10,77.9375,1375.0
1780761159.9720495,15,79.28125,1370.75
1780761159.9720495,15,80.609375,1364.25
1780761159.9720495,15,82.0,1359.5
1780761159.9720495,15,83.28125,1358.75
1780761159.9720495,15,84.5625,1357.25
1780761159.9720495,15,85.9375,1350.5
1780761159.9720495,15,92.640625,1344.5
1780761159.9720495,15,94.015625,1344.0
1780761159.9720495,15,95.359375,1344.0
1780761159.9720495,15,96.703125,1344.5
1780761159.9720495,15,98.03125,1345.0
1780761159.9720495,15,99.375,1349.75
1780761159.9720495,15,100.71875,1356.0
1780761159.9720495,15,102.03125,1358.5
1780761159.9720495,15,103.375,1362.25
1780761159.9720495,15,104.671875,1363.75
1780761159.9720495,10,106.015625,1369.0
1780761159.9720495,8,107.28125,1375.75
1780761159.9720495,15,108.6875,1379.75
1780761159.9720495,15,110.03125,1384.75
1780761159.9720495,15,111.28125,1398.0
1780761159.9720495,15,112.65625,1410.0
1780761159.9720495,6,113.953125,1417.75
1780761159.9720495,15,115.25,1433.25
1780761159.9720495,15,116.59375,1449.5
1780761159.9720495,15,122.09375,586.5
1780761159.9720495,15,123.5,581.25
1780761159.9720495,15,124.828125,576.25
1780761159.9720495,15,126.3125,571.5
1780761159.9720495,15,127.640625,566.5
1780761159.9720495,15,129.046875,562.5
1780761159.9720495,15,130.21875,559.25
1780761159.9720495,15,164.8125,1426.0
1780761159.9720495,15,166.1875,1428.0
1780761159.9720495,15,174.046875,1716.0
1780761159.9720495,15,175.359375,1716.25
1780761159.9720495,15,176.71875,1739.0
1780761159.9720495,15,178.046875,1745.75
1780761159.9720495,15,179.453125,1727.5
1780761159.9720495,15,180.78125,1721.75
1780761159.9720495,15,182.125,1727.5
1780761159.9720495,15,183.46875,1723.0
1780761159.9720495,15,184.84375,1717.25
1780761159.9720495,15,186.125,1720.75
1780761159.9720495,15,187.5,1729.0
1780761159.9720495,15,188.84375,1727.75
1780761159.9720495,15,190.1875,1733.0
1780761159.9720495,15,191.484375,1738.25
1780761159.9720495,15,192.84375,1734.5
1780761159.9720495,15,194.15625,1729.75
1780761159.9720495,15,195.484375,1739.0
1780761159.9720495,15,196.875,1762.25
1780761159.9720495,2,204.546875,2808.5
1780761159.9720495,15,215.796875,1432.75
1780761159.9720495,15,218.546875,1333.0
1780761159.9720495,15,222.96875,953.5
1780761159.9720495,15,224.296875,933.0
1780761159.9720495,15,225.6875,911.25
1780761159.9720495,15,227.0625,895.25
1780761159.9720495,15,228.5,903.0
1780761159.9720495,15,232.3125,1032.25
1780761159.9720495,15,233.71875,1014.75
1780761159.9720495,15,234.984375,998.5
1780761159.9720495,15,236.421875,985.5
1780761159.9720495,15,237.8125,972.0
1780761159.9720495,15,239.171875,958.0
1780761159.9720495,15,240.5,944.75
1780761159.9720495,15,241.84375,930.75
1780761159.9720495,15,243.234375,916.5
1780761159.9720495,15,244.5,905.75
1780761159.9720495,15,245.96875,898.0
1780761159.9720495,15,247.359375,888.75
1780761159.9720495,15,248.578125,878.75
1780761159.9720495,15,250.046875,870.5
1780761159.9720495,15,251.328125,863.25
1780761159.9720495,15,252.75,856.5
1780761159.9720495,15,254.03125,850.5
1780761159.9720495,15,255.46875,843.75
1780761159.9720495,15,256.765625,837.0
1780761159.9720495,15,258.15625,829.75
1780761159.9720495,15,259.5,824.0
1780761159.9720495,15,260.875,819.5
1780761159.9720495,15,262.140625,815.0
1780761159.9720495,15,263.484375,812.0
1780761159.9720495,15,264.875,810.0
1780761159.9720495,15,266.28125,807.25
1780761159.9720495,15,267.640625,805.5
1780761159.9720495,15,268.890625,804.75
1780761159.9720495,15,270.3125,804.0
1780761159.9720495,15,271.671875,802.75
1780761159.9720495,15,272.90625,801.75
1780761159.9720495,15,274.265625,801.75
1780761159.9720495,15,275.53125,803.25
1780761159.9720495,15,276.859375,805.5
1780761159.9720495,15,278.15625,806.75
1780761159.9720495,15,279.578125,809.75
1780761159.9720495,15,280.78125,812.25
1780761159.9720495,15,282.21875,813.25
1780761159.9720495,15,283.546875,817.0
1780761159.9720495,15,284.90625,822.25
1780761159.9720495,15,286.1875,827.75
1780761159.9720495,15,287.515625,833.5
1780761159.9720495,15,288.84375,838.5
1780761159.9720495,15,290.171875,846.0
1780761159.9720495,15,291.4375,853.75
1780761159.9720495,15,292.828125,859.25
1780761159.9720495,15,294.046875,866.0
1780761159.9720495,15,295.390625,874.75
1780761159.9720495,15,296.8125,883.0
1780761159.9720495,15,298.109375,891.5
1780761159.9720495,15,299.3125,901.75
1780761159.9720495,15,300.703125,912.75
1780761159.9720495,15,302.0625,923.25
1780761159.9720495,15,306.046875,933.5
1780761159.9720495,3,312.171875,1550.25
1780761159.9720495,15,314.953125,1435.25
1780761159.9720495,15,316.296875,1418.25
1780761159.9720495,5,317.671875,1400.5
1780761159.9720495,15,320.375,1339.0
1780761159.9720495,15,323.15625,1257.25
1780761159.9720495,15,324.46875,1244.75
1780761159.9720495,15,325.8125,1242.75
1780761159.9720495,15,328.40625,1308.25
1780761159.9720495,15,332.390625,1375.25
1780761159.9720495,15,333.796875,1345.5
1780761159.9720495,15,336.375,1427.0
1780761159.9720495,15,337.765625,1417.75
1780761159.9720495,15,339.15625,1395.75
1780761159.9720495,15,340.453125,1380.5
1780761159.9720495,8,341.828125,1374.25
1780761159.9720495,15,343.125,1367.75
1780761159.9720495,15,344.515625,1361.25
1780761159.9720495,15,345.828125,1353.75
1780761159.9720495,8,348.8125,1008.25
1780761159.9720495,15,350.25,1001.25
1780761159.9720495,15,351.578125,996.75
1780761160.1100485,15,352.9375,992.75
1780761160.1100485,15,354.296875,990.0
1780761160.1100485,15,355.53125,988.0
1780761160.1100485,15,356.921875,983.0
1780761160.1100485,15,358.234375,978.0
1780761160.1100485,15,359.625,979.5
1780761160.1100485,15,0.953125,978.5
1780761160.1100485,15,2.25,976.5
1780761160.1100485,15,3.640625,977.0
1780761160.1100485,15,4.921875,981.0
1780761160.1100485,15,6.3125,983.25
1780761160.1100485,15,7.609375,984.0
1780761160.1100485,15,8.984375,988.75
1780761160.1100485,15,13.96875,1296.75
1780761160.1100485,15,15.34375,1309.25
1780761160.1100485,15,16.625,1332.25
1780761160.1100485,15,17.953125,1354.75
1780761160.1100485,15,19.265625,1367.0
1780761160.1100485,15,30.03125,1314.0
1780761160.1100485,15,38.640625,917.0
1780761160.1100485,15,41.46875,858.25
1780761160.1100485,15,42.75,834.0
1780761160.1100485,15,44.171875,809.75
1780761160.1100485,15,45.546875,788.25
1780761160.1100485,15,46.9375,786.0
1780761160.1100485,15,51.140625,752.75
1780761160.1100485,15,52.28125,750.0
1780761160.1100485,15,57.140625,1129.75
1780761160.1100485,15,58.4375,1107.5
1780761160.1100485,10,59.828125,1085.75
1780761160.1100485,15,67.53125,1425.5
1780761160.1100485,15,68.875,1416.25
1780761160.1100485,9,70.203125,1410.25
1780761160.1100485,4,71.578125,1391.5
1780761160.1100485,15,72.953125,1380.0
1780761160.1100485,15,74.234375,1398.25
1780761160.1100485,15,75.609375,1392.75
1780761160.1100485,9,77.015625,1376.25
1780761160.1100485,15,78.3125,1371.25
1780761160.1100485,15,79.703125,1364.0
1780761160.1100485,15,80.96875,1359.75
1780761160.1100485,15,82.34375,1359.0
1780761160.1100485,15,90.375,1332.25
1780761160.1100485,15,91.65625,1337.75
1780761160.1100485,15,93.015625,1344.5
1780761160.1100485,15,94.34375,1344.5
1780761160.1100485,15,95.703125,1343.75
1780761160.1100485,15,97.046875,1344.0
1780761160.1100485,15,98.359375,1344.5
1780761160.1100485,15,99.6875,1349.25
1780761160.1100485,15,101.046875,1355.5
1780761160.1100485,15,102.421875,1359.75
1780761160.1100485,15,103.703125,1361.0
1780761160.1100485,15,105.0625,1363.0
1780761160.1100485,8,106.40625,1369.25
1780761160.1100485,15,107.640625,1375.0
1780761160.1100485,15,108.96875,1380.75
1780761160.1100485,15,110.296875,1385.5
1780761160.1100485,15,111.609375,1398.5
1780761160.1100485,15,112.96875,1410.0
1780761160.1100485,6,114.3125,1417.75
1780761160.1100485,15,118.546875,571.0
1780761160.1100485,15,119.859375,564.25
1780761160.1100485,15,121.359375,558.0
1780761160.1100485,15,122.515625,553.25
1780761160.1100485,15,123.953125,548.5
1780761160.1100485,15,125.359375,544.5
1780761160.1100485,15,126.75,540.75
1780761160.1100485,15,139.5625,1616.75
1780761160.1100485,15,163.84375,1417.75
1780761160.1100485,15,165.203125,1415.75
1780761160.1100485,15,170.25,2060.25
1780761160.1100485,15,174.421875,1680.75
1780761160.1100485,15,175.734375,1695.5
1780761160.1100485,15,177.078125,1701.0
1780761160.1100485,15,178.4375,1693.25
1780761160.1100485,15,179.671875,1683.5
1780761160.1100485,15,181.015625,1682.5
1780761160.1100485,15,182.359375,1686.75
1780761160.1100485,15,183.65625,1692.0
1780761160.1100485,15,185.0,1686.5
1780761160.1100485,15,186.359375,1691.25
1780761160.1100485,15,187.71875,1700.5
1780761160.1100485,15,189.015625,1704.75
1780761160.1100485,15,190.34375,1704.0
1780761160.1100485,15,191.703125,1703.0
1780761160.1100485,15,193.015625,1714.5
1780761160.1100485,15,194.34375,1701.75
1780761160.1100485,15,195.6875,1693.75
1780761160.1100485,15,197.046875,1721.25
1780761160.1100485,2,203.421875,2808.5
1780761160.1100485,1,204.765625,2808.5
1780761160.1100485,15,216.0,1432.75
1780761160.1100485,15,218.703125,1326.5
1780761160.1100485,15,223.21875,954.0
1780761160.1100485,15,224.625,930.75
1780761160.1100485,15,226.015625,907.25
1780761160.1100485,15,227.359375,887.0
1780761160.1100485,15,228.671875,871.75
1780761160.1100485,15,230.03125,875.0
1780761160.1100485,15,235.21875,999.75
1780761160.1100485,15,236.484375,986.25
1780761160.1100485,15,237.875,972.0
1780761160.1100485,15,239.265625,957.25
1780761160.1100485,15,240.65625,943.5
1780761160.1100485,15,241.9375,930.75
1780761160.1100485,15,243.359375,918.25
1780761160.1100485,15,244.6875,907.25
1780761160.1100485,15,246.03125,898.0
1780761160.1100485,15,247.375,888.25
1780761160.1100485,15,248.8125,879.75
1780761160.1100485,15,250.140625,871.5
1780761160.1100485,15,251.46875,863.0
1780761160.1100485,15,252.828125,856.5
1780761160.1100485,15,254.140625,850.25
1780761160.1100485,15,255.46875,843.5
1780761160.1100485,15,256.859375,836.5
1780761160.1100485,15,258.125,829.5
1780761160.1100485,15,259.578125,824.0
1780761160.1100485,15,260.875,819.75
1780761160.1100485,15,262.203125,815.0
1780761160.1100485,15,263.5,812.0
1780761160.1100485,15,264.984375,810.0
1780761160.1100485,15,266.234375,807.5
1780761160.1100485,15,267.671875,805.75
1780761160.1100485,15,268.96875,804.75
1780761160.1100485,15,270.21875,804.0
1780761160.1100485,15,271.65625,802.75
1780761160.1100485,15,272.859375,801.75
1780761160.1100485,15,274.203125,803.75
1780761160.1100485,15,275.65625,805.25
1780761160.1100485,15,276.9375,805.75
1780761160.1100485,15,278.34375,807.0
1780761160.1100485,15,279.609375,810.0
1780761160.1100485,15,280.875,813.5
1780761160.1100485,15,282.296875,822.0
1780761160.1100485,15,283.65625,825.5
1780761160.1100485,15,284.84375,822.75
1780761160.1100485,15,286.28125,828.5
1780761160.1100485,15,287.609375,834.25
1780761160.1100485,15,288.828125,838.75
1780761160.1100485,15,290.203125,846.25
1780761160.1100485,15,291.578125,854.0
1780761160.1100485,15,292.875,859.5
1780761160.1100485,15,294.125,866.25
1780761160.1100485,15,295.53125,875.25
1780761160.1100485,15,296.890625,883.5
1780761160.1100485,15,298.125,892.0
1780761160.1100485,15,299.515625,903.25
1780761160.1100485,15,300.90625,914.25
1780761160.1100485,15,302.15625,924.0
1780761160.1100485,15,303.515625,934.75
1780761160.1100485,15,304.90625,948.75
1780761160.1100485,15,313.71875,1551.0
1780761160.1100485,15,316.453125,1443.5
1780761160.1100485,15,317.765625,1435.0
1780761160.1100485,15,319.125,1417.75
1780761160.1100485,15,321.921875,1346.75
1780761160.1100485,15,323.265625,1331.75
1780761160.1100485,15,326.03125,1251.25
1780761160.1100485,15,327.328125,1257.0
1780761160.1100485,15,332.59375,1409.25
1780761160.1100485,4,333.953125,1406.25
1780761160.1100485,15,335.25,1415.75
1780761160.1100485,15,336.59375,1443.75
1780761160.1100485,15,337.9375,1443.5
1780761160.1100485,15,339.296875,1418.75
1780761160.1100485,15,340.640625,1410.0
1780761160.1100485,15,341.953125,1409.0
1780761160.1100485,15,343.34375,1395.25
1780761160.1100485,8,344.6875,1379.75
1780761160.1100485,7,346.0,1374.25
1780761160.1100485,15,347.375,1368.75
1780761160.1100485,15,350.375,1031.75
1780761160.2471507,15,351.71875,1030.75
1780761160.2471507,15,353.046875,1027.0
1780761160.2471507,15,354.390625,1020.5
1780761160.2471507,15,355.8125,1016.5
1780761160.2471507,15,357.09375,1014.5
1780761160.2471507,15,358.4375,1013.5
1780761160.2471507,15,359.71875,1017.75
1780761160.2471507,10,1.15625,1018.75
1780761160.2471507,15,2.515625,1013.75
1780761160.2471507,15,3.8125,1012.5
1780761160.2471507,15,5.109375,1013.5
1780761160.2471507,15,6.484375,1016.75
1780761160.2471507,15,7.859375,1020.5
1780761160.2471507,15,9.09375,1020.5
1780761160.2471507,15,14.140625,1357.5
1780761160.2471507,15,15.46875,1362.0
1780761160.2471507,15,16.84375,1366.75
1780761160.2471507,15,18.1875,1376.5
1780761160.2471507,15,26.1875,1397.0
1780761160.2471507,14,28.921875,1350.0
1780761160.2471507,8,30.28125,1355.5
1780761160.2471507,15,37.71875,937.0
1780761160.2471507,15,43.34375,825.25
1780761160.2471507,15,44.640625,810.25
1780761160.2471507,15,50.203125,775.0
1780761160.2471507,15,56.28125,1140.25
1780761160.2471507,15,59.0625,1094.5
1780761160.2471507,15,66.734375,1433.5
1780761160.2471507,15,68.09375,1409.0
1780761160.2471507,15,72.109375,1401.5
1780761160.2471507,15,73.515625,1397.25
1780761160.2471507,15,74.84375,1396.0
1780761160.2471507,9,76.15625,1393.25
1780761160.2471507,7,77.5625,1376.25
1780761160.2471507,15,78.859375,1367.5
1780761160.2471507,15,81.59375,1360.75
1780761160.2471507,15,84.25,1352.5
1780761160.2471507,15,88.28125,1338.5
1780761160.2471507,15,89.53125,1337.75
1780761160.2471507,15,90.921875,1343.75
1780761160.2471507,15,92.25,1343.75
1780761160.2471507,15,93.578125,1344.5
1780761160.2471507,15,94.984375,1344.5
1780761160.2471507,15,96.265625,1344.0
1780761160.2471507,15,97.640625,1344.25
1780761160.2471507,15,99.0,1344.5
1780761160.2471507,15,100.328125,1349.25
1780761160.2471507,15,101.625,1355.75
1780761160.2471507,15,103.0,1359.25
1780761160.2471507,15,104.265625,1360.25
1780761160.2471507,15,105.640625,1366.0
1780761160.2471507,9,106.96875,1374.75
1780761160.2471507,15,108.375,1379.0
1780761160.2471507,15,109.71875,1382.25
1780761160.2471507,15,111.0,1386.5
1780761160.2471507,15,115.359375,554.75
1780761160.2471507,15,116.703125,548.25
1780761160.2471507,15,117.984375,542.0
1780761160.2471507,15,119.515625,535.5
1780761160.2471507,15,120.859375,529.5
1780761160.2471507,15,122.078125,524.5
1780761160.2471507,15,123.65625,519.5
1780761160.2471507,15,163.328125,1376.75
1780761160.2471507,5,164.65625,1376.25
1780761160.2471507,15,165.953125,1400.5
1780761160.2471507,15,173.875,1652.25
1780761160.2471507,10,175.1875,1648.25
1780761160.2471507,15,176.53125,1670.5
1780761160.2471507,15,177.859375,1683.75
1780761160.2471507,15,179.15625,1656.0
1780761160.2471507,10,180.515625,1639.0
1780761160.2471507,10,181.828125,1645.25
1780761160.2471507,15,183.171875,1642.75
1780761160.2471507,10,184.5,1649.5
1780761160.2471507,12,185.84375,1658.5
1780761160.2471507,15,187.203125,1653.0
1780761160.2471507,13,188.515625,1655.0
1780761160.2471507,10,189.828125,1661.75
1780761160.2471507,12,191.171875,1663.75
1780761160.2471507,9,192.546875,1661.25
1780761160.2471507,15,193.890625,1650.75
1780761160.2471507,15,195.1875,1658.25
1780761160.2471507,15,196.5625,1681.0
1780761160.2471507,15,197.875,1703.25
1780761160.2471507,15,208.578125,1928.75
1780761160.2471507,15,218.3125,1321.5
1780761160.2471507,15,221.109375,1255.5
1780761160.2471507,15,222.4375,1226.5
1780761160.2471507,15,225.5625,914.5
1780761160.2471507,15,226.921875,893.5
1780761160.2471507,15,228.28125,873.25
1780761160.2471507,15,229.640625,853.75
1780761160.2471507,15,231.0,845.5
1780761160.2471507,15,236.09375,991.75
1780761160.2471507,15,237.53125,976.25
1780761160.2471507,15,238.84375,961.75
1780761160.2471507,15,240.21875,948.75
1780761160.2471507,15,241.484375,935.5
1780761160.2471507,15,242.890625,923.5
1780761160.2471507,15,244.21875,912.75
1780761160.2471507,15,245.578125,902.75
1780761160.2471507,15,246.953125,892.75
1780761160.2471507,15,248.390625,883.5
1780761160.2471507,15,249.734375,876.5
1780761160.2471507,15,251.078125,867.0
1780761160.2471507,15,252.34375,859.0
1780761160.2471507,15,253.765625,853.25
1780761160.2471507,15,255.125,846.25
1780761160.2471507,15,256.484375,839.75
1780761160.2471507,15,257.765625,834.5
1780761160.2471507,15,259.046875,828.5
1780761160.2471507,15,260.4375,821.75
1780761160.2471507,15,261.78125,819.0
1780761160.2471507,15,263.1875,816.0
1780761160.2471507,15,264.46875,811.5
1780761160.2471507,15,265.921875,809.0
1780761160.2471507,15,267.125,808.0
1780761160.2471507,15,268.5625,806.5
1780761160.2471507,15,269.828125,805.5
1780761160.2471507,15,271.296875,804.75
1780761160.2471507,15,272.546875,803.25
1780761160.2471507,15,273.90625,803.25
1780761160.2471507,15,275.140625,805.0
1780761160.2471507,15,276.53125,807.0
1780761160.2471507,15,277.9375,808.25
1780761160.2471507,15,279.203125,810.0
1780761160.2471507,15,280.5,812.25
1780761160.2471507,15,281.890625,815.75
1780761160.2471507,15,283.265625,819.25
1780761160.2471507,15,284.625,823.75
1780761160.2471507,15,285.828125,828.0
1780761160.2471507,15,287.21875,832.75
1780761160.2471507,15,288.515625,840.0
1780761160.2471507,15,289.90625,846.5
1780761160.2471507,15,291.1875,852.5
1780761160.2471507,15,292.53125,858.5
1780761160.2471507,15,293.78125,866.0
1780761160.2471507,15,295.125,874.75
1780761160.2471507,15,296.421875,883.0
1780761160.2471507,15,297.796875,893.0
1780761160.2471507,15,299.15625,902.75
1780761160.2471507,15,300.625,912.25
1780761160.2471507,15,301.984375,924.0
1780761160.2471507,15,303.265625,934.5
1780761160.2471507,15,304.640625,946.25
1780761160.2471507,15,305.84375,960.5
1780761160.2471507,15,307.25,971.75
1780761160.2471507,15,308.53125,981.75
1780761160.2471507,15,309.9375,985.5
1780761160.2471507,4,316.09375,1550.0
1780761160.2471507,15,318.84375,1435.25
1780761160.2471507,6,320.265625,1426.0
1780761160.2471507,15,321.609375,1416.0
1780761160.2471507,15,324.25,1353.5
1780761160.2471507,15,325.640625,1338.75
1780761160.2471507,15,329.625,1338.25
1780761160.2471507,15,333.640625,1418.75
1780761160.2471507,15,334.921875,1419.0
1780761160.2471507,15,336.265625,1437.75
1780761160.2471507,15,337.625,1442.5
1780761160.2471507,15,338.9375,1447.5
1780761160.2471507,15,340.28125,1449.75
1780761160.2471507,15,341.640625,1434.5
1780761160.2471507,15,343.015625,1427.0
1780761160.2471507,15,344.34375,1418.25
1780761160.2471507,15,345.765625,1400.5
1780761160.2471507,15,347.09375,1399.75
1780761160.2471507,15,350.078125,1075.25
1780761160.2471507,15,351.484375,1069.75
1780761160.3850641,10,352.796875,1065.75
1780761160.3850641,15,354.140625,1062.75
1780761160.3850641,15,355.515625,1055.5
1780761160.3850641,15,356.875,1047.75
1780761160.3850641,15,358.1875,1050.75
1780761160.3850641,15,359.5625,1047.0
1780761160.3850641,15,0.90625,1039.0
1780761160.3850641,15,2.265625,1041.0
1780761160.3850641,15,3.5625,1043.25
1780761160.3850641,15,4.96875,1044.0
1780761160.3850641,15,6.203125,1045.25
1780761160.3850641,15,7.625,1051.25
1780761160.3850641,15,8.90625,1057.5
1780761160.3850641,15,13.890625,1378.75
1780761160.3850641,15,15.296875,1382.25
1780761160.3850641,15,16.609375,1385.75
1780761160.3850641,15,17.953125,1399.25
1780761160.3850641,15,25.984375,1424.0
1780761160.3850641,15,28.6875,1378.25
1780761160.3850641,15,38.671875,911.5
1780761160.3850641,15,41.453125,857.75
1780761160.3850641,15,42.828125,839.5
1780761160.3850641,15,48.25,803.0
1780761160.3850641,15,54.390625,1154.75
1780761160.3850641,15,55.796875,1142.25
1780761160.3850641,15,57.171875,1129.0
1780761160.3850641,15,58.453125,1123.25
1780761160.3850641,15,64.859375,1435.25
1780761160.3850641,15,66.21875,1427.5
1780761160.3850641,15,67.53125,1444.0
1780761160.3850641,15,71.625,1410.5
1780761160.3850641,15,72.96875,1409.25
1780761160.3850641,15,74.34375,1395.25
1780761160.3850641,15,79.703125,1355.0
1780761160.3850641,15,81.015625,1352.75
1780761160.3850641,15,82.390625,1358.5
1780761160.3850641,15,85.03125,1345.0
1780761160.3850641,15,86.390625,1338.0
1780761160.3850641,15,87.71875,1344.0
1780761160.3850641,15,89.078125,1344.5
1780761160.3850641,15,90.453125,1344.25
1780761160.3850641,2,91.765625,1328.5
1780761160.3850641,15,93.078125,1329.0
1780761160.3850641,15,94.46875,1344.25
1780761160.3850641,15,95.734375,1343.75
1780761160.3850641,15,97.15625,1343.75
1780761160.3850641,15,98.484375,1344.25
1780761160.3850641,15,99.75,1349.0
1780761160.3850641,15,101.125,1355.0
1780761160.3850641,15,102.453125,1358.75
1780761160.3850641,15,103.796875,1362.75
1780761160.3850641,9,105.125,1365.75
1780761160.3850641,8,106.46875,1370.25
1780761160.3850641,15,107.84375,1376.0
1780761160.3850641,15,112.3125,537.25
1780761160.3850641,15,113.703125,529.5
1780761160.3850641,15,115.109375,522.5
1780761160.3850641,15,116.484375,515.75
1780761160.3850641,15,117.640625,509.25
1780761160.3850641,15,118.984375,503.75
1780761160.3850641,15,120.484375,499.0
1780761160.3850641,15,162.828125,1331.75
1780761160.3850641,15,164.171875,1338.25
1780761160.3850641,15,165.5,1347.25
1780761160.3850641,15,173.328125,1634.25
1780761160.3850641,15,174.6875,1618.75
1780761160.3850641,15,176.03125,1633.0
1780761160.3850641,15,177.40625,1631.75
1780761160.3850641,15,178.71875,1613.75
1780761160.3850641,15,180.109375,1612.25
1780761160.3850641,15,181.453125,1610.25
1780761160.3850641,15,182.78125,1610.5
1780761160.3850641,15,184.109375,1612.25
1780761160.3850641,15,185.4375,1612.0
1780761160.3850641,11,186.796875,1598.5
1780761160.3850641,15,188.109375,1600.5
1780761160.3850641,15,189.453125,1619.0
1780761160.3850641,15,190.828125,1624.0
1780761160.3850641,15,192.125,1630.5
1780761160.3850641,15,193.484375,1634.25
1780761160.3850641,15,194.796875,1637.5
1780761160.3850641,15,196.1875,1639.0
1780761160.3850641,11,197.5,1651.75
1780761160.3850641,15,198.8125,1684.5
1780761160.3850641,1,203.84375,2808.5
1780761160.3850641,15,219.171875,1326.25
1780761160.3850641,15,221.9375,1243.25
1780761160.3850641,15,223.34375,1214.0
1780761160.3850641,15,226.46875,908.5
1780761160.3850641,15,227.796875,882.5
1780761160.3850641,15,229.015625,862.5
1780761160.3850641,15,230.40625,844.0
1780761160.3850641,15,231.90625,825.5
1780761160.3850641,15,233.203125,821.75
1780761160.3850641,15,238.1875,967.5
1780761160.3850641,15,239.546875,952.25
1780761160.3850641,15,240.90625,936.0
1780761160.3850641,15,242.28125,926.25
1780761160.3850641,15,243.71875,917.25
1780761160.3850641,15,245.078125,906.25
1780761160.3850641,15,246.359375,897.25
1780761160.3850641,15,247.703125,888.25
1780761160.3850641,15,249.0625,878.25
1780761160.3850641,15,250.453125,868.0
1780761160.3850641,15,251.890625,861.75
1780761160.3850641,15,253.234375,856.5
1780761160.3850641,15,254.546875,850.25
1780761160.3850641,15,255.875,842.25
1780761160.3850641,15,257.34375,833.75
1780761160.3850641,15,258.625,829.0
1780761160.3850641,15,259.9375,824.5
1780761160.3850641,15,261.3125,820.5
1780761160.3850641,15,262.65625,816.5
1780761160.3850641,15,264.046875,811.5
1780761160.3850641,15,265.359375,809.75
1780761160.3850641,15,266.671875,810.25
1780761160.3850641,15,268.0625,806.75
1780761160.3850641,15,269.375,804.25
1780761160.3850641,15,270.71875,804.75
1780761160.3850641,15,272.0625,803.75
1780761160.3850641,15,273.46875,804.5
1780761160.3850641,15,274.765625,806.5
1780761160.3850641,15,276.0,808.0
1780761160.3850641,15,277.484375,808.25
1780761160.3850641,15,278.6875,809.5
1780761160.3850641,15,280.125,813.0
1780761160.3850641,15,281.34375,816.0
1780761160.3850641,15,282.703125,819.0
1780761160.3850641,15,284.078125,823.0
1780761160.3850641,15,285.34375,828.25
1780761160.3850641,15,286.765625,832.5
1780761160.3850641,15,288.078125,837.0
1780761160.3850641,15,289.328125,844.75
1780761160.3850641,15,290.75,851.75
1780761160.3850641,15,292.0625,856.25
1780761160.3850641,15,293.359375,862.75
1780761160.3850641,15,294.703125,872.0
1780761160.3850641,15,295.9375,880.75
1780761160.3850641,15,297.328125,889.75
1780761160.3850641,15,298.640625,899.5
1780761160.3850641,15,299.96875,911.0
1780761160.3850641,15,301.390625,920.75
1780761160.3850641,15,302.625,931.0
1780761160.3850641,14,304.015625,944.25
1780761160.3850641,15,305.28125,957.5
1780761160.3850641,15,306.578125,969.25
1780761160.3850641,15,308.0,983.0
1780761160.3850641,6,316.8125,1569.25
1780761160.3850641,15,320.9375,1435.25
1780761160.3850641,6,322.296875,1426.25
1780761160.3850641,15,323.609375,1416.75
1780761160.3850641,6,324.984375,1390.0
1780761160.3850641,15,326.359375,1364.0
1780761160.3850641,15,327.734375,1350.5
1780761160.3850641,15,329.0625,1355.25
1780761160.3850641,15,330.40625,1379.0
1780761160.3850641,15,334.375,1454.0
1780761160.3850641,15,335.71875,1442.25
1780761160.3850641,15,338.34375,1531.5
1780761160.3850641,15,341.03125,1461.25
1780761160.3850641,15,342.421875,1473.5
1780761160.3850641,15,343.734375,1463.75
1780761160.3850641,15,345.109375,1458.0
1780761160.3850641,15,346.453125,1441.25
1780761160.3850641,7,347.8125,1419.25
1780761160.3850641,15,350.75,1112.25
1780761160.5222075,15,352.09375,1107.75
1780761160.5222075,15,353.453125,1101.5
1780761160.5222075,15,354.765625,1093.5
1780761160.5222075,15,356.125,1087.5
1780761160.5222075,6,357.515625,1091.0
1780761160.5222075,12,358.890625,1090.5
1780761160.5222075,8,1.515625,1082.25
1780761160.5222075,7,2.90625,1081.75
1780761160.5222075,15,4.15625,1082.0
1780761160.5222075,4,5.484375,1095.0
1780761160.5222075,15,6.90625,1096.0
1780761160.5222075,15,8.234375,1085.5
1780761160.5222075,15,13.328125,1401.25
1780761160.5222075,15,14.71875,1410.75
1780761160.5222075,7,16.078125,1418.25
1780761160.5222075,15,17.328125,1441.5
1780761160.5222075,15,28.171875,1407.75
1780761160.5222075,15,36.84375,949.0
1780761160.5222075,15,40.953125,865.5
1780761160.5222075,15,46.375,827.75
1780761160.5222075,15,54.015625,1159.25
1780761160.5222075,15,55.390625,1141.5
1780761160.5222075,15,64.46875,1435.25
1780761160.5222075,15,65.8125,1445.5
1780761160.5222075,15,69.90625,1419.5
1780761160.5222075,8,76.640625,1394.0
1780761160.5222075,7,78.03125,1374.5
1780761160.5222075,15,79.359375,1366.0
1780761160.5222075,15,80.703125,1360.25
1780761160.5222075,15,83.40625,1352.75
1780761160.5222075,15,84.6875,1344.75
1780761160.5222075,15,86.046875,1344.25
1780761160.5222075,15,87.359375,1343.75
1780761160.5222075,15,88.75,1338.0
1780761160.5222075,15,90.109375,1332.0
1780761160.5222075,15,91.421875,1331.75
1780761160.5222075,2,92.796875,1323.0
1780761160.5222075,15,94.09375,1323.0
1780761160.5222075,15,95.46875,1337.75
1780761160.5222075,15,96.828125,1344.0
1780761160.5222075,15,98.1875,1344.5
1780761160.5222075,15,99.515625,1344.75
1780761160.5222075,15,100.84375,1344.75
1780761160.5222075,15,102.125,1353.25
1780761160.5222075,15,103.53125,1360.5
1780761160.5222075,15,107.875,527.75
1780761160.5222075,15,109.21875,518.5
1780761160.5222075,15,110.671875,510.5
1780761160.5222075,15,112.140625,503.25
1780761160.5222075,15,113.578125,496.0
1780761160.5222075,15,114.71875,489.75
1780761160.5222075,15,116.0625,484.25
1780761160.5222075,15,117.53125,478.25
1780761160.5222075,15,136.9375,1551.0
1780761160.5222075,15,162.671875,1306.5
1780761160.5222075,15,163.96875,1312.0
1780761160.5222075,15,165.265625,1332.0
1780761160.5222075,15,173.140625,1594.75
1780761160.5222075,15,174.5,1576.0
1780761160.5222075,15,175.859375,1589.75
1780761160.5222075,15,177.171875,1601.5
1780761160.5222075,15,178.5625,1582.0
1780761160.5222075,15,179.953125,1564.0
1780761160.5222075,15,181.25,1567.0
1780761160.5222075,15,182.640625,1572.5
1780761160.5222075,15,183.9375,1581.75
1780761160.5222075,15,185.34375,1581.0
1780761160.5222075,15,186.65625,1568.0
1780761160.5222075,15,188.0,1568.0
1780761160.5222075,11,189.359375,1582.5
1780761160.5222075,15,190.6875,1594.75
1780761160.5222075,15,192.015625,1600.5
1780761160.5222075,15,193.34375,1592.5
1780761160.5222075,15,194.734375,1593.75
1780761160.5222075,15,196.03125,1603.5
1780761160.5222075,15,197.34375,1613.0
1780761160.5222075,15,198.703125,1631.25
1780761160.5222075,15,216.21875,1425.25
1780761160.5222075,15,218.96875,1326.25
1780761160.5222075,15,221.75,1243.5
1780761160.5222075,15,223.15625,1219.0
1780761160.5222075,15,224.515625,1189.25
1780761160.5222075,15,225.9375,1158.5
1780761160.5222075,15,228.859375,865.25
1780761160.5222075,15,230.28125,848.25
1780761160.5222075,15,231.625,828.5
1780761160.5222075,15,232.96875,811.0
1780761160.5222075,15,234.46875,797.5
1780761160.5222075,15,235.640625,803.0
1780761160.5222075,15,240.75,944.5
1780761160.5222075,15,242.203125,931.0
1780761160.5222075,15,243.46875,918.75
1780761160.5222075,15,244.921875,907.5
1780761160.5222075,15,246.265625,900.0
1780761160.5222075,15,247.546875,891.25
1780761160.5222075,15,248.890625,881.25
1780761160.5222075,15,250.34375,872.5
1780761160.5222075,15,251.671875,864.25
1780761160.5222075,15,253.0625,857.0
1780761160.5222075,15,254.359375,851.0
1780761160.5222075,15,255.796875,846.0
1780761160.5222075,15,257.078125,839.0
1780761160.5222075,15,258.484375,832.0
1780761160.5222075,15,259.875,825.75
1780761160.5222075,15,261.203125,821.0
1780761160.5222075,15,262.5,818.75
1780761160.5222075,15,263.84375,816.75
1780761160.5222075,15,265.25,813.25
1780761160.5222075,15,266.53125,810.0
1780761160.5222075,15,267.96875,808.25
1780761160.5222075,15,269.265625,806.75
1780761160.5222075,15,270.625,807.0
1780761160.5222075,15,271.96875,805.5
1780761160.5222075,15,273.28125,805.25
1780761160.5222075,15,274.625,807.0
1780761160.5222075,15,276.0,808.25
1780761160.5222075,15,277.265625,808.75
1780761160.5222075,15,278.609375,811.25
1780761160.5222075,15,279.96875,814.5
1780761160.5222075,15,281.375,816.5
1780761160.5222075,15,282.671875,819.75
1780761160.5222075,15,283.9375,823.25
1780761160.5222075,15,285.265625,828.0
1780761160.5222075,15,286.640625,834.25
1780761160.5222075,15,287.90625,840.0
1780761160.5222075,15,289.359375,845.75
1780761160.5222075,15,290.65625,852.0
1780761160.5222075,15,291.90625,856.75
1780761160.5222075,15,293.3125,863.0
1780761160.5222075,15,294.578125,870.75
1780761160.5222075,15,295.9375,879.75
1780761160.5222075,15,297.25,889.5
1780761160.5222075,15,298.59375,899.25
1780761160.5222075,15,299.90625,909.0
1780761160.5222075,15,301.203125,919.0
1780761160.5222075,15,302.625,930.75
1780761160.5222075,15,303.90625,943.75
1780761160.5222075,15,305.25,956.75
1780761160.5222075,15,306.59375,968.75
1780761160.5222075,15,307.921875,983.5
1780761160.5222075,11,309.203125,999.25
1780761160.5222075,15,310.484375,1014.75
1780761160.5222075,15,311.828125,1024.5
1780761160.5222075,15,313.125,1028.75
1780761160.5222075,15,318.0625,1590.5
1780761160.5222075,15,319.40625,1551.0
1780761160.5222075,15,322.171875,1454.75
1780761160.5222075,15,323.578125,1445.0
1780761160.5222075,15,324.890625,1425.75
1780761160.5222075,15,326.234375,1416.0
1780761160.5222075,7,327.640625,1391.0
1780761160.5222075,10,328.9375,1373.75
1780761160.5222075,15,330.28125,1387.25
1780761160.5222075,15,331.640625,1421.75
1780761160.5222075,15,339.640625,1551.25
1780761160.5222075,5,340.984375,1530.25
1780761160.5222075,7,342.3125,1529.0
1780761160.5222075,15,345.0625,1459.25
1780761160.5222075,15,346.359375,1476.25
1780761160.5222075,15,347.75,1464.5
1780761160.5222075,15,350.71875,1145.5
1780761160.6600513,8,352.03125,1144.75
1780761160.6600513,15,353.484375,1139.75
1780761160.6600513,15,354.828125,1138.75
1780761160.6600513,15,356.109375,1142.5
1780761160.6600513,15,357.5,1137.0
1780761160.6600513,15,358.84375,1123.5
1780761160.6600513,15,0.1875,1116.0
1780761160.6600513,15,1.484375,1123.0
1780761160.6600513,15,2.890625,1131.0
1780761160.6600513,15,4.203125,1132.25
1780761160.6600513,15,5.53125,1128.75
1780761160.6600513,15,6.875,1129.5
1780761160.6600513,15,8.21875,1134.75
1780761160.6600513,15,13.328125,1455.0
1780761160.6600513,15,14.609375,1458.75
1780761160.6600513,15,15.984375,1461.25
1780761160.6600513,15,17.359375,1453.5
1780761160.6600513,15,25.390625,1449.75
1780761160.6600513,15,26.78125,1443.25
1780761160.6600513,15,29.71875,1161.0
1780761160.6600513,15,38.203125,916.5
1780761160.6600513,15,39.5625,896.25
1780761160.6600513,15,45.0,855.75
1780761160.6600513,15,52.59375,1184.5
1780761160.6600513,15,54.015625,1159.25
1780761160.6600513,15,55.328125,1149.75
1780761160.6600513,15,63.21875,1481.25
1780761160.6600513,15,64.546875,1475.25
1780761160.6600513,15,69.953125,1434.75
1780761160.6600513,15,72.671875,1417.75
1780761160.6600513,15,74.03125,1408.25
1780761160.6600513,15,75.40625,1393.25
1780761160.6600513,8,76.75,1377.5
1780761160.6600513,9,78.078125,1373.25
1780761160.6600513,15,80.796875,1357.75
1780761160.6600513,15,82.1875,1352.0
1780761160.6600513,15,83.453125,1351.5
1780761160.6600513,15,84.796875,1344.5
1780761160.6600513,15,86.171875,1344.25
1780761160.6600513,15,87.453125,1343.75
1780761160.6600513,15,88.859375,1343.75
1780761160.6600513,15,90.140625,1338.0
1780761160.6600513,15,91.484375,1337.75
1780761160.6600513,15,92.859375,1343.25
1780761160.6600513,15,94.25,1343.5
1780761160.6600513,15,95.546875,1344.0
1780761160.6600513,15,96.9375,1344.0
1780761160.6600513,15,98.28125,1344.0
1780761160.6600513,15,99.578125,1348.25
1780761160.6600513,15,104.09375,518.75
1780761160.6600513,15,105.375,508.75
1780761160.6600513,15,106.890625,499.75
1780761160.6600513,15,108.390625,491.25
1780761160.6600513,15,109.671875,483.75
1780761160.6600513,15,110.859375,476.0
1780761160.6600513,15,112.265625,469.0
1780761160.6600513,15,113.65625,463.0
1780761160.6600513,15,130.328125,1452.25
1780761160.6600513,15,131.59375,1450.75
1780761160.6600513,15,132.9375,1448.75
1780761160.6600513,15,134.28125,1447.75
1780761160.6600513,15,162.671875,1245.5
1780761160.6600513,15,163.96875,1263.25
1780761160.6600513,15,173.25,1538.25
1780761160.6600513,15,174.625,1535.0
1780761160.6600513,15,175.90625,1542.5
1780761160.6600513,15,177.28125,1550.0
1780761160.6600513,15,178.609375,1539.0
1780761160.6600513,15,179.9375,1530.0
1780761160.6600513,15,181.3125,1529.75
1780761160.6600513,15,182.625,1533.5
1780761160.6600513,15,184.0,1541.5
1780761160.6600513,15,185.328125,1537.75
1780761160.6600513,15,186.65625,1526.5
1780761160.6600513,15,187.984375,1531.0
1780761160.6600513,15,189.328125,1546.25
1780761160.6600513,15,190.65625,1552.75
1780761160.6600513,15,192.046875,1558.0
1780761160.6600513,15,193.375,1570.5
1780761160.6600513,15,196.09375,1545.75
1780761160.6600513,15,197.421875,1575.25
1780761160.6600513,15,198.734375,1597.0
1780761160.6600513,15,219.015625,1326.25
1780761160.6600513,15,221.8125,1248.5
1780761160.6600513,9,224.5625,1175.5
1780761160.6600513,15,225.9375,1154.25
1780761160.6600513,15,227.28125,1137.25
1780761160.6600513,15,230.328125,847.25
1780761160.6600513,15,231.71875,828.5
1780761160.6600513,15,233.125,811.0
1780761160.6600513,15,234.484375,796.0
1780761160.6600513,15,235.953125,782.5
1780761160.6600513,15,237.171875,777.25
1780761160.6600513,15,242.328125,931.0
1780761160.6600513,15,243.71875,918.5
1780761160.6600513,15,244.984375,907.0
1780761160.6600513,15,246.3125,899.5
1780761160.6600513,15,247.78125,890.25
1780761160.6600513,15,249.140625,880.75
1780761160.6600513,15,250.421875,872.5
1780761160.6600513,15,251.796875,864.0
1780761160.6600513,15,253.203125,857.0
1780761160.6600513,15,254.515625,852.5
1780761160.6600513,15,255.8125,846.5
1780761160.6600513,15,257.25,838.75
1780761160.6600513,15,258.5625,834.0
1780761160.6600513,15,260.015625,827.5
1780761160.6600513,15,261.265625,821.0
1780761160.6600513,15,262.65625,818.75
1780761160.6600513,15,263.90625,815.25
1780761160.6600513,15,265.328125,813.5
1780761160.6600513,15,266.75,812.25
1780761160.6600513,15,268.0,810.25
1780761160.6600513,15,269.3125,807.75
1780761160.6600513,15,270.734375,805.0
1780761160.6600513,15,272.109375,806.25
1780761160.6600513,15,273.375,807.0
1780761160.6600513,15,274.65625,806.5
1780761160.6600513,15,275.96875,808.0
1780761160.6600513,15,277.3125,811.0
1780761160.6600513,15,278.75,813.75
1780761160.6600513,15,280.03125,814.75
1780761160.6600513,15,281.390625,817.0
1780761160.6600513,15,282.65625,820.0
1780761160.6600513,15,284.109375,823.5
1780761160.6600513,15,285.359375,828.75
1780761160.6600513,15,286.671875,834.5
1780761160.6600513,15,288.046875,841.25
1780761160.6600513,15,289.40625,847.25
1780761160.6600513,15,290.6875,852.75
1780761160.6600513,15,292.0625,850.0
1780761160.6600513,15,293.234375,857.5
1780761160.6600513,15,294.59375,873.75
1780761160.6600513,15,295.890625,881.0
1780761160.6600513,15,297.296875,890.25
1780761160.6600513,15,298.5625,900.0
1780761160.6600513,15,299.90625,911.25
1780761160.6600513,15,301.21875,921.5
1780761160.6600513,15,302.53125,931.25
1780761160.6600513,15,303.9375,944.0
1780761160.6600513,15,305.203125,957.25
1780761160.6600513,15,306.5625,969.0
1780761160.6600513,15,307.890625,983.75
1780761160.6600513,9,309.234375,999.5
1780761160.6600513,15,310.5,1015.0
1780761160.6600513,15,311.8125,1033.0
1780761160.6600513,15,313.109375,1049.25
1780761160.6600513,15,314.46875,1056.0
1780761160.6600513,5,320.75,1560.25
1780761160.6600513,5,322.09375,1539.5
1780761160.6600513,15,324.875,1450.5
1780761160.6600513,15,326.171875,1442.75
1780761160.6600513,15,327.546875,1425.5
1780761160.6600513,15,328.890625,1416.0
1780761160.6600513,15,330.234375,1408.5
1780761160.6600513,15,331.59375,1418.0
1780761160.6600513,15,335.546875,1539.25
1780761160.6600513,15,339.5625,1583.0
1780761160.6600513,6,340.859375,1569.25
1780761160.6600513,15,342.265625,1558.0
1780761160.6600513,15,343.609375,1548.0
1780761160.6600513,15,344.953125,1539.0
1780761160.6600513,6,346.265625,1530.0
1780761160.6600513,15,347.703125,1528.5
1780761160.7973506,15,352.015625,1185.5
1780761160.7973506,9,353.296875,1172.75
1780761160.7973506,10,354.6875,1160.25
1780761160.7973506,15,356.0625,1154.0
1780761160.7973506,15,357.40625,1148.5
1780761160.7973506,15,0.046875,1157.25
1780761160.7973506,15,1.390625,1156.0
1780761160.7973506,15,2.765625,1147.25
1780761160.7973506,15,4.109375,1147.5
1780761160.7973506,15,5.5,1147.75
1780761160.7973506,15,6.765625,1149.0
1780761160.7973506,10,8.109375,1154.25
1780761160.7973506,15,13.09375,1483.0
1780761160.7973506,15,14.46875,1463.25
1780761160.7973506,15,23.78125,1539.0
1780761160.7973506,15,26.484375,1476.25
1780761160.7973506,15,37.875,924.0
1780761160.7973506,15,49.640625,1239.25
1780761160.7973506,15,50.984375,1214.0
1780761160.7973506,15,52.375,1189.5
1780761160.7973506,15,53.75,1173.75
1780761160.7973506,15,61.609375,1445.25
1780761160.7973506,15,62.953125,1442.75
1780761160.7973506,15,68.28125,1435.25
1780761160.7973506,15,69.6875,1426.0
1780761160.7973506,15,71.0,1417.5
1780761160.7973506,15,72.34375,1409.75
1780761160.7973506,15,73.75,1395.75
1780761160.7973506,15,75.046875,1380.5
1780761160.7973506,9,76.453125,1376.25
1780761160.7973506,15,79.109375,1366.5
1780761160.7973506,15,80.484375,1360.5
1780761160.7973506,15,81.796875,1358.5
1780761160.7973506,15,83.046875,1350.0
1780761160.7973506,15,84.46875,1347.75
1780761160.7973506,15,85.734375,1347.5
1780761160.7973506,15,87.125,1338.0
1780761160.7973506,15,88.46875,1337.5
1780761160.7973506,15,89.8125,1337.5
1780761160.7973506,15,91.15625,1337.75
1780761160.7973506,15,92.4375,1337.75
1780761160.7973506,15,93.78125,1331.75
1780761160.7973506,15,95.140625,1337.75
1780761160.7973506,15,99.625,513.75
1780761160.7973506,15,101.203125,502.5
1780761160.7973506,15,102.3125,492.25
1780761160.7973506,15,103.796875,482.25
1780761160.7973506,15,105.265625,473.0
1780761160.7973506,15,106.78125,464.25
1780761160.7973506,15,108.203125,456.75
1780761160.7973506,15,109.25,449.75
1780761160.7973506,15,123.109375,1539.5
1780761160.7973506,4,127.140625,1539.0
1780761160.7973506,15,129.921875,1442.75
1780761160.7973506,15,131.203125,1442.75
1780761160.7973506,15,132.5,1439.25
1780761160.7973506,15,133.875,1441.5
1780761160.7973506,15,162.25,1223.0
1780761160.7973506,8,163.515625,1235.5
1780761160.7973506,13,172.75,1524.0
1780761160.7973506,15,174.03125,1504.5
1780761160.7973506,15,175.375,1501.5
1780761160.7973506,15,176.75,1514.0
1780761160.7973506,15,178.0625,1514.75
1780761160.7973506,15,179.421875,1497.0
1780761160.7973506,15,180.765625,1499.25
1780761160.7973506,15,182.09375,1503.5
1780761160.7973506,15,183.453125,1510.5
1780761160.7973506,15,184.796875,1507.0
1780761160.7973506,15,186.109375,1503.5
1780761160.7973506,15,187.4375,1518.75
1780761160.7973506,15,188.796875,1520.75
1780761160.7973506,15,190.1875,1513.0
1780761160.7973506,15,191.46875,1517.5
1780761160.7973506,15,192.796875,1523.5
1780761160.7973506,15,194.1875,1527.75
1780761160.7973506,15,195.53125,1533.5
1780761160.7973506,15,196.859375,1533.0
1780761160.7973506,15,198.15625,1552.75
1780761160.7973506,15,199.5,1582.75
1780761160.7973506,1,201.765625,2808.5
1780761160.7973506,15,218.296875,1321.5
1780761160.7973506,15,221.109375,1255.25
1780761160.7973506,15,222.453125,1226.25
1780761160.7973506,15,223.796875,1198.25
1780761160.7973506,15,226.5625,1145.0
1780761160.7973506,15,227.96875,1125.5
1780761160.7973506,7,229.375,1094.75
1780761160.7973506,15,232.453125,823.0
1780761160.7973506,15,233.765625,805.25
1780761160.7973506,15,235.234375,789.5
1780761160.7973506,15,236.53125,775.75
1780761160.7973506,15,238.03125,764.0
1780761160.7973506,15,239.375,756.25
1780761160.7973506,15,244.359375,916.0
1780761160.7973506,15,245.59375,903.25
1780761160.7973506,15,247.03125,894.75
1780761160.7973506,15,248.359375,885.5
1780761160.7973506,15,249.78125,876.75
1780761160.7973506,15,251.09375,870.0
1780761160.7973506,15,252.453125,862.25
1780761160.7973506,15,253.796875,855.5
1780761160.7973506,15,255.234375,850.75
1780761160.7973506,15,256.578125,844.75
1780761160.7973506,15,257.859375,837.75
1780761160.7973506,15,259.15625,831.25
1780761160.7973506,15,260.515625,825.75
1780761160.7973506,15,261.953125,821.0
1780761160.7973506,15,263.34375,818.0
1780761160.7973506,15,264.625,816.5
1780761160.7973506,15,266.015625,814.75
1780761160.7973506,15,267.359375,811.25
1780761160.7973506,15,268.671875,809.75
1780761160.7973506,15,269.953125,809.0
1780761160.7973506,15,271.328125,807.5
1780761160.7973506,15,272.640625,808.0
1780761160.7973506,15,274.0625,808.75
1780761160.7973506,15,275.4375,809.75
1780761160.7973506,15,276.625,811.25
1780761160.7973506,15,277.859375,810.75
1780761160.7973506,15,279.28125,810.75
1780761160.7973506,15,280.640625,815.25
1780761160.7973506,15,281.828125,820.25
1780761160.7973506,15,283.296875,823.75
1780761160.7973506,15,284.484375,826.5
1780761160.7973506,15,285.9375,831.25
1780761160.7973506,15,287.171875,838.75
1780761160.7973506,15,288.515625,845.75
1780761160.7973506,15,289.84375,852.0
1780761160.7973506,15,291.15625,857.25
1780761160.7973506,15,292.46875,863.75
1780761160.7973506,15,293.765625,871.5
1780761160.7973506,15,295.09375,878.5
1780761160.7973506,15,296.421875,886.75
1780761160.7973506,15,297.6875,896.5
1780761160.7973506,15,299.0625,904.0
1780761160.7973506,15,300.46875,913.25
1780761160.7973506,15,301.796875,924.5
1780761160.7973506,15,303.09375,936.25
1780761160.7973506,15,304.34375,949.75
1780761160.7973506,15,305.765625,964.0
1780761160.7973506,15,306.953125,978.5
1780761160.7973506,11,308.28125,993.75
1780761160.7973506,15,309.578125,1010.25
1780761160.7973506,15,310.921875,1025.5
1780761160.7973506,15,312.28125,1039.0
1780761160.7973506,15,313.5625,1061.0
1780761160.7973506,15,322.484375,1570.75
1780761160.7973506,15,323.90625,1550.75
1780761160.7973506,15,326.65625,1460.75
1780761160.7973506,15,327.96875,1453.5
1780761160.7973506,15,329.296875,1430.0
1780761160.7973506,15,330.6875,1425.5
1780761160.7973506,15,332.03125,1433.0
1780761160.7973506,15,339.921875,1620.25
1780761160.7973506,15,341.3125,1593.75
1780761160.9350646,15,352.203125,1208.5
1780761160.9350646,15,353.609375,1207.5
1780761160.9350646,15,354.90625,1203.0
1780761160.9350646,15,356.234375,1197.75
1780761160.9350646,15,357.59375,1196.75
1780761160.9350646,15,358.953125,1196.5
1780761160.9350646,15,0.21875,1186.75
1780761160.9350646,15,1.5625,1182.5
1780761160.9350646,15,2.984375,1187.75
1780761160.9350646,15,4.234375,1191.75
1780761160.9350646,15,5.640625,1196.5
1780761160.9350646,15,6.921875,1197.0
1780761160.9350646,15,14.59375,1539.75
1780761160.9350646,15,16.0,1550.0
1780761160.9350646,3,24.0,1540.75
1780761160.9350646,15,40.75,915.75
1780761160.9350646,15,45.6875,1226.5
1780761160.9350646,15,46.953125,1238.75
1780761160.9350646,15,48.34375,1249.5
1780761160.9350646,15,49.71875,1226.0
1780761160.9350646,15,51.046875,1203.0
1780761160.9350646,15,53.65625,1256.5
1780761160.9350646,15,66.984375,1450.0
1780761160.9350646,5,68.375,1434.25
1780761160.9350646,15,69.65625,1419.25
1780761160.9350646,15,71.03125,1410.75
1780761160.9350646,15,72.34375,1409.5
1780761160.9350646,15,73.6875,1395.5
1780761160.9350646,15,76.4375,1372.0
1780761160.9350646,15,77.75,1364.0
1780761160.9350646,15,79.078125,1362.75
1780761160.9350646,15,80.421875,1360.0
1780761160.9350646,15,81.84375,1357.75
1780761160.9350646,15,83.125,1352.5
1780761160.9350646,15,84.40625,1350.5
1780761160.9350646,15,85.75,1347.25
1780761160.9350646,15,87.140625,1337.75
1780761160.9350646,15,88.390625,1337.5
1780761160.9350646,15,89.734375,1343.5
1780761160.9350646,15,91.171875,1329.25
1780761160.9350646,15,95.609375,507.75
1780761160.9350646,15,97.015625,495.0
1780761160.9350646,15,98.5625,483.0
1780761160.9350646,15,99.953125,471.5
1780761160.9350646,15,101.15625,461.25
1780761160.9350646,15,102.765625,451.75
1780761160.9350646,15,104.015625,443.25
1780761160.9350646,15,120.421875,1460.5
1780761160.9350646,15,128.40625,1441.25
1780761160.9350646,15,129.765625,1428.5
1780761160.9350646,15,131.140625,1430.0
1780761160.9350646,15,132.453125,1439.75
1780761160.9350646,15,133.8125,1446.25
1780761160.9350646,15,160.8125,1196.75
1780761160.9350646,15,162.078125,1202.0
1780761160.9350646,15,163.4375,1215.5
1780761160.9350646,15,172.5625,1459.5
1780761160.9350646,11,173.9375,1456.5
1780761160.9350646,15,175.28125,1470.0
1780761160.9350646,15,176.5625,1487.25
1780761160.9350646,12,177.90625,1487.25
1780761160.9350646,10,179.265625,1466.25
1780761160.9350646,15,180.578125,1463.0
1780761160.9350646,15,181.96875,1464.25
1780761160.9350646,15,183.265625,1453.75
1780761160.9350646,15,184.609375,1466.5
1780761160.9350646,15,185.921875,1473.75
1780761160.9350646,15,187.265625,1457.25
1780761160.9350646,15,188.609375,1464.0
1780761160.9350646,15,189.9375,1475.25
1780761160.9350646,15,191.28125,1482.0
1780761160.9350646,15,192.625,1492.25
1780761160.9350646,14,193.921875,1489.25
1780761160.9350646,15,195.265625,1477.75
1780761160.9350646,15,196.609375,1487.25
1780761160.9350646,15,197.953125,1504.5
1780761160.9350646,15,199.203125,1526.5
1780761160.9350646,15,211.09375,1762.25
1780761160.9350646,15,215.25,1427.25
1780761160.9350646,15,220.765625,1255.75
1780761160.9350646,15,222.1875,1226.75
1780761160.9350646,15,223.546875,1198.5
1780761160.9350646,15,226.203125,1145.25
1780761160.9350646,9,229.171875,1094.5
1780761160.9350646,15,230.453125,1072.0
1780761160.9350646,15,233.578125,808.75
1780761160.9350646,15,235.109375,792.25
1780761160.9350646,15,236.40625,776.75
1780761160.9350646,15,237.828125,766.0
1780761160.9350646,15,239.171875,754.0
1780761160.9350646,15,240.484375,742.5
1780761160.9350646,15,241.9375,736.25
1780761160.9350646,15,246.9375,897.0
1780761160.9350646,15,248.1875,887.5
1780761160.9350646,15,249.671875,878.75
1780761160.9350646,15,250.953125,870.0
1780761160.9350646,15,252.34375,863.25
1780761160.9350646,15,253.609375,857.5
1780761160.9350646,15,255.03125,851.75
1780761160.9350646,15,256.328125,845.0
1780761160.9350646,15,257.625,837.5
1780761160.9350646,15,259.046875,832.5
1780761160.9350646,15,260.421875,828.0
1780761160.9350646,15,261.703125,822.75
1780761160.9350646,15,263.125,820.25
1780761160.9350646,15,264.40625,817.75
1780761160.9350646,15,265.859375,815.25
1780761160.9350646,15,267.15625,813.0
1780761160.9350646,15,268.40625,811.5
1780761160.9350646,15,269.75,810.5
1780761160.9350646,15,271.203125,809.25
1780761160.9350646,15,272.46875,808.75
1780761160.9350646,15,273.796875,810.0
1780761160.9350646,15,275.140625,811.25
1780761160.9350646,15,276.40625,812.25
1780761160.9350646,15,277.703125,813.5
1780761160.9350646,15,278.96875,816.0
1780761160.9350646,15,280.328125,818.5
1780761160.9350646,15,281.640625,820.75
1780761160.9350646,15,282.984375,824.75
1780761160.9350646,15,284.328125,829.5
1780761160.9350646,15,285.734375,834.5
1780761160.9350646,15,287.0625,838.75
1780761160.9350646,15,288.25,845.5
1780761160.9350646,15,289.6875,853.25
1780761160.9350646,15,291.015625,858.25
1780761160.9350646,15,292.265625,864.75
1780761160.9350646,15,293.578125,872.25
1780761160.9350646,15,294.875,879.75
1780761160.9350646,15,296.265625,881.5
1780761160.9350646,15,297.484375,890.25
1780761160.9350646,15,298.859375,906.0
1780761160.9350646,15,300.234375,916.25
1780761160.9350646,15,301.5625,928.25
1780761160.9350646,15,302.875,937.75
1780761160.9350646,15,304.203125,949.75
1780761160.9350646,15,305.59375,964.0
1780761160.9350646,15,306.921875,977.75
1780761160.9350646,15,308.1875,993.25
1780761160.9350646,15,309.484375,1007.0
1780761160.9350646,15,310.84375,1022.25
1780761160.9350646,15,312.125,1039.5
1780761160.9350646,15,313.46875,1061.5
1780761160.9350646,15,314.78125,1084.75
1780761160.9350646,15,316.03125,1094.75
1780761160.9350646,15,322.359375,1619.75
1780761160.9350646,15,323.78125,1590.5
1780761160.9350646,15,325.125,1559.75
1780761160.9350646,5,326.421875,1539.25
1780761160.9350646,15,329.125,1453.75
1780761160.9350646,15,330.53125,1452.25
1780761160.9350646,15,331.890625,1442.25
1780761160.9350646,15,335.796875,1591.25
1780761160.9350646,15,337.15625,1589.25
1780761160.9350646,15,341.125,1650.5
1780761160.9350646,15,342.453125,1623.75
1780761160.9350646,15,343.859375,1605.75
1780761160.9350646,15,345.15625,1591.75
1780761160.9350646,15,346.515625,1589.75
1780761160.9350646,15,347.734375,1588.75
1780761160.9350646,15,349.125,1579.5
1780761161.0730867,15,351.96875,1242.75
1780761161.0730867,15,353.3125,1242.5
1780761161.0730867,15,354.640625,1242.0
1780761161.0730867,15,356.03125,1241.5
1780761161.0730867,15,357.375,1236.5
1780761161.0730867,15,0.0625,1226.0
1780761161.0730867,15,1.390625,1216.5
1780761161.0730867,15,2.671875,1226.75
1780761161.0730867,15,4.0,1233.0
1780761161.0730867,15,5.34375,1233.0
1780761161.0730867,15,6.703125,1241.25
1780761161.0730867,15,11.796875,1549.75
1780761161.0730867,15,13.171875,1551.5
1780761161.0730867,15,14.5,1561.75
1780761161.0730867,15,15.78125,1580.5
1780761161.0730867,15,25.171875,1540.25
1780761161.0730867,15,35.09375,987.0
1780761161.0730867,15,39.234375,942.25
1780761161.0730867,15,48.234375,1249.5
1780761161.0730867,15,49.625,1226.25
1780761161.0730867,15,50.984375,1220.5
1780761161.0730867,15,65.546875,1474.75
1780761161.0730867,15,66.890625,1450.0
1780761161.0730867,15,68.234375,1434.5
1780761161.0730867,15,69.546875,1419.25
1780761161.0730867,15,70.890625,1409.25
1780761161.0730867,15,72.265625,1408.0
1780761161.0730867,7,74.921875,1393.25
1780761161.0730867,7,76.34375,1375.25
1780761161.0730867,15,77.625,1366.5
1780761161.0730867,15,79.015625,1360.0
1780761161.0730867,15,80.34375,1358.5
1780761161.0730867,15,81.703125,1355.75
1780761161.0730867,15,83.03125,1349.5
1780761161.0730867,15,84.296875,1345.5
1780761161.0730867,15,85.59375,1348.0
1780761161.0730867,15,86.90625,1346.75
1780761161.0730867,15,92.921875,493.5
1780761161.0730867,15,94.3125,479.5
1780761161.0730867,15,95.890625,467.0
1780761161.0730867,15,97.0625,455.25
1780761161.0730867,15,98.46875,444.5
1780761161.0730867,15,99.859375,433.75
1780761161.0730867,15,101.484375,431.5
1780761161.0730867,15,102.609375,440.75
1780761161.0730867,15,103.703125,453.5
1780761161.0730867,15,106.390625,483.0
1780761161.0730867,15,108.703125,515.25
1780761161.0730867,15,114.84375,625.25
1780761161.0730867,15,117.546875,1450.25
1780761161.0730867,15,118.84375,1470.5
1780761161.0730867,15,120.15625,1505.0
1780761161.0730867,15,121.515625,1529.25
1780761161.0730867,15,126.90625,1434.75
1780761161.0730867,15,128.265625,1421.25
1780761161.0730867,15,129.578125,1421.25
1780761161.0730867,15,130.921875,1424.25
1780761161.0730867,15,132.34375,1427.0
1780761161.0730867,15,133.671875,1443.25
1780761161.0730867,15,146.3125,891.75
1780761161.0730867,15,159.375,1162.25
1780761161.0730867,15,160.71875,1157.25
1780761161.0730867,15,162.03125,1171.75
1780761161.0730867,15,163.328125,1191.25
1780761161.0730867,15,165.59375,1819.75
1780761161.0730867,15,167.0,1807.75
1780761161.0730867,15,172.515625,1445.25
1780761161.0730867,15,173.859375,1437.75
1780761161.0730867,15,175.171875,1444.5
1780761161.0730867,15,176.546875,1447.25
1780761161.0730867,15,177.90625,1430.5
1780761161.0730867,15,179.265625,1425.75
1780761161.0730867,15,180.59375,1427.75
1780761161.0730867,15,182.0,1434.5
1780761161.0730867,15,183.328125,1433.0
1780761161.0730867,15,184.609375,1436.25
1780761161.0730867,15,185.953125,1435.5
1780761161.0730867,15,187.328125,1421.75
1780761161.0730867,15,188.703125,1429.75
1780761161.0730867,15,190.03125,1442.25
1780761161.0730867,15,191.34375,1446.25
1780761161.0730867,15,192.6875,1452.75
1780761161.0730867,15,193.984375,1457.0
1780761161.0730867,12,195.359375,1460.0
1780761161.0730867,15,196.6875,1454.0
1780761161.0730867,15,198.015625,1459.25
1780761161.0730867,15,199.359375,1483.25
1780761161.0730867,15,200.671875,1518.25
1780761161.0730867,15,211.234375,1739.0
1780761161.0730867,15,215.4375,1405.5
1780761161.0730867,15,218.15625,1321.25
1780761161.0730867,15,220.9375,1255.25
1780761161.0730867,15,222.328125,1226.25
1780761161.0730867,15,223.703125,1198.25
1780761161.0730867,15,226.375,1144.5
1780761161.0730867,7,229.140625,1094.5
1780761161.0730867,15,230.515625,1065.0
1780761161.0730867,15,231.875,1040.25
1780761161.0730867,15,235.078125,790.25
1780761161.0730867,15,236.4375,778.25
1780761161.0730867,15,237.859375,763.25
1780761161.0730867,15,239.15625,751.0
1780761161.0730867,15,240.5,741.75
1780761161.0730867,15,241.828125,731.25
1780761161.0730867,15,243.265625,722.0
1780761161.0730867,15,244.484375,722.5
1780761161.0730867,15,249.59375,879.0
1780761161.0730867,15,250.921875,870.5
1780761161.0730867,15,252.21875,863.0
1780761161.0730867,15,253.703125,857.0
1780761161.0730867,15,254.90625,851.5
1780761161.0730867,15,256.359375,844.75
1780761161.0730867,15,257.671875,837.5
1780761161.0730867,15,259.078125,832.75
1780761161.0730867,15,260.328125,827.75
1780761161.0730867,15,261.765625,822.75
1780761161.0730867,15,263.015625,820.0
1780761161.0730867,15,264.34375,817.5
1780761161.0730867,15,265.6875,815.25
1780761161.0730867,15,267.140625,813.0
1780761161.0730867,15,268.53125,811.25
1780761161.0730867,15,269.859375,810.5
1780761161.0730867,15,271.15625,809.5
1780761161.0730867,15,272.484375,809.0
1780761161.0730867,15,273.796875,810.0
1780761161.0730867,15,275.0625,811.25
1780761161.0730867,15,276.40625,812.0
1780761161.0730867,15,277.84375,813.25
1780761161.0730867,15,279.140625,815.25
1780761161.0730867,15,280.390625,817.75
1780761161.0730867,15,281.828125,822.25
1780761161.0730867,15,283.046875,826.25
1780761161.0730867,15,284.390625,830.5
1780761161.0730867,15,285.734375,836.0
1780761161.0730867,15,287.03125,841.0
1780761161.0730867,15,288.484375,846.5
1780761161.0730867,15,289.75,852.5
1780761161.0730867,15,291.03125,859.75
1780761161.0730867,15,292.34375,866.25
1780761161.0730867,15,293.734375,872.5
1780761161.0730867,15,295.046875,881.0
1780761161.0730867,15,296.34375,890.25
1780761161.0730867,15,297.703125,899.5
1780761161.0730867,15,298.953125,907.75
1780761161.0730867,15,300.375,918.0
1780761161.0730867,15,301.765625,930.5
1780761161.0730867,15,303.109375,942.25
1780761161.0730867,15,304.4375,953.0
1780761161.0730867,15,305.75,966.5
1780761161.0730867,15,307.0,981.25
1780761161.0730867,15,308.40625,994.5
1780761161.0730867,15,309.625,1010.75
1780761161.0730867,15,311.046875,1026.25
1780761161.0730867,10,312.234375,1047.25
1780761161.0730867,7,313.640625,1071.0
1780761161.0730867,15,314.90625,1094.25
1780761161.0730867,15,323.84375,1639.5
1780761161.0730867,15,326.578125,1570.75
1780761161.0730867,15,327.890625,1551.0
1780761161.0730867,5,329.296875,1530.25
1780761161.0730867,15,330.625,1511.0
1780761161.0730867,15,335.890625,1635.25
1780761161.0730867,15,337.296875,1606.75
1780761161.0730867,15,343.953125,1650.0
1780761161.0730867,15,345.28125,1639.5
1780761161.0730867,15,346.625,1629.25
1780761161.0730867,15,347.921875,1611.75
1780761161.0730867,15,349.28125,1592.5
1780761161.2100983,15,352.171875,1256.75
1780761161.2100983,15,353.53125,1253.25
1780761161.2100983,15,354.9375,1248.0
1780761161.2100983,15,356.203125,1246.5
1780761161.2100983,7,357.5625,1246.25
1780761161.2100983,8,1.578125,1245.5
1780761161.2100983,7,2.90625,1245.0
1780761161.2100983,5,4.265625,1250.25
1780761161.2100983,5,5.609375,1250.25
1780761161.2100983,15,6.96875,1246.25
1780761161.2100983,15,11.9375,1590.25
1780761161.2100983,15,13.296875,1590.5
1780761161.2100983,15,14.65625,1605.5
1780761161.2100983,15,22.609375,1608.5
1780761161.2100983,15,23.984375,1582.0
1780761161.2100983,15,38.046875,958.5
1780761161.2100983,15,45.6875,1265.5
1780761161.2100983,15,47.125,1257.75
1780761161.2100983,15,48.453125,1245.0
1780761161.2100983,15,58.96875,1551.0
1780761161.2100983,15,64.28125,1454.25
1780761161.2100983,15,65.625,1462.0
1780761161.2100983,15,66.953125,1450.0
1780761161.2100983,6,68.3125,1434.0
1780761161.2100983,15,69.65625,1418.75
1780761161.2100983,15,72.28125,1409.5
1780761161.2100983,15,73.640625,1396.25
1780761161.2100983,6,75.03125,1380.75
1780761161.2100983,15,76.328125,1370.0
1780761161.2100983,15,77.6875,1361.25
1780761161.2100983,15,79.03125,1359.75
1780761161.2100983,15,80.375,1359.5
1780761161.2100983,15,81.6875,1356.5
1780761161.2100983,15,83.0625,1349.0
1780761161.2100983,15,93.125,445.75
1780761161.2100983,15,94.75,433.25
1780761161.2100983,15,99.90625,453.75
1780761161.2100983,15,101.03125,465.75
1780761161.2100983,15,102.328125,479.0
1780761161.2100983,15,103.671875,493.0
1780761161.2100983,15,104.859375,507.75
1780761161.2100983,15,106.03125,523.75
1780761161.2100983,15,115.015625,1425.5
1780761161.2100983,15,116.28125,1441.25
1780761161.2100983,15,117.640625,1450.25
1780761161.2100983,15,118.96875,1475.25
1780761161.2100983,15,125.65625,1418.0
1780761161.2100983,15,127.046875,1401.5
1780761161.2100983,15,128.328125,1401.25
1780761161.2100983,15,129.671875,1410.25
1780761161.2100983,15,131.046875,1416.5
1780761161.2100983,15,132.34375,1432.0
1780761161.2100983,15,145.078125,857.25
1780761161.2100983,15,159.359375,1140.0
1780761161.2100983,15,160.6875,1140.5
1780761161.2100983,12,161.984375,1151.0
1780761161.2100983,15,166.921875,1760.25
1780761161.2100983,15,172.515625,1400.75
1780761161.2100983,15,173.8125,1405.75
1780761161.2100983,15,175.1875,1418.25
1780761161.2100983,15,176.53125,1419.75
1780761161.2100983,15,177.875,1403.75
1780761161.2100983,15,179.15625,1400.75
1780761161.2100983,15,180.53125,1402.5
1780761161.2100983,15,181.875,1400.0
1780761161.2100983,15,183.1875,1379.5
1780761161.2100983,15,185.859375,1406.75
1780761161.2100983,15,187.1875,1396.75
1780761161.2100983,15,188.515625,1401.0
1780761161.2100983,15,189.875,1405.25
1780761161.2100983,15,191.21875,1412.25
1780761161.2100983,15,192.546875,1418.25
1780761161.2100983,15,193.84375,1422.5
1780761161.2100983,15,195.234375,1426.5
1780761161.2100983,15,196.53125,1422.75
1780761161.2100983,15,197.90625,1416.25
1780761161.2100983,15,199.171875,1432.0
1780761161.2100983,15,200.5,1469.0
1780761161.2100983,15,212.5625,1697.25
1780761161.2100983,15,216.796875,1369.75
1780761161.2100983,15,220.9375,1255.25
1780761161.2100983,15,222.265625,1226.25
1780761161.2100983,15,223.65625,1198.25
1780761161.2100983,15,226.4375,1144.5
1780761161.2100983,8,229.078125,1093.25
1780761161.2100983,10,230.390625,1071.5
1780761161.2100983,15,231.796875,1048.5
1780761161.2100983,15,233.140625,1026.25
1780761161.2100983,10,234.59375,1012.0
1780761161.2100983,15,237.640625,766.25
1780761161.2100983,15,239.0,754.0
1780761161.2100983,15,240.515625,742.25
1780761161.2100983,15,241.71875,732.0
1780761161.2100983,15,243.203125,722.75
1780761161.2100983,15,244.515625,714.25
1780761161.2100983,15,245.890625,706.75
1780761161.2100983,15,247.265625,705.75
1780761161.2100983,15,252.140625,864.0
1780761161.2100983,15,253.5625,857.25
1780761161.2100983,15,254.859375,852.0
1780761161.2100983,15,256.21875,846.0
1780761161.2100983,15,257.59375,840.0
1780761161.2100983,15,258.828125,834.75
1780761161.2100983,15,260.234375,829.25
1780761161.2100983,15,261.671875,824.0
1780761161.2100983,15,263.03125,820.25
1780761161.2100983,15,264.25,818.25
1780761161.2100983,15,265.578125,816.5
1780761161.2100983,15,266.9375,814.0
1780761161.2100983,15,268.328125,811.75
1780761161.2100983,15,269.671875,810.5
1780761161.2100983,15,271.078125,809.5
1780761161.2100983,15,272.328125,809.0
1780761161.2100983,15,273.6875,810.0
1780761161.2100983,15,275.0,811.25
1780761161.2100983,15,276.28125,812.5
1780761161.2100983,15,277.65625,815.0
1780761161.2100983,15,278.875,816.75
1780761161.2100983,15,280.25,819.0
1780761161.2100983,15,281.609375,821.5
1780761161.2100983,15,282.984375,825.75
1780761161.2100983,15,284.3125,830.5
1780761161.2100983,15,285.578125,834.75
1780761161.2100983,15,286.96875,840.75
1780761161.2100983,15,288.234375,847.5
1780761161.2100983,15,289.5625,853.5
1780761161.2100983,15,290.8125,858.75
1780761161.2100983,15,292.234375,864.75
1780761161.2100983,15,293.5625,872.5
1780761161.2100983,15,294.828125,880.25
1780761161.2100983,15,296.15625,889.25
1780761161.2100983,15,297.421875,898.0
1780761161.2100983,15,298.78125,906.75
1780761161.2100983,15,300.21875,917.25
1780761161.2100983,15,301.484375,928.5
1780761161.2100983,15,302.796875,939.75
1780761161.2100983,15,304.078125,950.75
1780761161.2100983,15,305.40625,963.25
1780761161.2100983,15,306.796875,978.0
1780761161.2100983,15,308.09375,993.5
1780761161.2100983,15,309.34375,1010.0
1780761161.2100983,15,310.65625,1024.0
1780761161.2100983,15,311.984375,1038.0
1780761161.2100983,15,313.328125,1061.5
1780761161.2100983,15,314.625,1085.0
1780761161.2100983,15,318.578125,1138.5
1780761161.2100983,15,326.21875,1630.0
1780761161.2100983,15,327.5625,1591.0
1780761161.2100983,15,328.921875,1571.25
1780761161.2100983,15,330.3125,1551.0
1780761161.2100983,5,331.59375,1530.5
1780761161.2100983,15,336.875,1672.0
1780761161.2100983,3,342.25,1708.0
1780761161.2100983,4,343.5625,1696.75
1780761161.2100983,15,344.921875,1684.75
1780761161.2100983,15,346.265625,1665.25
1780761161.2100983,15,347.640625,1654.75
1780761161.2100983,15,348.9375,1646.0
1780761161.348104,15,351.875,1325.75
1780761161.348104,15,353.21875,1325.5
1780761161.348104,15,354.546875,1319.75
1780761161.348104,15,355.890625,1319.75
1780761161.348104,15,359.890625,1320.0
1780761161.348104,1,2.5625,1273.5
1780761161.348104,15,3.953125,1277.5
1780761161.348104,1,5.234375,1280.75
1780761161.348104,15,6.59375,1306.75
1780761161.348104,15,11.734375,1626.75
1780761161.348104,15,13.078125,1629.25
1780761161.348104,15,14.359375,1651.75
1780761161.348104,15,23.78125,1605.75
1780761161.348104,15,36.515625,1009.25
1780761161.348104,15,44.125,1325.75
1780761161.348104,1,45.53125,1319.25
1780761161.348104,11,48.21875,1261.0
1780761161.348104,3,50.8125,1374.0
1780761161.348104,6,57.453125,1569.0
1780761161.348104,15,61.359375,1548.75
1780761161.348104,15,62.71875,1529.25
1780761161.348104,15,64.078125,1510.0
1780761161.348104,15,65.46875,1475.0
1780761161.348104,15,66.765625,1457.25
1780761161.348104,15,68.109375,1442.0
1780761161.348104,15,70.828125,1417.75
1780761161.348104,15,72.140625,1408.5
1780761161.348104,15,73.546875,1396.5
1780761161.348104,9,74.859375,1380.5
1780761161.348104,8,76.25,1374.5
1780761161.348104,15,77.53125,1369.25
1780761161.348104,15,78.890625,1363.75
1780761161.348104,15,93.015625,436.0
1780761161.348104,15,94.34375,444.75
1780761161.348104,15,95.5,454.5
1780761161.348104,15,96.875,465.25
1780761161.348104,15,98.125,476.5
1780761161.348104,15,99.484375,488.25
1780761161.348104,15,100.640625,500.5
1780761161.348104,15,101.84375,513.75
1780761161.348104,15,103.265625,528.75
1780761161.348104,15,105.671875,562.5
1780761161.348104,15,108.25,598.25
1780761161.348104,15,110.84375,1400.75
1780761161.348104,15,112.171875,1409.25
1780761161.348104,15,113.484375,1417.0
1780761161.348104,15,114.828125,1425.5
1780761161.348104,15,116.125,1434.5
1780761161.348104,15,117.5,1450.0
1780761161.348104,15,118.8125,1475.0
1780761161.348104,15,130.875,1417.25
1780761161.348104,15,132.15625,1437.5
1780761161.348104,15,159.140625,1092.25
1780761161.348104,15,160.453125,1108.0
1780761161.348104,15,161.734375,1128.0
1780761161.348104,15,172.21875,1351.5
1780761161.348104,15,173.546875,1359.5
1780761161.348104,15,174.890625,1373.25
1780761161.348104,15,176.25,1383.0
1780761161.348104,15,177.609375,1369.5
1780761161.348104,15,178.96875,1355.25
1780761161.348104,15,180.359375,1350.5
1780761161.348104,15,181.671875,1350.5
1780761161.348104,14,182.953125,1355.0
1780761161.348104,15,184.375,1355.75
1780761161.348104,15,185.65625,1352.25
1780761161.348104,15,187.015625,1353.75
1780761161.348104,15,188.34375,1353.5
1780761161.348104,15,189.703125,1358.0
1780761161.348104,15,191.03125,1367.5
1780761161.348104,15,192.359375,1372.25
1780761161.348104,15,193.65625,1386.5
1780761161.348104,15,194.984375,1394.25
1780761161.348104,15,196.34375,1401.25
1780761161.348104,15,197.671875,1394.5
1780761161.348104,15,198.984375,1392.0
1780761161.348104,15,200.3125,1420.25
1780761161.348104,15,214.78125,1817.5
1780761161.348104,15,217.765625,1339.0
1780761161.348104,15,221.859375,1228.5
1780761161.348104,15,223.25,1200.5
1780761161.348104,9,224.609375,1173.0
1780761161.348104,15,226.03125,1151.5
1780761161.348104,15,227.34375,1131.75
1780761161.348104,15,230.171875,1075.0
1780761161.348104,15,232.90625,1029.5
1780761161.348104,10,234.171875,1015.25
1780761161.348104,15,235.640625,999.25
1780761161.348104,15,236.984375,983.0
1780761161.348104,15,240.0625,747.5
1780761161.348104,15,241.46875,736.0
1780761161.348104,15,242.84375,726.0
1780761161.348104,15,244.15625,716.25
1780761161.348104,15,245.515625,708.0
1780761161.348104,15,246.875,699.75
1780761161.348104,15,248.21875,691.75
1780761161.348104,15,249.6875,687.25
1780761161.348104,15,254.515625,854.25
1780761161.348104,15,257.265625,844.75
1780761161.348104,15,258.65625,835.5
1780761161.348104,15,259.96875,830.75
1780761161.348104,15,261.328125,824.5
1780761161.348104,15,262.609375,821.0
1780761161.348104,15,264.015625,820.5
1780761161.348104,15,265.296875,817.25
1780761161.348104,15,266.75,814.75
1780761161.348104,15,268.0625,812.75
1780761161.348104,15,269.328125,812.0
1780761161.348104,15,270.65625,812.75
1780761161.348104,15,272.046875,810.5
1780761161.348104,15,273.421875,811.25
1780761161.348104,15,274.75,812.75
1780761161.348104,15,276.015625,813.75
1780761161.348104,15,277.421875,816.25
1780761161.348104,15,278.734375,818.0
1780761161.348104,15,279.953125,821.25
1780761161.348104,15,281.375,823.0
1780761161.348104,15,282.6875,826.5
1780761161.348104,15,284.0625,832.75
1780761161.348104,15,285.390625,837.0
1780761161.348104,15,286.6875,842.25
1780761161.348104,15,287.984375,849.0
1780761161.348104,15,289.359375,854.75
1780761161.348104,15,290.59375,859.75
1780761161.348104,15,292.015625,866.5
1780761161.348104,15,293.328125,874.25
1780761161.348104,15,294.59375,881.75
1780761161.348104,15,295.875,890.75
1780761161.348104,15,297.203125,900.75
1780761161.348104,15,298.59375,908.75
1780761161.348104,15,299.921875,918.5
1780761161.348104,15,301.3125,930.0
1780761161.348104,15,303.890625,964.0
1780761161.348104,15,305.25,964.5
1780761161.348104,15,306.53125,978.25
1780761161.348104,15,307.84375,993.0
1780761161.348104,15,309.234375,1005.75
1780761161.348104,15,310.484375,1021.75
1780761161.348104,15,311.875,1037.25
1780761161.348104,15,313.15625,1059.0
1780761161.348104,15,314.4375,1085.5
1780761161.348104,15,315.734375,1112.5
1780761161.348104,15,317.125,1137.75
1780761161.348104,15,318.34375,1159.5
1780761161.348104,15,319.796875,1173.5
1780761161.348104,15,327.375,1650.5
1780761161.348104,15,328.71875,1613.0
1780761161.348104,15,330.0625,1584.0
1780761161.348104,15,331.4375,1570.75
1780761161.348104,7,332.796875,1566.5
1780761161.348104,15,334.109375,1577.0
1780761161.348104,15,342.0,1747.5
1780761161.348104,15,343.359375,1746.5
1780761161.348104,15,344.71875,1732.5
1780761161.348104,15,346.0625,1719.25
1780761161.348104,4,347.484375,1708.25
1780761161.348104,5,348.84375,1696.75
1780761161.348104,15,350.171875,1685.25
1780761161.4851618,15,353.09375,1346.5
1780761161.4851618,15,354.4375,1346.0
1780761161.4851618,15,355.75,1339.0
1780761161.4851618,15,357.125,1332.5
1780761161.4851618,15,358.453125,1326.25
1780761161.4851618,15,359.765625,1320.0
1780761161.4851618,15,1.109375,1332.5
1780761161.4851618,15,2.4375,1339.0
1780761161.4851618,15,3.796875,1339.0
1780761161.4851618,15,5.171875,1338.75
1780761161.4851618,15,6.5,1332.5
1780761161.4851618,15,10.296875,1654.25
1780761161.4851618,15,11.671875,1665.0
1780761161.4851618,15,14.328125,1686.5
1780761161.4851618,15,42.8125,1319.5
1780761161.4851618,15,44.171875,1325.75
1780761161.4851618,15,46.90625,1273.0
1780761161.4851618,15,54.734375,1610.25
1780761161.4851618,15,56.03125,1581.25
1780761161.4851618,15,60.046875,1559.75
1780761161.4851618,15,61.4375,1539.5
1780761161.4851618,8,62.796875,1513.25
1780761161.4851618,15,64.203125,1488.25
1780761161.4851618,15,65.546875,1469.25
1780761161.4851618,15,68.1875,1442.75
1780761161.4851618,15,69.546875,1425.75
1780761161.4851618,15,70.921875,1416.0
1780761161.4851618,15,72.234375,1408.25
1780761161.4851618,15,73.609375,1395.75
1780761161.4851618,7,74.953125,1379.75
1780761161.4851618,15,86.703125,424.75
1780761161.4851618,15,87.875,434.5
1780761161.4851618,15,89.296875,441.25
1780761161.4851618,15,90.375,449.5
1780761161.4851618,15,91.890625,458.5
1780761161.4851618,15,93.09375,467.5
1780761161.4851618,15,94.21875,477.75
1780761161.4851618,15,95.46875,488.5
1780761161.4851618,15,96.6875,499.5
1780761161.4851618,15,98.109375,511.25
1780761161.4851618,15,99.46875,524.25
1780761161.4851618,15,100.53125,538.75
1780761161.4851618,15,101.921875,554.5
1780761161.4851618,9,108.375,1374.5
1780761161.4851618,15,109.6875,1379.0
1780761161.4851618,15,111.03125,1394.75
1780761161.4851618,15,112.359375,1409.0
1780761161.4851618,15,113.671875,1416.75
1780761161.4851618,15,115.03125,1425.5
1780761161.4851618,15,116.328125,1434.5
1780761161.4851618,15,124.4375,1367.0
1780761161.4851618,15,125.84375,1347.0
1780761161.4851618,15,127.125,1344.25
1780761161.4851618,15,128.46875,1362.0
1780761161.4851618,15,131.015625,1433.75
1780761161.4851618,15,141.171875,804.5
1780761161.4851618,12,158.140625,1055.5
1780761161.4851618,9,159.546875,1069.0
1780761161.4851618,15,160.828125,1082.25
1780761161.4851618,4,165.6875,1698.25
1780761161.4851618,15,171.359375,1320.25
1780761161.4851618,15,172.625,1324.0
1780761161.4851618,15,173.984375,1334.5
1780761161.4851618,15,175.28125,1334.25
1780761161.4851618,15,176.640625,1328.75
1780761161.4851618,15,178.0,1321.5
1780761161.4851618,15,179.453125,1321.0
1780761161.4851618,15,180.734375,1322.75
1780761161.4851618,15,182.15625,1320.5
1780761161.4851618,15,183.453125,1321.5
1780761161.4851618,15,184.765625,1325.0
1780761161.4851618,15,186.15625,1321.75
1780761161.4851618,15,187.5,1318.0
1780761161.4851618,15,188.828125,1322.75
1780761161.4851618,15,190.21875,1330.0
1780761161.4851618,15,191.53125,1334.0
1780761161.4851618,15,192.8125,1340.0
1780761161.4851618,15,194.203125,1350.5
1780761161.4851618,15,195.546875,1355.25
1780761161.4851618,15,196.84375,1372.25
1780761161.4851618,15,199.53125,1359.5
1780761161.4851618,15,200.859375,1386.0
1780761161.4851618,15,202.15625,1412.75
1780761161.4851618,15,211.15625,2284.75
1780761161.4851618,15,221.015625,1255.25
1780761161.4851618,15,222.40625,1226.25
1780761161.4851618,15,223.765625,1198.25
1780761161.4851618,15,226.515625,1140.75
1780761161.4851618,15,227.984375,1121.25
1780761161.4851618,6,229.296875,1094.5
1780761161.4851618,15,230.640625,1064.75
1780761161.4851618,15,232.078125,1040.0
1780761161.4851618,15,233.453125,1024.5
1780761161.4851618,15,234.734375,1010.75
1780761161.4851618,15,236.109375,996.0
1780761161.4851618,15,237.5,979.75
1780761161.4851618,15,238.84375,965.75
1780761161.4851618,12,240.25,955.0
1780761161.4851618,15,243.5,723.25
1780761161.4851618,15,244.875,713.75
1780761161.4851618,15,246.21875,705.5
1780761161.4851618,15,247.5,697.0
1780761161.4851618,15,248.953125,688.75
1780761161.4851618,15,250.140625,682.75
1780761161.4851618,15,251.625,677.0
1780761161.4851618,15,252.9375,675.0
1780761161.4851618,15,257.78125,838.25
1780761161.4851618,15,260.59375,831.25
1780761161.4851618,15,261.890625,826.5
1780761161.4851618,15,263.296875,821.5
1780761161.4851618,15,264.59375,817.0
1780761161.4851618,15,265.96875,815.25
1780761161.4851618,15,267.34375,814.5
1780761161.4851618,15,268.6875,813.25
1780761161.4851618,15,269.921875,811.25
1780761161.4851618,15,271.40625,811.75
1780761161.4851618,15,272.640625,812.0
1780761161.4851618,15,273.953125,812.75
1780761161.4851618,15,275.28125,814.5
1780761161.4851618,15,276.640625,816.0
1780761161.4851618,15,278.078125,816.75
1780761161.4851618,15,279.359375,820.0
1780761161.4851618,15,280.625,824.0
1780761161.4851618,15,282.046875,824.25
1780761161.4851618,15,283.390625,828.25
1780761161.4851618,15,284.609375,834.75
1780761161.4851618,15,286.0625,840.25
1780761161.4851618,15,287.40625,846.5
1780761161.4851618,15,288.640625,852.25
1780761161.4851618,15,290.015625,858.0
1780761161.4851618,15,291.265625,863.75
1780761161.4851618,15,292.65625,871.0
1780761161.4851618,15,293.953125,878.75
1780761161.4851618,15,295.34375,886.25
1780761161.4851618,15,296.65625,894.75
1780761161.4851618,15,297.9375,904.0
1780761161.4851618,15,299.234375,913.5
1780761161.4851618,15,300.6875,923.25
1780761161.4851618,15,302.0,933.5
1780761161.4851618,15,303.265625,946.5
1780761161.4851618,15,304.578125,964.25
1780761161.4851618,15,305.875,977.25
1780761161.4851618,15,307.3125,986.75
1780761161.4851618,11,308.5625,1000.25
1780761161.4851618,15,309.921875,1015.75
1780761161.4851618,15,311.21875,1033.25
1780761161.4851618,15,312.515625,1054.75
1780761161.4851618,15,313.8125,1074.75
1780761161.4851618,15,315.15625,1099.0
1780761161.4851618,15,316.4375,1130.5
1780761161.4851618,15,317.765625,1147.0
1780761161.4851618,15,330.78125,1639.5
1780761161.4851618,15,332.171875,1609.75
1780761161.4851618,15,333.5,1589.75
1780761161.4851618,15,337.453125,1747.0
1780761161.4851618,6,338.8125,1733.5
1780761161.4851618,15,342.765625,1772.0
1780761161.4851618,15,344.15625,1759.0
1780761161.4851618,15,345.4375,1768.5
1780761161.4851618,15,346.84375,1757.25
1780761161.4851618,15,348.203125,1746.75
1780761161.4851618,15,349.546875,1743.75
1780761161.623104,15,352.453125,1400.75
1780761161.623104,4,353.75,1405.25
1780761161.623104,4,355.15625,1397.5
1780761161.623104,5,356.5,1392.0
1780761161.623104,15,357.796875,1391.75
1780761161.623104,15,0.59375,1321.0
1780761161.623104,15,3.203125,1365.25
1780761161.623104,15,11.0,1699.25
1780761161.623104,15,12.34375,1709.5
1780761161.623104,15,13.640625,1733.0
1780761161.623104,15,28.8125,1159.75
1780761161.623104,15,35.484375,1250.75
1780761161.623104,15,36.765625,1268.0
1780761161.623104,15,44.859375,1332.75
1780761161.623104,15,54.078125,1619.5
1780761161.623104,15,55.359375,1599.5
1780761161.623104,15,59.40625,1560.25
1780761161.623104,15,60.8125,1540.0
1780761161.623104,6,62.109375,1529.75
1780761161.623104,15,63.484375,1510.75
1780761161.623104,15,68.9375,1425.25
1780761161.623104,15,70.28125,1410.25
1780761161.623104,15,71.625,1410.0
1780761161.623104,15,81.90625,430.25
1780761161.623104,15,83.1875,439.0
1780761161.623104,15,84.6875,444.75
1780761161.623104,15,85.71875,452.0
1780761161.623104,15,87.140625,459.25
1780761161.623104,15,88.5625,467.0
1780761161.623104,15,89.6875,476.0
1780761161.623104,15,91.015625,485.0
1780761161.623104,15,92.34375,494.25
1780761161.623104,15,93.515625,504.0
1780761161.623104,15,94.875,514.25
1780761161.623104,15,96.140625,526.75
1780761161.623104,15,97.40625,539.75
1780761161.623104,15,98.59375,553.25
1780761161.623104,15,100.0,568.5
1780761161.623104,15,101.296875,580.5
1780761161.623104,15,103.8125,1345.75
1780761161.623104,15,105.125,1359.25
1780761161.623104,9,106.4375,1361.5
1780761161.623104,9,107.75,1370.25
1780761161.623104,15,109.078125,1380.0
1780761161.623104,15,110.390625,1384.25
1780761161.623104,15,111.734375,1398.0
1780761161.623104,15,113.109375,1410.0
1780761161.623104,7,114.453125,1410.75
1780761161.623104,15,115.71875,1426.5
1780761161.623104,15,119.734375,1434.75
1780761161.623104,15,122.5,1336.25
1780761161.623104,15,123.84375,1336.25
1780761161.623104,15,125.234375,1335.25
1780761161.623104,15,126.46875,1353.5
1780761161.623104,15,127.828125,1364.75
1780761161.623104,15,139.390625,772.0
1780761161.623104,15,157.625,1027.75
1780761161.623104,15,158.890625,1036.5
1780761161.623104,15,160.265625,1050.75
1780761161.623104,15,166.421875,1660.75
1780761161.623104,15,170.71875,1289.75
1780761161.623104,15,172.078125,1283.0
1780761161.623104,15,173.40625,1289.25
1780761161.623104,15,174.71875,1296.0
1780761161.623104,15,176.09375,1304.5
1780761161.623104,15,177.453125,1292.5
1780761161.623104,15,178.765625,1280.0
1780761161.623104,15,180.09375,1278.75
1780761161.623104,15,181.421875,1282.25
1780761161.623104,15,182.75,1283.75
1780761161.623104,15,184.125,1285.5
1780761161.623104,15,185.46875,1285.0
1780761161.623104,15,186.828125,1283.0
1780761161.623104,15,188.171875,1288.5
1780761161.623104,15,189.46875,1292.0
1780761161.623104,15,190.78125,1297.5
1780761161.623104,15,192.15625,1305.0
1780761161.623104,15,193.5,1304.5
1780761161.623104,15,194.765625,1307.0
1780761161.623104,15,196.15625,1318.5
1780761161.623104,15,197.46875,1320.75
1780761161.623104,15,198.796875,1315.75
1780761161.623104,15,200.125,1331.25
1780761161.623104,15,201.46875,1353.25
1780761161.623104,15,202.75,1381.75
1780761161.623104,15,208.96875,2294.25
1780761161.623104,15,210.3125,2294.25
1780761161.623104,15,211.703125,2280.5
1780761161.623104,15,214.59375,1607.75
1780761161.623104,15,222.921875,1224.25
1780761161.623104,15,224.265625,1189.25
1780761161.623104,15,225.640625,1158.5
1780761161.623104,15,227.0625,1137.25
1780761161.623104,15,229.765625,1081.25
1780761161.623104,15,231.078125,1058.25
1780761161.623104,15,232.53125,1033.5
1780761161.623104,15,233.890625,1013.75
1780761161.623104,15,235.125,1001.5
1780761161.623104,15,236.5,988.0
1780761161.623104,15,237.90625,972.5
1780761161.623104,15,239.28125,959.75
1780761161.623104,15,240.5625,946.0
1780761161.623104,15,242.015625,933.25
1780761161.623104,15,245.1875,711.5
1780761161.623104,15,246.421875,701.75
1780761161.623104,15,247.84375,693.5
1780761161.623104,15,249.296875,686.25
1780761161.623104,15,250.546875,679.5
1780761161.623104,15,251.9375,673.75
1780761161.623104,15,253.515625,668.5
1780761161.623104,15,254.703125,663.75
1780761161.623104,15,256.125,665.75
1780761161.623104,15,262.484375,827.25
1780761161.623104,15,263.734375,819.25
1780761161.623104,15,265.078125,817.5
1780761161.623104,15,266.390625,817.25
1780761161.623104,15,267.828125,815.5
1780761161.623104,15,269.140625,813.25
1780761161.623104,15,270.5,812.25
1780761161.623104,15,271.78125,812.25
1780761161.623104,15,273.15625,812.0
1780761161.623104,15,274.46875,813.25
1780761161.623104,15,275.765625,815.25
1780761161.623104,15,277.125,816.5
1780761161.623104,15,278.484375,817.75
1780761161.623104,15,279.8125,821.25
1780761161.623104,15,281.125,825.25
1780761161.623104,15,282.421875,828.75
1780761161.623104,15,283.8125,832.5
1780761161.623104,15,285.078125,837.25
1780761161.623104,15,286.4375,842.75
1780761161.623104,15,287.796875,848.75
1780761161.623104,15,289.0625,854.5
1780761161.623104,15,290.40625,861.0
1780761161.623104,15,291.765625,866.5
1780761161.623104,15,293.015625,873.0
1780761161.623104,15,294.28125,882.0
1780761161.623104,15,295.65625,890.25
1780761161.623104,15,297.046875,899.5
1780761161.623104,15,298.296875,908.5
1780761161.623104,15,299.625,918.75
1780761161.623104,15,301.046875,930.25
1780761161.623104,15,302.3125,940.0
1780761161.623104,15,303.65625,952.25
1780761161.623104,15,304.9375,966.0
1780761161.623104,15,306.328125,981.5
1780761161.623104,15,307.59375,996.0
1780761161.623104,15,308.921875,1006.5
1780761161.623104,15,310.28125,1020.25
1780761161.623104,15,311.578125,1036.5
1780761161.623104,15,312.875,1059.5
1780761161.623104,15,314.125,1083.5
1780761161.623104,15,316.8125,1137.5
1780761161.623104,9,318.109375,1160.75
1780761161.623104,15,319.390625,1186.5
1780761161.623104,2,328.453125,1723.0
1780761161.623104,15,331.171875,1674.0
1780761161.623104,15,332.546875,1639.75
1780761161.623104,15,333.875,1623.25
1780761161.623104,15,337.828125,1771.0
1780761161.623104,15,339.21875,1759.0
1780761161.623104,15,340.546875,1736.5
1780761161.623104,15,343.171875,1832.0
1780761161.623104,15,344.53125,1807.75
1780761161.623104,15,345.90625,1783.75
1780761161.623104,15,347.1875,1760.0
1780761161.623104,15,348.546875,1748.25
1780761161.623104,15,349.859375,1748.0
1780761161.7603261,15,352.75,1427.0
1780761161.7603261,5,354.078125,1425.75
1780761161.7603261,15,355.40625,1423.75
1780761161.7603261,15,356.78125,1423.0
1780761161.7603261,15,0.765625,1416.25
1780761161.7603261,15,2.140625,1416.25
1780761161.7603261,15,3.484375,1423.0
1780761161.7603261,6,4.78125,1423.5
1780761161.7603261,6,6.125,1424.0
1780761161.7603261,15,9.96875,1746.5
1780761161.7603261,15,11.296875,1746.75
1780761161.7603261,15,12.59375,1747.0
1780761161.7603261,15,13.984375,1758.75
1780761161.7603261,15,34.28125,1320.0
1780761161.7603261,15,35.671875,1325.75
1780761161.7603261,15,36.96875,1344.75
1780761161.7603261,15,40.921875,1432.75
1780761161.7603261,15,43.734375,1326.5
1780761161.7603261,15,54.25,1614.75
1780761161.7603261,15,56.953125,1569.0
1780761161.7603261,15,58.265625,1580.25
1780761161.7603261,15,59.671875,1559.75
1780761161.7603261,15,61.0625,1539.75
1780761161.7603261,15,62.40625,1529.0
1780761161.7603261,15,66.4375,1450.0
1780761161.7603261,15,67.78125,1434.75
1780761161.7603261,15,76.921875,436.5
1780761161.7603261,15,78.28125,444.0
1780761161.7603261,15,79.296875,448.75
1780761161.7603261,15,80.859375,454.5
1780761161.7603261,15,81.984375,460.75
1780761161.7603261,15,83.3125,467.75
1780761161.7603261,15,84.734375,474.75
1780761161.7603261,15,85.765625,482.25
1780761161.7603261,15,87.34375,490.0
1780761161.7603261,15,88.5625,498.25
1780761161.7603261,15,89.828125,507.0
1780761161.7603261,15,90.921875,516.75
1780761161.7603261,15,92.25,527.75
1780761161.7603261,15,93.46875,538.75
1780761161.7603261,15,94.9375,550.75
1780761161.7603261,15,96.125,562.5
1780761161.7603261,15,97.359375,573.0
1780761161.7603261,15,100.03125,1338.0
1780761161.7603261,15,101.375,1348.0
1780761161.7603261,15,102.71875,1354.0
1780761161.7603261,15,104.0,1358.0
1780761161.7603261,15,105.421875,1361.75
1780761161.7603261,15,106.734375,1366.25
1780761161.7603261,8,107.96875,1372.0
1780761161.7603261,15,109.3125,1377.5
1780761161.7603261,15,110.640625,1394.25
1780761161.7603261,15,111.96875,1408.25
1780761161.7603261,15,113.28125,1409.5
1780761161.7603261,15,114.640625,1419.0
1780761161.7603261,2,118.609375,1452.75
1780761161.7603261,15,121.359375,1305.5
1780761161.7603261,15,122.703125,1320.0
1780761161.7603261,15,124.078125,1327.25
1780761161.7603261,15,125.375,1327.25
1780761161.7603261,15,128.0625,1343.5
1780761161.7603261,15,137.015625,746.25
1780761161.7603261,15,138.265625,746.5
1780761161.7603261,15,156.515625,997.0
1780761161.7603261,15,157.890625,1003.0
1780761161.7603261,15,159.15625,1013.25
1780761161.7603261,15,164.0,1639.25
1780761161.7603261,15,165.34375,1614.0
1780761161.7603261,15,166.6875,1597.25
1780761161.7603261,15,170.96875,1253.75
1780761161.7603261,15,172.296875,1251.0
1780761161.7603261,15,173.6875,1251.0
1780761161.7603261,15,174.921875,1256.75
1780761161.7603261,15,176.328125,1280.75
1780761161.7603261,15,179.0625,1237.0
1780761161.7603261,15,180.296875,1241.0
1780761161.7603261,15,181.640625,1245.5
1780761161.7603261,15,182.984375,1245.75
1780761161.7603261,15,184.296875,1244.25
1780761161.7603261,15,185.640625,1242.5
1780761161.7603261,15,186.921875,1242.0
1780761161.7603261,15,188.21875,1248.25
1780761161.7603261,15,189.578125,1254.25
1780761161.7603261,15,190.9375,1261.25
1780761161.7603261,15,192.28125,1266.0
1780761161.7603261,15,193.609375,1261.5
1780761161.7603261,15,194.96875,1264.5
1780761161.7603261,15,196.265625,1280.5
1780761161.7603261,15,197.515625,1297.5
1780761161.7603261,15,198.875,1286.75
1780761161.7603261,15,200.203125,1279.75
1780761161.7603261,9,201.515625,1307.25
1780761161.7603261,15,209.0625,2294.25
1780761161.7603261,15,210.390625,2294.25
1780761161.7603261,15,214.734375,1576.0
1780761161.7603261,15,222.984375,1214.5
1780761161.7603261,15,225.734375,1153.25
1780761161.7603261,15,227.046875,1133.0
1780761161.7603261,15,229.8125,1076.5
1780761161.7603261,15,231.234375,1056.0
1780761161.7603261,15,232.578125,1032.0
1780761161.7603261,10,233.90625,1014.5
1780761161.7603261,15,235.359375,1001.5
1780761161.7603261,15,236.71875,988.75
1780761161.7603261,15,238.078125,974.5
1780761161.7603261,15,239.421875,961.0
1780761161.7603261,15,240.75,945.75
1780761161.7603261,15,242.109375,933.0
1780761161.7603261,15,243.4375,925.75
1780761161.7603261,15,244.796875,914.75
1780761161.7603261,15,248.0,696.5
1780761161.7603261,15,249.25,689.25
1780761161.7603261,15,250.71875,679.75
1780761161.7603261,15,252.140625,673.75
1780761161.7603261,15,253.40625,668.0
1780761161.7603261,15,254.703125,663.25
1780761161.7603261,15,256.09375,659.0
1780761161.7603261,15,257.59375,654.75
1780761161.7603261,15,258.84375,651.5
1780761161.7603261,15,267.6875,815.5
1780761161.7603261,15,269.109375,813.5
1780761161.7603261,15,270.421875,812.5
1780761161.7603261,15,271.796875,812.75
1780761161.7603261,15,273.0625,813.25
1780761161.7603261,15,274.515625,814.0
1780761161.7603261,15,275.828125,815.25
1780761161.7603261,15,277.078125,816.75
1780761161.7603261,15,278.421875,819.0
1780761161.7603261,15,279.640625,822.0
1780761161.7603261,15,281.046875,825.0
1780761161.7603261,15,282.296875,828.5
1780761161.7603261,15,283.65625,832.25
1780761161.7603261,15,284.90625,836.75
1780761161.7603261,15,286.296875,842.75
1780761161.7603261,15,287.59375,849.25
1780761161.7603261,15,288.953125,855.25
1780761161.7603261,15,290.171875,861.0
1780761161.7603261,15,291.578125,867.75
1780761161.7603261,15,292.921875,874.5
1780761161.7603261,15,294.15625,882.25
1780761161.7603261,15,295.515625,890.75
1780761161.7603261,15,296.734375,899.75
1780761161.7603261,15,298.125,909.0
1780761161.7603261,15,299.484375,919.25
1780761161.7603261,15,300.84375,929.0
1780761161.7603261,15,302.140625,939.0
1780761161.7603261,15,303.484375,951.75
1780761161.7603261,15,304.703125,964.0
1780761161.7603261,15,306.0625,978.75
1780761161.7603261,15,307.3125,994.5
1780761161.7603261,15,308.671875,1006.5
1780761161.7603261,15,309.984375,1018.25
1780761161.7603261,15,311.328125,1034.75
1780761161.7603261,15,312.640625,1058.75
1780761161.7603261,15,313.890625,1083.25
1780761161.7603261,15,315.203125,1111.25
1780761161.7603261,15,316.546875,1137.0
1780761161.7603261,10,317.828125,1153.25
1780761161.7603261,15,319.140625,1179.5
1780761161.7603261,15,320.4375,1214.25
1780761161.7603261,15,328.21875,1759.75
1780761161.7603261,2,330.90625,1722.75
1780761161.7603261,15,333.65625,1674.0
1780761161.7603261,15,338.9375,1808.0
1780761161.7603261,15,342.90625,1821.25
1780761161.7603261,15,344.28125,1834.5
1780761161.7603261,15,345.609375,1821.75
1780761161.7603261,15,346.921875,1820.25
1780761161.7603261,15,348.28125,1797.75
1780761161.7603261,15,349.640625,1774.25
1780761161.8981485,15,353.8125,1435.25
1780761161.8981485,15,355.15625,1427.75
1780761161.8981485,15,356.53125,1427.5
1780761161.8981485,15,357.875,1435.0
1780761161.8981485,15,359.21875,1442.75
1780761161.8981485,15,0.5,1435.25
1780761161.8981485,15,1.890625,1427.5
1780761161.8981485,15,3.1875,1427.5
1780761161.8981485,15,4.515625,1427.75
1780761161.8981485,15,5.890625,1427.5
1780761161.8981485,15,9.71875,1770.5
1780761161.8981485,15,11.09375,1770.5
1780761161.8981485,15,12.4375,1771.25
1780761161.8981485,15,40.671875,1434.75
1780761161.8981485,15,55.296875,1629.0
1780761161.8981485,15,56.640625,1609.75
1780761161.8981485,15,57.984375,1580.75
1780761161.8981485,15,59.4375,1560.0
1780761161.8981485,6,60.8125,1539.75
1780761161.8981485,15,72.515625,447.75
1780761161.8981485,15,73.625,454.25
1780761161.8981485,15,75.125,458.75
1780761161.8981485,15,76.3125,463.5
1780761161.8981485,15,77.703125,468.75
1780761161.8981485,15,79.109375,474.25
1780761161.8981485,15,80.390625,481.0
1780761161.8981485,15,81.5625,487.5
1780761161.8981485,15,82.96875,493.5
1780761161.8981485,15,84.078125,500.5
1780761161.8981485,15,85.375,508.25
1780761161.8981485,15,86.640625,516.75
1780761161.8981485,15,87.953125,525.75
1780761161.8981485,15,89.4375,535.75
1780761161.8981485,15,90.53125,546.25
1780761161.8981485,15,92.015625,557.0
1780761161.8981485,15,93.203125,565.25
1780761161.8981485,15,97.09375,1331.5
1780761161.8981485,15,98.359375,1337.5
1780761161.8981485,15,99.78125,1343.75
1780761161.8981485,15,101.109375,1347.25
1780761161.8981485,15,102.453125,1353.0
1780761161.8981485,15,103.71875,1356.25
1780761161.8981485,15,105.125,1358.75
1780761161.8981485,15,106.390625,1364.25
1780761161.8981485,8,107.71875,1372.75
1780761161.8981485,15,109.078125,1379.25
1780761161.8981485,15,110.375,1382.75
1780761161.8981485,15,111.75,1385.75
1780761161.8981485,15,113.0625,1398.75
1780761161.8981485,15,119.8125,1323.0
1780761161.8981485,15,122.484375,1306.0
1780761161.8981485,15,123.828125,1310.75
1780761161.8981485,15,126.453125,1334.5
1780761161.8981485,15,135.546875,719.25
1780761161.8981485,15,154.96875,967.5
1780761161.8981485,15,156.40625,970.5
1780761161.8981485,15,157.78125,980.75
1780761161.8981485,15,159.0,990.75
1780761161.8981485,15,163.859375,1593.25
1780761161.8981485,15,165.21875,1590.0
1780761161.8981485,15,166.5625,1580.0
1780761161.8981485,15,170.859375,1201.0
1780761161.8981485,15,172.21875,1208.5
1780761161.8981485,15,173.546875,1231.0
1780761161.8981485,15,174.84375,1233.25
1780761161.8981485,15,176.265625,1215.75
1780761161.8981485,15,177.59375,1211.25
1780761161.8981485,15,178.890625,1210.75
1780761161.8981485,15,180.203125,1208.5
1780761161.8981485,15,181.5,1213.75
1780761161.8981485,15,182.796875,1213.75
1780761161.8981485,15,184.15625,1210.75
1780761161.8981485,15,185.53125,1210.0
1780761161.8981485,15,186.890625,1211.25
1780761161.8981485,15,188.203125,1218.5
1780761161.8981485,15,189.515625,1218.25
1780761161.8981485,15,190.890625,1217.25
1780761161.8981485,15,192.203125,1223.75
1780761161.8981485,15,193.484375,1230.75
1780761161.8981485,15,194.859375,1238.75
1780761161.8981485,15,196.21875,1238.75
1780761161.8981485,15,197.453125,1243.25
1780761161.8981485,15,198.828125,1239.5
1780761161.8981485,15,200.1875,1237.25
1780761161.8981485,15,201.546875,1255.5
1780761161.8981485,15,202.765625,1281.5
1780761161.8981485,15,208.96875,2294.25
1780761161.8981485,15,210.296875,2294.25
1780761161.8981485,15,211.65625,2279.0
1780761161.8981485,15,215.953125,1542.25
1780761161.8981485,15,221.546875,1230.5
1780761161.8981485,15,222.90625,1224.25
1780761161.8981485,9,224.3125,1189.0
1780761161.8981485,15,225.703125,1158.0
1780761161.8981485,15,227.03125,1137.75
1780761161.8981485,15,229.90625,1080.25
1780761161.8981485,15,231.296875,1055.75
1780761161.8981485,15,232.625,1033.75
1780761161.8981485,15,234.0625,1016.25
1780761161.8981485,15,235.375,1001.0
1780761161.8981485,15,236.765625,988.25
1780761161.8981485,15,238.09375,974.75
1780761161.8981485,15,239.40625,960.25
1780761161.8981485,15,240.796875,945.0
1780761161.8981485,15,242.140625,933.75
1780761161.8981485,15,243.484375,924.25
1780761161.8981485,15,244.84375,913.5
1780761161.8981485,15,246.3125,903.75
1780761161.8981485,15,247.59375,894.0
1780761161.8981485,15,250.828125,681.75
1780761161.8981485,15,252.265625,675.5
1780761161.8981485,15,253.375,668.5
1780761161.8981485,15,254.6875,663.25
1780761161.8981485,15,256.125,658.75
1780761161.8981485,15,257.5,654.5
1780761161.8981485,15,258.78125,651.0
1780761161.8981485,15,260.09375,648.5
1780761161.8981485,15,261.609375,645.75
1780761161.8981485,15,269.140625,813.5
1780761161.8981485,15,270.359375,812.75
1780761161.8981485,15,271.796875,812.75
1780761161.8981485,15,273.09375,813.5
1780761161.8981485,15,274.375,814.25
1780761161.8981485,15,275.734375,815.25
1780761161.8981485,15,277.046875,816.75
1780761161.8981485,15,278.421875,818.25
1780761161.8981485,15,279.65625,821.25
1780761161.8981485,15,280.984375,825.0
1780761161.8981485,15,282.390625,828.5
1780761161.8981485,15,283.625,832.0
1780761161.8981485,15,284.890625,836.75
1780761161.8981485,15,286.28125,843.0
1780761161.8981485,15,287.5625,849.25
1780761161.8981485,15,288.921875,855.0
1780761161.8981485,15,290.203125,860.75
1780761161.8981485,15,291.609375,866.5
1780761161.8981485,15,292.84375,873.25
1780761161.8981485,15,294.25,882.0
1780761161.8981485,15,295.53125,890.25
1780761161.8981485,15,296.796875,899.5
1780761161.8981485,15,298.15625,908.0
1780761161.8981485,15,299.4375,918.25
1780761161.8981485,15,300.859375,929.0
1780761161.8981485,15,302.125,939.25
1780761161.8981485,15,303.53125,952.75
1780761161.8981485,15,304.796875,965.0
1780761161.8981485,15,306.078125,978.5
1780761161.8981485,15,307.40625,993.75
1780761161.8981485,15,308.734375,1006.25
1780761161.8981485,15,310.015625,1020.0
1780761161.8981485,15,311.296875,1036.25
1780761161.8981485,15,312.625,1058.75
1780761161.8981485,15,314.015625,1083.25
1780761161.8981485,15,315.25,1111.25
1780761161.8981485,15,316.578125,1137.25
1780761161.8981485,9,317.890625,1154.0
1780761161.8981485,15,319.171875,1179.5
1780761161.8981485,15,320.46875,1214.25
1780761161.8981485,15,321.84375,1238.0
1780761161.8981485,15,329.625,1771.5
1780761161.8981485,15,330.921875,1747.5
1780761161.8981485,5,332.3125,1734.0
1780761161.8981485,3,333.65625,1709.0
1780761161.8981485,8,334.96875,1685.25
1780761161.8981485,15,338.953125,1845.75
1780761161.8981485,15,345.640625,1846.0
1780761161.8981485,15,346.90625,1846.75
1780761161.8981485,15,348.28125,1846.0
1780761161.8981485,15,349.59375,1845.25
1780761161.8981485,15,350.9375,1832.25
1780761162.0353956,15,353.8125,1445.0
1780761162.0353956,15,355.21875,1444.75
1780761162.0353956,15,356.546875,1443.0
1780761162.0353956,15,357.84375,1442.75
1780761162.0353956,15,0.515625,1443.0
1780761162.0353956,15,1.890625,1442.75
1780761162.0353956,15,3.15625,1463.25
1780761162.0353956,15,4.5625,1479.25
1780761162.0353956,15,5.84375,1459.5
1780761162.0353956,15,9.703125,1808.25
1780761162.0353956,15,10.9375,1820.5
1780761162.0353956,15,12.265625,1833.5
1780761162.0353956,15,13.625,1846.75
1780761162.0353956,15,33.875,1396.0
1780761162.0353956,15,44.78125,1451.0
1780761162.0353956,15,56.734375,1595.25
1780761162.0353956,15,58.140625,1580.5
1780761162.0353956,15,68.203125,461.25
1780761162.0353956,15,69.71875,466.5
1780761162.0353956,15,71.140625,470.0
1780761162.0353956,15,72.21875,474.25
1780761162.0353956,15,73.578125,479.0
1780761162.0353956,15,74.796875,484.25
1780761162.0353956,15,76.328125,489.5
1780761162.0353956,15,77.484375,494.5
1780761162.0353956,15,78.859375,500.25
1780761162.0353956,15,80.1875,506.25
1780761162.0353956,15,81.578125,513.0
1780761162.0353956,15,82.765625,520.75
1780761162.0353956,15,83.984375,529.0
1780761162.0353956,15,85.28125,537.75
1780761162.0353956,15,86.4375,547.0
1780761162.0353956,15,87.671875,556.25
1780761162.0353956,15,89.015625,566.5
1780761162.0353956,15,90.265625,578.5
1780761162.0353956,3,93.0,1304.5
1780761162.0353956,15,94.25,1301.0
1780761162.0353956,15,96.90625,1337.75
1780761162.0353956,15,98.265625,1337.5
1780761162.0353956,15,99.625,1344.0
1780761162.0353956,15,100.90625,1344.5
1780761162.0353956,15,102.265625,1349.25
1780761162.0353956,15,103.59375,1356.25
1780761162.0353956,15,104.953125,1361.5
1780761162.0353956,15,106.265625,1365.75
1780761162.0353956,8,107.59375,1370.75
1780761162.0353956,15,108.9375,1376.0
1780761162.0353956,15,110.28125,1380.75
1780761162.0353956,15,111.5625,1396.0
1780761162.0353956,11,118.265625,1297.5
1780761162.0353956,5,121.046875,1251.0
1780761162.0353956,15,122.328125,1264.75
1780761162.0353956,15,124.9375,1329.25
1780761162.0353956,15,132.71875,695.0
1780761162.0353956,15,134.03125,694.5
1780761162.0353956,15,150.28125,1425.0
1780761162.0353956,15,153.484375,949.0
1780761162.0353956,15,154.84375,937.25
1780761162.0353956,15,156.171875,945.0
1780761162.0353956,15,157.4375,956.0
1780761162.0353956,15,162.234375,1580.0
1780761162.0353956,15,163.5625,1570.75
1780761162.0353956,15,164.96875,1559.5
1780761162.0353956,15,170.609375,1179.0
1780761162.0353956,15,171.890625,1184.25
1780761162.0353956,15,173.234375,1188.0
1780761162.0353956,15,174.59375,1188.5
1780761162.0353956,15,175.96875,1169.75
1780761162.0353956,15,177.3125,1167.5
1780761162.0353956,15,178.625,1175.75
1780761162.0353956,15,179.875,1173.75
1780761162.0353956,15,181.21875,1179.75
1780761162.0353956,15,182.546875,1180.5
1780761162.0353956,15,183.875,1182.0
1780761162.0353956,15,185.28125,1182.0
1780761162.0353956,15,186.625,1175.0
1780761162.0353956,15,187.921875,1179.0
1780761162.0353956,15,189.21875,1184.0
1780761162.0353956,15,190.578125,1188.75
1780761162.0353956,15,191.890625,1192.75
1780761162.0353956,15,193.296875,1191.25
1780761162.0353956,15,194.546875,1200.0
1780761162.0353956,15,195.859375,1209.25
1780761162.0353956,15,197.203125,1214.5
1780761162.0353956,15,198.515625,1222.75
1780761162.0353956,15,199.921875,1219.0
1780761162.0353956,15,201.203125,1215.25
1780761162.0353956,15,202.53125,1235.25
1780761162.0353956,15,203.875,1268.5
1780761162.0353956,15,208.703125,2294.25
1780761162.0353956,15,210.03125,2294.25
1780761162.0353956,12,211.40625,2270.75
1780761162.0353956,15,215.703125,1514.0
1780761162.0353956,15,222.65625,1207.0
1780761162.0353956,15,224.0625,1189.75
1780761162.0353956,15,225.421875,1159.75
1780761162.0353956,15,226.78125,1139.25
1780761162.0353956,15,229.5,1082.75
1780761162.0353956,15,230.953125,1056.25
1780761162.0353956,15,232.21875,1035.0
1780761162.0353956,15,233.640625,1020.0
1780761162.0353956,15,235.0,1005.5
1780761162.0353956,15,236.359375,991.75
1780761162.0353956,15,237.765625,975.5
1780761162.0353956,15,239.078125,961.75
1780761162.0353956,15,240.46875,949.5
1780761162.0353956,15,241.734375,938.0
1780761162.0353956,15,243.078125,928.5
1780761162.0353956,15,244.546875,916.75
1780761162.0353956,15,245.78125,906.5
1780761162.0353956,15,247.1875,897.5
1780761162.0353956,15,248.5,888.25
1780761162.0353956,15,249.953125,879.75
1780761162.0353956,15,252.96875,667.0
1780761162.0353956,15,254.3125,665.75
1780761162.0353956,15,255.734375,660.25
1780761162.0353956,15,257.171875,655.25
1780761162.0353956,15,258.421875,650.5
1780761162.0353956,15,259.71875,647.5
1780761162.0353956,15,261.09375,645.0
1780761162.0353956,15,262.546875,642.75
1780761162.0353956,15,263.90625,640.0
1780761162.0353956,15,265.015625,639.75
1780761162.0353956,15,271.25,815.25
1780761162.0353956,15,272.640625,815.5
1780761162.0353956,15,273.96875,814.75
1780761162.0353956,15,275.28125,815.0
1780761162.0353956,15,276.625,818.0
1780761162.0353956,15,278.015625,820.5
1780761162.0353956,15,279.359375,822.0
1780761162.0353956,15,280.625,824.5
1780761162.0353956,15,281.890625,828.25
1780761162.0353956,15,283.25,832.0
1780761162.0353956,15,284.5,837.5
1780761162.0353956,15,285.96875,842.75
1780761162.0353956,15,287.28125,848.0
1780761162.0353956,15,288.515625,853.5
1780761162.0353956,15,289.90625,859.25
1780761162.0353956,15,291.171875,866.75
1780761162.0353956,15,292.546875,873.25
1780761162.0353956,15,293.828125,880.25
1780761162.0353956,15,295.1875,887.5
1780761162.0353956,15,296.421875,896.25
1780761162.0353956,15,297.796875,906.75
1780761162.0353956,15,299.15625,917.25
1780761162.0353956,15,300.515625,928.75
1780761162.0353956,15,301.859375,938.75
1780761162.0353956,15,303.171875,949.0
1780761162.0353956,15,304.46875,962.25
1780761162.0353956,15,305.765625,976.75
1780761162.0353956,15,307.125,991.0
1780761162.0353956,15,308.390625,1004.5
1780761162.0353956,15,309.71875,1019.0
1780761162.0353956,15,312.421875,1071.25
1780761162.0353956,15,313.65625,1076.25
1780761162.0353956,15,316.296875,1136.5
1780761162.0353956,10,317.65625,1152.5
1780761162.0353956,15,318.921875,1174.25
1780761162.0353956,15,320.21875,1200.75
1780761162.0353956,15,321.59375,1228.25
1780761162.0353956,15,322.828125,1255.75
1780761162.0353956,15,325.453125,1323.5
1780761162.0353956,15,330.515625,1807.5
1780761162.0353956,15,331.875,1783.5
1780761162.0353956,15,333.203125,1759.75
1780761162.0353956,15,345.203125,1862.75
1780761162.0353956,15,350.609375,1862.75
1780761162.173164,15,353.453125,1539.5
1780761162.173164,4,354.796875,1530.5
1780761162.173164,4,356.125,1529.75
1780761162.173164,4,357.4375,1529.75
1780761162.173164,15,1.515625,1529.0
1780761162.173164,5,2.828125,1529.0
1780761162.173164,4,4.125,1529.75
1780761162.173164,4,5.46875,1529.75
1780761162.173164,15,9.359375,1846.75
1780761162.173164,15,10.65625,1847.5
1780761162.173164,6,33.65625,1403.5
1780761162.173164,15,43.125,1454.0
1780761162.173164,15,55.125,1650.25
1780761162.173164,15,56.5,1609.75
1780761162.173164,15,64.03125,476.0
1780761162.173164,15,65.140625,482.0
1780761162.173164,15,66.53125,484.25
1780761162.173164,15,68.109375,487.0
1780761162.173164,15,69.296875,490.5
1780761162.173164,15,70.5,494.5
1780761162.173164,15,71.984375,499.0
1780761162.173164,15,73.1875,504.0
1780761162.173164,15,74.40625,508.75
1780761162.173164,15,75.78125,513.5
1780761162.173164,15,77.234375,519.25
1780761162.173164,15,78.46875,526.25
1780761162.173164,15,79.84375,533.5
1780761162.173164,15,80.953125,540.5
1780761162.173164,15,82.234375,548.0
1780761162.173164,15,83.609375,555.75
1780761162.173164,15,90.125,1320.75
1780761162.173164,15,91.421875,1320.5
1780761162.173164,15,92.75,1331.25
1780761162.173164,3,94.09375,1321.5
1780761162.173164,15,95.46875,1321.75
1780761162.173164,15,96.796875,1331.5
1780761162.173164,15,98.109375,1338.5
1780761162.173164,15,99.4375,1344.75
1780761162.173164,15,100.765625,1344.5
1780761162.173164,15,102.125,1351.5
1780761162.173164,15,103.421875,1358.75
1780761162.173164,15,104.734375,1361.0
1780761162.173164,15,106.109375,1365.25
1780761162.173164,7,107.421875,1369.5
1780761162.173164,15,108.765625,1374.75
1780761162.173164,15,110.125,1382.75
1780761162.173164,15,116.96875,1252.25
1780761162.173164,8,118.28125,1248.25
1780761162.173164,7,119.65625,1245.75
1780761162.173164,7,120.984375,1243.25
1780761162.173164,15,123.515625,1301.25
1780761162.173164,15,124.859375,1320.0
1780761162.173164,15,131.28125,666.5
1780761162.173164,15,153.46875,905.5
1780761162.173164,15,154.75,911.75
1780761162.173164,15,156.140625,920.25
1780761162.173164,15,157.375,930.5
1780761162.173164,15,162.171875,1540.25
1780761162.173164,15,163.484375,1531.0
1780761162.173164,7,164.828125,1530.0
1780761162.173164,15,170.5,1148.0
1780761162.173164,15,171.859375,1156.0
1780761162.173164,15,173.21875,1151.25
1780761162.173164,15,174.484375,1156.25
1780761162.173164,15,175.921875,1151.75
1780761162.173164,15,177.1875,1138.0
1780761162.173164,15,178.578125,1137.5
1780761162.173164,15,179.9375,1142.75
1780761162.173164,15,181.171875,1145.0
1780761162.173164,15,182.53125,1144.75
1780761162.173164,15,183.890625,1148.0
1780761162.173164,15,185.25,1154.75
1780761162.173164,15,186.578125,1149.5
1780761162.173164,15,187.859375,1143.5
1780761162.173164,15,189.265625,1149.0
1780761162.173164,15,190.578125,1153.5
1780761162.173164,15,191.921875,1157.75
1780761162.173164,15,193.21875,1163.25
1780761162.173164,15,194.515625,1167.75
1780761162.173164,15,195.921875,1172.0
1780761162.173164,15,197.265625,1173.0
1780761162.173164,15,198.515625,1177.75
1780761162.173164,15,199.859375,1175.0
1780761162.173164,15,201.265625,1173.75
1780761162.173164,15,202.53125,1196.25
1780761162.173164,15,203.890625,1223.0
1780761162.173164,15,210.09375,2274.25
1780761162.173164,15,217.140625,1487.75
1780761162.173164,15,224.109375,1173.5
1780761162.173164,15,225.453125,1160.0
1780761162.173164,15,226.828125,1139.25
1780761162.173164,15,228.171875,1119.75
1780761162.173164,15,229.53125,1091.5
1780761162.173164,15,230.921875,1061.5
1780761162.173164,15,232.296875,1037.5
1780761162.173164,15,233.59375,1019.75
1780761162.173164,15,234.96875,1005.75
1780761162.173164,15,236.3125,992.25
1780761162.173164,15,237.703125,976.0
1780761162.173164,15,239.09375,962.25
1780761162.173164,15,240.515625,949.5
1780761162.173164,15,241.84375,937.75
1780761162.173164,15,243.109375,928.25
1780761162.173164,15,244.515625,917.0
1780761162.173164,15,245.90625,906.5
1780761162.173164,15,247.203125,897.5
1780761162.173164,15,248.59375,888.25
1780761162.173164,15,249.921875,879.75
1780761162.173164,15,251.28125,872.25
1780761162.173164,15,252.625,866.0
1780761162.173164,15,253.984375,859.75
1780761162.173164,15,257.25,657.25
1780761162.173164,15,258.578125,652.75
1780761162.173164,15,259.984375,648.0
1780761162.173164,15,261.234375,644.75
1780761162.173164,15,262.625,642.25
1780761162.173164,15,264.0,641.0
1780761162.173164,15,265.390625,638.0
1780761162.173164,15,266.546875,635.5
1780761162.173164,15,268.078125,637.0
1780761162.173164,15,271.515625,813.75
1780761162.173164,15,272.796875,814.25
1780761162.173164,15,274.171875,816.5
1780761162.173164,15,275.4375,817.0
1780761162.173164,15,276.6875,817.0
1780761162.173164,15,278.078125,817.75
1780761162.173164,15,279.359375,820.25
1780761162.173164,15,280.65625,824.0
1780761162.173164,15,281.984375,828.25
1780761162.173164,15,283.28125,833.5
1780761162.173164,15,284.671875,836.5
1780761162.173164,15,285.984375,841.0
1780761162.173164,15,287.265625,849.25
1780761162.173164,15,288.5625,854.75
1780761162.173164,15,289.9375,858.5
1780761162.173164,15,291.21875,864.0
1780761162.173164,15,292.53125,871.75
1780761162.173164,15,293.9375,881.25
1780761162.173164,15,295.28125,890.25
1780761162.173164,15,296.484375,897.25
1780761162.173164,15,297.921875,904.75
1780761162.173164,15,299.140625,916.0
1780761162.173164,15,300.578125,928.25
1780761162.173164,15,301.859375,936.5
1780761162.173164,15,303.21875,949.0
1780761162.173164,15,304.53125,964.0
1780761162.173164,15,305.8125,976.5
1780761162.173164,15,307.171875,990.75
1780761162.173164,15,308.5625,1004.0
1780761162.173164,15,309.828125,1018.75
1780761162.173164,15,311.171875,1035.25
1780761162.173164,15,312.4375,1050.5
1780761162.173164,15,313.703125,1069.75
1780761162.173164,15,316.3125,1132.25
1780761162.173164,15,317.65625,1148.25
1780761162.173164,15,319.015625,1169.75
1780761162.173164,15,320.296875,1200.75
1780761162.173164,15,321.59375,1228.5
1780761162.173164,15,322.875,1255.75
1780761162.173164,15,331.890625,1819.5
1780761162.173164,15,333.25,1807.5
1780761162.173164,15,334.609375,1772.0
1780761162.173164,15,335.953125,1758.5
1780761162.173164,15,337.25,1782.75
1780761162.173164,15,349.203125,1890.5
1780761162.173164,5,350.5625,1890.5
1780761162.3105488,15,354.734375,1570.5
1780761162.3105488,15,356.015625,1570.5
1780761162.3105488,15,2.71875,1570.25
1780761162.3105488,15,4.046875,1570.25
1780761162.3105488,15,5.390625,1570.25
1780761162.3105488,5,10.59375,1861.75
1780761162.3105488,15,42.96875,1541.0
1780761162.3105488,15,49.5625,1733.5
1780761162.3105488,15,53.625,1695.25
1780761162.3105488,15,59.5625,502.5
1780761162.3105488,15,60.984375,498.25
1780761162.3105488,15,62.515625,499.0
1780761162.3105488,15,63.734375,501.5
1780761162.3105488,15,65.09375,504.5
1780761162.3105488,15,66.359375,507.5
1780761162.3105488,15,67.765625,511.0
1780761162.3105488,15,68.9375,515.5
1780761162.3105488,15,70.296875,520.0
1780761162.3105488,15,71.453125,524.25
1780761162.3105488,15,73.0,528.75
1780761162.3105488,15,74.203125,534.5
1780761162.3105488,15,75.484375,541.0
1780761162.3105488,15,76.921875,546.25
1780761162.3105488,15,78.0,552.75
1780761162.3105488,15,79.453125,560.0
1780761162.3105488,15,80.75,568.0
1780761162.3105488,15,81.984375,569.5
1780761162.3105488,2,85.984375,1322.25
1780761162.3105488,2,87.296875,1307.0
1780761162.3105488,3,88.5625,1307.0
1780761162.3105488,15,89.984375,1305.5
1780761162.3105488,15,91.265625,1298.0
1780761162.3105488,3,92.59375,1299.0
1780761162.3105488,15,93.96875,1316.0
1780761162.3105488,2,95.265625,1319.25
1780761162.3105488,15,96.640625,1319.5
1780761162.3105488,15,97.90625,1337.75
1780761162.3105488,15,99.296875,1343.5
1780761162.3105488,15,100.609375,1343.75
1780761162.3105488,15,101.90625,1349.5
1780761162.3105488,15,103.265625,1356.25
1780761162.3105488,15,104.609375,1360.75
1780761162.3105488,15,105.96875,1366.0
1780761162.3105488,8,107.34375,1369.5
1780761162.3105488,15,112.65625,1390.75
1780761162.3105488,15,115.46875,1238.5
1780761162.3105488,15,116.828125,1237.5
1780761162.3105488,15,118.21875,1242.25
1780761162.3105488,7,119.515625,1235.5
1780761162.3105488,9,120.828125,1244.0
1780761162.3105488,15,122.171875,1260.0
1780761162.3105488,15,128.765625,641.0
1780761162.3105488,15,130.03125,651.0
1780761162.3105488,15,135.421875,1434.75
1780761162.3105488,15,136.78125,1434.75
1780761162.3105488,15,143.21875,1819.5
1780761162.3105488,15,144.59375,1795.5
1780761162.3105488,15,152.0625,872.0
1780761162.3105488,15,153.484375,878.25
1780761162.3105488,15,154.71875,886.0
1780761162.3105488,15,156.0625,895.75
1780761162.3105488,7,160.765625,1529.25
1780761162.3105488,15,163.546875,1461.5
1780761162.3105488,15,169.203125,1111.75
1780761162.3105488,15,170.515625,1112.0
1780761162.3105488,15,171.890625,1123.5
1780761162.3105488,15,173.203125,1128.5
1780761162.3105488,15,174.53125,1127.75
1780761162.3105488,15,175.84375,1133.0
1780761162.3105488,15,178.59375,1105.75
1780761162.3105488,15,179.875,1110.25
1780761162.3105488,15,181.171875,1111.5
1780761162.3105488,15,182.484375,1110.25
1780761162.3105488,15,183.859375,1115.75
1780761162.3105488,15,185.1875,1111.0
1780761162.3105488,15,186.5,1105.25
1780761162.3105488,15,187.90625,1106.5
1780761162.3105488,15,189.171875,1118.75
1780761162.3105488,15,190.5,1123.5
1780761162.3105488,15,191.875,1118.5
1780761162.3105488,15,193.234375,1126.25
1780761162.3105488,15,194.578125,1129.75
1780761162.3105488,15,195.84375,1134.0
1780761162.3105488,15,197.1875,1143.75
1780761162.3105488,15,198.5,1149.5
1780761162.3105488,15,199.828125,1151.0
1780761162.3105488,15,201.15625,1150.25
1780761162.3105488,15,202.515625,1156.75
1780761162.3105488,15,203.96875,1177.75
1780761162.3105488,15,205.234375,1197.25
1780761162.3105488,9,210.0625,2246.5
1780761162.3105488,15,217.15625,1464.25
1780761162.3105488,15,218.4375,1461.25
1780761162.3105488,15,226.8125,1143.25
1780761162.3105488,15,229.578125,1085.5
1780761162.3105488,15,230.953125,1061.0
1780761162.3105488,15,232.328125,1037.75
1780761162.3105488,15,233.625,1020.0
1780761162.3105488,15,235.078125,1005.5
1780761162.3105488,15,236.375,992.0
1780761162.3105488,15,237.796875,975.0
1780761162.3105488,15,239.140625,961.25
1780761162.3105488,15,240.484375,947.5
1780761162.3105488,15,241.828125,935.25
1780761162.3105488,15,243.15625,928.0
1780761162.3105488,15,244.5625,916.75
1780761162.3105488,15,245.875,906.25
1780761162.3105488,15,247.28125,897.75
1780761162.3105488,15,248.671875,888.5
1780761162.3105488,15,249.953125,880.25
1780761162.3105488,15,251.328125,873.0
1780761162.3105488,15,252.78125,865.5
1780761162.3105488,15,254.078125,859.0
1780761162.3105488,15,255.375,854.25
1780761162.3105488,15,256.703125,848.5
1780761162.3105488,15,259.90625,649.25
1780761162.3105488,15,261.296875,646.0
1780761162.3105488,15,262.6875,642.75
1780761162.3105488,15,264.03125,641.25
1780761162.3105488,15,265.46875,639.5
1780761162.3105488,15,266.671875,636.75
1780761162.3105488,15,268.078125,633.5
1780761162.3105488,15,269.328125,634.5
1780761162.3105488,15,270.671875,636.25
1780761162.3105488,15,272.109375,637.75
1780761162.3105488,15,274.203125,814.75
1780761162.3105488,15,275.609375,817.75
1780761162.3105488,15,276.8125,817.5
1780761162.3105488,15,278.21875,819.25
1780761162.3105488,15,279.53125,823.0
1780761162.3105488,15,280.890625,826.0
1780761162.3105488,15,282.21875,830.0
1780761162.3105488,15,283.578125,835.0
1780761162.3105488,15,284.90625,840.0
1780761162.3105488,15,286.15625,846.75
1780761162.3105488,15,287.453125,851.5
1780761162.3105488,15,288.8125,856.25
1780761162.3105488,15,290.1875,861.5
1780761162.3105488,15,291.4375,867.5
1780761162.3105488,15,292.796875,876.25
1780761162.3105488,15,294.1875,883.75
1780761162.3105488,15,295.484375,891.75
1780761162.3105488,15,296.703125,901.0
1780761162.3105488,15,298.125,909.0
1780761162.3105488,15,299.359375,919.0
1780761162.3105488,15,300.765625,930.75
1780761162.3105488,15,302.015625,941.25
1780761162.3105488,15,303.46875,952.5
1780761162.3105488,15,304.734375,964.75
1780761162.3105488,15,306.09375,978.5
1780761162.3105488,15,307.359375,994.75
1780761162.3105488,15,308.640625,1011.5
1780761162.3105488,15,309.96875,1024.5
1780761162.3105488,15,311.359375,1037.25
1780761162.3105488,15,312.5625,1059.25
1780761162.3105488,15,313.921875,1090.25
1780761162.3105488,15,315.265625,1118.0
1780761162.3105488,15,316.5625,1137.25
1780761162.3105488,10,317.875,1157.5
1780761162.3105488,15,319.140625,1187.75
1780761162.3105488,15,320.46875,1223.75
1780761162.3105488,6,321.796875,1243.0
1780761162.3105488,15,324.34375,1307.0
1780761162.3105488,15,334.8125,1808.0
1780761162.3105488,15,336.15625,1784.0
1780761162.3105488,15,337.4375,1791.0
1780761162.3105488,15,348.078125,1984.0
1780761162.448181,15,354.96875,1619.25
1780761162.448181,15,356.296875,1600.0
1780761162.448181,15,357.65625,1581.75
1780761162.448181,15,0.3125,1572.25
1780761162.448181,15,1.625,1580.5
1780761162.448181,15,3.015625,1580.5
1780761162.448181,15,4.34375,1580.75
1780761162.448181,15,31.265625,1459.75
1780761162.448181,15,32.59375,1479.25
1780761162.448181,11,33.859375,1508.25
1780761162.448181,15,42.0,1559.5
1780761162.448181,15,52.671875,1696.25
1780761162.448181,15,57.296875,516.75
1780761162.448181,15,58.59375,517.5
1780761162.448181,15,59.828125,519.75
1780761162.448181,15,61.359375,522.75
1780761162.448181,15,62.609375,525.75
1780761162.448181,15,63.78125,528.0
1780761162.448181,15,65.21875,530.75
1780761162.448181,15,66.59375,535.0
1780761162.448181,15,67.890625,539.0
1780761162.448181,15,69.28125,543.0
1780761162.448181,15,70.59375,547.25
1780761162.448181,15,71.90625,551.75
1780761162.448181,15,73.109375,556.5
1780761162.448181,15,74.484375,562.0
1780761162.448181,15,75.671875,569.0
1780761162.448181,15,77.109375,576.25
1780761162.448181,15,78.40625,572.5
1780761162.448181,15,82.34375,1344.25
1780761162.448181,15,83.671875,1343.75
1780761162.448181,3,85.015625,1329.0
1780761162.448181,3,89.03125,1301.0
1780761162.448181,3,90.4375,1301.0
1780761162.448181,15,91.734375,1300.0
1780761162.448181,15,93.125,1299.5
1780761162.448181,15,97.109375,1331.5
1780761162.448181,15,98.375,1337.5
1780761162.448181,15,99.78125,1343.75
1780761162.448181,15,101.09375,1347.25
1780761162.448181,15,102.46875,1353.0
1780761162.448181,15,103.796875,1356.75
1780761162.448181,15,105.109375,1359.25
1780761162.448181,15,106.421875,1364.0
1780761162.448181,15,110.4375,1377.0
1780761162.448181,15,113.296875,1234.75
1780761162.448181,15,114.65625,1226.25
1780761162.448181,6,115.984375,1219.0
1780761162.448181,15,117.296875,1217.25
1780761162.448181,15,118.640625,1231.25
1780761162.448181,7,119.921875,1244.0
1780761162.448181,15,121.234375,1250.0
1780761162.448181,15,125.078125,619.5
1780761162.448181,15,126.453125,618.5
1780761162.448181,15,143.671875,1759.5
1780761162.448181,15,151.328125,840.75
1780761162.448181,15,152.65625,848.5
1780761162.448181,15,154.015625,856.5
1780761162.448181,15,155.25,865.75
1780761162.448181,15,160.015625,1482.25
1780761162.448181,15,161.34375,1465.0
1780761162.448181,15,162.703125,1457.25
1780761162.448181,15,164.03125,1442.25
1780761162.448181,15,168.484375,1080.25
1780761162.448181,15,169.828125,1080.75
1780761162.448181,15,171.09375,1088.75
1780761162.448181,15,172.40625,1087.5
1780761162.448181,15,173.796875,1088.0
1780761162.448181,15,175.078125,1087.25
1780761162.448181,15,176.515625,1084.5
1780761162.448181,15,177.796875,1074.0
1780761162.448181,15,179.171875,1069.5
1780761162.448181,15,180.5,1071.75
1780761162.448181,15,181.84375,1074.25
1780761162.448181,15,183.265625,1075.25
1780761162.448181,15,184.609375,1075.5
1780761162.448181,15,185.90625,1074.0
1780761162.448181,15,187.28125,1071.5
1780761162.448181,15,188.640625,1074.0
1780761162.448181,15,189.9375,1078.75
1780761162.448181,15,191.21875,1085.0
1780761162.448181,15,192.625,1090.75
1780761162.448181,15,193.96875,1097.25
1780761162.448181,15,195.21875,1101.75
1780761162.448181,15,196.609375,1107.0
1780761162.448181,15,197.890625,1114.25
1780761162.448181,15,199.28125,1117.25
1780761162.448181,15,200.578125,1119.75
1780761162.448181,15,202.015625,1114.5
1780761162.448181,15,203.34375,1120.75
1780761162.448181,15,204.6875,1145.0
1780761162.448181,15,205.984375,1173.25
1780761162.448181,15,219.203125,1431.0
1780761162.448181,15,230.28125,1078.0
1780761162.448181,15,231.59375,1052.75
1780761162.448181,15,232.953125,1031.0
1780761162.448181,11,234.359375,1013.5
1780761162.448181,15,235.78125,997.25
1780761162.448181,15,237.0625,984.75
1780761162.448181,15,238.4375,971.25
1780761162.448181,13,239.78125,957.5
1780761162.448181,15,241.140625,943.75
1780761162.448181,15,242.515625,931.5
1780761162.448181,15,243.890625,921.0
1780761162.448181,15,245.296875,911.25
1780761162.448181,15,246.6875,902.0
1780761162.448181,15,247.984375,892.25
1780761162.448181,15,249.421875,883.5
1780761162.448181,15,250.75,876.25
1780761162.448181,15,252.0,869.75
1780761162.448181,15,253.34375,863.0
1780761162.448181,15,254.8125,857.0
1780761162.448181,15,256.078125,851.5
1780761162.448181,15,257.421875,846.0
1780761162.448181,15,258.890625,839.5
1780761162.448181,15,260.203125,834.75
1780761162.448181,15,263.328125,644.0
1780761162.448181,15,264.84375,642.0
1780761162.448181,15,265.96875,639.5
1780761162.448181,15,267.484375,636.25
1780761162.448181,15,268.859375,633.0
1780761162.448181,15,270.125,633.5
1780761162.448181,15,271.53125,635.75
1780761162.448181,15,272.75,636.0
1780761162.448181,15,274.046875,637.5
1780761162.448181,15,275.546875,640.75
1780761162.448181,15,277.578125,821.25
1780761162.448181,15,278.984375,824.5
1780761162.448181,15,280.25,826.75
1780761162.448181,15,281.671875,830.25
1780761162.448181,15,282.859375,834.5
1780761162.448181,15,284.203125,839.75
1780761162.448181,15,285.65625,845.5
1780761162.448181,15,286.96875,850.5
1780761162.448181,15,288.21875,856.0
1780761162.448181,15,289.59375,861.75
1780761162.448181,15,290.96875,867.5
1780761162.448181,15,292.21875,874.5
1780761162.448181,15,293.546875,882.0
1780761162.448181,15,294.9375,890.25
1780761162.448181,15,296.203125,899.25
1780761162.448181,15,297.484375,908.25
1780761162.448181,15,298.90625,918.5
1780761162.448181,15,300.15625,928.0
1780761162.448181,15,301.53125,938.0
1780761162.448181,15,302.78125,950.25
1780761162.448181,15,304.078125,963.25
1780761162.448181,15,305.4375,977.75
1780761162.448181,15,306.765625,991.75
1780761162.448181,15,308.140625,1005.5
1780761162.448181,15,309.4375,1019.75
1780761162.448181,15,310.734375,1035.75
1780761162.448181,15,312.0,1057.25
1780761162.448181,15,313.296875,1081.0
1780761162.448181,15,315.984375,1136.25
1780761162.448181,15,317.234375,1151.75
1780761162.448181,15,318.578125,1173.0
1780761162.448181,15,319.90625,1200.75
1780761162.448181,15,321.203125,1228.75
1780761162.448181,15,322.46875,1255.75
1780761162.448181,15,325.1875,1321.5
1780761162.448181,15,335.640625,1832.75
1780761162.448181,15,336.984375,1819.5
1780761162.448181,15,340.921875,1999.25
1780761162.448181,15,342.25,2030.75
1780761162.448181,15,347.6875,1999.25
1780761162.448181,15,349.03125,1999.25
1780761162.448181,15,350.375,1999.25
1780761162.5861757,15,354.578125,1629.25
1780761162.5861757,15,355.921875,1629.25
1780761162.5861757,15,357.265625,1629.25
1780761162.5861757,15,359.953125,1629.25
1780761162.5861757,15,1.296875,1629.25
1780761162.5861757,15,2.640625,1629.25
1780761162.5861757,15,3.984375,1629.25
1780761162.5861757,15,5.328125,1629.25
1780761162.5861757,15,9.203125,1984.0
1780761162.5861757,15,10.53125,1984.0
1780761162.5861757,15,11.796875,1999.25
1780761162.5861757,9,30.828125,1496.75
1780761162.5861757,15,32.140625,1523.5
1780761162.5861757,15,38.875,1549.0
1780761162.5861757,15,40.171875,1571.5
1780761162.5861757,15,54.0625,541.25
1780761162.5861757,15,55.359375,540.25
1780761162.5861757,15,56.6875,541.75
1780761162.5861757,15,58.09375,543.5
1780761162.5861757,15,59.375,545.25
1780761162.5861757,15,60.59375,547.5
1780761162.5861757,15,62.046875,550.0
1780761162.5861757,15,63.265625,552.5
1780761162.5861757,15,64.734375,555.0
1780761162.5861757,15,65.96875,557.75
1780761162.5861757,15,67.296875,561.75
1780761162.5861757,15,68.5625,566.75
1780761162.5861757,15,69.9375,572.0
1780761162.5861757,15,71.28125,577.75
1780761162.5861757,15,72.5,583.5
1780761162.5861757,15,73.90625,588.5
1780761162.5861757,15,75.34375,591.25
1780761162.5861757,15,79.203125,1357.0
1780761162.5861757,15,80.5,1353.25
1780761162.5861757,15,81.859375,1352.75
1780761162.5861757,15,83.28125,1349.25
1780761162.5861757,2,85.984375,1306.75
1780761162.5861757,15,87.3125,1321.75
1780761162.5861757,3,88.625,1321.75
1780761162.5861757,15,89.96875,1311.0
1780761162.5861757,15,92.6875,1260.0
1780761162.5861757,2,94.0,1280.5
1780761162.5861757,3,95.3125,1306.5
1780761162.5861757,2,96.71875,1313.0
1780761162.5861757,15,98.015625,1328.5
1780761162.5861757,15,99.34375,1346.5
1780761162.5861757,15,100.671875,1350.25
1780761162.5861757,15,102.015625,1354.25
1780761162.5861757,15,103.34375,1357.75
1780761162.5861757,15,104.671875,1360.75
1780761162.5861757,15,108.640625,1372.25
1780761162.5861757,15,111.484375,1221.0
1780761162.5861757,15,112.828125,1214.25
1780761162.5861757,15,114.1875,1209.25
1780761162.5861757,15,115.484375,1202.5
1780761162.5861757,15,116.796875,1217.75
1780761162.5861757,15,118.125,1229.0
1780761162.5861757,15,122.234375,597.5
1780761162.5861757,15,123.4375,595.5
1780761162.5861757,5,130.078125,1433.25
1780761162.5861757,15,149.5,808.25
1780761162.5861757,15,150.875,813.0
1780761162.5861757,15,152.125,819.75
1780761162.5861757,15,153.46875,827.0
1780761162.5861757,15,156.765625,1473.5
1780761162.5861757,15,158.15625,1451.25
1780761162.5861757,15,159.453125,1435.0
1780761162.5861757,15,160.78125,1427.5
1780761162.5861757,15,162.140625,1419.0
1780761162.5861757,15,163.484375,1410.0
1780761162.5861757,15,167.84375,1046.75
1780761162.5861757,15,169.234375,1046.0
1780761162.5861757,15,170.578125,1055.75
1780761162.5861757,15,171.90625,1059.0
1780761162.5861757,15,173.203125,1059.0
1780761162.5861757,15,174.640625,1053.75
1780761162.5861757,15,175.984375,1043.75
1780761162.5861757,15,177.265625,1033.75
1780761162.5861757,15,178.5625,1034.0
1780761162.5861757,15,179.984375,1035.75
1780761162.5861757,15,181.375,1038.0
1780761162.5861757,15,182.671875,1040.25
1780761162.5861757,15,183.96875,1045.25
1780761162.5861757,15,185.375,1050.75
1780761162.5861757,15,186.6875,1045.25
1780761162.5861757,15,187.953125,1037.75
1780761162.5861757,15,189.328125,1037.0
1780761162.5861757,15,190.703125,1045.25
1780761162.5861757,15,192.03125,1053.5
1780761162.5861757,15,193.359375,1058.0
1780761162.5861757,15,194.65625,1062.0
1780761162.5861757,15,196.0625,1064.0
1780761162.5861757,15,197.328125,1070.25
1780761162.5861757,15,198.671875,1072.0
1780761162.5861757,15,200.03125,1080.25
1780761162.5861757,15,201.40625,1084.5
1780761162.5861757,15,202.71875,1076.75
1780761162.5861757,15,204.046875,1091.0
1780761162.5861757,15,205.421875,1117.0
1780761162.5861757,15,206.65625,1144.0
1780761162.5861757,15,230.953125,1060.25
1780761162.5861757,15,232.34375,1037.0
1780761162.5861757,15,233.671875,1019.75
1780761162.5861757,15,235.0625,1005.0
1780761162.5861757,15,236.34375,991.5
1780761162.5861757,15,237.78125,976.0
1780761162.5861757,15,239.140625,962.25
1780761162.5861757,15,240.5,949.0
1780761162.5861757,15,241.84375,937.0
1780761162.5861757,15,243.15625,927.75
1780761162.5861757,15,244.546875,916.5
1780761162.5861757,15,245.921875,911.5
1780761162.5861757,15,247.234375,903.0
1780761162.5861757,15,248.578125,888.25
1780761162.5861757,15,250.015625,879.75
1780761162.5861757,15,251.265625,872.25
1780761162.5861757,15,252.71875,865.5
1780761162.5861757,15,254.046875,859.25
1780761162.5861757,15,255.359375,854.25
1780761162.5861757,15,256.828125,848.5
1780761162.5861757,15,258.09375,842.75
1780761162.5861757,15,259.53125,838.25
1780761162.5861757,15,260.828125,834.25
1780761162.5861757,15,262.25,830.5
1780761162.5861757,15,263.515625,826.25
1780761162.5861757,15,266.78125,639.0
1780761162.5861757,15,268.0625,639.25
1780761162.5861757,15,269.390625,637.75
1780761162.5861757,15,270.875,634.0
1780761162.5861757,15,272.09375,634.5
1780761162.5861757,15,273.5625,636.75
1780761162.5861757,15,274.734375,637.5
1780761162.5861757,15,276.078125,639.25
1780761162.5861757,15,277.34375,641.0
1780761162.5861757,15,278.765625,645.75
1780761162.5861757,15,280.96875,827.5
1780761162.5861757,15,282.171875,832.25
1780761162.5861757,15,283.5625,836.5
1780761162.5861757,15,284.84375,841.5
1780761162.5861757,15,286.265625,847.75
1780761162.5861757,15,287.5,854.75
1780761162.5861757,15,288.890625,859.0
1780761162.5861757,15,290.140625,864.0
1780761162.5861757,15,291.453125,871.75
1780761162.5861757,15,292.84375,878.75
1780761162.5861757,15,294.125,886.0
1780761162.5861757,15,295.453125,895.25
1780761162.5861757,15,296.84375,904.75
1780761162.5861757,15,298.046875,915.75
1780761162.5861757,15,299.46875,926.25
1780761162.5861757,15,300.765625,934.75
1780761162.5861757,15,302.125,946.5
1780761162.5861757,15,303.40625,959.0
1780761162.5861757,15,304.75,972.0
1780761162.5861757,15,306.078125,985.5
1780761162.5861757,12,307.453125,999.5
1780761162.5861757,15,308.6875,1014.0
1780761162.5861757,15,310.0625,1030.5
1780761162.5861757,15,311.359375,1051.75
1780761162.5861757,7,312.6875,1071.5
1780761162.5861757,15,314.03125,1093.5
1780761162.5861757,15,315.265625,1121.25
1780761162.5861757,15,316.625,1140.5
1780761162.5861757,4,319.234375,1196.75
1780761162.5861757,15,320.515625,1224.5
1780761162.5861757,5,321.921875,1248.5
1780761162.5861757,15,324.515625,1319.75
1780761162.5861757,15,345.65625,2077.5
1780761162.5861757,15,347.078125,2060.5
1780761162.5861757,15,349.765625,2029.75
1780761162.7231805,15,351.109375,1999.25
1780761162.7231805,15,7.265625,1999.25
1780761162.7231805,15,8.625,1999.0
1780761162.7231805,15,9.96875,1998.75
1780761162.7231805,15,11.203125,2014.0
1780761162.7231805,15,31.5,1555.25
1780761162.7231805,5,36.9375,1549.25
1780761162.7231805,15,39.5625,1600.5
1780761162.7231805,15,50.671875,556.5
1780761162.7231805,15,52.03125,563.25
1780761162.7231805,15,53.453125,563.25
1780761162.7231805,15,54.625,564.5
1780761162.7231805,15,55.96875,566.75
1780761162.7231805,15,57.3125,568.5
1780761162.7231805,15,58.53125,570.75
1780761162.7231805,15,60.078125,573.25
1780761162.7231805,15,61.265625,575.75
1780761162.7231805,15,62.78125,578.5
1780761162.7231805,15,63.96875,581.5
1780761162.7231805,15,65.453125,584.5
1780761162.7231805,15,66.734375,588.0
1780761162.7231805,15,68.0625,592.5
1780761162.7231805,15,69.375,597.5
1780761162.7231805,15,70.6875,602.75
1780761162.7231805,15,71.953125,605.75
1780761162.7231805,8,74.71875,1382.25
1780761162.7231805,15,76.03125,1370.0
1780761162.7231805,15,77.390625,1363.75
1780761162.7231805,15,78.765625,1357.5
1780761162.7231805,15,80.078125,1353.5
1780761162.7231805,15,81.40625,1348.25
1780761162.7231805,15,82.765625,1344.25
1780761162.7231805,15,84.0625,1344.0
1780761162.7231805,15,85.390625,1343.25
1780761162.7231805,3,86.734375,1327.25
1780761162.7231805,2,88.078125,1305.5
1780761162.7231805,15,89.4375,1279.75
1780761162.7231805,15,90.765625,1279.0
1780761162.7231805,15,92.078125,1279.5
1780761162.7231805,15,93.40625,1279.0
1780761162.7231805,15,94.75,1298.25
1780761162.7231805,15,97.375,1343.5
1780761162.7231805,15,98.796875,1331.75
1780761162.7231805,15,100.140625,1335.0
1780761162.7231805,15,101.40625,1347.5
1780761162.7231805,15,102.8125,1350.25
1780761162.7231805,15,106.734375,1362.25
1780761162.7231805,15,109.546875,1215.75
1780761162.7231805,3,110.90625,1209.25
1780761162.7231805,15,112.28125,1202.0
1780761162.7231805,15,113.609375,1191.25
1780761162.7231805,15,114.90625,1191.75
1780761162.7231805,15,118.859375,577.75
1780761162.7231805,15,120.1875,576.25
1780761162.7231805,15,126.75,1442.75
1780761162.7231805,15,128.078125,1434.75
1780761162.7231805,15,147.703125,775.25
1780761162.7231805,15,149.078125,779.75
1780761162.7231805,15,150.25,785.75
1780761162.7231805,15,151.65625,792.0
1780761162.7231805,15,152.984375,799.25
1780761162.7231805,15,156.3125,1434.5
1780761162.7231805,15,157.640625,1425.5
1780761162.7231805,15,159.015625,1416.5
1780761162.7231805,15,160.359375,1408.75
1780761162.7231805,15,161.75,1394.0
1780761162.7231805,9,163.078125,1376.0
1780761162.7231805,15,167.546875,1010.75
1780761162.7231805,15,168.78125,1013.0
1780761162.7231805,15,170.1875,1017.75
1780761162.7231805,15,171.484375,1022.0
1780761162.7231805,15,172.875,1026.75
1780761162.7231805,15,174.171875,1022.75
1780761162.7231805,15,175.59375,1010.75
1780761162.7231805,15,176.921875,997.0
1780761162.7231805,15,178.25,998.0
1780761162.7231805,15,179.5625,1004.25
1780761162.7231805,15,180.875,1004.75
1780761162.7231805,15,182.25,1003.25
1780761162.7231805,15,183.609375,1000.0
1780761162.7231805,15,184.859375,1002.25
1780761162.7231805,15,186.203125,1006.0
1780761162.7231805,15,187.578125,1003.25
1780761162.7231805,15,188.890625,1007.5
1780761162.7231805,15,190.25,1009.0
1780761162.7231805,15,191.5625,1010.75
1780761162.7231805,15,192.90625,1021.75
1780761162.7231805,15,194.28125,1026.0
1780761162.7231805,15,195.640625,1027.25
1780761162.7231805,15,196.9375,1036.75
1780761162.7231805,15,198.328125,1043.0
1780761162.7231805,15,199.640625,1043.75
1780761162.7231805,15,200.9375,1049.5
1780761162.7231805,15,202.3125,1048.5
1780761162.7231805,15,203.625,1047.5
1780761162.7231805,15,204.90625,1066.75
1780761162.7231805,15,206.203125,1090.25
1780761162.7231805,15,207.53125,1116.5
1780761162.7231805,15,220.703125,1374.5
1780761162.7231805,8,229.140625,1080.25
1780761162.7231805,15,230.484375,1073.25
1780761162.7231805,15,231.828125,1050.5
1780761162.7231805,15,233.234375,1029.0
1780761162.7231805,15,234.625,1012.0
1780761162.7231805,15,235.90625,995.5
1780761162.7231805,15,237.359375,981.25
1780761162.7231805,15,238.703125,967.25
1780761162.7231805,15,240.109375,952.25
1780761162.7231805,15,241.359375,939.75
1780761162.7231805,15,242.75,929.5
1780761162.7231805,15,244.125,918.0
1780761162.7231805,15,245.515625,907.25
1780761162.7231805,15,246.859375,898.0
1780761162.7231805,15,248.25,888.75
1780761162.7231805,15,249.5,881.25
1780761162.7231805,15,250.90625,874.75
1780761162.7231805,15,252.296875,865.75
1780761162.7231805,15,253.703125,857.75
1780761162.7231805,15,255.046875,854.5
1780761162.7231805,15,256.3125,850.25
1780761162.7231805,15,257.671875,844.75
1780761162.7231805,15,259.09375,839.5
1780761162.7231805,15,260.390625,834.75
1780761162.7231805,15,261.71875,829.5
1780761162.7231805,15,263.09375,825.5
1780761162.7231805,15,264.5,824.0
1780761162.7231805,15,265.859375,821.0
1780761162.7231805,15,268.953125,632.75
1780761162.7231805,15,270.484375,633.75
1780761162.7231805,15,271.765625,633.75
1780761162.7231805,15,273.171875,636.75
1780761162.7231805,15,274.375,638.0
1780761162.7231805,15,275.78125,637.5
1780761162.7231805,15,276.90625,639.25
1780761162.7231805,15,278.375,641.25
1780761162.7231805,15,279.75,643.25
1780761162.7231805,15,281.0625,646.25
1780761162.7231805,15,285.84375,846.25
1780761162.7231805,15,287.0625,853.0
1780761162.7231805,15,288.390625,858.25
1780761162.7231805,15,289.78125,864.0
1780761162.7231805,15,291.0625,868.75
1780761162.7231805,15,292.375,875.75
1780761162.7231805,15,293.828125,882.75
1780761162.7231805,15,295.046875,891.75
1780761162.7231805,15,296.34375,903.0
1780761162.7231805,15,297.65625,913.0
1780761162.7231805,15,299.03125,922.75
1780761162.7231805,15,300.359375,932.0
1780761162.7231805,15,301.703125,943.25
1780761162.7231805,15,303.046875,955.5
1780761162.7231805,15,304.375,968.5
1780761162.7231805,15,305.71875,982.0
1780761162.7231805,9,306.953125,996.0
1780761162.7231805,15,308.328125,1011.5
1780761162.7231805,15,309.671875,1026.0
1780761162.7231805,15,311.0,1045.0
1780761162.7231805,8,312.3125,1066.25
1780761162.7231805,15,313.546875,1085.25
1780761162.7231805,15,314.84375,1113.5
1780761162.7231805,15,316.234375,1138.25
1780761162.7231805,15,317.546875,1162.75
1780761162.7231805,15,318.859375,1189.5
1780761162.7231805,6,321.484375,1248.5
1780761162.7231805,15,324.125,1326.25
1780761162.7231805,15,326.734375,1409.25
1780761162.7231805,15,328.078125,1445.25
1780761162.7231805,15,341.25,2060.25
1780761162.7231805,15,346.640625,2060.25
1780761162.7231805,15,347.9375,2060.25
1780761162.7231805,15,349.265625,2060.25
1780761162.7231805,15,350.609375,2060.25
1780761162.8611753,1,358.828125,1708.5
1780761162.8611753,15,4.15625,1708.5
1780761162.8611753,15,9.40625,2045.0
1780761162.8611753,15,29.65625,1566.0
1780761162.8611753,15,36.40625,1563.25
1780761162.8611753,15,39.03125,1637.5
1780761162.8611753,15,47.375,584.0
1780761162.8611753,15,48.59375,587.75
1780761162.8611753,15,49.90625,587.5
1780761162.8611753,15,51.265625,587.75
1780761162.8611753,15,52.71875,588.0
1780761162.8611753,15,54.015625,589.0
1780761162.8611753,15,55.28125,590.5
1780761162.8611753,15,56.6875,591.25
1780761162.8611753,15,58.140625,592.75
1780761162.8611753,15,59.4375,595.25
1780761162.8611753,15,60.640625,598.25
1780761162.8611753,15,62.125,601.25
1780761162.8611753,15,63.34375,603.5
1780761162.8611753,15,64.75,606.75
1780761162.8611753,15,66.171875,610.25
1780761162.8611753,15,67.5,614.0
1780761162.8611753,15,68.78125,616.5
1780761162.8611753,15,71.4375,1402.75
1780761162.8611753,15,72.765625,1380.75
1780761162.8611753,8,74.171875,1375.25
1780761162.8611753,15,75.515625,1370.25
1780761162.8611753,15,76.84375,1366.0
1780761162.8611753,15,78.171875,1362.75
1780761162.8611753,15,79.515625,1358.0
1780761162.8611753,15,80.90625,1349.0
1780761162.8611753,15,82.25,1344.0
1780761162.8611753,15,83.53125,1343.25
1780761162.8611753,15,84.8125,1337.25
1780761162.8611753,2,86.21875,1316.5
1780761162.8611753,15,87.578125,1300.5
1780761162.8611753,15,90.21875,1259.75
1780761162.8611753,15,91.53125,1279.5
1780761162.8611753,15,92.90625,1300.0
1780761162.8611753,2,94.203125,1300.25
1780761162.8611753,2,95.59375,1300.25
1780761162.8611753,15,96.875,1321.75
1780761162.8611753,15,98.21875,1343.25
1780761162.8611753,15,99.59375,1343.75
1780761162.8611753,15,100.921875,1344.25
1780761162.8611753,15,104.859375,1353.75
1780761162.8611753,15,109.078125,1198.0
1780761162.8611753,6,110.375,1184.0
1780761162.8611753,8,111.734375,1177.0
1780761162.8611753,15,115.921875,563.0
1780761162.8611753,15,117.1875,559.5
1780761162.8611753,13,118.375,569.25
1780761162.8611753,15,124.890625,1435.0
1780761162.8611753,15,126.25,1417.5
1780761162.8611753,15,131.734375,1326.0
1780761162.8611753,15,133.015625,1326.0
1780761162.8611753,15,145.875,746.0
1780761162.8611753,15,147.328125,747.0
1780761162.8611753,15,148.640625,752.0
1780761162.8611753,15,149.921875,757.5
1780761162.8611753,15,151.265625,765.0
1780761162.8611753,15,154.359375,1426.5
1780761162.8611753,15,155.78125,1409.5
1780761162.8611753,15,157.078125,1408.25
1780761162.8611753,9,158.484375,1392.0
1780761162.8611753,15,159.8125,1371.25
1780761162.8611753,15,161.171875,1363.0
1780761162.8611753,15,162.484375,1356.25
1780761162.8611753,15,166.984375,975.75
1780761162.8611753,15,168.28125,974.75
1780761162.8611753,15,169.65625,985.0
1780761162.8611753,15,171.0,988.75
1780761162.8611753,15,172.3125,998.75
1780761162.8611753,15,173.65625,1000.0
1780761162.8611753,15,174.921875,1004.25
1780761162.8611753,15,177.75,966.75
1780761162.8611753,15,179.0625,967.5
1780761162.8611753,15,180.34375,971.5
1780761162.8611753,15,181.734375,970.0
1780761162.8611753,15,183.03125,968.5
1780761162.8611753,15,184.390625,972.25
1780761162.8611753,15,185.71875,981.5
1780761162.8611753,15,187.0625,977.0
1780761162.8611753,15,188.375,971.25
1780761162.8611753,15,189.640625,980.5
1780761162.8611753,15,191.109375,979.5
1780761162.8611753,15,192.421875,980.75
1780761162.8611753,15,193.671875,988.75
1780761162.8611753,15,195.046875,992.25
1780761162.8611753,15,196.40625,996.5
1780761162.8611753,15,197.71875,999.5
1780761162.8611753,15,199.09375,1004.5
1780761162.8611753,15,200.359375,1007.75
1780761162.8611753,15,201.734375,1018.0
1780761162.8611753,15,203.078125,1020.25
1780761162.8611753,15,204.4375,1017.0
1780761162.8611753,15,205.75,1034.0
1780761162.8611753,15,207.0625,1057.5
1780761162.8611753,15,208.328125,1082.75
1780761162.8611753,15,226.8125,1330.25
1780761162.8611753,15,231.203125,1027.5
1780761162.8611753,15,232.59375,1032.25
1780761162.8611753,10,234.015625,1015.0
1780761162.8611753,15,235.296875,1001.75
1780761162.8611753,15,236.640625,988.75
1780761162.8611753,15,238.0625,974.5
1780761162.8611753,15,239.46875,960.0
1780761162.8611753,15,240.84375,945.25
1780761162.8611753,15,242.125,933.75
1780761162.8611753,15,243.484375,924.0
1780761162.8611753,15,244.9375,913.25
1780761162.8611753,15,246.296875,903.5
1780761162.8611753,15,247.53125,894.25
1780761162.8611753,15,248.953125,885.5
1780761162.8611753,15,250.328125,884.5
1780761162.8611753,15,251.625,875.5
1780761162.8611753,15,252.96875,861.75
1780761162.8611753,15,254.328125,857.75
1780761162.8611753,15,255.78125,853.25
1780761162.8611753,15,257.0,847.5
1780761162.8611753,15,258.359375,841.5
1780761162.8611753,15,259.734375,837.25
1780761162.8611753,15,261.15625,833.0
1780761162.8611753,15,262.546875,828.25
1780761162.8611753,15,263.765625,825.75
1780761162.8611753,15,265.1875,822.0
1780761162.8611753,15,266.5,819.0
1780761162.8611753,15,267.859375,817.5
1780761162.8611753,15,269.1875,815.5
1780761162.8611753,15,272.328125,631.75
1780761162.8611753,15,273.734375,639.0
1780761162.8611753,15,275.0,639.25
1780761162.8611753,15,276.3125,637.75
1780761162.8611753,15,277.625,640.0
1780761162.8611753,15,279.09375,642.25
1780761162.8611753,15,280.375,644.0
1780761162.8611753,15,281.609375,646.5
1780761162.8611753,15,283.078125,649.5
1780761162.8611753,15,284.265625,653.75
1780761162.8611753,15,289.140625,860.5
1780761162.8611753,15,290.453125,866.75
1780761162.8611753,15,291.734375,873.75
1780761162.8611753,15,293.0625,881.25
1780761162.8611753,15,294.4375,890.5
1780761162.8611753,15,295.75,899.0
1780761162.8611753,15,297.0625,907.0
1780761162.8611753,15,298.453125,917.25
1780761162.8611753,15,299.890625,928.5
1780761162.8611753,15,301.234375,937.5
1780761162.8611753,15,302.4375,949.25
1780761162.8611753,15,303.828125,962.5
1780761162.8611753,15,305.109375,976.5
1780761162.8611753,15,306.515625,990.5
1780761162.8611753,15,307.84375,1003.75
1780761162.8611753,15,309.140625,1019.0
1780761162.8611753,15,310.46875,1034.75
1780761162.8611753,15,311.703125,1056.5
1780761162.8611753,15,313.109375,1077.25
1780761162.8611753,15,315.734375,1135.75
1780761162.8611753,15,317.015625,1147.5
1780761162.8611753,15,318.296875,1168.75
1780761162.8611753,15,319.65625,1198.5
1780761162.8611753,15,321.0,1226.25
1780761162.8611753,15,322.3125,1255.5
1780761162.8611753,15,325.015625,1321.0
1780761162.8611753,15,327.625,1434.5
1780761162.8611753,15,342.125,2077.25
1780761162.9952643,15,351.4375,2060.25
1780761162.9952643,15,354.234375,1747.75
1780761162.9952643,15,356.921875,1747.25
1780761162.9952643,15,4.96875,1747.0
1780761162.9952643,15,8.890625,2060.5
1780761162.9952643,15,10.203125,2077.25
1780761162.9952643,15,27.921875,1582.5
1780761162.9952643,15,29.234375,1598.25
1780761162.9952643,15,35.96875,1620.5
1780761162.9952643,15,37.296875,1650.75
1780761162.9952643,15,46.984375,612.5
1780761162.9952643,15,48.1875,611.75
1780761162.9952643,15,49.515625,611.0
1780761162.9952643,15,51.0,610.75
1780761162.9952643,15,52.1875,611.5
1780761162.9952643,15,53.640625,612.25
1780761162.9952643,15,54.875,613.5
1780761162.9952643,15,56.203125,614.75
1780761162.9952643,15,57.6875,615.5
1780761162.9952643,15,59.0625,617.25
1780761162.9952643,15,60.359375,619.75
1780761162.9952643,15,61.640625,623.5
1780761162.9952643,15,62.96875,627.0
1780761162.9952643,15,64.234375,631.25
1780761162.9952643,15,65.796875,631.25
1780761162.9952643,15,68.40625,1426.75
1780761162.9952643,15,69.75,1410.25
1780761162.9952643,15,71.09375,1398.25
1780761162.9952643,15,72.515625,1382.75
1780761162.9952643,15,73.859375,1378.25
1780761162.9952643,15,75.203125,1373.25
1780761162.9952643,15,76.546875,1365.75
1780761162.9952643,15,77.921875,1361.25
1780761162.9952643,15,79.25,1357.75
1780761162.9952643,15,80.59375,1353.5
1780761162.9952643,15,81.921875,1348.0
1780761162.9952643,15,83.234375,1344.0
1780761162.9952643,15,84.515625,1343.75
1780761162.9952643,1,85.921875,1327.25
1780761162.9952643,3,87.234375,1306.0
1780761162.9952643,15,89.921875,1279.5
1780761162.9952643,15,92.625,1279.5
1780761162.9952643,15,93.953125,1280.0
1780761162.9952643,15,95.359375,1260.0
1780761162.9952643,15,97.953125,1337.25
1780761162.9952643,15,99.3125,1343.5
1780761162.9952643,15,103.25,1351.0
1780761162.9952643,15,107.421875,1198.75
1780761162.9952643,15,108.84375,1185.75
1780761162.9952643,15,113.015625,547.25
1780761162.9952643,15,114.1875,547.0
1780761162.9952643,15,119.359375,1324.0
1780761162.9952643,15,122.0,1445.5
1780761162.9952643,15,123.328125,1434.5
1780761162.9952643,15,131.484375,1326.0
1780761162.9952643,15,132.796875,1326.5
1780761162.9952643,15,144.5,715.5
1780761162.9952643,15,145.78125,718.5
1780761162.9952643,15,147.25,723.75
1780761162.9952643,15,148.578125,729.25
1780761162.9952643,15,149.90625,734.25
1780761162.9952643,7,155.59375,1375.25
1780761162.9952643,15,156.953125,1365.25
1780761162.9952643,15,158.359375,1352.25
1780761162.9952643,15,159.671875,1338.5
1780761162.9952643,2,161.015625,1316.25
1780761162.9952643,15,166.796875,944.25
1780761162.9952643,15,168.171875,949.5
1780761162.9952643,15,169.515625,950.0
1780761162.9952643,15,170.828125,949.0
1780761162.9952643,15,172.1875,954.25
1780761162.9952643,15,173.515625,958.75
1780761162.9952643,15,174.9375,950.75
1780761162.9952643,15,176.25,938.0
1780761162.9952643,15,177.640625,933.75
1780761162.9952643,15,179.0,934.25
1780761162.9952643,15,180.265625,933.25
1780761162.9952643,15,181.5625,933.5
1780761162.9952643,15,182.9375,937.25
1780761162.9952643,15,184.265625,941.25
1780761162.9952643,15,185.609375,935.75
1780761162.9952643,15,186.921875,931.25
1780761162.9952643,15,188.328125,938.75
1780761162.9952643,15,189.609375,942.5
1780761162.9952643,15,191.015625,946.25
1780761162.9952643,15,192.3125,951.0
1780761162.9952643,15,193.640625,952.75
1780761162.9952643,15,195.015625,955.75
1780761162.9952643,15,196.265625,961.0
1780761162.9952643,15,197.671875,967.0
1780761162.9952643,15,198.96875,976.25
1780761162.9952643,15,200.34375,983.5
1780761162.9952643,15,201.625,990.5
1780761162.9952643,15,202.90625,1006.0
1780761162.9952643,15,204.328125,1001.5
1780761162.9952643,15,205.6875,987.75
1780761162.9952643,15,207.015625,1002.0
1780761162.9952643,15,208.296875,1028.75
1780761162.9952643,15,218.3125,2025.75
1780761162.9952643,15,221.359375,1316.0
1780761162.9952643,15,228.109375,1316.0
1780761162.9952643,15,233.828125,1015.5
1780761162.9952643,15,235.25,1001.75
1780761162.9952643,15,236.609375,988.25
1780761162.9952643,15,237.96875,974.0
1780761162.9952643,15,239.390625,960.5
1780761162.9952643,15,240.71875,948.0
1780761162.9952643,15,242.078125,935.5
1780761162.9952643,15,243.40625,923.5
1780761162.9952643,15,244.796875,912.75
1780761162.9952643,15,246.140625,903.25
1780761162.9952643,15,247.515625,894.25
1780761162.9952643,15,248.84375,886.25
1780761162.9952643,15,250.265625,878.75
1780761162.9952643,15,251.53125,870.25
1780761162.9952643,15,252.828125,863.75
1780761162.9952643,15,254.28125,858.5
1780761162.9952643,15,255.65625,853.5
1780761162.9952643,15,256.984375,848.5
1780761162.9952643,15,258.328125,842.75
1780761162.9952643,15,259.65625,836.75
1780761162.9952643,15,260.984375,831.75
1780761162.9952643,15,262.40625,828.25
1780761162.9952643,15,263.6875,825.75
1780761162.9952643,15,265.03125,824.0
1780761162.9952643,15,266.421875,821.5
1780761162.9952643,15,267.734375,818.75
1780761162.9952643,15,269.09375,817.75
1780761162.9952643,15,270.421875,818.5
1780761162.9952643,15,277.484375,641.0
1780761162.9952643,15,278.796875,643.0
1780761162.9952643,15,280.15625,644.25
1780761162.9952643,15,281.59375,646.0
1780761162.9952643,15,282.765625,649.0
1780761162.9952643,15,284.234375,652.25
1780761162.9952643,15,285.390625,657.0
1780761162.9952643,15,286.90625,662.0
1780761162.9952643,15,288.171875,668.5
1780761162.9952643,15,290.25,865.25
1780761162.9952643,15,291.609375,872.75
1780761162.9952643,15,293.0,881.25
1780761162.9952643,15,294.296875,888.75
1780761162.9952643,15,295.578125,896.5
1780761162.9952643,15,296.9375,905.25
1780761162.9952643,15,298.25,916.25
1780761162.9952643,15,299.71875,928.0
1780761162.9952643,15,301.046875,934.75
1780761162.9952643,15,302.3125,946.25
1780761162.9952643,15,303.65625,961.75
1780761162.9952643,15,305.03125,974.25
1780761162.9952643,15,306.34375,988.0
1780761162.9952643,12,307.640625,1001.0
1780761162.9952643,15,308.921875,1016.75
1780761162.9952643,15,310.265625,1033.75
1780761162.9952643,15,311.5625,1054.25
1780761162.9952643,11,312.90625,1075.0
1780761162.9952643,15,314.1875,1095.75
1780761162.9952643,8,315.5625,1126.0
1780761162.9952643,15,316.828125,1144.75
1780761162.9952643,15,319.515625,1198.25
1780761162.9952643,15,320.75,1226.25
1780761162.9952643,15,322.125,1255.25
1780761162.9952643,15,324.703125,1319.75
1780761162.9952643,15,327.34375,1432.75
1780761163.1361895,15,0.671875,1760.0
1780761163.1361895,15,4.671875,1760.25
1780761163.1361895,15,27.546875,1597.25
1780761163.1361895,15,28.8125,1620.0
1780761163.1361895,15,35.578125,1655.75
1780761163.1361895,3,36.90625,1685.0
1780761163.1361895,15,45.125,638.5
1780761163.1361895,15,46.390625,637.75
1780761163.1361895,15,47.703125,636.75
1780761163.1361895,15,49.046875,637.0
1780761163.1361895,15,50.53125,637.0
1780761163.1361895,15,51.6875,636.75
1780761163.1361895,15,53.1875,637.25
1780761163.1361895,15,54.359375,638.0
1780761163.1361895,15,55.75,638.75
1780761163.1361895,15,57.046875,641.0
1780761163.1361895,15,58.4375,643.75
1780761163.1361895,15,59.890625,645.5
1780761163.1361895,15,61.15625,648.0
1780761163.1361895,15,62.484375,654.0
1780761163.1361895,15,66.578125,1434.75
1780761163.1361895,15,67.984375,1419.0
1780761163.1361895,15,69.328125,1410.25
1780761163.1361895,15,70.625,1409.25
1780761163.1361895,15,72.0,1394.0
1780761163.1361895,15,73.390625,1378.75
1780761163.1361895,8,74.765625,1374.75
1780761163.1361895,15,76.03125,1369.5
1780761163.1361895,15,77.4375,1363.5
1780761163.1361895,15,78.734375,1359.5
1780761163.1361895,15,80.140625,1356.25
1780761163.1361895,15,81.4375,1348.5
1780761163.1361895,15,82.796875,1344.0
1780761163.1361895,15,84.09375,1337.75
1780761163.1361895,15,85.453125,1331.5
1780761163.1361895,15,88.09375,1283.5
1780761163.1361895,15,89.46875,1279.75
1780761163.1361895,15,90.78125,1279.25
1780761163.1361895,15,92.171875,1279.25
1780761163.1361895,15,94.859375,1306.5
1780761163.1361895,15,96.09375,1316.0
1780761163.1361895,15,97.453125,1331.5
1780761163.1361895,15,98.8125,1340.75
1780761163.1361895,15,102.8125,1344.5
1780761163.1361895,15,105.671875,1192.5
1780761163.1361895,15,109.78125,536.25
1780761163.1361895,15,111.28125,537.75
1780761163.1361895,15,114.984375,1214.0
1780761163.1361895,15,121.53125,1435.0
1780761163.1361895,15,125.578125,1320.0
1780761163.1361895,15,128.34375,1262.25
1780761163.1361895,15,130.96875,1325.75
1780761163.1361895,15,132.28125,1325.75
1780761163.1361895,15,142.765625,684.25
1780761163.1361895,15,144.015625,687.0
1780761163.1361895,15,145.34375,691.25
1780761163.1361895,15,146.65625,696.75
1780761163.1361895,15,148.03125,702.75
1780761163.1361895,15,149.265625,711.25
1780761163.1361895,15,155.015625,1352.0
1780761163.1361895,15,156.265625,1338.0
1780761163.1361895,15,159.015625,1268.5
1780761163.1361895,15,160.328125,1274.75
1780761163.1361895,15,166.15625,906.75
1780761163.1361895,15,167.484375,912.25
1780761163.1361895,15,168.78125,919.75
1780761163.1361895,15,170.109375,923.25
1780761163.1361895,15,171.4375,929.0
1780761163.1361895,15,172.796875,926.0
1780761163.1361895,15,174.203125,912.75
1780761163.1361895,15,175.515625,904.25
1780761163.1361895,15,176.921875,901.0
1780761163.1361895,15,178.109375,898.0
1780761163.1361895,15,179.484375,901.25
1780761163.1361895,15,180.9375,899.5
1780761163.1361895,15,182.171875,903.25
1780761163.1361895,15,183.53125,905.25
1780761163.1361895,15,184.890625,900.0
1780761163.1361895,15,186.21875,903.0
1780761163.1361895,15,187.53125,902.5
1780761163.1361895,15,188.921875,901.0
1780761163.1361895,15,190.1875,902.25
1780761163.1361895,15,191.453125,905.5
1780761163.1361895,15,192.796875,912.75
1780761163.1361895,15,194.234375,919.0
1780761163.1361895,15,195.546875,924.5
1780761163.1361895,15,196.875,929.75
1780761163.1361895,15,198.140625,933.25
1780761163.1361895,15,199.53125,940.75
1780761163.1361895,15,200.84375,947.5
1780761163.1361895,15,202.078125,951.25
1780761163.1361895,15,203.625,953.25
1780761163.1361895,15,204.890625,947.25
1780761163.1361895,15,206.28125,949.0
1780761163.1361895,15,207.53125,968.5
1780761163.1361895,15,208.890625,989.0
1780761163.1361895,15,223.234375,1287.0
1780761163.1361895,15,235.65625,1002.25
1780761163.1361895,15,236.96875,983.0
1780761163.1361895,15,238.296875,969.0
1780761163.1361895,15,239.734375,958.0
1780761163.1361895,15,241.0,944.25
1780761163.1361895,15,242.4375,931.5
1780761163.1361895,15,243.6875,923.5
1780761163.1361895,15,245.078125,914.75
1780761163.1361895,15,246.421875,903.25
1780761163.1361895,15,247.8125,893.25
1780761163.1361895,15,249.1875,884.25
1780761163.1361895,15,250.578125,876.75
1780761163.1361895,15,251.8125,869.25
1780761163.1361895,15,253.234375,861.25
1780761163.1361895,15,254.609375,854.75
1780761163.1361895,15,255.828125,851.25
1780761163.1361895,15,257.234375,846.75
1780761163.1361895,15,258.65625,840.75
1780761163.1361895,15,259.875,837.0
1780761163.1361895,15,261.234375,832.5
1780761163.1361895,15,262.640625,828.0
1780761163.1361895,15,264.015625,825.0
1780761163.1361895,15,265.390625,822.25
1780761163.1361895,15,266.6875,820.25
1780761163.1361895,15,268.0,818.5
1780761163.1361895,15,269.359375,818.25
1780761163.1361895,15,270.71875,816.0
1780761163.1361895,15,271.9375,815.5
1780761163.1361895,15,273.34375,819.25
1780761163.1361895,15,275.921875,821.0
1780761163.1361895,15,279.125,643.0
1780761163.1361895,15,280.359375,644.5
1780761163.1361895,15,281.828125,647.5
1780761163.1361895,15,283.140625,650.25
1780761163.1361895,15,284.421875,653.5
1780761163.1361895,15,285.796875,657.5
1780761163.1361895,15,287.03125,661.75
1780761163.1361895,15,288.453125,666.75
1780761163.1361895,15,289.75,672.5
1780761163.1361895,15,291.03125,681.0
1780761163.1361895,15,293.140625,881.75
1780761163.1361895,15,294.53125,891.0
1780761163.1361895,15,295.8125,899.25
1780761163.1361895,15,297.171875,907.25
1780761163.1361895,15,298.40625,917.25
1780761163.1361895,15,299.78125,928.5
1780761163.1361895,15,301.1875,939.5
1780761163.1361895,15,302.484375,951.0
1780761163.1361895,15,303.78125,962.5
1780761163.1361895,15,305.078125,976.5
1780761163.1361895,15,306.46875,991.75
1780761163.1361895,15,307.765625,1004.75
1780761163.1361895,15,309.078125,1018.5
1780761163.1361895,15,310.34375,1034.25
1780761163.1361895,15,311.734375,1056.25
1780761163.1361895,15,313.0,1080.75
1780761163.1361895,15,314.3125,1105.5
1780761163.1361895,15,315.671875,1131.5
1780761163.1361895,15,316.984375,1146.75
1780761163.1361895,15,318.296875,1168.5
1780761163.1361895,15,319.53125,1198.5
1780761163.1361895,15,320.953125,1215.0
1780761163.1361895,15,324.796875,1333.25
1780761163.1361895,15,327.453125,1433.0
1780761163.1361895,11,345.796875,2249.25
1780761163.2734017,15,355.265625,1819.5
1780761163.2734017,15,356.609375,1819.5
1780761163.2734017,15,0.625,1819.5
1780761163.2734017,15,1.953125,1819.5
1780761163.2734017,15,4.640625,1819.5
1780761163.2734017,15,27.515625,1636.25
1780761163.2734017,15,34.21875,1650.75
1780761163.2734017,15,40.9375,668.75
1780761163.2734017,15,42.21875,668.0
1780761163.2734017,15,43.5625,665.75
1780761163.2734017,15,44.859375,664.25
1780761163.2734017,15,46.1875,662.75
1780761163.2734017,15,47.625,661.5
1780761163.2734017,15,48.890625,661.0
1780761163.2734017,15,50.203125,661.0
1780761163.2734017,15,51.625,660.75
1780761163.2734017,15,52.953125,661.5
1780761163.2734017,15,54.359375,663.5
1780761163.2734017,15,55.546875,664.75
1780761163.2734017,15,56.9375,666.25
1780761163.2734017,15,58.328125,668.5
1780761163.2734017,15,59.6875,673.75
1780761163.2734017,15,65.125,1459.25
1780761163.2734017,15,66.453125,1449.5
1780761163.2734017,8,67.828125,1426.5
1780761163.2734017,15,69.15625,1411.0
1780761163.2734017,15,70.5,1409.25
1780761163.2734017,15,71.859375,1394.25
1780761163.2734017,15,73.21875,1379.0
1780761163.2734017,8,74.5625,1375.5
1780761163.2734017,15,75.890625,1366.75
1780761163.2734017,15,77.265625,1360.25
1780761163.2734017,15,78.609375,1357.5
1780761163.2734017,15,79.9375,1354.25
1780761163.2734017,15,81.296875,1348.75
1780761163.2734017,15,82.625,1338.25
1780761163.2734017,15,83.96875,1337.75
1780761163.2734017,15,85.3125,1337.5
1780761163.2734017,15,86.625,1321.5
1780761163.2734017,4,88.03125,1305.5
1780761163.2734017,15,89.3125,1297.5
1780761163.2734017,15,90.71875,1277.75
1780761163.2734017,15,92.046875,1279.0
1780761163.2734017,15,93.421875,1279.0
1780761163.2734017,15,94.75,1260.0
1780761163.2734017,15,105.703125,521.75
1780761163.2734017,15,107.03125,519.75
1780761163.2734017,14,108.453125,529.75
1780761163.2734017,15,110.890625,1172.75
1780761163.2734017,15,112.25,1184.5
1780761163.2734017,15,113.546875,1203.75
1780761163.2734017,15,116.15625,1236.0
1780761163.2734017,15,124.109375,1320.0
1780761163.2734017,6,128.234375,1250.5
1780761163.2734017,15,130.8125,1306.0
1780761163.2734017,15,141.3125,656.25
1780761163.2734017,15,142.5625,659.5
1780761163.2734017,15,143.890625,662.0
1780761163.2734017,15,145.234375,664.75
1780761163.2734017,15,146.5625,670.5
1780761163.2734017,15,147.796875,683.5
1780761163.2734017,15,153.5,1323.5
1780761163.2734017,15,156.1875,1276.0
1780761163.2734017,15,157.515625,1259.0
1780761163.2734017,9,158.84375,1245.25
1780761163.2734017,15,160.171875,1243.75
1780761163.2734017,15,166.015625,868.75
1780761163.2734017,15,167.3125,877.75
1780761163.2734017,15,168.703125,883.5
1780761163.2734017,15,170.03125,886.5
1780761163.2734017,15,171.34375,893.75
1780761163.2734017,15,172.625,891.5
1780761163.2734017,15,174.03125,876.75
1780761163.2734017,15,175.28125,870.5
1780761163.2734017,15,176.75,869.25
1780761163.2734017,15,178.046875,863.75
1780761163.2734017,15,179.296875,864.75
1780761163.2734017,15,180.734375,865.25
1780761163.2734017,15,182.0625,866.75
1780761163.2734017,15,183.375,866.75
1780761163.2734017,15,184.6875,870.75
1780761163.2734017,15,186.015625,866.5
1780761163.2734017,15,187.375,860.0
1780761163.2734017,15,188.703125,867.0
1780761163.2734017,15,189.96875,871.25
1780761163.2734017,15,191.3125,871.5
1780761163.2734017,15,192.609375,878.25
1780761163.2734017,15,193.96875,885.25
1780761163.2734017,15,195.28125,888.25
1780761163.2734017,15,196.625,892.75
1780761163.2734017,15,198.0,894.75
1780761163.2734017,15,199.25,901.5
1780761163.2734017,15,200.625,906.75
1780761163.2734017,15,201.875,911.0
1780761163.2734017,15,203.296875,919.75
1780761163.2734017,15,204.65625,926.5
1780761163.2734017,15,205.921875,919.5
1780761163.2734017,15,207.296875,918.5
1780761163.2734017,15,208.625,937.0
1780761163.2734017,15,209.84375,961.25
1780761163.2734017,15,211.125,990.25
1780761163.2734017,15,224.21875,1264.75
1780761163.2734017,15,232.1875,1252.75
1780761163.2734017,15,235.125,991.75
1780761163.2734017,15,236.53125,990.5
1780761163.2734017,15,237.9375,974.0
1780761163.2734017,15,239.1875,960.5
1780761163.2734017,15,240.578125,948.5
1780761163.2734017,15,241.90625,937.25
1780761163.2734017,15,243.203125,927.5
1780761163.2734017,15,244.609375,916.5
1780761163.2734017,15,245.9375,906.0
1780761163.2734017,15,247.34375,897.5
1780761163.2734017,15,248.703125,888.25
1780761163.2734017,15,250.046875,880.25
1780761163.2734017,15,251.40625,872.75
1780761163.2734017,15,252.671875,865.25
1780761163.2734017,15,253.984375,859.0
1780761163.2734017,15,255.3125,854.25
1780761163.2734017,15,256.734375,848.75
1780761163.2734017,15,258.03125,842.5
1780761163.2734017,15,259.4375,837.75
1780761163.2734017,15,260.71875,834.5
1780761163.2734017,15,262.015625,830.5
1780761163.2734017,15,263.359375,826.25
1780761163.2734017,15,264.765625,823.75
1780761163.2734017,15,266.109375,822.75
1780761163.2734017,15,267.4375,820.25
1780761163.2734017,15,268.75,818.25
1780761163.2734017,15,270.1875,816.5
1780761163.2734017,15,271.421875,817.0
1780761163.2734017,15,272.71875,818.25
1780761163.2734017,15,274.0625,817.25
1780761163.2734017,15,275.390625,819.5
1780761163.2734017,15,278.15625,823.25
1780761163.2734017,15,279.4375,827.75
1780761163.2734017,15,282.59375,650.75
1780761163.2734017,15,283.921875,653.25
1780761163.2734017,15,285.328125,656.5
1780761163.2734017,15,286.625,661.0
1780761163.2734017,15,287.953125,665.0
1780761163.2734017,15,289.125,670.0
1780761163.2734017,15,290.53125,675.25
1780761163.2734017,15,291.71875,681.25
1780761163.2734017,15,293.203125,688.75
1780761163.2734017,15,297.984375,915.0
1780761163.2734017,15,299.28125,924.5
1780761163.2734017,15,300.609375,933.0
1780761163.2734017,15,301.875,945.75
1780761163.2734017,15,303.21875,959.0
1780761163.2734017,15,304.578125,971.5
1780761163.2734017,15,305.890625,985.0
1780761163.2734017,11,307.171875,997.5
1780761163.2734017,15,308.5,1012.25
1780761163.2734017,15,309.78125,1026.75
1780761163.2734017,15,311.078125,1046.75
1780761163.2734017,7,312.359375,1071.25
1780761163.2734017,15,313.6875,1094.5
1780761163.2734017,15,315.03125,1120.0
1780761163.2734017,15,316.390625,1138.75
1780761163.2734017,15,317.671875,1159.5
1780761163.2734017,15,318.921875,1190.25
1780761163.2734017,15,320.25,1224.25
1780761163.2734017,5,321.59375,1242.75
1780761163.2734017,15,324.15625,1326.25
1780761163.2734017,15,328.109375,1435.75
1780761163.2734017,15,343.75,2264.75
1780761163.2734017,15,345.078125,2274.75
1780761163.2734017,15,346.421875,2254.5
1780761163.2734017,15,347.796875,2253.75
1780761163.2734017,12,349.140625,2250.25
1780761163.2734017,11,350.484375,2245.5
1780761163.4112248,8,351.84375,2221.25
1780761163.4112248,2,26.859375,1686.25
1780761163.4112248,15,34.84375,1722.25
1780761163.4112248,15,40.140625,699.75
1780761163.4112248,15,41.578125,696.0
1780761163.4112248,15,42.859375,693.5
1780761163.4112248,15,44.09375,692.75
1780761163.4112248,15,45.59375,691.25
1780761163.4112248,15,46.890625,689.25
1780761163.4112248,15,48.1875,687.75
1780761163.4112248,15,49.5,687.5
1780761163.4112248,15,50.890625,689.0
1780761163.4112248,15,52.265625,689.75
1780761163.4112248,15,53.625,689.75
1780761163.4112248,15,54.859375,690.5
1780761163.4112248,15,56.1875,691.5
1780761163.4112248,15,57.515625,693.75
1780761163.4112248,6,60.359375,1547.5
1780761163.4112248,15,64.453125,1474.75
1780761163.4112248,15,65.78125,1450.0
1780761163.4112248,15,67.125,1434.5
1780761163.4112248,15,68.53125,1418.75
1780761163.4112248,15,69.828125,1409.75
1780761163.4112248,15,71.15625,1408.75
1780761163.4112248,15,72.515625,1393.5
1780761163.4112248,7,73.84375,1376.5
1780761163.4112248,7,75.265625,1371.5
1780761163.4112248,15,76.578125,1366.0
1780761163.4112248,15,77.921875,1361.75
1780761163.4112248,15,79.265625,1357.75
1780761163.4112248,15,80.578125,1353.25
1780761163.4112248,15,81.953125,1347.75
1780761163.4112248,15,83.265625,1344.25
1780761163.4112248,15,84.59375,1338.0
1780761163.4112248,15,85.96875,1331.75
1780761163.4112248,15,87.296875,1316.25
1780761163.4112248,3,88.640625,1300.5
1780761163.4112248,15,91.3125,1277.25
1780761163.4112248,2,92.640625,1297.5
1780761163.4112248,3,94.015625,1300.0
1780761163.4112248,3,95.3125,1300.25
1780761163.4112248,15,102.59375,516.0
1780761163.4112248,15,103.65625,517.0
1780761163.4112248,15,107.484375,1144.25
1780761163.4112248,12,108.875,1158.25
1780761163.4112248,15,110.171875,1166.5
1780761163.4112248,15,111.4375,1177.25
1780761163.4112248,15,120.71875,1323.5
1780761163.4112248,15,122.046875,1320.0
1780761163.4112248,15,127.5,1242.25
1780761163.4112248,15,128.75,1248.0
1780761163.4112248,15,139.34375,626.0
1780761163.4112248,15,140.546875,628.25
1780761163.4112248,15,141.796875,631.5
1780761163.4112248,15,143.125,634.75
1780761163.4112248,15,144.625,639.25
1780761163.4112248,15,145.875,645.0
1780761163.4112248,15,152.703125,1289.5
1780761163.4112248,7,154.046875,1258.5
1780761163.4112248,15,155.46875,1244.5
1780761163.4112248,15,156.8125,1234.75
1780761163.4112248,5,158.125,1220.25
1780761163.4112248,15,159.453125,1208.25
1780761163.4112248,15,165.40625,829.75
1780761163.4112248,15,166.59375,841.5
1780761163.4112248,15,168.03125,849.25
1780761163.4112248,15,169.3125,853.5
1780761163.4112248,15,170.59375,861.25
1780761163.4112248,15,171.921875,854.25
1780761163.4112248,15,173.328125,841.5
1780761163.4112248,15,174.78125,830.75
1780761163.4112248,15,176.109375,823.0
1780761163.4112248,15,177.40625,823.75
1780761163.4112248,15,178.78125,829.5
1780761163.4112248,15,180.03125,831.75
1780761163.4112248,15,181.453125,828.25
1780761163.4112248,15,182.75,827.5
1780761163.4112248,15,184.125,829.25
1780761163.4112248,15,185.390625,827.75
1780761163.4112248,15,186.734375,830.75
1780761163.4112248,15,188.203125,829.25
1780761163.4112248,15,189.5,827.25
1780761163.4112248,15,190.84375,831.5
1780761163.4112248,15,192.125,837.0
1780761163.4112248,15,193.390625,840.75
1780761163.4112248,15,194.828125,842.5
1780761163.4112248,15,196.078125,852.5
1780761163.4112248,15,197.46875,859.0
1780761163.4112248,15,198.765625,862.0
1780761163.4112248,15,200.0625,868.5
1780761163.4112248,15,201.46875,875.0
1780761163.4112248,15,202.703125,880.5
1780761163.4112248,15,204.109375,886.5
1780761163.4112248,15,205.421875,887.75
1780761163.4112248,15,206.796875,882.75
1780761163.4112248,15,208.015625,885.75
1780761163.4112248,15,209.4375,900.75
1780761163.4112248,15,210.71875,924.25
1780761163.4112248,15,221.953125,1827.0
1780761163.4112248,15,225.0,1234.5
1780761163.4112248,15,226.3125,1238.25
1780761163.4112248,15,231.6875,1249.5
1780761163.4112248,15,241.46875,943.0
1780761163.4112248,15,242.875,929.75
1780761163.4112248,15,244.15625,921.0
1780761163.4112248,15,245.578125,910.75
1780761163.4112248,15,246.84375,899.5
1780761163.4112248,15,248.25,890.25
1780761163.4112248,15,249.578125,881.75
1780761163.4112248,15,250.953125,875.0
1780761163.4112248,15,252.21875,868.0
1780761163.4112248,15,253.578125,860.0
1780761163.4112248,15,254.90625,854.5
1780761163.4112248,15,256.265625,851.0
1780761163.4112248,15,257.703125,845.5
1780761163.4112248,15,259.078125,839.25
1780761163.4112248,15,260.328125,835.0
1780761163.4112248,15,261.671875,831.75
1780761163.4112248,15,263.015625,827.5
1780761163.4112248,15,264.40625,824.25
1780761163.4112248,15,265.75,823.5
1780761163.4112248,15,267.09375,822.0
1780761163.4112248,15,268.46875,818.0
1780761163.4112248,15,269.71875,817.5
1780761163.4112248,15,271.109375,819.5
1780761163.4112248,15,272.4375,819.75
1780761163.4112248,15,273.6875,819.0
1780761163.4112248,15,275.015625,819.75
1780761163.4112248,15,276.4375,822.5
1780761163.4112248,15,277.75,823.75
1780761163.4112248,15,279.046875,826.0
1780761163.4112248,15,280.4375,829.5
1780761163.4112248,15,281.640625,832.0
1780761163.4112248,15,286.078125,662.25
1780761163.4112248,15,287.40625,666.5
1780761163.4112248,15,288.703125,670.5
1780761163.4112248,15,290.078125,675.5
1780761163.4112248,15,291.515625,680.0
1780761163.4112248,15,292.6875,686.5
1780761163.4112248,15,294.078125,694.0
1780761163.4112248,15,295.390625,702.25
1780761163.4112248,15,296.6875,713.5
1780761163.4112248,15,298.84375,924.0
1780761163.4112248,15,300.21875,933.5
1780761163.4112248,15,301.515625,943.75
1780761163.4112248,15,302.890625,956.25
1780761163.4112248,15,304.15625,967.5
1780761163.4112248,15,305.578125,979.0
1780761163.4112248,9,306.90625,994.5
1780761163.4112248,15,308.21875,1008.0
1780761163.4112248,15,309.5,1025.25
1780761163.4112248,15,310.765625,1041.25
1780761163.4112248,15,312.109375,1060.75
1780761163.4112248,15,313.453125,1086.0
1780761163.4112248,15,314.65625,1111.75
1780761163.4112248,15,316.015625,1137.25
1780761163.4112248,9,317.296875,1164.5
1780761163.4112248,15,318.609375,1191.0
1780761163.4112248,15,319.9375,1215.25
1780761163.4112248,7,321.25,1237.5
1780761163.4112248,15,323.90625,1326.0
1780761163.4112248,15,325.25,1328.0
1780761163.4112248,15,327.828125,1435.5
1780761163.4112248,15,339.546875,2060.25
1780761163.4112248,15,344.8125,2273.5
1780761163.4112248,15,346.140625,2294.25
1780761163.4112248,15,347.609375,2274.75
1780761163.4112248,15,348.921875,2255.25
1780761163.4112248,15,350.28125,2254.5
1780761163.5485506,15,351.59375,2254.0
1780761163.5485506,15,6.375,2253.5
1780761163.5485506,15,7.703125,2252.25
1780761163.5485506,15,9.0625,2252.25
1780761163.5485506,15,10.390625,2254.25
1780761163.5485506,15,37.171875,728.75
1780761163.5485506,15,38.453125,727.25
1780761163.5485506,15,39.921875,724.5
1780761163.5485506,15,41.1875,722.25
1780761163.5485506,15,42.609375,720.0
1780761163.5485506,15,43.890625,717.5
1780761163.5485506,15,45.25,715.75
1780761163.5485506,15,46.65625,714.25
1780761163.5485506,15,47.875,713.25
1780761163.5485506,15,49.21875,712.25
1780761163.5485506,15,50.6875,712.0
1780761163.5485506,15,52.0,712.75
1780761163.5485506,15,53.296875,714.25
1780761163.5485506,15,54.59375,712.5
1780761163.5485506,15,57.53125,1579.25
1780761163.5485506,15,58.921875,1549.75
1780761163.5485506,15,60.234375,1531.25
1780761163.5485506,15,63.0,1453.0
1780761163.5485506,15,64.296875,1460.75
1780761163.5485506,15,65.640625,1449.75
1780761163.5485506,15,66.984375,1434.5
1780761163.5485506,15,68.390625,1419.0
1780761163.5485506,15,69.734375,1410.0
1780761163.5485506,15,71.078125,1408.5
1780761163.5485506,15,72.4375,1393.0
1780761163.5485506,10,73.734375,1377.75
1780761163.5485506,8,75.140625,1373.5
1780761163.5485506,15,76.484375,1366.75
1780761163.5485506,15,77.765625,1362.25
1780761163.5485506,15,79.125,1358.0
1780761163.5485506,15,80.453125,1349.75
1780761163.5485506,15,81.859375,1344.5
1780761163.5485506,15,83.203125,1343.75
1780761163.5485506,2,84.5,1328.75
1780761163.5485506,2,87.25,1281.25
1780761163.5485506,15,88.546875,1300.5
1780761163.5485506,15,89.921875,1298.75
1780761163.5485506,15,91.28125,1296.75
1780761163.5485506,15,92.640625,1297.25
1780761163.5485506,15,97.15625,512.5
1780761163.5485506,15,98.328125,508.0
1780761163.5485506,15,99.609375,510.0
1780761163.5485506,8,103.515625,1134.0
1780761163.5485506,15,104.859375,1138.75
1780761163.5485506,15,106.15625,1142.0
1780761163.5485506,15,107.421875,1144.0
1780761163.5485506,15,108.796875,1148.5
1780761163.5485506,6,110.078125,1162.5
1780761163.5485506,15,119.328125,1326.5
1780761163.5485506,15,123.453125,1249.0
1780761163.5485506,15,124.796875,1220.75
1780761163.5485506,15,126.171875,1220.75
1780761163.5485506,15,127.453125,1236.75
1780761163.5485506,15,136.640625,598.25
1780761163.5485506,15,138.015625,599.5
1780761163.5485506,15,139.421875,601.0
1780761163.5485506,15,140.703125,603.75
1780761163.5485506,15,142.125,606.5
1780761163.5485506,15,143.28125,610.5
1780761163.5485506,15,146.359375,1023.5
1780761163.5485506,8,151.5625,1245.0
1780761163.5485506,15,152.84375,1234.75
1780761163.5485506,5,154.265625,1221.75
1780761163.5485506,15,155.546875,1208.25
1780761163.5485506,15,156.96875,1193.5
1780761163.5485506,15,158.296875,1181.5
1780761163.5485506,15,164.296875,795.25
1780761163.5485506,15,165.46875,805.75
1780761163.5485506,15,166.921875,809.0
1780761163.5485506,15,168.28125,804.75
1780761163.5485506,15,169.5625,810.25
1780761163.5485506,15,170.953125,814.75
1780761163.5485506,15,172.203125,812.25
1780761163.5485506,15,173.578125,816.0
1780761163.5485506,15,176.28125,788.25
1780761163.5485506,15,177.59375,787.75
1780761163.5485506,15,179.0625,787.0
1780761163.5485506,15,180.46875,788.0
1780761163.5485506,15,181.859375,790.75
1780761163.5485506,15,183.109375,792.0
1780761163.5485506,15,184.53125,789.25
1780761163.5485506,15,185.859375,789.75
1780761163.5485506,15,187.234375,790.75
1780761163.5485506,15,188.5,789.0
1780761163.5485506,15,189.890625,791.0
1780761163.5485506,15,191.140625,795.75
1780761163.5485506,15,192.53125,800.75
1780761163.5485506,15,193.78125,809.5
1780761163.5485506,15,195.09375,813.0
1780761163.5485506,15,196.546875,814.75
1780761163.5485506,15,197.8125,820.25
1780761163.5485506,15,199.125,823.0
1780761163.5485506,15,200.515625,828.75
1780761163.5485506,15,201.78125,835.5
1780761163.5485506,15,203.203125,839.25
1780761163.5485506,15,204.4375,843.0
1780761163.5485506,15,205.734375,855.25
1780761163.5485506,15,207.109375,860.75
1780761163.5485506,15,208.46875,855.75
1780761163.5485506,15,209.734375,860.75
1780761163.5485506,15,211.015625,879.5
1780761163.5485506,15,212.375,903.0
1780761163.5485506,15,213.640625,928.75
1780761163.5485506,15,223.640625,1777.25
1780761163.5485506,15,226.75,1214.75
1780761163.5485506,15,227.984375,1214.5
1780761163.5485506,15,240.375,949.5
1780761163.5485506,15,241.75,937.25
1780761163.5485506,15,243.1875,928.0
1780761163.5485506,15,244.46875,917.0
1780761163.5485506,15,245.875,906.75
1780761163.5485506,15,247.234375,897.5
1780761163.5485506,15,248.53125,888.5
1780761163.5485506,15,249.875,880.0
1780761163.5485506,15,251.3125,872.25
1780761163.5485506,15,252.625,865.75
1780761163.5485506,15,253.96875,859.75
1780761163.5485506,15,255.40625,854.5
1780761163.5485506,15,256.65625,848.75
1780761163.5485506,15,258.0625,842.5
1780761163.5485506,15,259.34375,837.75
1780761163.5485506,15,260.78125,834.25
1780761163.5485506,15,262.046875,828.75
1780761163.5485506,15,263.40625,824.5
1780761163.5485506,15,264.859375,824.0
1780761163.5485506,15,266.09375,822.5
1780761163.5485506,15,267.53125,820.0
1780761163.5485506,15,268.890625,818.5
1780761163.5485506,15,270.1875,819.25
1780761163.5485506,15,271.53125,820.25
1780761163.5485506,15,272.84375,820.5
1780761163.5485506,15,274.15625,820.5
1780761163.5485506,15,275.59375,821.25
1780761163.5485506,15,276.765625,823.0
1780761163.5485506,15,278.046875,824.75
1780761163.5485506,15,279.515625,827.5
1780761163.5485506,15,280.6875,832.0
1780761163.5485506,15,282.09375,836.25
1780761163.5485506,15,283.46875,839.75
1780761163.5485506,15,284.71875,844.75
1780761163.5485506,15,289.09375,671.5
1780761163.5485506,15,290.46875,677.0
1780761163.5485506,15,291.828125,683.5
1780761163.5485506,15,293.078125,690.75
1780761163.5485506,15,294.4375,696.75
1780761163.5485506,15,295.828125,704.0
1780761163.5485506,15,297.078125,711.25
1780761163.5485506,15,298.390625,720.25
1780761163.5485506,15,303.28125,959.75
1780761163.5485506,15,304.609375,972.5
1780761163.5485506,15,305.890625,985.5
1780761163.5485506,15,307.25,1000.0
1780761163.5485506,15,308.484375,1015.0
1780761163.5485506,15,309.84375,1031.25
1780761163.5485506,15,311.15625,1053.5
1780761163.5485506,8,312.484375,1074.0
1780761163.5485506,15,313.796875,1094.75
1780761163.5485506,15,315.0625,1125.5
1780761163.5485506,15,316.375,1144.25
1780761163.5485506,15,319.0625,1196.5
1780761163.5485506,15,320.28125,1224.25
1780761163.5485506,5,321.640625,1248.75
1780761163.5485506,15,324.28125,1326.25
1780761163.5485506,15,326.84375,1416.25
1780761163.5485506,15,345.21875,2294.25
1780761163.5485506,15,346.546875,2294.25
1780761163.5485506,15,347.921875,2294.25
1780761163.5485506,15,349.25,2294.25
1780761163.5485506,15,350.59375,2294.25
1780761163.6862385,15,351.9375,2294.25
1780761163.6862385,15,8.046875,2274.75
1780761163.6862385,15,9.359375,2255.0
1780761163.6862385,15,10.703125,2274.25
1780761163.6862385,15,36.15625,759.0
1780761163.6862385,15,37.390625,754.75
1780761163.6862385,15,38.765625,751.0
1780761163.6862385,15,40.140625,748.0
1780761163.6862385,15,41.578125,744.75
1780761163.6862385,15,42.796875,742.25
1780761163.6862385,15,44.09375,740.5
1780761163.6862385,15,45.4375,738.75
1780761163.6862385,15,46.9375,737.5
1780761163.6862385,15,48.234375,736.75
1780761163.6862385,15,49.5625,736.5
1780761163.6862385,15,50.921875,736.5
1780761163.6862385,15,52.296875,734.75
1780761163.6862385,15,55.15625,1611.5
1780761163.6862385,15,56.515625,1591.5
1780761163.6862385,15,57.8125,1577.75
1780761163.6862385,15,59.28125,1557.25
1780761163.6862385,6,60.65625,1538.5
1780761163.6862385,15,62.0625,1507.25
1780761163.6862385,15,63.359375,1472.5
1780761163.6862385,15,64.765625,1458.25
1780761163.6862385,15,66.09375,1448.75
1780761163.6862385,15,67.421875,1425.75
1780761163.6862385,15,68.8125,1410.5
1780761163.6862385,15,70.15625,1409.5
1780761163.6862385,15,71.5,1395.75
1780761163.6862385,15,72.828125,1380.5
1780761163.6862385,9,74.1875,1375.25
1780761163.6862385,15,75.578125,1366.5
1780761163.6862385,15,76.90625,1361.5
1780761163.6862385,15,78.21875,1359.25
1780761163.6862385,15,79.5625,1354.75
1780761163.6862385,15,80.984375,1349.5
1780761163.6862385,15,82.296875,1339.0
1780761163.6862385,15,83.578125,1337.5
1780761163.6862385,15,84.9375,1343.0
1780761163.6862385,15,86.28125,1337.25
1780761163.6862385,15,89.015625,1277.5
1780761163.6862385,15,93.40625,507.25
1780761163.6862385,15,94.9375,503.5
1780761163.6862385,15,96.0625,506.75
1780761163.6862385,15,99.875,1138.0
1780761163.6862385,15,101.15625,1128.5
1780761163.6862385,15,102.609375,1126.75
1780761163.6862385,15,103.9375,1126.25
1780761163.6862385,15,105.265625,1139.0
1780761163.6862385,15,106.515625,1147.5
1780761163.6862385,15,107.859375,1148.75
1780761163.6862385,6,109.140625,1164.0
1780761163.6862385,8,111.8125,1244.75
1780761163.6862385,15,117.046875,1320.0
1780761163.6862385,15,119.8125,1254.75
1780761163.6862385,15,123.875,1202.5
1780761163.6862385,15,125.203125,1219.0
1780761163.6862385,15,126.515625,1231.25
1780761163.6862385,15,133.21875,572.25
1780761163.6862385,15,134.734375,572.75
1780761163.6862385,15,135.953125,573.75
1780761163.6862385,15,137.34375,574.5
1780761163.6862385,15,138.640625,576.0
1780761163.6862385,15,139.9375,579.0
1780761163.6862385,15,141.265625,582.0
1780761163.6862385,15,144.25,992.75
1780761163.6862385,15,145.609375,1000.0
1780761163.6862385,5,150.6875,1222.25
1780761163.6862385,15,152.046875,1208.75
1780761163.6862385,15,153.375,1188.25
1780761163.6862385,15,154.734375,1174.5
1780761163.6862385,12,156.09375,1167.25
1780761163.6862385,15,157.421875,1158.75
1780761163.6862385,15,163.5,758.0
1780761163.6862385,15,164.75,766.25
1780761163.6862385,15,166.0625,772.5
1780761163.6862385,15,167.53125,772.75
1780761163.6862385,15,168.75,774.0
1780761163.6862385,15,170.171875,781.0
1780761163.6862385,15,171.421875,778.5
1780761163.6862385,15,172.796875,765.25
1780761163.6862385,15,174.203125,754.5
1780761163.6862385,15,175.484375,751.75
1780761163.6862385,15,176.859375,751.25
1780761163.6862385,15,178.15625,750.0
1780761163.6862385,15,179.59375,751.25
1780761163.6862385,15,180.90625,752.25
1780761163.6862385,15,182.25,754.75
1780761163.6862385,15,183.578125,755.25
1780761163.6862385,15,184.90625,749.75
1780761163.6862385,15,186.25,752.0
1780761163.6862385,15,187.546875,755.5
1780761163.6862385,15,188.921875,753.0
1780761163.6862385,15,190.328125,754.5
1780761163.6862385,15,191.5625,759.5
1780761163.6862385,15,192.953125,762.75
1780761163.6862385,15,194.25,766.75
1780761163.6862385,15,195.5625,772.25
1780761163.6862385,15,196.921875,775.25
1780761163.6862385,15,198.21875,780.75
1780761163.6862385,15,199.578125,787.0
1780761163.6862385,15,200.859375,791.25
1780761163.6862385,15,202.25,796.25
1780761163.6862385,15,203.515625,805.0
1780761163.6862385,15,204.875,809.25
1780761163.6862385,15,206.25,814.75
1780761163.6862385,15,207.546875,820.75
1780761163.6862385,15,208.9375,818.0
1780761163.6862385,15,210.265625,817.25
1780761163.6862385,15,211.453125,829.5
1780761163.6862385,15,223.953125,1773.5
1780761163.6862385,15,228.4375,1175.5
1780761163.6862385,15,240.796875,936.0
1780761163.6862385,15,242.171875,935.75
1780761163.6862385,15,243.5,924.0
1780761163.6862385,15,244.890625,913.0
1780761163.6862385,15,246.1875,903.75
1780761163.6862385,15,247.609375,894.75
1780761163.6862385,15,248.984375,885.75
1780761163.6862385,15,250.21875,878.25
1780761163.6862385,15,251.640625,871.25
1780761163.6862385,15,253.109375,863.75
1780761163.6862385,15,254.453125,857.75
1780761163.6862385,15,255.78125,853.0
1780761163.6862385,15,257.109375,847.5
1780761163.6862385,15,258.421875,841.75
1780761163.6862385,15,259.796875,837.0
1780761163.6862385,15,261.171875,833.0
1780761163.6862385,15,262.546875,828.5
1780761163.6862385,15,263.78125,825.75
1780761163.6862385,15,265.125,827.5
1780761163.6862385,15,266.609375,824.5
1780761163.6862385,15,267.859375,820.0
1780761163.6862385,15,269.25,820.0
1780761163.6862385,15,270.5625,819.5
1780761163.6862385,15,271.84375,819.0
1780761163.6862385,15,273.1875,819.25
1780761163.6862385,15,274.5625,820.25
1780761163.6862385,15,275.859375,820.75
1780761163.6862385,15,277.1875,823.0
1780761163.6862385,15,278.4375,826.25
1780761163.6862385,15,279.78125,828.75
1780761163.6862385,15,281.03125,832.75
1780761163.6862385,15,282.390625,837.0
1780761163.6862385,15,283.765625,841.5
1780761163.6862385,15,285.03125,847.25
1780761163.6862385,15,286.453125,852.0
1780761163.6862385,15,287.734375,856.5
1780761163.6862385,15,292.15625,686.25
1780761163.6862385,15,293.40625,693.0
1780761163.6862385,15,294.78125,698.0
1780761163.6862385,15,296.171875,704.75
1780761163.6862385,15,297.46875,713.0
1780761163.6862385,15,298.6875,721.25
1780761163.6862385,15,300.140625,730.0
1780761163.6862385,15,301.296875,740.5
1780761163.6862385,15,303.609375,962.5
1780761163.6862385,15,304.921875,975.25
1780761163.6862385,15,306.265625,989.75
1780761163.6862385,15,307.53125,1002.75
1780761163.6862385,15,308.890625,1016.5
1780761163.6862385,15,310.1875,1033.0
1780761163.6862385,15,311.46875,1054.5
1780761163.6862385,15,312.78125,1074.25
1780761163.6862385,8,315.359375,1131.5
1780761163.6862385,15,316.671875,1145.5
1780761163.6862385,15,319.359375,1197.5
1780761163.6862385,15,320.640625,1225.5
1780761163.6862385,15,321.921875,1249.25
1780761163.6862385,15,324.640625,1319.75
1780761163.6862385,15,327.28125,1432.75
1780761163.6862385,15,344.3125,2294.25
1780761163.6862385,15,345.625,2294.25
1780761163.6862385,15,346.890625,2294.25
1780761163.6862385,15,348.25,2294.25
1780761163.6862385,15,349.5625,2294.25
1780761163.6862385,15,350.90625,2294.25
1780761163.8242607,15,352.234375,2294.25
1780761163.8242607,15,5.59375,2294.25
1780761163.8242607,15,7.0,2275.0
1780761163.8242607,15,8.28125,2274.5
1780761163.8242607,15,9.65625,2293.5
1780761163.8242607,15,34.75,788.75
1780761163.8242607,15,36.140625,783.0
1780761163.8242607,15,37.59375,780.5
1780761163.8242607,15,38.875,776.25
1780761163.8242607,15,40.328125,771.75
1780761163.8242607,15,41.609375,769.5
1780761163.8242607,15,42.953125,767.0
1780761163.8242607,15,44.265625,764.75
1780761163.8242607,15,45.5625,763.5
1780761163.8242607,15,46.984375,762.0
1780761163.8242607,15,48.21875,761.25
1780761163.8242607,15,49.59375,759.25
1780761163.8242607,15,53.953125,1652.0
1780761163.8242607,15,55.28125,1612.0
1780761163.8242607,15,56.671875,1591.75
1780761163.8242607,6,58.0,1579.5
1780761163.8242607,15,59.359375,1550.75
1780761163.8242607,9,60.734375,1530.0
1780761163.8242607,15,63.484375,1451.25
1780761163.8242607,15,64.796875,1458.25
1780761163.8242607,15,66.140625,1448.75
1780761163.8242607,15,67.46875,1425.5
1780761163.8242607,15,68.8125,1410.5
1780761163.8242607,15,70.15625,1409.5
1780761163.8242607,15,71.53125,1395.75
1780761163.8242607,15,72.921875,1380.5
1780761163.8242607,7,74.234375,1375.0
1780761163.8242607,15,75.546875,1369.0
1780761163.8242607,15,76.921875,1364.0
1780761163.8242607,15,78.265625,1359.0
1780761163.8242607,15,79.625,1350.5
1780761163.8242607,15,80.953125,1345.0
1780761163.8242607,15,82.3125,1344.5
1780761163.8242607,15,83.53125,1343.5
1780761163.8242607,15,84.9375,1337.25
1780761163.8242607,15,89.421875,506.0
1780761163.8242607,15,90.75,502.75
1780761163.8242607,15,92.15625,505.75
1780761163.8242607,15,97.109375,1156.0
1780761163.8242607,15,98.4375,1131.25
1780761163.8242607,15,99.78125,1124.25
1780761163.8242607,15,101.140625,1129.25
1780761163.8242607,15,102.5,1129.25
1780761163.8242607,15,103.828125,1135.75
1780761163.8242607,15,105.125,1144.25
1780761163.8242607,15,106.453125,1155.0
1780761163.8242607,15,109.0625,1218.0
1780761163.8242607,15,110.34375,1235.25
1780761163.8242607,15,115.609375,1320.0
1780761163.8242607,15,121.109375,1203.75
1780761163.8242607,15,122.421875,1186.25
1780761163.8242607,15,123.78125,1203.5
1780761163.8242607,15,125.0625,1226.0
1780761163.8242607,15,126.40625,1236.75
1780761163.8242607,15,130.515625,548.0
1780761163.8242607,15,132.015625,547.75
1780761163.8242607,15,133.25,548.0
1780761163.8242607,15,134.703125,548.25
1780761163.8242607,15,135.890625,549.25
1780761163.8242607,15,137.234375,550.75
1780761163.8242607,15,138.71875,552.0
1780761163.8242607,15,141.421875,971.0
1780761163.8242607,15,142.8125,966.0
1780761163.8242607,15,144.140625,970.5
1780761163.8242607,15,149.140625,1202.5
1780761163.8242607,15,150.484375,1184.75
1780761163.8242607,12,151.921875,1169.0
1780761163.8242607,15,153.265625,1155.75
1780761163.8242607,15,154.578125,1141.5
1780761163.8242607,15,156.046875,1135.25
1780761163.8242607,15,157.3125,1124.5
1780761163.8242607,15,162.078125,725.5
1780761163.8242607,15,163.453125,729.75
1780761163.8242607,15,164.671875,740.25
1780761163.8242607,15,166.109375,739.25
1780761163.8242607,15,167.359375,737.75
1780761163.8242607,15,168.875,739.75
1780761163.8242607,15,170.171875,738.75
1780761163.8242607,15,171.515625,738.0
1780761163.8242607,15,172.8125,742.5
1780761163.8242607,15,175.53125,714.25
1780761163.8242607,15,176.875,709.75
1780761163.8242607,15,178.25,711.25
1780761163.8242607,15,179.640625,713.0
1780761163.8242607,15,180.9375,711.75
1780761163.8242607,15,182.25,715.0
1780761163.8242607,15,183.484375,716.0
1780761163.8242607,15,184.984375,705.5
1780761163.8242607,15,186.15625,707.75
1780761163.8242607,15,187.640625,719.0
1780761163.8242607,15,188.890625,718.0
1780761163.8242607,15,190.15625,716.25
1780761163.8242607,15,191.59375,720.0
1780761163.8242607,15,192.875,726.0
1780761163.8242607,15,194.203125,726.0
1780761163.8242607,15,195.5,728.75
1780761163.8242607,15,196.875,736.5
1780761163.8242607,15,198.25,742.5
1780761163.8242607,15,199.53125,751.25
1780761163.8242607,15,200.78125,756.75
1780761163.8242607,15,202.09375,760.5
1780761163.8242607,15,203.546875,763.5
1780761163.8242607,15,204.859375,768.0
1780761163.8242607,15,206.140625,772.25
1780761163.8242607,15,207.5,782.0
1780761163.8242607,15,208.78125,789.5
1780761163.8242607,15,210.078125,785.5
1780761163.8242607,15,211.421875,784.75
1780761163.8242607,15,212.71875,796.0
1780761163.8242607,15,219.71875,1816.0
1780761163.8242607,15,221.078125,1814.0
1780761163.8242607,15,224.171875,1170.0
1780761163.8242607,15,225.5625,1161.75
1780761163.8242607,15,229.484375,1321.0
1780761163.8242607,15,237.671875,1155.5
1780761163.8242607,15,244.78125,911.25
1780761163.8242607,15,246.09375,905.25
1780761163.8242607,15,247.4375,896.25
1780761163.8242607,15,248.78125,886.75
1780761163.8242607,15,250.1875,879.25
1780761163.8242607,15,251.5625,871.0
1780761163.8242607,15,252.75,863.75
1780761163.8242607,15,254.25,858.5
1780761163.8242607,15,255.5625,853.75
1780761163.8242607,15,256.8125,848.5
1780761163.8242607,15,258.265625,842.5
1780761163.8242607,15,259.546875,837.75
1780761163.8242607,15,260.890625,833.0
1780761163.8242607,15,262.25,827.75
1780761163.8242607,15,263.53125,825.25
1780761163.8242607,15,264.921875,823.0
1780761163.8242607,15,266.234375,820.5
1780761163.8242607,15,267.640625,823.5
1780761163.8242607,15,269.0,822.75
1780761163.8242607,15,270.390625,818.5
1780761163.8242607,15,271.6875,819.25
1780761163.8242607,15,273.03125,820.0
1780761163.8242607,15,274.34375,820.25
1780761163.8242607,15,275.71875,821.0
1780761163.8242607,15,276.921875,823.0
1780761163.8242607,15,278.296875,825.75
1780761163.8242607,15,279.5625,829.0
1780761163.8242607,15,280.984375,831.25
1780761163.8242607,15,282.265625,834.75
1780761163.8242607,15,283.578125,840.5
1780761163.8242607,15,284.953125,846.0
1780761163.8242607,15,286.234375,852.0
1780761163.8242607,15,287.59375,856.5
1780761163.8242607,15,288.84375,860.75
1780761163.8242607,15,290.25,866.0
1780761163.8242607,15,294.703125,699.25
1780761163.8242607,15,296.0,706.25
1780761163.8242607,15,297.1875,713.5
1780761163.8242607,15,298.5,721.5
1780761163.8242607,15,299.828125,729.25
1780761163.8242607,15,301.203125,738.75
1780761163.8242607,15,302.453125,749.25
1780761163.8242607,15,303.796875,761.0
1780761163.8242607,15,306.03125,988.5
1780761163.8242607,15,307.421875,1003.0
1780761163.8242607,15,308.71875,1017.5
1780761163.8242607,15,309.96875,1034.0
1780761163.8242607,15,311.359375,1055.25
1780761163.8242607,15,312.671875,1075.75
1780761163.8242607,15,313.9375,1095.0
1780761163.8242607,15,316.53125,1150.5
1780761163.8242607,15,317.875,1171.25
1780761163.8242607,15,319.15625,1197.25
1780761163.8242607,15,320.5,1225.0
1780761163.8242607,15,321.78125,1248.75
1780761163.8242607,15,324.46875,1319.75
1780761163.8242607,15,327.109375,1426.0
1780761163.8242607,15,342.796875,2273.75
1780761163.8242607,15,344.125,2294.25
1780761163.8242607,15,345.484375,2299.0
1780761163.8242607,15,346.8125,2299.0
1780761163.8242607,15,348.15625,2294.5
1780761163.8242607,15,349.46875,2294.25
1780761163.8242607,15,350.8125,2294.25
1780761163.9612515,15,352.15625,2294.25
1780761163.9612515,15,5.546875,2294.25
1780761163.9612515,15,6.921875,2294.0
1780761163.9612515,15,8.234375,2293.5
1780761163.9612515,15,9.5625,2293.5
1780761163.9612515,15,14.84375,2294.0
1780761163.9612515,15,33.28125,820.0
1780761163.9612515,15,34.65625,812.25
1780761163.9612515,15,36.140625,806.75
1780761163.9612515,15,37.546875,805.25
1780761163.9612515,15,38.890625,800.5
1780761163.9612515,15,40.296875,795.5
1780761163.9612515,15,41.609375,793.0
1780761163.9612515,15,42.96875,791.0
1780761163.9612515,15,44.21875,788.25
1780761163.9612515,15,45.703125,786.0
1780761163.9612515,15,47.046875,784.75
1780761163.9612515,15,48.34375,785.75
1780761163.9612515,15,55.453125,1619.5
1780761163.9612515,15,56.78125,1590.75
1780761163.9612515,15,58.140625,1569.0
1780761163.9612515,15,59.484375,1548.75
1780761163.9612515,7,60.796875,1530.0
1780761163.9612515,15,62.1875,1510.75
1780761163.9612515,15,63.484375,1476.0
1780761163.9612515,15,64.84375,1450.75
1780761163.9612515,15,66.21875,1434.75
1780761163.9612515,15,67.546875,1419.25
1780761163.9612515,15,68.921875,1410.75
1780761163.9612515,15,70.25,1409.25
1780761163.9612515,15,71.578125,1395.5
1780761163.9612515,8,73.0,1380.25
1780761163.9612515,8,74.328125,1374.75
1780761163.9612515,15,75.671875,1368.75
1780761163.9612515,15,77.0,1362.25
1780761163.9612515,15,78.328125,1357.5
1780761163.9612515,15,79.6875,1354.25
1780761163.9612515,15,81.015625,1342.25
1780761163.9612515,15,85.34375,508.5
1780761163.9612515,15,86.671875,505.5
1780761163.9612515,15,88.015625,508.75
1780761163.9612515,15,94.46875,1154.75
1780761163.9612515,15,95.84375,1147.0
1780761163.9612515,15,97.171875,1132.5
1780761163.9612515,15,98.515625,1115.0
1780761163.9612515,15,99.890625,1110.75
1780761163.9612515,15,101.203125,1121.5
1780761163.9612515,15,102.515625,1135.0
1780761163.9612515,8,103.84375,1136.5
1780761163.9612515,15,105.171875,1139.25
1780761163.9612515,15,110.375,1261.0
1780761163.9612515,15,122.5,1176.25
1780761163.9612515,15,128.140625,523.25
1780761163.9612515,15,129.34375,522.25
1780761163.9612515,15,130.734375,521.5
1780761163.9612515,15,131.921875,522.0
1780761163.9612515,15,133.515625,523.0
1780761163.9612515,15,134.703125,523.25
1780761163.9612515,15,136.078125,524.5
1780761163.9612515,15,140.265625,941.75
1780761163.9612515,15,141.609375,936.75
1780761163.9612515,15,142.859375,942.75
1780761163.9612515,15,147.875,1178.5
1780761163.9612515,15,149.3125,1158.25
1780761163.9612515,15,150.609375,1141.75
1780761163.9612515,15,151.953125,1135.25
1780761163.9612515,15,153.375,1126.5
1780761163.9612515,15,154.71875,1106.0
1780761163.9612515,15,156.078125,1086.5
1780761163.9612515,15,162.109375,686.75
1780761163.9612515,15,163.546875,698.0
1780761163.9612515,15,164.765625,703.5
1780761163.9612515,15,166.140625,698.25
1780761163.9612515,15,167.59375,699.75
1780761163.9612515,15,168.90625,706.5
1780761163.9612515,15,170.3125,701.75
1780761163.9612515,15,171.59375,693.0
1780761163.9612515,15,172.96875,687.75
1780761163.9612515,15,174.203125,680.75
1780761163.9612515,15,175.546875,675.5
1780761163.9612515,15,176.953125,673.25
1780761163.9612515,15,178.28125,676.25
1780761163.9612515,15,179.671875,677.25
1780761163.9612515,15,181.0,675.75
1780761163.9612515,15,182.3125,679.5
1780761163.9612515,15,183.71875,679.75
1780761163.9612515,15,184.96875,674.5
1780761163.9612515,15,186.296875,674.75
1780761163.9612515,15,187.6875,680.5
1780761163.9612515,15,189.03125,681.25
1780761163.9612515,15,190.34375,678.25
1780761163.9612515,15,191.8125,680.75
1780761163.9612515,15,193.125,685.25
1780761163.9612515,15,194.390625,690.25
1780761163.9612515,15,195.796875,695.0
1780761163.9612515,15,197.125,698.25
1780761163.9612515,15,198.296875,700.75
1780761163.9612515,15,199.78125,708.25
1780761163.9612515,15,201.046875,714.5
1780761163.9612515,15,202.375,716.75
1780761163.9612515,15,203.6875,720.75
1780761163.9612515,15,205.015625,730.5
1780761163.9612515,15,206.265625,738.0
1780761163.9612515,15,207.671875,740.0
1780761163.9612515,15,208.984375,750.0
1780761163.9612515,15,210.1875,765.25
1780761163.9612515,15,211.5625,761.5
1780761163.9612515,15,213.03125,754.75
1780761163.9612515,15,214.296875,765.0
1780761163.9612515,15,225.265625,1718.75
1780761163.9612515,15,229.578125,1310.75
1780761163.9612515,15,230.9375,1307.75
1780761163.9612515,6,239.171875,1142.5
1780761163.9612515,15,240.515625,1142.5
1780761163.9612515,15,243.484375,900.0
1780761163.9612515,15,244.796875,908.0
1780761163.9612515,15,246.234375,906.75
1780761163.9612515,15,247.578125,895.5
1780761163.9612515,15,248.921875,886.5
1780761163.9612515,15,250.21875,879.0
1780761163.9612515,15,251.578125,871.75
1780761163.9612515,15,252.875,864.0
1780761163.9612515,15,254.28125,858.25
1780761163.9612515,15,255.6875,853.5
1780761163.9612515,15,256.90625,848.25
1780761163.9612515,15,258.40625,842.25
1780761163.9612515,15,259.65625,836.25
1780761163.9612515,15,261.015625,832.0
1780761163.9612515,15,262.453125,828.25
1780761163.9612515,15,263.640625,825.75
1780761163.9612515,15,265.015625,824.0
1780761163.9612515,15,266.453125,821.5
1780761163.9612515,15,267.734375,820.25
1780761163.9612515,15,269.078125,819.5
1780761163.9612515,15,270.4375,822.75
1780761163.9612515,15,271.703125,823.25
1780761163.9612515,15,273.125,819.75
1780761163.9612515,15,274.359375,821.5
1780761163.9612515,15,275.71875,822.25
1780761163.9612515,15,276.984375,823.25
1780761163.9612515,15,278.265625,826.0
1780761163.9612515,15,279.671875,829.0
1780761163.9612515,15,280.9375,831.25
1780761163.9612515,15,282.359375,835.25
1780761163.9612515,15,283.6875,840.75
1780761163.9612515,15,284.9375,846.5
1780761163.9612515,15,286.265625,852.25
1780761163.9612515,15,287.53125,856.5
1780761163.9612515,15,288.96875,860.75
1780761163.9612515,15,290.21875,868.25
1780761163.9612515,15,291.59375,876.25
1780761163.9612515,15,292.796875,883.25
1780761163.9612515,15,297.1875,714.0
1780761163.9612515,15,298.546875,722.0
1780761163.9612515,15,299.984375,730.25
1780761163.9612515,15,301.375,740.25
1780761163.9612515,15,302.796875,750.0
1780761163.9612515,15,304.09375,759.5
1780761163.9612515,15,305.390625,772.25
1780761163.9612515,15,310.25,1036.25
1780761163.9612515,15,311.5625,1057.25
1780761163.9612515,15,312.90625,1082.5
1780761163.9612515,15,314.1875,1109.75
1780761163.9612515,15,315.46875,1135.25
1780761163.9612515,15,316.84375,1145.75
1780761163.9612515,15,319.484375,1198.5
1780761163.9612515,15,320.765625,1226.5
1780761163.9612515,15,322.03125,1255.25
1780761163.9612515,15,324.703125,1319.75
1780761163.9612515,15,327.328125,1433.0
1780761163.9612515,15,337.6875,2274.25
1780761163.9612515,15,339.046875,2253.75
1780761163.9612515,10,340.40625,2247.25
1780761163.9612515,15,341.6875,2267.75
1780761163.9612515,15,343.03125,2294.25
1780761163.9612515,15,344.375,2294.25
1780761163.9612515,15,349.703125,2294.25
1780761164.0992596,15,351.03125,2294.25
1780761164.0992596,15,352.359375,2294.25
1780761164.0992596,15,5.75,2294.25
1780761164.0992596,15,7.09375,2294.25
1780761164.0992596,15,8.46875,2293.75
1780761164.0992596,15,9.78125,2293.75
1780761164.0992596,15,32.265625,850.5
1780761164.0992596,15,33.625,844.75
1780761164.0992596,15,34.875,838.75
1780761164.0992596,15,36.390625,832.75
1780761164.0992596,15,37.75,828.5
1780761164.0992596,15,39.140625,823.75
1780761164.0992596,15,40.4375,820.25
1780761164.0992596,15,41.84375,817.5
1780761164.0992596,15,43.15625,815.25
1780761164.0992596,15,44.609375,812.75
1780761164.0992596,15,45.953125,811.0
1780761164.0992596,15,54.390625,1639.75
1780761164.0992596,15,55.75,1610.0
1780761164.0992596,15,57.125,1581.0
1780761164.0992596,15,58.5,1559.75
1780761164.0992596,15,59.796875,1539.75
1780761164.0992596,6,61.109375,1529.75
1780761164.0992596,15,62.515625,1510.0
1780761164.0992596,15,63.84375,1475.75
1780761164.0992596,15,65.203125,1450.75
1780761164.0992596,15,66.546875,1434.5
1780761164.0992596,15,67.875,1419.0
1780761164.0992596,15,69.25,1410.25
1780761164.0992596,15,70.5625,1409.0
1780761164.0992596,15,71.96875,1394.25
1780761164.0992596,8,73.3125,1378.75
1780761164.0992596,7,74.671875,1374.25
1780761164.0992596,15,75.984375,1369.0
1780761164.0992596,15,77.3125,1363.5
1780761164.0992596,15,81.78125,510.5
1780761164.0992596,15,83.265625,506.75
1780761164.0992596,15,84.5,511.75
1780761164.0992596,15,93.515625,1150.5
1780761164.0992596,15,94.828125,1125.25
1780761164.0992596,15,96.140625,1119.25
1780761164.0992596,15,97.546875,1119.5
1780761164.0992596,15,98.796875,1116.75
1780761164.0992596,15,100.171875,1123.0
1780761164.0992596,15,101.453125,1128.5
1780761164.0992596,15,102.84375,1136.25
1780761164.0992596,15,106.703125,1207.25
1780761164.0992596,15,118.9375,1146.75
1780761164.0992596,15,120.265625,1147.25
1780761164.0992596,15,124.53125,502.0
1780761164.0992596,15,125.9375,500.5
1780761164.0992596,15,127.40625,499.0
1780761164.0992596,15,128.609375,498.0
1780761164.0992596,15,129.890625,497.5
1780761164.0992596,15,131.28125,497.75
1780761164.0992596,15,132.46875,498.75
1780761164.0992596,15,134.0,503.25
1780761164.0992596,15,136.5,941.5
1780761164.0992596,15,137.9375,928.0
1780761164.0992596,15,139.1875,917.5
1780761164.0992596,15,140.59375,914.5
1780761164.0992596,15,141.953125,921.25
1780761164.0992596,8,146.921875,1147.0
1780761164.0992596,15,148.25,1135.75
1780761164.0992596,15,149.6875,1125.75
1780761164.0992596,15,151.046875,1103.75
1780761164.0992596,10,152.40625,1082.5
1780761164.0992596,11,153.75,1070.75
1780761164.0992596,15,155.046875,1060.5
1780761164.0992596,15,159.90625,650.75
1780761164.0992596,15,161.296875,649.0
1780761164.0992596,15,163.96875,669.0
1780761164.0992596,15,165.296875,662.0
1780761164.0992596,15,166.640625,665.5
1780761164.0992596,15,167.875,675.0
1780761164.0992596,15,169.3125,670.0
1780761164.0992596,15,170.59375,661.25
1780761164.0992596,15,171.953125,667.0
1780761164.0992596,15,174.640625,638.0
1780761164.0992596,15,175.9375,631.75
1780761164.0992596,15,177.28125,632.5
1780761164.0992596,15,178.59375,634.75
1780761164.0992596,15,180.078125,636.25
1780761164.0992596,15,181.4375,636.25
1780761164.0992596,15,182.78125,638.25
1780761164.0992596,15,184.1875,638.0
1780761164.0992596,15,185.59375,630.0
1780761164.0992596,15,186.703125,631.0
1780761164.0992596,15,188.0625,640.75
1780761164.0992596,15,189.375,641.0
1780761164.0992596,15,190.71875,640.25
1780761164.0992596,15,192.234375,642.25
1780761164.0992596,15,193.40625,645.25
1780761164.0992596,15,194.765625,649.25
1780761164.0992596,15,196.0625,652.0
1780761164.0992596,15,197.46875,659.0
1780761164.0992596,15,198.828125,668.0
1780761164.0992596,15,200.125,673.0
1780761164.0992596,15,201.421875,676.25
1780761164.0992596,15,202.71875,681.5
1780761164.0992596,15,204.0625,687.75
1780761164.0992596,15,205.390625,694.25
1780761164.0992596,15,206.625,701.0
1780761164.0992596,15,208.109375,704.0
1780761164.0992596,15,209.453125,703.25
1780761164.0992596,15,211.96875,740.0
1780761164.0992596,15,214.734375,725.5
1780761164.0992596,15,215.921875,737.75
1780761164.0992596,15,224.234375,1767.0
1780761164.0992596,7,225.640625,1736.25
1780761164.0992596,15,231.28125,1268.75
1780761164.0992596,15,240.921875,1115.75
1780761164.0992596,15,243.546875,1130.75
1780761164.0992596,15,249.3125,886.0
1780761164.0992596,15,250.609375,878.25
1780761164.0992596,15,251.9375,871.5
1780761164.0992596,15,253.234375,865.25
1780761164.0992596,15,254.625,858.5
1780761164.0992596,15,255.953125,852.25
1780761164.0992596,15,257.390625,847.75
1780761164.0992596,15,258.625,843.5
1780761164.0992596,15,260.03125,838.0
1780761164.0992596,15,261.390625,833.5
1780761164.0992596,15,262.78125,829.5
1780761164.0992596,15,264.1875,826.0
1780761164.0992596,15,265.4375,824.0
1780761164.0992596,15,266.734375,821.5
1780761164.0992596,15,268.15625,819.75
1780761164.0992596,15,269.453125,820.25
1780761164.0992596,15,270.8125,819.25
1780761164.0992596,15,272.203125,818.25
1780761164.0992596,15,273.421875,820.0
1780761164.0992596,15,274.765625,822.5
1780761164.0992596,15,276.046875,823.75
1780761164.0992596,15,277.421875,825.0
1780761164.0992596,15,278.65625,827.0
1780761164.0992596,15,280.109375,832.0
1780761164.0992596,15,281.390625,836.5
1780761164.0992596,15,282.625,840.25
1780761164.0992596,15,284.09375,844.75
1780761164.0992596,15,285.296875,849.5
1780761164.0992596,15,286.625,855.0
1780761164.0992596,15,288.0,859.75
1780761164.0992596,15,289.375,865.0
1780761164.0992596,15,290.703125,872.25
1780761164.0992596,15,291.96875,880.25
1780761164.0992596,15,293.328125,887.75
1780761164.0992596,15,294.578125,896.0
1780761164.0992596,15,295.9375,906.0
1780761164.0992596,15,298.953125,740.0
1780761164.0992596,15,300.40625,737.5
1780761164.0992596,15,301.8125,746.25
1780761164.0992596,15,303.046875,754.25
1780761164.0992596,15,304.390625,765.75
1780761164.0992596,15,305.78125,777.25
1780761164.0992596,15,307.015625,790.0
1780761164.0992596,15,308.375,805.75
1780761164.0992596,15,310.65625,1040.5
1780761164.0992596,8,311.984375,1062.75
1780761164.0992596,15,313.296875,1084.5
1780761164.0992596,15,315.859375,1137.0
1780761164.0992596,9,317.15625,1160.5
1780761164.0992596,15,318.578125,1186.75
1780761164.0992596,15,321.125,1247.75
1780761164.0992596,15,323.75,1326.0
1780761164.0992596,15,325.125,1328.5
1780761164.0992596,15,327.734375,1434.75
1780761164.0992596,15,339.4375,2274.25
1780761164.0992596,15,340.765625,2254.0
1780761164.0992596,15,342.09375,2274.0
1780761164.0992596,15,343.4375,2294.25
1780761164.2363467,15,351.40625,2299.25
1780761164.2363467,15,352.765625,2301.0
1780761164.2363467,15,6.140625,2296.0
1780761164.2363467,15,7.453125,2294.25
1780761164.2363467,15,8.78125,2297.25
1780761164.2363467,15,31.15625,882.0
1780761164.2363467,15,32.5,875.25
1780761164.2363467,15,33.859375,868.75
1780761164.2363467,15,35.171875,865.0
1780761164.2363467,15,36.578125,859.5
1780761164.2363467,15,37.96875,854.5
1780761164.2363467,15,39.34375,851.25
1780761164.2363467,15,40.578125,846.75
1780761164.2363467,15,41.921875,842.0
1780761164.2363467,15,43.328125,839.75
1780761164.2363467,15,54.546875,1630.5
1780761164.2363467,15,55.859375,1600.75
1780761164.2363467,15,57.21875,1580.5
1780761164.2363467,15,58.546875,1559.75
1780761164.2363467,15,59.953125,1539.75
1780761164.2363467,15,61.296875,1529.25
1780761164.2363467,15,64.03125,1469.5
1780761164.2363467,15,65.359375,1450.0
1780761164.2363467,6,66.78125,1433.5
1780761164.2363467,15,68.0625,1425.75
1780761164.2363467,15,69.40625,1417.75
1780761164.2363467,15,70.75,1397.75
1780761164.2363467,15,72.140625,1382.75
1780761164.2363467,8,73.4375,1378.25
1780761164.2363467,15,77.8125,516.75
1780761164.2363467,15,79.4375,514.0
1780761164.2363467,15,80.59375,519.5
1780761164.2363467,15,84.140625,1337.75
1780761164.2363467,15,91.03125,1146.25
1780761164.2363467,15,92.34375,1130.5
1780761164.2363467,15,93.71875,1115.25
1780761164.2363467,15,95.03125,1110.0
1780761164.2363467,15,96.421875,1105.5
1780761164.2363467,15,97.765625,1110.25
1780761164.2363467,15,99.015625,1116.0
1780761164.2363467,15,100.34375,1117.0
1780761164.2363467,15,101.734375,1131.25
1780761164.2363467,15,104.359375,1187.75
1780761164.2363467,15,106.9375,1255.5
1780761164.2363467,15,116.375,1160.75
1780761164.2363467,15,120.984375,483.5
1780761164.2363467,15,122.0625,481.25
1780761164.2363467,15,123.421875,479.0
1780761164.2363467,15,124.953125,476.75
1780761164.2363467,15,126.28125,475.75
1780761164.2363467,15,127.515625,475.5
1780761164.2363467,15,129.0,475.25
1780761164.2363467,15,130.359375,474.75
1780761164.2363467,15,134.125,927.75
1780761164.2363467,8,135.390625,917.0
1780761164.2363467,15,136.796875,901.0
1780761164.2363467,15,138.1875,889.0
1780761164.2363467,15,139.515625,888.75
1780761164.2363467,8,140.71875,900.0
1780761164.2363467,15,145.78125,1137.75
1780761164.2363467,8,148.515625,1084.75
1780761164.2363467,15,149.859375,1071.25
1780761164.2363467,15,151.203125,1054.0
1780761164.2363467,15,152.65625,1038.0
1780761164.2363467,15,153.953125,1027.0
1780761164.2363467,15,158.875,612.25
1780761164.2363467,15,160.390625,611.25
1780761164.2363467,15,161.46875,620.5
1780761164.2363467,15,162.890625,628.75
1780761164.2363467,15,164.265625,626.5
1780761164.2363467,15,165.578125,624.0
1780761164.2363467,15,166.9375,624.75
1780761164.2363467,15,168.34375,623.75
1780761164.2363467,15,169.6875,620.75
1780761164.2363467,15,171.015625,613.75
1780761164.2363467,15,172.40625,606.75
1780761164.2363467,15,173.703125,603.5
1780761164.2363467,15,174.984375,601.0
1780761164.2363467,15,176.359375,596.75
1780761164.2363467,15,177.71875,595.0
1780761164.2363467,15,179.125,593.5
1780761164.2363467,15,180.40625,593.75
1780761164.2363467,15,181.828125,596.5
1780761164.2363467,15,183.0,599.0
1780761164.2363467,15,184.40625,598.0
1780761164.2363467,15,185.890625,595.5
1780761164.2363467,15,187.125,595.75
1780761164.2363467,15,188.515625,595.0
1780761164.2363467,15,189.671875,596.25
1780761164.2363467,15,191.0625,599.5
1780761164.2363467,15,192.4375,602.25
1780761164.2363467,15,193.71875,604.25
1780761164.2363467,15,195.1875,606.25
1780761164.2363467,15,196.3125,610.5
1780761164.2363467,15,197.6875,620.5
1780761164.2363467,15,198.96875,626.75
1780761164.2363467,15,200.296875,628.5
1780761164.2363467,15,201.640625,635.25
1780761164.2363467,15,203.09375,640.25
1780761164.2363467,15,204.3125,644.5
1780761164.2363467,15,205.703125,649.5
1780761164.2363467,15,206.953125,656.25
1780761164.2363467,15,208.28125,666.25
1780761164.2363467,15,209.6875,670.75
1780761164.2363467,15,210.96875,671.75
1780761164.2363467,15,212.125,685.0
1780761164.2363467,15,213.578125,702.25
1780761164.2363467,15,214.859375,698.75
1780761164.2363467,15,216.125,692.75
1780761164.2363467,15,217.46875,702.25
1780761164.2363467,15,224.3125,1732.0
1780761164.2363467,15,227.03125,1671.0
1780761164.2363467,15,232.65625,1242.75
1780761164.2363467,15,239.3125,1333.0
1780761164.2363467,15,243.578125,1100.75
1780761164.2363467,15,244.8125,1117.5
1780761164.2363467,15,247.890625,861.5
1780761164.2363467,15,249.265625,873.75
1780761164.2363467,15,250.578125,878.75
1780761164.2363467,15,251.84375,871.5
1780761164.2363467,15,253.234375,865.0
1780761164.2363467,15,254.625,858.5
1780761164.2363467,15,255.859375,853.25
1780761164.2363467,15,257.25,848.5
1780761164.2363467,15,258.671875,842.5
1780761164.2363467,15,259.9375,837.25
1780761164.2363467,15,261.3125,833.25
1780761164.2363467,15,262.6875,828.75
1780761164.2363467,15,263.953125,825.75
1780761164.2363467,15,265.28125,824.75
1780761164.2363467,15,266.765625,822.25
1780761164.2363467,15,267.984375,820.25
1780761164.2363467,15,269.390625,820.5
1780761164.2363467,15,270.671875,819.5
1780761164.2363467,15,272.09375,818.75
1780761164.2363467,15,273.4375,819.25
1780761164.2363467,15,274.625,820.25
1780761164.2363467,15,276.03125,822.25
1780761164.2363467,15,277.296875,824.75
1780761164.2363467,15,278.640625,827.0
1780761164.2363467,15,280.0,831.75
1780761164.2363467,15,281.328125,835.25
1780761164.2363467,15,282.671875,838.75
1780761164.2363467,15,284.015625,844.25
1780761164.2363467,15,285.328125,849.25
1780761164.2363467,15,286.578125,854.5
1780761164.2363467,15,287.984375,858.75
1780761164.2363467,15,289.328125,864.25
1780761164.2363467,15,290.546875,871.75
1780761164.2363467,15,291.90625,879.5
1780761164.2363467,15,293.25,887.0
1780761164.2363467,15,294.53125,895.25
1780761164.2363467,15,295.84375,903.0
1780761164.2363467,15,297.15625,909.0
1780761164.2363467,15,298.5625,919.25
1780761164.2363467,15,301.5625,759.0
1780761164.2363467,15,302.875,755.0
1780761164.2363467,15,304.25,765.25
1780761164.2363467,15,305.5,775.0
1780761164.2363467,15,306.796875,787.0
1780761164.2363467,15,308.125,800.75
1780761164.2363467,15,309.546875,815.75
1780761164.2363467,6,310.8125,833.25
1780761164.2363467,15,313.046875,1083.25
1780761164.2363467,15,315.65625,1136.5
1780761164.2363467,15,316.96875,1147.5
1780761164.2363467,15,319.609375,1203.75
1780761164.2363467,15,320.875,1227.0
1780761164.2363467,15,322.25,1255.5
1780761164.2363467,15,324.859375,1327.0
1780761164.2363467,15,327.421875,1433.5
1780761164.2363467,15,339.03125,2294.25
1780761164.2363467,15,340.390625,2275.25
1780761164.2363467,15,341.703125,2275.25
1780761164.2363467,15,344.390625,2295.0
1780761164.3742762,15,5.734375,2296.25
1780761164.3742762,15,29.46875,918.0
1780761164.3742762,15,30.8125,910.0
1780761164.3742762,15,32.203125,901.75
1780761164.3742762,15,33.5625,895.5
1780761164.3742762,15,34.90625,889.75
1780761164.3742762,15,36.234375,884.25
1780761164.3742762,15,37.546875,879.25
1780761164.3742762,15,39.0,875.75
1780761164.3742762,15,40.328125,871.5
1780761164.3742762,15,41.59375,867.5
1780761164.3742762,15,54.25,1640.0
1780761164.3742762,15,55.609375,1610.0
1780761164.3742762,15,56.953125,1581.0
1780761164.3742762,6,58.28125,1569.0
1780761164.3742762,15,59.671875,1548.75
1780761164.3742762,15,62.359375,1464.5
1780761164.3742762,15,63.671875,1471.25
1780761164.3742762,15,65.03125,1450.75
1780761164.3742762,15,66.375,1435.0
1780761164.3742762,15,67.765625,1419.75
1780761164.3742762,15,69.0625,1410.25
1780761164.3742762,15,70.375,1418.0
1780761164.3742762,15,74.953125,525.5
1780761164.3742762,15,76.171875,526.25
1780761164.3742762,15,79.84375,1344.75
1780761164.3742762,15,81.21875,1344.25
1780761164.3742762,15,82.53125,1337.75
1780761164.3742762,15,90.75,1130.75
1780761164.3742762,15,92.078125,1108.5
1780761164.3742762,15,93.421875,1104.25
1780761164.3742762,15,94.796875,1106.5
1780761164.3742762,15,96.15625,1106.75
1780761164.3742762,15,97.46875,1112.0
1780761164.3742762,15,98.78125,1121.75
1780761164.3742762,15,100.0625,1134.75
1780761164.3742762,15,102.71875,1159.25
1780761164.3742762,15,105.3125,1245.25
1780761164.3742762,15,116.578125,466.5
1780761164.3742762,15,118.09375,463.25
1780761164.3742762,15,119.578125,460.5
1780761164.3742762,15,120.84375,458.0
1780761164.3742762,15,122.078125,456.0
1780761164.3742762,15,123.3125,454.5
1780761164.3742762,15,124.671875,453.5
1780761164.3742762,15,126.1875,453.0
1780761164.3742762,15,127.421875,457.25
1780761164.3742762,11,131.15625,928.0
1780761164.3742762,15,132.421875,908.25
1780761164.3742762,15,133.859375,887.25
1780761164.3742762,15,135.15625,870.75
1780761164.3742762,15,136.453125,861.75
1780761164.3742762,15,137.859375,861.5
1780761164.3742762,15,139.109375,868.0
1780761164.3742762,15,144.1875,1104.5
1780761164.3742762,15,145.546875,1080.0
1780761164.3742762,15,146.890625,1057.25
1780761164.3742762,15,148.265625,1040.0
1780761164.3742762,15,149.640625,1028.0
1780761164.3742762,15,150.984375,1013.75
1780761164.3742762,15,152.3125,1003.25
1780761164.3742762,15,157.40625,578.5
1780761164.3742762,15,158.640625,576.0
1780761164.3742762,15,159.890625,584.25
1780761164.3742762,15,161.375,593.5
1780761164.3742762,15,162.765625,591.75
1780761164.3742762,15,163.921875,584.75
1780761164.3742762,15,165.4375,587.5
1780761164.3742762,15,166.65625,593.0
1780761164.3742762,15,168.15625,589.25
1780761164.3742762,15,169.453125,583.0
1780761164.3742762,15,170.75,582.0
1780761164.3742762,15,173.5625,562.5
1780761164.3742762,15,174.75,560.25
1780761164.3742762,15,176.28125,556.25
1780761164.3742762,15,177.390625,558.0
1780761164.3742762,15,178.859375,557.75
1780761164.3742762,15,180.078125,555.5
1780761164.3742762,15,181.671875,556.25
1780761164.3742762,15,182.921875,560.5
1780761164.3742762,15,184.328125,560.75
1780761164.3742762,15,185.609375,557.5
1780761164.3742762,15,186.90625,562.5
1780761164.3742762,15,188.296875,566.75
1780761164.3742762,15,189.5,566.0
1780761164.3742762,15,190.9375,563.5
1780761164.3742762,15,192.234375,560.75
1780761164.3742762,15,193.59375,563.5
1780761164.3742762,15,194.796875,569.25
1780761164.3742762,15,196.3125,573.25
1780761164.3742762,15,197.40625,574.5
1780761164.3742762,15,200.078125,592.0
1780761164.3742762,15,201.5,590.5
1780761164.3742762,15,202.75,597.5
1780761164.3742762,15,204.046875,602.75
1780761164.3742762,15,205.421875,607.0
1780761164.3742762,15,206.6875,612.75
1780761164.3742762,15,207.96875,617.0
1780761164.3742762,15,209.453125,624.75
1780761164.3742762,15,210.71875,630.25
1780761164.3742762,15,211.984375,631.75
1780761164.3742762,15,213.375,642.75
1780761164.3742762,15,214.6875,661.0
1780761164.3742762,15,215.859375,665.75
1780761164.3742762,15,217.28125,657.5
1780761164.3742762,15,218.6875,659.5
1780761164.3742762,15,233.5625,1213.0
1780761164.3742762,15,234.9375,1219.75
1780761164.3742762,15,240.1875,1326.25
1780761164.3742762,7,244.40625,1092.0
1780761164.3742762,15,250.078125,847.0
1780761164.3742762,15,251.484375,862.0
1780761164.3742762,15,252.828125,869.25
1780761164.3742762,15,254.21875,862.5
1780761164.3742762,15,255.5,856.0
1780761164.3742762,15,256.90625,849.25
1780761164.3742762,15,258.28125,843.25
1780761164.3742762,15,259.671875,837.0
1780761164.3742762,15,261.0,833.75
1780761164.3742762,15,262.359375,831.25
1780761164.3742762,15,263.6875,827.25
1780761164.3742762,15,265.046875,823.5
1780761164.3742762,15,266.296875,821.0
1780761164.3742762,15,267.6875,820.25
1780761164.3742762,15,269.03125,819.5
1780761164.3742762,15,270.40625,818.5
1780761164.3742762,15,271.625,819.0
1780761164.3742762,15,272.953125,819.75
1780761164.3742762,15,274.421875,820.5
1780761164.3742762,15,275.734375,821.5
1780761164.3742762,15,277.0625,823.25
1780761164.3742762,15,278.390625,829.5
1780761164.3742762,15,279.734375,832.5
1780761164.3742762,15,281.015625,833.25
1780761164.3742762,15,282.375,837.25
1780761164.3742762,15,283.75,841.75
1780761164.3742762,15,285.046875,847.5
1780761164.3742762,15,286.359375,852.5
1780761164.3742762,15,287.671875,857.0
1780761164.3742762,15,289.046875,863.0
1780761164.3742762,15,290.296875,870.5
1780761164.3742762,15,291.671875,877.0
1780761164.3742762,15,293.03125,883.75
1780761164.3742762,15,294.28125,892.5
1780761164.3742762,15,295.671875,902.25
1780761164.3742762,15,296.921875,913.5
1780761164.3742762,15,298.21875,923.0
1780761164.3742762,15,299.546875,931.5
1780761164.3742762,15,300.875,941.25
1780761164.3742762,15,303.953125,780.5
1780761164.3742762,15,305.28125,776.75
1780761164.3742762,15,306.484375,787.75
1780761164.3742762,15,307.921875,799.25
1780761164.3742762,15,309.171875,812.75
1780761164.3742762,15,310.515625,827.25
1780761164.3742762,15,311.8125,845.0
1780761164.3742762,15,316.703125,1150.5
1780761164.3742762,15,317.953125,1172.0
1780761164.3742762,15,319.296875,1198.25
1780761164.3742762,15,320.640625,1226.0
1780761164.3742762,15,321.875,1255.5
1780761164.3742762,15,324.625,1320.0
1780761164.3742762,15,327.234375,1433.25
1780761164.3742762,15,340.234375,2294.25
1780761164.3742762,15,341.578125,2294.25
1780761164.5115151,15,29.40625,940.25
1780761164.5115151,15,30.671875,933.25
1780761164.5115151,15,32.03125,927.25
1780761164.5115151,15,33.390625,921.0
1780761164.5115151,15,34.8125,916.5
1780761164.5115151,15,36.1875,910.75
1780761164.5115151,15,37.46875,904.75
1780761164.5115151,15,38.828125,900.75
1780761164.5115151,15,40.234375,897.5
1780761164.5115151,15,54.265625,1639.75
1780761164.5115151,15,55.609375,1610.0
1780761164.5115151,15,56.96875,1581.0
1780761164.5115151,15,58.375,1560.0
1780761164.5115151,15,59.734375,1539.75
1780761164.5115151,15,61.03125,1529.0
1780761164.5115151,15,62.4375,1509.5
1780761164.5115151,15,63.828125,1475.5
1780761164.5115151,15,65.125,1450.75
1780761164.5115151,15,66.46875,1434.75
1780761164.5115151,15,70.796875,536.0
1780761164.5115151,15,72.1875,536.25
1780761164.5115151,15,75.953125,1364.25
1780761164.5115151,15,77.328125,1363.0
1780761164.5115151,15,78.625,1357.0
1780761164.5115151,15,80.015625,1349.5
1780761164.5115151,15,81.375,1344.25
1780761164.5115151,15,88.28125,1131.0
1780761164.5115151,15,89.6875,1110.5
1780761164.5115151,15,90.984375,1104.0
1780761164.5115151,15,92.28125,1101.0
1780761164.5115151,15,93.703125,1103.5
1780761164.5115151,15,94.953125,1111.5
1780761164.5115151,15,96.34375,1109.75
1780761164.5115151,7,97.640625,1114.5
1780761164.5115151,15,98.984375,1133.0
1780761164.5115151,15,100.265625,1152.75
1780761164.5115151,15,101.671875,1177.25
1780761164.5115151,15,113.140625,449.75
1780761164.5115151,15,114.1875,446.5
1780761164.5115151,15,115.9375,443.5
1780761164.5115151,15,117.09375,440.5
1780761164.5115151,15,118.625,437.5
1780761164.5115151,15,119.796875,435.25
1780761164.5115151,15,121.265625,433.5
1780761164.5115151,13,131.546875,871.25
1780761164.5115151,15,132.75,850.75
1780761164.5115151,15,134.234375,835.5
1780761164.5115151,15,135.46875,830.75
1780761164.5115151,15,136.796875,836.5
1780761164.5115151,13,138.0625,848.25
1780761164.5115151,15,143.09375,1065.75
1780761164.5115151,15,144.453125,1047.25
1780761164.5115151,15,145.8125,1030.75
1780761164.5115151,15,147.21875,1014.25
1780761164.5115151,15,148.546875,999.5
1780761164.5115151,15,149.84375,986.75
1780761164.5115151,15,151.25,973.25
1780761164.5115151,15,156.421875,540.0
1780761164.5115151,15,157.9375,543.0
1780761164.5115151,15,159.015625,552.5
1780761164.5115151,15,160.546875,556.75
1780761164.5115151,15,161.921875,553.0
1780761164.5115151,15,163.234375,546.25
1780761164.5115151,15,164.5625,542.75
1780761164.5115151,15,165.734375,546.5
1780761164.5115151,15,167.03125,547.5
1780761164.5115151,15,168.53125,541.75
1780761164.5115151,15,169.78125,541.75
1780761164.5115151,15,172.59375,518.75
1780761164.5115151,15,173.96875,514.25
1780761164.5115151,15,175.203125,515.0
1780761164.5115151,15,176.8125,515.25
1780761164.5115151,15,178.15625,515.25
1780761164.5115151,15,179.3125,517.0
1780761164.5115151,15,180.59375,518.0
1780761164.5115151,15,182.078125,518.0
1780761164.5115151,15,183.4375,520.75
1780761164.5115151,15,184.75,520.0
1780761164.5115151,15,186.015625,515.75
1780761164.5115151,15,187.46875,518.75
1780761164.5115151,15,188.703125,524.0
1780761164.5115151,15,189.953125,524.25
1780761164.5115151,15,191.28125,522.0
1780761164.5115151,15,192.765625,519.5
1780761164.5115151,15,194.046875,520.5
1780761164.5115151,15,195.453125,524.75
1780761164.5115151,15,196.8125,527.5
1780761164.5115151,15,198.03125,531.75
1780761164.5115151,15,199.25,535.5
1780761164.5115151,15,200.5,541.5
1780761164.5115151,15,201.828125,549.0
1780761164.5115151,15,203.171875,555.5
1780761164.5115151,15,204.640625,561.75
1780761164.5115151,15,205.890625,567.25
1780761164.5115151,15,207.0625,572.5
1780761164.5115151,15,208.484375,576.0
1780761164.5115151,15,209.75,581.75
1780761164.5115151,15,210.953125,590.0
1780761164.5115151,15,212.3125,594.0
1780761164.5115151,15,213.6875,598.75
1780761164.5115151,15,215.015625,610.75
1780761164.5115151,15,216.296875,619.5
1780761164.5115151,15,217.5,626.75
1780761164.5115151,15,218.875,625.5
1780761164.5115151,15,220.125,623.0
1780761164.5115151,15,228.171875,1596.25
1780761164.5115151,15,229.53125,1592.75
1780761164.5115151,15,233.84375,1192.75
1780761164.5115151,15,235.171875,1193.25
1780761164.5115151,15,240.375,1325.75
1780761164.5115151,15,241.71875,1325.75
1780761164.5115151,15,243.09375,1320.0
1780761164.5115151,15,247.3125,1083.25
1780761164.5115151,15,248.640625,1089.0
1780761164.5115151,15,250.015625,1079.5
1780761164.5115151,15,255.75,846.5
1780761164.5115151,15,257.15625,849.75
1780761164.5115151,15,258.421875,844.0
1780761164.5115151,15,259.8125,837.75
1780761164.5115151,15,261.234375,833.5
1780761164.5115151,15,262.46875,829.25
1780761164.5115151,15,263.90625,826.25
1780761164.5115151,15,265.265625,825.0
1780761164.5115151,15,266.515625,823.75
1780761164.5115151,15,267.84375,821.75
1780761164.5115151,15,269.3125,819.75
1780761164.5115151,15,270.5625,819.5
1780761164.5115151,15,271.859375,819.5
1780761164.5115151,15,273.328125,819.75
1780761164.5115151,15,274.546875,820.5
1780761164.5115151,15,275.84375,821.25
1780761164.5115151,15,277.15625,823.75
1780761164.5115151,15,278.65625,826.5
1780761164.5115151,15,279.890625,829.25
1780761164.5115151,15,281.25,833.25
1780761164.5115151,15,282.484375,839.5
1780761164.5115151,15,283.828125,844.75
1780761164.5115151,15,285.140625,850.25
1780761164.5115151,15,286.515625,856.25
1780761164.5115151,15,287.875,859.5
1780761164.5115151,15,289.234375,864.25
1780761164.5115151,15,290.546875,871.75
1780761164.5115151,15,291.78125,879.0
1780761164.5115151,15,293.109375,886.5
1780761164.5115151,15,294.5,895.0
1780761164.5115151,15,295.8125,904.0
1780761164.5115151,15,297.078125,913.25
1780761164.5115151,15,298.453125,921.25
1780761164.5115151,15,299.859375,931.0
1780761164.5115151,13,301.09375,944.5
1780761164.5115151,15,302.40625,956.0
1780761164.5115151,15,306.8125,797.75
1780761164.5115151,15,308.03125,802.0
1780761164.5115151,15,309.328125,815.5
1780761164.5115151,15,310.640625,831.25
1780761164.5115151,15,312.0,848.0
1780761164.5115151,15,313.390625,863.75
1780761164.5115151,15,319.5,1214.0
1780761164.5115151,15,320.828125,1237.25
1780761164.5115151,15,322.125,1255.5
1780761164.5115151,15,327.46875,1433.75
1780761164.5115151,15,340.484375,2294.25
1780761164.5115151,15,341.8125,2294.25
1780761164.6493049,15,26.96875,976.25
1780761164.6493049,15,28.390625,971.25
1780761164.6493049,15,29.78125,965.0
1780761164.6493049,10,31.015625,955.75
1780761164.6493049,15,32.453125,947.0
1780761164.6493049,15,33.71875,941.0
1780761164.6493049,15,35.0625,934.25
1780761164.6493049,15,36.484375,930.25
1780761164.6493049,15,37.8125,926.75
1780761164.6493049,15,39.15625,921.0
1780761164.6493049,15,54.625,1639.75
1780761164.6493049,15,56.0,1609.75
1780761164.6493049,15,57.359375,1580.25
1780761164.6493049,15,58.71875,1559.5
1780761164.6493049,6,60.0625,1539.5
1780761164.6493049,15,67.28125,548.5
1780761164.6493049,15,68.609375,546.25
1780761164.6493049,15,69.734375,558.25
1780761164.6493049,8,73.640625,1376.75
1780761164.6493049,15,74.9375,1368.0
1780761164.6493049,15,76.3125,1360.25
1780761164.6493049,15,77.671875,1359.0
1780761164.6493049,15,79.046875,1351.75
1780761164.6493049,15,83.0625,1338.25
1780761164.6493049,15,88.59375,1106.25
1780761164.6493049,15,89.96875,1100.5
1780761164.6493049,15,91.328125,1101.5
1780761164.6493049,15,92.640625,1108.0
1780761164.6493049,15,93.90625,1110.0
1780761164.6493049,15,95.328125,1116.0
1780761164.6493049,15,96.65625,1125.5
1780761164.6493049,13,99.203125,1164.75
1780761164.6493049,15,101.90625,1217.0
1780761164.6493049,15,108.171875,441.0
1780761164.6493049,15,109.640625,435.25
1780761164.6493049,15,110.890625,430.25
1780761164.6493049,15,112.328125,426.5
1780761164.6493049,15,113.609375,422.75
1780761164.6493049,15,114.984375,419.5
1780761164.6493049,15,116.0625,417.5
1780761164.6493049,15,117.578125,415.75
1780761164.6493049,15,129.203125,852.75
1780761164.6493049,15,130.53125,833.5
1780761164.6493049,15,131.890625,816.25
1780761164.6493049,15,133.171875,808.0
1780761164.6493049,15,134.5625,808.75
1780761164.6493049,15,135.828125,815.75
1780761164.6493049,15,137.125,829.5
1780761164.6493049,15,142.203125,1033.5
1780761164.6493049,11,143.484375,1016.25
1780761164.6493049,15,144.921875,1000.5
1780761164.6493049,15,146.234375,986.0
1780761164.6493049,15,147.546875,972.25
1780761164.6493049,15,148.90625,957.5
1780761164.6493049,15,154.375,505.5
1780761164.6493049,15,155.59375,504.75
1780761164.6493049,15,157.015625,511.5
1780761164.6493049,15,158.390625,518.25
1780761164.6493049,15,159.84375,518.5
1780761164.6493049,15,161.109375,513.75
1780761164.6493049,15,162.390625,510.5
1780761164.6493049,15,163.96875,511.5
1780761164.6493049,15,165.0,518.25
1780761164.6493049,15,167.84375,505.25
1780761164.6493049,15,169.265625,504.25
1780761164.6493049,15,170.78125,499.0
1780761164.6493049,15,172.140625,488.25
1780761164.6493049,15,173.578125,481.25
1780761164.6493049,15,174.703125,479.25
1780761164.6493049,15,176.03125,479.0
1780761164.6493049,15,177.328125,479.75
1780761164.6493049,15,178.78125,479.5
1780761164.6493049,15,180.109375,479.0
1780761164.6493049,15,181.28125,482.25
1780761164.6493049,15,182.90625,481.75
1780761164.6493049,15,183.953125,482.5
1780761164.6493049,15,185.421875,483.25
1780761164.6493049,15,186.953125,479.75
1780761164.6493049,15,188.21875,483.75
1780761164.6493049,15,189.578125,489.25
1780761164.6493049,15,190.625,490.5
1780761164.6493049,15,192.203125,487.5
1780761164.6493049,15,193.328125,484.25
1780761164.6493049,15,194.953125,486.75
1780761164.6493049,15,196.0,492.0
1780761164.6493049,15,197.25,497.5
1780761164.6493049,15,198.703125,501.5
1780761164.6493049,15,200.21875,500.75
1780761164.6493049,15,201.28125,502.25
1780761164.6493049,15,202.828125,507.75
1780761164.6493049,15,204.0625,513.5
1780761164.6493049,15,205.1875,520.0
1780761164.6493049,15,206.609375,526.5
1780761164.6493049,15,207.671875,532.75
1780761164.6493049,15,209.046875,538.0
1780761164.6493049,15,210.546875,542.0
1780761164.6493049,15,211.796875,548.5
1780761164.6493049,15,212.953125,557.75
1780761164.6493049,15,214.265625,565.0
1780761164.6493049,15,215.609375,566.5
1780761164.6493049,15,218.234375,593.5
1780761164.6493049,15,219.515625,608.75
1780761164.6493049,15,222.078125,591.75
1780761164.6493049,15,230.015625,1581.5
1780761164.6493049,15,235.703125,1175.75
1780761164.6493049,15,237.046875,1176.5
1780761164.6493049,15,243.640625,1268.0
1780761164.6493049,15,244.96875,1268.0
1780761164.6493049,15,247.875,1055.75
1780761164.6493049,15,250.5625,1060.5
1780761164.6493049,15,258.953125,843.0
1780761164.6493049,15,260.375,837.0
1780761164.6493049,15,261.65625,832.0
1780761164.6493049,15,263.015625,829.75
1780761164.6493049,15,264.40625,826.75
1780761164.6493049,15,265.78125,823.75
1780761164.6493049,15,267.09375,821.75
1780761164.6493049,15,268.4375,820.25
1780761164.6493049,15,269.703125,820.0
1780761164.6493049,15,271.109375,819.5
1780761164.6493049,15,272.4375,819.75
1780761164.6493049,15,273.6875,820.75
1780761164.6493049,15,275.0625,821.25
1780761164.6493049,15,276.375,822.25
1780761164.6493049,15,277.65625,823.75
1780761164.6493049,15,279.0,825.25
1780761164.6493049,15,280.34375,829.75
1780761164.6493049,15,281.5625,835.25
1780761164.6493049,15,282.9375,839.25
1780761164.6493049,15,284.234375,844.5
1780761164.6493049,15,285.578125,850.25
1780761164.6493049,15,286.9375,855.5
1780761164.6493049,15,288.21875,859.25
1780761164.6493049,15,289.515625,865.5
1780761164.6493049,15,290.890625,874.0
1780761164.6493049,15,292.125,880.75
1780761164.6493049,15,293.453125,887.5
1780761164.6493049,15,294.8125,896.0
1780761164.6493049,15,296.140625,905.5
1780761164.6493049,15,297.4375,916.0
1780761164.6493049,15,298.78125,925.0
1780761164.6493049,15,300.125,934.0
1780761164.6493049,15,301.5,946.5
1780761164.6493049,15,302.828125,957.75
1780761164.6493049,15,304.0625,968.25
1780761164.6493049,15,305.359375,984.0
1780761164.6493049,15,308.359375,824.5
1780761164.6493049,15,309.640625,822.0
1780761164.6493049,15,310.921875,837.0
1780761164.6493049,15,312.359375,851.5
1780761164.6493049,15,313.65625,869.0
1780761164.6493049,15,314.9375,888.0
1780761164.6493049,15,319.78125,1219.25
1780761164.6493049,5,321.109375,1239.25
1780761164.6493049,15,323.828125,1326.0
1780761164.6493049,15,327.8125,1434.75
1780761164.6493049,15,340.828125,2295.5
1780761164.6493049,15,342.15625,2294.25
1780761164.7865906,15,355.5625,2274.25
1780761164.7865906,15,0.90625,2253.5
1780761164.7865906,12,2.25,2249.75
1780761164.7865906,9,27.15625,1007.0
1780761164.7865906,15,28.515625,994.5
1780761164.7865906,15,29.890625,984.25
1780761164.7865906,15,31.28125,976.0
1780761164.7865906,15,32.578125,970.75
1780761164.7865906,15,33.90625,965.5
1780761164.7865906,15,35.21875,960.0
1780761164.7865906,10,36.765625,953.5
1780761164.7865906,15,38.09375,946.5
1780761164.7865906,15,49.453125,1759.75
1780761164.7865906,5,50.828125,1734.25
1780761164.7865906,15,56.234375,1592.5
1780761164.7865906,15,57.578125,1580.25
1780761164.7865906,15,58.953125,1551.0
1780761164.7865906,15,64.515625,566.75
1780761164.7865906,15,66.0,570.25
1780761164.7865906,15,69.828125,1400.25
1780761164.7865906,15,71.140625,1386.25
1780761164.7865906,15,72.5,1380.5
1780761164.7865906,7,73.890625,1376.0
1780761164.7865906,15,75.1875,1371.0
1780761164.7865906,15,76.53125,1365.25
1780761164.7865906,15,77.90625,1361.0
1780761164.7865906,15,86.125,1132.5
1780761164.7865906,15,87.421875,1109.75
1780761164.7865906,15,88.8125,1102.0
1780761164.7865906,15,90.0625,1107.75
1780761164.7865906,15,91.4375,1110.25
1780761164.7865906,15,92.796875,1106.75
1780761164.7865906,15,94.0625,1115.0
1780761164.7865906,15,96.78125,1157.75
1780761164.7865906,15,98.078125,1162.75
1780761164.7865906,15,102.90625,431.75
1780761164.7865906,15,104.296875,426.5
1780761164.7865906,15,105.515625,420.75
1780761164.7865906,15,107.15625,415.75
1780761164.7865906,15,108.4375,411.0
1780761164.7865906,15,109.65625,407.0
1780761164.7865906,15,111.265625,403.75
1780761164.7865906,15,112.546875,401.0
1780761164.7865906,15,126.609375,837.5
1780761164.7865906,15,127.921875,815.25
1780761164.7865906,15,129.453125,794.25
1780761164.7865906,15,130.734375,783.25
1780761164.7865906,15,132.078125,781.75
1780761164.7865906,15,133.5,785.0
1780761164.7865906,15,134.8125,793.75
1780761164.7865906,15,138.328125,1051.0
1780761164.7865906,15,139.78125,1027.75
1780761164.7865906,15,141.109375,1009.5
1780761164.7865906,15,142.453125,991.75
1780761164.7865906,15,143.78125,972.75
1780761164.7865906,15,145.15625,956.25
1780761164.7865906,15,146.53125,941.25
1780761164.7865906,15,147.890625,926.25
1780761164.7865906,15,152.359375,473.25
1780761164.7865906,15,153.375,472.5
1780761164.7865906,15,154.828125,479.25
1780761164.7865906,15,156.125,486.0
1780761164.7865906,15,157.5,486.5
1780761164.7865906,15,158.765625,481.0
1780761164.7865906,15,160.203125,477.75
1780761164.7865906,15,161.671875,475.5
1780761164.7865906,15,162.953125,476.0
1780761164.7865906,15,164.046875,483.25
1780761164.7865906,15,165.421875,482.25
1780761164.7865906,15,167.0625,474.0
1780761164.7865906,15,168.25,469.25
1780761164.7865906,15,169.609375,461.5
1780761164.7865906,15,171.140625,451.75
1780761164.7865906,15,172.640625,445.25
1780761164.7865906,15,173.796875,443.0
1780761164.7865906,15,175.34375,442.25
1780761164.7865906,15,176.71875,442.5
1780761164.7865906,15,178.078125,442.75
1780761164.7865906,15,179.09375,442.75
1780761164.7865906,15,180.59375,442.0
1780761164.7865906,15,181.875,442.5
1780761164.7865906,15,183.28125,446.75
1780761164.7865906,15,184.5,447.0
1780761164.7865906,15,185.8125,443.75
1780761164.7865906,15,187.109375,442.25
1780761164.7865906,15,188.65625,448.25
1780761164.7865906,15,189.78125,451.75
1780761164.7865906,15,191.34375,447.25
1780761164.7865906,15,192.78125,445.0
1780761164.7865906,15,193.859375,447.0
1780761164.7865906,15,195.375,450.0
1780761164.7865906,15,196.609375,453.0
1780761164.7865906,15,197.921875,457.0
1780761164.7865906,15,199.203125,461.25
1780761164.7865906,15,200.5625,465.75
1780761164.7865906,15,201.859375,467.25
1780761164.7865906,15,203.28125,471.25
1780761164.7865906,15,204.421875,478.0
1780761164.7865906,15,205.71875,481.5
1780761164.7865906,15,206.984375,485.5
1780761164.7865906,15,208.28125,492.0
1780761164.7865906,15,209.765625,498.75
1780761164.7865906,15,210.8125,504.25
1780761164.7865906,15,212.28125,509.75
1780761164.7865906,15,213.625,516.75
1780761164.7865906,15,214.703125,524.0
1780761164.7865906,15,216.0625,530.5
1780761164.7865906,15,217.484375,537.25
1780761164.7865906,15,218.65625,540.5
1780761164.7865906,15,221.296875,559.25
1780761164.7865906,15,222.75,558.75
1780761164.7865906,15,223.9375,561.5
1780761164.7865906,15,225.359375,567.25
1780761164.7865906,15,238.859375,1155.25
1780761164.7865906,15,244.109375,1258.75
1780761164.7865906,15,245.4375,1253.5
1780761164.7865906,15,246.765625,1256.5
1780761164.7865906,15,249.671875,1044.25
1780761164.7865906,15,251.015625,1043.5
1780761164.7865906,6,255.0,1060.75
1780761164.7865906,15,258.0625,821.0
1780761164.7865906,15,259.421875,832.0
1780761164.7865906,15,260.734375,838.25
1780761164.7865906,15,262.09375,834.75
1780761164.7865906,15,263.421875,830.75
1780761164.7865906,15,264.796875,827.0
1780761164.7865906,15,266.125,824.0
1780761164.7865906,15,267.609375,820.5
1780761164.7865906,15,268.828125,820.25
1780761164.7865906,15,270.25,821.0
1780761164.7865906,15,271.609375,819.75
1780761164.7865906,15,272.828125,820.0
1780761164.7865906,15,274.3125,821.0
1780761164.7865906,15,275.625,821.75
1780761164.7865906,15,276.796875,823.25
1780761164.7865906,15,278.046875,825.0
1780761164.7865906,15,279.46875,827.5
1780761164.7865906,15,280.734375,831.75
1780761164.7865906,15,282.125,836.0
1780761164.7865906,15,283.375,839.75
1780761164.7865906,15,284.71875,845.0
1780761164.7865906,15,286.03125,854.75
1780761164.7865906,15,287.328125,860.5
1780761164.7865906,15,288.734375,861.5
1780761164.7865906,15,290.078125,866.5
1780761164.7865906,15,291.3125,874.0
1780761164.7865906,15,292.734375,882.5
1780761164.7865906,15,294.0,890.5
1780761164.7865906,15,295.265625,899.25
1780761164.7865906,15,296.625,907.5
1780761164.7865906,15,298.03125,917.0
1780761164.7865906,15,299.3125,925.75
1780761164.7865906,15,300.65625,934.75
1780761164.7865906,15,301.984375,947.25
1780761164.7865906,15,303.359375,961.5
1780761164.7865906,15,304.671875,974.5
1780761164.7865906,15,305.921875,988.5
1780761164.7865906,11,307.28125,1002.5
1780761164.7865906,15,311.53125,844.75
1780761164.7865906,15,312.90625,858.5
1780761164.7865906,15,314.171875,874.5
1780761164.7865906,15,315.421875,892.25
1780761164.7865906,15,316.84375,912.5
1780761164.7865906,15,321.703125,1249.0
1780761164.7865906,15,324.34375,1326.25
1780761164.7865906,15,326.984375,1416.75
1780761164.7865906,15,328.28125,1437.75
1780761164.7865906,15,342.6875,2302.0
1780761164.9243152,15,356.0,2294.25
1780761164.9243152,15,357.328125,2294.25
1780761164.9243152,15,0.015625,2294.25
1780761164.9243152,15,1.34375,2294.25
1780761164.9243152,15,2.703125,2294.25
1780761164.9243152,15,4.03125,2294.5
1780761164.9243152,15,26.203125,1032.25
1780761164.9243152,15,27.625,1023.5
1780761164.9243152,8,29.0,1015.75
1780761164.9243152,15,30.265625,1010.25
1780761164.9243152,15,31.65625,1001.5
1780761164.9243152,15,33.0625,994.0
1780761164.9243152,15,34.40625,984.5
1780761164.9243152,15,35.84375,976.75
1780761164.9243152,15,48.625,1795.75
1780761164.9243152,15,49.984375,1759.5
1780761164.9243152,2,51.328125,1722.25
1780761164.9243152,15,54.046875,1673.5
1780761164.9243152,15,56.828125,1582.5
1780761164.9243152,15,60.984375,583.75
1780761164.9243152,15,62.28125,582.75
1780761164.9243152,15,66.265625,1435.0
1780761164.9243152,15,67.625,1426.0
1780761164.9243152,15,68.96875,1416.5
1780761164.9243152,15,70.3125,1408.5
1780761164.9243152,15,71.6875,1394.75
1780761164.9243152,8,73.015625,1379.0
1780761164.9243152,7,74.359375,1374.25
1780761164.9243152,15,75.796875,1366.0
1780761164.9243152,15,79.796875,1352.5
1780761164.9243152,15,83.90625,1126.0
1780761164.9243152,15,85.34375,1112.75
1780761164.9243152,15,86.65625,1102.0
1780761164.9243152,15,88.046875,1107.5
1780761164.9243152,15,89.3125,1114.0
1780761164.9243152,15,90.703125,1108.75
1780761164.9243152,15,92.046875,1113.0
1780761164.9243152,15,98.4375,424.75
1780761164.9243152,15,99.65625,418.5
1780761164.9243152,15,101.140625,412.25
1780761164.9243152,15,102.203125,406.0
1780761164.9243152,15,103.78125,400.75
1780761164.9243152,15,105.1875,396.25
1780761164.9243152,15,106.5,392.0
1780761164.9243152,15,107.78125,388.25
1780761164.9243152,15,109.53125,386.5
1780761164.9243152,15,124.578125,813.75
1780761164.9243152,15,126.03125,791.0
1780761164.9243152,15,127.359375,769.5
1780761164.9243152,15,128.703125,758.25
1780761164.9243152,15,129.984375,757.75
1780761164.9243152,15,131.34375,760.75
1780761164.9243152,15,132.796875,768.75
1780761164.9243152,15,134.078125,785.5
1780761164.9243152,15,136.359375,1031.25
1780761164.9243152,15,137.65625,1013.5
1780761164.9243152,15,139.015625,993.5
1780761164.9243152,15,140.40625,974.5
1780761164.9243152,15,141.78125,953.25
1780761164.9243152,15,143.171875,935.0
1780761164.9243152,15,144.625,920.5
1780761164.9243152,15,150.40625,438.5
1780761164.9243152,15,151.65625,439.5
1780761164.9243152,15,152.953125,446.5
1780761164.9243152,15,154.34375,453.0
1780761164.9243152,15,155.5625,452.0
1780761164.9243152,15,157.09375,446.25
1780761164.9243152,15,158.4375,440.75
1780761164.9243152,15,159.84375,440.5
1780761164.9243152,15,161.171875,440.5
1780761164.9243152,15,162.453125,443.5
1780761164.9243152,15,163.859375,442.25
1780761164.9243152,15,165.125,433.25
1780761164.9243152,15,166.6875,429.25
1780761164.9243152,15,167.671875,429.5
1780761164.9243152,15,170.96875,411.25
1780761164.9243152,15,172.328125,405.5
1780761164.9243152,15,173.390625,403.5
1780761164.9243152,15,174.8125,403.75
1780761164.9243152,15,176.359375,403.5
1780761164.9243152,15,177.28125,404.5
1780761164.9243152,15,178.765625,403.5
1780761164.9243152,15,180.1875,402.5
1780761164.9243152,15,181.46875,403.0
1780761164.9243152,15,182.71875,404.5
1780761164.9243152,15,184.046875,407.5
1780761164.9243152,15,185.34375,409.5
1780761164.9243152,15,186.71875,405.75
1780761164.9243152,15,188.21875,403.5
1780761164.9243152,15,189.390625,409.5
1780761164.9243152,15,190.765625,413.25
1780761164.9243152,15,192.375,409.25
1780761164.9243152,15,193.3125,409.5
1780761164.9243152,15,194.640625,412.5
1780761164.9243152,15,196.21875,411.75
1780761164.9243152,15,197.359375,413.0
1780761164.9243152,15,198.890625,416.25
1780761164.9243152,15,200.03125,419.75
1780761164.9243152,15,201.609375,422.0
1780761164.9243152,15,202.84375,426.75
1780761164.9243152,15,204.234375,428.75
1780761164.9243152,15,205.3125,433.0
1780761164.9243152,15,206.8125,439.5
1780761164.9243152,15,208.046875,443.5
1780761164.9243152,15,209.1875,450.25
1780761164.9243152,15,210.5,456.75
1780761164.9243152,15,211.765625,461.25
1780761164.9243152,15,213.078125,468.0
1780761164.9243152,15,214.28125,474.0
1780761164.9243152,15,215.703125,479.0
1780761164.9243152,15,216.859375,485.5
1780761164.9243152,15,218.328125,492.5
1780761164.9243152,15,219.484375,497.5
1780761164.9243152,15,220.953125,501.75
1780761164.9243152,15,227.5,532.25
1780761164.9243152,15,239.453125,1134.5
1780761164.9243152,15,240.71875,1140.25
1780761164.9243152,15,246.046875,1249.0
1780761164.9243152,5,247.375,1243.25
1780761164.9243152,15,248.65625,1249.75
1780761164.9243152,15,252.921875,1031.75
1780761164.9243152,15,254.234375,1043.25
1780761164.9243152,15,262.734375,839.0
1780761164.9243152,15,264.078125,828.25
1780761164.9243152,15,265.3125,824.5
1780761164.9243152,15,266.703125,822.25
1780761164.9243152,15,268.09375,820.5
1780761164.9243152,15,269.328125,820.75
1780761164.9243152,15,270.765625,820.0
1780761164.9243152,15,272.015625,819.25
1780761164.9243152,15,273.40625,819.75
1780761164.9243152,15,274.6875,821.5
1780761164.9243152,15,275.96875,823.5
1780761164.9243152,15,277.328125,825.0
1780761164.9243152,15,278.703125,826.5
1780761164.9243152,15,280.0625,829.0
1780761164.9243152,15,281.265625,833.25
1780761164.9243152,15,282.703125,838.75
1780761164.9243152,15,283.953125,843.75
1780761164.9243152,15,285.296875,849.75
1780761164.9243152,15,286.6875,855.0
1780761164.9243152,15,287.9375,858.5
1780761164.9243152,15,289.28125,864.0
1780761164.9243152,15,290.640625,871.5
1780761164.9243152,15,291.921875,879.0
1780761164.9243152,15,293.28125,886.25
1780761164.9243152,15,294.5,894.5
1780761164.9243152,15,295.8125,902.75
1780761164.9243152,15,297.1875,912.0
1780761164.9243152,15,298.4375,922.25
1780761164.9243152,15,299.875,932.0
1780761164.9243152,15,301.25,943.25
1780761164.9243152,15,302.5,954.75
1780761164.9243152,15,303.875,966.5
1780761164.9243152,15,305.171875,980.0
1780761164.9243152,13,306.515625,994.75
1780761164.9243152,15,307.796875,1007.75
1780761164.9243152,15,309.09375,1020.75
1780761164.9243152,15,312.0625,880.75
1780761164.9243152,15,313.375,871.5
1780761164.9243152,15,314.65625,884.25
1780761164.9243152,15,316.03125,903.75
1780761164.9243152,15,317.296875,919.75
1780761164.9243152,15,318.578125,937.25
1780761164.9243152,15,324.84375,1321.0
1780761164.9243152,15,327.46875,1433.75
1780761165.0623186,15,356.453125,2294.25
1780761165.0623186,15,357.78125,2294.25
1780761165.0623186,15,0.46875,2294.25
1780761165.0623186,15,1.796875,2294.25
1780761165.0623186,15,3.125,2294.25
1780761165.0623186,15,21.890625,2120.5
1780761165.0623186,15,25.28125,1064.5
1780761165.0623186,15,26.640625,1049.5
1780761165.0623186,15,27.984375,1042.5
1780761165.0623186,15,29.296875,1034.75
1780761165.0623186,15,30.6875,1027.75
1780761165.0623186,15,31.984375,1020.5
1780761165.0623186,8,33.28125,1015.75
1780761165.0623186,15,34.640625,1010.0
1780761165.0623186,5,50.375,1734.5
1780761165.0623186,15,58.703125,604.5
1780761165.0623186,15,59.84375,609.75
1780761165.0623186,15,63.875,1475.25
1780761165.0623186,15,65.21875,1450.5
1780761165.0623186,15,66.59375,1434.5
1780761165.0623186,15,67.921875,1419.0
1780761165.0623186,15,69.296875,1410.0
1780761165.0623186,15,70.640625,1397.5
1780761165.0623186,15,72.015625,1383.0
1780761165.0623186,9,73.296875,1378.25
1780761165.0623186,8,74.671875,1373.0
1780761165.0623186,15,78.90625,1181.75
1780761165.0623186,15,83.0,1116.75
1780761165.0623186,15,84.234375,1107.5
1780761165.0623186,15,85.5625,1107.5
1780761165.0623186,15,86.953125,1110.0
1780761165.0623186,15,88.265625,1103.5
1780761165.0623186,15,94.609375,413.75
1780761165.0623186,15,95.84375,406.0
1780761165.0623186,15,97.484375,399.0
1780761165.0623186,15,98.96875,392.5
1780761165.0623186,15,100.265625,386.5
1780761165.0623186,15,101.390625,381.25
1780761165.0623186,15,103.078125,376.5
1780761165.0623186,15,112.34375,1067.75
1780761165.0623186,15,123.65625,771.75
1780761165.0623186,15,125.109375,749.75
1780761165.0623186,15,126.328125,736.0
1780761165.0623186,15,127.734375,732.5
1780761165.0623186,15,129.015625,734.5
1780761165.0623186,15,130.4375,741.5
1780761165.0623186,15,131.59375,753.25
1780761165.0623186,15,136.65625,982.5
1780761165.0623186,15,137.96875,958.5
1780761165.0623186,15,139.375,938.0
1780761165.0623186,15,140.734375,919.75
1780761165.0623186,15,142.125,903.5
1780761165.0623186,15,148.1875,404.5
1780761165.0623186,15,149.671875,406.5
1780761165.0623186,15,150.875,413.25
1780761165.0623186,15,152.234375,418.5
1780761165.0623186,15,153.625,417.75
1780761165.0623186,15,154.65625,412.5
1780761165.0623186,15,156.03125,406.75
1780761165.0623186,15,157.53125,405.75
1780761165.0623186,15,158.828125,408.25
1780761165.0623186,15,160.203125,409.0
1780761165.0623186,15,161.5625,409.0
1780761165.0623186,15,164.3125,395.0
1780761165.0623186,15,165.578125,392.0
1780761165.0623186,15,166.96875,392.25
1780761165.0623186,15,170.046875,372.25
1780761165.0623186,15,171.109375,367.5
1780761165.0623186,15,172.671875,363.5
1780761165.0623186,15,174.25,363.0
1780761165.0623186,15,175.421875,362.75
1780761165.0623186,15,176.71875,363.0
1780761165.0623186,15,177.75,363.25
1780761165.0623186,15,179.171875,363.75
1780761165.0623186,15,180.734375,362.75
1780761165.0623186,15,181.9375,362.25
1780761165.0623186,15,183.359375,364.0
1780761165.0623186,15,184.5,366.5
1780761165.0623186,15,185.921875,368.5
1780761165.0623186,15,187.578125,365.5
1780761165.0623186,15,188.515625,362.75
1780761165.0623186,15,190.015625,363.75
1780761165.0623186,15,191.453125,366.5
1780761165.0623186,15,192.5,370.5
1780761165.0623186,15,194.203125,372.25
1780761165.0623186,15,195.0625,370.25
1780761165.0623186,15,196.34375,370.0
1780761165.0623186,15,198.0625,373.25
1780761165.0623186,15,199.140625,375.5
1780761165.0623186,15,200.578125,378.0
1780761165.0623186,15,202.078125,380.5
1780761165.0623186,15,203.140625,384.5
1780761165.0623186,15,204.328125,389.75
1780761165.0623186,15,205.921875,391.75
1780761165.0623186,15,207.015625,393.0
1780761165.0623186,15,208.21875,399.25
1780761165.0623186,15,209.765625,406.75
1780761165.0623186,15,210.8125,413.0
1780761165.0623186,15,212.296875,417.75
1780761165.0623186,15,213.6875,423.5
1780761165.0623186,15,214.703125,431.25
1780761165.0623186,15,216.203125,436.75
1780761165.0623186,15,217.515625,441.0
1780761165.0623186,15,218.890625,449.0
1780761165.0623186,15,219.859375,457.5
1780761165.0623186,15,221.3125,463.0
1780761165.0623186,15,222.640625,469.0
1780761165.0623186,15,223.921875,473.75
1780761165.0623186,15,230.34375,504.75
1780761165.0623186,15,231.78125,511.0
1780761165.0623186,15,240.921875,1117.5
1780761165.0623186,15,242.28125,1119.5
1780761165.0623186,15,247.453125,1243.75
1780761165.0623186,15,250.125,1248.75
1780761165.0623186,15,254.375,1018.75
1780761165.0623186,15,258.390625,1056.25
1780761165.0623186,15,266.84375,824.25
1780761165.0623186,15,268.125,824.0
1780761165.0623186,15,269.5625,822.5
1780761165.0623186,15,270.90625,821.25
1780761165.0623186,15,272.21875,822.25
1780761165.0623186,15,273.453125,822.5
1780761165.0623186,15,274.84375,822.25
1780761165.0623186,15,276.125,823.75
1780761165.0623186,15,277.421875,825.5
1780761165.0623186,15,278.8125,827.5
1780761165.0623186,15,280.046875,829.75
1780761165.0623186,15,281.40625,834.25
1780761165.0623186,15,282.75,839.5
1780761165.0623186,15,284.140625,844.25
1780761165.0623186,15,285.40625,849.5
1780761165.0623186,15,286.640625,855.0
1780761165.0623186,15,288.078125,859.75
1780761165.0623186,15,289.34375,864.75
1780761165.0623186,15,290.6875,871.75
1780761165.0623186,15,292.03125,879.25
1780761165.0623186,15,293.3125,886.75
1780761165.0623186,15,294.640625,895.25
1780761165.0623186,15,295.90625,903.25
1780761165.0623186,15,297.265625,914.25
1780761165.0623186,15,298.671875,924.5
1780761165.0623186,15,300.015625,932.25
1780761165.0623186,15,301.296875,945.25
1780761165.0623186,15,302.671875,958.5
1780761165.0623186,15,304.015625,968.25
1780761165.0623186,15,305.21875,981.25
1780761165.0623186,15,306.625,996.25
1780761165.0623186,15,307.96875,1011.5
1780761165.0623186,15,309.203125,1024.75
1780761165.0623186,15,310.5,1038.75
1780761165.0623186,15,313.421875,912.0
1780761165.0623186,15,314.75,898.0
1780761165.0623186,15,316.0625,905.25
1780761165.0623186,15,317.421875,923.5
1780761165.0623186,9,318.765625,940.75
1780761165.0623186,15,320.046875,963.0
1780761165.0623186,15,324.96875,1327.5
1780761165.0623186,15,327.59375,1434.5
1780761165.0623186,2,348.53125,2808.5
1780761165.0623186,2,349.875,2808.5
1780761165.1993258,15,356.671875,2294.25
1780761165.1993258,15,358.015625,2294.25
1780761165.1993258,15,359.375,2294.25
1780761165.1993258,15,0.703125,2294.25
1780761165.1993258,15,2.03125,2294.25
1780761165.1993258,15,3.375,2294.25
1780761165.1993258,15,24.3125,1112.0
1780761165.1993258,6,25.609375,1095.0
1780761165.1993258,15,27.03125,1081.5
1780761165.1993258,15,28.34375,1075.5
1780761165.1993258,15,29.703125,1060.25
1780761165.1993258,15,31.078125,1047.75
1780761165.1993258,15,32.40625,1043.0
1780761165.1993258,15,33.765625,1034.0
1780761165.1993258,15,48.015625,1807.5
1780761165.1993258,15,49.375,1771.5
1780761165.1993258,15,50.75,1733.25
1780761165.1993258,15,55.078125,624.5
1780761165.1993258,15,56.328125,621.75
1780761165.1993258,5,60.1875,1531.0
1780761165.1993258,15,62.9375,1459.0
1780761165.1993258,15,64.296875,1466.25
1780761165.1993258,15,65.65625,1449.25
1780761165.1993258,7,67.03125,1434.0
1780761165.1993258,15,68.328125,1425.0
1780761165.1993258,15,69.671875,1416.5
1780761165.1993258,15,71.078125,1397.25
1780761165.1993258,15,72.375,1381.75
1780761165.1993258,15,76.40625,1370.0
1780761165.1993258,15,79.3125,1160.25
1780761165.1993258,15,80.671875,1136.5
1780761165.1993258,15,82.03125,1122.5
1780761165.1993258,15,83.390625,1114.75
1780761165.1993258,15,88.453125,421.5
1780761165.1993258,15,89.5625,411.25
1780761165.1993258,15,91.3125,401.75
1780761165.1993258,15,92.609375,393.5
1780761165.1993258,15,94.203125,386.5
1780761165.1993258,15,95.4375,379.5
1780761165.1993258,15,96.65625,373.75
1780761165.1993258,15,98.296875,369.75
1780761165.1993258,15,106.25,1039.0
1780761165.1993258,15,107.671875,1040.75
1780761165.1993258,15,109.015625,1045.75
1780761165.1993258,15,110.28125,1059.5
1780761165.1993258,15,120.203125,769.25
1780761165.1993258,15,123.0,723.5
1780761165.1993258,15,124.328125,714.75
1780761165.1993258,15,125.78125,712.0
1780761165.1993258,15,127.0625,714.0
1780761165.1993258,15,128.328125,720.75
1780761165.1993258,15,129.671875,734.75
1780761165.1993258,13,134.609375,963.75
1780761165.1993258,15,135.96875,942.0
1780761165.1993258,15,137.34375,919.5
1780761165.1993258,15,138.75,899.75
1780761165.1993258,15,145.140625,373.5
1780761165.1993258,15,146.28125,374.25
1780761165.1993258,15,147.65625,380.25
1780761165.1993258,15,148.828125,384.25
1780761165.1993258,15,150.40625,384.75
1780761165.1993258,15,151.875,381.0
1780761165.1993258,15,153.296875,374.25
1780761165.1993258,15,154.453125,370.75
1780761165.1993258,15,156.09375,370.5
1780761165.1993258,15,157.171875,370.5
1780761165.1993258,15,158.3125,372.75
1780761165.1993258,15,159.84375,370.5
1780761165.1993258,15,161.328125,362.0
1780761165.1993258,15,163.03125,358.0
1780761165.1993258,15,164.09375,355.5
1780761165.1993258,15,165.75,355.0
1780761165.1993258,15,168.203125,334.75
1780761165.1993258,15,170.203125,330.0
1780761165.1993258,15,171.53125,326.75
1780761165.1993258,15,173.015625,325.5
1780761165.1993258,15,173.890625,325.25
1780761165.1993258,15,175.296875,325.75
1780761165.1993258,15,176.890625,325.75
1780761165.1993258,15,178.03125,325.75
1780761165.1993258,15,179.703125,325.75
1780761165.1993258,15,180.78125,323.75
1780761165.1993258,15,182.1875,323.0
1780761165.1993258,15,183.359375,324.75
1780761165.1993258,15,184.359375,326.0
1780761165.1993258,15,185.890625,328.5
1780761165.1993258,15,187.140625,329.0
1780761165.1993258,15,188.953125,325.5
1780761165.1993258,15,190.40625,325.0
1780761165.1993258,15,191.046875,329.5
1780761165.1993258,15,192.328125,331.25
1780761165.1993258,15,193.625,332.25
1780761165.1993258,15,195.296875,333.25
1780761165.1993258,15,196.734375,332.75
1780761165.1993258,15,198.265625,334.5
1780761165.1993258,15,199.46875,334.5
1780761165.1993258,15,200.34375,335.25
1780761165.1993258,15,202.203125,339.0
1780761165.1993258,15,203.265625,342.0
1780761165.1993258,15,204.328125,346.0
1780761165.1993258,15,205.484375,350.5
1780761165.1993258,15,207.21875,354.5
1780761165.1993258,15,208.296875,357.25
1780761165.1993258,15,209.6875,359.5
1780761165.1993258,15,211.109375,365.25
1780761165.1993258,15,212.15625,373.25
1780761165.1993258,15,213.53125,378.75
1780761165.1993258,15,214.6875,384.75
1780761165.1993258,15,215.921875,391.25
1780761165.1993258,15,217.3125,396.75
1780761165.1993258,15,218.578125,404.25
1780761165.1993258,15,220.09375,410.25
1780761165.1993258,15,221.25,414.25
1780761165.1993258,15,222.375,422.0
1780761165.1993258,15,223.75,431.25
1780761165.1993258,15,225.140625,439.75
1780761165.1993258,15,226.234375,446.5
1780761165.1993258,15,227.8125,451.75
1780761165.1993258,15,231.359375,491.25
1780761165.1993258,15,234.171875,483.75
1780761165.1993258,15,243.109375,1106.5
1780761165.1993258,15,252.375,1242.5
1780761165.1993258,15,255.4375,1015.75
1780761165.1993258,15,256.71875,1009.0
1780761165.1993258,1,258.046875,1026.0
1780761165.1993258,15,269.078125,812.25
1780761165.1993258,15,270.53125,822.5
1780761165.1993258,15,271.859375,822.0
1780761165.1993258,15,273.234375,822.0
1780761165.1993258,15,274.46875,822.0
1780761165.1993258,15,275.828125,822.75
1780761165.1993258,15,277.15625,824.25
1780761165.1993258,15,278.546875,827.25
1780761165.1993258,15,279.8125,829.75
1780761165.1993258,15,281.125,833.5
1780761165.1993258,15,282.546875,839.25
1780761165.1993258,15,283.859375,845.5
1780761165.1993258,15,285.140625,850.75
1780761165.1993258,15,286.53125,855.5
1780761165.1993258,15,287.84375,859.25
1780761165.1993258,15,289.1875,864.25
1780761165.1993258,15,290.421875,871.5
1780761165.1993258,15,291.828125,878.75
1780761165.1993258,15,293.140625,885.75
1780761165.1993258,15,294.5,894.25
1780761165.1993258,15,295.78125,904.0
1780761165.1993258,15,297.0625,913.25
1780761165.1993258,15,298.375,921.5
1780761165.1993258,15,299.71875,931.0
1780761165.1993258,15,301.078125,942.0
1780761165.1993258,15,302.375,953.75
1780761165.1993258,15,303.71875,967.5
1780761165.1993258,15,305.015625,981.0
1780761165.1993258,15,306.3125,996.0
1780761165.1993258,15,307.640625,1010.5
1780761165.1993258,15,308.96875,1024.5
1780761165.1993258,15,310.3125,1037.25
1780761165.1993258,15,311.65625,1058.75
1780761165.1993258,15,312.921875,1091.0
1780761165.1993258,15,315.90625,922.75
1780761165.1993258,15,317.203125,922.25
1780761165.1993258,10,318.578125,940.25
1780761165.1993258,15,319.828125,962.0
1780761165.1993258,15,321.171875,987.75
1780761165.1993258,15,327.453125,1434.0
1780761165.1993258,5,347.0625,2808.5
1780761165.1993258,3,348.40625,2808.5
1780761165.1993258,2,349.75,2808.5
1780761165.3373213,2,351.09375,2808.5
1780761165.3373213,2,352.4375,2808.5
1780761165.3373213,2,353.78125,2808.5
1780761165.3373213,15,1.953125,2294.25
1780761165.3373213,15,3.296875,2294.25
1780761165.3373213,2,5.859375,2808.5
1780761165.3373213,2,7.203125,2808.5
1780761165.3373213,2,12.640625,2810.75
1780761165.3373213,15,24.203125,1137.5
1780761165.3373213,15,25.59375,1123.25
1780761165.3373213,15,26.84375,1112.0
1780761165.3373213,15,28.28125,1096.75
1780761165.3373213,6,29.59375,1083.5
1780761165.3373213,15,30.9375,1078.25
1780761165.3373213,15,32.28125,1071.5
1780761165.3373213,15,47.9375,1807.5
1780761165.3373213,15,52.125,649.0
1780761165.3373213,15,53.484375,646.25
1780761165.3373213,15,57.4375,1579.25
1780761165.3373213,15,58.765625,1558.5
1780761165.3373213,6,60.125,1539.25
1780761165.3373213,15,62.796875,1452.75
1780761165.3373213,15,64.1875,1460.25
1780761165.3373213,15,65.5625,1442.75
1780761165.3373213,7,66.921875,1426.25
1780761165.3373213,15,68.203125,1417.5
1780761165.3373213,15,69.5625,1409.5
1780761165.3373213,15,70.90625,1396.0
1780761165.3373213,15,79.234375,1128.0
1780761165.3373213,15,84.203125,415.75
1780761165.3373213,15,85.734375,404.5
1780761165.3373213,15,87.078125,394.5
1780761165.3373213,15,88.328125,385.25
1780761165.3373213,15,89.8125,377.25
1780761165.3373213,15,91.578125,370.0
1780761165.3373213,15,92.59375,365.75
1780761165.3373213,15,94.21875,369.5
1780761165.3373213,15,102.15625,1039.0
1780761165.3373213,15,103.53125,1029.5
1780761165.3373213,15,104.828125,1027.0
1780761165.3373213,15,106.1875,1033.0
1780761165.3373213,15,107.546875,1040.0
1780761165.3373213,15,108.859375,1048.25
1780761165.3373213,15,120.328125,706.0
1780761165.3373213,15,121.59375,694.0
1780761165.3373213,15,123.125,691.0
1780761165.3373213,15,124.375,692.25
1780761165.3373213,15,125.59375,697.5
1780761165.3373213,15,130.421875,986.25
1780761165.3373213,15,131.859375,959.75
1780761165.3373213,15,133.234375,935.5
1780761165.3373213,15,141.578125,344.5
1780761165.3373213,15,142.5,344.0
1780761165.3373213,15,143.859375,346.0
1780761165.3373213,15,145.453125,349.75
1780761165.3373213,15,146.671875,353.0
1780761165.3373213,15,147.828125,353.25
1780761165.3373213,15,149.25,347.5
1780761165.3373213,15,150.84375,340.25
1780761165.3373213,15,151.859375,337.75
1780761165.3373213,15,153.421875,335.75
1780761165.3373213,15,154.765625,336.25
1780761165.3373213,15,155.859375,338.75
1780761165.3373213,15,157.359375,338.75
1780761165.3373213,15,160.71875,324.0
1780761165.3373213,15,162.203125,319.75
1780761165.3373213,15,163.453125,318.75
1780761165.3373213,15,167.765625,296.0
1780761165.3373213,15,169.390625,291.75
1780761165.3373213,15,170.109375,288.75
1780761165.3373213,15,171.65625,289.0
1780761165.3373213,15,173.25,288.25
1780761165.3373213,15,174.96875,287.5
1780761165.3373213,15,176.28125,287.75
1780761165.3373213,15,177.28125,287.25
1780761165.3373213,15,178.515625,287.0
1780761165.3373213,15,180.015625,287.25
1780761165.3373213,15,180.796875,286.25
1780761165.3373213,15,182.890625,286.5
1780761165.3373213,15,184.046875,288.25
1780761165.3373213,15,184.90625,290.0
1780761165.3373213,15,186.171875,292.0
1780761165.3373213,15,187.5,292.0
1780761165.3373213,15,189.703125,289.0
1780761165.3373213,15,191.1875,287.0
1780761165.3373213,15,194.125,291.5
1780761165.3373213,15,195.46875,296.75
1780761165.3373213,15,197.234375,296.5
1780761165.3373213,15,198.390625,296.75
1780761165.3373213,15,199.84375,297.25
1780761165.3373213,15,201.1875,298.0
1780761165.3373213,15,202.296875,301.0
1780761165.3373213,15,203.71875,303.5
1780761165.3373213,15,204.78125,305.5
1780761165.3373213,15,205.984375,308.5
1780761165.3373213,15,207.640625,313.5
1780761165.3373213,15,209.171875,317.0
1780761165.3373213,15,209.984375,320.5
1780761165.3373213,15,211.875,323.75
1780761165.3373213,15,216.703125,345.5
1780761165.3373213,15,217.796875,351.0
1780761165.3373213,15,218.84375,357.5
1780761165.3373213,15,220.140625,364.25
1780761165.3373213,15,221.671875,370.5
1780761165.3373213,15,222.8125,377.0
1780761165.3373213,15,224.328125,383.5
1780761165.3373213,15,225.5625,390.5
1780761165.3373213,15,226.765625,399.75
1780761165.3373213,15,227.734375,409.25
1780761165.3373213,15,229.25,417.75
1780761165.3373213,15,230.609375,424.0
1780761165.3373213,15,235.75,466.5
1780761165.3373213,15,237.078125,463.25
1780761165.3373213,15,238.09375,466.75
1780761165.3373213,15,243.109375,1086.25
1780761165.3373213,15,244.4375,1086.25
1780761165.3373213,15,245.796875,1097.75
1780761165.3373213,15,249.6875,1231.0
1780761165.3373213,15,253.734375,1231.25
1780761165.3373213,15,258.0625,1005.75
1780761165.3373213,6,259.359375,1006.5
1780761165.3373213,15,260.765625,1017.5
1780761165.3373213,15,262.046875,1022.5
1780761165.3373213,15,263.390625,1034.5
1780761165.3373213,15,271.828125,810.25
1780761165.3373213,15,273.140625,824.25
1780761165.3373213,15,274.46875,824.5
1780761165.3373213,15,275.84375,824.5
1780761165.3373213,15,277.140625,826.0
1780761165.3373213,15,278.421875,827.5
1780761165.3373213,15,279.78125,832.0
1780761165.3373213,15,281.1875,835.75
1780761165.3373213,15,282.515625,839.5
1780761165.3373213,15,283.875,845.25
1780761165.3373213,15,285.171875,850.5
1780761165.3373213,15,286.53125,855.5
1780761165.3373213,15,287.78125,859.25
1780761165.3373213,15,289.1875,864.5
1780761165.3373213,15,290.546875,871.75
1780761165.3373213,15,291.84375,878.75
1780761165.3373213,15,293.234375,885.5
1780761165.3373213,15,294.453125,894.0
1780761165.3373213,15,295.765625,903.25
1780761165.3373213,15,297.140625,912.5
1780761165.3373213,15,298.40625,924.0
1780761165.3373213,15,299.78125,933.5
1780761165.3373213,13,301.078125,944.5
1780761165.3373213,15,302.390625,956.25
1780761165.3373213,15,303.78125,967.5
1780761165.3373213,15,305.0625,981.0
1780761165.3373213,15,306.390625,996.0
1780761165.3373213,15,307.703125,1011.75
1780761165.3373213,15,309.09375,1025.75
1780761165.3373213,15,310.375,1039.5
1780761165.3373213,15,311.671875,1061.25
1780761165.3373213,15,312.96875,1085.0
1780761165.3373213,15,314.265625,1112.25
1780761165.3373213,15,317.265625,950.25
1780761165.3373213,9,318.546875,946.75
1780761165.3373213,15,319.9375,965.0
1780761165.3373213,15,321.234375,987.5
1780761165.3373213,15,322.5,1012.5
1780761165.3373213,3,347.078125,2808.5
1780761165.3373213,3,348.421875,2808.5
1780761165.3373213,2,349.765625,2808.5
1780761165.4714007,2,7.21875,2808.5
1780761165.4714007,3,8.5625,2808.5
1780761165.4714007,15,22.640625,1182.25
1780761165.4714007,15,24.015625,1156.0
1780761165.4714007,15,25.359375,1146.0
1780761165.4714007,15,26.703125,1144.25
1780761165.4714007,15,27.96875,1135.5
1780761165.4714007,15,29.390625,1122.0
1780761165.4714007,15,30.671875,1116.0
1780761165.4714007,15,50.390625,675.75
1780761165.4714007,15,51.65625,681.25
1780761165.4714007,15,54.515625,1630.25
1780761165.4714007,15,55.828125,1600.5
1780761165.4714007,15,57.234375,1580.25
1780761165.4714007,15,58.546875,1559.25
1780761165.4714007,15,59.921875,1539.25
1780761165.4714007,15,62.609375,1459.0
1780761165.4714007,15,63.96875,1466.75
1780761165.4714007,15,65.328125,1443.0
1780761165.4714007,7,66.734375,1419.75
1780761165.4714007,15,68.03125,1411.25
1780761165.4714007,15,69.375,1409.75
1780761165.4714007,15,82.890625,389.25
1780761165.4714007,15,84.390625,379.5
1780761165.4714007,15,86.015625,370.25
1780761165.4714007,15,87.5,366.25
1780761165.4714007,15,88.515625,370.5
1780761165.4714007,15,102.0625,1023.25
1780761165.4714007,15,103.40625,1026.5
1780761165.4714007,15,104.65625,1030.5
1780761165.4714007,15,106.03125,1032.0
1780761165.4714007,15,114.578125,740.0
1780761165.4714007,15,118.953125,673.5
1780761165.4714007,15,120.109375,670.5
1780761165.4714007,15,121.4375,670.5
1780761165.4714007,15,122.828125,673.75
1780761165.4714007,15,124.234375,681.5
1780761165.4714007,15,130.390625,932.25
1780761165.4714007,15,137.375,314.25
1780761165.4714007,15,139.234375,314.75
1780761165.4714007,15,140.09375,317.25
1780761165.4714007,15,141.296875,320.25
1780761165.4714007,15,142.765625,322.5
1780761165.4714007,15,143.765625,322.5
1780761165.4714007,15,145.453125,317.25
1780761165.4714007,15,147.0625,309.75
1780761165.4714007,15,148.640625,305.5
1780761165.4714007,15,149.53125,304.5
1780761165.4714007,15,151.046875,304.75
1780761165.4714007,15,152.8125,304.0
1780761165.4714007,15,153.578125,305.0
1780761165.4714007,15,156.46875,292.75
1780761165.4714007,15,158.390625,287.75
1780761165.4714007,15,159.140625,285.75
1780761165.4714007,15,161.203125,284.0
1780761165.4714007,15,165.4375,260.75
1780761165.4714007,15,166.453125,256.75
1780761165.4714007,15,169.265625,253.5
1780761165.4714007,15,171.140625,251.25
1780761165.4714007,15,171.78125,249.75
1780761165.4714007,15,174.328125,249.75
1780761165.4714007,15,174.921875,250.0
1780761165.4714007,15,176.265625,250.0
1780761165.4714007,15,175.90625,249.75
1780761165.4714007,15,177.734375,250.5
1780761165.4714007,15,180.453125,251.25
1780761165.4714007,15,181.03125,250.0
1780761165.4714007,15,182.09375,248.75
1780761165.4714007,15,185.0625,249.0
1780761165.4714007,15,184.359375,250.75
1780761165.4714007,15,186.0,252.25
1780761165.4714007,15,187.8125,254.25
1780761165.4714007,15,188.890625,255.75
1780761165.4714007,15,191.171875,252.5
1780761165.4714007,15,191.234375,249.5
1780761165.4714007,15,193.015625,249.5
1780761165.4714007,15,201.296875,262.5
1780761165.4714007,15,201.515625,262.75
1780761165.4714007,15,203.171875,261.75
1780761165.4714007,15,203.921875,262.5
1780761165.4714007,15,205.6875,264.25
1780761165.4714007,15,207.171875,268.0
1780761165.4714007,15,208.0,271.25
1780761165.4714007,15,209.703125,273.25
1780761165.4714007,15,214.359375,287.5
1780761165.4714007,15,216.078125,290.25
1780761165.4714007,15,220.453125,315.75
1780761165.4714007,15,222.28125,322.25
1780761165.4714007,15,223.21875,329.0
1780761165.4714007,15,224.453125,336.25
1780761165.4714007,15,226.0625,343.0
1780761165.4714007,15,226.75,349.75
1780761165.4714007,15,228.53125,357.25
1780761165.4714007,15,229.75,364.25
1780761165.4714007,15,230.984375,372.5
1780761165.4714007,15,232.0,381.75
1780761165.4714007,15,233.375,391.75
1780761165.4714007,15,234.4375,399.25
1780761165.4714007,15,241.015625,446.0
1780761165.4714007,15,241.96875,446.5
1780761165.4714007,15,243.484375,458.0
1780761165.4714007,15,246.90625,1073.75
1780761165.4714007,15,252.203125,1214.25
1780761165.4714007,15,254.796875,1219.25
1780761165.4714007,15,260.4375,990.75
1780761165.4714007,15,271.65625,800.25
1780761165.4714007,15,272.953125,814.75
1780761165.4714007,15,274.25,823.5
1780761165.4714007,15,275.59375,823.75
1780761165.4714007,15,276.890625,827.0
1780761165.4714007,15,278.265625,829.25
1780761165.4714007,15,279.46875,832.0
1780761165.4714007,15,280.828125,835.5
1780761165.4714007,15,282.25,839.5
1780761165.4714007,15,283.5,844.25
1780761165.4714007,15,284.78125,850.5
1780761165.4714007,15,286.125,854.5
1780761165.4714007,15,287.578125,857.0
1780761165.4714007,15,288.78125,863.75
1780761165.4714007,15,290.109375,871.25
1780761165.4714007,15,291.421875,878.0
1780761165.4714007,15,292.78125,885.0
1780761165.4714007,15,294.125,893.0
1780761165.4714007,15,295.5,902.5
1780761165.4714007,15,296.859375,910.25
1780761165.4714007,15,298.15625,920.0
1780761165.4714007,15,299.390625,931.75
1780761165.4714007,13,300.75,943.75
1780761165.4714007,15,302.109375,955.5
1780761165.4714007,15,303.390625,965.5
1780761165.4714007,15,304.765625,979.25
1780761165.4714007,9,306.046875,995.25
1780761165.4714007,15,307.390625,1008.0
1780761165.4714007,15,308.6875,1022.75
1780761165.4714007,15,310.078125,1038.5
1780761165.4714007,15,311.3125,1057.75
1780761165.4714007,15,312.609375,1077.75
1780761165.4714007,15,315.328125,1136.0
1780761165.4714007,15,318.171875,985.25
1780761165.4714007,15,319.546875,974.0
1780761165.4714007,7,320.890625,986.0
1780761165.4714007,15,322.15625,1010.75
1780761165.4714007,15,323.59375,1035.0
1780761165.4714007,1,346.96875,2808.5
1780761165.4714007,15,348.3125,2811.0
1780761165.4714007,3,349.65625,2811.0
1780761165.6087725,3,351.015625,2808.5
1780761165.6087725,3,352.359375,2808.5
1780761165.6087725,4,353.703125,2808.5
1780761165.6087725,2,4.5,2808.5
1780761165.6087725,4,5.859375,2808.5
1780761165.6087725,3,7.203125,2808.5
1780761165.6087725,4,8.5625,2808.5
1780761165.6087725,15,22.578125,1197.75
1780761165.6087725,15,23.90625,1191.5
1780761165.6087725,8,25.34375,1170.0
1780761165.6087725,15,26.640625,1150.5
1780761165.6087725,15,27.984375,1146.75
1780761165.6087725,15,29.359375,1145.25
1780761165.6087725,15,30.71875,1139.0
1780761165.6087725,15,47.640625,699.25
1780761165.6087725,15,48.984375,700.5
1780761165.6087725,15,55.921875,1609.5
1780761165.6087725,15,57.28125,1580.25
1780761165.6087725,15,58.6875,1551.0
1780761165.6087725,6,59.953125,1530.75
1780761165.6087725,15,62.6875,1465.75
1780761165.6087725,15,64.046875,1473.25
1780761165.6087725,15,65.390625,1449.5
1780761165.6087725,7,66.765625,1426.5
1780761165.6087725,15,68.109375,1411.0
1780761165.6087725,15,80.28125,375.25
1780761165.6087725,15,82.09375,371.25
1780761165.6087725,15,82.953125,375.25
1780761165.6087725,15,84.640625,381.75
1780761165.6087725,15,85.65625,390.25
1780761165.6087725,15,86.921875,399.5
1780761165.6087725,15,88.03125,409.25
1780761165.6087725,15,92.375,1287.5
1780761165.6087725,15,98.015625,1034.75
1780761165.6087725,15,99.40625,1021.25
1780761165.6087725,15,100.65625,1017.75
1780761165.6087725,15,102.0,1017.25
1780761165.6087725,15,103.375,1021.75
1780761165.6087725,15,104.671875,1028.5
1780761165.6087725,15,114.96875,667.25
1780761165.6087725,15,116.296875,654.75
1780761165.6087725,15,117.53125,652.0
1780761165.6087725,15,118.953125,652.0
1780761165.6087725,15,120.140625,655.5
1780761165.6087725,15,121.609375,663.25
1780761165.6087725,15,132.375,289.25
1780761165.6087725,15,134.390625,289.25
1780761165.6087725,15,135.25,290.5
1780761165.6087725,15,136.1875,294.0
1780761165.6087725,15,138.03125,296.5
1780761165.6087725,15,139.203125,294.25
1780761165.6087725,15,140.90625,290.25
1780761165.6087725,15,141.921875,284.25
1780761165.6087725,15,143.59375,278.25
1780761165.6087725,15,145.0,276.25
1780761165.6087725,15,146.796875,275.75
1780761165.6087725,15,147.328125,275.5
1780761165.6087725,15,148.8125,274.25
1780761165.6087725,15,150.96875,272.75
1780761165.6087725,15,152.265625,268.5
1780761165.6087725,15,153.96875,261.25
1780761165.6087725,15,154.703125,256.5
1780761165.6087725,15,155.84375,252.25
1780761165.6087725,15,157.515625,250.75
1780761165.6087725,15,159.59375,248.0
1780761165.6087725,15,163.375,228.5
1780761165.6087725,15,164.703125,223.75
1780761165.6087725,15,166.0625,219.25
1780761165.6087725,15,167.390625,216.5
1780761165.6087725,15,168.734375,214.75
1780761165.6087725,15,170.078125,213.75
1780761165.6087725,15,171.421875,213.75
1780761165.6087725,15,172.765625,213.75
1780761165.6087725,15,173.359375,213.5
1780761165.6087725,15,175.453125,213.5
1780761165.6087725,15,176.46875,213.5
1780761165.6087725,15,178.140625,213.5
1780761165.6087725,15,179.484375,213.75
1780761165.6087725,15,180.8125,212.25
1780761165.6087725,15,182.15625,210.75
1780761165.6087725,15,182.375,212.0
1780761165.6087725,15,184.859375,213.5
1780761165.6087725,15,184.875,215.5
1780761165.6087725,15,190.21875,216.75
1780761165.6087725,15,190.8125,215.25
1780761165.6087725,15,192.15625,213.75
1780761165.6087725,15,194.21875,213.0
1780761165.6087725,15,194.890625,213.75
1780761165.6087725,15,199.484375,224.5
1780761165.6087725,15,201.34375,225.75
1780761165.6087725,15,203.640625,225.75
1780761165.6087725,15,204.96875,225.75
1780761165.6087725,15,206.3125,226.75
1780761165.6087725,15,207.09375,228.0
1780761165.6087725,15,207.640625,228.75
1780761165.6087725,15,208.671875,231.0
1780761165.6087725,15,210.78125,234.0
1780761165.6087725,15,219.0,255.25
1780761165.6087725,15,218.96875,257.5
1780761165.6087725,15,238.625,377.75
1780761165.6087725,15,244.90625,427.0
1780761165.6087725,15,246.4375,429.25
1780761165.6087725,15,261.9375,991.0
1780761165.6087725,8,263.21875,992.5
1780761165.6087725,9,264.546875,1008.25
1780761165.6087725,15,265.921875,1018.75
1780761165.6087725,15,267.28125,1026.25
1780761165.6087725,15,274.453125,806.0
1780761165.6087725,15,275.65625,821.0
1780761165.6087725,15,277.0,828.5
1780761165.6087725,15,278.265625,830.0
1780761165.6087725,15,279.53125,832.75
1780761165.6087725,15,280.9375,836.25
1780761165.6087725,15,282.28125,841.0
1780761165.6087725,15,283.5625,846.0
1780761165.6087725,15,284.953125,850.75
1780761165.6087725,15,286.203125,854.75
1780761165.6087725,15,287.59375,859.5
1780761165.6087725,15,288.9375,865.25
1780761165.6087725,15,290.21875,870.5
1780761165.6087725,15,291.640625,877.25
1780761165.6087725,15,292.90625,884.5
1780761165.6087725,15,294.203125,893.0
1780761165.6087725,15,295.5,902.25
1780761165.6087725,15,296.875,913.25
1780761165.6087725,15,298.203125,923.0
1780761165.6087725,15,299.59375,934.25
1780761165.6087725,14,300.9375,946.25
1780761165.6087725,15,302.21875,957.5
1780761165.6087725,15,303.5,968.75
1780761165.6087725,15,304.859375,981.75
1780761165.6087725,9,306.234375,996.75
1780761165.6087725,15,307.53125,1010.0
1780761165.6087725,15,308.90625,1024.0
1780761165.6087725,15,310.15625,1044.5
1780761165.6087725,15,311.5,1066.75
1780761165.6087725,15,312.71875,1088.0
1780761165.6087725,15,314.0625,1113.75
1780761165.6087725,15,315.4375,1136.25
1780761165.6087725,9,316.71875,1154.0
1780761165.6087725,15,319.65625,1012.75
1780761165.6087725,15,321.0,1003.0
1780761165.6087725,15,322.296875,1013.75
1780761165.6087725,15,323.65625,1039.5
1780761165.6087725,1,346.984375,2808.5
1780761165.7464118,15,351.015625,2809.0
1780761165.7464118,3,352.359375,2809.0
1780761165.7464118,3,353.703125,2808.5
1780761165.7464118,3,4.453125,2808.5
1780761165.7464118,3,5.8125,2808.5
1780761165.7464118,4,7.15625,2808.5
1780761165.7464118,15,8.484375,2810.75
1780761165.7464118,1,12.546875,2812.25
1780761165.7464118,15,21.265625,1229.25
1780761165.7464118,15,22.59375,1231.0
1780761165.7464118,15,24.046875,1214.0
1780761165.7464118,15,25.40625,1196.75
1780761165.7464118,15,26.75,1186.25
1780761165.7464118,15,28.078125,1164.5
1780761165.7464118,15,29.4375,1149.75
1780761165.7464118,15,46.265625,724.5
1780761165.7464118,15,50.5625,1733.5
1780761165.7464118,15,56.046875,1584.75
1780761165.7464118,15,57.34375,1570.0
1780761165.7464118,15,58.734375,1550.25
1780761165.7464118,6,60.140625,1530.5
1780761165.7464118,15,62.859375,1452.75
1780761165.7464118,15,64.234375,1460.25
1780761165.7464118,15,65.609375,1442.75
1780761165.7464118,15,76.421875,378.0
1780761165.7464118,15,77.703125,382.0
1780761165.7464118,15,79.0,388.25
1780761165.7464118,15,80.53125,395.5
1780761165.7464118,15,81.609375,403.0
1780761165.7464118,15,82.9375,411.25
1780761165.7464118,15,84.3125,421.25
1780761165.7464118,11,87.265625,1198.0
1780761165.7464118,15,88.59375,1214.75
1780761165.7464118,15,91.234375,1294.5
1780761165.7464118,15,96.90625,1025.25
1780761165.7464118,15,98.21875,1010.75
1780761165.7464118,9,99.578125,1010.5
1780761165.7464118,15,100.890625,1014.5
1780761165.7464118,15,102.265625,1020.5
1780761165.7464118,15,112.46875,647.5
1780761165.7464118,15,113.71875,638.0
1780761165.7464118,15,115.203125,636.0
1780761165.7464118,15,116.421875,636.25
1780761165.7464118,15,117.8125,638.5
1780761165.7464118,15,119.21875,646.0
1780761165.7464118,15,126.734375,267.75
1780761165.7464118,15,128.328125,265.5
1780761165.7464118,15,128.828125,266.75
1780761165.7464118,15,131.390625,268.75
1780761165.7464118,15,132.78125,269.75
1780761165.7464118,15,133.3125,269.5
1780761165.7464118,15,134.171875,268.5
1780761165.7464118,15,137.25,254.25
1780761165.7464118,15,138.734375,249.0
1780761165.7464118,15,142.140625,248.25
1780761165.7464118,15,142.46875,247.0
1780761165.7464118,15,143.34375,243.25
1780761165.7464118,15,144.5,242.0
1780761165.7464118,15,146.359375,243.25
1780761165.7464118,15,149.5,229.0
1780761165.7464118,15,151.515625,222.75
1780761165.7464118,15,152.859375,219.25
1780761165.7464118,15,154.203125,216.25
1780761165.7464118,15,155.546875,214.75
1780761165.7464118,15,159.5625,190.25
1780761165.7464118,15,160.90625,186.75
1780761165.7464118,15,162.203125,181.5
1780761165.7464118,15,163.546875,180.0
1780761165.7464118,15,164.890625,179.5
1780761165.7464118,15,166.21875,178.5
1780761165.7464118,15,167.5625,178.25
1780761165.7464118,15,168.890625,177.5
1780761165.7464118,15,170.234375,177.25
1780761165.7464118,15,171.5625,177.25
1780761165.7464118,15,172.90625,177.0
1780761165.7464118,15,174.25,176.0
1780761165.7464118,15,175.578125,175.75
1780761165.7464118,15,176.921875,175.75
1780761165.7464118,15,178.265625,174.75
1780761165.7464118,15,179.609375,173.75
1780761165.7464118,15,180.9375,173.0
1780761165.7464118,15,182.265625,173.0
1780761165.7464118,15,183.609375,174.25
1780761165.7464118,15,184.953125,175.5
1780761165.7464118,15,186.34375,176.75
1780761165.7464118,15,190.359375,178.25
1780761165.7464118,15,191.703125,178.75
1780761165.7464118,15,193.03125,177.5
1780761165.7464118,15,194.375,175.75
1780761165.7464118,15,195.71875,175.75
1780761165.7464118,15,197.046875,176.25
1780761165.7464118,15,202.421875,186.0
1780761165.7464118,15,203.765625,187.5
1780761165.7464118,15,205.109375,189.0
1780761165.7464118,15,209.125,190.25
1780761165.7464118,15,210.46875,191.25
1780761165.7464118,15,211.796875,193.0
1780761165.7464118,15,258.953125,1198.25
1780761165.7464118,15,263.21875,990.5
1780761165.7464118,15,264.53125,982.0
1780761165.7464118,15,265.875,996.5
1780761165.7464118,15,276.859375,806.25
1780761165.7464118,15,278.171875,821.25
1780761165.7464118,15,279.5,832.5
1780761165.7464118,15,280.8125,836.0
1780761165.7464118,15,282.25,840.0
1780761165.7464118,15,283.5,845.25
1780761165.7464118,15,284.859375,851.25
1780761165.7464118,15,286.203125,855.5
1780761165.7464118,15,287.421875,860.25
1780761165.7464118,15,288.765625,866.0
1780761165.7464118,15,290.0625,871.5
1780761165.7464118,15,291.40625,878.25
1780761165.7464118,15,292.71875,885.5
1780761165.7464118,15,294.15625,893.5
1780761165.7464118,15,295.390625,901.25
1780761165.7464118,15,296.765625,909.0
1780761165.7464118,15,298.078125,918.75
1780761165.7464118,15,299.34375,930.5
1780761165.7464118,15,300.828125,943.5
1780761165.7464118,15,302.09375,955.25
1780761165.7464118,15,303.4375,965.75
1780761165.7464118,15,304.765625,979.25
1780761165.7464118,15,306.0625,995.0
1780761165.7464118,15,307.375,1008.0
1780761165.7464118,15,308.703125,1022.25
1780761165.7464118,15,310.078125,1037.25
1780761165.7464118,15,311.390625,1057.25
1780761165.7464118,15,312.703125,1078.5
1780761165.7464118,15,313.96875,1103.5
1780761165.7464118,15,315.265625,1132.75
1780761165.7464118,9,316.59375,1152.5
1780761165.7464118,15,317.890625,1174.0
1780761165.7464118,15,320.84375,1032.0
1780761165.7464118,15,322.1875,1023.75
1780761165.7464118,15,323.5,1032.25
1780761165.7464118,15,326.140625,1110.75
1780761165.7464118,3,345.46875,2808.5
1780761165.7464118,4,346.734375,2808.5
1780761165.7464118,15,348.0625,2811.0
1780761165.8844075,15,353.4375,2813.5
1780761165.8844075,15,5.5,2813.5
1780761165.8844075,15,6.828125,2813.5
1780761165.8844075,15,8.171875,2813.5
1780761165.8844075,4,20.890625,1265.0
1780761165.8844075,15,22.1875,1249.25
1780761165.8844075,15,23.59375,1237.0
1780761165.8844075,15,24.890625,1221.25
1780761165.8844075,15,26.25,1209.25
1780761165.8844075,15,27.640625,1202.25
1780761165.8844075,15,28.96875,1186.75
1780761165.8844075,13,44.4375,752.25
1780761165.8844075,15,54.21875,1630.5
1780761165.8844075,15,55.515625,1600.75
1780761165.8844075,15,56.90625,1580.75
1780761165.8844075,15,58.234375,1560.0
1780761165.8844075,15,59.625,1540.0
1780761165.8844075,15,60.953125,1529.0
1780761165.8844075,15,70.390625,392.5
1780761165.8844075,15,71.828125,390.5
1780761165.8844075,15,73.140625,395.25
1780761165.8844075,15,74.390625,400.5
1780761165.8844075,15,75.859375,406.5
1780761165.8844075,15,77.0,413.25
1780761165.8844075,15,78.34375,420.75
1780761165.8844075,15,82.828125,1164.0
1780761165.8844075,15,84.046875,1173.0
1780761165.8844075,15,85.390625,1194.75
1780761165.8844075,15,86.703125,1207.5
1780761165.8844075,15,89.25,1293.75
1780761165.8844075,12,96.21875,1007.75
1780761165.8844075,9,97.671875,1008.75
1780761165.8844075,15,99.015625,1011.75
1780761165.8844075,15,100.296875,1015.0
1780761165.8844075,15,101.578125,1031.25
1780761165.8844075,15,109.09375,635.25
1780761165.8844075,15,110.578125,624.0
1780761165.8844075,15,111.78125,618.75
1780761165.8844075,15,113.078125,618.75
1780761165.8844075,15,121.03125,248.5
1780761165.8844075,15,121.203125,246.25
1780761165.8844075,15,122.515625,245.5
1780761165.8844075,15,123.21875,247.5
1780761165.8844075,15,125.703125,249.25
1780761165.8844075,15,126.609375,249.5
1780761165.8844075,15,127.625,245.75
1780761165.8844075,15,128.921875,238.5
1780761165.8844075,15,132.453125,222.5
1780761165.8844075,15,133.59375,219.75
1780761165.8844075,15,134.75,217.5
1780761165.8844075,15,137.296875,215.75
1780761165.8844075,15,138.703125,214.75
1780761165.8844075,15,140.046875,213.75
1780761165.8844075,15,140.421875,212.75
1780761165.8844075,15,145.390625,189.5
1780761165.8844075,15,146.734375,185.5
1780761165.8844075,15,148.0625,183.25
1780761165.8844075,15,153.921875,154.75
1780761165.8844075,15,156.59375,145.5
1780761165.8844075,15,157.9375,144.25
1780761165.8844075,15,159.28125,143.5
1780761165.8844075,15,162.03125,142.5
1780761165.8844075,15,162.28125,141.5
1780761165.8844075,15,163.265625,141.0
1780761165.8844075,15,165.921875,140.25
1780761165.8844075,15,165.921875,139.75
1780761165.8844075,15,167.25,139.25
1780761165.8844075,15,168.59375,138.75
1780761165.8844075,15,169.921875,138.5
1780761165.8844075,15,171.265625,137.5
1780761165.8844075,15,173.515625,137.25
1780761165.8844075,15,173.953125,137.25
1780761165.8844075,15,176.0625,136.75
1780761165.8844075,15,178.140625,136.5
1780761165.8844075,15,177.953125,135.0
1780761165.8844075,15,179.28125,133.75
1780761165.8844075,15,183.296875,135.5
1780761165.8844075,15,191.328125,143.0
1780761165.8844075,15,192.65625,142.5
1780761165.8844075,15,194.0,141.75
1780761165.8844075,15,196.625,139.75
1780761165.8844075,15,197.703125,138.75
1780761165.8844075,15,197.96875,138.75
1780761165.8844075,15,210.03125,153.25
1780761165.8844075,15,214.078125,157.25
1780761165.8844075,15,215.40625,159.5
1780761165.8844075,15,216.765625,160.5
1780761165.8844075,15,218.09375,162.5
1780761165.8844075,15,264.890625,992.25
1780761165.8844075,15,266.171875,975.25
1780761165.8844075,15,267.5,977.75
1780761165.8844075,15,268.875,994.25
1780761165.8844075,15,270.25,1012.0
1780761165.8844075,15,271.46875,1025.75
1780761165.8844075,15,281.140625,837.5
1780761165.8844075,15,282.453125,841.5
1780761165.8844075,15,283.796875,845.75
1780761165.8844075,15,285.109375,853.0
1780761165.8844075,15,286.484375,857.75
1780761165.8844075,15,287.671875,861.75
1780761165.8844075,15,289.046875,869.0
1780761165.8844075,15,290.390625,873.75
1780761165.8844075,15,291.78125,878.75
1780761165.8844075,15,293.078125,888.75
1780761165.8844075,15,294.296875,898.5
1780761165.8844075,15,295.703125,905.5
1780761165.8844075,15,296.96875,913.75
1780761165.8844075,15,298.296875,924.0
1780761165.8844075,15,299.71875,933.5
1780761165.8844075,15,301.0625,944.75
1780761165.8844075,15,302.40625,956.75
1780761165.8844075,15,303.671875,971.25
1780761165.8844075,15,305.078125,984.75
1780761165.8844075,14,306.375,996.5
1780761165.8844075,15,307.65625,1012.5
1780761165.8844075,15,309.078125,1026.25
1780761165.8844075,15,310.390625,1040.5
1780761165.8844075,8,311.625,1062.5
1780761165.8844075,15,313.0,1091.5
1780761165.8844075,15,314.28125,1118.75
1780761165.8844075,15,315.5625,1138.5
1780761165.8844075,15,316.84375,1159.75
1780761165.8844075,15,318.171875,1190.0
1780761165.8844075,15,319.46875,1224.25
1780761165.8844075,15,322.421875,1063.5
1780761165.8844075,15,323.78125,1051.75
1780761165.8844075,2,343.109375,2808.5
1780761165.8844075,2,344.453125,2808.5
1780761165.8844075,15,347.09375,2809.0
1780761166.021413,5,22.609375,1256.25
1780761166.021413,15,23.90625,1249.5
1780761166.021413,15,25.265625,1242.75
1780761166.021413,15,26.625,1236.75
1780761166.021413,15,27.984375,1221.0
1780761166.021413,15,42.15625,781.75
1780761166.021413,15,49.203125,1771.25
1780761166.021413,15,50.578125,1733.5
1780761166.021413,15,56.03125,1593.75
1780761166.021413,7,57.359375,1579.25
1780761166.021413,15,66.8125,403.5
1780761166.021413,15,68.28125,407.25
1780761166.021413,15,69.234375,411.75
1780761166.021413,15,70.546875,417.0
1780761166.021413,15,71.859375,422.75
1780761166.021413,15,73.234375,428.75
1780761166.021413,15,74.40625,436.75
1780761166.021413,15,77.75,1145.75
1780761166.021413,15,79.078125,1147.25
1780761166.021413,15,80.4375,1154.75
1780761166.021413,15,81.796875,1168.5
1780761166.021413,15,83.078125,1188.25
1780761166.021413,15,84.40625,1207.75
1780761166.021413,7,92.640625,1016.75
1780761166.021413,15,94.03125,1006.75
1780761166.021413,15,95.265625,1005.0
1780761166.021413,7,96.671875,1007.75
1780761166.021413,10,97.953125,1010.25
1780761166.021413,15,99.328125,1021.0
1780761166.021413,15,112.203125,229.0
1780761166.021413,15,113.703125,227.75
1780761166.021413,15,115.109375,228.75
1780761166.021413,15,117.6875,229.5
1780761166.021413,15,118.46875,229.25
1780761166.021413,15,119.8125,228.25
1780761166.021413,15,120.421875,225.25
1780761166.021413,15,125.703125,196.75
1780761166.021413,15,127.046875,193.0
1780761166.021413,15,128.390625,190.5
1780761166.021413,15,129.71875,189.0
1780761166.021413,15,131.0625,186.75
1780761166.021413,15,132.390625,185.75
1780761166.021413,15,133.734375,184.0
1780761166.021413,15,138.234375,156.75
1780761166.021413,15,139.578125,154.5
1780761166.021413,15,149.421875,113.0
1780761166.021413,15,151.4375,112.0
1780761166.021413,15,154.078125,111.25
1780761166.021413,15,155.34375,110.25
1780761166.021413,15,155.703125,109.25
1780761166.021413,15,157.046875,108.25
1780761166.021413,15,159.109375,107.0
1780761166.021413,15,161.265625,106.5
1780761166.021413,15,162.21875,106.0
1780761166.021413,15,163.078125,105.0
1780761166.021413,15,165.703125,105.0
1780761166.021413,15,166.375,104.75
1780761166.021413,15,168.421875,104.5
1780761166.021413,15,168.4375,104.25
1780761166.021413,15,169.984375,104.25
1780761166.021413,15,171.234375,104.0
1780761166.021413,15,172.75,103.25
1780761166.021413,15,175.1875,102.25
1780761166.021413,15,186.0625,101.75
1780761166.021413,15,195.828125,107.75
1780761166.021413,15,198.84375,107.5
1780761166.021413,15,199.0,107.25
1780761166.021413,15,200.484375,106.0
1780761166.021413,15,202.703125,105.25
1780761166.021413,15,204.53125,105.0
1780761166.021413,15,205.296875,105.0
1780761166.021413,15,206.109375,105.25
1780761166.021413,15,222.4375,129.25
1780761166.021413,15,267.828125,984.5
1780761166.021413,15,269.109375,979.75
1780761166.021413,15,283.984375,849.25
1780761166.021413,15,285.296875,854.25
1780761166.021413,15,286.65625,857.0
1780761166.021413,15,287.921875,861.75
1780761166.021413,15,289.21875,869.75
1780761166.021413,15,290.59375,876.25
1780761166.021413,15,291.9375,881.25
1780761166.021413,15,293.21875,888.5
1780761166.021413,15,294.484375,896.75
1780761166.021413,15,295.8125,904.0
1780761166.021413,15,297.15625,915.5
1780761166.021413,15,298.546875,925.25
1780761166.021413,15,299.875,932.5
1780761166.021413,15,301.234375,945.75
1780761166.021413,15,302.5625,960.0
1780761166.021413,15,303.796875,969.75
1780761166.021413,15,305.1875,983.25
1780761166.021413,10,306.484375,998.5
1780761166.021413,15,307.859375,1012.0
1780761166.021413,15,309.125,1029.75
1780761166.021413,15,310.40625,1050.0
1780761166.021413,8,311.734375,1069.25
1780761166.021413,15,313.046875,1085.75
1780761166.021413,15,315.71875,1138.75
1780761166.021413,15,316.984375,1159.75
1780761166.021413,15,318.234375,1190.25
1780761166.021413,15,319.546875,1224.5
1780761166.021413,5,320.953125,1244.75
1780761166.021413,15,323.78125,1094.0
1780761166.021413,15,326.4375,1127.5
1780761166.021413,15,327.703125,1152.25
1780761166.021413,2,343.0625,2808.5
1780761166.021413,2,344.40625,2808.5
1780761166.021413,2,345.75,2808.25
1780761166.021413,2,349.6875,2939.5
1780761166.1594183,15,19.796875,1336.5
1780761166.1594183,15,21.140625,1320.0
1780761166.1594183,15,22.484375,1320.0
1780761166.1594183,4,25.296875,1261.75
1780761166.1594183,15,26.5625,1249.5
1780761166.1594183,15,36.921875,2294.25
1780761166.1594183,15,40.734375,812.75
1780761166.1594183,5,50.625,1733.5
1780761166.1594183,15,54.671875,1639.5
1780761166.1594183,15,62.953125,418.5
1780761166.1594183,15,64.25,420.75
1780761166.1594183,15,65.421875,425.0
1780761166.1594183,15,66.8125,430.0
1780761166.1594183,15,67.90625,434.5
1780761166.1594183,15,69.15625,440.0
1780761166.1594183,15,70.546875,446.0
1780761166.1594183,15,73.90625,1135.75
1780761166.1594183,15,75.328125,1137.75
1780761166.1594183,15,76.625,1148.25
1780761166.1594183,15,77.921875,1147.5
1780761166.1594183,15,79.3125,1157.5
1780761166.1594183,15,80.609375,1172.5
1780761166.1594183,15,81.96875,1190.25
1780761166.1594183,15,84.578125,1233.5
1780761166.1594183,7,91.546875,1016.75
1780761166.1594183,9,92.953125,1007.25
1780761166.1594183,15,94.21875,1005.0
1780761166.1594183,15,95.59375,1006.0
1780761166.1594183,8,96.96875,1011.25
1780761166.1594183,5,98.25,1019.25
1780761166.1594183,15,107.328125,221.5
1780761166.1594183,15,108.6875,219.75
1780761166.1594183,15,110.015625,219.75
1780761166.1594183,15,111.359375,219.75
1780761166.1594183,15,112.71875,219.75
1780761166.1594183,15,112.875,217.75
1780761166.1594183,15,119.4375,183.75
1780761166.1594183,15,120.78125,181.25
1780761166.1594183,15,122.109375,178.0
1780761166.1594183,15,123.953125,173.5
1780761166.1594183,15,125.3125,171.25
1780761166.1594183,15,126.15625,171.75
1780761166.1594183,15,130.6875,145.5
1780761166.1594183,15,139.015625,108.75
1780761166.1594183,15,269.515625,986.75
1780761166.1594183,15,270.859375,977.25
1780761166.1594183,15,274.734375,1041.0
1780761166.1594183,15,285.71875,851.5
1780761166.1594183,15,287.078125,857.0
1780761166.1594183,15,288.40625,860.25
1780761166.1594183,15,289.671875,864.75
1780761166.1594183,15,290.921875,872.0
1780761166.1594183,15,292.34375,878.25
1780761166.1594183,15,293.703125,884.0
1780761166.1594183,15,294.90625,893.5
1780761166.1594183,15,296.296875,902.0
1780761166.1594183,15,297.5625,909.25
1780761166.1594183,15,298.875,919.0
1780761166.1594183,15,300.296875,928.0
1780761166.1594183,15,301.625,936.5
1780761166.1594183,15,302.921875,948.75
1780761166.1594183,15,304.296875,963.75
1780761166.1594183,15,305.578125,977.0
1780761166.1594183,15,306.90625,988.5
1780761166.1594183,11,308.265625,1001.25
1780761166.1594183,15,309.484375,1016.0
1780761166.1594183,15,310.828125,1034.25
1780761166.1594183,15,312.171875,1055.75
1780761166.1594183,7,313.421875,1075.0
1780761166.1594183,15,314.828125,1095.0
1780761166.1594183,15,316.109375,1121.75
1780761166.1594183,15,317.4375,1141.0
1780761166.1594183,15,320.015625,1196.75
1780761166.1594183,15,321.328125,1224.75
1780761166.1594183,5,322.625,1249.0
1780761166.1594183,15,326.765625,1094.75
1780761166.1594183,15,328.046875,1117.5
1780761166.2965689,1,7.15625,2941.75
1780761166.2965689,1,8.484375,2941.75
1780761166.2965689,1,9.8125,2941.75
1780761166.2965689,5,11.15625,2948.25
1780761166.2965689,3,12.46875,2948.25
1780761166.2965689,15,22.421875,1331.5
1780761166.2965689,15,23.703125,1325.5
1780761166.2965689,5,26.421875,1262.0
1780761166.2965689,15,27.8125,1249.5
1780761166.2965689,15,29.109375,1242.5
1780761166.2965689,15,37.921875,2294.25
1780761166.2965689,15,55.484375,1639.75
1780761166.2965689,15,63.546875,420.25
1780761166.2965689,15,64.921875,416.75
1780761166.2965689,15,66.234375,420.75
1780761166.2965689,15,67.25,425.0
1780761166.2965689,15,68.90625,430.0
1780761166.2965689,15,70.125,435.5
1780761166.2965689,15,75.984375,1139.5
1780761166.2965689,15,77.28125,1144.25
1780761166.2965689,15,78.53125,1149.75
1780761166.2965689,10,81.25,1159.75
1780761166.2965689,15,82.53125,1182.75
1780761166.2965689,15,83.859375,1204.75
1780761166.2965689,15,85.234375,1215.75
1780761166.2965689,15,87.828125,1294.5
1780761166.2965689,8,92.125,1019.75
1780761166.2965689,8,93.5,1010.5
1780761166.2965689,15,94.859375,1006.75
1780761166.2965689,15,96.125,1007.5
1780761166.2965689,15,97.421875,1008.75
1780761166.2965689,9,98.796875,1013.25
1780761166.2965689,15,109.421875,225.25
1780761166.2965689,15,110.5,221.25
1780761166.2965689,15,111.828125,219.5
1780761166.2965689,15,113.171875,220.75
1780761166.2965689,15,114.453125,222.75
1780761166.2965689,15,115.796875,222.5
1780761166.2965689,15,115.78125,219.25
1780761166.2965689,15,121.375,192.5
1780761166.2965689,15,122.4375,189.25
1780761166.2965689,15,125.109375,176.75
1780761166.2965689,15,126.453125,174.0
1780761166.2965689,15,128.28125,172.0
1780761166.2965689,15,262.28125,384.75
1780761166.2965689,15,269.265625,994.75
1780761166.2965689,15,270.703125,982.5
1780761166.2965689,15,271.9375,987.75
1780761166.2965689,12,273.3125,1004.5
1780761166.2965689,15,274.546875,1016.25
1780761166.2965689,15,275.84375,1033.0
1780761166.2965689,15,284.25,814.75
1780761166.2965689,15,286.796875,855.0
1780761166.2965689,15,288.171875,859.25
1780761166.2965689,15,289.46875,862.0
1780761166.2965689,15,290.765625,869.0
1780761166.2965689,15,292.03125,876.75
1780761166.2965689,15,293.390625,882.0
1780761166.2965689,15,294.734375,889.25
1780761166.2965689,15,296.0,897.0
1780761166.2965689,15,297.34375,905.75
1780761166.2965689,15,298.65625,916.25
1780761166.2965689,15,299.953125,924.75
1780761166.2965689,15,301.359375,932.75
1780761166.2965689,12,302.578125,944.75
1780761166.2965689,15,303.984375,958.0
1780761166.2965689,15,305.21875,969.0
1780761166.2965689,15,306.578125,981.75
1780761166.2965689,15,307.859375,997.25
1780761166.2965689,15,309.171875,1012.5
1780761166.2965689,15,310.53125,1025.0
1780761166.2965689,15,311.765625,1039.75
1780761166.2965689,15,313.046875,1062.75
1780761166.2965689,15,314.34375,1085.25
1780761166.2965689,15,315.65625,1112.0
1780761166.2965689,15,317.015625,1137.25
1780761166.2965689,9,318.28125,1153.5
1780761166.2965689,15,319.578125,1175.0
1780761166.2965689,15,322.203125,1237.0
1780761166.2965689,15,325.09375,1100.0
1780761166.2965689,5,326.328125,1091.25
1780761166.2965689,15,327.71875,1111.75
1780761166.2965689,15,328.96875,1136.75
1780761166.4373753,2,13.5625,2942.25
1780761166.4373753,15,22.171875,1338.0
1780761166.4373753,15,24.859375,1276.75
1780761166.4373753,4,26.1875,1262.0
1780761166.4373753,15,27.5625,1250.0
1780761166.4373753,15,28.90625,1243.25
1780761166.4373753,15,42.953125,804.25
1780761166.4373753,15,51.296875,1759.0
1780761166.4373753,3,52.65625,1721.75
1780761166.4373753,15,64.5625,416.0
1780761166.4373753,15,66.171875,419.75
1780761166.4373753,15,67.484375,423.5
1780761166.4373753,15,68.5625,428.25
1780761166.4373753,15,70.015625,433.75
1780761166.4373753,15,71.09375,439.5
1780761166.4373753,15,72.421875,446.5
1780761166.4373753,15,75.78125,1139.0
1780761166.4373753,15,77.109375,1140.0
1780761166.4373753,15,78.4375,1142.5
1780761166.4373753,15,81.15625,1153.0
1780761166.4373753,15,82.453125,1177.5
1780761166.4373753,7,83.78125,1202.0
1780761166.4373753,15,85.140625,1212.25
1780761166.4373753,15,87.65625,1293.5
1780761166.4373753,7,92.03125,1023.0
1780761166.4373753,15,93.390625,1014.75
1780761166.4373753,15,94.71875,1010.75
1780761166.4373753,15,95.96875,1010.75
1780761166.4373753,7,97.390625,1012.75
1780761166.4373753,8,98.6875,1013.75
1780761166.4373753,15,99.96875,1023.5
1780761166.4373753,15,108.234375,222.75
1780761166.4373753,15,110.40625,219.75
1780761166.4373753,15,111.75,219.75
1780761166.4373753,15,113.078125,220.5
1780761166.4373753,15,113.046875,221.75
1780761166.4373753,15,115.71875,221.75
1780761166.4373753,15,121.0625,192.0
1780761166.4373753,15,122.15625,188.0
1780761166.4373753,15,125.078125,176.25
1780761166.4373753,15,126.40625,174.75
1780761166.4373753,15,216.875,102.5
1780761166.4373753,15,268.5,1021.75
1780761166.4373753,15,271.171875,978.25
1780761166.4373753,15,272.5625,989.25
1780761166.4373753,15,275.140625,1014.5
1780761166.4373753,15,286.09375,852.0
1780761166.4373753,15,287.34375,857.75
1780761166.4373753,15,288.65625,860.5
1780761166.4373753,15,289.9375,865.5
1780761166.4373753,15,291.34375,872.25
1780761166.4373753,15,292.65625,878.75
1780761166.4373753,15,293.921875,885.5
1780761166.4373753,15,295.21875,896.0
1780761166.4373753,15,296.671875,904.5
1780761166.4373753,15,297.890625,911.5
1780761166.4373753,15,299.203125,920.75
1780761166.4373753,15,300.609375,930.75
1780761166.4373753,15,301.859375,940.25
1780761166.4373753,15,303.171875,949.5
1780761166.4373753,15,304.53125,963.0
1780761166.4373753,15,305.828125,976.25
1780761166.4373753,15,307.15625,992.75
1780761166.4373753,15,308.5,1005.5
1780761166.4373753,15,309.734375,1016.25
1780761166.4373753,15,311.046875,1033.25
1780761166.4373753,15,312.453125,1054.5
1780761166.4373753,15,313.734375,1074.25
1780761166.4373753,15,315.015625,1095.0
1780761166.4373753,15,316.328125,1122.0
1780761166.4373753,15,317.6875,1141.5
1780761166.4373753,15,320.234375,1197.75
1780761166.4373753,15,321.53125,1226.5
1780761166.4373753,15,322.859375,1247.5
1780761166.4373753,15,325.78125,1094.75
1780761166.4373753,15,327.078125,1098.75
1780761166.5753994,15,21.671875,1338.75
1780761166.5753994,15,23.03125,1315.0
1780761166.5753994,15,25.78125,1283.0
1780761166.5753994,5,27.140625,1261.75
1780761166.5753994,15,28.484375,1249.25
1780761166.5753994,10,38.6875,2271.5
1780761166.5753994,15,42.515625,807.25
1780761166.5753994,15,50.890625,1759.75
1780761166.5753994,15,52.234375,1733.25
1780761166.5753994,15,56.359375,1619.5
1780761166.5753994,15,64.375,416.0
1780761166.5753994,15,65.71875,418.75
1780761166.5753994,15,66.875,422.75
1780761166.5753994,15,68.1875,427.75
1780761166.5753994,15,69.359375,433.25
1780761166.5753994,15,71.03125,438.5
1780761166.5753994,15,72.265625,444.25
1780761166.5753994,6,75.421875,1145.0
1780761166.5753994,15,76.78125,1148.0
1780761166.5753994,15,78.1875,1144.75
1780761166.5753994,15,79.484375,1142.5
1780761166.5753994,14,80.78125,1159.25
1780761166.5753994,15,82.171875,1176.5
1780761166.5753994,15,83.390625,1193.5
1780761166.5753994,15,84.71875,1213.0
1780761166.5753994,15,94.4375,1007.0
1780761166.5753994,15,95.671875,1009.5
1780761166.5753994,15,97.0625,1014.5
1780761166.5753994,9,98.34375,1015.5
1780761166.5753994,15,99.640625,1020.0
1780761166.5753994,15,110.09375,219.75
1780761166.5753994,15,111.421875,219.75
1780761166.5753994,15,112.765625,220.75
1780761166.5753994,15,114.078125,221.75
1780761166.5753994,15,115.421875,220.75
1780761166.5753994,15,116.25,216.5
1780761166.5753994,15,120.515625,191.25
1780761166.5753994,15,123.421875,175.75
1780761166.5753994,15,140.015625,107.75
1780761166.5753994,15,262.703125,384.5
1780761166.5753994,15,269.84375,991.25
1780761166.5753994,15,271.171875,978.0
1780761166.5753994,15,275.21875,1037.75
1780761166.5753994,15,286.015625,851.75
1780761166.5753994,15,287.3125,857.25
1780761166.5753994,15,288.65625,860.25
1780761166.5753994,15,290.046875,865.5
1780761166.5753994,15,291.34375,872.25
1780761166.5753994,15,292.671875,878.5
1780761166.5753994,15,294.015625,885.25
1780761166.5753994,15,295.375,893.5
1780761166.5753994,15,296.59375,902.0
1780761166.5753994,15,298.015625,909.5
1780761166.5753994,15,299.34375,918.5
1780761166.5753994,15,300.6875,929.75
1780761166.5753994,15,301.953125,939.25
1780761166.5753994,15,303.28125,949.75
1780761166.5753994,15,304.53125,962.75
1780761166.5753994,15,305.859375,976.0
1780761166.5753994,15,307.265625,992.0
1780761166.5753994,15,308.53125,1005.0
1780761166.5753994,15,309.90625,1017.75
1780761166.5753994,15,311.203125,1034.25
1780761166.5753994,15,312.5,1054.5
1780761166.5753994,15,313.78125,1075.0
1780761166.5753994,15,315.125,1095.75
1780761166.5753994,7,316.390625,1126.0
1780761166.5753994,15,317.734375,1145.75
1780761166.5753994,15,320.328125,1198.0
1780761166.5753994,15,321.609375,1226.25
1780761166.5753994,15,322.921875,1250.0
1780761166.5753994,7,325.953125,1091.75
1780761166.5753994,15,328.546875,1130.25
1780761166.5753994,6,329.765625,1160.5
1780761166.712394,15,21.765625,1338.5
1780761166.712394,15,24.46875,1268.0
1780761166.712394,15,25.890625,1262.25
1780761166.712394,15,27.203125,1255.25
1780761166.712394,15,28.5625,1248.25
1780761166.712394,15,42.59375,805.5
1780761166.712394,15,51.03125,1759.5
1780761166.712394,2,52.390625,1722.5
1780761166.712394,15,56.484375,1619.75
1780761166.712394,15,64.515625,415.75
1780761166.712394,15,65.9375,419.5
1780761166.712394,15,67.28125,423.5
1780761166.712394,15,68.578125,428.5
1780761166.712394,15,69.96875,433.5
1780761166.712394,15,71.046875,439.0
1780761166.712394,15,72.453125,446.0
1780761166.712394,15,75.75,1140.0
1780761166.712394,15,77.03125,1140.25
1780761166.712394,7,78.390625,1145.75
1780761166.712394,15,79.71875,1155.5
1780761166.712394,15,81.125,1165.75
1780761166.712394,15,82.4375,1177.0
1780761166.712394,7,83.65625,1200.5
1780761166.712394,15,85.03125,1212.75
1780761166.712394,15,87.625,1296.0
1780761166.712394,15,91.953125,1025.5
1780761166.712394,15,93.265625,1014.5
1780761166.712394,15,94.546875,1007.75
1780761166.712394,15,95.90625,1010.5
1780761166.712394,8,97.265625,1011.25
1780761166.712394,7,98.578125,1012.5
1780761166.712394,15,99.859375,1023.75
1780761166.712394,15,109.0,221.0
1780761166.712394,15,110.328125,219.25
1780761166.712394,15,111.671875,220.5
1780761166.712394,15,113.015625,221.25
1780761166.712394,15,113.296875,220.25
1780761166.712394,15,119.6875,188.75
1780761166.712394,15,121.03125,184.75
1780761166.712394,15,124.203125,173.25
1780761166.712394,15,125.546875,172.0
1780761166.712394,15,126.390625,172.25
1780761166.712394,15,141.109375,106.5
1780761166.712394,15,270.390625,984.5
1780761166.712394,15,271.703125,983.75
1780761166.712394,15,284.015625,824.75
1780761166.712394,15,286.546875,854.5
1780761166.712394,15,287.953125,857.75
1780761166.712394,15,289.1875,861.75
1780761166.712394,15,290.53125,868.0
1780761166.712394,15,291.8125,874.25
1780761166.712394,15,293.171875,881.25
1780761166.712394,15,294.515625,888.75
1780761166.712394,15,295.8125,897.0
1780761166.712394,15,297.1875,905.25
1780761166.712394,15,298.453125,913.75
1780761166.712394,15,299.875,925.25
1780761166.712394,15,301.265625,934.75
1780761166.712394,15,302.53125,944.0
1780761166.712394,15,303.828125,957.0
1780761166.712394,15,305.203125,968.0
1780761166.712394,15,306.515625,980.75
1780761166.712394,15,307.765625,996.75
1780761166.712394,15,309.171875,1012.25
1780761166.712394,15,310.5,1024.75
1780761166.712394,15,311.765625,1038.75
1780761166.712394,15,313.078125,1061.75
1780761166.712394,15,314.375,1085.0
1780761166.712394,15,315.765625,1112.0
1780761166.712394,15,317.03125,1137.25
1780761166.712394,9,318.296875,1154.0
1780761166.712394,15,319.640625,1179.75
1780761166.712394,15,320.9375,1210.25
1780761166.712394,15,322.28125,1233.25
1780761166.712394,15,325.1875,1099.5
1780761166.712394,6,326.609375,1083.75
1780761166.712394,15,347.140625,2911.5
1780761166.712394,15,348.484375,2891.5
1780761166.712394,3,349.8125,2929.75
1780761166.8504,3,351.140625,2958.5
1780761166.8504,2,352.484375,2941.75
1780761166.8504,2,353.828125,2941.75
1780761166.8504,2,11.1875,2946.5
1780761166.8504,2,12.515625,2946.5
1780761166.8504,2,13.84375,2941.75
1780761166.8504,15,22.453125,1331.5
1780761166.8504,15,25.203125,1280.0
1780761166.8504,6,26.5625,1262.0
1780761166.8504,15,27.90625,1249.5
1780761166.8504,15,38.140625,2294.25
1780761166.8504,15,43.328125,814.25
1780761166.8504,15,50.40625,1771.75
1780761166.8504,5,51.8125,1734.5
1780761166.8504,15,55.859375,1639.75
1780761166.8504,15,63.890625,419.5
1780761166.8504,15,65.21875,416.5
1780761166.8504,15,66.53125,420.5
1780761166.8504,15,67.59375,424.75
1780761166.8504,15,69.0,429.75
1780761166.8504,15,70.5,435.0
1780761166.8504,15,71.828125,440.75
1780761166.8504,15,76.34375,1144.0
1780761166.8504,15,77.609375,1145.25
1780761166.8504,15,79.046875,1146.0
1780761166.8504,15,80.359375,1155.5
1780761166.8504,15,81.671875,1170.5
1780761166.8504,15,82.984375,1185.25
1780761166.8504,8,84.21875,1212.0
1780761166.8504,15,85.578125,1223.25
1780761166.8504,15,88.1875,1296.25
1780761166.8504,7,92.453125,1019.5
1780761166.8504,15,93.875,1011.0
1780761166.8504,15,95.1875,1010.25
1780761166.8504,15,96.515625,1013.75
1780761166.8504,15,97.765625,1014.5
1780761166.8504,7,99.109375,1015.75
1780761166.8504,15,108.484375,221.25
1780761166.8504,15,110.859375,219.5
1780761166.8504,15,112.1875,220.75
1780761166.8504,15,112.1875,222.0
1780761166.8504,15,114.84375,221.75
1780761166.8504,15,117.5,210.5
1780761166.8504,15,121.515625,187.75
1780761166.8504,15,124.1875,175.5
1780761166.8504,15,126.015625,172.75
1780761166.8504,15,126.859375,173.0
1780761166.8504,15,270.421875,983.25
1780761166.8504,15,271.734375,982.5
1780761166.8504,6,273.046875,1000.5
1780761166.8504,15,283.96875,822.25
1780761166.8504,15,286.59375,854.25
1780761166.8504,15,287.859375,857.5
1780761166.8504,15,289.3125,861.0
1780761166.8504,15,290.515625,867.5
1780761166.8504,15,291.890625,874.5
1780761166.8504,15,293.203125,881.25
1780761166.8504,15,294.46875,888.5
1780761166.8504,15,295.859375,896.75
1780761166.8504,15,297.21875,905.0
1780761166.8504,15,298.484375,913.5
1780761166.8504,15,299.96875,923.25
1780761166.8504,15,301.171875,933.0
1780761166.8504,13,302.484375,944.25
1780761166.8504,15,303.875,957.0
1780761166.8504,15,305.140625,967.75
1780761166.8504,15,306.484375,980.75
1780761166.8504,9,307.8125,996.75
1780761166.8504,15,309.1875,1012.5
1780761166.8504,15,310.453125,1025.25
1780761166.8504,15,311.78125,1039.25
1780761166.8504,15,313.109375,1062.25
1780761166.8504,15,314.359375,1091.75
1780761166.8504,15,315.65625,1118.25
1780761166.8504,15,317.015625,1137.25
1780761166.8504,10,318.296875,1153.75
1780761166.8504,15,319.6875,1179.75
1780761166.8504,15,320.921875,1214.0
1780761166.8504,15,322.25,1237.0
1780761166.8504,15,325.1875,1102.5
1780761166.8504,5,326.546875,1086.5
1780761166.8504,6,344.4375,2941.0
1780761166.8504,15,345.765625,2928.0
1780761166.8504,15,347.0625,2907.25
1780761166.8504,15,348.390625,2891.25
1780761166.8504,4,349.734375,2924.5
1780761166.9875338,2,351.0625,2953.5
1780761166.9875338,2,352.40625,2941.75
1780761166.9875338,2,353.734375,2941.75
1780761166.9875338,2,11.09375,2945.25
1780761166.9875338,2,12.4375,2945.25
1780761166.9875338,2,13.765625,2941.75
1780761166.9875338,15,22.40625,1331.5
1780761166.9875338,15,25.125,1280.0
1780761166.9875338,5,26.4375,1262.0
1780761166.9875338,15,27.828125,1249.5
1780761166.9875338,15,29.125,1242.5
1780761166.9875338,15,38.078125,2294.25
1780761166.9875338,15,43.25,811.5
1780761166.9875338,15,55.796875,1639.75
1780761166.9875338,15,63.90625,420.5
1780761166.9875338,15,64.953125,416.25
1780761166.9875338,15,66.484375,420.5
1780761166.9875338,15,67.6875,424.75
1780761166.9875338,15,68.984375,429.25
1780761166.9875338,15,70.1875,434.5
1780761166.9875338,15,71.6875,440.5
1780761166.9875338,15,76.234375,1144.5
1780761166.9875338,15,77.53125,1145.0
1780761166.9875338,15,78.875,1146.25
1780761166.9875338,15,80.171875,1155.75
1780761166.9875338,15,81.53125,1170.0
1780761166.9875338,15,82.8125,1184.5
1780761166.9875338,8,84.09375,1204.75
1780761166.9875338,10,85.5,1215.25
1780761166.9875338,15,88.109375,1296.75
1780761166.9875338,8,92.359375,1019.5
1780761166.9875338,9,93.734375,1011.0
1780761166.9875338,15,95.078125,1006.25
1780761166.9875338,15,96.328125,1010.0
1780761166.9875338,15,97.703125,1014.5
1780761166.9875338,8,99.109375,1014.5
1780761166.9875338,15,108.390625,221.25
1780761166.9875338,15,110.765625,219.5
1780761166.9875338,15,112.109375,220.5
1780761166.9875338,15,113.4375,221.5
1780761166.9875338,15,114.765625,220.75
1780761166.9875338,15,116.109375,216.75
1780761166.9875338,15,121.453125,187.5
1780761166.9875338,15,124.125,175.25
1780761166.9875338,15,125.953125,172.5
1780761166.9875338,15,126.796875,172.75
1780761166.9875338,15,216.5,101.5
1780761166.9875338,15,269.21875,999.25
1780761166.9875338,15,270.484375,983.25
1780761166.9875338,13,273.1875,1008.0
1780761166.9875338,15,275.8125,1021.0
1780761166.9875338,15,284.140625,814.25
1780761166.9875338,15,286.71875,853.5
1780761166.9875338,15,288.046875,858.75
1780761166.9875338,15,289.4375,861.75
1780761166.9875338,15,290.765625,868.5
1780761166.9875338,15,292.03125,876.5
1780761166.9875338,15,293.4375,882.25
1780761166.9875338,15,294.75,889.25
1780761166.9875338,15,295.984375,897.25
1780761166.9875338,15,297.34375,906.0
1780761166.9875338,15,298.65625,914.75
1780761166.9875338,15,300.015625,923.75
1780761166.9875338,15,301.46875,933.75
1780761166.9875338,15,302.71875,945.75
1780761166.9875338,15,304.015625,959.25
1780761166.9875338,15,305.328125,972.0
1780761166.9875338,15,306.75,984.5
1780761166.9875338,9,308.0625,998.0
1780761166.9875338,15,309.34375,1014.25
1780761166.9875338,15,310.71875,1027.25
1780761166.9875338,15,311.90625,1045.0
1780761166.9875338,15,313.328125,1068.5
1780761166.9875338,15,314.625,1086.75
1780761166.9875338,15,317.25,1138.75
1780761166.9875338,15,318.5,1159.5
1780761166.9875338,15,319.796875,1189.75
1780761166.9875338,15,321.125,1224.0
1780761166.9875338,6,322.515625,1244.0
1780761166.9875338,15,325.296875,1103.5
1780761166.9875338,15,326.65625,1099.25
1780761166.9875338,15,348.609375,2907.25
1780761167.1254153,6,351.296875,2973.75
1780761167.1254153,4,352.609375,2959.0
1780761167.1254153,15,353.953125,2940.5
1780761167.1254153,2,11.375,2938.75
1780761167.1254153,2,12.71875,2941.75
1780761167.1254153,2,14.046875,2941.75
1780761167.1254153,15,21.390625,1331.75
1780761167.1254153,15,25.484375,1262.0
1780761167.1254153,5,26.765625,1256.0
1780761167.1254153,15,28.15625,1249.5
1780761167.1254153,15,29.515625,1242.5
1780761167.1254153,15,38.390625,2294.25
1780761167.1254153,15,42.28125,809.5
1780761167.1254153,15,50.640625,1771.5
1780761167.1254153,5,52.046875,1734.25
1780761167.1254153,15,64.015625,418.5
1780761167.1254153,15,65.390625,417.0
1780761167.1254153,15,66.515625,421.0
1780761167.1254153,15,67.90625,425.25
1780761167.1254153,15,69.234375,430.25
1780761167.1254153,15,70.421875,436.0
1780761167.1254153,15,71.71875,441.75
1780761167.1254153,15,76.53125,1141.0
1780761167.1254153,15,77.859375,1146.25
1780761167.1254153,15,79.15625,1147.0
1780761167.1254153,15,80.46875,1150.5
1780761167.1254153,15,81.8125,1165.5
1780761167.1254153,15,83.140625,1189.0
1780761167.1254153,15,84.5,1193.75
1780761167.1254153,15,85.71875,1202.75
1780761167.1254153,7,92.71875,1013.5
1780761167.1254153,15,93.984375,1007.0
1780761167.1254153,15,95.359375,1005.75
1780761167.1254153,15,96.640625,1010.5
1780761167.1254153,7,98.0,1014.75
1780761167.1254153,15,99.421875,1019.25
1780761167.1254153,15,107.859375,223.25
1780761167.1254153,15,108.71875,219.75
1780761167.1254153,15,111.09375,219.5
1780761167.1254153,15,112.421875,219.75
1780761167.1254153,15,112.453125,221.0
1780761167.1254153,15,115.140625,221.0
1780761167.1254153,15,116.46875,216.75
1780761167.1254153,15,120.484375,189.75
1780761167.1254153,15,121.828125,185.25
1780761167.1254153,15,125.0,174.5
1780761167.1254153,15,126.34375,172.25
1780761167.1254153,15,127.1875,172.5
1780761167.1254153,15,269.359375,991.25
1780761167.1254153,15,270.703125,980.75
1780761167.1254153,15,273.421875,992.75
1780761167.1254153,3,274.640625,1018.75
1780761167.1254153,15,275.984375,1038.75
1780761167.1254153,15,284.421875,819.0
1780761167.1254153,15,287.046875,854.5
1780761167.1254153,15,288.296875,859.75
1780761167.1254153,15,289.609375,864.5
1780761167.1254153,15,290.9375,870.0
1780761167.1254153,15,292.265625,876.25
1780761167.1254153,15,293.59375,883.5
1780761167.1254153,15,295.03125,891.5
1780761167.1254153,15,296.328125,900.0
1780761167.1254153,15,297.578125,907.5
1780761167.1254153,15,298.953125,917.5
1780761167.1254153,15,300.3125,927.5
1780761167.1254153,15,301.59375,936.0
1780761167.1254153,15,302.953125,948.25
1780761167.1254153,15,304.28125,960.0
1780761167.1254153,15,305.609375,969.5
1780761167.1254153,15,306.921875,984.0
1780761167.1254153,11,308.25,1000.25
1780761167.1254153,15,309.59375,1015.25
1780761167.1254153,15,310.859375,1031.25
1780761167.1254153,15,312.21875,1050.5
1780761167.1254153,7,313.484375,1072.0
1780761167.1254153,15,314.78125,1089.25
1780761167.1254153,15,317.46875,1140.5
1780761167.1254153,15,320.03125,1196.5
1780761167.1254153,15,321.40625,1224.5
1780761167.1254153,5,322.75,1244.75
1780761167.1254153,15,325.578125,1094.5
1780761167.1254153,15,326.859375,1090.25
1780761167.1254153,15,328.1875,1113.0
1780761167.2626896,7,351.484375,2968.0
1780761167.2626896,6,352.828125,2963.5
1780761167.2626896,4,354.15625,2952.25
1780761167.2626896,15,7.53125,2940.25
1780761167.2626896,3,11.59375,2938.75
1780761167.2626896,2,12.9375,2941.75
1780761167.2626896,2,14.265625,2941.75
1780761167.2626896,15,21.578125,1338.75
1780761167.2626896,15,25.65625,1280.0
1780761167.2626896,15,27.0,1261.75
1780761167.2626896,15,28.359375,1249.0
1780761167.2626896,15,42.421875,806.5
1780761167.2626896,15,50.875,1759.75
1780761167.2626896,15,52.234375,1733.25
1780761167.2626896,15,56.328125,1619.5
1780761167.2626896,15,64.375,416.5
1780761167.2626896,15,65.578125,417.5
1780761167.2626896,15,66.765625,421.5
1780761167.2626896,15,68.34375,426.0
1780761167.2626896,15,69.375,430.5
1780761167.2626896,15,70.875,436.5
1780761167.2626896,15,72.015625,442.5
1780761167.2626896,15,76.8125,1141.0
1780761167.2626896,15,78.140625,1146.0
1780761167.2626896,15,79.421875,1147.25
1780761167.2626896,11,80.75,1156.0
1780761167.2626896,15,82.078125,1171.25
1780761167.2626896,15,83.40625,1189.5
1780761167.2626896,15,84.6875,1207.25
1780761167.2626896,15,86.03125,1223.0
1780761167.2626896,15,87.34375,1244.75
1780761167.2626896,15,94.421875,1007.0
1780761167.2626896,15,95.703125,1009.75
1780761167.2626896,15,97.0625,1014.25
1780761167.2626896,8,98.390625,1015.0
1780761167.2626896,5,99.703125,1023.0
1780761167.2626896,15,107.734375,221.25
1780761167.2626896,15,109.109375,218.25
1780761167.2626896,15,111.453125,218.5
1780761167.2626896,15,112.796875,220.5
1780761167.2626896,15,114.140625,220.5
1780761167.2626896,15,115.484375,217.75
1780761167.2626896,15,115.8125,213.25
1780761167.2626896,15,120.84375,186.5
1780761167.2626896,15,123.515625,175.75
1780761167.2626896,15,125.359375,172.75
1780761167.2626896,15,126.203125,172.0
1780761167.2626896,15,140.171875,108.0
1780761167.2626896,15,263.21875,382.5
1780761167.2626896,15,269.953125,985.25
1780761167.2626896,15,271.359375,983.5
1780761167.2626896,15,272.59375,1006.75
1780761167.2626896,15,286.40625,852.25
1780761167.2626896,15,287.609375,857.25
1780761167.2626896,15,288.953125,860.5
1780761167.2626896,15,290.328125,866.0
1780761167.2626896,15,291.578125,873.0
1780761167.2626896,15,293.015625,879.25
1780761167.2626896,15,294.359375,885.75
1780761167.2626896,15,295.6875,894.75
1780761167.2626896,15,297.015625,904.25
1780761167.2626896,15,298.28125,913.25
1780761167.2626896,15,299.59375,923.5
1780761167.2626896,15,300.921875,933.25
1780761167.2626896,15,302.28125,942.25
1780761167.2626896,15,303.5625,955.0
1780761167.2626896,15,304.96875,967.0
1780761167.2626896,15,306.25,978.5
1780761167.2626896,15,307.53125,994.25
1780761167.2626896,15,308.921875,1008.0
1780761167.2626896,15,310.265625,1022.25
1780761167.2626896,15,311.5,1038.25
1780761167.2626896,15,312.875,1059.0
1780761167.2626896,15,314.125,1083.0
1780761167.2626896,15,316.734375,1136.75
1780761167.2626896,15,318.109375,1152.5
1780761167.2626896,15,319.421875,1173.75
1780761167.2626896,15,322.0,1237.0
1780761167.2626896,15,324.9375,1107.5
1780761167.2626896,15,326.21875,1090.5
1780761167.2626896,4,327.5625,1099.25
1780761167.2626896,15,328.828125,1131.5
1780761167.397506,2,350.96875,2941.75
1780761167.397506,2,352.328125,2941.75
1780761167.397506,2,353.671875,2941.75
1780761167.397506,2,11.109375,2944.25
1780761167.397506,2,12.453125,2944.25
1780761167.397506,15,22.484375,1325.75
1780761167.397506,15,25.140625,1280.0
1780761167.397506,5,26.609375,1261.75
1780761167.397506,15,27.890625,1249.25
1780761167.397506,15,29.296875,1242.5
1780761167.397506,15,38.171875,2294.25
1780761167.397506,15,43.28125,809.75
1780761167.397506,15,55.890625,1629.25
1780761167.397506,15,64.078125,418.5
1780761167.397506,15,65.09375,416.25
1780761167.397506,15,66.640625,420.5
1780761167.397506,15,67.703125,424.75
1780761167.397506,15,69.03125,429.75
1780761167.397506,15,70.59375,435.75
1780761167.397506,15,71.71875,441.5
1780761167.397506,15,76.4375,1139.75
1780761167.397506,15,77.734375,1145.5
1780761167.397506,15,79.0625,1146.0
1780761167.397506,15,80.421875,1149.25
1780761167.397506,15,81.765625,1164.25
1780761167.397506,15,83.109375,1188.0
1780761167.397506,15,84.40625,1210.75
1780761167.397506,15,85.75,1219.75
1780761167.397506,7,92.75,1016.75
1780761167.397506,15,94.15625,1007.5
1780761167.397506,15,95.5,1005.75
1780761167.397506,15,96.84375,1007.25
1780761167.397506,7,98.078125,1011.5
1780761167.397506,6,99.5,1018.75
1780761167.397506,15,107.5,222.25
1780761167.397506,15,109.875,219.25
1780761167.397506,15,111.21875,219.5
1780761167.397506,15,112.5625,219.75
1780761167.397506,15,113.859375,219.75
1780761167.397506,15,115.203125,217.75
1780761167.397506,15,116.53125,213.5
1780761167.397506,15,121.90625,181.75
1780761167.397506,15,123.25,177.25
1780761167.397506,15,125.09375,172.75
1780761167.397506,15,126.4375,170.0
1780761167.397506,15,127.78125,169.0
1780761167.397506,15,139.859375,108.5
1780761167.397506,15,262.953125,381.5
1780761167.397506,15,269.921875,986.25
1780761167.397506,15,271.265625,978.0
1780761167.397506,15,286.125,852.25
1780761167.397506,15,287.5,856.75
1780761167.397506,15,288.75,860.25
1780761167.397506,15,290.078125,865.25
1780761167.397506,15,291.53125,872.25
1780761167.397506,15,292.78125,879.5
1780761167.397506,15,294.125,887.0
1780761167.397506,15,295.515625,894.75
1780761167.397506,15,296.8125,902.5
1780761167.397506,15,298.109375,912.0
1780761167.397506,15,299.390625,921.5
1780761167.397506,15,300.75,930.25
1780761167.397506,15,302.140625,940.75
1780761167.397506,15,303.40625,951.5
1780761167.397506,15,304.8125,963.75
1780761167.397506,15,306.03125,977.25
1780761167.397506,10,307.421875,992.5
1780761167.397506,15,308.6875,1007.0
1780761167.397506,15,309.984375,1020.25
1780761167.397506,15,311.34375,1036.0
1780761167.397506,15,312.671875,1058.25
1780761167.397506,15,314.015625,1081.75
1780761167.397506,15,316.625,1136.0
1780761167.397506,15,317.875,1147.25
1780761167.397506,15,320.53125,1199.0
1780761167.397506,15,321.828125,1226.75
1780761167.397506,15,323.21875,1255.5
1780761167.397506,15,326.078125,1094.0
1780761167.397506,15,328.71875,1131.25
1780761167.5345953,2,350.8125,2941.75
1780761167.5345953,2,352.15625,2941.75
1780761167.5345953,2,353.515625,2941.75
1780761167.5345953,2,12.3125,2941.75
1780761167.5345953,15,22.359375,1319.75
1780761167.5345953,15,23.640625,1319.75
1780761167.5345953,5,26.46875,1261.75
1780761167.5345953,15,27.796875,1249.25
1780761167.5345953,15,29.125,1237.25
1780761167.5345953,15,38.03125,2294.25
1780761167.5345953,15,43.1875,811.5
1780761167.5345953,15,55.796875,1639.75
1780761167.5345953,15,64.03125,418.75
1780761167.5345953,15,65.375,416.25
1780761167.5345953,15,66.5625,420.5
1780761167.5345953,15,67.59375,424.75
1780761167.5345953,15,69.171875,429.75
1780761167.5345953,15,70.25,435.0
1780761167.5345953,15,71.75,440.75
1780761167.5345953,15,76.375,1147.25
1780761167.5345953,15,77.640625,1148.0
1780761167.5345953,15,78.984375,1146.0
1780761167.5345953,15,80.328125,1149.25
1780761167.5345953,15,81.71875,1164.5
1780761167.5345953,15,83.0,1187.75
1780761167.5345953,15,84.359375,1195.5
1780761167.5345953,15,85.703125,1204.75
1780761167.5345953,7,92.5625,1016.75
1780761167.5345953,15,94.015625,1006.75
1780761167.5345953,15,95.296875,1005.25
1780761167.5345953,15,96.640625,1005.75
1780761167.5345953,8,98.03125,1008.25
1780761167.5345953,15,99.265625,1017.25
1780761167.5345953,15,108.390625,221.75
1780761167.5345953,15,109.734375,219.25
1780761167.5345953,15,111.078125,219.25
1780761167.5345953,15,112.421875,219.75
1780761167.5345953,15,113.765625,218.0
1780761167.5345953,15,113.953125,216.0
1780761167.5345953,15,116.40625,214.5
1780761167.5345953,15,120.4375,187.5
1780761167.5345953,15,121.765625,184.0
1780761167.5345953,15,124.953125,173.25
1780761167.5345953,15,126.296875,171.0
1780761167.5345953,15,127.640625,171.0
1780761167.5345953,15,139.625,107.5
1780761167.5345953,15,262.609375,381.0
1780761167.5345953,15,268.5,1017.25
1780761167.5345953,15,269.84375,989.75
1780761167.5345953,15,271.171875,977.75
1780761167.5345953,15,275.140625,1042.25
1780761167.5345953,15,286.109375,851.25
1780761167.5345953,15,287.34375,856.75
1780761167.5345953,15,288.734375,860.25
1780761167.5345953,15,290.109375,865.75
1780761167.5345953,15,291.328125,872.75
1780761167.5345953,15,292.71875,879.0
1780761167.5345953,15,294.0625,885.25
1780761167.5345953,15,295.296875,893.75
1780761167.5345953,15,296.65625,902.0
1780761167.5345953,15,298.03125,911.5
1780761167.5345953,15,299.328125,920.75
1780761167.5345953,15,300.75,929.75
1780761167.5345953,15,302.03125,939.0
1780761167.5345953,15,303.375,949.75
1780761167.5345953,15,304.671875,962.75
1780761167.5345953,15,306.0,976.25
1780761167.5345953,15,307.265625,992.0
1780761167.5345953,15,308.59375,1006.25
1780761167.5345953,15,309.90625,1019.25
1780761167.5345953,15,311.234375,1034.25
1780761167.5345953,15,312.546875,1055.25
1780761167.5345953,15,313.890625,1075.5
1780761167.5345953,15,315.140625,1099.75
1780761167.5345953,15,316.515625,1130.25
1780761167.5345953,15,317.828125,1146.5
1780761167.5345953,15,320.484375,1198.5
1780761167.5345953,15,321.796875,1226.5
1780761167.5345953,15,323.171875,1249.5
1780761167.5345953,7,326.078125,1093.5
1780761167.5345953,15,328.65625,1130.75
1780761167.5345953,2,344.0,2941.75
1780761167.672515,2,352.03125,2941.75
1780761167.672515,2,353.390625,2941.75
1780761167.672515,2,12.15625,2941.75
1780761167.672515,2,13.5,2941.75
1780761167.672515,15,19.015625,2254.5
1780761167.672515,15,22.171875,1331.75
1780761167.672515,15,24.90625,1268.0
1780761167.672515,4,26.21875,1262.0
1780761167.672515,15,27.5625,1250.0
1780761167.672515,15,28.96875,1237.75
1780761167.672515,15,37.84375,2294.25
1780761167.672515,15,43.125,803.0
1780761167.672515,15,55.59375,1639.75
1780761167.672515,15,63.875,420.75
1780761167.672515,15,64.921875,416.5
1780761167.672515,15,66.46875,420.5
1780761167.672515,15,67.765625,424.75
1780761167.672515,15,69.109375,429.25
1780761167.672515,15,70.140625,434.5
1780761167.672515,15,76.203125,1144.5
1780761167.672515,15,77.53125,1145.0
1780761167.672515,15,78.859375,1146.25
1780761167.672515,15,80.21875,1155.75
1780761167.672515,15,81.546875,1170.0
1780761167.672515,15,82.875,1184.25
1780761167.672515,8,84.09375,1204.75
1780761167.672515,15,85.453125,1215.5
1780761167.672515,15,88.078125,1276.25
1780761167.672515,8,92.34375,1019.5
1780761167.672515,15,93.703125,1010.75
1780761167.672515,15,95.0625,1006.25
1780761167.672515,15,96.421875,1006.25
1780761167.672515,15,97.796875,1010.5
1780761167.672515,8,99.125,1015.5
1780761167.672515,15,106.875,222.5
1780761167.672515,15,108.453125,218.5
1780761167.672515,15,110.84375,218.5
1780761167.672515,15,112.1875,219.75
1780761167.672515,15,113.53125,220.5
1780761167.672515,15,114.828125,218.5
1780761167.672515,15,115.65625,214.75
1780761167.672515,15,121.515625,185.0
1780761167.672515,15,124.6875,174.25
1780761167.672515,15,126.03125,171.5
1780761167.672515,15,127.375,171.5
1780761167.672515,15,139.890625,107.25
1780761167.672515,15,218.15625,105.5
1780761167.672515,15,269.421875,984.5
1780761167.672515,15,270.796875,979.5
1780761167.672515,15,273.390625,992.5
1780761167.672515,15,274.8125,1016.5
1780761167.672515,15,284.390625,822.25
1780761167.672515,15,285.703125,840.0
1780761167.672515,15,286.921875,854.75
1780761167.672515,15,288.265625,859.25
1780761167.672515,15,289.640625,864.0
1780761167.672515,15,290.953125,870.25
1780761167.672515,15,292.359375,876.5
1780761167.672515,15,293.6875,883.25
1780761167.672515,15,294.875,891.5
1780761167.672515,15,296.234375,900.0
1780761167.672515,15,297.53125,908.5
1780761167.672515,15,298.9375,918.5
1780761167.672515,15,300.328125,927.25
1780761167.672515,15,301.640625,935.75
1780761167.672515,15,302.890625,947.25
1780761167.672515,15,304.265625,959.25
1780761167.672515,15,305.609375,972.25
1780761167.672515,15,306.953125,986.5
1780761167.672515,12,308.15625,1000.25
1780761167.672515,15,309.578125,1015.25
1780761167.672515,15,310.890625,1031.25
1780761167.672515,11,312.125,1051.0
1780761167.672515,8,313.453125,1072.25
1780761167.672515,15,314.78125,1095.0
1780761167.672515,15,316.09375,1121.25
1780761167.672515,15,317.421875,1140.25
1780761167.672515,5,320.0625,1196.5
1780761167.672515,15,321.359375,1224.5
1780761167.672515,6,322.6875,1248.75
1780761167.672515,8,325.59375,1094.5
1780761167.672515,2,326.890625,1094.25
1780761167.672515,15,328.234375,1125.0
1780761167.672515,15,329.59375,1154.0
1780761167.8096468,1,351.59375,2941.75
1780761167.8096468,2,352.9375,2941.75
1780761167.8096468,2,11.703125,2941.75
1780761167.8096468,2,13.046875,2941.75
1780761167.8096468,15,21.703125,1332.25
1780761167.8096468,15,24.375,1280.25
1780761167.8096468,15,25.765625,1262.25
1780761167.8096468,5,27.171875,1256.0
1780761167.8096468,15,28.4375,1249.0
1780761167.8096468,15,42.578125,807.5
1780761167.8096468,15,51.09375,1759.25
1780761167.8096468,15,52.46875,1733.0
1780761167.8096468,15,56.609375,1610.5
1780761167.8096468,15,64.53125,415.75
1780761167.8096468,15,66.0625,419.25
1780761167.8096468,15,67.046875,423.25
1780761167.8096468,15,68.328125,428.25
1780761167.8096468,15,69.84375,433.25
1780761167.8096468,15,70.9375,439.0
1780761167.8096468,15,72.5,445.75
1780761167.8096468,15,75.828125,1140.25
1780761167.8096468,15,77.140625,1140.5
1780761167.8096468,15,78.46875,1145.75
1780761167.8096468,15,81.140625,1158.5
1780761167.8096468,15,82.4375,1179.5
1780761167.8096468,15,83.734375,1200.25
1780761167.8096468,15,85.125,1210.75
1780761167.8096468,15,87.703125,1258.75
1780761167.8096468,15,93.375,1011.0
1780761167.8096468,15,94.703125,1006.75
1780761167.8096468,15,96.0625,1007.0
1780761167.8096468,8,97.40625,1008.75
1780761167.8096468,8,98.71875,1013.25
1780761167.8096468,15,109.109375,221.0
1780761167.8096468,15,110.453125,219.0
1780761167.8096468,15,111.796875,219.5
1780761167.8096468,15,113.140625,220.5
1780761167.8096468,15,114.484375,220.5
1780761167.8096468,15,115.828125,216.75
1780761167.8096468,15,117.15625,210.75
1780761167.8096468,15,121.1875,186.0
1780761167.8096468,15,123.859375,174.75
1780761167.8096468,15,125.71875,172.0
1780761167.8096468,15,127.0625,171.5
1780761167.8096468,15,138.90625,108.25
1780761167.8096468,15,140.1875,106.25
1780761167.8096468,15,216.984375,103.75
1780761167.8096468,15,270.53125,983.0
1780761167.8096468,15,271.875,983.25
1780761167.8096468,15,273.203125,1003.75
1780761167.8096468,15,284.0625,813.75
1780761167.8096468,15,286.765625,853.25
1780761167.8096468,15,288.03125,858.25
1780761167.8096468,15,289.296875,862.25
1780761167.8096468,15,290.625,868.75
1780761167.8096468,15,291.984375,876.0
1780761167.8096468,15,293.3125,881.75
1780761167.8096468,15,294.671875,889.5
1780761167.8096468,15,295.96875,897.5
1780761167.8096468,15,297.234375,906.0
1780761167.8096468,15,298.671875,915.5
1780761167.8096468,15,300.03125,924.5
1780761167.8096468,15,301.328125,933.0
1780761167.8096468,13,302.6875,945.25
1780761167.8096468,15,303.9375,958.0
1780761167.8096468,15,305.25,968.75
1780761167.8096468,15,306.609375,981.75
1780761167.8096468,15,307.90625,997.25
1780761167.8096468,15,309.265625,1013.0
1780761167.8096468,15,310.59375,1026.25
1780761167.8096468,15,311.890625,1046.0
1780761167.8096468,7,313.140625,1070.5
1780761167.8096468,15,314.53125,1094.0
1780761167.8096468,15,315.765625,1118.5
1780761167.8096468,15,317.078125,1138.0
1780761167.8096468,15,319.765625,1186.0
1780761167.8096468,6,322.390625,1239.0
1780761167.8096468,15,325.296875,1099.0
1780761167.8096468,15,326.578125,1083.5
1780761167.9475207,2,351.1875,2941.75
1780761167.9475207,2,352.515625,2943.0
1780761167.9475207,1,353.84375,2943.0
1780761167.9475207,2,11.234375,2941.75
1780761167.9475207,2,12.578125,2941.75
1780761167.9475207,15,22.578125,1325.5
1780761167.9475207,15,25.28125,1280.0
1780761167.9475207,5,26.625,1261.75
1780761167.9475207,15,27.921875,1249.25
1780761167.9475207,15,38.265625,2294.25
1780761167.9475207,15,42.046875,808.75
1780761167.9475207,5,51.9375,1734.5
1780761167.9475207,15,56.03125,1630.25
1780761167.9475207,15,64.0,417.75
1780761167.9475207,15,65.265625,416.75
1780761167.9475207,15,66.796875,420.5
1780761167.9475207,15,67.75,425.0
1780761167.9475207,15,69.328125,430.0
1780761167.9475207,15,70.34375,435.75
1780761167.9475207,15,71.90625,441.75
1780761167.9475207,15,76.421875,1133.25
1780761167.9475207,15,77.78125,1146.5
1780761167.9475207,15,79.140625,1146.75
1780761167.9475207,15,80.46875,1157.25
1780761167.9475207,15,81.765625,1172.5
1780761167.9475207,15,83.15625,1188.75
1780761167.9475207,15,84.421875,1210.0
1780761167.9475207,15,85.734375,1219.25
1780761167.9475207,8,92.625,1016.5
1780761167.9475207,15,94.0,1006.75
1780761167.9475207,15,95.359375,1005.0
1780761167.9475207,15,96.671875,1005.75
1780761167.9475207,8,98.046875,1010.0
1780761167.9475207,7,99.375,1018.75
1780761167.9475207,15,107.375,221.5
1780761167.9475207,15,108.578125,218.25
1780761167.9475207,15,111.09375,218.5
1780761167.9475207,15,112.4375,219.75
1780761167.9475207,15,112.765625,219.5
1780761167.9475207,15,114.015625,217.5
1780761167.9475207,15,115.1875,214.5
1780761167.9475207,15,120.484375,187.25
1780761167.9475207,15,121.828125,183.25
1780761167.9475207,15,125.0,173.0
1780761167.9475207,15,126.34375,170.75
1780761167.9475207,15,127.671875,170.0
1780761167.9475207,15,138.78125,106.75
1780761167.9475207,15,269.671875,989.25
1780761167.9475207,15,271.0625,977.5
1780761167.9475207,15,274.953125,1028.0
1780761167.9475207,15,284.65625,829.25
1780761167.9475207,15,285.859375,848.0
1780761167.9475207,15,287.21875,855.0
1780761167.9475207,15,288.515625,858.75
1780761167.9475207,15,289.859375,864.25
1780761167.9475207,15,291.125,871.0
1780761167.9475207,15,292.578125,877.75
1780761167.9475207,15,293.875,884.5
1780761167.9475207,15,295.09375,892.0
1780761167.9475207,15,296.46875,901.0
1780761167.9475207,15,297.78125,910.0
1780761167.9475207,15,299.109375,919.5
1780761167.9475207,15,300.59375,930.0
1780761167.9475207,15,301.875,938.75
1780761167.9475207,15,303.21875,949.75
1780761167.9475207,15,304.515625,962.75
1780761167.9475207,15,305.796875,976.0
1780761167.9475207,15,307.203125,992.25
1780761167.9475207,15,308.5,1005.25
1780761167.9475207,15,309.828125,1016.5
1780761167.9475207,15,311.0625,1033.25
1780761167.9475207,15,312.421875,1054.75
1780761167.9475207,8,313.703125,1075.0
1780761167.9475207,15,315.015625,1095.5
1780761167.9475207,15,316.375,1125.75
1780761167.9475207,15,317.71875,1145.25
1780761167.9475207,15,320.296875,1197.75
1780761167.9475207,15,321.578125,1226.25
1780761167.9475207,5,322.9375,1249.75
1780761167.9475207,8,325.765625,1094.0
1780761167.9475207,15,328.421875,1129.5
1780761167.9475207,15,329.71875,1159.5
1780761167.9475207,2,350.3125,2941.75
1780761168.0848005,1,351.65625,2941.75
1780761168.0848005,1,352.984375,2941.75
1780761168.0848005,2,11.71875,2941.75
1780761168.0848005,2,13.0625,2941.75
1780761168.0848005,15,21.65625,1332.25
1780761168.0848005,15,24.359375,1280.25
1780761168.0848005,15,25.703125,1262.25
1780761168.0848005,5,27.140625,1256.0
1780761168.0848005,15,28.40625,1249.0
1780761168.0848005,15,42.53125,802.5
1780761168.0848005,15,50.90625,1759.5
1780761168.0848005,15,52.28125,1733.25
1780761168.0848005,15,64.359375,415.5
1780761168.0848005,15,65.53125,417.75
1780761168.0848005,15,66.953125,421.75
1780761168.0848005,15,68.3125,426.25
1780761168.0848005,15,69.40625,431.5
1780761168.0848005,15,70.90625,437.5
1780761168.0848005,15,72.046875,443.75
1780761168.0848005,10,75.484375,1140.75
1780761168.0848005,15,76.765625,1141.0
1780761168.0848005,15,78.046875,1146.0
1780761168.0848005,15,79.390625,1155.75
1780761168.0848005,12,80.734375,1164.5
1780761168.0848005,15,82.046875,1171.5
1780761168.0848005,15,83.40625,1190.75
1780761168.0848005,5,84.734375,1208.25
1780761168.0848005,15,85.96875,1228.25
1780761168.0848005,15,94.21875,1005.75
1780761168.0848005,15,95.625,1006.0
1780761168.0848005,15,96.984375,1007.0
1780761168.0848005,8,98.28125,1011.25
1780761168.0848005,15,99.546875,1019.0
1780761168.0848005,15,108.640625,221.0
1780761168.0848005,15,108.640625,218.25
1780761168.0848005,15,110.28125,218.25
1780761168.0848005,15,112.65625,219.5
1780761168.0848005,15,113.234375,219.5
1780761168.0848005,15,115.40625,216.5
1780761168.0848005,15,116.734375,212.25
1780761168.0848005,15,122.109375,181.5
1780761168.0848005,15,125.03125,172.5
1780761168.0848005,15,126.625,171.0
1780761168.0848005,15,127.96875,168.75
1780761168.0848005,15,140.109375,106.5
1780761168.0848005,15,262.53125,381.75
1780761168.0848005,15,268.3125,1020.5
1780761168.0848005,15,271.0625,977.5
1780761168.0848005,15,275.03125,1041.0
1780761168.0848005,15,286.03125,851.25
1780761168.0848005,15,287.28125,856.5
1780761168.0848005,15,288.671875,860.25
1780761168.0848005,15,290.0625,865.75
1780761168.0848005,15,291.328125,872.5
1780761168.0848005,15,292.71875,878.5
1780761168.0848005,15,294.03125,885.25
1780761168.0848005,15,295.265625,893.75
1780761168.0848005,15,296.609375,902.0
1780761168.0848005,15,298.0,911.5
1780761168.0848005,15,299.296875,920.75
1780761168.0848005,15,300.59375,929.5
1780761168.0848005,15,302.0,939.25
1780761168.0848005,15,303.328125,950.0
1780761168.0848005,15,304.640625,963.0
1780761168.0848005,15,305.9375,976.0
1780761168.0848005,15,307.21875,991.25
1780761168.0848005,15,308.625,1004.0
1780761168.0848005,15,309.90625,1017.25
1780761168.0848005,15,311.171875,1034.25
1780761168.0848005,15,312.5625,1055.0
1780761168.0848005,15,313.859375,1075.25
1780761168.0848005,9,316.4375,1131.0
1780761168.0848005,15,317.78125,1145.5
1780761168.0848005,15,320.390625,1198.0
1780761168.0848005,15,321.71875,1225.75
1780761168.0848005,15,323.03125,1249.5
1780761168.0848005,8,325.9375,1091.5
1780761168.0848005,15,328.4375,1130.25
1780761168.0848005,5,329.75,1160.25
1780761168.0848005,2,350.4375,2941.75
1780761168.222534,1,351.765625,2941.75
1780761168.222534,1,353.09375,2941.75
1780761168.222534,1,11.859375,2941.75
1780761168.222534,2,13.203125,2941.75
1780761168.222534,15,18.703125,2254.0
1780761168.222534,15,21.8125,1326.25
1780761168.222534,15,27.28125,1256.25
1780761168.222534,15,28.640625,1243.5
1780761168.222534,15,42.6875,807.5
1780761168.222534,15,51.078125,1759.25
1780761168.222534,15,52.453125,1733.0
1780761168.222534,15,64.3125,416.0
1780761168.222534,15,65.953125,418.5
1780761168.222534,15,67.078125,422.75
1780761168.222534,15,68.234375,427.75
1780761168.222534,15,69.84375,432.5
1780761168.222534,15,71.171875,438.5
1780761168.222534,15,72.09375,444.5
1780761168.222534,15,75.640625,1140.75
1780761168.222534,15,76.96875,1140.75
1780761168.222534,15,78.265625,1145.75
1780761168.222534,14,80.890625,1158.25
1780761168.222534,15,82.28125,1176.5
1780761168.222534,15,83.546875,1197.5
1780761168.222534,6,84.921875,1212.5
1780761168.222534,15,87.5,1308.75
1780761168.222534,15,94.53125,1006.75
1780761168.222534,15,95.875,1005.0
1780761168.222534,15,97.21875,1006.5
1780761168.222534,8,98.53125,1012.0
1780761168.222534,15,99.8125,1027.0
1780761168.222534,15,107.5625,220.0
1780761168.222534,15,110.203125,218.0
1780761168.222534,15,111.546875,219.25
1780761168.222534,15,112.875,220.5
1780761168.222534,15,112.921875,218.75
1780761168.222534,15,115.578125,215.0
1780761168.222534,15,116.21875,211.5
1780761168.222534,15,120.921875,186.5
1780761168.222534,15,123.59375,176.0
1780761168.222534,15,125.4375,172.75
1780761168.222534,15,126.78125,171.5
1780761168.222534,15,139.296875,106.5
1780761168.222534,15,216.953125,103.5
1780761168.222534,15,262.9375,381.5
1780761168.222534,15,269.890625,987.0
1780761168.222534,15,271.21875,981.0
1780761168.222534,15,272.53125,1000.0
1780761168.222534,15,286.21875,852.0
1780761168.222534,15,287.421875,856.25
1780761168.222534,15,288.75,860.25
1780761168.222534,15,290.203125,865.25
1780761168.222534,15,291.5,872.25
1780761168.222534,15,292.84375,879.5
1780761168.222534,15,294.0625,887.0
1780761168.222534,15,295.46875,894.5
1780761168.222534,15,296.703125,902.5
1780761168.222534,15,298.015625,912.0
1780761168.222534,15,299.359375,921.5
1780761168.222534,15,300.796875,930.25
1780761168.222534,15,302.140625,940.5
1780761168.222534,15,303.359375,951.25
1780761168.222534,15,304.734375,963.5
1780761168.222534,15,306.09375,977.0
1780761168.222534,15,307.296875,991.5
1780761168.222534,15,308.703125,1005.5
1780761168.222534,15,309.953125,1019.25
1780761168.222534,15,311.34375,1035.25
1780761168.222534,15,312.65625,1056.0
1780761168.222534,15,313.9375,1075.5
1780761168.222534,15,315.171875,1099.75
1780761168.222534,15,316.5,1130.25
1780761168.222534,15,317.8125,1146.5
1780761168.222534,15,320.484375,1198.5
1780761168.222534,15,321.796875,1226.25
1780761168.222534,15,323.125,1249.5
1780761168.222534,8,326.03125,1089.25
1780761168.222534,15,328.59375,1130.75
1780761168.222534,1,343.90625,2941.75
1780761168.222534,1,350.609375,2941.75
1780761168.3599637,1,351.96875,2941.75
1780761168.3599637,1,353.3125,2941.75
1780761168.3599637,2,12.03125,2941.75
1780761168.3599637,2,13.375,2941.75
1780761168.3599637,15,18.875,2254.0
1780761168.3599637,15,21.984375,1325.75
1780761168.3599637,4,26.046875,1267.75
1780761168.3599637,15,27.390625,1260.75
1780761168.3599637,15,28.8125,1248.25
1780761168.3599637,15,37.640625,2294.25
1780761168.3599637,15,42.921875,801.75
1780761168.3599637,15,51.25,1759.0
1780761168.3599637,2,52.609375,1721.75
1780761168.3599637,15,53.953125,1684.75
1780761168.3599637,15,55.34375,1650.75
1780761168.3599637,15,56.71875,1613.25
1780761168.3599637,15,64.890625,415.75
1780761168.3599637,15,66.0625,419.25
1780761168.3599637,15,67.234375,423.25
1780761168.3599637,15,68.546875,428.0
1780761168.3599637,15,69.984375,433.0
1780761168.3599637,15,70.984375,439.0
1780761168.3599637,15,72.28125,445.75
1780761168.3599637,15,75.8125,1140.5
1780761168.3599637,15,77.0625,1140.75
1780761168.3599637,15,78.4375,1145.75
1780761168.3599637,15,81.09375,1158.5
1780761168.3599637,15,82.390625,1179.5
1780761168.3599637,8,83.765625,1201.5
1780761168.3599637,15,85.0625,1212.0
1780761168.3599637,15,87.65625,1295.25
1780761168.3599637,15,93.3125,1011.0
1780761168.3599637,15,94.75,1006.75
1780761168.3599637,15,96.0,1007.0
1780761168.3599637,8,97.40625,1008.5
1780761168.3599637,8,98.71875,1011.25
1780761168.3599637,15,109.109375,221.0
1780761168.3599637,15,110.453125,219.0
1780761168.3599637,15,111.78125,219.25
1780761168.3599637,15,113.125,220.5
1780761168.3599637,15,114.40625,220.5
1780761168.3599637,15,115.75,216.75
1780761168.3599637,15,116.234375,211.0
1780761168.3599637,15,121.34375,186.0
1780761168.3599637,15,123.765625,175.0
1780761168.3599637,15,125.609375,172.0
1780761168.3599637,15,126.9375,171.25
1780761168.3599637,15,138.8125,108.75
1780761168.3599637,15,141.109375,106.25
1780761168.3599637,15,216.578125,103.5
1780761168.3599637,15,263.125,384.25
1780761168.3599637,15,270.15625,985.25
1780761168.3599637,15,271.40625,982.75
1780761168.3599637,6,272.6875,1006.25
1780761168.3599637,15,286.25,852.25
1780761168.3599637,15,287.609375,856.75
1780761168.3599637,15,288.953125,860.25
1780761168.3599637,15,290.1875,865.25
1780761168.3599637,15,291.5625,872.25
1780761168.3599637,15,292.90625,879.75
1780761168.3599637,15,294.1875,886.5
1780761168.3599637,15,295.5625,894.75
1780761168.3599637,15,296.875,903.25
1780761168.3599637,15,298.21875,910.25
1780761168.3599637,15,299.5625,919.75
1780761168.3599637,15,300.796875,931.25
1780761168.3599637,15,302.140625,941.5
1780761168.3599637,15,303.484375,953.75
1780761168.3599637,15,304.859375,965.75
1780761168.3599637,15,306.109375,977.5
1780761168.3599637,15,307.421875,992.75
1780761168.3599637,15,308.71875,1006.25
1780761168.3599637,15,310.0625,1019.75
1780761168.3599637,15,311.40625,1035.75
1780761168.3599637,15,312.75,1057.75
1780761168.3599637,15,314.03125,1081.75
1780761168.3599637,15,316.640625,1136.25
1780761168.3599637,15,317.890625,1151.75
1780761168.3599637,15,319.28125,1173.0
1780761168.3599637,15,320.515625,1198.75
1780761168.3599637,15,321.875,1226.5
1780761168.3599637,15,323.171875,1249.5
1780761168.3599637,8,326.078125,1089.5
1780761168.3599637,15,328.625,1130.75
1780761168.3599637,4,329.9375,1161.0
1780761168.3599637,2,350.703125,2941.75
1780761168.4975495,2,352.046875,2941.75
1780761168.4975495,2,353.375,2941.75
1780761168.4975495,2,12.109375,2941.75
1780761168.4975495,2,13.4375,2941.75
1780761168.4975495,15,18.96875,2254.25
1780761168.4975495,15,22.09375,1325.5
1780761168.4975495,15,24.75,1268.0
1780761168.4975495,4,26.171875,1262.0
1780761168.4975495,15,27.546875,1249.75
1780761168.4975495,15,28.8125,1243.0
1780761168.4975495,15,37.703125,2294.25
1780761168.4975495,15,42.859375,799.75
1780761168.4975495,15,51.3125,1747.75
1780761168.4975495,3,52.703125,1722.0
1780761168.4975495,15,54.0625,1684.5
1780761168.4975495,15,55.40625,1650.5
1780761168.4975495,15,64.609375,416.0
1780761168.4975495,15,66.296875,420.0
1780761168.4975495,15,67.234375,424.0
1780761168.4975495,15,68.546875,428.0
1780761168.4975495,15,70.046875,433.5
1780761168.4975495,15,71.25,439.5
1780761168.4975495,15,72.40625,446.75
1780761168.4975495,13,75.953125,1142.0
1780761168.4975495,15,77.28125,1143.0
1780761168.4975495,15,78.5625,1146.25
1780761168.4975495,15,81.296875,1180.75
1780761168.4975495,15,82.578125,1180.0
1780761168.4975495,15,83.875,1203.25
1780761168.4975495,15,85.1875,1212.25
1780761168.4975495,15,87.828125,1295.5
1780761168.4975495,7,92.15625,1022.5
1780761168.4975495,15,93.546875,1010.75
1780761168.4975495,15,94.796875,1006.75
1780761168.4975495,15,96.1875,1007.0
1780761168.4975495,15,97.546875,1008.25
1780761168.4975495,8,98.875,1013.0
1780761168.4975495,15,109.234375,221.0
1780761168.4975495,15,110.578125,219.0
1780761168.4975495,15,111.90625,219.25
1780761168.4975495,15,113.25,220.75
1780761168.4975495,15,113.296875,219.0
1780761168.4975495,15,115.875,215.0
1780761168.4975495,15,117.203125,210.5
1780761168.4975495,15,121.234375,185.75
1780761168.4975495,15,123.890625,174.75
1780761168.4975495,15,125.734375,171.75
1780761168.4975495,15,127.078125,171.5
1780761168.4975495,15,138.78125,108.25
1780761168.4975495,15,140.828125,106.25
1780761168.4975495,15,217.78125,103.75
1780761168.4975495,15,270.421875,982.75
1780761168.4975495,7,271.734375,982.5
1780761168.4975495,8,273.015625,1000.5
1780761168.4975495,15,284.078125,813.5
1780761168.4975495,15,286.671875,853.5
1780761168.4975495,15,287.96875,857.5
1780761168.4975495,15,289.296875,861.75
1780761168.4975495,15,290.640625,868.25
1780761168.4975495,15,292.015625,875.0
1780761168.4975495,15,293.234375,881.5
1780761168.4975495,15,294.65625,889.25
1780761168.4975495,15,295.953125,897.75
1780761168.4975495,15,297.25,905.75
1780761168.4975495,15,298.625,915.0
1780761168.4975495,15,299.90625,924.25
1780761168.4975495,15,301.21875,933.0
1780761168.4975495,15,302.609375,945.0
1780761168.4975495,15,303.90625,957.75
1780761168.4975495,15,305.234375,968.0
1780761168.4975495,15,306.625,981.0
1780761168.4975495,10,307.875,997.0
1780761168.4975495,15,309.15625,1012.5
1780761168.4975495,15,310.5,1029.5
1780761168.4975495,15,311.78125,1049.25
1780761168.4975495,15,313.15625,1070.25
1780761168.4975495,15,314.421875,1088.0
1780761168.4975495,15,315.765625,1112.75
1780761168.4975495,15,317.125,1137.75
1780761168.4975495,10,318.453125,1158.25
1780761168.4975495,15,319.71875,1183.75
1780761168.4975495,15,321.0,1214.0
1780761168.4975495,6,322.3125,1237.5
1780761168.4975495,7,325.203125,1099.0
1780761168.4975495,7,326.546875,1090.5
1780761168.4975495,6,327.875,1107.75
1780761168.6355605,2,351.234375,2941.75
1780761168.6355605,1,352.5625,2942.5
1780761168.6355605,2,353.921875,2940.25
1780761168.6355605,2,12.640625,2939.5
1780761168.6355605,1,22.640625,1307.25
1780761168.6355605,15,25.3125,1275.5
1780761168.6355605,5,26.671875,1256.25
1780761168.6355605,15,28.046875,1254.75
1780761168.6355605,15,42.09375,811.5
1780761168.6355605,15,51.953125,1746.25
1780761168.6355605,15,56.015625,1630.25
1780761168.6355605,15,64.265625,417.0
1780761168.6355605,15,65.640625,417.25
1780761168.6355605,15,66.640625,421.0
1780761168.6355605,15,68.046875,425.25
1780761168.6355605,15,69.296875,430.0
1780761168.6355605,15,70.546875,436.0
1780761168.6355605,15,72.0625,442.0
1780761168.6355605,15,76.609375,1136.5
1780761168.6355605,15,77.9375,1147.0
1780761168.6355605,15,79.296875,1148.0
1780761168.6355605,15,80.625,1156.75
1780761168.6355605,15,81.90625,1171.5
1780761168.6355605,15,83.28125,1189.75
1780761168.6355605,2,84.53125,1212.25
1780761168.6355605,15,85.78125,1224.5
1780761168.6355605,15,92.71875,1020.0
1780761168.6355605,15,94.140625,1007.25
1780761168.6355605,15,95.453125,1005.5
1780761168.6355605,15,96.828125,1006.75
1780761168.6355605,7,98.140625,1011.25
1780761168.6355605,6,99.421875,1018.75
1780761168.6355605,15,107.484375,221.25
1780761168.6355605,15,109.015625,218.25
1780761168.6355605,15,111.1875,218.25
1780761168.6355605,15,112.53125,219.5
1780761168.6355605,15,112.796875,219.5
1780761168.6355605,15,115.15625,216.5
1780761168.6355605,15,116.484375,212.75
1780761168.6355605,15,120.5,187.25
1780761168.6355605,15,121.84375,183.25
1780761168.6355605,15,125.015625,173.0
1780761168.6355605,15,126.34375,170.75
1780761168.6355605,15,127.6875,170.0
1780761168.6355605,15,138.828125,106.75
1780761168.6355605,15,269.453125,984.75
1780761168.6355605,15,270.796875,979.25
1780761168.6355605,15,273.5,992.5
1780761168.6355605,15,274.765625,1017.25
1780761168.6355605,15,284.421875,822.25
1780761168.6355605,15,285.65625,840.5
1780761168.6355605,15,287.078125,855.0
1780761168.6355605,15,288.34375,859.75
1780761168.6355605,15,289.65625,864.5
1780761168.6355605,15,291.046875,871.0
1780761168.6355605,15,292.296875,877.0
1780761168.6355605,15,293.609375,883.25
1780761168.6355605,15,294.953125,891.75
1780761168.6355605,15,296.328125,900.0
1780761168.6355605,15,297.59375,907.5
1780761168.6355605,15,298.90625,917.5
1780761168.6355605,15,300.3125,927.5
1780761168.6355605,15,301.640625,936.0
1780761168.6355605,15,302.921875,947.75
1780761168.6355605,15,304.265625,960.25
1780761168.6355605,15,305.625,973.5
1780761168.6355605,15,306.984375,986.75
1780761168.6355605,12,308.25,999.75
1780761168.6355605,15,309.609375,1015.5
1780761168.6355605,15,310.953125,1031.5
1780761168.6355605,15,312.171875,1051.5
1780761168.6355605,9,313.5,1072.5
1780761168.6355605,15,314.8125,1095.0
1780761168.6355605,15,316.109375,1121.0
1780761168.6355605,15,317.4375,1140.0
1780761168.6355605,4,320.0625,1197.0
1780761168.6355605,15,321.4375,1224.75
1780761168.6355605,5,322.75,1247.0
1780761168.6355605,2,326.953125,1094.0
1780761168.6355605,15,328.359375,1125.25
1780761168.6355605,15,329.625,1154.25
1780761168.6355605,2,350.328125,2941.75
1780761168.7725854,1,351.671875,2941.75
1780761168.7725854,1,353.015625,2941.75
1780761168.7725854,2,11.78125,2941.75
1780761168.7725854,2,13.109375,2941.75
1780761168.7725854,15,18.640625,2254.25
1780761168.7725854,15,21.71875,1332.25
1780761168.7725854,15,24.4375,1268.25
1780761168.7725854,15,25.859375,1262.25
1780761168.7725854,6,27.21875,1250.5
1780761168.7725854,15,28.546875,1243.5
1780761168.7725854,15,42.609375,807.5
1780761168.7725854,15,51.140625,1759.25
1780761168.7725854,15,52.484375,1733.0
1780761168.7725854,15,53.859375,1695.5
1780761168.7725854,15,55.21875,1660.5
1780761168.7725854,15,64.734375,415.5
1780761168.7725854,15,65.75,419.0
1780761168.7725854,15,67.15625,423.25
1780761168.7725854,15,68.453125,428.0
1780761168.7725854,15,69.890625,433.0
1780761168.7725854,15,71.03125,439.0
1780761168.7725854,15,72.46875,445.5
1780761168.7725854,15,75.828125,1140.0
1780761168.7725854,15,77.140625,1141.0
1780761168.7725854,15,78.484375,1146.0
1780761168.7725854,15,81.1875,1158.25
1780761168.7725854,15,82.46875,1180.75
1780761168.7725854,8,83.75,1202.5
1780761168.7725854,15,85.09375,1211.5
1780761168.7725854,15,87.671875,1295.5
1780761168.7725854,8,91.984375,1026.25
1780761168.7725854,15,93.390625,1014.0
1780761168.7725854,15,94.796875,1006.25
1780761168.7725854,15,96.125,1006.5
1780761168.7725854,9,97.453125,1008.25
1780761168.7725854,9,98.828125,1012.75
1780761168.7725854,15,109.15625,221.0
1780761168.7725854,15,110.5,219.0
1780761168.7725854,15,111.84375,219.25
1780761168.7725854,15,113.1875,220.75
1780761168.7725854,15,114.484375,219.0
1780761168.7725854,15,115.828125,215.0
1780761168.7725854,15,116.46875,210.5
1780761168.7725854,15,121.1875,185.75
1780761168.7725854,15,123.859375,174.75
1780761168.7725854,15,125.703125,171.75
1780761168.7725854,15,127.046875,171.5
1780761168.7725854,15,138.6875,108.0
1780761168.7725854,15,140.453125,106.0
1780761168.7725854,15,217.3125,103.75
1780761168.7725854,15,270.578125,982.75
1780761168.7725854,15,271.78125,987.25
1780761168.7725854,12,273.171875,1008.0
1780761168.7725854,3,274.453125,1023.25
1780761168.7725854,15,284.125,813.75
1780761168.7725854,15,286.703125,854.0
1780761168.7725854,15,288.09375,858.5
1780761168.7725854,15,289.375,862.5
1780761168.7725854,15,290.6875,869.25
1780761168.7725854,15,292.078125,875.75
1780761168.7725854,15,293.328125,881.75
1780761168.7725854,15,294.640625,889.75
1780761168.7725854,15,296.0625,897.75
1780761168.7725854,15,297.375,905.75
1780761168.7725854,15,298.59375,915.25
1780761168.7725854,15,300.171875,925.25
1780761168.7725854,15,301.484375,934.5
1780761168.7725854,15,302.703125,946.25
1780761168.7725854,15,304.09375,959.75
1780761168.7725854,15,305.390625,970.0
1780761168.7725854,15,306.78125,982.75
1780761168.7725854,10,307.984375,998.25
1780761168.7725854,15,309.34375,1014.25
1780761168.7725854,15,310.734375,1031.0
1780761168.7725854,15,311.96875,1044.0
1780761168.7725854,8,313.375,1063.75
1780761168.7725854,15,314.640625,1092.75
1780761168.7725854,15,316.015625,1119.75
1780761168.7725854,15,317.234375,1139.0
1780761168.7725854,15,318.5625,1159.75
1780761168.7725854,15,319.9375,1190.0
1780761168.7725854,15,321.21875,1224.0
1780761168.7725854,5,322.59375,1248.5
1780761168.7725854,8,325.390625,1094.5
1780761168.7725854,15,326.703125,1094.5
1780761168.7725854,15,328.078125,1117.0
1780761168.9105494,2,351.453125,2941.75
1780761168.9105494,2,352.8125,2948.5
1780761168.9105494,2,11.625,2948.5
1780761168.9105494,2,12.96875,2941.75
1780761168.9105494,15,21.59375,1332.25
1780761168.9105494,15,25.71875,1268.0
1780761168.9105494,5,27.125,1261.75
1780761168.9105494,15,28.4375,1249.0
1780761168.9105494,9,42.5625,803.5
1780761168.9105494,15,51.046875,1759.25
1780761168.9105494,15,52.4375,1733.0
1780761168.9105494,15,64.546875,416.0
1780761168.9105494,15,65.875,418.5
1780761168.9105494,15,67.328125,422.75
1780761168.9105494,15,68.453125,427.75
1780761168.9105494,15,69.8125,432.75
1780761168.9105494,15,70.859375,438.75
1780761168.9105494,15,72.359375,445.0
1780761168.9105494,15,75.671875,1140.75
1780761168.9105494,15,77.078125,1141.0
1780761168.9105494,15,78.375,1145.75
1780761168.9105494,15,81.046875,1158.5
1780761168.9105494,15,82.390625,1179.25
1780761168.9105494,8,83.59375,1200.0
1780761168.9105494,15,84.953125,1212.5
1780761168.9105494,15,87.5625,1298.75
1780761168.9105494,15,91.859375,1033.75
1780761168.9105494,9,93.25,1014.75
1780761168.9105494,15,94.59375,1006.5
1780761168.9105494,15,95.96875,1005.75
1780761168.9105494,15,97.234375,1006.75
1780761168.9105494,8,98.609375,1011.75
1780761168.9105494,15,108.96875,221.0
1780761168.9105494,15,110.3125,219.25
1780761168.9105494,15,111.640625,219.5
1780761168.9105494,15,112.984375,220.5
1780761168.9105494,15,114.375,220.5
1780761168.9105494,15,114.40625,217.75
1780761168.9105494,15,121.078125,186.0
1780761168.9105494,15,123.765625,174.75
1780761168.9105494,15,125.609375,171.75
1780761168.9105494,15,126.953125,171.75
1780761168.9105494,15,138.59375,108.5
1780761168.9105494,15,140.671875,106.0
1780761168.9105494,15,217.984375,103.75
1780761168.9105494,15,263.109375,386.0
1780761168.9105494,15,268.921875,1009.25
1780761168.9105494,15,270.328125,984.5
1780761168.9105494,15,271.59375,977.5
1780761168.9105494,15,272.984375,983.5
1780761168.9105494,15,283.953125,824.75
1780761168.9105494,15,286.46875,854.5
1780761168.9105494,15,287.875,858.0
1780761168.9105494,15,289.125,861.75
1780761168.9105494,15,290.546875,868.25
1780761168.9105494,15,291.8125,874.5
1780761168.9105494,15,293.140625,881.0
1780761168.9105494,15,294.421875,888.5
1780761168.9105494,15,295.75,897.0
1780761168.9105494,15,297.171875,905.25
1780761168.9105494,15,298.453125,915.75
1780761168.9105494,15,299.9375,925.5
1780761168.9105494,15,301.234375,933.0
1780761168.9105494,15,302.5625,944.0
1780761168.9105494,15,303.796875,956.75
1780761168.9105494,15,305.1875,967.75
1780761168.9105494,15,306.5,981.0
1780761168.9105494,15,307.859375,997.0
1780761168.9105494,15,309.140625,1012.25
1780761168.9105494,15,310.515625,1026.0
1780761168.9105494,15,311.8125,1045.75
1780761168.9105494,15,313.125,1069.5
1780761168.9105494,15,314.4375,1087.0
1780761168.9105494,15,315.703125,1112.25
1780761168.9105494,15,317.078125,1137.5
1780761168.9105494,10,318.328125,1153.5
1780761168.9105494,15,319.65625,1179.25
1780761168.9105494,15,320.96875,1206.0
1780761168.9105494,15,322.265625,1229.5
1780761168.9105494,5,325.125,1095.25
1780761168.9105494,7,326.484375,1083.25
