timestamp,quality,angle_deg,distance_mm
1780761285.3951917,15,68.21875,775.5
1780761285.3951917,15,69.625,767.25
1780761285.3951917,15,70.90625,760.0
1780761285.3951917,15,72.375,753.0
1780761285.3951917,15,73.6875,746.0
1780761285.3951917,15,75.03125,740.5
1780761285.3951917,15,76.359375,735.75
1780761285.3951917,15,77.875,730.75
1780761285.3951917,15,79.140625,726.75
1780761285.3951917,15,80.5,722.75
1780761285.3951917,15,81.796875,718.75
1780761285.3951917,15,83.234375,715.0
1780761285.3951917,15,84.46875,712.5
1780761285.3951917,15,85.8125,711.25
1780761285.3951917,15,87.265625,708.75
1780761285.3951917,15,88.46875,706.5
1780761285.3951917,15,89.875,706.0
1780761285.3951917,15,91.21875,706.0
1780761285.3951917,15,92.5625,705.5
1780761285.3951917,15,93.953125,705.5
1780761285.3951917,15,95.15625,705.75
1780761285.3951917,15,96.546875,708.25
1780761285.3951917,15,97.921875,710.5
1780761285.3951917,15,99.3125,711.75
1780761285.3951917,15,100.546875,713.75
1780761285.3951917,15,101.890625,715.75
1780761285.3951917,15,103.21875,718.5
1780761285.3951917,15,104.671875,722.25
1780761285.3951917,15,105.84375,727.0
1780761285.3951917,15,107.3125,731.0
1780761285.3951917,15,108.515625,735.75
1780761285.3951917,15,109.796875,740.75
1780761285.3951917,15,111.234375,746.0
1780761285.3951917,15,112.53125,752.5
1780761285.3951917,15,113.765625,758.0
1780761285.3951917,15,115.1875,764.75
1780761285.3951917,15,116.484375,772.75
1780761285.3951917,15,117.71875,781.5
1780761285.3951917,15,119.0625,789.75
1780761285.3951917,15,120.40625,799.75
1780761285.3951917,15,121.796875,810.75
1780761285.3951917,15,123.0,821.75
1780761285.3951917,15,124.359375,833.75
1780761285.3951917,15,125.703125,846.75
1780761285.3951917,15,126.921875,858.75
1780761285.3951917,15,128.328125,872.25
1780761285.3951917,15,132.453125,768.5
1780761285.3951917,15,133.84375,747.75
1780761285.3951917,15,135.328125,734.5
1780761285.3951917,15,136.640625,740.5
1780761285.3951917,15,137.78125,757.75
1780761285.3951917,15,139.15625,777.5
1780761285.3951917,15,140.46875,799.75
1780761285.3951917,15,141.703125,821.25
1780761285.3951917,15,142.984375,843.25
1780761285.3951917,15,144.34375,868.0
1780761285.3951917,15,147.796875,1231.5
1780761285.3951917,15,149.125,1255.0
1780761285.3951917,15,157.171875,1273.25
1780761285.3951917,15,163.375,2253.5
1780761285.3951917,15,164.71875,2228.0
1780761285.3951917,15,167.40625,2293.0
1780761285.3951917,15,168.734375,2270.5
1780761285.3951917,15,170.078125,2280.0
1780761285.3951917,15,171.40625,2306.25
1780761285.3951917,15,191.46875,2300.0
1780761285.3951917,15,192.8125,2302.75
1780761285.3951917,15,203.53125,2300.75
1780761285.3951917,15,206.203125,2294.25
1780761285.3951917,15,207.546875,2294.25
1780761285.3951917,15,221.859375,924.0
1780761285.3951917,15,223.203125,914.5
1780761285.3951917,15,224.546875,907.25
1780761285.3951917,10,225.984375,907.25
1780761285.3951917,15,235.890625,1759.75
1780761285.3951917,15,237.234375,1744.0
1780761285.3951917,4,238.5625,1719.0
1780761285.3951917,15,241.28125,1673.75
1780761285.3951917,15,243.984375,1594.25
1780761285.3951917,15,245.328125,1589.75
1780761285.3951917,15,246.71875,1571.0
1780761285.3951917,15,248.046875,1551.0
1780761285.3951917,5,249.4375,1547.5
1780761285.3951917,15,250.765625,1538.5
1780761285.3951917,6,252.109375,1529.75
1780761285.3951917,15,253.453125,1505.75
1780761285.3951917,15,254.78125,1481.25
1780761285.3951917,15,256.15625,1476.0
1780761285.3951917,15,257.484375,1465.25
1780761285.3951917,15,258.890625,1450.25
1780761285.3951917,15,262.828125,631.25
1780761285.3951917,15,264.21875,633.75
1780761285.3951917,15,266.921875,1435.0
1780761285.3951917,15,273.75,1239.5
1780761285.3951917,15,275.140625,1218.75
1780761285.3951917,15,276.421875,1203.5
1780761285.3951917,15,277.75,1199.75
1780761285.3951917,15,279.078125,1203.5
1780761285.3951917,15,280.390625,1206.25
1780761285.3951917,15,281.65625,1217.75
1780761285.3951917,15,282.96875,1242.5
1780761285.3951917,15,297.65625,1242.25
1780761285.3951917,15,298.953125,1248.0
1780761285.3951917,15,300.421875,1261.0
1780761285.3951917,7,311.359375,1034.0
1780761285.3951917,15,312.796875,1016.0
1780761285.3951917,15,315.5,978.25
1780761285.3951917,15,316.8125,981.25
1780761285.3951917,15,318.09375,992.25
1780761285.3951917,15,323.40625,1203.25
1780761285.3951917,15,324.71875,1183.5
1780761285.3951917,15,326.140625,1158.75
1780761285.3951917,15,327.5,1141.25
1780761285.3951917,15,328.78125,1133.0
1780761285.3951917,15,332.328125,692.0
1780761285.3951917,15,333.6875,695.25
1780761285.3951917,15,334.96875,704.25
1780761285.3951917,15,336.25,706.0
1780761285.3951917,15,337.765625,696.0
1780761285.3951917,15,339.109375,690.25
1780761285.3951917,15,340.46875,695.25
1780761285.3951917,15,341.71875,690.5
1780761285.3951917,15,343.21875,678.0
1780761285.3951917,15,344.609375,665.75
1780761285.3951917,15,346.046875,652.25
1780761285.3951917,15,347.234375,645.0
1780761285.3951917,15,348.625,643.5
1780761285.3951917,15,349.90625,644.0
1780761285.3951917,15,351.21875,645.25
1780761285.5332043,15,352.515625,643.5
1780761285.5332043,15,354.03125,642.5
1780761285.5332043,15,355.40625,638.75
1780761285.5332043,15,356.640625,636.0
1780761285.5332043,15,357.90625,636.25
1780761285.5332043,15,359.40625,633.75
1780761285.5332043,15,0.78125,631.0
1780761285.5332043,15,1.984375,631.25
1780761285.5332043,15,3.34375,630.0
1780761285.5332043,15,4.796875,626.75
1780761285.5332043,15,6.0,626.75
1780761285.5332043,15,7.40625,630.25
1780761285.5332043,15,8.84375,633.75
1780761285.5332043,15,10.078125,636.25
1780761285.5332043,15,11.4375,638.5
1780761285.5332043,15,12.640625,639.75
1780761285.5332043,15,14.03125,644.25
1780761285.5332043,15,15.375,646.0
1780761285.5332043,15,16.765625,644.75
1780761285.5332043,15,18.09375,650.0
1780761285.5332043,15,19.375,654.5
1780761285.5332043,15,20.640625,654.5
1780761285.5332043,15,21.984375,662.75
1780761285.5332043,15,23.328125,677.25
1780761285.5332043,15,24.65625,686.0
1780761285.5332043,15,26.0625,678.0
1780761285.5332043,15,27.375,670.5
1780761285.5332043,15,28.734375,676.75
1780761285.5332043,5,36.796875,1734.0
1780761285.5332043,3,38.078125,1709.25
1780761285.5332043,15,44.0,1042.75
1780761285.5332043,15,45.34375,1034.75
1780761285.5332043,15,58.8125,1020.75
1780761285.5332043,15,60.125,1030.75
1780761285.5332043,15,65.890625,783.0
1780761285.5332043,15,67.25,779.25
1780761285.5332043,15,68.671875,770.0
1780761285.5332043,15,70.078125,762.0
1780761285.5332043,15,71.40625,755.75
1780761285.5332043,15,72.6875,748.25
1780761285.5332043,15,74.09375,741.5
1780761285.5332043,15,75.5,737.0
1780761285.5332043,15,76.828125,732.5
1780761285.5332043,15,78.109375,728.5
1780761285.5332043,15,79.421875,723.0
1780761285.5332043,15,80.953125,718.5
1780761285.5332043,15,82.234375,715.5
1780761285.5332043,15,83.578125,712.75
1780761285.5332043,15,84.8125,711.5
1780761285.5332043,15,86.234375,709.5
1780761285.5332043,15,87.515625,707.25
1780761285.5332043,15,88.8125,705.75
1780761285.5332043,15,90.3125,705.25
1780761285.5332043,15,91.609375,704.5
1780761285.5332043,15,92.984375,701.75
1780761285.5332043,15,94.296875,702.75
1780761285.5332043,15,95.578125,706.25
1780761285.5332043,15,96.9375,707.5
1780761285.5332043,15,98.328125,709.25
1780761285.5332043,15,99.5625,711.25
1780761285.5332043,15,101.015625,713.0
1780761285.5332043,15,102.234375,715.5
1780761285.5332043,15,103.5625,718.75
1780761285.5332043,15,104.90625,722.75
1780761285.5332043,15,106.171875,727.25
1780761285.5332043,15,107.5,731.5
1780761285.5332043,15,108.8125,735.75
1780761285.5332043,15,110.203125,740.25
1780761285.5332043,15,111.546875,745.5
1780761285.5332043,15,112.765625,752.75
1780761285.5332043,15,114.140625,760.5
1780761285.5332043,15,115.484375,767.75
1780761285.5332043,15,116.796875,774.5
1780761285.5332043,15,118.09375,782.5
1780761285.5332043,15,119.34375,792.0
1780761285.5332043,15,120.703125,801.75
1780761285.5332043,15,122.109375,810.75
1780761285.5332043,15,123.265625,821.75
1780761285.5332043,15,124.625,834.25
1780761285.5332043,15,125.890625,847.75
1780761285.5332043,15,130.1875,744.25
1780761285.5332043,15,131.734375,724.25
1780761285.5332043,15,133.0,709.0
1780761285.5332043,15,134.265625,712.75
1780761285.5332043,15,135.59375,730.5
1780761285.5332043,15,136.859375,746.25
1780761285.5332043,15,138.15625,762.75
1780761285.5332043,15,139.421875,782.75
1780761285.5332043,15,140.78125,802.75
1780761285.5332043,15,142.078125,823.25
1780761285.5332043,15,143.40625,846.25
1780761285.5332043,15,144.65625,869.75
1780761285.5332043,15,146.859375,1192.75
1780761285.5332043,15,148.109375,1226.25
1780761285.5332043,15,150.75,1320.0
1780761285.5332043,15,153.375,1425.25
1780761285.5332043,6,156.203125,1245.5
1780761285.5332043,15,163.703125,2197.75
1780761285.5332043,15,167.703125,2293.75
1780761285.5332043,15,169.015625,2297.75
1780761285.5332043,15,170.359375,2297.25
1780761285.5332043,15,193.015625,2294.25
1780761285.5332043,13,207.765625,2272.0
1780761285.5332043,15,219.78125,2294.5
1780761285.5332043,15,223.40625,899.75
1780761285.5332043,15,224.828125,890.25
1780761285.5332043,15,226.1875,882.5
1780761285.5332043,15,227.4375,880.25
1780761285.5332043,15,236.046875,1759.75
1780761285.5332043,15,237.359375,1733.75
1780761285.5332043,15,240.046875,1695.75
1780761285.5332043,15,241.421875,1660.75
1780761285.5332043,15,244.140625,1595.0
1780761285.5332043,15,245.5,1589.5
1780761285.5332043,15,246.84375,1577.5
1780761285.5332043,15,248.171875,1557.5
1780761285.5332043,15,249.515625,1547.75
1780761285.5332043,15,250.859375,1538.75
1780761285.5332043,7,252.15625,1529.5
1780761285.5332043,15,253.546875,1510.5
1780761285.5332043,15,254.875,1485.25
1780761285.5332043,15,256.171875,1474.75
1780761285.5332043,15,257.59375,1464.75
1780761285.5332043,15,258.890625,1458.0
1780761285.5332043,15,260.203125,1449.75
1780761285.5332043,15,261.53125,1441.75
1780761285.5332043,15,265.59375,622.25
1780761285.5332043,15,266.8125,622.25
1780761285.5332043,15,275.078125,1243.25
1780761285.5332043,15,276.375,1216.0
1780761285.5332043,15,277.6875,1205.5
1780761285.5332043,15,279.078125,1208.75
1780761285.5332043,15,280.359375,1210.0
1780761285.5332043,15,281.71875,1221.75
1780761285.5332043,15,283.046875,1236.5
1780761285.5332043,15,284.375,1242.0
1780761285.5332043,15,294.9375,1320.25
1780761285.5332043,9,298.953125,1244.0
1780761285.5332043,15,300.40625,1256.75
1780761285.5332043,15,314.0625,1031.0
1780761285.5332043,15,315.375,1015.0
1780761285.5332043,10,316.71875,1005.75
1780761285.5332043,9,318.015625,1007.75
1780761285.5332043,15,319.40625,1017.0
1780761285.5332043,15,324.609375,1230.5
1780761285.5332043,15,326.0,1208.0
1780761285.5332043,15,327.3125,1184.5
1780761285.5332043,10,328.640625,1164.25
1780761285.5332043,15,330.0,1151.0
1780761285.5332043,15,333.46875,724.0
1780761285.5332043,15,334.703125,727.25
1780761285.5332043,15,336.015625,740.25
1780761285.5332043,15,337.4375,741.75
1780761285.5332043,15,338.921875,729.5
1780761285.5332043,15,340.234375,719.75
1780761285.5332043,15,341.484375,727.5
1780761285.5332043,15,344.234375,711.0
1780761285.5332043,15,345.59375,700.25
1780761285.5332043,15,346.984375,692.0
1780761285.5332043,15,348.359375,690.5
1780761285.5332043,15,349.625,687.75
1780761285.5332043,15,351.078125,684.0
1780761285.5332043,15,352.359375,682.5
1780761285.6703706,15,353.609375,683.5
1780761285.6703706,15,355.078125,678.5
1780761285.6703706,15,356.421875,676.25
1780761285.6703706,15,357.59375,681.0
1780761285.6703706,15,359.109375,680.5
1780761285.6703706,15,0.515625,671.5
1780761285.6703706,15,1.734375,669.75
1780761285.6703706,15,3.140625,670.75
1780761285.6703706,15,4.46875,667.75
1780761285.6703706,15,5.8125,666.5
1780761285.6703706,15,7.078125,672.0
1780761285.6703706,15,8.5,675.25
1780761285.6703706,15,9.8125,674.25
1780761285.6703706,15,11.125,678.25
1780761285.6703706,15,12.328125,681.0
1780761285.6703706,15,13.6875,682.75
1780761285.6703706,15,15.109375,682.25
1780761285.6703706,15,16.296875,686.5
1780761285.6703706,15,17.65625,691.75
1780761285.6703706,15,19.0625,691.25
1780761285.6703706,15,20.3125,691.0
1780761285.6703706,15,21.671875,699.25
1780761285.6703706,15,25.734375,699.5
1780761285.6703706,15,26.96875,706.25
1780761285.6703706,15,35.28125,1760.0
1780761285.6703706,15,36.578125,1747.75
1780761285.6703706,15,37.96875,1733.25
1780761285.6703706,15,43.875,1057.5
1780761285.6703706,15,57.296875,1042.0
1780761285.6703706,15,63.140625,808.0
1780761285.6703706,15,64.390625,797.5
1780761285.6703706,15,65.84375,787.5
1780761285.6703706,15,67.234375,779.25
1780761285.6703706,15,68.484375,771.25
1780761285.6703706,15,69.84375,763.25
1780761285.6703706,15,71.265625,754.5
1780761285.6703706,15,72.625,747.0
1780761285.6703706,15,73.921875,741.5
1780761285.6703706,15,75.25,736.75
1780761285.6703706,15,76.71875,732.0
1780761285.6703706,15,78.015625,727.5
1780761285.6703706,15,79.359375,722.75
1780761285.6703706,15,80.6875,718.25
1780761285.6703706,15,82.03125,715.0
1780761285.6703706,15,83.4375,712.5
1780761285.6703706,15,84.71875,710.75
1780761285.6703706,15,86.0625,708.0
1780761285.6703706,15,87.421875,705.5
1780761285.6703706,15,88.734375,704.0
1780761285.6703706,15,90.109375,706.0
1780761285.6703706,15,91.34375,706.25
1780761285.6703706,15,92.8125,704.0
1780761285.6703706,15,94.125,704.0
1780761285.6703706,15,95.453125,704.5
1780761285.6703706,15,96.6875,706.5
1780761285.6703706,15,98.03125,708.0
1780761285.6703706,15,99.453125,709.75
1780761285.6703706,15,100.71875,712.5
1780761285.6703706,15,102.171875,715.0
1780761285.6703706,15,103.40625,717.75
1780761285.6703706,15,104.75,721.5
1780761285.6703706,15,106.125,726.0
1780761285.6703706,15,107.390625,730.5
1780761285.6703706,15,108.65625,734.5
1780761285.6703706,15,110.046875,739.25
1780761285.6703706,15,111.359375,744.75
1780761285.6703706,15,112.765625,750.75
1780761285.6703706,15,114.0625,758.25
1780761285.6703706,15,115.390625,765.0
1780761285.6703706,15,116.734375,772.5
1780761285.6703706,15,117.921875,781.25
1780761285.6703706,15,119.328125,788.75
1780761285.6703706,15,120.640625,799.25
1780761285.6703706,15,121.984375,809.75
1780761285.6703706,15,123.28125,821.0
1780761285.6703706,15,131.703125,681.0
1780761285.6703706,15,132.875,696.25
1780761285.6703706,15,134.171875,711.25
1780761285.6703706,15,135.46875,726.5
1780761285.6703706,15,136.8125,742.5
1780761285.6703706,15,138.109375,761.25
1780761285.6703706,15,139.390625,780.25
1780761285.6703706,15,140.625,800.0
1780761285.6703706,15,141.875,822.0
1780761285.6703706,15,143.25,843.75
1780761285.6703706,8,145.4375,1155.75
1780761285.6703706,15,148.03125,1225.75
1780761285.6703706,15,154.78125,1234.0
1780761285.6703706,7,160.890625,2213.25
1780761285.6703706,15,167.59375,2274.5
1780761285.6703706,15,168.890625,2274.25
1780761285.6703706,15,170.25,2292.75
1780761285.6703706,15,192.96875,2294.0
1780761285.6703706,15,209.140625,2294.25
1780761285.6703706,15,219.875,2294.5
1780761285.6703706,15,224.96875,877.0
1780761285.6703706,15,226.21875,868.75
1780761285.6703706,15,227.625,862.0
1780761285.6703706,15,228.984375,855.0
1780761285.6703706,15,236.15625,1771.25
1780761285.6703706,6,237.578125,1734.5
1780761285.6703706,3,238.921875,1709.0
1780761285.6703706,15,240.265625,1684.75
1780761285.6703706,15,241.578125,1661.0
1780761285.6703706,15,244.296875,1594.25
1780761285.6703706,15,245.6875,1590.25
1780761285.6703706,6,247.03125,1570.0
1780761285.6703706,15,248.375,1550.0
1780761285.6703706,15,249.734375,1548.0
1780761285.6703706,15,250.984375,1538.75
1780761285.6703706,7,252.3125,1529.5
1780761285.6703706,15,253.65625,1506.75
1780761285.6703706,15,255.03125,1481.5
1780761285.6703706,15,256.390625,1469.0
1780761285.6703706,15,257.6875,1458.75
1780761285.6703706,15,259.015625,1457.75
1780761285.6703706,15,260.375,1450.0
1780761285.6703706,15,261.703125,1441.75
1780761285.6703706,15,263.078125,1434.25
1780761285.6703706,15,264.40625,1426.0
1780761285.6703706,15,269.828125,622.0
1780761285.6703706,15,271.046875,628.25
1780761285.6703706,15,273.78125,1425.25
1780761285.6703706,15,279.296875,1213.5
1780761285.6703706,15,280.5625,1212.5
1780761285.6703706,8,281.921875,1212.25
1780761285.6703706,15,283.171875,1226.75
1780761285.6703706,15,284.578125,1242.0
1780761285.6703706,15,299.390625,1262.0
1780761285.6703706,15,300.703125,1256.75
1780761285.6703706,15,303.296875,1320.0
1780761285.6703706,15,317.0,1035.0
1780761285.6703706,15,318.375,1028.0
1780761285.6703706,15,319.734375,1029.25
1780761285.6703706,15,324.8125,1252.25
1780761285.6703706,15,326.15625,1245.0
1780761285.6703706,15,327.53125,1231.0
1780761285.6703706,15,328.96875,1208.5
1780761285.6703706,15,330.3125,1186.75
1780761285.6703706,15,331.609375,1171.75
1780761285.6703706,15,334.953125,759.75
1780761285.6703706,15,336.328125,763.0
1780761285.6703706,15,337.65625,773.0
1780761285.6703706,15,338.953125,772.75
1780761285.6703706,15,340.375,765.75
1780761285.6703706,15,341.65625,764.5
1780761285.6703706,15,343.0,763.5
1780761285.6703706,15,344.40625,761.5
1780761285.6703706,15,347.09375,727.0
1780761285.6703706,15,348.359375,722.5
1780761285.6703706,15,349.8125,720.25
1780761285.6703706,15,351.15625,719.25
1780761285.8081756,15,352.484375,721.5
1780761285.8081756,15,353.71875,721.25
1780761285.8081756,15,355.203125,717.5
1780761285.8081756,15,356.46875,709.0
1780761285.8081756,15,357.8125,708.0
1780761285.8081756,15,359.234375,713.5
1780761285.8081756,15,0.546875,709.0
1780761285.8081756,15,1.875,703.25
1780761285.8081756,15,3.203125,701.75
1780761285.8081756,15,4.5,703.75
1780761285.8081756,15,5.9375,705.0
1780761285.8081756,15,7.140625,704.75
1780761285.8081756,15,8.53125,708.0
1780761285.8081756,15,9.84375,710.5
1780761285.8081756,15,11.140625,715.0
1780761285.8081756,15,12.4375,718.0
1780761285.8081756,15,13.828125,718.75
1780761285.8081756,15,15.25,719.75
1780761285.8081756,15,16.4375,721.5
1780761285.8081756,15,17.78125,724.25
1780761285.8081756,15,19.171875,729.75
1780761285.8081756,15,20.375,739.75
1780761285.8081756,15,21.828125,750.5
1780761285.8081756,15,23.125,745.75
1780761285.8081756,15,24.515625,738.0
1780761285.8081756,15,25.734375,743.0
1780761285.8081756,15,29.6875,809.75
1780761285.8081756,15,33.953125,1819.75
1780761285.8081756,15,35.375,1795.75
1780761285.8081756,15,36.6875,1759.5
1780761285.8081756,15,38.078125,1747.25
1780761285.8081756,15,42.625,1081.75
1780761285.8081756,15,46.46875,1246.25
1780761285.8081756,15,51.75,1326.0
1780761285.8081756,15,60.390625,821.75
1780761285.8081756,15,61.875,815.75
1780761285.8081756,15,63.15625,806.25
1780761285.8081756,15,64.625,795.5
1780761285.8081756,15,65.984375,785.5
1780761285.8081756,15,67.25,777.0
1780761285.8081756,15,68.6875,769.25
1780761285.8081756,15,69.90625,761.5
1780761285.8081756,15,71.296875,753.5
1780761285.8081756,15,72.640625,746.0
1780761285.8081756,15,74.078125,739.25
1780761285.8081756,15,75.40625,734.75
1780761285.8081756,15,76.734375,731.5
1780761285.8081756,15,78.046875,726.0
1780761285.8081756,15,79.515625,721.25
1780761285.8081756,15,80.84375,718.25
1780761285.8081756,15,82.171875,715.0
1780761285.8081756,15,83.46875,712.25
1780761285.8081756,15,84.8125,711.0
1780761285.8081756,15,86.140625,708.25
1780761285.8081756,15,87.609375,706.0
1780761285.8081756,15,88.953125,704.5
1780761285.8081756,15,90.21875,703.75
1780761285.8081756,15,91.578125,704.0
1780761285.8081756,15,92.953125,703.25
1780761285.8081756,15,94.25,704.0
1780761285.8081756,15,95.515625,705.25
1780761285.8081756,15,96.921875,706.5
1780761285.8081756,15,98.25,708.0
1780761285.8081756,15,99.640625,710.0
1780761285.8081756,15,100.859375,712.5
1780761285.8081756,15,102.1875,715.0
1780761285.8081756,15,103.515625,718.25
1780761285.8081756,15,104.796875,721.75
1780761285.8081756,15,106.109375,726.25
1780761285.8081756,15,107.515625,730.5
1780761285.8081756,15,108.84375,734.75
1780761285.8081756,15,110.171875,739.5
1780761285.8081756,15,111.609375,745.0
1780761285.8081756,15,112.890625,752.5
1780761285.8081756,15,114.125,760.0
1780761285.8081756,15,115.5,767.0
1780761285.8081756,15,116.78125,774.0
1780761285.8081756,15,118.1875,781.75
1780761285.8081756,15,119.515625,789.5
1780761285.8081756,15,120.796875,799.5
1780761285.8081756,15,129.125,655.25
1780761285.8081756,15,130.5625,669.75
1780761285.8081756,15,131.765625,682.25
1780761285.8081756,15,133.015625,696.5
1780761285.8081756,15,134.296875,712.75
1780761285.8081756,15,135.6875,728.0
1780761285.8081756,15,136.9375,743.5
1780761285.8081756,15,138.265625,762.0
1780761285.8081756,15,139.46875,782.0
1780761285.8081756,15,140.875,802.25
1780761285.8081756,8,145.5625,1160.75
1780761285.8081756,15,146.890625,1192.5
1780761285.8081756,15,148.21875,1225.75
1780761285.8081756,15,150.78125,1326.25
1780761285.8081756,15,154.96875,1193.25
1780761285.8081756,15,169.0,2293.0
1780761285.8081756,15,170.359375,2292.5
1780761285.8081756,15,193.1875,2293.75
1780761285.8081756,15,226.609375,851.75
1780761285.8081756,15,227.875,843.0
1780761285.8081756,15,229.15625,835.5
1780761285.8081756,15,230.609375,828.0
1780761285.8081756,15,231.8125,836.75
1780761285.8081756,15,234.96875,1795.5
1780761285.8081756,15,236.328125,1759.75
1780761285.8081756,6,237.703125,1734.25
1780761285.8081756,15,240.375,1696.25
1780761285.8081756,15,241.75,1660.25
1780761285.8081756,15,244.4375,1592.5
1780761285.8081756,15,245.75,1589.25
1780761285.8081756,15,247.15625,1569.75
1780761285.8081756,15,248.5,1549.75
1780761285.8081756,15,249.8125,1540.25
1780761285.8081756,15,251.140625,1530.75
1780761285.8081756,7,252.515625,1529.25
1780761285.8081756,15,253.828125,1506.0
1780761285.8081756,15,255.234375,1481.75
1780761285.8081756,15,256.578125,1475.0
1780761285.8081756,15,257.90625,1464.0
1780761285.8081756,15,259.234375,1457.25
1780761285.8081756,15,260.609375,1449.5
1780761285.8081756,15,261.921875,1441.5
1780761285.8081756,7,263.3125,1433.25
1780761285.8081756,8,264.640625,1425.5
1780761285.8081756,15,265.921875,1425.0
1780761285.8081756,15,267.3125,1418.25
1780761285.8081756,15,268.609375,1411.75
1780761285.8081756,15,272.515625,625.0
1780761285.8081756,15,273.9375,626.25
1780761285.8081756,15,282.046875,1215.0
1780761285.8081756,15,283.34375,1218.75
1780761285.8081756,15,284.71875,1231.0
1780761285.8081756,15,286.03125,1242.5
1780761285.8081756,4,287.296875,1255.25
1780761285.8081756,15,295.1875,1434.75
1780761285.8081756,15,302.078125,1257.25
1780761285.8081756,15,304.65625,1320.0
1780761285.8081756,15,317.0,1089.0
1780761285.8081756,15,318.28125,1063.5
1780761285.8081756,15,319.625,1048.0
1780761285.8081756,15,320.96875,1052.75
1780761285.8081756,8,327.5625,1248.0
1780761285.8081756,15,328.90625,1244.0
1780761285.8081756,15,330.25,1231.25
1780761285.8081756,15,331.578125,1209.75
1780761285.8081756,15,332.953125,1198.25
1780761285.8081756,15,336.234375,795.5
1780761285.8081756,15,337.5,801.0
1780761285.8081756,15,338.90625,807.25
1780761285.8081756,15,340.25,801.75
1780761285.8081756,15,341.59375,797.0
1780761285.8081756,15,342.859375,803.75
1780761285.8081756,15,344.3125,799.75
1780761285.8081756,15,345.6875,782.0
1780761285.8081756,15,347.0625,770.25
1780761285.8081756,15,348.25,766.75
1780761285.8081756,15,349.75,764.5
1780761285.8081756,15,350.984375,761.0
1780761285.9454434,15,352.375,757.5
1780761285.9454434,15,353.75,757.75
1780761285.9454434,15,355.109375,757.5
1780761285.9454434,15,356.390625,748.0
1780761285.9454434,15,357.734375,746.25
1780761285.9454434,15,359.0,753.5
1780761285.9454434,15,0.453125,750.5
1780761285.9454434,15,1.765625,746.5
1780761285.9454434,15,3.046875,747.25
1780761285.9454434,15,4.40625,750.75
1780761285.9454434,15,5.84375,749.5
1780761285.9454434,15,7.0,746.5
1780761285.9454434,15,8.390625,751.0
1780761285.9454434,15,9.671875,755.5
1780761285.9454434,15,11.046875,757.5
1780761285.9454434,15,12.5,756.75
1780761285.9454434,15,13.78125,760.0
1780761285.9454434,15,15.25,764.75
1780761285.9454434,15,16.46875,763.5
1780761285.9454434,15,17.890625,763.0
1780761285.9454434,15,19.21875,770.25
1780761285.9454434,15,20.453125,778.75
1780761285.9454434,15,21.859375,774.0
1780761285.9454434,15,23.21875,768.5
1780761285.9454434,15,24.546875,775.5
1780761285.9454434,15,25.734375,791.75
1780761285.9454434,15,27.078125,815.0
1780761285.9454434,15,35.484375,1807.5
1780761285.9454434,15,36.828125,1772.0
1780761285.9454434,15,41.40625,1108.25
1780761285.9454434,15,45.21875,1268.75
1780761285.9454434,15,50.53125,1331.5
1780761285.9454434,15,59.171875,837.25
1780761285.9454434,15,60.578125,824.5
1780761285.9454434,15,61.859375,814.5
1780761285.9454434,15,63.34375,804.25
1780761285.9454434,15,64.609375,793.25
1780761285.9454434,15,65.953125,784.0
1780761285.9454434,15,67.40625,775.75
1780761285.9454434,15,68.78125,768.0
1780761285.9454434,15,70.109375,760.5
1780761285.9454434,15,71.40625,752.75
1780761285.9454434,15,72.75,745.5
1780761285.9454434,15,74.0625,739.25
1780761285.9454434,15,75.5625,734.75
1780761285.9454434,15,76.78125,731.5
1780761285.9454434,15,78.296875,726.25
1780761285.9454434,15,79.5625,720.75
1780761285.9454434,15,80.921875,717.5
1780761285.9454434,15,82.171875,714.0
1780761285.9454434,15,83.609375,709.75
1780761285.9454434,15,84.984375,707.75
1780761285.9454434,15,86.359375,708.0
1780761285.9454434,15,87.71875,706.5
1780761285.9454434,15,89.03125,705.25
1780761285.9454434,15,90.21875,704.5
1780761285.9454434,15,91.5625,703.75
1780761285.9454434,15,93.046875,703.25
1780761285.9454434,15,94.390625,703.5
1780761285.9454434,15,95.71875,705.25
1780761285.9454434,15,96.984375,706.75
1780761285.9454434,15,98.375,708.5
1780761285.9454434,15,99.734375,710.5
1780761285.9454434,15,101.0625,712.25
1780761285.9454434,15,102.328125,714.5
1780761285.9454434,15,103.625,717.5
1780761285.9454434,15,104.890625,721.75
1780761285.9454434,15,106.25,725.75
1780761285.9454434,15,107.59375,730.0
1780761285.9454434,15,108.953125,735.0
1780761285.9454434,15,110.203125,739.5
1780761285.9454434,15,111.53125,744.75
1780761285.9454434,15,112.859375,751.5
1780761285.9454434,15,114.328125,759.0
1780761285.9454434,15,115.515625,765.75
1780761285.9454434,15,116.90625,773.0
1780761285.9454434,15,118.25,781.75
1780761285.9454434,15,119.640625,779.25
1780761285.9454434,15,125.40625,636.5
1780761285.9454434,15,126.75,634.25
1780761285.9454434,15,127.9375,646.75
1780761285.9454434,15,129.265625,658.5
1780761285.9454434,15,130.640625,670.0
1780761285.9454434,15,131.859375,683.75
1780761285.9454434,15,133.03125,699.0
1780761285.9454434,15,134.359375,714.25
1780761285.9454434,15,135.765625,730.5
1780761285.9454434,15,136.9375,746.0
1780761285.9454434,15,144.40625,1131.0
1780761285.9454434,15,145.6875,1160.5
1780761285.9454434,15,146.9375,1192.5
1780761285.9454434,15,148.25,1226.25
1780761285.9454434,15,150.890625,1326.25
1780761285.9454434,11,153.734375,1168.5
1780761285.9454434,15,154.984375,1175.5
1780761285.9454434,15,163.84375,2060.25
1780761285.9454434,15,166.40625,2252.25
1780761285.9454434,15,167.75,2271.25
1780761285.9454434,15,169.109375,2273.25
1780761285.9454434,15,191.875,2254.75
1780761285.9454434,15,193.203125,2274.5
1780761285.9454434,15,199.859375,2294.0
1780761285.9454434,15,227.875,825.25
1780761285.9454434,15,229.25,817.25
1780761285.9454434,15,230.546875,811.5
1780761285.9454434,15,231.984375,807.25
1780761285.9454434,15,233.265625,807.5
1780761285.9454434,15,241.78125,1650.0
1780761285.9454434,15,244.46875,1592.75
1780761285.9454434,15,245.8125,1581.75
1780761285.9454434,15,247.1875,1562.0
1780761285.9454434,15,248.5625,1549.5
1780761285.9454434,15,249.921875,1540.0
1780761285.9454434,15,251.1875,1530.75
1780761285.9454434,10,252.5625,1513.75
1780761285.9454434,15,253.890625,1490.25
1780761285.9454434,15,255.296875,1480.5
1780761285.9454434,15,256.609375,1474.25
1780761285.9454434,15,257.96875,1464.25
1780761285.9454434,15,259.296875,1457.25
1780761285.9454434,15,260.609375,1456.25
1780761285.9454434,15,261.984375,1448.5
1780761285.9454434,7,263.28125,1433.25
1780761285.9454434,8,264.703125,1425.25
1780761285.9454434,15,266.046875,1424.5
1780761285.9454434,15,267.375,1418.0
1780761285.9454434,15,268.71875,1411.5
1780761285.9454434,15,270.046875,1411.5
1780761285.9454434,15,271.390625,1411.5
1780761285.9454434,15,275.296875,623.75
1780761285.9454434,15,276.734375,621.0
1780761285.9454434,15,282.265625,1225.5
1780761285.9454434,15,283.59375,1216.25
1780761285.9454434,8,284.90625,1218.25
1780761285.9454434,15,286.25,1233.25
1780761285.9454434,15,287.5625,1243.25
1780761285.9454434,15,288.859375,1256.0
1780761285.9454434,15,291.5,1324.25
1780761285.9454434,15,296.8125,1435.0
1780761285.9454434,1,298.171875,1410.0
1780761285.9454434,15,303.546875,1325.75
1780761285.9454434,15,304.890625,1325.75
1780761285.9454434,15,318.53125,1108.25
1780761285.9454434,9,319.875,1090.5
1780761285.9454434,7,321.203125,1081.5
1780761285.9454434,15,322.59375,1090.5
1780761285.9454434,15,329.125,1254.25
1780761285.9454434,15,330.46875,1247.5
1780761285.9454434,15,331.859375,1238.0
1780761285.9454434,15,333.140625,1227.25
1780761285.9454434,15,336.484375,834.0
1780761285.9454434,15,337.6875,826.75
1780761285.9454434,15,339.046875,837.25
1780761285.9454434,15,340.421875,845.75
1780761285.9454434,15,341.796875,838.5
1780761285.9454434,15,343.09375,833.5
1780761285.9454434,15,344.40625,835.0
1780761285.9454434,15,345.796875,836.5
1780761285.9454434,15,348.625,801.0
1780761285.9454434,15,349.90625,795.0
1780761285.9454434,15,351.125,795.25
1780761286.083189,15,352.578125,792.0
1780761286.083189,15,353.921875,790.75
1780761286.083189,15,355.203125,792.75
1780761286.083189,15,356.578125,789.5
1780761286.083189,15,357.96875,786.0
1780761286.083189,15,359.234375,788.75
1780761286.083189,15,0.625,784.75
1780761286.083189,15,1.890625,780.25
1780761286.083189,15,3.296875,784.5
1780761286.083189,15,4.65625,787.5
1780761286.083189,15,5.96875,785.0
1780761286.083189,15,7.296875,785.25
1780761286.083189,15,8.578125,788.0
1780761286.083189,15,9.96875,790.0
1780761286.083189,15,11.234375,791.75
1780761286.083189,15,12.609375,792.5
1780761286.083189,15,13.90625,797.25
1780761286.083189,15,15.171875,805.0
1780761286.083189,15,16.484375,803.75
1780761286.083189,15,17.890625,804.5
1780761286.083189,15,19.140625,815.75
1780761286.083189,15,20.59375,814.25
1780761286.083189,15,21.890625,806.75
1780761286.083189,15,23.09375,809.25
1780761286.083189,15,24.359375,824.25
1780761286.083189,15,26.9375,875.75
1780761286.083189,15,40.09375,1132.5
1780761286.083189,15,44.0,1296.0
1780761286.083189,15,49.328125,1307.25
1780761286.083189,15,55.1875,872.0
1780761286.083189,15,56.640625,865.75
1780761286.083189,15,57.921875,851.0
1780761286.083189,15,59.390625,836.5
1780761286.083189,15,60.6875,823.25
1780761286.083189,15,61.984375,812.5
1780761286.083189,15,63.328125,802.5
1780761286.083189,15,64.71875,792.75
1780761286.083189,15,66.171875,782.5
1780761286.083189,15,67.453125,774.25
1780761286.083189,15,68.765625,766.25
1780761286.083189,15,70.171875,757.0
1780761286.083189,15,71.5,749.25
1780761286.083189,15,72.859375,742.5
1780761286.083189,15,74.25,737.25
1780761286.083189,15,75.6875,732.0
1780761286.083189,15,76.90625,727.0
1780761286.083189,15,78.25,722.75
1780761286.083189,15,79.71875,718.0
1780761286.083189,15,81.046875,719.0
1780761286.083189,15,82.375,717.0
1780761286.083189,15,83.65625,709.75
1780761286.083189,15,85.15625,707.75
1780761286.083189,15,86.5,706.25
1780761286.083189,15,87.765625,704.25
1780761286.083189,15,89.0625,703.75
1780761286.083189,15,90.4375,702.5
1780761286.083189,15,91.796875,702.0
1780761286.083189,15,93.078125,701.75
1780761286.083189,15,94.421875,702.5
1780761286.083189,15,95.8125,704.0
1780761286.083189,15,97.21875,705.0
1780761286.083189,15,98.53125,707.0
1780761286.083189,15,99.765625,708.75
1780761286.083189,15,101.140625,710.75
1780761286.083189,15,102.515625,712.75
1780761286.083189,15,103.875,715.75
1780761286.083189,15,105.15625,719.5
1780761286.083189,15,106.53125,724.0
1780761286.083189,15,107.8125,729.0
1780761286.083189,15,109.109375,733.0
1780761286.083189,15,110.453125,737.5
1780761286.083189,15,111.71875,743.75
1780761286.083189,15,113.03125,750.5
1780761286.083189,15,114.4375,757.0
1780761286.083189,15,115.734375,764.5
1780761286.083189,15,117.046875,757.5
1780761286.083189,15,122.890625,614.5
1780761286.083189,15,124.203125,614.25
1780761286.083189,15,125.4375,626.0
1780761286.083189,15,126.75,636.75
1780761286.083189,15,128.046875,647.25
1780761286.083189,15,129.40625,659.75
1780761286.083189,15,130.796875,671.5
1780761286.083189,15,131.953125,684.25
1780761286.083189,15,133.296875,699.0
1780761286.083189,15,134.484375,714.0
1780761286.083189,15,135.859375,730.25
1780761286.083189,15,137.078125,745.75
1780761286.083189,15,141.8125,1065.0
1780761286.083189,15,144.4375,1131.0
1780761286.083189,8,145.6875,1160.75
1780761286.083189,15,147.0,1193.0
1780761286.083189,9,152.484375,1141.75
1780761286.083189,15,153.828125,1140.25
1780761286.083189,15,155.015625,1160.75
1780761286.083189,15,162.625,2014.5
1780761286.083189,15,169.234375,2253.25
1780761286.083189,15,170.53125,2254.0
1780761286.083189,15,193.3125,2254.0
1780761286.083189,15,229.421875,801.75
1780761286.083189,15,230.765625,796.5
1780761286.083189,15,231.984375,790.25
1780761286.083189,15,233.40625,786.0
1780761286.083189,15,234.828125,782.75
1780761286.083189,15,240.46875,1695.75
1780761286.083189,15,241.765625,1660.5
1780761286.083189,15,244.53125,1592.75
1780761286.083189,15,245.859375,1589.0
1780761286.083189,7,247.234375,1569.25
1780761286.083189,15,248.546875,1549.5
1780761286.083189,15,249.921875,1547.5
1780761286.083189,15,251.25,1538.25
1780761286.083189,15,252.65625,1529.0
1780761286.083189,15,253.953125,1505.75
1780761286.083189,15,255.296875,1480.75
1780761286.083189,15,256.6875,1468.5
1780761286.083189,15,258.03125,1458.5
1780761286.083189,15,259.390625,1457.25
1780761286.083189,15,260.71875,1456.5
1780761286.083189,15,262.046875,1448.5
1780761286.083189,15,263.390625,1440.75
1780761286.083189,7,264.734375,1432.5
1780761286.083189,15,266.109375,1424.75
1780761286.083189,15,267.453125,1418.25
1780761286.083189,15,268.75,1411.5
1780761286.083189,15,270.125,1411.25
1780761286.083189,15,271.46875,1411.25
1780761286.083189,15,272.8125,1411.0
1780761286.083189,15,274.109375,1417.5
1780761286.083189,15,278.046875,633.75
1780761286.083189,15,279.515625,629.5
1780761286.083189,13,280.78125,635.75
1780761286.083189,15,283.734375,1227.25
1780761286.083189,11,285.046875,1228.25
1780761286.083189,9,286.40625,1239.25
1780761286.083189,15,287.765625,1244.0
1780761286.083189,15,291.671875,1320.0
1780761286.083189,15,298.34375,1442.75
1780761286.083189,15,299.6875,1434.5
1780761286.083189,15,303.75,1338.25
1780761286.083189,15,305.109375,1338.5
1780761286.083189,15,318.703125,1155.0
1780761286.083189,15,320.0625,1136.75
1780761286.083189,15,321.46875,1127.75
1780761286.083189,15,322.78125,1121.5
1780761286.083189,15,324.09375,1129.5
1780761286.083189,15,327.984375,1353.25
1780761286.083189,15,329.359375,1338.5
1780761286.083189,15,332.078125,1279.25
1780761286.083189,15,333.5,1260.25
1780761286.083189,9,334.8125,1245.5
1780761286.083189,15,338.03125,864.25
1780761286.083189,15,339.296875,868.5
1780761286.083189,15,340.65625,879.75
1780761286.083189,15,342.0625,878.0
1780761286.083189,15,343.40625,866.75
1780761286.083189,15,344.78125,867.25
1780761286.083189,15,346.09375,864.25
1780761286.083189,15,347.53125,852.25
1780761286.083189,15,348.78125,842.75
1780761286.083189,15,350.1875,836.25
1780761286.083189,15,351.515625,833.5
1780761286.2205763,15,352.90625,829.25
1780761286.2205763,15,354.265625,829.25
1780761286.2205763,15,355.59375,829.0
1780761286.2205763,15,356.96875,820.75
1780761286.2205763,15,358.21875,824.5
1780761286.2205763,15,359.625,828.5
1780761286.2205763,15,1.03125,818.75
1780761286.2205763,15,2.296875,815.75
1780761286.2205763,15,3.71875,814.5
1780761286.2205763,15,5.03125,814.5
1780761286.2205763,15,6.359375,818.0
1780761286.2205763,15,7.765625,821.25
1780761286.2205763,15,9.046875,826.75
1780761286.2205763,15,10.46875,830.25
1780761286.2205763,15,11.765625,829.25
1780761286.2205763,15,12.875,826.5
1780761286.2205763,15,14.265625,832.75
1780761286.2205763,15,15.53125,839.0
1780761286.2205763,15,16.890625,838.75
1780761286.2205763,15,20.984375,838.0
1780761286.2205763,15,22.1875,846.75
1780761286.2205763,15,23.5625,862.0
1780761286.2205763,15,24.84375,882.25
1780761286.2205763,15,39.265625,1161.0
1780761286.2205763,15,43.171875,1320.25
1780761286.2205763,11,50.09375,1151.0
1780761286.2205763,15,55.8125,872.25
1780761286.2205763,15,57.171875,858.25
1780761286.2205763,15,58.546875,845.25
1780761286.2205763,15,59.96875,832.25
1780761286.2205763,15,61.34375,819.25
1780761286.2205763,15,62.765625,807.25
1780761286.2205763,15,64.125,796.75
1780761286.2205763,15,65.5,786.75
1780761286.2205763,15,66.796875,778.5
1780761286.2205763,15,68.203125,769.75
1780761286.2205763,15,69.640625,761.0
1780761286.2205763,15,70.921875,753.25
1780761286.2205763,15,72.265625,746.5
1780761286.2205763,15,73.671875,739.75
1780761286.2205763,15,75.0,734.25
1780761286.2205763,15,76.453125,729.5
1780761286.2205763,15,77.78125,725.0
1780761286.2205763,15,79.0,721.25
1780761286.2205763,15,80.4375,717.25
1780761286.2205763,15,81.765625,713.75
1780761286.2205763,15,83.203125,711.5
1780761286.2205763,15,84.40625,709.0
1780761286.2205763,15,85.859375,706.5
1780761286.2205763,15,87.046875,706.0
1780761286.2205763,15,88.40625,706.0
1780761286.2205763,15,89.890625,703.75
1780761286.2205763,15,91.203125,702.25
1780761286.2205763,15,92.609375,702.25
1780761286.2205763,15,93.921875,701.75
1780761286.2205763,15,95.203125,702.25
1780761286.2205763,15,96.4375,704.0
1780761286.2205763,15,97.796875,706.25
1780761286.2205763,15,99.25,708.0
1780761286.2205763,15,100.609375,710.25
1780761286.2205763,15,101.796875,712.25
1780761286.2205763,15,103.3125,714.25
1780761286.2205763,15,104.484375,717.5
1780761286.2205763,15,105.84375,722.25
1780761286.2205763,15,107.296875,727.5
1780761286.2205763,15,108.484375,731.25
1780761286.2205763,15,109.8125,735.75
1780761286.2205763,15,111.125,740.5
1780761286.2205763,15,112.40625,747.0
1780761286.2205763,15,113.796875,755.5
1780761286.2205763,15,121.0625,595.25
1780761286.2205763,15,122.21875,605.75
1780761286.2205763,15,123.5,614.25
1780761286.2205763,15,124.921875,624.75
1780761286.2205763,15,126.21875,634.75
1780761286.2205763,15,127.4375,644.25
1780761286.2205763,15,128.734375,656.25
1780761286.2205763,15,130.1875,668.25
1780761286.2205763,15,131.4375,680.75
1780761286.2205763,15,132.609375,695.0
1780761286.2205763,15,133.859375,710.75
1780761286.2205763,15,135.203125,725.0
1780761286.2205763,15,139.984375,1026.5
1780761286.2205763,15,142.609375,1090.5
1780761286.2205763,15,143.828125,1125.0
1780761286.2205763,15,145.171875,1147.0
1780761286.2205763,15,147.734375,1224.25
1780761286.2205763,15,149.09375,1255.0
1780761286.2205763,15,151.921875,1108.0
1780761286.2205763,15,153.28125,1111.25
1780761286.2205763,15,160.75,2014.75
1780761286.2205763,15,162.09375,1999.25
1780761286.2205763,15,168.71875,2231.25
1780761286.2205763,15,170.078125,2249.75
1780761286.2205763,15,185.03125,1846.75
1780761286.2205763,15,194.265625,2252.25
1780761286.2205763,15,231.875,775.5
1780761286.2205763,15,233.1875,769.75
1780761286.2205763,15,234.515625,765.5
1780761286.2205763,15,235.796875,762.25
1780761286.2205763,15,237.15625,760.0
1780761286.2205763,15,244.203125,1601.0
1780761286.2205763,15,245.578125,1589.75
1780761286.2205763,15,246.90625,1569.75
1780761286.2205763,15,248.28125,1550.0
1780761286.2205763,15,249.640625,1548.0
1780761286.2205763,15,251.0,1538.5
1780761286.2205763,8,252.34375,1529.25
1780761286.2205763,15,253.71875,1506.75
1780761286.2205763,15,255.046875,1482.5
1780761286.2205763,15,256.390625,1476.75
1780761286.2205763,15,257.796875,1471.25
1780761286.2205763,15,259.09375,1463.0
1780761286.2205763,15,260.46875,1456.75
1780761286.2205763,15,261.828125,1448.5
1780761286.2205763,15,263.15625,1441.0
1780761286.2205763,7,264.5625,1433.25
1780761286.2205763,15,265.84375,1418.5
1780761286.2205763,15,267.1875,1411.75
1780761286.2205763,15,268.546875,1411.5
1780761286.2205763,15,269.921875,1411.5
1780761286.2205763,15,271.21875,1411.5
1780761286.2205763,15,272.609375,1411.25
1780761286.2205763,15,273.90625,1411.0
1780761286.2205763,15,275.171875,1411.5
1780761286.2205763,15,281.890625,633.5
1780761286.2205763,15,283.0625,631.75
1780761286.2205763,11,288.65625,1241.25
1780761286.2205763,7,289.984375,1247.0
1780761286.2205763,15,292.5625,1326.75
1780761286.2205763,11,293.890625,1326.25
1780761286.2205763,15,299.3125,1442.75
1780761286.2205763,15,300.65625,1442.75
1780761286.2205763,15,304.75,1333.0
1780761286.2205763,15,306.078125,1351.25
1780761286.2205763,15,319.625,1172.0
1780761286.2205763,15,321.0625,1156.5
1780761286.2205763,15,322.359375,1145.5
1780761286.2205763,15,323.796875,1145.0
1780761286.2205763,15,330.359375,1359.5
1780761286.2205763,15,331.6875,1344.75
1780761286.2205763,1,333.015625,1319.25
1780761286.2205763,15,334.453125,1293.0
1780761286.2205763,15,335.828125,1277.25
1780761286.2205763,15,338.96875,892.25
1780761286.2205763,15,340.25,901.75
1780761286.2205763,15,341.625,914.0
1780761286.2205763,15,343.03125,909.75
1780761286.2205763,15,344.375,896.5
1780761286.2205763,15,345.640625,902.25
1780761286.2205763,15,347.046875,905.75
1780761286.2205763,15,348.375,887.0
1780761286.2205763,15,349.734375,878.75
1780761286.2205763,15,351.15625,874.0
1780761286.3582056,15,352.453125,867.5
1780761286.3582056,15,353.828125,868.75
1780761286.3582056,15,355.203125,871.0
1780761286.3582056,15,356.5625,867.0
1780761286.3582056,15,357.8125,858.25
1780761286.3582056,15,359.171875,857.5
1780761286.3582056,15,0.5,857.5
1780761286.3582056,15,1.9375,857.0
1780761286.3582056,15,3.171875,859.5
1780761286.3582056,15,4.59375,859.25
1780761286.3582056,15,5.859375,860.5
1780761286.3582056,15,7.203125,862.75
1780761286.3582056,15,8.625,864.5
1780761286.3582056,15,9.921875,865.0
1780761286.3582056,15,11.3125,864.5
1780761286.3582056,15,12.578125,864.75
1780761286.3582056,15,13.921875,869.0
1780761286.3582056,15,15.15625,871.0
1780761286.3582056,15,16.484375,878.5
1780761286.3582056,15,17.84375,879.75
1780761286.3582056,15,19.3125,871.0
1780761286.3582056,15,20.546875,871.5
1780761286.3582056,15,21.8125,879.75
1780761286.3582056,15,23.1875,898.5
1780761286.3582056,15,24.421875,925.5
1780761286.3582056,15,25.71875,950.75
1780761286.3582056,15,37.59375,1189.75
1780761286.3582056,15,42.75,1352.0
1780761286.3582056,15,50.046875,906.0
1780761286.3582056,15,51.25,914.0
1780761286.3582056,15,52.71875,911.0
1780761286.3582056,15,53.984375,892.5
1780761286.3582056,15,55.453125,876.5
1780761286.3582056,15,56.75,862.25
1780761286.3582056,15,58.15625,847.75
1780761286.3582056,15,59.5,833.5
1780761286.3582056,15,61.046875,820.25
1780761286.3582056,15,62.296875,809.25
1780761286.3582056,15,63.6875,798.5
1780761286.3582056,15,65.09375,788.0
1780761286.3582056,15,66.515625,779.0
1780761286.3582056,15,67.765625,770.25
1780761286.3582056,15,69.125,762.25
1780761286.3582056,15,70.625,754.75
1780761286.3582056,15,71.90625,747.5
1780761286.3582056,15,73.328125,740.25
1780761286.3582056,15,74.625,734.75
1780761286.3582056,15,75.953125,730.75
1780761286.3582056,15,77.375,726.75
1780761286.3582056,15,78.6875,722.0
1780761286.3582056,15,79.984375,717.5
1780761286.3582056,15,81.328125,714.25
1780761286.3582056,15,82.84375,711.75
1780761286.3582056,15,84.125,709.75
1780761286.3582056,15,85.453125,707.5
1780761286.3582056,15,86.8125,705.25
1780761286.3582056,15,88.140625,704.75
1780761286.3582056,15,89.46875,703.75
1780761286.3582056,15,90.828125,702.0
1780761286.3582056,15,92.140625,701.75
1780761286.3582056,15,93.53125,702.0
1780761286.3582056,15,94.8125,703.0
1780761286.3582056,15,96.09375,703.75
1780761286.3582056,15,97.5,704.5
1780761286.3582056,15,98.84375,706.75
1780761286.3582056,15,100.046875,709.0
1780761286.3582056,15,101.46875,710.5
1780761286.3582056,15,102.828125,713.25
1780761286.3582056,15,104.109375,717.0
1780761286.3582056,15,105.515625,720.75
1780761286.3582056,15,106.796875,725.5
1780761286.3582056,15,107.984375,729.5
1780761286.3582056,15,109.328125,733.5
1780761286.3582056,15,110.609375,738.75
1780761286.3582056,15,116.609375,581.75
1780761286.3582056,15,117.9375,578.75
1780761286.3582056,15,119.25,587.25
1780761286.3582056,15,120.4375,595.0
1780761286.3582056,15,121.8125,603.0
1780761286.3582056,15,123.109375,610.5
1780761286.3582056,15,124.5,620.25
1780761286.3582056,15,125.71875,630.75
1780761286.3582056,15,127.0625,639.75
1780761286.3582056,15,128.34375,650.75
1780761286.3582056,15,129.65625,663.75
1780761286.3582056,15,130.890625,676.5
1780761286.3582056,15,132.125,690.75
1780761286.3582056,11,138.234375,1000.25
1780761286.3582056,15,139.53125,1020.75
1780761286.3582056,15,140.90625,1047.5
1780761286.3582056,7,142.203125,1074.25
1780761286.3582056,15,144.828125,1137.5
1780761286.3582056,15,151.578125,1073.5
1780761286.3582056,15,161.65625,1969.25
1780761286.3582056,8,172.125,2788.75
1780761286.3582056,15,179.125,1819.75
1780761286.3582056,15,180.484375,1819.5
1780761286.3582056,15,181.8125,1819.5
1780761286.3582056,15,183.15625,1819.75
1780761286.3582056,15,184.484375,1819.75
1780761286.3582056,15,185.890625,1819.75
1780761286.3582056,15,187.171875,1819.75
1780761286.3582056,15,188.515625,1819.75
1780761286.3582056,15,234.03125,753.75
1780761286.3582056,15,235.359375,749.25
1780761286.3582056,15,236.734375,745.75
1780761286.3582056,15,238.046875,741.5
1780761286.3582056,15,239.40625,739.0
1780761286.3582056,15,245.09375,1591.0
1780761286.3582056,15,246.40625,1580.25
1780761286.3582056,15,247.734375,1560.75
1780761286.3582056,15,249.140625,1549.75
1780761286.3582056,15,250.484375,1539.75
1780761286.3582056,7,251.765625,1530.0
1780761286.3582056,15,253.109375,1528.75
1780761286.3582056,15,254.53125,1505.5
1780761286.3582056,15,255.859375,1480.0
1780761286.3582056,15,257.203125,1468.0
1780761286.3582056,15,258.5,1458.25
1780761286.3582056,15,259.90625,1457.25
1780761286.3582056,15,261.203125,1449.25
1780761286.3582056,15,262.578125,1441.5
1780761286.3582056,15,263.90625,1440.75
1780761286.3582056,7,265.25,1426.5
1780761286.3582056,15,266.59375,1418.75
1780761286.3582056,15,267.96875,1424.25
1780761286.3582056,15,269.3125,1417.5
1780761286.3582056,15,270.609375,1411.25
1780761286.3582056,15,272.0,1411.5
1780761286.3582056,15,273.34375,1411.5
1780761286.3582056,15,274.640625,1411.25
1780761286.3582056,15,275.890625,1418.25
1780761286.3582056,15,277.203125,1426.25
1780761286.3582056,15,281.203125,1441.75
1780761286.3582056,15,285.1875,648.0
1780761286.3582056,15,286.453125,649.25
1780761286.3582056,15,289.453125,1246.75
1780761286.3582056,5,290.765625,1257.0
1780761286.3582056,15,294.71875,1320.75
1780761286.3582056,15,302.65625,1435.0
1780761286.3582056,15,312.03125,1442.75
1780761286.3582056,15,321.65625,1191.5
1780761286.3582056,10,323.015625,1172.5
1780761286.3582056,10,324.46875,1160.5
1780761286.3582056,15,325.78125,1179.0
1780761286.3582056,15,329.609375,1416.0
1780761286.3582056,7,330.984375,1392.25
1780761286.3582056,15,332.34375,1368.5
1780761286.3582056,15,333.734375,1353.25
1780761286.3582056,15,335.078125,1338.75
1780761286.3582056,15,336.40625,1331.75
1780761286.3582056,15,339.625,926.0
1780761286.3582056,15,340.90625,932.5
1780761286.3582056,15,342.25,944.5
1780761286.3582056,15,343.59375,939.75
1780761286.3582056,15,344.96875,930.75
1780761286.3582056,15,346.296875,936.0
1780761286.3582056,15,347.625,930.75
1780761286.3582056,15,349.0625,915.0
1780761286.3582056,15,350.40625,908.0
1780761286.3582056,15,351.703125,904.25
1780761286.4962146,15,353.109375,905.0
1780761286.4962146,15,354.34375,905.0
1780761286.4962146,15,355.703125,902.75
1780761286.4962146,15,357.15625,897.75
1780761286.4962146,15,358.4375,897.25
1780761286.4962146,15,359.75,895.75
1780761286.4962146,15,1.1875,893.0
1780761286.4962146,15,2.4375,894.0
1780761286.4962146,15,3.765625,893.5
1780761286.4962146,15,5.21875,895.5
1780761286.4962146,15,6.578125,895.5
1780761286.4962146,15,7.8125,895.5
1780761286.4962146,15,9.203125,899.0
1780761286.4962146,15,10.5625,900.0
1780761286.4962146,15,11.828125,898.5
1780761286.4962146,15,13.1875,902.75
1780761286.4962146,15,14.625,905.5
1780761286.4962146,15,15.9375,911.25
1780761286.4962146,15,17.203125,918.0
1780761286.4962146,15,18.53125,912.0
1780761286.4962146,15,19.96875,908.25
1780761286.4962146,15,21.296875,916.75
1780761286.4962146,15,23.8125,964.5
1780761286.4962146,15,25.140625,988.0
1780761286.4962146,15,37.0,1218.0
1780761286.4962146,15,40.890625,1379.0
1780761286.4962146,15,52.203125,913.25
1780761286.4962146,15,53.59375,897.25
1780761286.4962146,15,54.984375,880.5
1780761286.4962146,15,56.359375,866.25
1780761286.4962146,15,57.8125,852.25
1780761286.4962146,15,59.09375,838.0
1780761286.4962146,15,60.5,823.25
1780761286.4962146,15,61.984375,811.25
1780761286.4962146,15,63.359375,799.5
1780761286.4962146,15,64.625,790.0
1780761286.4962146,15,66.109375,782.0
1780761286.4962146,15,67.34375,773.5
1780761286.4962146,15,68.78125,765.0
1780761286.4962146,15,70.171875,756.25
1780761286.4962146,15,71.578125,748.5
1780761286.4962146,15,72.75,747.75
1780761286.4962146,15,74.296875,743.25
1780761286.4962146,15,75.53125,732.25
1780761286.4962146,15,77.015625,727.25
1780761286.4962146,15,78.265625,722.75
1780761286.4962146,15,79.75,718.0
1780761286.4962146,15,81.015625,714.5
1780761286.4962146,15,82.328125,712.25
1780761286.4962146,15,83.65625,710.5
1780761286.4962146,15,84.953125,708.25
1780761286.4962146,15,86.359375,704.75
1780761286.4962146,15,87.609375,702.0
1780761286.4962146,15,88.984375,701.75
1780761286.4962146,15,90.28125,702.5
1780761286.4962146,15,91.625,701.25
1780761286.4962146,15,93.0625,700.75
1780761286.4962146,15,94.40625,702.75
1780761286.4962146,15,95.671875,702.75
1780761286.4962146,15,97.078125,703.0
1780761286.4962146,15,98.265625,704.5
1780761286.4962146,15,99.71875,708.0
1780761286.4962146,15,101.015625,711.5
1780761286.4962146,15,102.296875,714.0
1780761286.4962146,15,103.78125,716.75
1780761286.4962146,15,104.953125,719.0
1780761286.4962146,15,106.4375,723.0
1780761286.4962146,15,107.71875,727.75
1780761286.4962146,15,113.578125,564.0
1780761286.4962146,15,114.828125,565.25
1780761286.4962146,15,116.328125,570.75
1780761286.4962146,15,117.640625,577.0
1780761286.4962146,15,118.859375,583.75
1780761286.4962146,15,120.140625,591.5
1780761286.4962146,15,121.578125,599.75
1780761286.4962146,15,122.828125,607.75
1780761286.4962146,15,123.984375,615.75
1780761286.4962146,15,125.390625,626.0
1780761286.4962146,15,126.6875,636.5
1780761286.4962146,15,127.984375,646.75
1780761286.4962146,15,129.390625,658.5
1780761286.4962146,15,130.515625,670.5
1780761286.4962146,15,131.8125,682.25
1780761286.4962146,15,134.0,934.0
1780761286.4962146,15,135.375,952.0
1780761286.4962146,15,136.59375,972.0
1780761286.4962146,15,137.9375,992.5
1780761286.4962146,15,139.203125,1014.0
1780761286.4962146,15,140.625,1036.25
1780761286.4962146,15,141.890625,1064.5
1780761286.4962146,15,144.4375,1130.75
1780761286.4962146,8,145.765625,1160.75
1780761286.4962146,15,147.109375,1192.75
1780761286.4962146,15,150.0,1045.0
1780761286.4962146,15,151.265625,1041.25
1780761286.4962146,15,178.828125,1772.0
1780761286.4962146,15,180.1875,1771.75
1780761286.4962146,15,181.5,1771.75
1780761286.4962146,15,186.828125,1795.75
1780761286.4962146,15,188.171875,1819.75
1780761286.4962146,15,189.515625,1819.5
1780761286.4962146,15,236.0,735.75
1780761286.4962146,15,237.5,732.75
1780761286.4962146,15,238.703125,730.75
1780761286.4962146,15,240.15625,729.25
1780761286.4962146,15,241.46875,728.75
1780761286.4962146,7,247.015625,1578.5
1780761286.4962146,15,248.34375,1558.5
1780761286.4962146,15,249.734375,1548.0
1780761286.4962146,15,251.078125,1538.5
1780761286.4962146,9,252.453125,1513.5
1780761286.4962146,15,253.734375,1496.0
1780761286.4962146,15,255.0625,1487.0
1780761286.4962146,15,256.4375,1470.0
1780761286.4962146,15,257.8125,1459.5
1780761286.4962146,15,259.078125,1458.0
1780761286.4962146,15,260.484375,1457.0
1780761286.4962146,15,261.8125,1448.75
1780761286.4962146,15,263.125,1435.0
1780761286.4962146,8,264.46875,1427.25
1780761286.4962146,7,265.8125,1425.25
1780761286.4962146,15,267.140625,1424.75
1780761286.4962146,15,268.515625,1417.75
1780761286.4962146,15,269.796875,1417.5
1780761286.4962146,15,271.1875,1417.5
1780761286.4962146,15,272.46875,1417.5
1780761286.4962146,15,273.8125,1417.5
1780761286.4962146,15,275.125,1411.5
1780761286.4962146,15,276.421875,1418.0
1780761286.4962146,8,277.8125,1425.0
1780761286.4962146,15,281.71875,1433.5
1780761286.4962146,15,286.921875,654.75
1780761286.4962146,15,288.390625,655.75
1780761286.4962146,15,291.171875,1266.0
1780761286.4962146,15,292.53125,1282.25
1780761286.4962146,15,295.125,1326.0
1780761286.4962146,15,299.09375,1591.5
1780761286.4962146,6,307.203125,1398.75
1780761286.4962146,15,308.546875,1407.25
1780761286.4962146,15,309.90625,1425.75
1780761286.4962146,15,320.75,1225.75
1780761286.4962146,15,322.171875,1203.25
1780761286.4962146,15,323.453125,1191.75
1780761286.4962146,15,324.828125,1186.5
1780761286.4962146,15,326.140625,1191.75
1780761286.4962146,15,330.0,1418.5
1780761286.4962146,15,331.296875,1409.0
1780761286.4962146,7,332.703125,1392.25
1780761286.4962146,15,334.0625,1368.5
1780761286.4962146,15,335.359375,1353.0
1780761286.4962146,15,336.734375,1339.0
1780761286.4962146,15,339.859375,954.0
1780761286.4962146,15,341.140625,948.75
1780761286.4962146,15,342.578125,956.5
1780761286.4962146,15,343.890625,951.25
1780761286.4962146,15,345.28125,946.5
1780761286.4962146,15,346.546875,948.75
1780761286.4962146,15,347.84375,950.25
1780761286.4962146,15,350.5,916.75
1780761286.4962146,15,351.921875,917.0
1780761286.6332405,15,353.15625,916.5
1780761286.6332405,15,354.53125,917.75
1780761286.6332405,15,355.828125,915.75
1780761286.6332405,15,357.234375,911.0
1780761286.6332405,15,358.578125,909.0
1780761286.6332405,15,359.890625,906.25
1780761286.6332405,15,1.25,906.75
1780761286.6332405,15,2.484375,906.25
1780761286.6332405,15,3.890625,906.0
1780761286.6332405,15,5.25,913.75
1780761286.6332405,15,6.578125,910.75
1780761286.6332405,15,7.90625,905.75
1780761286.6332405,15,9.140625,910.25
1780761286.6332405,15,10.515625,911.0
1780761286.6332405,15,11.890625,912.25
1780761286.6332405,15,13.125,918.25
1780761286.6332405,15,14.53125,917.75
1780761286.6332405,15,15.78125,920.5
1780761286.6332405,15,17.15625,935.5
1780761286.6332405,15,18.46875,931.25
1780761286.6332405,15,19.78125,923.5
1780761286.6332405,15,21.125,931.75
1780761286.6332405,15,22.421875,951.0
1780761286.6332405,15,23.71875,975.25
1780761286.6332405,15,36.953125,1224.0
1780761286.6332405,15,40.8125,1385.5
1780761286.6332405,11,49.375,943.25
1780761286.6332405,15,50.703125,933.25
1780761286.6332405,15,52.09375,915.75
1780761286.6332405,15,53.546875,896.75
1780761286.6332405,15,54.875,880.5
1780761286.6332405,15,56.1875,866.75
1780761286.6332405,15,57.59375,852.5
1780761286.6332405,15,59.046875,837.25
1780761286.6332405,15,60.25,823.0
1780761286.6332405,15,61.59375,812.25
1780761286.6332405,15,62.9375,802.25
1780761286.6332405,15,64.421875,791.5
1780761286.6332405,15,65.703125,781.5
1780761286.6332405,15,67.015625,772.75
1780761286.6332405,15,68.515625,765.0
1780761286.6332405,15,69.78125,757.75
1780761286.6332405,15,71.140625,749.5
1780761286.6332405,15,72.484375,741.75
1780761286.6332405,15,73.796875,737.25
1780761286.6332405,15,75.234375,732.75
1780761286.6332405,15,76.625,728.0
1780761286.6332405,15,78.015625,723.25
1780761286.6332405,15,79.1875,719.75
1780761286.6332405,15,80.6875,715.5
1780761286.6332405,15,81.953125,711.5
1780761286.6332405,15,83.375,709.75
1780761286.6332405,15,84.5625,708.0
1780761286.6332405,15,85.875,705.5
1780761286.6332405,15,87.1875,703.5
1780761286.6332405,15,88.65625,702.5
1780761286.6332405,15,89.984375,701.5
1780761286.6332405,15,91.3125,702.0
1780761286.6332405,15,92.609375,702.25
1780761286.6332405,15,93.96875,701.5
1780761286.6332405,15,95.234375,701.5
1780761286.6332405,15,96.671875,703.25
1780761286.6332405,15,97.90625,705.5
1780761286.6332405,15,99.234375,707.5
1780761286.6332405,15,100.546875,709.75
1780761286.6332405,15,101.90625,712.0
1780761286.6332405,15,103.15625,714.25
1780761286.6332405,15,104.515625,717.5
1780761286.6332405,15,105.859375,722.0
1780761286.6332405,15,107.28125,725.75
1780761286.6332405,15,113.296875,564.5
1780761286.6332405,15,114.40625,563.25
1780761286.6332405,15,115.75,568.75
1780761286.6332405,15,117.078125,575.5
1780761286.6332405,15,118.265625,582.5
1780761286.6332405,15,119.671875,588.75
1780761286.6332405,15,121.015625,596.75
1780761286.6332405,15,122.25,605.5
1780761286.6332405,15,123.671875,614.0
1780761286.6332405,15,124.9375,623.25
1780761286.6332405,15,126.15625,633.25
1780761286.6332405,15,127.421875,644.25
1780761286.6332405,15,128.84375,656.0
1780761286.6332405,15,133.515625,930.0
1780761286.6332405,15,134.71875,947.0
1780761286.6332405,15,136.109375,965.0
1780761286.6332405,15,137.34375,984.75
1780761286.6332405,15,138.703125,1006.5
1780761286.6332405,15,139.984375,1026.0
1780761286.6332405,15,142.53125,1090.25
1780761286.6332405,15,143.859375,1124.75
1780761286.6332405,15,145.1875,1142.0
1780761286.6332405,15,149.28125,1053.0
1780761286.6332405,15,150.640625,1038.0
1780761286.6332405,15,151.984375,1047.75
1780761286.6332405,15,162.046875,1921.0
1780761286.6332405,15,179.4375,1783.5
1780761286.6332405,15,180.78125,1783.5
1780761286.6332405,15,182.109375,1771.75
1780761286.6332405,15,188.734375,1795.75
1780761286.6332405,15,220.921875,1772.0
1780761286.6332405,15,235.515625,737.25
1780761286.6332405,15,236.953125,734.0
1780761286.6332405,15,238.125,731.75
1780761286.6332405,15,239.578125,730.25
1780761286.6332405,15,240.8125,729.25
1780761286.6332405,15,246.5,1588.75
1780761286.6332405,15,247.859375,1568.5
1780761286.6332405,15,249.1875,1549.0
1780761286.6332405,15,250.546875,1539.75
1780761286.6332405,9,251.859375,1530.0
1780761286.6332405,7,253.234375,1528.75
1780761286.6332405,15,254.625,1505.75
1780761286.6332405,15,255.921875,1479.75
1780761286.6332405,15,257.296875,1468.0
1780761286.6332405,15,258.640625,1458.5
1780761286.6332405,15,259.96875,1457.25
1780761286.6332405,15,261.296875,1449.25
1780761286.6332405,15,262.671875,1441.5
1780761286.6332405,7,264.015625,1440.5
1780761286.6332405,8,265.390625,1432.5
1780761286.6332405,7,266.71875,1418.5
1780761286.6332405,15,268.015625,1411.75
1780761286.6332405,15,269.390625,1411.0
1780761286.6332405,15,270.6875,1411.0
1780761286.6332405,15,272.078125,1411.25
1780761286.6332405,15,273.375,1417.75
1780761286.6332405,15,274.703125,1424.0
1780761286.6332405,7,276.03125,1418.25
1780761286.6332405,15,277.34375,1419.75
1780761286.6332405,15,281.359375,1434.75
1780761286.6332405,15,282.6875,1442.5
1780761286.6332405,15,286.515625,650.0
1780761286.6332405,15,287.8125,648.5
1780761286.6332405,15,294.796875,1320.0
1780761286.6332405,15,302.890625,1447.0
1780761286.6332405,5,306.9375,1399.0
1780761286.6332405,15,308.28125,1406.75
1780761286.6332405,15,309.609375,1425.25
1780761286.6332405,15,320.46875,1236.5
1780761286.6332405,15,321.921875,1214.0
1780761286.6332405,15,323.25,1191.75
1780761286.6332405,15,324.625,1186.5
1780761286.6332405,15,325.890625,1191.5
1780761286.6332405,15,329.78125,1418.0
1780761286.6332405,15,331.109375,1408.5
1780761286.6332405,7,332.46875,1393.0
1780761286.6332405,15,333.859375,1369.0
1780761286.6332405,15,335.203125,1359.0
1780761286.6332405,15,336.53125,1344.75
1780761286.6332405,15,339.640625,949.25
1780761286.6332405,15,341.0,943.0
1780761286.6332405,15,342.375,954.75
1780761286.6332405,15,343.640625,956.25
1780761286.6332405,15,345.09375,946.0
1780761286.6332405,15,346.421875,950.75
1780761286.6332405,15,347.703125,952.0
1780761286.6332405,15,349.125,933.0
1780761286.6332405,15,350.375,922.25
1780761286.6332405,15,351.84375,918.5
1780761286.7712164,15,353.15625,916.25
1780761286.7712164,15,354.421875,918.0
1780761286.7712164,15,355.796875,915.5
1780761286.7712164,15,357.109375,908.5
1780761286.7712164,15,358.484375,910.75
1780761286.7712164,15,359.859375,910.75
1780761286.7712164,15,1.140625,906.75
1780761286.7712164,15,2.578125,906.25
1780761286.7712164,15,3.890625,905.75
1780761286.7712164,15,5.25,909.75
1780761286.7712164,15,6.515625,910.0
1780761286.7712164,15,7.890625,908.5
1780761286.7712164,15,9.1875,910.25
1780761286.7712164,15,10.515625,911.25
1780761286.7712164,15,11.921875,911.75
1780761286.7712164,15,13.1875,917.25
1780761286.7712164,15,14.5,917.25
1780761286.7712164,15,15.9375,921.0
1780761286.7712164,15,17.171875,936.0
1780761286.7712164,15,18.5,933.25
1780761286.7712164,15,19.921875,925.0
1780761286.7712164,15,21.28125,931.25
1780761286.7712164,15,23.796875,976.5
1780761286.7712164,15,37.046875,1224.0
1780761286.7712164,15,40.96875,1385.5
1780761286.7712164,15,48.09375,941.25
1780761286.7712164,15,49.453125,939.25
1780761286.7712164,15,50.8125,930.75
1780761286.7712164,15,52.21875,913.0
1780761286.7712164,15,53.5625,896.5
1780761286.7712164,15,54.921875,880.5
1780761286.7712164,15,56.359375,866.0
1780761286.7712164,15,57.65625,852.0
1780761286.7712164,15,59.0625,837.5
1780761286.7712164,15,60.40625,823.0
1780761286.7712164,15,61.859375,812.0
1780761286.7712164,15,63.109375,800.25
1780761286.7712164,15,64.5,789.0
1780761286.7712164,15,65.84375,781.0
1780761286.7712164,15,67.328125,772.0
1780761286.7712164,15,68.625,763.5
1780761286.7712164,15,70.015625,756.0
1780761286.7712164,15,71.40625,748.5
1780761286.7712164,15,72.703125,741.25
1780761286.7712164,15,74.125,736.25
1780761286.7712164,15,75.453125,732.0
1780761286.7712164,15,76.84375,727.5
1780761286.7712164,15,78.1875,723.75
1780761286.7712164,15,79.46875,719.5
1780761286.7712164,15,80.78125,715.0
1780761286.7712164,15,82.15625,713.0
1780761286.7712164,15,83.515625,710.5
1780761286.7712164,15,84.8125,706.5
1780761286.7712164,15,86.109375,705.25
1780761286.7712164,15,87.53125,703.75
1780761286.7712164,15,88.859375,702.25
1780761286.7712164,15,90.296875,702.5
1780761286.7712164,15,91.5625,700.75
1780761286.7712164,15,92.859375,700.5
1780761286.7712164,15,94.234375,702.0
1780761286.7712164,15,95.59375,702.25
1780761286.7712164,15,96.859375,704.75
1780761286.7712164,15,98.21875,707.5
1780761286.7712164,15,99.609375,707.75
1780761286.7712164,15,100.859375,710.0
1780761286.7712164,15,102.296875,713.75
1780761286.7712164,15,103.5625,715.25
1780761286.7712164,15,104.9375,718.0
1780761286.7712164,15,106.3125,722.0
1780761286.7712164,15,107.59375,727.5
1780761286.7712164,15,113.5,560.0
1780761286.7712164,15,114.921875,564.5
1780761286.7712164,15,116.234375,570.5
1780761286.7712164,15,117.40625,576.75
1780761286.7712164,15,118.8125,584.0
1780761286.7712164,15,120.0625,591.75
1780761286.7712164,15,121.421875,600.25
1780761286.7712164,15,122.6875,608.25
1780761286.7712164,15,124.015625,615.75
1780761286.7712164,15,125.234375,626.0
1780761286.7712164,15,126.609375,636.5
1780761286.7712164,15,128.0,646.75
1780761286.7712164,15,129.234375,658.5
1780761286.7712164,15,130.625,670.25
1780761286.7712164,15,131.828125,684.75
1780761286.7712164,15,133.921875,933.75
1780761286.7712164,15,135.21875,952.5
1780761286.7712164,15,136.546875,972.0
1780761286.7712164,15,137.796875,993.0
1780761286.7712164,15,139.125,1014.25
1780761286.7712164,15,140.40625,1036.5
1780761286.7712164,15,141.765625,1063.75
1780761286.7712164,15,143.03125,1094.0
1780761286.7712164,15,146.9375,1196.25
1780761286.7712164,15,149.8125,1044.5
1780761286.7712164,8,151.125,1043.5
1780761286.7712164,15,159.890625,1964.5
1780761286.7712164,15,161.265625,1952.75
1780761286.7712164,15,178.734375,1771.75
1780761286.7712164,15,180.03125,1783.25
1780761286.7712164,15,181.421875,1783.25
1780761286.7712164,15,185.453125,1771.5
1780761286.7712164,15,186.765625,1783.5
1780761286.7712164,15,188.0625,1807.5
1780761286.7712164,15,220.34375,1759.75
1780761286.7712164,15,236.328125,735.25
1780761286.7712164,15,237.625,732.0
1780761286.7712164,15,238.953125,730.0
1780761286.7712164,15,240.1875,729.0
1780761286.7712164,15,241.5625,728.25
1780761286.7712164,15,244.53125,1609.5
1780761286.7712164,15,245.859375,1589.0
1780761286.7712164,7,247.234375,1569.25
1780761286.7712164,15,248.625,1549.5
1780761286.7712164,15,249.953125,1547.5
1780761286.7712164,7,251.234375,1538.25
1780761286.7712164,10,252.59375,1513.5
1780761286.7712164,15,253.96875,1495.5
1780761286.7712164,15,255.34375,1486.0
1780761286.7712164,15,256.65625,1475.25
1780761286.7712164,15,258.03125,1465.0
1780761286.7712164,15,259.328125,1457.25
1780761286.7712164,15,260.65625,1449.25
1780761286.7712164,15,261.984375,1441.5
1780761286.7712164,15,263.359375,1440.75
1780761286.7712164,15,264.703125,1432.5
1780761286.7712164,15,266.078125,1424.5
1780761286.7712164,15,267.421875,1417.75
1780761286.7712164,15,268.71875,1411.25
1780761286.7712164,15,270.046875,1411.25
1780761286.7712164,15,271.4375,1411.25
1780761286.7712164,15,272.71875,1411.0
1780761286.7712164,15,274.0625,1417.5
1780761286.7712164,15,275.421875,1417.75
1780761286.7712164,15,276.765625,1418.0
1780761286.7712164,15,278.078125,1425.75
1780761286.7712164,15,282.109375,1435.0
1780761286.7712164,15,287.328125,651.0
1780761286.7712164,15,288.71875,655.25
1780761286.7712164,15,291.59375,1262.25
1780761286.7712164,15,294.1875,1320.0
1780761286.7712164,15,295.5,1322.5
1780761286.7712164,15,308.890625,1409.75
1780761286.7712164,15,310.265625,1434.75
1780761286.7712164,15,321.203125,1215.0
1780761286.7712164,15,322.5625,1202.75
1780761286.7712164,15,323.875,1184.75
1780761286.7712164,15,325.25,1179.75
1780761286.7712164,15,330.375,1418.25
1780761286.7712164,15,331.75,1408.25
1780761286.7712164,7,333.125,1389.0
1780761286.7712164,15,334.421875,1365.25
1780761286.7712164,15,335.8125,1352.25
1780761286.7712164,15,340.328125,942.0
1780761286.7712164,15,341.578125,952.25
1780761286.7712164,15,342.96875,959.25
1780761286.7712164,15,344.25,951.5
1780761286.7712164,15,345.609375,949.25
1780761286.7712164,15,347.03125,950.25
1780761286.7712164,15,348.359375,950.75
1780761286.7712164,15,351.015625,919.5
1780761286.9083729,15,352.328125,917.25
1780761286.9083729,15,353.734375,918.5
1780761286.9083729,15,355.0625,921.5
1780761286.9083729,15,356.46875,916.75
1780761286.9083729,15,357.796875,911.5
1780761286.9083729,15,359.09375,909.0
1780761286.9083729,15,0.46875,904.0
1780761286.9083729,15,1.765625,906.5
1780761286.9083729,15,3.09375,904.75
1780761286.9083729,15,4.546875,898.0
1780761286.9083729,15,5.734375,900.75
1780761286.9083729,15,7.125,907.5
1780761286.9083729,15,8.421875,909.0
1780761286.9083729,15,9.734375,910.75
1780761286.9083729,15,11.1875,914.25
1780761286.9083729,15,12.453125,916.5
1780761286.9083729,15,13.875,914.25
1780761286.9083729,15,15.265625,911.25
1780761286.9083729,15,19.21875,916.5
1780761286.9083729,15,20.546875,923.25
1780761286.9083729,15,21.828125,941.0
1780761286.9083729,15,23.15625,965.25
1780761286.9083729,15,24.40625,986.0
1780761286.9083729,15,36.28125,1225.75
1780761286.9083729,15,41.484375,1393.75
1780761286.9083729,15,51.453125,923.0
1780761286.9083729,15,52.8125,907.75
1780761286.9083729,15,54.171875,890.0
1780761286.9083729,15,55.65625,873.0
1780761286.9083729,15,56.9375,859.25
1780761286.9083729,15,58.390625,846.25
1780761286.9083729,15,59.75,829.25
1780761286.9083729,15,61.015625,816.0
1780761286.9083729,15,62.328125,808.5
1780761286.9083729,15,63.75,797.75
1780761286.9083729,15,65.15625,785.75
1780761286.9083729,15,66.390625,777.0
1780761286.9083729,15,67.765625,769.75
1780761286.9083729,15,69.125,761.75
1780761286.9083729,15,70.609375,754.25
1780761286.9083729,15,71.984375,743.75
1780761286.9083729,15,73.265625,736.75
1780761286.9083729,15,74.625,734.5
1780761286.9083729,15,75.9375,730.5
1780761286.9083729,15,77.265625,726.25
1780761286.9083729,15,78.59375,721.5
1780761286.9083729,15,80.015625,717.5
1780761286.9083729,15,81.34375,714.25
1780761286.9083729,15,82.671875,711.5
1780761286.9083729,15,84.0,709.5
1780761286.9083729,15,85.421875,707.0
1780761286.9083729,15,86.65625,704.75
1780761286.9083729,15,88.046875,703.0
1780761286.9083729,15,89.375,702.0
1780761286.9083729,15,90.75,701.75
1780761286.9083729,15,92.15625,701.5
1780761286.9083729,15,93.46875,701.5
1780761286.9083729,15,94.71875,702.5
1780761286.9083729,15,96.125,703.0
1780761286.9083729,15,97.40625,703.75
1780761286.9083729,15,98.734375,706.25
1780761286.9083729,15,100.078125,708.75
1780761286.9083729,15,101.40625,710.5
1780761286.9083729,15,102.765625,713.0
1780761286.9083729,15,104.140625,716.25
1780761286.9083729,15,105.34375,719.25
1780761286.9083729,15,106.640625,724.0
1780761286.9083729,15,108.109375,729.5
1780761286.9083729,15,114.015625,559.25
1780761286.9083729,15,115.34375,566.75
1780761286.9083729,15,116.625,573.25
1780761286.9083729,15,117.953125,580.75
1780761286.9083729,15,119.40625,587.5
1780761286.9083729,15,120.71875,594.5
1780761286.9083729,15,121.90625,602.5
1780761286.9083729,15,123.265625,611.25
1780761286.9083729,15,124.59375,620.75
1780761286.9083729,15,125.8125,631.0
1780761286.9083729,15,127.234375,640.0
1780761286.9083729,15,128.359375,650.5
1780761286.9083729,15,129.71875,663.5
1780761286.9083729,15,131.0625,666.25
1780761286.9083729,15,135.71875,959.75
1780761286.9083729,15,137.0,980.25
1780761286.9083729,8,138.34375,1000.75
1780761286.9083729,15,139.65625,1021.5
1780761286.9083729,15,140.9375,1042.25
1780761286.9083729,8,142.234375,1068.75
1780761286.9083729,15,144.90625,1137.75
1780761286.9083729,15,150.359375,1042.5
1780761286.9083729,15,151.625,1047.5
1780761286.9083729,15,159.046875,1985.0
1780761286.9083729,15,179.3125,1771.75
1780761286.9083729,15,180.625,1771.5
1780761286.9083729,15,182.0,1771.5
1780761286.9083729,15,184.640625,1783.25
1780761286.9083729,15,186.015625,1795.25
1780761286.9083729,15,187.3125,1807.5
1780761286.9083729,15,188.703125,1807.5
1780761286.9083729,15,220.875,1771.75
1780761286.9083729,15,235.40625,737.25
1780761286.9083729,15,236.890625,734.0
1780761286.9083729,15,238.1875,731.75
1780761286.9083729,15,239.578125,730.0
1780761286.9083729,15,240.78125,729.0
1780761286.9083729,15,245.125,1591.25
1780761286.9083729,15,246.46875,1588.75
1780761286.9083729,15,247.875,1568.5
1780761286.9083729,15,249.203125,1548.75
1780761286.9083729,15,250.53125,1539.5
1780761286.9083729,7,251.875,1530.0
1780761286.9083729,15,253.234375,1512.25
1780761286.9083729,15,254.546875,1489.0
1780761286.9083729,15,255.953125,1480.0
1780761286.9083729,15,257.28125,1468.25
1780761286.9083729,15,258.65625,1458.25
1780761286.9083729,15,259.984375,1457.25
1780761286.9083729,15,261.3125,1456.25
1780761286.9083729,15,262.65625,1448.5
1780761286.9083729,8,263.984375,1440.25
1780761286.9083729,15,265.328125,1432.0
1780761286.9083729,8,266.71875,1418.5
1780761286.9083729,15,268.0,1411.75
1780761286.9083729,15,269.34375,1411.25
1780761286.9083729,15,270.734375,1411.0
1780761286.9083729,15,272.03125,1411.25
1780761286.9083729,15,273.40625,1411.5
1780761286.9083729,15,274.703125,1411.5
1780761286.9083729,7,276.046875,1412.0
1780761286.9083729,7,277.4375,1412.25
1780761286.9083729,15,281.4375,1427.0
1780761286.9083729,15,286.609375,650.0
1780761286.9083729,15,287.90625,648.5
1780761286.9083729,15,294.890625,1320.25
1780761286.9083729,15,301.578125,1447.0
1780761286.9083729,15,302.90625,1442.75
1780761286.9083729,5,306.953125,1398.75
1780761286.9083729,15,308.25,1406.75
1780761286.9083729,15,309.609375,1425.25
1780761286.9083729,15,320.5,1236.5
1780761286.9083729,15,321.875,1218.5
1780761286.9083729,15,323.203125,1196.25
1780761286.9083729,15,324.5625,1186.25
1780761286.9083729,15,325.9375,1191.25
1780761286.9083729,15,329.765625,1418.25
1780761286.9083729,15,331.09375,1408.75
1780761286.9083729,6,332.46875,1392.5
1780761286.9083729,15,333.8125,1368.75
1780761286.9083729,15,335.15625,1358.75
1780761286.9083729,15,336.5,1344.25
1780761286.9083729,15,339.59375,949.25
1780761286.9083729,15,341.03125,943.0
1780761286.9083729,15,342.328125,955.25
1780761286.9083729,15,343.65625,956.5
1780761286.9083729,15,344.96875,946.0
1780761286.9083729,15,346.390625,950.25
1780761286.9083729,15,347.75,949.75
1780761286.9083729,15,349.078125,930.75
1780761286.9083729,15,350.421875,921.75
1780761286.9083729,15,351.890625,914.75
1780761287.046231,15,353.125,913.0
1780761287.046231,15,354.5,918.0
1780761287.046231,15,355.90625,915.25
1780761287.046231,15,357.15625,910.25
1780761287.046231,15,358.59375,908.5
1780761287.046231,15,359.9375,906.5
1780761287.046231,15,1.234375,907.0
1780761287.046231,15,2.5,908.5
1780761287.046231,15,3.875,904.5
1780761287.046231,15,5.28125,910.0
1780761287.046231,15,6.53125,910.75
1780761287.046231,15,7.953125,905.75
1780761287.046231,15,9.25,910.0
1780761287.046231,15,10.65625,910.5
1780761287.046231,15,11.90625,912.25
1780761287.046231,15,13.234375,918.25
1780761287.046231,15,14.6875,917.25
1780761287.046231,15,16.015625,921.0
1780761287.046231,15,17.34375,939.25
1780761287.046231,15,18.6875,937.0
1780761287.046231,15,19.96875,923.0
1780761287.046231,15,21.3125,930.5
1780761287.046231,15,22.65625,953.0
1780761287.046231,15,23.984375,979.0
1780761287.046231,15,35.796875,1229.25
1780761287.046231,15,37.171875,1224.75
1780761287.046231,15,41.078125,1382.5
1780761287.046231,15,53.765625,894.75
1780761287.046231,15,55.1875,879.0
1780761287.046231,15,56.546875,864.75
1780761287.046231,15,57.921875,849.25
1780761287.046231,15,59.28125,835.0
1780761287.046231,15,60.640625,823.0
1780761287.046231,15,61.984375,811.5
1780761287.046231,15,63.25,799.0
1780761287.046231,15,64.71875,789.25
1780761287.046231,15,66.09375,781.75
1780761287.046231,15,67.46875,772.0
1780761287.046231,15,68.796875,762.25
1780761287.046231,15,70.234375,754.75
1780761287.046231,15,71.578125,748.75
1780761287.046231,15,72.9375,742.0
1780761287.046231,15,74.28125,736.25
1780761287.046231,15,75.671875,731.75
1780761287.046231,15,76.9375,727.0
1780761287.046231,15,78.28125,722.25
1780761287.046231,15,79.671875,717.75
1780761287.046231,15,80.96875,714.25
1780761287.046231,15,82.296875,712.0
1780761287.046231,15,83.640625,710.0
1780761287.046231,15,85.0625,707.75
1780761287.046231,15,86.390625,704.5
1780761287.046231,15,87.65625,703.0
1780761287.046231,15,89.171875,702.5
1780761287.046231,15,90.515625,701.0
1780761287.046231,15,91.71875,699.75
1780761287.046231,15,93.046875,700.0
1780761287.046231,15,94.53125,702.0
1780761287.046231,15,95.8125,703.0
1780761287.046231,15,97.125,703.5
1780761287.046231,15,98.53125,705.5
1780761287.046231,15,99.78125,708.5
1780761287.046231,15,101.140625,710.75
1780761287.046231,15,102.46875,713.0
1780761287.046231,15,103.859375,715.75
1780761287.046231,15,105.09375,719.25
1780761287.046231,15,106.5,723.5
1780761287.046231,15,107.78125,728.5
1780761287.046231,15,113.71875,557.0
1780761287.046231,15,115.046875,565.5
1780761287.046231,15,116.25,571.25
1780761287.046231,15,117.71875,577.75
1780761287.046231,15,118.875,584.5
1780761287.046231,15,120.25,592.25
1780761287.046231,15,121.59375,600.5
1780761287.046231,15,122.796875,608.75
1780761287.046231,15,124.140625,616.75
1780761287.046231,15,125.4375,626.25
1780761287.046231,15,126.796875,637.0
1780761287.046231,15,128.046875,647.5
1780761287.046231,15,129.359375,660.0
1780761287.046231,15,130.765625,672.0
1780761287.046231,15,135.359375,952.25
1780761287.046231,15,136.6875,974.25
1780761287.046231,15,138.0,996.5
1780761287.046231,15,139.265625,1018.75
1780761287.046231,15,140.578125,1040.25
1780761287.046231,8,141.90625,1065.25
1780761287.046231,15,144.53125,1131.0
1780761287.046231,8,145.84375,1160.75
1780761287.046231,15,149.984375,1044.5
1780761287.046231,15,151.34375,1044.0
1780761287.046231,15,158.78125,1971.5
1780761287.046231,8,161.46875,1939.25
1780761287.046231,15,179.0,1783.5
1780761287.046231,15,180.375,1771.25
1780761287.046231,15,181.703125,1771.25
1780761287.046231,15,184.390625,1771.75
1780761287.046231,15,185.734375,1783.5
1780761287.046231,15,188.390625,1795.5
1780761287.046231,15,219.234375,1771.75
1780761287.046231,15,220.578125,1771.25
1780761287.046231,15,229.921875,1877.25
1780761287.046231,15,235.046875,737.5
1780761287.046231,15,236.578125,736.0
1780761287.046231,15,237.765625,732.25
1780761287.046231,15,239.15625,730.0
1780761287.046231,15,240.5,728.25
1780761287.046231,15,241.90625,733.5
1780761287.046231,15,244.765625,1600.5
1780761287.046231,15,246.09375,1589.25
1780761287.046231,15,247.5,1569.25
1780761287.046231,15,248.8125,1549.25
1780761287.046231,15,250.15625,1539.75
1780761287.046231,15,251.5625,1530.5
1780761287.046231,15,252.9375,1509.75
1780761287.046231,15,254.25,1491.25
1780761287.046231,15,255.578125,1484.75
1780761287.046231,15,256.90625,1473.75
1780761287.046231,15,258.3125,1464.75
1780761287.046231,15,259.65625,1457.5
1780761287.046231,15,260.9375,1449.25
1780761287.046231,15,262.3125,1441.75
1780761287.046231,15,263.671875,1434.5
1780761287.046231,7,265.03125,1426.5
1780761287.046231,7,266.375,1418.5
1780761287.046231,15,267.703125,1411.75
1780761287.046231,15,269.046875,1411.75
1780761287.046231,15,270.34375,1411.5
1780761287.046231,15,271.734375,1411.5
1780761287.046231,15,273.078125,1411.5
1780761287.046231,15,274.40625,1411.5
1780761287.046231,15,275.65625,1418.25
1780761287.046231,7,277.015625,1418.5
1780761287.046231,7,278.328125,1418.75
1780761287.046231,15,282.359375,1448.75
1780761287.046231,15,287.5625,651.5
1780761287.046231,5,288.75,660.25
1780761287.046231,15,291.84375,1263.0
1780761287.046231,15,307.796875,1399.75
1780761287.046231,15,309.078125,1425.25
1780761287.046231,15,310.453125,1442.5
1780761287.046231,15,321.328125,1214.25
1780761287.046231,15,322.65625,1197.0
1780761287.046231,15,324.03125,1185.0
1780761287.046231,15,325.375,1180.0
1780761287.046231,15,330.515625,1410.25
1780761287.046231,15,331.84375,1408.25
1780761287.046231,8,333.28125,1388.5
1780761287.046231,15,334.578125,1364.0
1780761287.046231,15,335.90625,1351.25
1780761287.046231,15,340.40625,945.0
1780761287.046231,15,341.703125,955.25
1780761287.046231,15,343.140625,959.5
1780761287.046231,15,344.453125,953.25
1780761287.046231,15,345.78125,949.75
1780761287.046231,15,347.1875,942.75
1780761287.046231,15,348.515625,932.25
1780761287.046231,15,349.90625,923.0
1780761287.046231,15,351.25,917.25
1780761287.1834548,15,352.546875,919.0
1780761287.1834548,15,353.921875,918.0
1780761287.1834548,15,355.21875,917.75
1780761287.1834548,15,356.6875,914.75
1780761287.1834548,15,357.96875,905.0
1780761287.1834548,15,359.328125,907.75
1780761287.1834548,15,0.734375,907.25
1780761287.1834548,15,2.03125,901.0
1780761287.1834548,15,3.328125,903.0
1780761287.1834548,15,4.640625,902.0
1780761287.1834548,15,6.09375,903.0
1780761287.1834548,15,7.3125,908.5
1780761287.1834548,15,8.734375,908.75
1780761287.1834548,15,10.0625,908.75
1780761287.1834548,15,11.3125,915.75
1780761287.1834548,15,12.6875,919.5
1780761287.1834548,15,13.9375,917.75
1780761287.1834548,15,15.3125,918.75
1780761287.1834548,15,16.671875,929.75
1780761287.1834548,15,17.953125,926.75
1780761287.1834548,15,19.359375,916.25
1780761287.1834548,15,20.6875,921.5
1780761287.1834548,15,22.046875,939.5
1780761287.1834548,15,23.296875,967.5
1780761287.1834548,15,24.609375,993.25
1780761287.1834548,15,36.375,1224.5
1780761287.1834548,15,40.3125,1387.75
1780761287.1834548,15,41.65625,1385.25
1780761287.1834548,15,48.765625,944.75
1780761287.1834548,15,50.234375,944.5
1780761287.1834548,15,51.53125,921.0
1780761287.1834548,15,52.984375,905.5
1780761287.1834548,15,54.25,888.75
1780761287.1834548,15,55.703125,871.25
1780761287.1834548,15,57.09375,858.0
1780761287.1834548,15,58.453125,844.25
1780761287.1834548,15,59.75,829.25
1780761287.1834548,15,61.25,817.0
1780761287.1834548,15,62.546875,805.75
1780761287.1834548,15,63.9375,794.75
1780761287.1834548,15,65.34375,784.75
1780761287.1834548,15,66.625,775.5
1780761287.1834548,15,68.03125,766.75
1780761287.1834548,15,69.4375,759.5
1780761287.1834548,15,70.71875,752.25
1780761287.1834548,15,72.0,748.75
1780761287.1834548,15,73.421875,742.5
1780761287.1834548,15,74.828125,733.75
1780761287.1834548,15,76.140625,729.0
1780761287.1834548,15,77.515625,725.25
1780761287.1834548,15,78.8125,720.75
1780761287.1834548,15,80.234375,716.25
1780761287.1834548,15,81.546875,713.25
1780761287.1834548,15,82.875,710.75
1780761287.1834548,15,84.265625,708.25
1780761287.1834548,15,85.640625,705.0
1780761287.1834548,15,86.890625,703.25
1780761287.1834548,15,88.296875,702.0
1780761287.1834548,15,89.71875,701.0
1780761287.1834548,15,91.0625,700.75
1780761287.1834548,15,92.265625,699.75
1780761287.1834548,15,93.59375,699.25
1780761287.1834548,15,94.90625,701.5
1780761287.1834548,15,96.296875,702.75
1780761287.1834548,15,97.5625,703.5
1780761287.1834548,15,98.984375,705.5
1780761287.1834548,15,100.28125,708.25
1780761287.1834548,15,101.75,711.0
1780761287.1834548,15,102.9375,713.5
1780761287.1834548,15,104.359375,716.5
1780761287.1834548,15,105.6875,720.5
1780761287.1834548,15,106.90625,725.25
1780761287.1834548,15,108.265625,729.5
1780761287.1834548,15,114.328125,559.5
1780761287.1834548,15,115.484375,567.0
1780761287.1834548,15,116.765625,574.25
1780761287.1834548,15,118.109375,581.5
1780761287.1834548,15,119.46875,588.0
1780761287.1834548,15,120.703125,595.0
1780761287.1834548,15,122.15625,602.5
1780761287.1834548,15,123.375,611.0
1780761287.1834548,15,124.640625,621.0
1780761287.1834548,15,125.921875,631.25
1780761287.1834548,15,127.265625,641.75
1780761287.1834548,15,128.46875,652.75
1780761287.1834548,15,129.875,664.25
1780761287.1834548,15,131.109375,678.0
1780761287.1834548,15,135.796875,961.75
1780761287.1834548,15,137.09375,980.25
1780761287.1834548,9,138.375,1003.0
1780761287.1834548,15,139.75,1023.5
1780761287.1834548,15,141.0625,1042.25
1780761287.1834548,15,142.359375,1069.0
1780761287.1834548,15,144.9375,1138.25
1780761287.1834548,15,150.375,1037.25
1780761287.1834548,15,151.6875,1047.0
1780761287.1834548,15,165.875,2095.25
1780761287.1834548,15,179.40625,1783.25
1780761287.1834548,15,180.765625,1760.0
1780761287.1834548,15,182.09375,1760.0
1780761287.1834548,15,184.78125,1771.75
1780761287.1834548,15,186.109375,1783.5
1780761287.1834548,15,220.96875,1771.75
1780761287.1834548,15,235.546875,737.25
1780761287.1834548,15,236.78125,734.0
1780761287.1834548,15,238.265625,731.75
1780761287.1834548,15,239.5,730.0
1780761287.1834548,15,240.9375,728.75
1780761287.1834548,15,246.5,1580.5
1780761287.1834548,15,247.90625,1560.25
1780761287.1834548,15,249.171875,1548.75
1780761287.1834548,15,250.53125,1539.5
1780761287.1834548,8,251.96875,1529.75
1780761287.1834548,15,253.328125,1508.75
1780761287.1834548,15,254.671875,1490.25
1780761287.1834548,15,256.03125,1485.0
1780761287.1834548,15,257.40625,1468.5
1780761287.1834548,15,258.75,1462.25
1780761287.1834548,15,260.0625,1461.25
1780761287.1834548,15,261.390625,1449.25
1780761287.1834548,15,262.71875,1441.5
1780761287.1834548,15,264.140625,1440.75
1780761287.1834548,15,265.4375,1426.25
1780761287.1834548,15,266.828125,1412.0
1780761287.1834548,15,268.125,1412.0
1780761287.1834548,15,269.46875,1411.75
1780761287.1834548,15,270.796875,1411.25
1780761287.1834548,15,272.1875,1411.5
1780761287.1834548,15,273.53125,1411.5
1780761287.1834548,15,274.828125,1411.5
1780761287.1834548,15,276.0625,1412.25
1780761287.1834548,15,277.390625,1412.75
1780761287.1834548,15,281.390625,1427.0
1780761287.1834548,15,286.671875,650.0
1780761287.1834548,15,287.90625,648.5
1780761287.1834548,15,294.875,1320.0
1780761287.1834548,15,302.875,1443.5
1780761287.1834548,15,306.921875,1398.75
1780761287.1834548,15,308.203125,1406.75
1780761287.1834548,15,309.578125,1425.25
1780761287.1834548,15,320.40625,1236.5
1780761287.1834548,15,321.859375,1213.75
1780761287.1834548,15,323.15625,1191.5
1780761287.1834548,15,324.578125,1186.25
1780761287.1834548,15,325.875,1191.25
1780761287.1834548,15,329.671875,1418.5
1780761287.1834548,15,331.015625,1409.0
1780761287.1834548,6,332.375,1392.5
1780761287.1834548,15,333.75,1368.75
1780761287.1834548,15,335.0625,1358.75
1780761287.1834548,15,336.453125,1344.25
1780761287.1834548,15,339.59375,949.0
1780761287.1834548,15,341.0,942.75
1780761287.1834548,15,342.28125,955.0
1780761287.1834548,15,343.671875,956.5
1780761287.1834548,15,344.953125,946.0
1780761287.1834548,15,346.3125,953.75
1780761287.1834548,15,347.609375,956.75
1780761287.1834548,15,349.09375,933.75
1780761287.1834548,15,350.453125,921.0
1780761287.1834548,15,351.71875,917.5
1780761287.321235,15,353.140625,915.75
1780761287.321235,15,354.453125,917.75
1780761287.321235,15,355.796875,915.25
1780761287.321235,15,357.09375,908.5
1780761287.321235,15,358.46875,906.5
1780761287.321235,15,359.75,906.75
1780761287.321235,15,1.1875,906.75
1780761287.321235,15,2.46875,907.75
1780761287.321235,15,3.90625,906.75
1780761287.321235,15,5.15625,908.5
1780761287.321235,15,6.453125,909.75
1780761287.321235,15,7.90625,908.5
1780761287.321235,15,9.21875,910.0
1780761287.321235,15,10.578125,911.0
1780761287.321235,15,11.78125,911.0
1780761287.321235,15,13.140625,914.5
1780761287.321235,15,14.484375,915.0
1780761287.321235,15,15.859375,920.5
1780761287.321235,15,17.171875,933.25
1780761287.321235,15,18.578125,928.75
1780761287.321235,15,19.78125,918.5
1780761287.321235,15,21.109375,926.75
1780761287.321235,15,23.734375,978.25
1780761287.321235,15,36.875,1224.0
1780761287.321235,15,40.78125,1384.25
1780761287.321235,11,48.046875,937.75
1780761287.321235,15,49.265625,938.75
1780761287.321235,15,50.65625,933.5
1780761287.321235,15,52.125,915.25
1780761287.321235,15,53.4375,896.5
1780761287.321235,15,54.8125,880.75
1780761287.321235,15,56.140625,866.75
1780761287.321235,15,57.515625,852.25
1780761287.321235,15,58.875,837.25
1780761287.321235,15,60.328125,823.0
1780761287.321235,15,61.796875,812.0
1780761287.321235,15,63.046875,801.75
1780761287.321235,15,64.46875,790.75
1780761287.321235,15,65.765625,781.0
1780761287.321235,15,67.140625,772.0
1780761287.321235,15,68.515625,764.0
1780761287.321235,15,69.921875,756.25
1780761287.321235,15,71.203125,748.25
1780761287.321235,15,72.625,741.25
1780761287.321235,15,74.078125,736.75
1780761287.321235,15,75.296875,732.5
1780761287.321235,15,76.640625,727.5
1780761287.321235,15,78.140625,723.75
1780761287.321235,15,79.359375,719.5
1780761287.321235,15,80.71875,715.0
1780761287.321235,15,82.140625,712.75
1780761287.321235,15,83.46875,710.25
1780761287.321235,15,84.75,708.75
1780761287.321235,15,86.125,707.25
1780761287.321235,15,87.4375,704.75
1780761287.321235,15,88.71875,703.25
1780761287.321235,15,90.15625,701.75
1780761287.321235,15,91.453125,700.5
1780761287.321235,15,92.890625,700.25
1780761287.321235,15,94.125,701.5
1780761287.321235,15,95.5,702.0
1780761287.321235,15,96.8125,703.0
1780761287.321235,15,98.0625,705.5
1780761287.321235,15,99.484375,707.5
1780761287.321235,15,100.875,709.75
1780761287.321235,15,102.140625,712.25
1780761287.321235,15,103.5,714.25
1780761287.321235,15,104.875,717.0
1780761287.321235,15,106.203125,721.0
1780761287.321235,15,107.515625,727.25
1780761287.321235,15,113.515625,562.5
1780761287.321235,15,114.78125,563.75
1780761287.321235,15,116.078125,569.5
1780761287.321235,15,117.25,577.0
1780761287.321235,15,118.625,583.75
1780761287.321235,15,120.0625,590.75
1780761287.321235,15,121.1875,599.25
1780761287.321235,15,122.5,607.25
1780761287.321235,15,123.953125,615.25
1780761287.321235,15,125.109375,625.75
1780761287.321235,15,126.578125,635.75
1780761287.321235,15,127.75,645.5
1780761287.321235,15,128.984375,658.5
1780761287.321235,15,130.296875,670.75
1780761287.321235,15,131.65625,680.5
1780761287.321235,15,133.71875,933.25
1780761287.321235,15,135.125,950.5
1780761287.321235,15,136.421875,967.5
1780761287.321235,9,137.671875,989.0
1780761287.321235,15,139.0,1012.75
1780761287.321235,15,140.3125,1033.5
1780761287.321235,15,142.90625,1092.5
1780761287.321235,15,145.5,1159.0
1780761287.321235,4,146.859375,1185.75
1780761287.321235,15,149.734375,1052.0
1780761287.321235,15,151.03125,1040.0
1780761287.321235,15,159.78125,1953.25
1780761287.321235,15,162.5,1894.0
1780761287.321235,15,178.625,1795.25
1780761287.321235,15,179.96875,1795.0
1780761287.321235,15,181.265625,1794.75
1780761287.321235,15,185.3125,1795.0
1780761287.321235,15,186.65625,1783.5
1780761287.321235,15,187.953125,1795.75
1780761287.321235,15,189.3125,1807.5
1780761287.321235,15,220.171875,1772.0
1780761287.321235,15,236.125,735.5
1780761287.321235,15,237.375,732.5
1780761287.321235,15,238.875,730.5
1780761287.321235,15,240.1875,729.0
1780761287.321235,15,241.5,728.25
1780761287.321235,15,247.171875,1569.75
1780761287.321235,15,248.515625,1549.5
1780761287.321235,15,249.859375,1547.5
1780761287.321235,15,251.203125,1538.25
1780761287.321235,8,252.484375,1529.5
1780761287.321235,10,253.90625,1507.5
1780761287.321235,15,255.203125,1482.5
1780761287.321235,15,256.546875,1475.75
1780761287.321235,15,257.953125,1465.5
1780761287.321235,15,259.28125,1457.75
1780761287.321235,15,260.609375,1456.5
1780761287.321235,15,261.9375,1441.75
1780761287.321235,15,263.296875,1434.25
1780761287.321235,15,264.6875,1439.25
1780761287.321235,7,265.984375,1425.0
1780761287.321235,15,267.375,1418.25
1780761287.321235,15,268.671875,1417.5
1780761287.321235,15,270.046875,1411.5
1780761287.321235,15,271.34375,1411.5
1780761287.321235,15,272.734375,1411.25
1780761287.321235,15,274.03125,1411.5
1780761287.321235,15,275.328125,1418.25
1780761287.321235,7,276.65625,1418.5
1780761287.321235,7,277.953125,1419.5
1780761287.321235,15,287.09375,653.25
1780761287.321235,15,288.609375,657.5
1780761287.321235,15,291.4375,1261.25
1780761287.321235,15,294.046875,1314.0
1780761287.321235,15,295.390625,1322.0
1780761287.321235,5,307.40625,1424.25
1780761287.321235,15,310.125,1424.25
1780761287.321235,15,322.390625,1202.0
1780761287.321235,15,323.734375,1185.0
1780761287.321235,15,325.125,1179.75
1780761287.321235,15,330.21875,1418.25
1780761287.321235,15,331.609375,1408.25
1780761287.321235,8,332.984375,1389.0
1780761287.321235,15,334.3125,1365.25
1780761287.321235,15,335.703125,1352.25
1780761287.321235,15,337.03125,1344.0
1780761287.321235,15,340.109375,941.0
1780761287.321235,15,341.5,950.75
1780761287.321235,15,342.875,958.0
1780761287.321235,15,344.171875,950.5
1780761287.321235,15,345.515625,947.75
1780761287.321235,15,346.8125,946.25
1780761287.321235,15,348.171875,939.0
1780761287.321235,15,349.59375,926.25
1780761287.321235,15,350.828125,918.25
1780761287.458589,15,352.203125,918.75
1780761287.458589,15,353.53125,917.75
1780761287.458589,15,354.875,916.25
1780761287.458589,15,356.21875,910.25
1780761287.458589,15,357.53125,909.0
1780761287.458589,15,358.90625,908.0
1780761287.458589,15,0.3125,904.25
1780761287.458589,15,1.640625,904.75
1780761287.458589,15,2.921875,907.25
1780761287.458589,15,4.234375,906.0
1780761287.458589,15,5.671875,903.25
1780761287.458589,15,6.90625,907.75
1780761287.458589,15,8.328125,911.0
1780761287.458589,15,9.703125,910.75
1780761287.458589,15,10.953125,911.25
1780761287.458589,15,12.296875,914.5
1780761287.458589,15,13.671875,915.5
1780761287.458589,15,14.890625,915.5
1780761287.458589,15,16.234375,918.0
1780761287.458589,15,17.609375,929.25
1780761287.458589,15,18.984375,928.0
1780761287.458589,15,20.328125,920.5
1780761287.458589,15,21.625,934.5
1780761287.458589,15,22.859375,958.0
1780761287.458589,15,24.171875,983.5
1780761287.458589,15,36.015625,1227.5
1780761287.458589,15,41.234375,1391.25
1780761287.458589,15,53.890625,893.25
1780761287.458589,15,55.328125,875.5
1780761287.458589,15,56.625,861.25
1780761287.458589,15,58.109375,848.25
1780761287.458589,15,59.421875,834.0
1780761287.458589,15,60.78125,820.5
1780761287.458589,15,62.203125,808.5
1780761287.458589,15,63.578125,797.25
1780761287.458589,15,64.90625,786.75
1780761287.458589,15,66.34375,778.5
1780761287.458589,15,67.546875,770.25
1780761287.458589,15,68.953125,761.75
1780761287.458589,15,70.34375,753.5
1780761287.458589,15,71.71875,745.75
1780761287.458589,15,73.171875,739.5
1780761287.458589,15,74.453125,735.0
1780761287.458589,15,75.828125,730.75
1780761287.458589,15,77.0625,726.5
1780761287.458589,15,78.5,721.75
1780761287.458589,15,79.796875,717.5
1780761287.458589,15,81.28125,713.75
1780761287.458589,15,82.515625,711.5
1780761287.458589,15,83.921875,709.5
1780761287.458589,15,85.203125,706.75
1780761287.458589,15,86.578125,704.75
1780761287.458589,15,87.796875,703.5
1780761287.458589,15,89.21875,702.5
1780761287.458589,15,90.53125,702.0
1780761287.458589,15,91.96875,700.5
1780761287.458589,15,93.25,700.25
1780761287.458589,15,94.59375,701.25
1780761287.458589,15,95.984375,702.5
1780761287.458589,15,97.25,703.5
1780761287.458589,15,98.5625,705.25
1780761287.458589,15,99.828125,707.5
1780761287.458589,15,101.28125,709.5
1780761287.458589,15,102.5625,712.5
1780761287.458589,15,103.875,715.5
1780761287.458589,15,105.234375,719.0
1780761287.458589,15,106.46875,723.75
1780761287.458589,15,107.890625,728.75
1780761287.458589,15,113.734375,557.25
1780761287.458589,15,115.140625,565.25
1780761287.458589,15,116.328125,572.0
1780761287.458589,15,117.828125,578.5
1780761287.458589,15,119.0,585.0
1780761287.458589,15,120.40625,593.0
1780761287.458589,15,121.765625,601.5
1780761287.458589,15,123.0,609.25
1780761287.458589,15,124.234375,616.75
1780761287.458589,15,125.453125,626.25
1780761287.458589,15,126.96875,637.0
1780761287.458589,15,128.234375,648.75
1780761287.458589,15,129.421875,661.5
1780761287.458589,15,134.265625,938.5
1780761287.458589,15,135.484375,955.25
1780761287.458589,15,136.765625,975.0
1780761287.458589,15,138.09375,996.75
1780761287.458589,15,139.453125,1019.0
1780761287.458589,15,140.765625,1040.25
1780761287.458589,15,143.359375,1100.25
1780761287.458589,15,144.65625,1131.25
1780761287.458589,15,147.265625,1199.5
1780761287.458589,15,150.15625,1044.0
1780761287.458589,15,151.40625,1050.75
1780761287.458589,15,158.875,1967.25
1780761287.458589,15,179.078125,1795.5
1780761287.458589,15,180.4375,1783.5
1780761287.458589,15,181.765625,1771.75
1780761287.458589,15,185.796875,1783.5
1780761287.458589,15,220.578125,1771.25
1780761287.458589,15,235.28125,738.0
1780761287.458589,15,236.609375,734.75
1780761287.458589,15,238.015625,731.75
1780761287.458589,15,239.28125,729.75
1780761287.458589,15,240.703125,729.0
1780761287.458589,9,242.015625,734.5
1780761287.458589,15,244.890625,1600.5
1780761287.458589,15,246.296875,1589.0
1780761287.458589,15,247.640625,1569.25
1780761287.458589,15,249.0,1549.25
1780761287.458589,15,250.296875,1539.25
1780761287.458589,7,251.671875,1530.0
1780761287.458589,15,253.03125,1528.5
1780761287.458589,15,254.34375,1505.25
1780761287.458589,15,255.71875,1479.0
1780761287.458589,15,257.046875,1473.75
1780761287.458589,15,258.375,1465.0
1780761287.458589,15,259.71875,1457.25
1780761287.458589,15,261.0625,1449.25
1780761287.458589,15,262.4375,1441.5
1780761287.458589,15,263.734375,1441.0
1780761287.458589,15,265.109375,1433.0
1780761287.458589,7,266.453125,1418.75
1780761287.458589,15,267.84375,1418.25
1780761287.458589,15,269.140625,1417.75
1780761287.458589,15,270.46875,1411.75
1780761287.458589,15,271.859375,1411.75
1780761287.458589,15,273.15625,1411.75
1780761287.458589,15,274.53125,1411.75
1780761287.458589,15,275.765625,1411.5
1780761287.458589,15,277.125,1418.75
1780761287.458589,15,278.40625,1433.5
1780761287.458589,15,282.453125,1449.0
1780761287.458589,15,286.28125,654.75
1780761287.458589,15,287.78125,649.75
1780761287.458589,15,294.546875,1332.25
1780761287.458589,15,307.96875,1399.75
1780761287.458589,15,309.28125,1417.25
1780761287.458589,15,310.671875,1434.75
1780761287.458589,15,321.59375,1214.25
1780761287.458589,15,322.96875,1192.0
1780761287.458589,15,324.3125,1180.75
1780761287.458589,15,325.671875,1185.5
1780761287.458589,15,330.859375,1426.0
1780761287.458589,15,332.234375,1394.5
1780761287.458589,15,333.546875,1373.5
1780761287.458589,15,334.9375,1356.0
1780761287.458589,15,336.234375,1345.25
1780761287.458589,15,339.421875,948.75
1780761287.458589,15,340.8125,944.0
1780761287.458589,15,342.140625,949.75
1780761287.458589,15,343.421875,955.25
1780761287.458589,15,344.78125,949.5
1780761287.458589,15,346.109375,952.75
1780761287.458589,15,347.5,958.5
1780761287.458589,15,350.171875,921.5
1780761287.458589,15,351.484375,917.5
1780761287.5962343,15,352.8125,916.25
1780761287.5962343,15,354.265625,918.25
1780761287.5962343,15,355.515625,918.75
1780761287.5962343,15,356.828125,915.75
1780761287.5962343,15,358.234375,916.0
1780761287.5962343,15,359.5,914.75
1780761287.5962343,15,0.90625,906.75
1780761287.5962343,15,2.328125,902.0
1780761287.5962343,15,3.53125,907.5
1780761287.5962343,15,4.96875,908.75
1780761287.5962343,15,6.3125,903.0
1780761287.5962343,15,7.609375,903.0
1780761287.5962343,15,8.953125,905.75
1780761287.5962343,15,10.296875,909.5
1780761287.5962343,15,11.59375,910.75
1780761287.5962343,15,12.875,912.0
1780761287.5962343,15,14.234375,912.5
1780761287.5962343,15,15.546875,919.75
1780761287.5962343,15,16.953125,923.0
1780761287.5962343,15,18.25,918.5
1780761287.5962343,15,19.65625,918.25
1780761287.5962343,15,20.984375,927.0
1780761287.5962343,15,22.21875,948.25
1780761287.5962343,15,23.546875,972.0
1780761287.5962343,15,24.859375,997.75
1780761287.5962343,15,36.78125,1225.5
1780761287.5962343,15,40.65625,1386.5
1780761287.5962343,15,49.15625,939.5
1780761287.5962343,15,50.59375,938.0
1780761287.5962343,15,51.921875,917.5
1780761287.5962343,15,53.28125,899.5
1780761287.5962343,15,54.640625,883.5
1780761287.5962343,15,56.140625,867.75
1780761287.5962343,15,57.46875,853.25
1780761287.5962343,15,58.890625,839.75
1780761287.5962343,15,60.09375,825.5
1780761287.5962343,15,61.484375,813.0
1780761287.5962343,15,62.90625,804.0
1780761287.5962343,15,64.328125,792.75
1780761287.5962343,15,65.703125,782.0
1780761287.5962343,15,66.953125,773.25
1780761287.5962343,15,68.34375,765.0
1780761287.5962343,15,69.671875,757.75
1780761287.5962343,15,71.0625,750.0
1780761287.5962343,15,72.390625,742.75
1780761287.5962343,15,73.859375,737.5
1780761287.5962343,15,75.21875,732.75
1780761287.5962343,15,76.484375,728.0
1780761287.5962343,15,77.828125,724.25
1780761287.5962343,15,79.28125,720.25
1780761287.5962343,15,80.53125,716.25
1780761287.5962343,15,81.984375,712.5
1780761287.5962343,15,83.34375,709.75
1780761287.5962343,15,84.640625,707.75
1780761287.5962343,15,85.921875,705.0
1780761287.5962343,15,87.203125,703.5
1780761287.5962343,15,88.65625,702.25
1780761287.5962343,15,90.0,701.25
1780761287.5962343,15,91.203125,701.75
1780761287.5962343,15,92.6875,700.5
1780761287.5962343,15,94.0,700.0
1780761287.5962343,15,95.359375,701.5
1780761287.5962343,15,96.546875,702.75
1780761287.5962343,15,97.875,705.25
1780761287.5962343,15,99.21875,707.0
1780761287.5962343,15,100.640625,709.0
1780761287.5962343,15,101.84375,711.25
1780761287.5962343,15,103.203125,713.75
1780761287.5962343,15,104.609375,717.0
1780761287.5962343,15,105.953125,721.75
1780761287.5962343,15,107.21875,726.0
1780761287.5962343,15,113.1875,565.0
1780761287.5962343,15,114.5,563.75
1780761287.5962343,15,115.859375,568.75
1780761287.5962343,15,117.0625,575.75
1780761287.5962343,15,118.359375,582.75
1780761287.5962343,15,119.734375,589.5
1780761287.5962343,15,121.078125,597.25
1780761287.5962343,15,122.359375,605.75
1780761287.5962343,15,123.6875,614.25
1780761287.5962343,15,124.984375,624.75
1780761287.5962343,15,126.375,635.25
1780761287.5962343,15,127.515625,644.5
1780761287.5962343,15,128.96875,656.25
1780761287.5962343,15,130.234375,668.0
1780761287.5962343,15,131.5625,677.5
1780761287.5962343,15,133.6875,931.5
1780761287.5962343,15,134.921875,948.0
1780761287.5962343,15,136.1875,965.75
1780761287.5962343,15,137.515625,987.0
1780761287.5962343,15,138.875,1008.0
1780761287.5962343,15,140.203125,1026.5
1780761287.5962343,15,142.765625,1091.25
1780761287.5962343,15,145.359375,1160.5
1780761287.5962343,15,146.671875,1187.0
1780761287.5962343,15,149.5625,1048.5
1780761287.5962343,15,150.890625,1040.25
1780761287.5962343,15,162.328125,1919.0
1780761287.5962343,15,178.46875,1795.25
1780761287.5962343,15,179.828125,1783.75
1780761287.5962343,15,181.140625,1772.0
1780761287.5962343,15,185.140625,1783.25
1780761287.5962343,15,186.5,1783.25
1780761287.5962343,15,187.8125,1783.75
1780761287.5962343,15,189.140625,1807.75
1780761287.5962343,15,220.109375,1722.75
1780761287.5962343,15,236.09375,735.75
1780761287.5962343,15,237.375,733.0
1780761287.5962343,15,238.78125,731.0
1780761287.5962343,15,240.046875,729.25
1780761287.5962343,15,241.5,728.5
1780761287.5962343,7,247.078125,1570.25
1780761287.5962343,15,248.390625,1550.0
1780761287.5962343,15,249.71875,1547.75
1780761287.5962343,15,251.109375,1538.5
1780761287.5962343,8,252.375,1529.5
1780761287.5962343,15,253.8125,1507.25
1780761287.5962343,15,255.15625,1482.5
1780761287.5962343,15,256.5,1475.75
1780761287.5962343,15,257.796875,1465.0
1780761287.5962343,15,259.171875,1457.75
1780761287.5962343,15,260.5,1456.75
1780761287.5962343,15,261.859375,1448.5
1780761287.5962343,15,263.203125,1441.0
1780761287.5962343,7,264.5625,1426.5
1780761287.5962343,15,265.890625,1419.0
1780761287.5962343,7,267.265625,1418.75
1780761287.5962343,15,268.59375,1411.5
1780761287.5962343,15,269.890625,1411.5
1780761287.5962343,15,271.28125,1411.5
1780761287.5962343,15,272.578125,1411.25
1780761287.5962343,15,273.96875,1411.25
1780761287.5962343,15,275.171875,1417.75
1780761287.5962343,15,276.5625,1418.0
1780761287.5962343,7,277.921875,1418.75
1780761287.5962343,15,287.140625,653.75
1780761287.5962343,15,288.359375,656.75
1780761287.5962343,15,291.40625,1260.25
1780761287.5962343,15,293.953125,1313.5
1780761287.5962343,15,295.296875,1322.0
1780761287.5962343,5,307.4375,1424.25
1780761287.5962343,15,308.796875,1416.5
1780761287.5962343,15,310.140625,1434.75
1780761287.5962343,15,322.46875,1202.0
1780761287.5962343,15,323.75,1184.75
1780761287.5962343,15,325.140625,1179.75
1780761287.5962343,15,330.28125,1418.0
1780761287.5962343,15,331.640625,1408.25
1780761287.5962343,8,332.984375,1389.0
1780761287.5962343,15,334.328125,1365.25
1780761287.5962343,15,335.734375,1352.25
1780761287.5962343,15,337.0,1344.5
1780761287.5962343,15,340.171875,940.75
1780761287.5962343,15,341.5625,950.5
1780761287.5962343,15,342.84375,957.75
1780761287.5962343,15,344.21875,950.25
1780761287.5962343,15,345.578125,947.5
1780761287.5962343,15,346.875,948.25
1780761287.5962343,15,348.171875,944.25
1780761287.5962343,15,349.5625,929.5
1780761287.5962343,15,350.890625,918.5
1780761287.73426,15,352.21875,919.0
1780761287.73426,15,353.671875,917.5
1780761287.73426,15,354.984375,916.25
1780761287.73426,15,356.34375,910.0
1780761287.73426,15,357.578125,908.75
1780761287.73426,15,358.96875,908.25
1780761287.73426,15,0.296875,904.25
1780761287.73426,15,1.65625,904.5
1780761287.73426,15,3.0625,907.0
1780761287.73426,15,4.328125,906.0
1780761287.73426,15,5.734375,903.75
1780761287.73426,15,6.953125,908.0
1780761287.73426,15,8.3125,909.75
1780761287.73426,15,9.65625,909.5
1780761287.73426,15,11.03125,911.0
1780761287.73426,15,12.3125,915.75
1780761287.73426,15,13.6875,914.75
1780761287.73426,15,15.046875,914.25
1780761287.73426,15,16.328125,924.75
1780761287.73426,15,17.75,923.0
1780761287.73426,15,19.109375,915.75
1780761287.73426,15,20.375,920.0
1780761287.73426,15,21.609375,934.0
1780761287.73426,15,23.0,957.5
1780761287.73426,15,24.3125,985.25
1780761287.73426,15,36.1875,1227.75
1780761287.73426,15,41.421875,1393.5
1780761287.73426,15,51.328125,928.25
1780761287.73426,15,52.734375,910.25
1780761287.73426,15,54.109375,892.0
1780761287.73426,15,55.46875,874.25
1780761287.73426,15,56.890625,860.25
1780761287.73426,15,58.203125,847.25
1780761287.73426,15,59.484375,831.0
1780761287.73426,15,60.84375,818.0
1780761287.73426,15,62.171875,808.5
1780761287.73426,15,63.6875,797.25
1780761287.73426,15,64.984375,785.5
1780761287.73426,15,66.359375,777.25
1780761287.73426,15,67.6875,769.75
1780761287.73426,15,69.109375,761.25
1780761287.73426,15,70.421875,753.5
1780761287.73426,15,71.796875,745.5
1780761287.73426,15,73.234375,739.25
1780761287.73426,15,74.5,735.0
1780761287.73426,15,75.953125,730.5
1780761287.73426,15,77.125,726.25
1780761287.73426,15,78.5625,721.75
1780761287.73426,15,79.90625,717.75
1780761287.73426,15,81.203125,714.0
1780761287.73426,15,82.578125,711.25
1780761287.73426,15,83.90625,709.25
1780761287.73426,15,85.203125,706.75
1780761287.73426,15,86.5625,704.5
1780761287.73426,15,87.90625,703.0
1780761287.73426,15,89.296875,700.25
1780761287.73426,15,90.625,699.75
1780761287.73426,15,91.984375,700.25
1780761287.73426,15,93.34375,700.25
1780761287.73426,15,94.5625,701.5
1780761287.73426,15,95.921875,702.25
1780761287.73426,15,97.203125,703.0
1780761287.73426,15,98.625,705.5
1780761287.73426,15,100.03125,707.75
1780761287.73426,15,101.359375,709.75
1780761287.73426,15,102.640625,712.25
1780761287.73426,15,103.875,715.25
1780761287.73426,15,105.328125,718.75
1780761287.73426,15,106.53125,723.5
1780761287.73426,15,108.046875,728.75
1780761287.73426,15,114.0625,558.0
1780761287.73426,15,115.140625,566.5
1780761287.73426,15,116.59375,573.25
1780761287.73426,15,117.796875,580.25
1780761287.73426,15,119.203125,587.0
1780761287.73426,15,120.421875,594.5
1780761287.73426,15,121.703125,602.25
1780761287.73426,15,123.09375,610.0
1780761287.73426,15,124.5,618.25
1780761287.73426,15,125.640625,628.75
1780761287.73426,15,127.140625,639.25
1780761287.73426,15,128.28125,650.0
1780761287.73426,15,129.65625,663.25
1780761287.73426,15,135.625,958.25
1780761287.73426,15,136.890625,978.75
1780761287.73426,10,138.265625,999.75
1780761287.73426,15,139.578125,1020.25
1780761287.73426,15,140.90625,1041.5
1780761287.73426,8,142.203125,1068.0
1780761287.73426,15,144.828125,1137.25
1780761287.73426,15,147.40625,1199.75
1780761287.73426,15,150.25,1038.0
1780761287.73426,15,151.515625,1043.75
1780761287.73426,15,158.9375,1968.25
1780761287.73426,15,165.640625,2095.0
1780761287.73426,15,179.15625,1795.25
1780761287.73426,15,180.46875,1795.0
1780761287.73426,15,181.828125,1783.25
1780761287.73426,15,184.515625,1771.75
1780761287.73426,15,185.84375,1783.5
1780761287.73426,15,187.1875,1795.25
1780761287.73426,15,188.53125,1795.25
1780761287.73426,15,219.484375,1745.0
1780761287.73426,15,220.8125,1760.5
1780761287.73426,15,235.515625,737.25
1780761287.73426,15,236.765625,734.25
1780761287.73426,15,238.109375,732.0
1780761287.73426,15,239.546875,729.5
1780761287.73426,15,240.859375,728.5
1780761287.73426,15,245.125,1591.0
1780761287.73426,15,246.5,1580.5
1780761287.73426,15,247.859375,1560.25
1780761287.73426,15,249.125,1548.75
1780761287.73426,15,250.515625,1539.5
1780761287.73426,7,251.8125,1529.75
1780761287.73426,15,253.25,1512.0
1780761287.73426,15,254.578125,1489.5
1780761287.73426,15,255.875,1480.75
1780761287.73426,15,257.296875,1473.0
1780761287.73426,15,258.625,1463.25
1780761287.73426,15,259.984375,1457.25
1780761287.73426,15,261.328125,1449.5
1780761287.73426,15,262.625,1435.0
1780761287.73426,15,263.953125,1433.75
1780761287.73426,7,265.296875,1439.0
1780761287.73426,7,266.71875,1425.5
1780761287.73426,15,268.0625,1411.75
1780761287.73426,15,269.34375,1411.25
1780761287.73426,15,270.734375,1411.0
1780761287.73426,15,272.046875,1411.25
1780761287.73426,15,273.421875,1411.5
1780761287.73426,6,274.71875,1411.5
1780761287.73426,7,276.0,1412.0
1780761287.73426,6,277.34375,1419.5
1780761287.73426,15,281.328125,1434.0
1780761287.73426,15,286.71875,650.0
1780761287.73426,15,287.9375,648.5
1780761287.73426,15,294.84375,1320.0
1780761287.73426,15,302.890625,1447.0
1780761287.73426,6,306.9375,1398.5
1780761287.73426,15,308.234375,1406.5
1780761287.73426,15,309.609375,1425.25
1780761287.73426,15,320.53125,1236.5
1780761287.73426,15,321.859375,1213.75
1780761287.73426,15,323.265625,1191.5
1780761287.73426,15,324.53125,1186.0
1780761287.73426,15,325.890625,1191.25
1780761287.73426,15,329.71875,1418.5
1780761287.73426,15,331.09375,1408.75
1780761287.73426,6,332.46875,1392.25
1780761287.73426,15,333.796875,1368.25
1780761287.73426,15,335.140625,1358.5
1780761287.73426,15,336.546875,1344.25
1780761287.73426,15,339.609375,948.75
1780761287.73426,15,341.046875,943.0
1780761287.73426,15,342.359375,955.25
1780761287.73426,15,343.734375,956.25
1780761287.73426,15,345.046875,945.75
1780761287.73426,15,346.328125,950.5
1780761287.73426,15,347.71875,950.75
1780761287.73426,15,349.078125,931.25
1780761287.73426,15,350.40625,921.25
1780761287.73426,15,351.765625,914.75
1780761287.871249,15,353.109375,913.0
1780761287.871249,15,354.515625,917.5
1780761287.871249,15,355.75,915.25
1780761287.871249,15,357.234375,908.75
1780761287.871249,15,358.484375,906.75
1780761287.871249,15,359.84375,906.5
1780761287.871249,15,1.21875,906.75
1780761287.871249,15,2.484375,907.75
1780761287.871249,15,3.828125,904.0
1780761287.871249,15,5.125,909.25
1780761287.871249,15,6.53125,910.0
1780761287.871249,15,7.859375,905.25
1780761287.871249,15,9.28125,909.75
1780761287.871249,15,10.640625,910.75
1780761287.871249,15,11.984375,911.75
1780761287.871249,15,13.203125,917.75
1780761287.871249,15,14.5625,917.0
1780761287.871249,15,15.953125,920.75
1780761287.871249,15,17.203125,940.5
1780761287.871249,15,18.625,938.25
1780761287.871249,15,19.9375,921.25
1780761287.871249,15,21.234375,928.5
1780761287.871249,15,22.53125,952.75
1780761287.871249,15,23.9375,978.5
1780761287.871249,15,35.78125,1231.25
1780761287.871249,15,37.03125,1224.25
1780761287.871249,15,41.015625,1385.0
1780761287.871249,15,50.9375,929.25
1780761287.871249,15,52.265625,911.75
1780761287.871249,15,53.625,895.5
1780761287.871249,15,54.953125,880.25
1780761287.871249,15,56.4375,865.75
1780761287.871249,15,57.8125,851.5
1780761287.871249,15,59.15625,836.75
1780761287.871249,15,60.4375,822.5
1780761287.871249,15,61.859375,811.0
1780761287.871249,15,63.21875,799.25
1780761287.871249,15,64.546875,789.25
1780761287.871249,15,65.90625,781.25
1780761287.871249,15,67.25,772.0
1780761287.871249,15,68.609375,763.75
1780761287.871249,15,70.0625,756.0
1780761287.871249,15,71.390625,748.5
1780761287.871249,15,72.671875,741.75
1780761287.871249,15,74.078125,736.25
1780761287.871249,15,75.375,731.75
1780761287.871249,15,76.71875,727.25
1780761287.871249,15,78.234375,723.25
1780761287.871249,15,79.546875,718.75
1780761287.871249,15,80.921875,714.25
1780761287.871249,15,82.203125,712.25
1780761287.871249,15,83.484375,710.0
1780761287.871249,15,84.765625,706.75
1780761287.871249,15,86.125,704.75
1780761287.871249,15,87.5,703.25
1780761287.871249,15,88.90625,702.0
1780761287.871249,15,90.234375,701.75
1780761287.871249,15,91.625,700.75
1780761287.871249,15,92.84375,700.0
1780761287.871249,15,94.25,701.25
1780761287.871249,15,95.46875,702.0
1780761287.871249,15,96.796875,702.75
1780761287.871249,15,98.203125,705.25
1780761287.871249,15,99.453125,707.25
1780761287.871249,15,100.875,709.5
1780761287.871249,15,102.296875,712.75
1780761287.871249,15,103.53125,715.0
1780761287.871249,15,104.84375,717.25
1780761287.871249,15,106.1875,721.25
1780761287.871249,15,107.546875,727.0
1780761287.871249,15,113.53125,561.25
1780761287.871249,15,114.875,564.0
1780761287.871249,15,115.96875,570.0
1780761287.871249,15,117.5,577.0
1780761287.871249,15,118.6875,584.25
1780761287.871249,15,120.0625,591.25
1780761287.871249,15,121.40625,599.75
1780761287.871249,15,122.546875,607.75
1780761287.871249,15,123.8125,615.5
1780761287.871249,15,125.203125,625.75
1780761287.871249,15,126.484375,636.0
1780761287.871249,15,127.703125,646.5
1780761287.871249,15,129.140625,659.25
1780761287.871249,15,130.359375,671.0
1780761287.871249,15,131.71875,681.0
1780761287.871249,15,133.703125,933.25
1780761287.871249,15,135.03125,950.75
1780761287.871249,15,136.328125,967.25
1780761287.871249,15,137.703125,988.5
1780761287.871249,15,139.03125,1012.5
1780761287.871249,15,140.296875,1033.0
1780761287.871249,15,142.875,1092.75
1780761287.871249,15,145.453125,1160.25
1780761287.871249,4,146.796875,1186.75
1780761287.871249,15,149.609375,1052.25
1780761287.871249,15,150.9375,1040.25
1780761287.871249,15,159.609375,1999.25
1780761287.871249,15,178.421875,1771.75
1780761287.871249,15,179.78125,1760.5
1780761287.871249,15,181.109375,1772.0
1780761287.871249,15,185.140625,1794.75
1780761287.871249,15,186.484375,1783.0
1780761287.871249,15,187.8125,1783.5
1780761287.871249,15,189.125,1795.75
1780761287.871249,15,219.90625,1772.0
1780761287.871249,15,235.765625,734.0
1780761287.871249,15,237.0625,731.5
1780761287.871249,15,238.5,729.5
1780761287.871249,15,239.828125,727.0
1780761287.871249,15,241.234375,726.25
1780761287.871249,15,246.71875,1578.25
1780761287.871249,15,248.109375,1558.0
1780761287.871249,15,249.421875,1547.75
1780761287.871249,15,250.8125,1538.5
1780761287.871249,9,252.125,1529.5
1780761287.871249,15,253.453125,1510.5
1780761287.871249,15,254.765625,1486.25
1780761287.871249,15,256.125,1476.25
1780761287.871249,15,257.46875,1465.25
1780761287.871249,15,258.796875,1457.75
1780761287.871249,15,260.1875,1457.0
1780761287.871249,15,261.484375,1449.5
1780761287.871249,15,262.8125,1442.0
1780761287.871249,15,264.15625,1434.5
1780761287.871249,7,265.5625,1426.25
1780761287.871249,15,266.890625,1418.25
1780761287.871249,15,268.171875,1411.75
1780761287.871249,15,269.515625,1411.5
1780761287.871249,15,270.890625,1411.25
1780761287.871249,15,272.1875,1411.25
1780761287.871249,15,273.578125,1411.5
1780761287.871249,15,274.90625,1411.5
1780761287.871249,8,276.234375,1411.75
1780761287.871249,15,277.5625,1420.0
1780761287.871249,15,281.5625,1437.0
1780761287.871249,15,286.84375,655.5
1780761287.871249,15,288.125,651.5
1780761287.871249,15,295.0625,1321.0
1780761287.871249,15,307.09375,1399.5
1780761287.871249,15,308.390625,1407.75
1780761287.871249,15,309.75,1425.75
1780761287.871249,15,320.59375,1236.75
1780761287.871249,15,321.953125,1220.25
1780761287.871249,15,323.3125,1198.0
1780761287.871249,15,324.65625,1187.0
1780761287.871249,15,326.0,1192.0
1780761287.871249,15,329.859375,1419.0
1780761287.871249,15,331.1875,1409.5
1780761287.871249,15,332.546875,1395.75
1780761287.871249,15,333.859375,1375.25
1780761287.871249,15,335.203125,1363.75
1780761287.871249,15,336.59375,1352.5
1780761287.871249,15,339.75,966.25
1780761287.871249,15,341.09375,957.75
1780761287.871249,15,342.421875,964.0
1780761287.871249,15,343.703125,966.25
1780761287.871249,15,345.15625,959.0
1780761287.871249,15,346.359375,963.75
1780761287.871249,15,347.765625,958.0
1780761287.871249,15,349.234375,942.0
1780761287.871249,15,350.546875,937.25
1780761288.0092554,15,351.890625,933.0
1780761288.0092554,15,353.234375,932.25
1780761288.0092554,15,354.5,933.75
1780761288.0092554,15,355.9375,926.75
1780761288.0092554,15,357.28125,922.0
1780761288.0092554,15,358.609375,918.75
1780761288.0092554,15,359.984375,912.0
1780761288.0092554,15,1.296875,914.0
1780761288.0092554,15,2.671875,916.5
1780761288.0092554,15,4.03125,914.5
1780761288.0092554,15,5.25,916.75
1780761288.0092554,15,6.625,918.5
1780761288.0092554,15,7.96875,920.0
1780761288.0092554,15,9.3125,923.5
1780761288.0092554,15,10.71875,924.0
1780761288.0092554,15,11.984375,924.0
1780761288.0092554,15,13.328125,922.25
1780761288.0092554,15,14.640625,925.75
1780761288.0092554,15,15.984375,941.0
1780761288.0092554,15,17.34375,940.75
1780761288.0092554,15,18.71875,929.0
1780761288.0092554,15,20.015625,932.75
1780761288.0092554,15,21.3125,949.0
1780761288.0092554,15,23.9375,1005.5
1780761288.0092554,15,35.71875,1238.25
1780761288.0092554,15,40.921875,1403.25
1780761288.0092554,15,50.90625,928.0
1780761288.0092554,15,52.25,910.75
1780761288.0092554,15,53.6875,894.25
1780761288.0092554,15,54.96875,879.5
1780761288.0092554,15,56.328125,865.0
1780761288.0092554,15,57.703125,848.75
1780761288.0092554,15,59.09375,834.25
1780761288.0092554,15,60.4375,821.75
1780761288.0092554,15,61.84375,810.25
1780761288.0092554,15,63.296875,798.75
1780761288.0092554,15,64.484375,788.75
1780761288.0092554,15,65.90625,780.5
1780761288.0092554,15,67.3125,771.5
1780761288.0092554,15,68.640625,763.0
1780761288.0092554,15,69.984375,755.25
1780761288.0092554,15,71.34375,748.25
1780761288.0092554,15,72.765625,741.5
1780761288.0092554,15,74.171875,736.0
1780761288.0092554,15,75.421875,731.25
1780761288.0092554,15,76.875,727.25
1780761288.0092554,15,78.15625,723.25
1780761288.0092554,15,79.453125,718.75
1780761288.0092554,15,80.796875,714.5
1780761288.0092554,15,82.203125,712.0
1780761288.0092554,15,83.546875,709.5
1780761288.0092554,15,84.8125,706.25
1780761288.0092554,15,86.34375,703.5
1780761288.0092554,15,87.640625,702.25
1780761288.0092554,15,88.96875,700.0
1780761288.0092554,15,90.390625,699.75
1780761288.0092554,15,91.671875,700.0
1780761288.0092554,15,93.03125,700.0
1780761288.0092554,15,94.390625,701.5
1780761288.0092554,15,95.75,701.75
1780761288.0092554,15,96.921875,702.75
1780761288.0092554,15,98.328125,704.25
1780761288.0092554,15,99.671875,706.25
1780761288.0092554,15,101.046875,709.25
1780761288.0092554,15,102.328125,712.5
1780761288.0092554,15,103.625,715.5
1780761288.0092554,15,104.96875,718.5
1780761288.0092554,15,106.34375,722.75
1780761288.0092554,15,112.109375,552.0
1780761288.0092554,15,113.4375,558.75
1780761288.0092554,15,114.953125,564.5
1780761288.0092554,15,116.25,570.5
1780761288.0092554,15,117.375,577.0
1780761288.0092554,15,118.71875,584.0
1780761288.0092554,15,120.171875,591.5
1780761288.0092554,15,121.390625,599.75
1780761288.0092554,15,122.6875,607.75
1780761288.0092554,15,123.859375,615.5
1780761288.0092554,15,125.296875,626.0
1780761288.0092554,15,126.65625,636.25
1780761288.0092554,15,127.875,646.75
1780761288.0092554,15,129.25,659.25
1780761288.0092554,15,133.796875,933.5
1780761288.0092554,15,135.109375,951.25
1780761288.0092554,15,136.4375,968.0
1780761288.0092554,15,137.75,989.0
1780761288.0092554,15,139.0,1013.5
1780761288.0092554,15,140.328125,1034.5
1780761288.0092554,15,144.171875,1130.25
1780761288.0092554,8,145.5,1155.75
1780761288.0092554,15,149.671875,1020.25
1780761288.0092554,15,151.015625,1027.0
1780761288.0092554,4,161.1875,1905.25
1780761288.0092554,15,178.640625,1748.0
1780761288.0092554,15,181.359375,1748.0
1780761288.0092554,15,185.40625,1747.75
1780761288.0092554,15,186.765625,1747.75
1780761288.0092554,15,188.09375,1760.0
1780761288.0092554,15,189.4375,1771.5
1780761288.0092554,15,221.53125,1748.25
1780761288.0092554,15,233.5625,1833.0
1780761288.0092554,15,237.484375,720.5
1780761288.0092554,15,238.859375,717.0
1780761288.0092554,15,240.15625,714.5
1780761288.0092554,15,241.59375,713.25
1780761288.0092554,15,242.78125,712.75
1780761288.0092554,15,247.125,1579.5
1780761288.0092554,15,248.453125,1559.5
1780761288.0092554,15,249.8125,1547.5
1780761288.0092554,15,251.25,1538.25
1780761288.0092554,8,252.609375,1529.25
1780761288.0092554,15,253.953125,1506.5
1780761288.0092554,15,255.296875,1481.25
1780761288.0092554,15,256.671875,1475.0
1780761288.0092554,15,258.015625,1465.0
1780761288.0092554,15,259.328125,1457.5
1780761288.0092554,15,260.6875,1456.75
1780761288.0092554,15,262.03125,1448.75
1780761288.0092554,15,263.359375,1441.0
1780761288.0092554,15,264.765625,1433.5
1780761288.0092554,7,266.140625,1425.75
1780761288.0092554,15,267.4375,1424.25
1780761288.0092554,15,268.78125,1417.5
1780761288.0092554,15,270.125,1411.25
1780761288.0092554,15,271.515625,1411.25
1780761288.0092554,8,272.8125,1411.25
1780761288.0092554,15,274.15625,1411.5
1780761288.0092554,7,275.390625,1412.25
1780761288.0092554,7,276.765625,1412.5
1780761288.0092554,8,278.046875,1419.5
1780761288.0092554,15,279.40625,1433.75
1780761288.0092554,15,283.390625,1449.25
1780761288.0092554,15,290.046875,665.5
1780761288.0092554,12,291.359375,670.5
1780761288.0092554,15,294.1875,1320.0
1780761288.0092554,15,295.578125,1322.0
1780761288.0092554,15,309.015625,1416.75
1780761288.0092554,15,310.359375,1434.25
1780761288.0092554,15,322.546875,1242.0
1780761288.0092554,15,324.046875,1225.5
1780761288.0092554,15,325.390625,1209.5
1780761288.0092554,15,326.65625,1220.0
1780761288.0092554,6,331.90625,1426.25
1780761288.0092554,15,333.25,1417.5
1780761288.0092554,15,334.59375,1409.0
1780761288.0092554,15,335.96875,1393.25
1780761288.0092554,15,337.359375,1369.75
1780761288.0092554,15,340.515625,981.75
1780761288.0092554,15,341.84375,982.0
1780761288.0092554,15,343.109375,995.25
1780761288.0092554,15,344.4375,994.0
1780761288.0092554,15,345.84375,983.5
1780761288.0092554,15,347.15625,984.25
1780761288.0092554,15,348.484375,974.0
1780761288.0092554,15,349.859375,960.75
1780761288.0092554,15,351.234375,957.5
1780761288.1463652,15,352.515625,958.5
1780761288.1463652,15,353.875,960.25
1780761288.1463652,15,355.1875,962.75
1780761288.1463652,15,356.53125,958.5
1780761288.1463652,15,357.890625,945.75
1780761288.1463652,15,359.3125,948.75
1780761288.1463652,15,0.65625,948.25
1780761288.1463652,15,1.9375,942.25
1780761288.1463652,15,3.265625,948.5
1780761288.1463652,15,4.671875,951.5
1780761288.1463652,15,6.046875,949.25
1780761288.1463652,15,7.3125,948.5
1780761288.1463652,15,8.640625,953.0
1780761288.1463652,15,9.9375,953.25
1780761288.1463652,15,11.375,950.0
1780761288.1463652,15,12.65625,954.25
1780761288.1463652,15,14.046875,959.0
1780761288.1463652,15,15.4375,965.25
1780761288.1463652,15,16.703125,983.0
1780761288.1463652,15,19.421875,962.25
1780761288.1463652,15,20.765625,976.0
1780761288.1463652,15,21.984375,997.5
1780761288.1463652,15,35.234375,1260.0
1780761288.1463652,15,39.0625,1425.0
1780761288.1463652,15,40.421875,1422.25
1780761288.1463652,15,51.796875,918.25
1780761288.1463652,15,53.1875,899.0
1780761288.1463652,15,54.546875,883.0
1780761288.1463652,15,55.96875,867.75
1780761288.1463652,15,57.265625,856.0
1780761288.1463652,15,58.671875,841.5
1780761288.1463652,15,60.03125,824.0
1780761288.1463652,15,61.390625,812.5
1780761288.1463652,15,62.765625,802.5
1780761288.1463652,15,64.125,791.75
1780761288.1463652,15,65.4375,781.75
1780761288.1463652,15,66.84375,772.75
1780761288.1463652,15,68.28125,761.25
1780761288.1463652,15,69.59375,755.0
1780761288.1463652,15,70.828125,752.75
1780761288.1463652,15,72.21875,744.25
1780761288.1463652,15,73.703125,737.5
1780761288.1463652,15,75.0,733.75
1780761288.1463652,15,76.328125,729.0
1780761288.1463652,15,77.765625,723.75
1780761288.1463652,15,78.96875,718.25
1780761288.1463652,15,80.40625,714.25
1780761288.1463652,15,81.6875,712.25
1780761288.1463652,15,83.078125,711.0
1780761288.1463652,15,84.46875,708.0
1780761288.1463652,15,85.75,705.5
1780761288.1463652,15,87.171875,703.75
1780761288.1463652,15,88.515625,702.0
1780761288.1463652,15,89.890625,700.75
1780761288.1463652,15,91.28125,699.5
1780761288.1463652,15,92.453125,698.75
1780761288.1463652,15,93.875,700.0
1780761288.1463652,15,95.21875,701.75
1780761288.1463652,15,96.5,703.0
1780761288.1463652,15,97.828125,705.0
1780761288.1463652,15,99.25,707.0
1780761288.1463652,15,100.546875,709.25
1780761288.1463652,15,101.859375,711.5
1780761288.1463652,15,103.15625,713.25
1780761288.1463652,15,108.0,549.5
1780761288.1463652,15,109.1875,545.5
1780761288.1463652,15,110.46875,548.0
1780761288.1463652,15,111.703125,552.25
1780761288.1463652,15,113.203125,557.5
1780761288.1463652,15,114.515625,563.25
1780761288.1463652,15,115.671875,569.0
1780761288.1463652,15,116.921875,575.75
1780761288.1463652,15,118.3125,582.5
1780761288.1463652,15,119.6875,588.75
1780761288.1463652,15,120.9375,596.75
1780761288.1463652,15,122.203125,605.25
1780761288.1463652,15,123.625,614.0
1780761288.1463652,15,124.953125,624.5
1780761288.1463652,15,129.59375,880.0
1780761288.1463652,15,130.921875,896.25
1780761288.1463652,15,132.109375,913.0
1780761288.1463652,15,133.46875,930.0
1780761288.1463652,15,134.703125,946.75
1780761288.1463652,15,136.03125,965.25
1780761288.1463652,15,137.296875,985.25
1780761288.1463652,15,138.640625,1006.5
1780761288.1463652,15,139.984375,1025.75
1780761288.1463652,9,143.859375,1120.75
1780761288.1463652,15,145.140625,1142.0
1780761288.1463652,15,148.0,1003.0
1780761288.1463652,15,149.359375,1005.5
1780761288.1463652,15,150.65625,1025.75
1780761288.1463652,15,159.453125,1890.0
1780761288.1463652,15,168.78125,2114.75
1780761288.1463652,15,194.296875,2078.0
1780761288.1463652,15,233.1875,1833.25
1780761288.1463652,15,239.9375,700.75
1780761288.1463652,15,241.296875,699.25
1780761288.1463652,15,242.46875,697.75
1780761288.1463652,15,243.921875,696.75
1780761288.1463652,15,245.3125,696.5
1780761288.1463652,15,246.5,704.0
1780761288.1463652,15,249.390625,1547.75
1780761288.1463652,15,250.78125,1538.5
1780761288.1463652,7,252.109375,1529.5
1780761288.1463652,15,253.546875,1509.75
1780761288.1463652,15,254.875,1485.75
1780761288.1463652,15,256.171875,1476.5
1780761288.1463652,15,257.59375,1465.25
1780761288.1463652,15,258.859375,1457.75
1780761288.1463652,15,260.21875,1457.0
1780761288.1463652,15,261.59375,1449.0
1780761288.1463652,15,262.9375,1434.5
1780761288.1463652,15,264.234375,1434.5
1780761288.1463652,7,265.65625,1427.25
1780761288.1463652,7,266.984375,1412.25
1780761288.1463652,15,268.328125,1411.5
1780761288.1463652,15,269.625,1411.25
1780761288.1463652,15,271.015625,1411.25
1780761288.1463652,15,272.34375,1411.25
1780761288.1463652,15,273.6875,1411.5
1780761288.1463652,15,275.046875,1418.25
1780761288.1463652,7,276.265625,1431.5
1780761288.1463652,15,277.578125,1432.75
1780761288.1463652,15,278.9375,1434.25
1780761288.1463652,15,280.28125,1441.25
1780761288.1463652,15,284.28125,1454.0
1780761288.1463652,15,287.015625,1308.25
1780761288.1463652,15,292.234375,675.5
1780761288.1463652,14,293.484375,672.75
1780761288.1463652,15,296.40625,1321.75
1780761288.1463652,15,309.796875,1435.25
1780761288.1463652,15,317.625,1795.75
1780761288.1463652,15,323.28125,1256.5
1780761288.1463652,15,324.65625,1243.5
1780761288.1463652,15,326.015625,1242.25
1780761288.1463652,15,327.28125,1242.5
1780761288.1463652,15,331.125,1453.0
1780761288.1463652,15,332.5,1452.75
1780761288.1463652,15,333.84375,1434.75
1780761288.1463652,15,335.15625,1419.25
1780761288.1463652,15,336.53125,1410.25
1780761288.1463652,15,337.859375,1397.5
1780761288.1463652,15,340.953125,1019.25
1780761288.1463652,15,342.21875,1016.5
1780761288.1463652,15,343.578125,1026.0
1780761288.1463652,15,344.96875,1019.5
1780761288.1463652,15,346.328125,1017.75
1780761288.1463652,15,347.703125,1019.75
1780761288.1463652,15,349.0625,1010.75
1780761288.1463652,15,350.375,995.75
1780761288.1463652,15,351.71875,986.0
1780761288.2842557,15,353.015625,986.5
1780761288.2842557,15,354.46875,988.0
1780761288.2842557,15,355.765625,988.75
1780761288.2842557,15,357.125,988.0
1780761288.2842557,15,358.4375,982.25
1780761288.2842557,15,359.71875,979.75
1780761288.2842557,15,1.125,982.0
1780761288.2842557,15,2.46875,981.0
1780761288.2842557,15,3.734375,976.75
1780761288.2842557,15,5.125,979.25
1780761288.2842557,15,6.515625,985.0
1780761288.2842557,15,7.84375,983.5
1780761288.2842557,15,9.109375,983.25
1780761288.2842557,15,10.421875,986.25
1780761288.2842557,15,11.875,988.5
1780761288.2842557,15,13.21875,988.75
1780761288.2842557,15,14.546875,994.25
1780761288.2842557,15,15.828125,1003.5
1780761288.2842557,15,17.15625,996.5
1780761288.2842557,15,18.46875,991.25
1780761288.2842557,15,19.796875,1002.25
1780761288.2842557,15,22.453125,1063.75
1780761288.2842557,15,34.21875,1285.5
1780761288.2842557,15,38.140625,1449.25
1780761288.2842557,15,45.328125,990.5
1780761288.2842557,15,46.640625,981.25
1780761288.2842557,12,48.0,961.25
1780761288.2842557,15,49.359375,941.0
1780761288.2842557,15,50.78125,923.5
1780761288.2842557,15,52.125,907.0
1780761288.2842557,15,53.484375,888.5
1780761288.2842557,15,54.921875,871.5
1780761288.2842557,15,56.234375,857.75
1780761288.2842557,15,57.65625,844.5
1780761288.2842557,15,59.015625,829.5
1780761288.2842557,15,60.5,816.75
1780761288.2842557,15,61.8125,805.5
1780761288.2842557,15,63.234375,794.25
1780761288.2842557,15,64.5,783.75
1780761288.2842557,15,65.875,775.5
1780761288.2842557,15,67.34375,768.0
1780761288.2842557,15,68.671875,759.75
1780761288.2842557,15,70.09375,751.75
1780761288.2842557,15,71.296875,746.0
1780761288.2842557,15,72.671875,740.75
1780761288.2842557,15,74.140625,735.25
1780761288.2842557,15,75.53125,730.75
1780761288.2842557,15,76.8125,724.75
1780761288.2842557,15,78.234375,719.25
1780761288.2842557,15,79.53125,716.75
1780761288.2842557,15,80.796875,714.0
1780761288.2842557,15,82.21875,711.5
1780761288.2842557,15,83.59375,708.75
1780761288.2842557,15,84.8125,705.5
1780761288.2842557,15,86.234375,703.25
1780761288.2842557,15,87.5625,700.5
1780761288.2842557,15,88.9375,698.5
1780761288.2842557,15,90.203125,698.0
1780761288.2842557,15,91.625,698.25
1780761288.2842557,15,92.9375,698.5
1780761288.2842557,15,94.234375,699.75
1780761288.2842557,15,95.640625,701.5
1780761288.2842557,15,96.96875,702.5
1780761288.2842557,15,98.234375,704.25
1780761288.2842557,15,99.671875,706.25
1780761288.2842557,15,104.265625,530.25
1780761288.2842557,15,105.6875,534.25
1780761288.2842557,15,107.046875,537.5
1780761288.2842557,15,108.421875,541.75
1780761288.2842557,15,109.671875,545.5
1780761288.2842557,15,111.03125,550.0
1780761288.2842557,15,112.3125,554.25
1780761288.2842557,15,113.53125,559.25
1780761288.2842557,15,115.046875,565.0
1780761288.2842557,15,116.171875,572.25
1780761288.2842557,15,117.453125,578.75
1780761288.2842557,15,118.875,584.25
1780761288.2842557,15,120.265625,591.75
1780761288.2842557,15,121.546875,600.0
1780761288.2842557,15,122.796875,608.25
1780761288.2842557,15,124.140625,616.25
1780761288.2842557,15,128.75,873.25
1780761288.2842557,15,130.125,889.25
1780761288.2842557,15,131.5,904.75
1780761288.2842557,15,132.625,919.25
1780761288.2842557,15,134.0,934.75
1780761288.2842557,15,135.34375,954.5
1780761288.2842557,15,136.640625,976.25
1780761288.2842557,15,137.921875,995.0
1780761288.2842557,15,139.203125,1015.0
1780761288.2842557,15,140.59375,1037.0
1780761288.2842557,7,141.875,1064.5
1780761288.2842557,15,144.46875,1131.0
1780761288.2842557,15,147.375,970.25
1780761288.2842557,15,148.625,974.75
1780761288.2842557,15,157.390625,1865.75
1780761288.2842557,4,158.71875,1864.75
1780761288.2842557,15,161.4375,1817.5
1780761288.2842557,15,168.015625,2080.0
1780761288.2842557,15,169.390625,2046.5
1780761288.2842557,15,194.71875,2077.5
1780761288.2842557,15,233.65625,1820.75
1780761288.2842557,15,236.28125,1771.5
1780761288.2842557,15,237.6875,1723.25
1780761288.2842557,15,241.671875,681.0
1780761288.2842557,15,242.890625,680.5
1780761288.2842557,15,244.375,679.75
1780761288.2842557,15,245.6875,679.5
1780761288.2842557,15,247.0625,680.0
1780761288.2842557,15,248.359375,681.25
1780761288.2842557,8,252.515625,1529.25
1780761288.2842557,15,253.921875,1507.0
1780761288.2842557,15,255.21875,1482.0
1780761288.2842557,15,256.578125,1475.0
1780761288.2842557,15,257.96875,1465.0
1780761288.2842557,15,259.25,1457.75
1780761288.2842557,15,260.640625,1456.5
1780761288.2842557,15,261.96875,1455.75
1780761288.2842557,15,263.296875,1448.0
1780761288.2842557,15,264.625,1433.75
1780761288.2842557,15,265.984375,1425.75
1780761288.2842557,15,267.359375,1418.25
1780761288.2842557,15,268.703125,1411.5
1780761288.2842557,15,270.03125,1411.25
1780761288.2842557,15,271.375,1417.75
1780761288.2842557,15,272.671875,1417.75
1780761288.2842557,8,274.015625,1418.25
1780761288.2842557,7,275.296875,1418.75
1780761288.2842557,9,276.609375,1419.0
1780761288.2842557,7,277.953125,1432.0
1780761288.2842557,15,279.28125,1439.75
1780761288.2842557,15,280.578125,1448.25
1780761288.2842557,15,281.9375,1456.25
1780761288.2842557,15,285.90625,1458.5
1780761288.2842557,15,288.671875,1320.0
1780761288.2842557,15,291.390625,1275.25
1780761288.2842557,15,295.0,696.5
1780761288.2842557,15,296.375,700.25
1780761288.2842557,15,310.140625,1427.5
1780761288.2842557,15,311.46875,1435.25
1780761288.2842557,15,325.109375,1262.5
1780761288.2842557,15,326.5625,1251.0
1780761288.2842557,15,327.875,1251.75
1780761288.2842557,15,333.0625,1505.75
1780761288.2842557,15,334.4375,1472.5
1780761288.2842557,15,335.75,1451.5
1780761288.2842557,15,337.15625,1434.5
1780761288.2842557,7,338.515625,1419.25
1780761288.2842557,15,341.59375,1046.25
1780761288.2842557,15,342.9375,1048.25
1780761288.2842557,15,344.25,1058.25
1780761288.2842557,15,345.625,1052.5
1780761288.2842557,15,346.984375,1050.0
1780761288.2842557,15,348.28125,1046.5
1780761288.2842557,15,349.5625,1035.0
1780761288.2842557,15,350.90625,1030.75
1780761288.4215066,15,352.328125,1027.0
1780761288.4215066,15,353.6875,1022.75
1780761288.4215066,15,355.0625,1023.0
1780761288.4215066,15,356.359375,1018.5
1780761288.4215066,15,357.671875,1015.75
1780761288.4215066,15,359.046875,1021.5
1780761288.4215066,15,0.359375,1017.0
1780761288.4215066,15,1.703125,1009.5
1780761288.4215066,15,3.0625,1014.0
1780761288.4215066,15,4.46875,1020.0
1780761288.4215066,15,5.828125,1019.75
1780761288.4215066,15,7.171875,1017.75
1780761288.4215066,15,8.5,1018.5
1780761288.4215066,15,9.75,1023.5
1780761288.4215066,15,11.203125,1027.75
1780761288.4215066,15,12.515625,1024.5
1780761288.4215066,15,13.875,1027.25
1780761288.4215066,15,15.09375,1047.25
1780761288.4215066,15,17.796875,1026.25
1780761288.4215066,15,19.171875,1040.5
1780761288.4215066,15,20.5,1067.75
1780761288.4215066,15,21.84375,1096.5
1780761288.4215066,15,33.671875,1314.0
1780761288.4215066,15,37.671875,1475.25
1780761288.4215066,15,43.53125,1009.5
1780761288.4215066,15,44.875,1003.75
1780761288.4215066,15,46.234375,989.5
1780761288.4215066,15,47.65625,967.25
1780761288.4215066,15,49.046875,949.0
1780761288.4215066,15,50.359375,929.25
1780761288.4215066,15,51.765625,913.0
1780761288.4215066,15,53.078125,896.5
1780761288.4215066,15,54.546875,880.5
1780761288.4215066,15,55.796875,867.0
1780761288.4215066,15,57.28125,851.5
1780761288.4215066,15,58.703125,835.5
1780761288.4215066,15,59.90625,822.0
1780761288.4215066,15,61.296875,810.0
1780761288.4215066,15,62.75,800.0
1780761288.4215066,15,64.09375,791.25
1780761288.4215066,15,65.375,781.5
1780761288.4215066,15,66.75,772.75
1780761288.4215066,15,68.1875,763.75
1780761288.4215066,15,69.4375,755.75
1780761288.4215066,15,70.953125,748.5
1780761288.4215066,15,72.28125,740.5
1780761288.4215066,15,73.515625,736.0
1780761288.4215066,15,74.984375,733.0
1780761288.4215066,15,76.359375,727.25
1780761288.4215066,15,77.75,722.0
1780761288.4215066,15,79.109375,718.0
1780761288.4215066,15,80.421875,714.0
1780761288.4215066,15,81.640625,712.0
1780761288.4215066,15,83.078125,710.5
1780761288.4215066,15,84.28125,707.5
1780761288.4215066,15,85.75,704.0
1780761288.4215066,15,87.046875,702.25
1780761288.4215066,15,88.328125,701.5
1780761288.4215066,15,89.8125,700.0
1780761288.4215066,15,91.171875,698.75
1780761288.4215066,15,92.421875,698.5
1780761288.4215066,15,93.75,699.0
1780761288.4215066,15,95.1875,700.75
1780761288.4215066,15,96.453125,702.25
1780761288.4215066,15,101.0625,525.75
1780761288.4215066,15,102.4375,527.75
1780761288.4215066,15,103.921875,529.5
1780761288.4215066,15,105.265625,532.75
1780761288.4215066,15,106.484375,537.25
1780761288.4215066,15,107.828125,541.25
1780761288.4215066,15,109.0,545.0
1780761288.4215066,15,110.328125,548.5
1780761288.4215066,15,111.71875,553.0
1780761288.4215066,15,113.015625,558.0
1780761288.4215066,15,114.25,563.25
1780761288.4215066,15,115.625,570.0
1780761288.4215066,15,117.015625,576.5
1780761288.4215066,15,118.359375,582.25
1780761288.4215066,15,119.53125,589.0
1780761288.4215066,15,120.96875,597.75
1780761288.4215066,15,122.140625,610.75
1780761288.4215066,15,124.1875,825.25
1780761288.4215066,15,125.453125,841.5
1780761288.4215066,15,126.765625,856.25
1780761288.4215066,15,128.1875,869.0
1780761288.4215066,15,129.5,884.0
1780761288.4215066,15,130.796875,898.75
1780761288.4215066,15,132.140625,914.5
1780761288.4215066,15,133.375,931.0
1780761288.4215066,15,134.625,948.5
1780761288.4215066,15,135.984375,965.75
1780761288.4215066,15,137.34375,988.75
1780761288.4215066,15,138.65625,1013.5
1780761288.4215066,15,139.90625,1033.25
1780761288.4215066,15,141.21875,1058.25
1780761288.4215066,15,142.46875,1090.5
1780761288.4215066,15,145.390625,947.25
1780761288.4215066,15,146.703125,944.0
1780761288.4215066,15,148.046875,964.0
1780761288.4215066,15,156.734375,1846.75
1780761288.4215066,15,158.09375,1833.0
1780761288.4215066,15,159.484375,1808.0
1780761288.4215066,15,167.40625,2029.5
1780761288.4215066,15,168.75,1998.75
1780761288.4215066,15,178.328125,1650.0
1780761288.4215066,15,179.703125,1649.75
1780761288.4215066,15,181.046875,1649.75
1780761288.4215066,15,186.375,1650.0
1780761288.4215066,15,189.09375,1650.25
1780761288.4215066,15,194.265625,1999.0
1780761288.4215066,15,202.3125,1999.0
1780761288.4215066,15,234.78125,1783.5
1780761288.4215066,15,237.46875,1744.75
1780761288.4215066,15,240.203125,1695.75
1780761288.4215066,15,241.5,1661.0
1780761288.4215066,15,245.65625,663.0
1780761288.4215066,15,246.875,662.75
1780761288.4215066,15,248.28125,663.25
1780761288.4215066,15,249.5,664.25
1780761288.4215066,15,250.953125,665.75
1780761288.4215066,15,255.046875,1486.25
1780761288.4215066,15,256.375,1475.25
1780761288.4215066,15,257.734375,1464.75
1780761288.4215066,15,259.0625,1457.5
1780761288.4215066,15,260.4375,1456.75
1780761288.4215066,15,261.75,1456.0
1780761288.4215066,15,263.0625,1448.25
1780761288.4215066,15,264.421875,1434.25
1780761288.4215066,6,265.765625,1426.25
1780761288.4215066,15,267.109375,1425.0
1780761288.4215066,15,268.5,1417.75
1780761288.4215066,15,269.84375,1411.25
1780761288.4215066,15,271.1875,1411.25
1780761288.4215066,15,272.484375,1411.5
1780761288.4215066,7,273.859375,1411.5
1780761288.4215066,8,275.09375,1418.0
1780761288.4215066,15,276.421875,1424.5
1780761288.4215066,15,277.75,1432.5
1780761288.4215066,15,279.046875,1441.0
1780761288.4215066,15,280.390625,1448.75
1780761288.4215066,15,281.703125,1456.25
1780761288.4215066,15,283.03125,1457.5
1780761288.4215066,15,287.0625,1469.5
1780761288.4215066,15,289.78125,1320.0
1780761288.4215066,15,291.109375,1320.0
1780761288.4215066,15,292.46875,1310.0
1780761288.4215066,15,293.796875,1302.75
1780761288.4215066,15,297.453125,712.5
1780761288.4215066,15,298.828125,715.25
1780761288.4215066,15,309.890625,1442.75
1780761288.4215066,15,311.234375,1442.75
1780761288.4215066,15,324.796875,1325.75
1780761288.4215066,15,326.140625,1325.75
1780761288.4215066,15,332.765625,1539.5
1780761288.4215066,6,334.09375,1530.0
1780761288.4215066,15,335.421875,1511.0
1780761288.4215066,15,336.8125,1485.0
1780761288.4215066,15,338.1875,1467.25
1780761288.4215066,15,342.53125,1076.25
1780761288.4215066,15,343.859375,1086.25
1780761288.4215066,15,345.203125,1092.0
1780761288.4215066,15,346.671875,1079.75
1780761288.4215066,15,347.953125,1084.75
1780761288.4215066,15,349.296875,1085.75
1780761288.4215066,15,350.6875,1068.25
1780761288.5563428,15,352.03125,1059.0
1780761288.5563428,15,353.375,1056.5
1780761288.5563428,15,354.75,1058.25
1780761288.5563428,15,356.109375,1054.5
1780761288.5563428,15,357.4375,1053.5
1780761288.5563428,15,358.765625,1058.0
1780761288.5563428,15,0.171875,1051.25
1780761288.5563428,15,1.46875,1045.0
1780761288.5563428,15,2.78125,1046.25
1780761288.5563428,15,4.171875,1047.75
1780761288.5563428,15,5.5,1050.75
1780761288.5563428,15,6.796875,1050.5
1780761288.5563428,15,8.21875,1049.25
1780761288.5563428,15,9.484375,1048.5
1780761288.5563428,15,10.84375,1053.75
1780761288.5563428,15,12.140625,1060.25
1780761288.5563428,15,13.515625,1068.25
1780761288.5563428,15,14.90625,1064.5
1780761288.5563428,15,16.25,1054.5
1780761288.5563428,15,17.515625,1065.75
1780761288.5563428,15,18.828125,1090.5
1780761288.5563428,15,20.140625,1118.25
1780761288.5563428,15,21.46875,1145.5
1780761288.5563428,15,32.078125,1354.0
1780761288.5563428,15,36.078125,1515.25
1780761288.5563428,12,37.453125,1510.25
1780761288.5563428,15,43.3125,1015.25
1780761288.5563428,10,44.703125,1013.75
1780761288.5563428,15,45.984375,989.0
1780761288.5563428,15,47.40625,965.5
1780761288.5563428,15,48.8125,947.25
1780761288.5563428,15,50.21875,929.0
1780761288.5563428,15,51.5625,911.0
1780761288.5563428,15,52.875,894.75
1780761288.5563428,15,54.375,878.75
1780761288.5563428,15,55.671875,864.25
1780761288.5563428,15,57.125,850.25
1780761288.5563428,15,58.4375,835.0
1780761288.5563428,15,59.859375,821.0
1780761288.5563428,15,61.09375,810.75
1780761288.5563428,15,62.578125,799.75
1780761288.5563428,15,63.984375,788.75
1780761288.5563428,15,65.234375,780.75
1780761288.5563428,15,66.703125,772.25
1780761288.5563428,15,68.109375,763.0
1780761288.5563428,15,69.4375,755.0
1780761288.5563428,15,70.75,747.5
1780761288.5563428,15,72.078125,740.0
1780761288.5563428,15,73.390625,734.75
1780761288.5563428,15,74.875,731.5
1780761288.5563428,15,76.203125,726.75
1780761288.5563428,15,77.59375,721.75
1780761288.5563428,15,78.953125,717.25
1780761288.5563428,15,80.359375,713.25
1780761288.5563428,15,81.671875,711.5
1780761288.5563428,15,82.90625,708.0
1780761288.5563428,15,84.21875,705.5
1780761288.5563428,15,85.609375,704.5
1780761288.5563428,15,87.03125,702.75
1780761288.5563428,15,88.3125,701.25
1780761288.5563428,15,89.671875,698.75
1780761288.5563428,15,90.90625,697.25
1780761288.5563428,15,92.328125,698.25
1780761288.5563428,15,97.03125,518.25
1780761288.5563428,15,98.484375,521.25
1780761288.5563428,15,99.703125,523.25
1780761288.5563428,15,101.140625,525.75
1780761288.5563428,15,102.5,527.75
1780761288.5563428,15,103.59375,530.5
1780761288.5563428,15,104.96875,533.75
1780761288.5563428,15,106.40625,537.25
1780761288.5563428,15,107.578125,541.75
1780761288.5563428,15,109.03125,545.5
1780761288.5563428,15,110.34375,549.25
1780761288.5563428,15,111.71875,553.75
1780761288.5563428,15,112.84375,558.25
1780761288.5563428,15,114.34375,564.25
1780761288.5563428,15,115.515625,570.75
1780761288.5563428,15,116.796875,577.5
1780761288.5563428,15,118.203125,576.75
1780761288.5563428,15,122.828125,815.0
1780761288.5563428,15,124.15625,827.5
1780761288.5563428,15,125.375,843.25
1780761288.5563428,15,126.765625,856.0
1780761288.5563428,15,128.03125,868.5
1780761288.5563428,15,129.3125,883.25
1780761288.5563428,15,130.71875,898.75
1780761288.5563428,15,132.03125,914.75
1780761288.5563428,15,133.28125,931.25
1780761288.5563428,15,134.59375,948.5
1780761288.5563428,15,136.015625,965.75
1780761288.5563428,8,137.28125,988.5
1780761288.5563428,15,138.609375,1009.75
1780761288.5563428,15,139.90625,1029.75
1780761288.5563428,15,141.21875,1058.25
1780761288.5563428,15,144.109375,923.25
1780761288.5563428,15,145.390625,920.5
1780761288.5563428,15,146.734375,936.25
1780761288.5563428,15,148.0,963.75
1780761288.5563428,15,155.40625,1820.75
1780761288.5563428,15,156.75,1821.25
1780761288.5563428,15,158.15625,1778.75
1780761288.5563428,15,159.453125,1765.75
1780761288.5563428,15,167.40625,1998.0
1780761288.5563428,15,168.765625,1983.0
1780761288.5563428,15,178.390625,1615.25
1780761288.5563428,15,179.671875,1601.25
1780761288.5563428,15,181.0,1600.0
1780761288.5563428,15,185.03125,1598.75
1780761288.5563428,15,186.40625,1600.0
1780761288.5563428,15,187.703125,1615.0
1780761288.5563428,15,189.046875,1629.25
1780761288.5563428,15,194.234375,1999.0
1780761288.5563428,15,195.578125,1998.75
1780761288.5563428,15,223.984375,1639.75
1780761288.5563428,15,233.234375,1819.75
1780761288.5563428,15,235.984375,1748.0
1780761288.5563428,15,241.40625,1651.25
1780761288.5563428,15,242.78125,1615.25
1780761288.5563428,15,244.078125,1595.0
1780761288.5563428,15,248.03125,648.0
1780761288.5563428,15,249.5625,648.25
1780761288.5563428,15,250.796875,648.75
1780761288.5563428,15,252.140625,649.5
1780761288.5563428,15,253.421875,652.25
1780761288.5563428,15,254.734375,655.5
1780761288.5563428,15,257.546875,1465.5
1780761288.5563428,15,258.828125,1457.75
1780761288.5563428,15,260.1875,1457.0
1780761288.5563428,15,261.515625,1456.25
1780761288.5563428,15,262.875,1448.25
1780761288.5563428,15,264.234375,1434.0
1780761288.5563428,7,265.59375,1420.0
1780761288.5563428,15,266.9375,1418.75
1780761288.5563428,15,268.265625,1418.0
1780761288.5563428,15,269.5625,1411.25
1780761288.5563428,15,270.90625,1411.25
1780761288.5563428,15,272.234375,1411.25
1780761288.5563428,15,273.578125,1411.25
1780761288.5563428,7,274.90625,1412.0
1780761288.5563428,7,276.1875,1425.25
1780761288.5563428,7,277.59375,1432.0
1780761288.5563428,15,278.890625,1433.25
1780761288.5563428,15,280.234375,1441.25
1780761288.5563428,15,281.53125,1449.0
1780761288.5563428,15,282.890625,1457.0
1780761288.5563428,15,284.21875,1462.75
1780761288.5563428,15,288.234375,1477.25
1780761288.5563428,15,292.296875,1320.0
1780761288.5563428,4,295.0625,1279.25
1780761288.5563428,15,300.03125,726.0
1780761288.5563428,15,301.484375,729.5
1780761288.5563428,15,327.359375,1338.75
1780761288.5563428,15,328.671875,1332.0
1780761288.5563428,15,329.984375,1326.0
1780761288.5563428,6,333.84375,1578.0
1780761288.5563428,15,335.25,1549.5
1780761288.5563428,5,336.578125,1530.75
1780761288.5563428,15,337.90625,1528.75
1780761288.5563428,15,343.609375,1106.25
1780761288.5563428,15,344.921875,1122.25
1780761288.5563428,15,346.265625,1127.0
1780761288.5563428,15,347.6875,1118.75
1780761288.5563428,15,349.046875,1108.75
1780761288.5563428,15,350.390625,1095.25
1780761288.6934083,15,351.625,1095.5
1780761288.6934083,15,353.046875,1098.75
1780761288.6934083,15,354.359375,1096.5
1780761288.6934083,15,355.734375,1094.0
1780761288.6934083,15,357.109375,1087.75
1780761288.6934083,15,358.375,1088.5
1780761288.6934083,15,359.703125,1087.75
1780761288.6934083,15,1.09375,1083.5
1780761288.6934083,15,2.4375,1082.25
1780761288.6934083,15,3.78125,1080.75
1780761288.6934083,15,5.125,1084.5
1780761288.6934083,15,6.453125,1084.75
1780761288.6934083,15,7.8125,1086.75
1780761288.6934083,15,9.140625,1088.5
1780761288.6934083,15,10.484375,1090.25
1780761288.6934083,15,11.71875,1089.25
1780761288.6934083,15,13.140625,1091.5
1780761288.6934083,15,14.484375,1091.75
1780761288.6934083,15,15.828125,1087.25
1780761288.6934083,15,17.109375,1097.75
1780761288.6934083,15,18.390625,1119.75
1780761288.6934083,15,19.765625,1149.0
1780761288.6934083,12,20.984375,1185.75
1780761288.6934083,15,23.078125,2294.25
1780761288.6934083,15,24.46875,2274.25
1780761288.6934083,15,31.578125,1381.0
1780761288.6934083,15,35.59375,1538.25
1780761288.6934083,15,41.3125,1068.0
1780761288.6934083,15,44.171875,1020.5
1780761288.6934083,15,45.5625,999.25
1780761288.6934083,15,46.90625,977.5
1780761288.6934083,15,48.25,955.75
1780761288.6934083,15,49.59375,937.0
1780761288.6934083,15,51.015625,919.75
1780761288.6934083,15,52.453125,901.0
1780761288.6934083,15,53.8125,884.5
1780761288.6934083,15,55.09375,869.5
1780761288.6934083,15,56.453125,855.25
1780761288.6934083,15,57.9375,841.5
1780761288.6934083,15,59.1875,826.25
1780761288.6934083,15,60.5625,814.5
1780761288.6934083,15,62.046875,804.5
1780761288.6934083,15,63.28125,793.25
1780761288.6934083,15,64.78125,783.75
1780761288.6934083,15,66.109375,775.75
1780761288.6934083,15,67.4375,767.25
1780761288.6934083,15,68.734375,759.75
1780761288.6934083,15,70.125,752.25
1780761288.6934083,15,71.453125,745.25
1780761288.6934083,15,72.921875,738.75
1780761288.6934083,15,74.171875,733.25
1780761288.6934083,15,75.5625,730.25
1780761288.6934083,15,76.921875,724.5
1780761288.6934083,15,78.359375,718.25
1780761288.6934083,15,79.59375,715.25
1780761288.6934083,15,81.015625,713.75
1780761288.6934083,15,82.265625,709.25
1780761288.6934083,15,83.671875,705.0
1780761288.6934083,15,84.953125,705.0
1780761288.6934083,15,86.421875,704.0
1780761288.6934083,15,87.671875,701.25
1780761288.6934083,15,89.0625,699.5
1780761288.6934083,15,92.4375,514.0
1780761288.6934083,15,93.875,517.25
1780761288.6934083,15,95.046875,517.75
1780761288.6934083,15,96.34375,519.25
1780761288.6934083,15,97.765625,520.5
1780761288.6934083,15,99.125,522.5
1780761288.6934083,15,100.28125,525.0
1780761288.6934083,15,101.8125,526.75
1780761288.6934083,15,103.171875,529.5
1780761288.6934083,15,104.328125,532.25
1780761288.6934083,15,105.703125,535.5
1780761288.6934083,15,106.921875,539.75
1780761288.6934083,15,108.34375,543.0
1780761288.6934083,15,109.59375,546.75
1780761288.6934083,15,111.1875,551.25
1780761288.6934083,15,112.390625,555.5
1780761288.6934083,15,113.765625,560.5
1780761288.6934083,15,115.21875,554.5
1780761288.6934083,15,119.609375,788.0
1780761288.6934083,15,120.96875,798.5
1780761288.6934083,15,122.25,809.25
1780761288.6934083,15,123.609375,820.75
1780761288.6934083,15,124.84375,834.0
1780761288.6934083,15,126.25,847.75
1780761288.6934083,15,127.484375,860.25
1780761288.6934083,15,128.90625,873.25
1780761288.6934083,15,130.09375,889.25
1780761288.6934083,15,131.484375,905.0
1780761288.6934083,15,132.65625,920.25
1780761288.6934083,15,133.984375,935.5
1780761288.6934083,15,135.296875,955.0
1780761288.6934083,15,136.625,976.5
1780761288.6934083,10,137.9375,997.5
1780761288.6934083,15,139.234375,1019.75
1780761288.6934083,15,142.09375,905.5
1780761288.6934083,15,143.453125,887.5
1780761288.6934083,12,144.8125,892.75
1780761288.6934083,15,146.03125,916.0
1780761288.6934083,15,154.6875,1796.75
1780761288.6934083,15,156.046875,1772.25
1780761288.6934083,15,157.359375,1759.25
1780761288.6934083,15,166.65625,1956.5
1780761288.6934083,15,177.515625,1580.25
1780761288.6934083,15,178.875,1589.0
1780761288.6934083,15,180.21875,1580.0
1780761288.6934083,15,181.578125,1571.0
1780761288.6934083,15,184.234375,1571.0
1780761288.6934083,15,185.546875,1571.0
1780761288.6934083,15,186.890625,1580.25
1780761288.6934083,15,188.203125,1589.25
1780761288.6934083,15,189.546875,1589.5
1780761288.6934083,15,209.9375,1327.75
1780761288.6934083,5,221.921875,1570.0
1780761288.6934083,6,236.515625,1745.75
1780761288.6934083,15,237.90625,1721.0
1780761288.6934083,15,240.640625,1674.75
1780761288.6934083,15,241.96875,1640.25
1780761288.6934083,15,243.359375,1611.0
1780761288.6934083,15,244.671875,1591.25
1780761288.6934083,15,246.046875,1589.25
1780761288.6934083,15,247.375,1579.5
1780761288.6934083,15,251.5,632.5
1780761288.6934083,15,252.765625,635.5
1780761288.6934083,15,253.984375,638.25
1780761288.6934083,15,255.359375,639.75
1780761288.6934083,15,256.71875,642.5
1780761288.6934083,15,258.125,645.5
1780761288.6934083,15,260.859375,1449.25
1780761288.6934083,15,262.15625,1449.0
1780761288.6934083,6,263.546875,1440.75
1780761288.6934083,7,264.921875,1433.0
1780761288.6934083,15,266.203125,1420.0
1780761288.6934083,15,267.578125,1419.0
1780761288.6934083,15,268.921875,1417.75
1780761288.6934083,15,270.21875,1417.75
1780761288.6934083,15,271.5625,1417.75
1780761288.6934083,15,272.90625,1411.25
1780761288.6934083,15,274.28125,1411.25
1780761288.6934083,8,275.53125,1418.5
1780761288.6934083,8,276.859375,1425.75
1780761288.6934083,15,278.203125,1433.75
1780761288.6934083,15,279.546875,1434.75
1780761288.6934083,15,280.890625,1442.0
1780761288.6934083,15,282.171875,1457.0
1780761288.6934083,15,283.5625,1458.0
1780761288.6934083,15,284.859375,1466.0
1780761288.6934083,15,286.171875,1475.5
1780761288.6934083,15,294.296875,1320.0
1780761288.6934083,15,295.640625,1321.5
1780761288.6934083,15,297.0,1342.5
1780761288.6934083,15,298.28125,1362.25
1780761288.6934083,9,299.765625,1347.25
1780761288.6934083,15,303.359375,742.75
1780761288.6934083,4,314.359375,1539.0
1780761288.6934083,5,326.453125,1392.5
1780761288.6934083,15,329.1875,1333.25
1780761288.6934083,15,334.34375,1609.75
1780761288.6934083,15,335.71875,1580.25
1780761288.6934083,15,337.0625,1568.5
1780761288.6934083,15,338.40625,1557.0
1780761288.6934083,15,339.75,1539.5
1780761288.6934083,15,344.140625,1139.5
1780761288.6934083,15,345.4375,1151.75
1780761288.6934083,15,346.828125,1154.0
1780761288.6934083,15,348.09375,1144.0
1780761288.6934083,15,349.46875,1150.25
1780761288.6934083,15,350.765625,1143.0
1780761288.8313713,15,352.125,1128.0
1780761288.8313713,15,353.53125,1121.5
1780761288.8313713,15,354.765625,1121.75
1780761288.8313713,15,356.15625,1127.5
1780761288.8313713,15,357.46875,1127.0
1780761288.8313713,15,358.875,1123.75
1780761288.8313713,15,0.171875,1114.5
1780761288.8313713,15,1.5625,1110.75
1780761288.8313713,15,2.828125,1114.5
1780761288.8313713,15,4.203125,1114.75
1780761288.8313713,15,5.53125,1112.5
1780761288.8313713,15,6.796875,1118.75
1780761288.8313713,15,8.203125,1121.75
1780761288.8313713,15,9.5625,1120.0
1780761288.8313713,15,10.875,1122.75
1780761288.8313713,15,12.34375,1127.75
1780761288.8313713,15,13.578125,1147.0
1780761288.8313713,15,16.328125,1125.25
1780761288.8313713,15,17.671875,1143.25
1780761288.8313713,15,18.984375,1174.5
1780761288.8313713,15,25.0625,2274.0
1780761288.8313713,15,30.828125,1412.5
1780761288.8313713,15,34.765625,1569.0
1780761288.8313713,15,43.234375,1035.5
1780761288.8313713,15,44.609375,1013.0
1780761288.8313713,15,46.0,988.25
1780761288.8313713,15,47.34375,965.25
1780761288.8313713,15,48.828125,946.75
1780761288.8313713,15,50.1875,928.5
1780761288.8313713,15,51.546875,911.0
1780761288.8313713,15,52.84375,894.75
1780761288.8313713,15,54.25,878.75
1780761288.8313713,15,55.703125,864.0
1780761288.8313713,15,56.9375,849.5
1780761288.8313713,15,58.359375,834.75
1780761288.8313713,15,59.6875,821.0
1780761288.8313713,15,61.171875,810.75
1780761288.8313713,15,62.5625,799.5
1780761288.8313713,15,63.828125,788.5
1780761288.8313713,15,65.1875,780.5
1780761288.8313713,15,66.515625,772.0
1780761288.8313713,15,67.9375,763.0
1780761288.8313713,15,69.328125,754.25
1780761288.8313713,15,70.625,746.75
1780761288.8313713,15,71.984375,740.25
1780761288.8313713,15,73.46875,735.0
1780761288.8313713,15,74.765625,730.75
1780761288.8313713,15,76.078125,726.0
1780761288.8313713,15,77.484375,721.0
1780761288.8313713,15,78.8125,716.25
1780761288.8313713,15,80.078125,712.5
1780761288.8313713,15,81.53125,710.25
1780761288.8313713,15,82.75,707.75
1780761288.8313713,15,84.125,705.0
1780761288.8313713,15,85.515625,701.75
1780761288.8313713,15,89.0625,511.75
1780761288.8313713,15,90.296875,516.5
1780761288.8313713,15,91.78125,516.25
1780761288.8313713,15,93.109375,516.5
1780761288.8313713,15,94.1875,517.25
1780761288.8313713,15,95.515625,518.25
1780761288.8313713,15,96.90625,519.5
1780761288.8313713,15,98.3125,521.0
1780761288.8313713,15,99.765625,523.5
1780761288.8313713,15,100.8125,526.0
1780761288.8313713,15,102.21875,527.75
1780761288.8313713,15,103.59375,530.25
1780761288.8313713,15,105.046875,533.5
1780761288.8313713,15,106.3125,537.25
1780761288.8313713,15,107.46875,541.5
1780761288.8313713,15,108.890625,545.0
1780761288.8313713,15,110.125,549.0
1780761288.8313713,15,116.203125,765.5
1780761288.8313713,15,117.5,774.0
1780761288.8313713,15,118.875,782.5
1780761288.8313713,15,120.171875,790.75
1780761288.8313713,15,121.484375,800.75
1780761288.8313713,15,122.6875,812.75
1780761288.8313713,15,124.046875,824.25
1780761288.8313713,15,125.3125,837.75
1780761288.8313713,15,126.703125,852.0
1780761288.8313713,15,127.984375,866.75
1780761288.8313713,15,129.34375,881.5
1780761288.8313713,15,130.59375,895.25
1780761288.8313713,15,131.8125,912.25
1780761288.8313713,15,133.1875,926.75
1780761288.8313713,15,134.546875,942.75
1780761288.8313713,15,135.828125,962.0
1780761288.8313713,15,137.078125,983.0
1780761288.8313713,15,138.40625,1005.0
1780761288.8313713,15,141.40625,866.25
1780761288.8313713,15,142.734375,861.5
1780761288.8313713,15,143.953125,876.25
1780761288.8313713,15,145.234375,902.0
1780761288.8313713,15,146.5625,928.0
1780761288.8313713,15,153.875,1771.0
1780761288.8313713,15,155.203125,1737.0
1780761288.8313713,6,156.5625,1734.5
1780761288.8313713,15,157.953125,1720.75
1780761288.8313713,15,159.296875,1684.5
1780761288.8313713,15,167.203125,1920.25
1780761288.8313713,6,178.0625,1532.5
1780761288.8313713,7,179.421875,1532.5
1780761288.8313713,15,180.75,1532.0
1780761288.8313713,15,184.8125,1531.5
1780761288.8313713,15,186.125,1531.75
1780761288.8313713,6,187.453125,1540.75
1780761288.8313713,15,188.8125,1551.0
1780761288.8313713,15,190.15625,1561.0
1780761288.8313713,15,222.3125,1559.5
1780761288.8313713,15,232.8125,1795.25
1780761288.8313713,4,234.203125,1746.0
1780761288.8313713,15,235.515625,1734.5
1780761288.8313713,6,236.859375,1745.25
1780761288.8313713,15,238.171875,1720.75
1780761288.8313713,15,239.546875,1686.0
1780761288.8313713,15,243.578125,1602.5
1780761288.8313713,15,244.9375,1591.75
1780761288.8313713,15,246.28125,1588.75
1780761288.8313713,15,247.625,1569.0
1780761288.8313713,15,249.0,1540.75
1780761288.8313713,15,254.484375,621.0
1780761288.8313713,15,255.84375,623.5
1780761288.8313713,15,257.015625,625.75
1780761288.8313713,15,258.359375,628.75
1780761288.8313713,15,259.625,633.5
1780761288.8313713,15,261.015625,638.75
1780761288.8313713,15,263.84375,1441.0
1780761288.8313713,8,265.140625,1433.0
1780761288.8313713,7,266.53125,1425.5
1780761288.8313713,15,267.8125,1425.0
1780761288.8313713,7,269.1875,1424.5
1780761288.8313713,15,270.53125,1418.25
1780761288.8313713,15,271.828125,1411.5
1780761288.8313713,15,273.171875,1418.0
1780761288.8313713,8,274.515625,1425.0
1780761288.8313713,15,275.8125,1425.25
1780761288.8313713,15,277.140625,1432.5
1780761288.8313713,15,278.5,1441.0
1780761288.8313713,15,279.796875,1441.75
1780761288.8313713,15,281.125,1448.75
1780761288.8313713,15,282.5,1456.5
1780761288.8313713,15,283.796875,1462.75
1780761288.8313713,15,285.15625,1469.75
1780761288.8313713,15,286.484375,1475.75
1780761288.8313713,15,287.84375,1481.75
1780761288.8313713,15,291.828125,1530.25
1780761288.8313713,15,295.953125,1333.25
1780761288.8313713,15,297.265625,1339.0
1780761288.8313713,8,298.59375,1351.75
1780761288.8313713,7,299.90625,1373.75
1780761288.8313713,15,301.265625,1392.0
1780761288.8313713,15,304.796875,770.5
1780761288.8313713,15,306.078125,769.75
1780761288.8313713,15,326.6875,1434.75
1780761288.8313713,15,328.015625,1417.75
1780761288.8313713,15,329.390625,1408.25
1780761288.8313713,15,330.6875,1407.75
1780761288.8313713,15,334.578125,1629.25
1780761288.8313713,15,335.9375,1612.0
1780761288.8313713,15,337.28125,1592.25
1780761288.8313713,15,338.640625,1580.25
1780761288.8313713,15,339.96875,1570.75
1780761288.8313713,15,344.34375,1170.75
1780761288.8313713,15,345.578125,1185.25
1780761288.8313713,15,346.96875,1191.75
1780761288.8313713,15,348.3125,1183.5
1780761288.8313713,15,349.578125,1174.0
1780761288.8313713,15,350.9375,1165.25
1780761288.9684975,15,352.265625,1163.0
1780761288.9684975,15,353.640625,1156.75
1780761288.9684975,15,354.9375,1158.75
1780761288.9684975,15,356.28125,1161.5
1780761288.9684975,15,357.609375,1157.0
1780761288.9684975,15,358.984375,1158.0
1780761288.9684975,15,0.390625,1153.5
1780761288.9684975,15,1.703125,1151.5
1780761288.9684975,15,3.0625,1147.75
1780761288.9684975,15,4.359375,1144.75
1780761288.9684975,15,5.625,1152.75
1780761288.9684975,15,7.03125,1155.5
1780761288.9684975,15,8.328125,1158.5
1780761288.9684975,15,9.71875,1161.25
1780761288.9684975,15,11.0625,1158.5
1780761288.9684975,15,12.40625,1165.25
1780761288.9684975,15,13.734375,1157.0
1780761288.9684975,15,15.109375,1147.0
1780761288.9684975,15,16.359375,1169.0
1780761288.9684975,15,17.6875,1197.5
1780761288.9684975,15,19.046875,1221.75
1780761288.9684975,15,25.203125,2274.0
1780761288.9684975,15,30.875,1443.5
1780761288.9684975,15,34.875,1589.5
1780761288.9684975,15,43.40625,1031.75
1780761288.9684975,15,44.734375,1009.75
1780761288.9684975,15,46.1875,988.25
1780761288.9684975,15,47.53125,966.0
1780761288.9684975,15,48.90625,945.0
1780761288.9684975,15,50.328125,925.5
1780761288.9684975,15,51.6875,910.5
1780761288.9684975,15,53.0625,894.25
1780761288.9684975,15,54.328125,874.5
1780761288.9684975,15,55.75,859.75
1780761288.9684975,15,57.078125,849.75
1780761288.9684975,15,58.4375,835.0
1780761288.9684975,15,59.828125,821.0
1780761288.9684975,15,61.15625,810.25
1780761288.9684975,15,62.515625,799.25
1780761288.9684975,15,63.875,788.5
1780761288.9684975,15,65.3125,780.25
1780761288.9684975,15,66.609375,771.75
1780761288.9684975,15,68.0,762.75
1780761288.9684975,15,69.265625,754.0
1780761288.9684975,15,70.640625,746.75
1780761288.9684975,15,72.015625,740.25
1780761288.9684975,15,73.3125,734.75
1780761288.9684975,15,74.640625,730.25
1780761288.9684975,15,76.125,725.25
1780761288.9684975,15,77.375,720.25
1780761288.9684975,15,78.765625,715.75
1780761288.9684975,15,80.09375,712.25
1780761288.9684975,15,81.453125,710.0
1780761288.9684975,15,84.90625,517.75
1780761288.9684975,15,86.25,518.0
1780761288.9684975,15,87.625,516.75
1780761288.9684975,15,88.8125,516.25
1780761288.9684975,15,90.203125,516.25
1780761288.9684975,15,91.640625,516.25
1780761288.9684975,15,93.078125,516.5
1780761288.9684975,15,94.15625,517.0
1780761288.9684975,15,95.6875,518.0
1780761288.9684975,15,97.09375,519.25
1780761288.9684975,15,98.125,520.5
1780761288.9684975,15,99.671875,523.0
1780761288.9684975,15,100.8125,525.5
1780761288.9684975,15,102.171875,527.5
1780761288.9684975,15,103.546875,530.0
1780761288.9684975,15,105.03125,533.25
1780761288.9684975,15,106.25,535.75
1780761288.9684975,15,107.59375,539.5
1780761288.9684975,15,108.765625,541.75
1780761288.9684975,15,110.703125,735.0
1780761288.9684975,15,112.03125,742.25
1780761288.9684975,15,113.40625,749.25
1780761288.9684975,15,114.78125,757.0
1780761288.9684975,15,116.0,764.25
1780761288.9684975,15,117.328125,772.75
1780761288.9684975,15,118.6875,781.25
1780761288.9684975,15,119.953125,789.25
1780761288.9684975,15,121.21875,799.0
1780761288.9684975,15,122.6875,809.5
1780761288.9684975,15,123.84375,821.5
1780761288.9684975,15,125.234375,834.5
1780761288.9684975,15,126.46875,849.0
1780761288.9684975,15,127.8125,863.5
1780761288.9684975,15,129.078125,876.0
1780761288.9684975,15,130.375,891.0
1780761288.9684975,15,131.796875,908.5
1780761288.9684975,15,133.015625,925.0
1780761288.9684975,11,134.359375,940.5
1780761288.9684975,15,135.6875,958.75
1780761288.9684975,15,137.015625,979.25
1780761288.9684975,15,139.984375,834.25
1780761288.9684975,15,141.28125,829.25
1780761288.9684975,15,142.484375,847.0
1780761288.9684975,15,143.75,871.5
1780761288.9684975,15,153.703125,1734.75
1780761288.9684975,15,155.046875,1710.5
1780761288.9684975,15,156.390625,1686.5
1780761288.9684975,15,157.75,1658.25
1780761288.9684975,15,159.09375,1643.5
1780761288.9684975,15,163.0,1803.75
1780761288.9684975,15,177.890625,1449.25
1780761288.9684975,15,179.328125,1447.25
1780761288.9684975,15,180.640625,1447.25
1780761288.9684975,15,182.0,1447.5
1780761288.9684975,15,185.984375,1448.25
1780761288.9684975,4,188.640625,1529.0
1780761288.9684975,5,189.96875,1529.5
1780761288.9684975,15,195.171875,1848.75
1780761288.9684975,6,196.484375,1876.0
1780761288.9684975,15,210.1875,1320.25
1780761288.9684975,5,222.140625,1560.25
1780761288.9684975,15,232.6875,1795.75
1780761288.9684975,15,234.078125,1760.0
1780761288.9684975,6,236.71875,1745.25
1780761288.9684975,15,238.125,1720.75
1780761288.9684975,15,240.796875,1684.75
1780761288.9684975,15,244.875,1592.0
1780761288.9684975,15,246.21875,1589.0
1780761288.9684975,15,247.59375,1568.75
1780761288.9684975,15,248.890625,1549.25
1780761288.9684975,15,250.234375,1547.75
1780761288.9684975,15,251.578125,1538.25
1780761288.9684975,9,252.9375,1513.0
1780761288.9684975,15,257.140625,611.25
1780761288.9684975,15,258.5,613.0
1780761288.9684975,15,259.703125,614.75
1780761288.9684975,15,261.0625,618.5
1780761288.9684975,15,262.390625,622.75
1780761288.9684975,15,263.75,627.5
1780761288.9684975,15,267.78125,1431.5
1780761288.9684975,15,269.078125,1424.25
1780761288.9684975,15,270.40625,1418.0
1780761288.9684975,15,271.796875,1417.75
1780761288.9684975,15,273.09375,1424.25
1780761288.9684975,7,274.46875,1418.25
1780761288.9684975,6,275.78125,1411.75
1780761288.9684975,15,277.09375,1419.25
1780761288.9684975,15,278.421875,1434.0
1780761288.9684975,15,279.765625,1441.25
1780761288.9684975,15,281.0625,1448.75
1780761288.9684975,15,282.390625,1456.5
1780761288.9684975,15,283.75,1457.75
1780761288.9684975,15,285.078125,1466.0
1780761288.9684975,15,286.40625,1476.75
1780761288.9684975,15,287.796875,1481.5
1780761288.9684975,8,289.078125,1487.25
1780761288.9684975,15,297.21875,1339.0
1780761288.9684975,9,298.546875,1363.75
1780761288.9684975,8,299.90625,1373.5
1780761288.9684975,15,301.25,1380.5
1780761288.9684975,15,302.515625,1398.25
1780761288.9684975,15,303.859375,1428.75
1780761288.9684975,15,307.34375,788.25
1780761288.9684975,15,329.234375,1427.5
1780761288.9684975,6,330.609375,1427.0
1780761288.9684975,15,331.921875,1427.0
1780761288.9684975,15,335.8125,1661.25
1780761288.9684975,15,337.1875,1649.75
1780761288.9684975,15,338.5625,1624.25
1780761288.9684975,15,339.890625,1595.0
1780761288.9684975,15,341.234375,1590.0
1780761288.9684975,15,345.53125,1215.25
1780761288.9684975,15,346.828125,1222.5
1780761288.9684975,15,348.234375,1216.0
1780761288.9684975,15,349.578125,1212.75
1780761288.9684975,15,350.90625,1223.25
1780761289.1093085,15,353.578125,1187.5
1780761289.1093085,15,354.953125,1192.0
1780761289.1093085,15,356.265625,1194.5
1780761289.1093085,15,357.609375,1187.25
1780761289.1093085,15,358.9375,1178.5
1780761289.1093085,15,0.265625,1174.25
1780761289.1093085,15,1.59375,1176.75
1780761289.1093085,15,2.921875,1181.25
1780761289.1093085,15,4.25,1184.25
1780761289.1093085,15,5.609375,1184.0
1780761289.1093085,15,6.953125,1183.0
1780761289.1093085,15,8.265625,1190.75
1780761289.1093085,15,9.671875,1190.5
1780761289.1093085,15,11.0,1187.0
1780761289.1093085,15,12.203125,1206.5
1780761289.1093085,15,13.625,1205.75
1780761289.1093085,15,14.9375,1190.25
1780761289.1093085,15,16.28125,1197.0
1780761289.1093085,15,18.84375,1262.75
1780761289.1093085,15,24.984375,2294.25
1780761289.1093085,15,26.34375,2274.25
1780761289.1093085,15,29.375,1474.25
1780761289.1093085,15,33.265625,1632.0
1780761289.1093085,15,37.734375,1143.75
1780761289.1093085,15,39.015625,1137.0
1780761289.1093085,15,43.21875,1035.5
1780761289.1093085,15,44.578125,1013.75
1780761289.1093085,15,45.921875,989.0
1780761289.1093085,15,47.234375,965.25
1780761289.1093085,15,48.640625,946.75
1780761289.1093085,15,50.015625,928.25
1780761289.1093085,15,51.375,911.0
1780761289.1093085,15,52.703125,895.25
1780761289.1093085,15,54.15625,880.0
1780761289.1093085,15,55.4375,865.25
1780761289.1093085,15,56.78125,850.5
1780761289.1093085,15,58.21875,835.75
1780761289.1093085,15,59.53125,821.5
1780761289.1093085,15,60.828125,810.5
1780761289.1093085,15,62.203125,800.25
1780761289.1093085,15,63.5625,789.5
1780761289.1093085,15,64.96875,780.0
1780761289.1093085,15,66.375,771.0
1780761289.1093085,15,67.640625,762.5
1780761289.1093085,15,69.140625,754.25
1780761289.1093085,15,70.328125,746.75
1780761289.1093085,15,71.6875,740.0
1780761289.1093085,15,73.125,734.25
1780761289.1093085,15,74.46875,729.5
1780761289.1093085,15,75.90625,724.75
1780761289.1093085,15,77.109375,720.0
1780761289.1093085,15,80.5,523.25
1780761289.1093085,15,82.03125,524.0
1780761289.1093085,15,83.40625,521.25
1780761289.1093085,15,84.59375,519.0
1780761289.1093085,15,85.90625,518.0
1780761289.1093085,15,87.1875,517.0
1780761289.1093085,15,88.65625,516.5
1780761289.1093085,15,90.015625,516.0
1780761289.1093085,15,91.4375,516.0
1780761289.1093085,15,92.53125,516.25
1780761289.1093085,15,93.984375,516.5
1780761289.1093085,15,95.328125,517.25
1780761289.1093085,15,96.625,518.75
1780761289.1093085,15,97.953125,520.25
1780761289.1093085,15,99.40625,521.5
1780761289.1093085,15,100.609375,523.75
1780761289.1093085,15,102.078125,526.0
1780761289.1093085,15,103.25,528.0
1780761289.1093085,15,109.171875,729.75
1780761289.1093085,15,110.484375,734.75
1780761289.1093085,15,111.734375,740.0
1780761289.1093085,15,113.15625,746.0
1780761289.1093085,15,114.40625,753.25
1780761289.1093085,15,115.71875,761.5
1780761289.1093085,15,117.109375,770.0
1780761289.1093085,15,118.421875,779.0
1780761289.1093085,15,119.765625,787.25
1780761289.1093085,15,121.109375,797.5
1780761289.1093085,15,122.328125,808.5
1780761289.1093085,15,123.625,817.75
1780761289.1093085,15,124.96875,830.25
1780761289.1093085,15,126.328125,846.0
1780761289.1093085,15,127.53125,859.5
1780761289.1093085,15,128.890625,872.5
1780761289.1093085,15,130.234375,888.5
1780761289.1093085,15,131.4375,904.25
1780761289.1093085,15,132.734375,920.0
1780761289.1093085,15,134.09375,936.0
1780761289.1093085,15,136.90625,821.25
1780761289.1093085,15,138.375,804.5
1780761289.1093085,15,139.703125,800.75
1780761289.1093085,15,140.921875,816.75
1780761289.1093085,15,142.203125,840.0
1780761289.1093085,15,143.484375,863.25
1780761289.1093085,15,152.0,1723.25
1780761289.1093085,15,153.328125,1698.75
1780761289.1093085,15,154.671875,1685.5
1780761289.1093085,15,156.171875,1656.5
1780761289.1093085,15,157.515625,1638.5
1780761289.1093085,15,158.828125,1633.0
1780761289.1093085,15,162.75,1771.5
1780761289.1093085,15,166.765625,1849.0
1780761289.1093085,15,168.109375,1847.5
1780761289.1093085,15,177.671875,1463.0
1780761289.1093085,15,179.046875,1462.0
1780761289.1093085,15,180.421875,1462.5
1780761289.1093085,15,181.765625,1463.25
1780761289.1093085,15,183.09375,1453.0
1780761289.1093085,15,185.75,1453.75
1780761289.1093085,15,187.15625,1449.0
1780761289.1093085,15,188.453125,1438.25
1780761289.1093085,15,189.765625,1459.25
1780761289.1093085,15,191.09375,1482.75
1780761289.1093085,15,194.9375,1833.0
1780761289.1093085,15,196.28125,1847.5
1780761289.1093085,15,204.25,1834.25
1780761289.1093085,15,212.65625,1239.25
1780761289.1093085,15,225.828125,1442.25
1780761289.1093085,15,235.046875,1747.75
1780761289.1093085,15,237.796875,1723.25
1780761289.1093085,15,240.46875,1685.25
1780761289.1093085,15,241.859375,1651.0
1780761289.1093085,15,244.53125,1610.25
1780761289.1093085,15,245.90625,1589.25
1780761289.1093085,7,247.234375,1569.5
1780761289.1093085,15,248.625,1549.75
1780761289.1093085,15,249.96875,1539.75
1780761289.1093085,15,251.25,1530.5
1780761289.1093085,10,252.546875,1514.25
1780761289.1093085,15,253.9375,1496.0
1780761289.1093085,15,255.234375,1486.0
1780761289.1093085,15,260.625,604.25
1780761289.1093085,15,261.953125,607.25
1780761289.1093085,15,263.40625,610.25
1780761289.1093085,15,264.609375,614.5
1780761289.1093085,15,266.078125,619.75
1780761289.1093085,15,267.3125,625.75
1780761289.1093085,15,271.359375,1411.5
1780761289.1093085,15,272.65625,1418.0
1780761289.1093085,7,274.03125,1418.25
1780761289.1093085,15,275.265625,1419.5
1780761289.1093085,15,276.59375,1433.75
1780761289.1093085,15,277.90625,1440.75
1780761289.1093085,15,279.21875,1440.75
1780761289.1093085,15,280.546875,1448.25
1780761289.1093085,15,281.9375,1456.0
1780761289.1093085,15,283.21875,1457.25
1780761289.1093085,15,284.578125,1458.75
1780761289.1093085,15,285.90625,1467.5
1780761289.1093085,15,287.203125,1479.25
1780761289.1093085,15,288.5625,1486.0
1780761289.1093085,7,289.8125,1508.75
1780761289.1093085,15,293.8125,1539.25
1780761289.1093085,15,299.375,1324.75
1780761289.1093085,7,301.90625,1399.5
1780761289.1093085,15,303.265625,1411.5
1780761289.1093085,15,309.375,813.25
1780761289.1093085,15,330.03125,1435.0
1780761289.1093085,15,331.3125,1427.5
1780761289.1093085,15,332.703125,1435.0
1780761289.1093085,15,337.90625,1684.75
1780761289.1093085,15,339.234375,1660.75
1780761289.1093085,15,340.609375,1640.0
1780761289.1093085,15,341.921875,1629.5
1780761289.1093085,15,344.890625,1249.75
1780761289.1093085,15,346.25,1247.75
1780761289.1093085,15,347.625,1257.5
1780761289.1093085,15,348.9375,1250.75
1780761289.1093085,15,350.28125,1243.25
1780761289.2473257,15,351.6875,1232.75
1780761289.2473257,15,352.9375,1226.5
1780761289.2473257,15,354.359375,1227.75
1780761289.2473257,15,355.625,1230.25
1780761289.2473257,15,357.03125,1223.0
1780761289.2473257,15,358.359375,1227.0
1780761289.2473257,15,359.71875,1228.75
1780761289.2473257,15,1.03125,1217.5
1780761289.2473257,15,2.328125,1222.25
1780761289.2473257,15,3.671875,1225.0
1780761289.2473257,15,5.046875,1219.5
1780761289.2473257,15,6.40625,1220.5
1780761289.2473257,15,7.765625,1223.25
1780761289.2473257,15,9.109375,1226.5
1780761289.2473257,15,10.453125,1224.0
1780761289.2473257,15,11.703125,1228.25
1780761289.2473257,15,13.0625,1222.75
1780761289.2473257,15,14.359375,1210.25
1780761289.2473257,15,15.703125,1230.75
1780761289.2473257,15,17.046875,1261.5
1780761289.2473257,15,18.328125,1295.75
1780761289.2473257,15,25.828125,2294.25
1780761289.2473257,15,28.875,1502.25
1780761289.2473257,11,32.765625,1654.75
1780761289.2473257,15,38.609375,1145.75
1780761289.2473257,15,41.359375,1083.25
1780761289.2473257,9,44.109375,1020.25
1780761289.2473257,15,45.515625,998.0
1780761289.2473257,15,46.78125,976.25
1780761289.2473257,15,48.203125,955.0
1780761289.2473257,15,49.609375,933.0
1780761289.2473257,15,51.015625,915.75
1780761289.2473257,15,52.328125,900.75
1780761289.2473257,15,53.625,884.5
1780761289.2473257,15,54.984375,869.25
1780761289.2473257,15,56.359375,855.0
1780761289.2473257,15,57.71875,841.25
1780761289.2473257,15,59.09375,826.25
1780761289.2473257,15,60.609375,814.5
1780761289.2473257,15,61.90625,804.5
1780761289.2473257,15,63.3125,793.25
1780761289.2473257,15,64.734375,783.5
1780761289.2473257,15,66.0625,775.25
1780761289.2473257,15,67.359375,766.5
1780761289.2473257,15,68.765625,758.5
1780761289.2473257,15,70.171875,751.0
1780761289.2473257,15,71.46875,743.0
1780761289.2473257,15,72.859375,736.5
1780761289.2473257,15,74.234375,732.75
1780761289.2473257,15,77.546875,530.5
1780761289.2473257,15,78.875,530.0
1780761289.2473257,15,80.1875,527.25
1780761289.2473257,15,81.640625,525.0
1780761289.2473257,15,82.96875,523.0
1780761289.2473257,15,84.25,521.25
1780761289.2473257,15,85.59375,520.0
1780761289.2473257,15,86.96875,518.5
1780761289.2473257,15,88.328125,516.5
1780761289.2473257,15,89.5625,516.25
1780761289.2473257,15,91.015625,516.75
1780761289.2473257,15,92.15625,516.75
1780761289.2473257,15,93.71875,516.75
1780761289.2473257,15,94.8125,517.5
1780761289.2473257,15,96.421875,518.75
1780761289.2473257,15,97.71875,520.0
1780761289.2473257,15,98.828125,521.75
1780761289.2473257,15,100.21875,524.0
1780761289.2473257,15,101.484375,528.25
1780761289.2473257,15,103.421875,711.0
1780761289.2473257,15,104.84375,715.5
1780761289.2473257,15,106.125,720.5
1780761289.2473257,15,107.4375,724.5
1780761289.2473257,15,108.6875,728.25
1780761289.2473257,15,110.109375,732.75
1780761289.2473257,15,111.40625,738.25
1780761289.2473257,15,112.78125,744.5
1780761289.2473257,15,114.046875,751.5
1780761289.2473257,15,115.421875,759.0
1780761289.2473257,15,116.625,766.75
1780761289.2473257,15,117.953125,774.5
1780761289.2473257,15,119.328125,782.5
1780761289.2473257,15,120.578125,793.5
1780761289.2473257,15,121.96875,804.25
1780761289.2473257,15,123.203125,813.25
1780761289.2473257,15,124.5625,826.0
1780761289.2473257,15,125.765625,841.5
1780761289.2473257,15,127.140625,854.5
1780761289.2473257,15,128.5,867.0
1780761289.2473257,15,129.734375,882.0
1780761289.2473257,15,131.109375,898.0
1780761289.2473257,15,132.234375,915.0
1780761289.2473257,15,135.203125,793.75
1780761289.2473257,15,136.671875,775.25
1780761289.2473257,15,137.890625,773.25
1780761289.2473257,15,139.15625,790.5
1780761289.2473257,15,140.40625,811.0
1780761289.2473257,15,141.6875,832.75
1780761289.2473257,15,151.578125,1696.0
1780761289.2473257,15,152.90625,1671.75
1780761289.2473257,5,155.671875,1595.0
1780761289.2473257,15,156.984375,1592.0
1780761289.2473257,15,162.25,1758.25
1780761289.2473257,15,166.265625,1821.75
1780761289.2473257,15,167.609375,1784.25
1780761289.2473257,15,177.140625,1427.5
1780761289.2473257,15,178.46875,1427.25
1780761289.2473257,15,179.765625,1427.25
1780761289.2473257,15,181.125,1427.25
1780761289.2473257,15,182.453125,1427.25
1780761289.2473257,15,183.828125,1435.0
1780761289.2473257,15,185.15625,1435.0
1780761289.2473257,15,186.484375,1427.5
1780761289.2473257,15,187.78125,1427.5
1780761289.2473257,15,189.15625,1427.5
1780761289.2473257,15,190.5,1427.5
1780761289.2473257,15,195.65625,1772.25
1780761289.2473257,15,196.953125,1798.0
1780761289.2473257,15,212.078125,1249.75
1780761289.2473257,15,225.28125,1435.5
1780761289.2473257,15,226.640625,1419.0
1780761289.2473257,6,229.234375,1530.25
1780761289.2473257,4,238.515625,1684.0
1780761289.2473257,15,239.875,1684.75
1780761289.2473257,15,241.171875,1661.25
1780761289.2473257,15,242.59375,1630.5
1780761289.2473257,15,243.9375,1601.25
1780761289.2473257,15,246.578125,1581.25
1780761289.2473257,15,247.953125,1560.25
1780761289.2473257,15,249.28125,1548.0
1780761289.2473257,15,250.65625,1538.75
1780761289.2473257,7,252.046875,1529.75
1780761289.2473257,15,253.40625,1528.0
1780761289.2473257,15,256.109375,1479.0
1780761289.2473257,15,257.40625,1467.75
1780761289.2473257,15,258.78125,1458.0
1780761289.2473257,15,264.296875,598.25
1780761289.2473257,15,265.515625,602.25
1780761289.2473257,15,266.9375,607.0
1780761289.2473257,15,268.296875,611.75
1780761289.2473257,15,269.59375,617.25
1780761289.2473257,15,270.75,625.25
1780761289.2473257,6,274.859375,1431.75
1780761289.2473257,7,276.1875,1432.25
1780761289.2473257,15,277.484375,1433.0
1780761289.2473257,15,278.78125,1441.25
1780761289.2473257,15,280.125,1441.75
1780761289.2473257,15,281.4375,1449.5
1780761289.2473257,15,282.828125,1457.5
1780761289.2473257,15,284.125,1458.75
1780761289.2473257,15,285.453125,1467.0
1780761289.2473257,15,286.8125,1478.5
1780761289.2473257,15,288.140625,1487.75
1780761289.2473257,9,289.421875,1495.0
1780761289.2473257,15,290.75,1513.75
1780761289.2473257,15,292.125,1539.0
1780761289.2473257,5,297.5,1439.0
1780761289.2473257,15,298.875,1423.0
1780761289.2473257,15,300.234375,1415.0
1780761289.2473257,15,301.578125,1415.5
1780761289.2473257,15,302.9375,1409.25
1780761289.2473257,15,304.1875,1416.75
1780761289.2473257,15,305.546875,1445.75
1780761289.2473257,10,311.65625,837.25
1780761289.2473257,15,332.421875,1442.75
1780761289.2473257,15,336.28125,1747.0
1780761289.2473257,15,337.59375,1732.75
1780761289.2473257,4,338.9375,1708.25
1780761289.2473257,15,341.65625,1684.75
1780761289.2473257,15,345.96875,1272.75
1780761289.2473257,15,347.21875,1285.0
1780761289.2473257,15,348.5,1292.5
1780761289.2473257,15,349.828125,1302.5
1780761289.3843977,15,352.53125,1263.75
1780761289.3843977,15,353.859375,1264.5
1780761289.3843977,15,355.203125,1260.75
1780761289.3843977,15,356.546875,1260.75
1780761289.3843977,15,357.875,1262.0
1780761289.3843977,15,359.21875,1261.5
1780761289.3843977,15,0.59375,1258.25
1780761289.3843977,15,1.9375,1255.0
1780761289.3843977,15,3.296875,1251.5
1780761289.3843977,15,4.59375,1255.25
1780761289.3843977,15,5.96875,1256.0
1780761289.3843977,15,7.21875,1252.75
1780761289.3843977,15,8.578125,1260.75
1780761289.3843977,15,9.96875,1262.75
1780761289.3843977,15,11.296875,1266.5
1780761289.3843977,15,12.625,1264.0
1780761289.3843977,15,13.890625,1259.5
1780761289.3843977,15,15.296875,1271.75
1780761289.3843977,15,16.59375,1296.0
1780761289.3843977,15,17.859375,1330.0
1780761289.3843977,15,25.421875,2294.25
1780761289.3843977,15,28.40625,1534.25
1780761289.3843977,15,32.328125,1690.5
1780761289.3843977,6,35.359375,1205.75
1780761289.3843977,9,36.75,1193.75
1780761289.3843977,15,38.140625,1160.0
1780761289.3843977,15,40.875,1093.0
1780761289.3843977,15,43.546875,1024.25
1780761289.3843977,15,44.984375,1003.75
1780761289.3843977,15,46.28125,980.75
1780761289.3843977,15,47.640625,958.5
1780761289.3843977,15,49.046875,938.5
1780761289.3843977,15,50.390625,921.0
1780761289.3843977,15,51.78125,904.0
1780761289.3843977,15,53.125,888.25
1780761289.3843977,15,54.515625,872.25
1780761289.3843977,15,55.875,857.75
1780761289.3843977,15,57.265625,843.75
1780761289.3843977,15,58.609375,829.75
1780761289.3843977,15,60.015625,817.0
1780761289.3843977,15,61.5,806.75
1780761289.3843977,15,62.84375,795.75
1780761289.3843977,15,64.078125,784.25
1780761289.3843977,15,65.421875,775.75
1780761289.3843977,15,66.921875,767.5
1780761289.3843977,15,68.21875,759.25
1780761289.3843977,15,69.625,751.25
1780761289.3843977,15,73.046875,542.75
1780761289.3843977,15,74.328125,541.25
1780761289.3843977,15,75.65625,536.5
1780761289.3843977,15,76.984375,532.75
1780761289.3843977,15,78.515625,530.0
1780761289.3843977,15,79.90625,527.75
1780761289.3843977,15,81.078125,526.0
1780761289.3843977,15,82.46875,523.5
1780761289.3843977,15,83.8125,521.25
1780761289.3843977,15,85.046875,520.0
1780761289.3843977,15,86.546875,518.75
1780761289.3843977,15,87.796875,518.0
1780761289.3843977,15,89.234375,517.0
1780761289.3843977,15,90.390625,516.25
1780761289.3843977,15,91.859375,516.25
1780761289.3843977,15,93.078125,516.75
1780761289.3843977,15,94.640625,517.5
1780761289.3843977,15,95.84375,518.75
1780761289.3843977,15,97.171875,517.25
1780761289.3843977,15,99.15625,698.0
1780761289.3843977,15,100.40625,703.75
1780761289.3843977,15,101.796875,707.25
1780761289.3843977,15,103.015625,710.25
1780761289.3843977,15,104.515625,712.5
1780761289.3843977,15,105.78125,716.25
1780761289.3843977,15,107.15625,721.25
1780761289.3843977,15,108.359375,726.0
1780761289.3843977,15,109.765625,730.5
1780761289.3843977,15,111.078125,736.0
1780761289.3843977,15,112.328125,741.5
1780761289.3843977,15,113.59375,748.0
1780761289.3843977,15,114.875,755.5
1780761289.3843977,15,116.28125,763.5
1780761289.3843977,15,117.578125,772.25
1780761289.3843977,15,118.921875,781.5
1780761289.3843977,15,120.1875,790.25
1780761289.3843977,15,121.578125,800.25
1780761289.3843977,15,122.78125,812.25
1780761289.3843977,15,124.203125,823.75
1780761289.3843977,15,125.390625,835.5
1780761289.3843977,15,126.703125,849.5
1780761289.3843977,15,128.109375,864.75
1780761289.3843977,15,129.359375,878.25
1780761289.3843977,15,130.640625,893.75
1780761289.3843977,15,133.734375,763.0
1780761289.3843977,15,135.140625,748.5
1780761289.3843977,15,136.28125,750.0
1780761289.3843977,15,137.65625,766.5
1780761289.3843977,15,138.875,786.25
1780761289.3843977,15,140.171875,808.5
1780761289.3843977,15,141.515625,830.5
1780761289.3843977,3,148.609375,1698.25
1780761289.3843977,15,150.0,1685.0
1780761289.3843977,15,151.359375,1661.25
1780761289.3843977,5,154.0625,1584.75
1780761289.3843977,15,155.359375,1580.5
1780761289.3843977,15,156.75,1579.75
1780761289.3843977,15,165.96875,1772.0
1780761289.3843977,15,167.3125,1768.75
1780761289.3843977,13,174.125,1450.75
1780761289.3843977,15,176.875,1409.0
1780761289.3843977,15,178.1875,1408.75
1780761289.3843977,15,179.53125,1408.5
1780761289.3843977,15,180.90625,1408.25
1780761289.3843977,15,182.1875,1415.5
1780761289.3843977,15,183.53125,1416.0
1780761289.3843977,15,184.90625,1408.75
1780761289.3843977,15,186.25,1408.75
1780761289.3843977,15,187.546875,1409.25
1780761289.3843977,15,188.875,1416.25
1780761289.3843977,15,190.25,1423.25
1780761289.3843977,15,191.53125,1425.25
1780761289.3843977,15,196.71875,1759.75
1780761289.3843977,15,204.78125,1759.5
1780761289.3843977,15,210.34375,1320.0
1780761289.3843977,15,214.546875,1180.75
1780761289.3843977,15,225.015625,1445.25
1780761289.3843977,15,226.296875,1434.75
1780761289.3843977,15,227.75,1417.75
1780761289.3843977,15,239.71875,1696.75
1780761289.3843977,15,241.0,1671.25
1780761289.3843977,15,243.78125,1605.0
1780761289.3843977,15,245.109375,1590.75
1780761289.3843977,6,247.765625,1578.5
1780761289.3843977,15,249.1875,1557.5
1780761289.3843977,15,250.515625,1539.25
1780761289.3843977,8,251.796875,1529.75
1780761289.3843977,15,253.1875,1528.25
1780761289.3843977,15,254.546875,1505.75
1780761289.3843977,15,255.90625,1473.0
1780761289.3843977,15,257.1875,1460.5
1780761289.3843977,15,258.546875,1458.5
1780761289.3843977,15,259.90625,1457.5
1780761289.3843977,15,261.265625,1456.75
1780761289.3843977,15,266.625,600.75
1780761289.3843977,15,267.953125,596.75
1780761289.3843977,15,269.390625,601.75
1780761289.3843977,15,270.734375,607.0
1780761289.3843977,15,271.953125,614.0
1780761289.3843977,15,273.40625,621.25
1780761289.3843977,15,274.53125,630.5
1780761289.3843977,15,277.25,1433.25
1780761289.3843977,15,278.578125,1441.0
1780761289.3843977,15,279.890625,1441.75
1780761289.3843977,15,281.234375,1449.5
1780761289.3843977,15,282.546875,1460.0
1780761289.3843977,15,283.90625,1461.0
1780761289.3843977,15,285.21875,1460.25
1780761289.3843977,15,286.59375,1471.25
1780761289.3843977,15,287.859375,1482.25
1780761289.3843977,8,289.203125,1506.0
1780761289.3843977,7,290.5625,1529.0
1780761289.3843977,15,291.859375,1538.25
1780761289.3843977,15,293.234375,1548.0
1780761289.3843977,5,300.0,1433.25
1780761289.3843977,15,301.34375,1415.75
1780761289.3843977,15,302.734375,1398.75
1780761289.3843977,15,304.0625,1400.0
1780761289.3843977,15,305.390625,1431.25
1780761289.3843977,15,306.703125,1464.5
1780761289.3843977,5,332.171875,1529.5
1780761289.3843977,15,337.375,1759.25
1780761289.3843977,15,338.75,1747.25
1780761289.3843977,5,340.140625,1733.75
1780761289.3843977,3,341.421875,1709.25
1780761289.3843977,15,345.765625,1318.75
1780761289.3843977,15,347.078125,1321.25
1780761289.3843977,15,348.390625,1325.75
1780761289.3843977,15,349.6875,1322.0
1780761289.3843977,15,351.046875,1336.75
1780761289.5223286,15,353.71875,1299.75
1780761289.5223286,15,355.0625,1291.0
1780761289.5223286,15,356.421875,1293.75
1780761289.5223286,15,357.734375,1294.75
1780761289.5223286,15,359.09375,1292.75
1780761289.5223286,15,0.421875,1292.75
1780761289.5223286,15,1.78125,1287.25
1780761289.5223286,15,3.0625,1282.0
1780761289.5223286,15,4.46875,1284.25
1780761289.5223286,15,5.765625,1288.75
1780761289.5223286,15,7.125,1290.5
1780761289.5223286,15,8.421875,1295.0
1780761289.5223286,15,9.765625,1293.75
1780761289.5223286,15,11.109375,1297.5
1780761289.5223286,15,12.46875,1295.25
1780761289.5223286,15,13.828125,1286.0
1780761289.5223286,15,15.15625,1297.75
1780761289.5223286,15,16.4375,1324.25
1780761289.5223286,15,25.3125,2294.25
1780761289.5223286,15,28.3125,1569.0
1780761289.5223286,15,43.671875,1026.0
1780761289.5223286,15,45.078125,1002.5
1780761289.5223286,15,46.359375,980.75
1780761289.5223286,11,47.765625,960.5
1780761289.5223286,15,49.15625,941.0
1780761289.5223286,15,50.546875,924.0
1780761289.5223286,15,51.96875,906.75
1780761289.5223286,15,53.375,887.5
1780761289.5223286,15,54.71875,871.25
1780761289.5223286,15,56.0,858.75
1780761289.5223286,15,57.484375,845.25
1780761289.5223286,15,58.84375,829.75
1780761289.5223286,15,60.015625,816.5
1780761289.5223286,15,61.46875,806.5
1780761289.5223286,15,62.84375,795.5
1780761289.5223286,15,64.15625,784.25
1780761289.5223286,15,65.46875,776.0
1780761289.5223286,15,66.875,767.5
1780761289.5223286,15,70.375,558.25
1780761289.5223286,15,71.8125,549.5
1780761289.5223286,15,73.109375,545.5
1780761289.5223286,15,74.3125,541.5
1780761289.5223286,15,75.765625,537.75
1780761289.5223286,15,77.1875,534.0
1780761289.5223286,15,78.59375,531.0
1780761289.5223286,15,79.78125,528.75
1780761289.5223286,15,81.15625,526.5
1780761289.5223286,15,82.5,524.0
1780761289.5223286,15,84.03125,522.0
1780761289.5223286,15,85.0625,520.5
1780761289.5223286,15,86.53125,519.0
1780761289.5223286,15,88.0,518.0
1780761289.5223286,15,89.125,517.25
1780761289.5223286,15,90.546875,516.75
1780761289.5223286,15,91.921875,516.5
1780761289.5223286,15,93.15625,515.25
1780761289.5223286,15,95.1875,693.5
1780761289.5223286,15,96.4375,697.75
1780761289.5223286,15,97.828125,700.5
1780761289.5223286,15,99.109375,701.75
1780761289.5223286,15,100.375,703.75
1780761289.5223286,15,101.765625,707.0
1780761289.5223286,15,103.171875,710.0
1780761289.5223286,15,104.5,712.75
1780761289.5223286,15,105.875,716.5
1780761289.5223286,15,107.015625,721.25
1780761289.5223286,15,108.40625,726.0
1780761289.5223286,15,109.828125,731.0
1780761289.5223286,15,111.09375,736.25
1780761289.5223286,15,112.453125,742.5
1780761289.5223286,15,113.796875,749.25
1780761289.5223286,15,115.15625,756.5
1780761289.5223286,15,116.375,764.75
1780761289.5223286,15,117.703125,772.75
1780761289.5223286,15,118.984375,782.0
1780761289.5223286,15,120.296875,790.5
1780761289.5223286,15,121.6875,801.0
1780761289.5223286,15,123.0,812.75
1780761289.5223286,15,124.25,824.25
1780761289.5223286,15,125.5,838.0
1780761289.5223286,15,126.890625,852.25
1780761289.5223286,15,128.203125,855.0
1780761289.5223286,15,132.484375,724.0
1780761289.5223286,15,133.953125,721.0
1780761289.5223286,15,135.125,736.0
1780761289.5223286,15,136.453125,752.5
1780761289.5223286,15,137.671875,770.25
1780761289.5223286,15,138.984375,788.75
1780761289.5223286,15,142.546875,1093.25
1780761289.5223286,15,151.46875,1603.5
1780761289.5223286,15,152.859375,1600.25
1780761289.5223286,15,154.234375,1568.75
1780761289.5223286,15,156.828125,1514.0
1780761289.5223286,15,164.703125,1757.25
1780761289.5223286,15,166.03125,1745.0
1780761289.5223286,15,176.984375,1366.25
1780761289.5223286,15,178.265625,1365.0
1780761289.5223286,15,179.703125,1362.75
1780761289.5223286,15,181.03125,1362.5
1780761289.5223286,15,185.0,1341.5
1780761289.5223286,15,186.390625,1362.75
1780761289.5223286,15,187.703125,1366.5
1780761289.5223286,15,188.984375,1371.5
1780761289.5223286,5,190.359375,1388.25
1780761289.5223286,5,191.703125,1402.5
1780761289.5223286,15,196.796875,1746.5
1780761289.5223286,15,206.203125,1733.0
1780761289.5223286,15,211.9375,1249.5
1780761289.5223286,15,213.3125,1213.75
1780761289.5223286,15,226.40625,1427.25
1780761289.5223286,5,227.890625,1417.25
1780761289.5223286,15,229.21875,1417.5
1780761289.5223286,15,230.53125,1445.75
1780761289.5223286,15,243.875,1595.0
1780761289.5223286,15,245.1875,1590.25
1780761289.5223286,15,246.53125,1580.25
1780761289.5223286,15,249.234375,1551.75
1780761289.5223286,15,250.578125,1531.5
1780761289.5223286,7,251.890625,1529.75
1780761289.5223286,15,255.96875,1485.0
1780761289.5223286,15,257.3125,1468.25
1780761289.5223286,15,258.65625,1458.5
1780761289.5223286,15,260.0,1457.25
1780761289.5223286,15,261.296875,1456.25
1780761289.5223286,15,262.640625,1455.5
1780761289.5223286,15,263.984375,1448.25
1780761289.5223286,15,270.84375,592.5
1780761289.5223286,15,272.25,598.0
1780761289.5223286,15,273.515625,604.25
1780761289.5223286,15,274.640625,611.0
1780761289.5223286,15,276.15625,619.0
1780761289.5223286,15,277.359375,629.5
1780761289.5223286,15,281.34375,1457.0
1780761289.5223286,15,282.71875,1457.75
1780761289.5223286,15,284.0,1463.25
1780761289.5223286,15,285.375,1473.0
1780761289.5223286,15,286.71875,1479.0
1780761289.5223286,8,288.0625,1486.75
1780761289.5223286,7,289.328125,1510.5
1780761289.5223286,15,290.71875,1529.75
1780761289.5223286,15,292.046875,1538.75
1780761289.5223286,15,293.34375,1548.0
1780761289.5223286,15,294.671875,1558.25
1780761289.5223286,15,302.875,1425.25
1780761289.5223286,15,304.25,1422.0
1780761289.5223286,15,305.625,1425.25
1780761289.5223286,15,306.9375,1436.5
1780761289.5223286,13,308.28125,1447.75
1780761289.5223286,15,337.71875,1807.5
1780761289.5223286,15,339.0625,1771.75
1780761289.5223286,15,340.4375,1748.25
1780761289.5223286,15,341.765625,1747.25
1780761289.5223286,6,343.140625,1744.5
1780761289.5223286,15,346.078125,1356.25
1780761289.5223286,15,347.328125,1354.75
1780761289.5223286,15,348.71875,1360.75
1780761289.5223286,15,350.0625,1354.0
1780761289.659529,15,351.359375,1351.75
1780761289.659529,15,352.734375,1350.0
1780761289.659529,15,354.09375,1338.0
1780761289.659529,15,355.46875,1328.75
1780761289.659529,15,356.796875,1328.5
1780761289.659529,15,358.171875,1325.5
1780761289.659529,15,359.46875,1325.25
1780761289.659529,15,0.78125,1325.5
1780761289.659529,15,2.171875,1322.5
1780761289.659529,15,3.53125,1324.0
1780761289.659529,15,4.859375,1327.0
1780761289.659529,15,6.203125,1324.5
1780761289.659529,15,7.53125,1319.75
1780761289.659529,15,8.859375,1314.0
1780761289.659529,15,10.234375,1330.25
1780761289.659529,15,11.484375,1338.0
1780761289.659529,15,12.859375,1322.75
1780761289.659529,15,14.140625,1325.0
1780761289.659529,15,15.46875,1347.5
1780761289.659529,15,16.8125,1379.5
1780761289.659529,15,31.3125,1756.75
1780761289.659529,15,38.546875,1145.0
1780761289.659529,15,42.75,1040.25
1780761289.659529,15,44.109375,1018.0
1780761289.659529,15,45.484375,994.5
1780761289.659529,15,46.859375,974.5
1780761289.659529,15,48.296875,954.75
1780761289.659529,15,49.6875,933.5
1780761289.659529,15,51.03125,914.5
1780761289.659529,15,52.359375,899.0
1780761289.659529,15,53.734375,884.0
1780761289.659529,15,55.0625,869.0
1780761289.659529,15,56.546875,855.0
1780761289.659529,15,57.828125,839.0
1780761289.659529,15,59.328125,823.75
1780761289.659529,15,60.46875,814.0
1780761289.659529,15,61.875,804.0
1780761289.659529,15,63.328125,792.75
1780761289.659529,15,67.90625,563.0
1780761289.659529,15,69.375,557.0
1780761289.659529,15,70.734375,553.0
1780761289.659529,15,72.078125,548.5
1780761289.659529,15,73.453125,544.25
1780761289.659529,15,74.71875,540.75
1780761289.659529,15,76.21875,536.75
1780761289.659529,15,77.578125,533.25
1780761289.659529,15,79.0,530.0
1780761289.659529,15,80.34375,527.5
1780761289.659529,15,81.578125,525.25
1780761289.659529,15,83.09375,523.5
1780761289.659529,15,84.375,521.75
1780761289.659529,15,85.671875,519.75
1780761289.659529,15,87.078125,518.5
1780761289.659529,15,88.3125,517.75
1780761289.659529,15,91.53125,692.75
1780761289.659529,15,92.859375,693.25
1780761289.659529,15,94.328125,694.0
1780761289.659529,15,95.53125,694.75
1780761289.659529,15,96.984375,697.0
1780761289.659529,15,98.234375,699.75
1780761289.659529,15,99.625,701.75
1780761289.659529,15,100.8125,704.25
1780761289.659529,15,102.296875,707.5
1780761289.659529,15,103.640625,710.75
1780761289.659529,15,104.84375,713.75
1780761289.659529,15,106.15625,717.5
1780761289.659529,15,107.4375,722.75
1780761289.659529,15,108.84375,728.25
1780761289.659529,15,110.234375,732.75
1780761289.659529,15,111.640625,737.5
1780761289.659529,15,112.796875,744.0
1780761289.659529,15,114.203125,751.75
1780761289.659529,15,115.453125,759.5
1780761289.659529,15,116.75,767.75
1780761289.659529,15,118.21875,775.75
1780761289.659529,15,119.390625,785.5
1780761289.659529,15,120.75,796.0
1780761289.659529,15,122.0625,806.0
1780761289.659529,15,123.484375,817.0
1780761289.659529,15,124.734375,829.25
1780761289.659529,15,126.046875,843.5
1780761289.659529,15,130.515625,701.75
1780761289.659529,15,131.796875,696.75
1780761289.659529,15,132.984375,710.75
1780761289.659529,15,134.3125,725.0
1780761289.659529,15,135.609375,739.75
1780761289.659529,15,136.96875,757.5
1780761289.659529,15,138.21875,777.25
1780761289.659529,15,149.34375,1585.75
1780761289.659529,15,150.6875,1570.0
1780761289.659529,7,152.078125,1559.25
1780761289.659529,15,153.40625,1540.5
1780761289.659529,15,154.796875,1529.25
1780761289.659529,4,165.34375,1710.25
1780761289.659529,4,166.671875,1698.25
1780761289.659529,15,177.625,1338.0
1780761289.659529,15,178.984375,1338.25
1780761289.659529,15,180.328125,1332.25
1780761289.659529,15,181.578125,1332.0
1780761289.659529,15,182.9375,1326.0
1780761289.659529,15,184.265625,1320.0
1780761289.659529,15,185.671875,1326.0
1780761289.659529,15,186.953125,1332.25
1780761289.659529,15,188.296875,1339.0
1780761289.659529,15,189.625,1339.0
1780761289.659529,15,190.9375,1339.25
1780761289.659529,4,196.0625,1687.25
1780761289.659529,15,197.453125,1709.25
1780761289.659529,8,213.90625,1193.5
1780761289.659529,7,215.28125,1159.25
1780761289.659529,15,216.65625,1126.0
1780761289.659529,15,225.796875,1435.0
1780761289.659529,15,227.171875,1425.0
1780761289.659529,15,228.546875,1407.0
1780761289.659529,15,229.875,1374.75
1780761289.659529,15,244.453125,1592.75
1780761289.659529,15,245.78125,1589.25
1780761289.659529,7,247.140625,1569.5
1780761289.659529,15,248.5,1549.75
1780761289.659529,15,251.140625,1539.5
1780761289.659529,8,252.515625,1529.5
1780761289.659529,15,255.21875,1461.25
1780761289.659529,15,256.546875,1476.75
1780761289.659529,15,257.921875,1470.5
1780761289.659529,15,259.234375,1465.25
1780761289.659529,15,260.546875,1460.25
1780761289.659529,15,261.9375,1449.75
1780761289.659529,15,263.21875,1442.0
1780761289.659529,15,264.578125,1439.0
1780761289.659529,15,265.90625,1431.75
1780761289.659529,15,267.25,1427.5
1780761289.659529,15,273.9375,595.75
1780761289.659529,15,275.375,599.25
1780761289.659529,15,276.640625,606.25
1780761289.659529,15,277.921875,614.25
1780761289.659529,15,279.296875,623.75
1780761289.659529,15,280.5625,634.25
1780761289.659529,15,284.546875,1458.75
1780761289.659529,15,285.90625,1467.75
1780761289.659529,15,287.234375,1484.0
1780761289.659529,8,288.546875,1490.75
1780761289.659529,15,289.84375,1509.25
1780761289.659529,15,291.234375,1530.0
1780761289.659529,15,292.484375,1539.75
1780761289.659529,15,293.859375,1549.0
1780761289.659529,15,295.171875,1560.25
1780761289.659529,15,302.078125,1442.75
1780761289.659529,15,303.421875,1442.75
1780761289.659529,15,304.765625,1435.5
1780761289.659529,15,306.109375,1446.75
1780761289.659529,15,307.421875,1475.25
1780761289.659529,15,332.78125,1580.5
1780761289.659529,15,334.171875,1571.25
1780761289.659529,15,338.03125,1832.5
1780761289.659529,15,339.4375,1807.75
1780761289.659529,15,340.75,1795.5
1780761289.659529,15,342.078125,1772.0
1780761289.659529,15,343.46875,1748.25
1780761289.659529,15,346.34375,1389.5
1780761289.659529,15,347.703125,1395.5
1780761289.659529,15,349.046875,1404.25
1780761289.659529,15,350.390625,1398.0
1780761289.7973406,15,351.75,1385.25
1780761289.7973406,15,353.015625,1376.25
1780761289.7973406,15,354.375,1372.25
1780761289.7973406,15,355.75,1369.75
1780761289.7973406,15,357.046875,1373.0
1780761289.7973406,15,358.4375,1382.0
1780761289.7973406,15,359.796875,1370.0
1780761289.7973406,15,1.125,1359.0
1780761289.7973406,15,2.46875,1362.0
1780761289.7973406,15,3.78125,1362.25
1780761289.7973406,15,5.140625,1363.25
1780761289.7973406,15,6.53125,1361.75
1780761289.7973406,15,7.796875,1366.0
1780761289.7973406,15,9.171875,1361.0
1780761289.7973406,15,10.484375,1353.5
1780761289.7973406,15,11.953125,1352.0
1780761289.7973406,15,13.25,1358.75
1780761289.7973406,15,14.625,1381.5
1780761289.7973406,15,15.9375,1417.0
1780761289.7973406,15,26.546875,1636.0
1780761289.7973406,11,30.53125,1781.75
1780761289.7973406,15,39.0625,1131.0
1780761289.7973406,15,43.203125,1031.5
1780761289.7973406,15,44.546875,1007.5
1780761289.7973406,15,45.953125,986.25
1780761289.7973406,12,47.328125,964.75
1780761289.7973406,15,48.703125,946.25
1780761289.7973406,15,50.109375,927.75
1780761289.7973406,15,51.390625,910.5
1780761289.7973406,15,52.734375,893.0
1780761289.7973406,15,54.21875,875.0
1780761289.7973406,15,55.625,861.75
1780761289.7973406,15,56.984375,849.25
1780761289.7973406,15,58.328125,832.75
1780761289.7973406,15,59.671875,819.0
1780761289.7973406,15,62.9375,586.0
1780761289.7973406,15,64.40625,581.5
1780761289.7973406,15,65.90625,574.0
1780761289.7973406,15,67.078125,567.0
1780761289.7973406,15,68.625,560.75
1780761289.7973406,15,69.9375,555.5
1780761289.7973406,15,71.28125,551.0
1780761289.7973406,15,72.609375,546.75
1780761289.7973406,15,73.9375,542.5
1780761289.7973406,15,75.328125,538.5
1780761289.7973406,15,76.640625,535.0
1780761289.7973406,15,77.984375,531.5
1780761289.7973406,15,79.40625,528.25
1780761289.7973406,15,80.921875,526.25
1780761289.7973406,15,82.140625,524.25
1780761289.7973406,15,83.671875,521.75
1780761289.7973406,15,88.109375,697.0
1780761289.7973406,15,89.375,693.75
1780761289.7973406,15,90.890625,693.5
1780761289.7973406,15,92.1875,693.75
1780761289.7973406,15,93.515625,693.5
1780761289.7973406,15,94.78125,693.25
1780761289.7973406,15,96.09375,694.75
1780761289.7973406,15,97.5,697.5
1780761289.7973406,15,98.890625,700.0
1780761289.7973406,15,100.1875,701.75
1780761289.7973406,15,101.390625,704.25
1780761289.7973406,15,102.71875,708.0
1780761289.7973406,15,104.15625,711.75
1780761289.7973406,15,105.546875,714.5
1780761289.7973406,15,106.71875,718.5
1780761289.7973406,15,108.1875,723.5
1780761289.7973406,15,109.546875,728.5
1780761289.7973406,15,110.734375,733.0
1780761289.7973406,15,112.234375,738.75
1780761289.7973406,15,113.421875,746.0
1780761289.7973406,15,114.765625,753.75
1780761289.7973406,15,116.15625,761.0
1780761289.7973406,15,117.40625,769.0
1780761289.7973406,15,118.6875,779.0
1780761289.7973406,15,119.984375,789.5
1780761289.7973406,15,121.390625,799.25
1780761289.7973406,15,122.65625,808.5
1780761289.7973406,15,124.03125,820.75
1780761289.7973406,15,128.375,674.75
1780761289.7973406,15,129.71875,675.5
1780761289.7973406,15,131.03125,688.5
1780761289.7973406,15,132.3125,702.0
1780761289.7973406,15,133.578125,716.25
1780761289.7973406,15,135.0,731.25
1780761289.7973406,15,136.265625,748.25
1780761289.7973406,15,142.421875,1078.75
1780761289.7973406,12,143.765625,1088.5
1780761289.7973406,15,147.328125,1592.25
1780761289.7973406,15,151.390625,1535.0
1780761289.7973406,15,152.765625,1537.25
1780761289.7973406,13,155.4375,1459.5
1780761289.7973406,15,156.765625,1448.25
1780761289.7973406,15,164.65625,1676.5
1780761289.7973406,15,166.015625,1673.75
1780761289.7973406,15,177.0,1268.0
1780761289.7973406,15,178.328125,1267.5
1780761289.7973406,15,179.71875,1278.5
1780761289.7973406,15,181.078125,1266.25
1780761289.7973406,15,182.34375,1257.25
1780761289.7973406,15,183.71875,1258.5
1780761289.7973406,15,185.046875,1257.25
1780761289.7973406,15,186.359375,1258.0
1780761289.7973406,15,187.734375,1259.25
1780761289.7973406,15,190.40625,1325.5
1780761289.7973406,15,191.75,1325.5
1780761289.7973406,15,196.875,1660.5
1780761289.7973406,5,198.203125,1674.5
1780761289.7973406,15,206.296875,1663.25
1780761289.7973406,15,207.609375,1649.5
1780761289.7973406,15,216.125,1131.0
1780761289.7973406,15,227.859375,1417.25
1780761289.7973406,15,230.609375,1346.75
1780761289.7973406,15,243.859375,1610.25
1780761289.7973406,15,245.1875,1590.25
1780761289.7973406,6,246.578125,1570.25
1780761289.7973406,15,247.875,1550.5
1780761289.7973406,15,249.28125,1549.0
1780761289.7973406,15,250.59375,1539.25
1780761289.7973406,15,253.359375,1529.0
1780761289.7973406,15,254.703125,1504.5
1780761289.7973406,15,256.078125,1479.5
1780761289.7973406,15,257.421875,1468.0
1780761289.7973406,15,258.75,1458.25
1780761289.7973406,15,260.109375,1457.5
1780761289.7973406,15,261.4375,1456.75
1780761289.7973406,15,262.765625,1448.75
1780761289.7973406,15,264.109375,1441.25
1780761289.7973406,15,265.484375,1441.0
1780761289.7973406,15,266.8125,1434.0
1780761289.7973406,7,268.171875,1426.0
1780761289.7973406,7,269.515625,1418.5
1780761289.7973406,8,270.859375,1418.75
1780761289.7973406,15,277.734375,598.5
1780761289.7973406,15,278.96875,603.5
1780761289.7973406,15,280.203125,612.0
1780761289.7973406,15,281.46875,621.5
1780761289.7973406,15,282.75,632.5
1780761289.7973406,15,284.21875,645.25
1780761289.7973406,15,286.90625,1478.75
1780761289.7973406,15,288.21875,1484.75
1780761289.7973406,7,289.5625,1508.0
1780761289.7973406,15,290.875,1530.0
1780761289.7973406,15,292.25,1539.0
1780761289.7973406,15,293.578125,1548.25
1780761289.7973406,7,294.859375,1558.75
1780761289.7973406,15,296.234375,1578.75
1780761289.7973406,15,300.265625,1609.0
1780761289.7973406,15,305.71875,1453.25
1780761289.7973406,15,307.078125,1473.75
1780761289.7973406,4,308.390625,1506.5
1780761289.7973406,7,309.671875,1541.0
1780761289.7973406,15,318.359375,942.5
1780761289.7973406,15,333.828125,1619.75
1780761289.7973406,15,340.390625,1845.75
1780761289.7973406,15,341.75,1832.25
1780761289.7973406,15,343.140625,1807.75
1780761289.7973406,15,347.375,1408.25
1780761289.7973406,15,348.6875,1416.25
1780761289.7973406,15,350.078125,1422.0
1780761289.9346046,15,351.40625,1418.75
1780761289.9346046,15,352.734375,1415.5
1780761289.9346046,15,354.0625,1410.5
1780761289.9346046,15,355.421875,1408.25
1780761289.9346046,15,356.765625,1411.25
1780761289.9346046,15,358.0625,1416.5
1780761289.9346046,15,359.453125,1408.5
1780761289.9346046,15,0.765625,1397.0
1780761289.9346046,15,2.109375,1396.5
1780761289.9346046,15,3.421875,1401.75
1780761289.9346046,15,4.78125,1402.5
1780761289.9346046,15,6.15625,1403.5
1780761289.9346046,15,7.5,1404.25
1780761289.9346046,15,8.84375,1398.5
1780761289.9346046,15,10.171875,1411.75
1780761289.9346046,15,11.5,1416.5
1780761289.9346046,15,12.875,1402.25
1780761289.9346046,15,14.203125,1417.5
1780761289.9346046,15,15.515625,1454.0
1780761289.9346046,13,26.140625,1666.25
1780761289.9346046,15,31.75,1346.0
1780761289.9346046,15,34.5,1249.75
1780761289.9346046,15,38.6875,1138.0
1780761289.9346046,15,42.796875,1043.0
1780761289.9346046,15,45.609375,989.5
1780761289.9346046,15,46.9375,967.0
1780761289.9346046,15,48.34375,948.25
1780761289.9346046,15,49.75,928.75
1780761289.9346046,15,51.15625,912.5
1780761289.9346046,15,52.5625,896.75
1780761289.9346046,15,53.90625,880.25
1780761289.9346046,15,55.296875,865.0
1780761289.9346046,15,56.6875,850.25
1780761289.9346046,15,60.109375,604.0
1780761289.9346046,15,61.4375,597.25
1780761289.9346046,15,62.796875,588.75
1780761289.9346046,15,64.109375,582.25
1780761289.9346046,15,65.40625,575.5
1780761289.9346046,15,66.953125,568.25
1780761289.9346046,15,68.140625,562.0
1780761289.9346046,15,69.546875,556.75
1780761289.9346046,15,70.90625,552.0
1780761289.9346046,15,72.171875,547.75
1780761289.9346046,15,73.75,543.5
1780761289.9346046,15,74.9375,539.25
1780761289.9346046,15,76.421875,535.25
1780761289.9346046,15,77.640625,531.5
1780761289.9346046,15,79.125,528.25
1780761289.9346046,15,80.40625,526.0
1780761289.9346046,15,86.421875,694.75
1780761289.9346046,15,87.78125,693.5
1780761289.9346046,15,89.109375,693.0
1780761289.9346046,15,90.46875,692.5
1780761289.9346046,15,91.859375,692.75
1780761289.9346046,15,93.21875,692.75
1780761289.9346046,15,94.578125,693.0
1780761289.9346046,15,95.828125,694.0
1780761289.9346046,15,97.234375,695.0
1780761289.9346046,15,98.53125,697.5
1780761289.9346046,15,99.890625,700.5
1780761289.9346046,15,101.09375,702.75
1780761289.9346046,15,102.4375,706.5
1780761289.9346046,15,103.90625,710.0
1780761289.9346046,15,105.15625,712.75
1780761289.9346046,15,106.484375,716.75
1780761289.9346046,15,107.734375,723.0
1780761289.9346046,15,109.140625,728.0
1780761289.9346046,15,110.421875,732.75
1780761289.9346046,15,111.84375,737.5
1780761289.9346046,15,113.109375,742.5
1780761289.9346046,15,114.359375,751.5
1780761289.9346046,15,115.828125,760.0
1780761289.9346046,15,117.15625,768.5
1780761289.9346046,15,118.453125,778.25
1780761289.9346046,15,119.71875,786.5
1780761289.9346046,15,120.953125,795.5
1780761289.9346046,15,126.90625,648.25
1780761289.9346046,15,128.203125,658.0
1780761289.9346046,15,129.421875,669.75
1780761289.9346046,15,130.65625,683.25
1780761289.9346046,15,131.9375,696.5
1780761289.9346046,15,133.171875,712.25
1780761289.9346046,15,134.609375,728.25
1780761289.9346046,15,139.265625,1018.5
1780761289.9346046,15,146.84375,1559.75
1780761289.9346046,15,148.25,1527.0
1780761289.9346046,15,149.609375,1503.75
1780761289.9346046,15,150.9375,1491.5
1780761289.9346046,15,153.640625,1426.5
1780761289.9346046,15,155.015625,1414.5
1780761289.9346046,15,156.375,1423.25
1780761289.9346046,15,165.640625,1619.75
1780761289.9346046,8,176.59375,1245.0
1780761289.9346046,8,177.96875,1244.75
1780761289.9346046,8,179.28125,1245.0
1780761289.9346046,15,180.703125,1244.25
1780761289.9346046,15,181.984375,1243.5
1780761289.9346046,15,183.375,1248.25
1780761289.9346046,9,186.0,1249.0
1780761289.9346046,7,187.34375,1244.75
1780761289.9346046,7,188.65625,1245.0
1780761289.9346046,15,190.03125,1245.25
1780761289.9346046,15,191.359375,1247.75
1780761289.9346046,15,192.71875,1250.5
1780761289.9346046,15,197.84375,1609.75
1780761289.9346046,15,199.15625,1649.0
1780761289.9346046,15,208.5,1600.25
1780761289.9346046,7,214.1875,1192.75
1780761289.9346046,7,215.53125,1158.5
1780761289.9346046,15,231.453125,1338.75
1780761289.9346046,15,232.75,1331.5
1780761289.9346046,15,240.59375,1629.25
1780761289.9346046,15,244.625,1609.75
1780761289.9346046,15,245.984375,1589.25
1780761289.9346046,7,247.328125,1569.5
1780761289.9346046,15,248.71875,1549.75
1780761289.9346046,15,250.015625,1547.75
1780761289.9346046,15,251.40625,1539.0
1780761289.9346046,8,252.734375,1529.75
1780761289.9346046,15,256.765625,1471.5
1780761289.9346046,15,258.171875,1460.0
1780761289.9346046,15,259.46875,1457.75
1780761289.9346046,15,260.796875,1456.75
1780761289.9346046,15,262.125,1456.25
1780761289.9346046,15,263.5,1448.25
1780761289.9346046,15,264.828125,1440.5
1780761289.9346046,7,266.140625,1440.0
1780761289.9346046,7,267.5625,1431.75
1780761289.9346046,6,268.84375,1424.75
1780761289.9346046,7,270.1875,1425.5
1780761289.9346046,6,271.515625,1418.5
1780761289.9346046,7,272.90625,1418.5
1780761289.9346046,15,274.203125,1433.0
1780761289.9346046,15,281.0,605.0
1780761289.9346046,15,282.21875,607.5
1780761289.9346046,15,283.625,617.0
1780761289.9346046,15,284.875,628.75
1780761289.9346046,15,285.984375,642.0
1780761289.9346046,15,287.453125,656.25
1780761289.9346046,15,290.140625,1528.75
1780761289.9346046,15,291.4375,1538.0
1780761289.9346046,15,292.796875,1548.0
1780761289.9346046,15,294.140625,1557.75
1780761289.9346046,15,295.46875,1577.5
1780761289.9346046,15,296.828125,1589.0
1780761289.9346046,15,298.109375,1592.0
1780761289.9346046,15,306.28125,1444.25
1780761289.9346046,15,307.53125,1447.5
1780761289.9346046,15,334.15625,1639.75
1780761289.9346046,15,343.390625,1845.75
1780761289.9346046,15,347.75,1457.0
1780761289.9346046,12,349.078125,1464.0
1780761289.9346046,15,350.453125,1459.5
1780761290.072356,15,351.71875,1477.75
1780761290.072356,15,354.46875,1431.5
1780761290.072356,15,355.796875,1437.5
1780761290.072356,15,357.203125,1439.5
1780761290.072356,15,358.484375,1444.5
1780761290.072356,15,359.84375,1442.5
1780761290.072356,15,1.1875,1432.25
1780761290.072356,15,2.53125,1435.0
1780761290.072356,15,3.859375,1434.25
1780761290.072356,15,5.171875,1438.5
1780761290.072356,15,6.546875,1442.25
1780761290.072356,15,7.921875,1440.25
1780761290.072356,15,9.203125,1448.0
1780761290.072356,8,10.546875,1447.25
1780761290.072356,15,11.921875,1433.25
1780761290.072356,15,13.21875,1441.25
1780761290.072356,15,14.578125,1475.75
1780761290.072356,15,15.859375,1508.25
1780761290.072356,8,36.296875,1192.5
1780761290.072356,15,37.671875,1160.75
1780761290.072356,15,39.109375,1130.75
1780761290.072356,15,43.25,1025.5
1780761290.072356,15,44.578125,1005.5
1780761290.072356,15,45.984375,984.0
1780761290.072356,13,47.359375,964.25
1780761290.072356,15,48.765625,942.75
1780761290.072356,15,50.078125,924.5
1780761290.072356,15,51.515625,908.5
1780761290.072356,15,52.796875,890.75
1780761290.072356,15,54.265625,874.25
1780761290.072356,15,57.5,619.75
1780761290.072356,15,58.890625,611.75
1780761290.072356,15,60.3125,603.25
1780761290.072356,15,61.609375,595.5
1780761290.072356,15,63.09375,588.25
1780761290.072356,15,64.421875,581.25
1780761290.072356,15,65.96875,574.0
1780761290.072356,15,67.125,567.0
1780761290.072356,15,68.53125,560.25
1780761290.072356,15,70.03125,554.75
1780761290.072356,15,71.203125,550.5
1780761290.072356,15,72.71875,546.5
1780761290.072356,15,74.15625,542.5
1780761290.072356,15,75.421875,538.5
1780761290.072356,15,76.828125,535.0
1780761290.072356,15,82.78125,702.0
1780761290.072356,15,84.265625,699.5
1780761290.072356,15,85.484375,697.5
1780761290.072356,15,86.9375,695.0
1780761290.072356,15,88.28125,693.25
1780761290.072356,15,89.546875,693.0
1780761290.072356,15,90.953125,692.5
1780761290.072356,15,92.1875,691.75
1780761290.072356,15,93.5625,691.75
1780761290.072356,15,94.9375,692.5
1780761290.072356,15,96.296875,694.0
1780761290.072356,15,97.609375,696.75
1780761290.072356,15,99.046875,698.25
1780761290.072356,15,100.25,700.5
1780761290.072356,15,101.640625,703.75
1780761290.072356,15,102.96875,707.75
1780761290.072356,15,104.296875,711.25
1780761290.072356,15,105.640625,713.5
1780761290.072356,15,107.015625,717.75
1780761290.072356,15,108.265625,723.25
1780761290.072356,15,109.546875,729.25
1780761290.072356,15,110.828125,734.0
1780761290.072356,15,112.203125,739.5
1780761290.072356,15,113.46875,746.75
1780761290.072356,15,114.921875,754.25
1780761290.072356,15,116.109375,761.75
1780761290.072356,15,117.546875,769.25
1780761290.072356,15,118.75,778.25
1780761290.072356,15,123.375,630.25
1780761290.072356,15,124.671875,630.0
1780761290.072356,15,125.90625,640.5
1780761290.072356,15,127.25,651.25
1780761290.072356,15,128.453125,663.25
1780761290.072356,15,129.84375,675.25
1780761290.072356,15,131.046875,688.25
1780761290.072356,15,132.265625,702.25
1780761290.072356,15,137.09375,980.75
1780761290.072356,10,138.359375,1003.0
1780761290.072356,15,139.703125,1024.75
1780761290.072356,15,141.125,1028.5
1780761290.072356,15,143.28125,1581.25
1780761290.072356,5,145.921875,1526.5
1780761290.072356,13,148.65625,1460.0
1780761290.072356,15,150.03125,1441.75
1780761290.072356,15,151.328125,1434.5
1780761290.072356,15,152.71875,1418.5
1780761290.072356,15,154.09375,1395.75
1780761290.072356,15,163.3125,1609.5
1780761290.072356,15,164.6875,1590.0
1780761290.072356,15,166.03125,1579.25
1780761290.072356,15,176.953125,1220.25
1780761290.072356,15,178.390625,1219.75
1780761290.072356,15,179.671875,1219.5
1780761290.072356,15,181.03125,1214.5
1780761290.072356,15,182.390625,1210.0
1780761290.072356,15,183.671875,1214.25
1780761290.072356,15,185.0625,1219.5
1780761290.072356,15,186.390625,1220.25
1780761290.072356,15,187.75,1216.5
1780761290.072356,15,189.09375,1218.5
1780761290.072356,15,190.40625,1232.75
1780761290.072356,15,191.75,1241.75
1780761290.072356,15,193.03125,1242.25
1780761290.072356,15,198.140625,1590.0
1780761290.072356,15,199.4375,1610.5
1780761290.072356,15,208.921875,1571.25
1780761290.072356,15,215.953125,1132.0
1780761290.072356,15,220.140625,1030.75
1780761290.072356,15,224.125,1009.75
1780761290.072356,15,230.53125,1353.25
1780761290.072356,15,231.875,1332.25
1780761290.072356,15,241.078125,1612.0
1780761290.072356,15,242.390625,1597.5
1780761290.072356,15,245.09375,1585.5
1780761290.072356,8,247.796875,1560.75
1780761290.072356,15,249.09375,1549.0
1780761290.072356,15,250.421875,1539.25
1780761290.072356,7,251.875,1529.75
1780761290.072356,7,253.203125,1528.25
1780761290.072356,15,257.265625,1451.0
1780761290.072356,15,258.609375,1458.5
1780761290.072356,15,259.984375,1457.25
1780761290.072356,15,261.328125,1456.25
1780761290.072356,15,262.671875,1448.5
1780761290.072356,15,264.015625,1441.25
1780761290.072356,15,265.3125,1441.25
1780761290.072356,7,266.6875,1433.25
1780761290.072356,15,268.0625,1425.25
1780761290.072356,15,269.421875,1425.0
1780761290.072356,6,270.765625,1425.25
1780761290.072356,15,272.0625,1419.5
1780761290.072356,7,273.453125,1419.25
1780761290.072356,7,274.75,1425.0
1780761290.072356,15,275.96875,1426.0
1780761290.072356,15,277.265625,1427.0
1780761290.072356,15,284.0,613.5
1780761290.072356,15,285.390625,613.5
1780761290.072356,15,286.515625,625.75
1780761290.072356,15,287.84375,639.0
1780761290.072356,15,289.234375,652.0
1780761290.072356,15,290.546875,667.75
1780761290.072356,15,293.28125,1540.0
1780761290.072356,15,294.578125,1559.25
1780761290.072356,15,295.859375,1579.25
1780761290.072356,15,297.21875,1590.0
1780761290.072356,15,298.578125,1594.75
1780761290.072356,15,310.671875,1549.0
1780761290.072356,15,311.984375,1579.0
1780761290.072356,15,348.21875,1493.0
1780761290.072356,15,349.546875,1502.0
1780761290.072356,15,350.953125,1498.0
1780761290.2097526,15,352.234375,1492.75
1780761290.2097526,15,353.609375,1482.0
1780761290.2097526,12,354.984375,1481.75
1780761290.2097526,15,356.3125,1483.5
1780761290.2097526,14,357.65625,1478.25
1780761290.2097526,12,358.953125,1472.5
1780761290.2097526,15,0.296875,1467.5
1780761290.2097526,15,1.65625,1461.25
1780761290.2097526,15,2.984375,1462.5
1780761290.2097526,15,4.328125,1470.5
1780761290.2097526,13,5.6875,1473.25
1780761290.2097526,15,7.03125,1472.25
1780761290.2097526,15,8.359375,1474.75
1780761290.2097526,15,9.671875,1474.0
1780761290.2097526,15,10.9375,1471.75
1780761290.2097526,15,12.296875,1474.5
1780761290.2097526,15,13.640625,1491.75
1780761290.2097526,15,14.921875,1522.75
1780761290.2097526,15,36.59375,1181.5
1780761290.2097526,15,37.96875,1153.75
1780761290.2097526,9,43.46875,1023.75
1780761290.2097526,15,44.875,1003.25
1780761290.2097526,15,46.265625,980.0
1780761290.2097526,15,47.65625,958.0
1780761290.2097526,15,49.0,939.0
1780761290.2097526,15,50.265625,921.75
1780761290.2097526,15,51.65625,903.0
1780761290.2097526,15,56.359375,631.0
1780761290.2097526,15,57.78125,621.25
1780761290.2097526,15,59.265625,611.0
1780761290.2097526,15,60.5,602.25
1780761290.2097526,15,62.09375,594.0
1780761290.2097526,15,63.265625,586.75
1780761290.2097526,15,64.609375,580.0
1780761290.2097526,15,66.015625,572.75
1780761290.2097526,15,67.515625,565.5
1780761290.2097526,15,68.71875,559.25
1780761290.2097526,15,70.28125,554.0
1780761290.2097526,15,71.609375,549.75
1780761290.2097526,15,73.046875,544.75
1780761290.2097526,15,80.34375,707.25
1780761290.2097526,15,81.734375,703.75
1780761290.2097526,15,83.0,700.75
1780761290.2097526,15,84.453125,698.0
1780761290.2097526,15,85.828125,695.0
1780761290.2097526,15,87.09375,692.75
1780761290.2097526,15,88.53125,692.25
1780761290.2097526,15,89.75,692.75
1780761290.2097526,15,91.078125,692.0
1780761290.2097526,15,92.40625,691.25
1780761290.2097526,15,93.796875,692.25
1780761290.2097526,15,95.109375,694.25
1780761290.2097526,15,96.390625,694.75
1780761290.2097526,15,97.78125,695.5
1780761290.2097526,15,99.03125,699.25
1780761290.2097526,15,100.46875,703.25
1780761290.2097526,15,101.765625,706.5
1780761290.2097526,15,103.078125,709.0
1780761290.2097526,15,104.53125,711.75
1780761290.2097526,15,105.734375,714.5
1780761290.2097526,15,107.171875,717.5
1780761290.2097526,15,108.46875,723.75
1780761290.2097526,15,109.796875,730.25
1780761290.2097526,15,111.125,735.5
1780761290.2097526,15,112.453125,740.5
1780761290.2097526,15,113.609375,747.0
1780761290.2097526,15,115.09375,754.75
1780761290.2097526,15,116.359375,763.0
1780761290.2097526,15,120.78125,606.5
1780761290.2097526,15,122.171875,612.0
1780761290.2097526,15,123.5625,620.5
1780761290.2097526,15,124.796875,630.5
1780761290.2097526,15,126.0,640.75
1780761290.2097526,15,127.375,651.5
1780761290.2097526,15,128.640625,663.75
1780761290.2097526,15,129.96875,677.5
1780761290.2097526,13,134.640625,943.0
1780761290.2097526,15,136.015625,963.5
1780761290.2097526,15,138.59375,985.0
1780761290.2097526,14,139.90625,1002.75
1780761290.2097526,15,142.09375,1579.25
1780761290.2097526,6,143.484375,1549.75
1780761290.2097526,15,144.84375,1516.25
1780761290.2097526,15,146.203125,1488.25
1780761290.2097526,15,148.859375,1419.0
1780761290.2097526,15,150.234375,1410.0
1780761290.2097526,15,151.5625,1397.5
1780761290.2097526,15,152.90625,1382.0
1780761290.2097526,15,159.640625,1508.25
1780761290.2097526,15,162.25,1579.75
1780761290.2097526,15,163.578125,1570.0
1780761290.2097526,15,164.921875,1550.25
1780761290.2097526,15,175.953125,1187.75
1780761290.2097526,15,177.28125,1188.75
1780761290.2097526,15,178.640625,1180.75
1780761290.2097526,15,180.03125,1174.75
1780761290.2097526,15,181.359375,1180.75
1780761290.2097526,15,182.625,1182.0
1780761290.2097526,15,184.015625,1176.25
1780761290.2097526,5,185.3125,1176.0
1780761290.2097526,15,186.640625,1181.75
1780761290.2097526,15,188.015625,1190.5
1780761290.2097526,15,189.375,1195.5
1780761290.2097526,15,190.71875,1197.25
1780761290.2097526,15,192.03125,1197.75
1780761290.2097526,15,193.40625,1202.75
1780761290.2097526,15,198.4375,1549.25
1780761290.2097526,15,199.75,1569.75
1780761290.2097526,15,216.15625,1136.25
1780761290.2097526,8,220.265625,1027.25
1780761290.2097526,15,221.59375,1005.25
1780761290.2097526,15,225.609375,983.5
1780761290.2097526,15,233.40625,1284.5
1780761290.2097526,7,234.796875,1259.75
1780761290.2097526,15,242.578125,1583.5
1780761290.2097526,15,243.921875,1581.75
1780761290.2097526,15,247.953125,1578.75
1780761290.2097526,15,250.671875,1548.25
1780761290.2097526,7,252.09375,1529.75
1780761290.2097526,15,253.4375,1512.0
1780761290.2097526,15,254.78125,1494.0
1780761290.2097526,15,256.15625,1483.75
1780761290.2097526,15,258.859375,1466.25
1780761290.2097526,15,260.203125,1457.25
1780761290.2097526,15,261.515625,1456.5
1780761290.2097526,15,262.875,1456.0
1780761290.2097526,15,264.21875,1448.5
1780761290.2097526,15,265.546875,1441.0
1780761290.2097526,15,266.921875,1433.75
1780761290.2097526,15,268.21875,1427.0
1780761290.2097526,15,269.5625,1427.0
1780761290.2097526,7,270.984375,1426.25
1780761290.2097526,7,272.265625,1418.75
1780761290.2097526,15,273.65625,1418.5
1780761290.2097526,15,274.921875,1425.75
1780761290.2097526,15,276.140625,1433.75
1780761290.2097526,15,277.5,1441.25
1780761290.2097526,15,278.78125,1441.75
1780761290.2097526,15,280.15625,1441.75
1780761290.2097526,15,285.390625,646.0
1780761290.2097526,15,288.203125,621.5
1780761290.2097526,15,289.375,632.5
1780761290.2097526,15,290.734375,645.75
1780761290.2097526,15,292.015625,661.75
1780761290.2097526,15,293.171875,679.5
1780761290.2097526,15,296.03125,1578.75
1780761290.2097526,15,297.359375,1590.0
1780761290.2097526,15,298.75,1594.5
1780761290.2097526,15,300.078125,1624.0
1780761290.2097526,15,304.09375,1632.75
1780761290.2097526,15,309.46875,1531.0
1780761290.2097526,15,310.8125,1548.25
1780761290.2097526,15,348.3125,1525.75
1780761290.2097526,15,349.625,1530.75
1780761290.2097526,15,351.03125,1527.0
1780761290.34446,15,352.359375,1525.25
1780761290.34446,15,353.65625,1518.5
1780761290.34446,15,355.015625,1511.75
1780761290.34446,15,356.359375,1516.75
1780761290.34446,15,357.671875,1517.75
1780761290.34446,15,359.046875,1516.5
1780761290.34446,15,0.390625,1508.5
1780761290.34446,15,1.71875,1504.0
1780761290.34446,15,3.078125,1509.25
1780761290.34446,15,4.40625,1506.0
1780761290.34446,15,5.703125,1509.5
1780761290.34446,15,7.078125,1514.75
1780761290.34446,15,8.375,1513.25
1780761290.34446,15,9.734375,1529.5
1780761290.34446,15,11.0625,1525.25
1780761290.34446,15,12.390625,1505.5
1780761290.34446,15,13.6875,1520.5
1780761290.34446,15,24.234375,1763.25
1780761290.34446,15,29.75,1417.5
1780761290.34446,15,33.9375,1255.25
1780761290.34446,15,38.125,1146.25
1780761290.34446,15,42.296875,1046.75
1780761290.34446,9,43.703125,1018.75
1780761290.34446,15,45.015625,996.5
1780761290.34446,15,46.390625,975.0
1780761290.34446,15,47.765625,952.25
1780761290.34446,15,49.0625,933.5
1780761290.34446,15,53.78125,651.75
1780761290.34446,15,55.265625,640.0
1780761290.34446,15,56.546875,629.75
1780761290.34446,15,57.84375,619.5
1780761290.34446,15,59.234375,609.5
1780761290.34446,15,60.828125,601.0
1780761290.34446,15,62.09375,592.75
1780761290.34446,15,63.609375,585.5
1780761290.34446,15,64.921875,578.75
1780761290.34446,15,66.140625,571.5
1780761290.34446,15,67.75,564.5
1780761290.34446,15,68.96875,558.5
1780761290.34446,15,76.375,717.5
1780761290.34446,15,77.84375,713.25
1780761290.34446,15,79.140625,710.0
1780761290.34446,15,80.421875,706.25
1780761290.34446,15,81.953125,702.5
1780761290.34446,15,83.140625,699.75
1780761290.34446,15,84.484375,697.75
1780761290.34446,15,85.84375,695.25
1780761290.34446,15,87.109375,693.5
1780761290.34446,15,88.453125,693.0
1780761290.34446,15,89.796875,691.5
1780761290.34446,15,91.109375,691.0
1780761290.34446,15,92.59375,691.25
1780761290.34446,15,93.890625,691.25
1780761290.34446,15,95.171875,692.75
1780761290.34446,15,96.5,694.25
1780761290.34446,15,97.796875,695.5
1780761290.34446,15,99.171875,699.0
1780761290.34446,15,100.5625,702.5
1780761290.34446,15,101.765625,704.5
1780761290.34446,15,103.15625,707.75
1780761290.34446,15,104.46875,712.0
1780761290.34446,15,105.75,714.5
1780761290.34446,15,107.15625,718.0
1780761290.34446,15,108.546875,722.75
1780761290.34446,15,109.71875,729.25
1780761290.34446,15,111.0625,735.25
1780761290.34446,15,112.375,740.0
1780761290.34446,15,118.34375,590.0
1780761290.34446,15,119.546875,597.75
1780761290.34446,15,120.90625,604.75
1780761290.34446,15,122.28125,612.0
1780761290.34446,15,123.515625,620.5
1780761290.34446,15,124.828125,631.0
1780761290.34446,15,126.046875,641.5
1780761290.34446,15,127.328125,653.75
1780761290.34446,15,132.203125,910.25
1780761290.34446,15,133.4375,926.0
1780761290.34446,14,134.84375,944.25
1780761290.34446,15,143.640625,1451.5
1780761290.34446,15,144.984375,1457.75
1780761290.34446,15,146.359375,1441.0
1780761290.34446,15,147.6875,1416.25
1780761290.34446,15,149.109375,1388.5
1780761290.34446,9,150.453125,1367.75
1780761290.34446,15,151.78125,1370.5
1780761290.34446,15,153.171875,1359.0
1780761290.34446,15,154.515625,1334.5
1780761290.34446,15,159.8125,1444.0
1780761290.34446,15,162.40625,1549.75
1780761290.34446,15,163.765625,1531.0
1780761290.34446,9,165.140625,1510.25
1780761290.34446,15,176.15625,1150.75
1780761290.34446,15,177.53125,1146.5
1780761290.34446,15,178.796875,1146.5
1780761290.34446,15,180.171875,1146.25
1780761290.34446,15,181.578125,1146.25
1780761290.34446,15,182.84375,1146.25
1780761290.34446,15,184.203125,1146.5
1780761290.34446,15,185.53125,1146.75
1780761290.34446,15,186.890625,1146.75
1780761290.34446,15,188.265625,1147.5
1780761290.34446,15,189.5625,1148.75
1780761290.34446,10,190.859375,1156.5
1780761290.34446,15,192.203125,1167.0
1780761290.34446,15,193.53125,1171.5
1780761290.34446,15,198.65625,1530.0
1780761290.34446,15,200.015625,1540.25
1780761290.34446,3,208.0,1540.0
1780761290.34446,15,209.34375,1529.25
1780761290.34446,5,210.71875,1529.0
1780761290.34446,15,216.375,1131.0
1780761290.34446,15,220.609375,1020.0
1780761290.34446,15,223.34375,976.25
1780761290.34446,15,227.328125,946.5
1780761290.34446,7,235.125,1250.75
1780761290.34446,15,236.46875,1243.75
1780761290.34446,6,244.28125,1569.5
1780761290.34446,15,248.3125,1558.5
1780761290.34446,15,250.953125,1540.0
1780761290.34446,7,253.65625,1529.5
1780761290.34446,15,256.328125,1479.25
1780761290.34446,15,257.734375,1468.5
1780761290.34446,15,260.359375,1450.25
1780761290.34446,15,261.75,1442.0
1780761290.34446,15,263.0625,1441.25
1780761290.34446,15,264.40625,1441.25
1780761290.34446,7,265.796875,1433.25
1780761290.34446,15,267.125,1419.5
1780761290.34446,7,268.421875,1412.5
1780761290.34446,7,269.8125,1418.25
1780761290.34446,15,271.140625,1425.0
1780761290.34446,15,272.4375,1424.5
1780761290.34446,7,273.796875,1425.0
1780761290.34446,7,275.078125,1425.25
1780761290.34446,6,276.40625,1431.75
1780761290.34446,15,277.765625,1433.75
1780761290.34446,15,279.03125,1442.25
1780761290.34446,15,280.390625,1456.0
1780761290.34446,15,281.703125,1456.25
1780761290.34446,15,283.0625,1461.75
1780761290.34446,15,286.875,676.5
1780761290.34446,15,288.3125,657.5
1780761290.34446,15,289.8125,641.5
1780761290.34446,15,291.109375,635.75
1780761290.34446,15,292.328125,644.0
1780761290.34446,15,293.609375,659.75
1780761290.34446,15,294.8125,677.25
1780761290.34446,15,299.109375,1606.0
1780761290.34446,15,300.40625,1635.0
1780761290.34446,15,311.125,1574.0
1780761290.34446,15,340.46875,1999.25
1780761290.34446,15,341.8125,1999.25
1780761290.34446,15,348.671875,1560.5
1780761290.34446,15,350.046875,1568.25
1780761290.4853945,15,351.34375,1562.5
1780761290.4853945,15,352.71875,1547.25
1780761290.4853945,15,354.0625,1548.25
1780761290.4853945,15,355.359375,1545.75
1780761290.4853945,15,356.6875,1544.75
1780761290.4853945,15,358.015625,1548.25
1780761290.4853945,15,359.34375,1545.5
1780761290.4853945,15,0.703125,1541.0
1780761290.4853945,15,2.046875,1539.0
1780761290.4853945,15,3.375,1541.25
1780761290.4853945,15,4.71875,1539.0
1780761290.4853945,15,6.078125,1541.0
1780761290.4853945,15,7.421875,1542.5
1780761290.4853945,15,8.75,1554.75
1780761290.4853945,15,10.0625,1553.25
1780761290.4853945,15,11.359375,1540.0
1780761290.4853945,15,12.734375,1554.5
1780761290.4853945,15,14.078125,1587.75
1780761290.4853945,15,28.8125,1435.0
1780761290.4853945,15,34.359375,1249.0
1780761290.4853945,15,38.59375,1137.5
1780761290.4853945,15,42.734375,1036.25
1780761290.4853945,10,44.09375,1014.25
1780761290.4853945,15,45.4375,990.0
1780761290.4853945,15,46.875,966.5
1780761290.4853945,15,51.578125,676.0
1780761290.4853945,15,52.796875,662.5
1780761290.4853945,15,54.265625,650.0
1780761290.4853945,15,55.65625,638.75
1780761290.4853945,15,57.0625,627.0
1780761290.4853945,15,58.40625,616.5
1780761290.4853945,15,59.78125,608.5
1780761290.4853945,15,61.0,600.5
1780761290.4853945,15,62.515625,592.0
1780761290.4853945,15,63.953125,584.75
1780761290.4853945,15,65.296875,577.5
1780761290.4853945,15,74.03125,727.25
1780761290.4853945,15,75.34375,722.0
1780761290.4853945,15,76.6875,717.25
1780761290.4853945,15,78.03125,712.75
1780761290.4853945,15,79.328125,709.0
1780761290.4853945,15,80.78125,705.75
1780761290.4853945,15,82.078125,702.75
1780761290.4853945,15,83.421875,700.75
1780761290.4853945,15,84.828125,698.25
1780761290.4853945,15,86.140625,695.0
1780761290.4853945,15,87.546875,693.5
1780761290.4853945,15,88.8125,693.0
1780761290.4853945,15,90.171875,692.25
1780761290.4853945,15,91.40625,691.25
1780761290.4853945,15,92.890625,691.5
1780761290.4853945,15,94.15625,693.0
1780761290.4853945,15,95.515625,693.75
1780761290.4853945,15,96.75,694.5
1780761290.4853945,15,98.1875,697.5
1780761290.4853945,15,99.453125,700.5
1780761290.4853945,15,100.828125,702.75
1780761290.4853945,15,102.09375,705.5
1780761290.4853945,15,103.375,707.75
1780761290.4853945,15,104.828125,712.0
1780761290.4853945,15,106.078125,715.5
1780761290.4853945,15,107.375,719.5
1780761290.4853945,15,108.8125,726.25
1780761290.4853945,15,110.125,731.5
1780761290.4853945,15,114.6875,573.75
1780761290.4853945,15,115.8125,579.75
1780761290.4853945,15,117.328125,586.5
1780761290.4853945,15,118.578125,593.0
1780761290.4853945,15,119.796875,599.5
1780761290.4853945,15,121.03125,607.0
1780761290.4853945,15,122.4375,615.75
1780761290.4853945,15,123.8125,626.0
1780761290.4853945,15,125.125,637.25
1780761290.4853945,15,129.734375,882.25
1780761290.4853945,15,131.09375,898.0
1780761290.4853945,15,132.5,915.0
1780761290.4853945,15,136.46875,935.5
1780761290.4853945,15,141.265625,1479.75
1780761290.4853945,15,143.9375,1418.25
1780761290.4853945,15,145.296875,1410.0
1780761290.4853945,15,146.609375,1408.0
1780761290.4853945,15,149.390625,1339.0
1780761290.4853945,15,150.75,1318.75
1780761290.4853945,15,152.125,1297.0
1780761290.4853945,15,158.640625,1440.75
1780761290.4853945,15,159.9375,1437.5
1780761290.4853945,15,163.921875,1481.25
1780761290.4853945,15,176.3125,1129.0
1780761290.4853945,15,177.609375,1124.75
1780761290.4853945,15,178.953125,1120.75
1780761290.4853945,15,180.28125,1121.0
1780761290.4853945,15,181.609375,1120.5
1780761290.4853945,15,183.03125,1122.0
1780761290.4853945,15,184.359375,1124.5
1780761290.4853945,15,185.640625,1124.5
1780761290.4853945,15,187.03125,1126.75
1780761290.4853945,15,188.359375,1131.0
1780761290.4853945,15,189.65625,1133.5
1780761290.4853945,15,190.953125,1134.5
1780761290.4853945,8,192.296875,1139.75
1780761290.4853945,15,193.625,1144.5
1780761290.4853945,15,198.703125,1477.5
1780761290.4853945,15,200.0625,1506.0
1780761290.4853945,15,210.828125,1458.75
1780761290.4853945,7,220.578125,1019.0
1780761290.4853945,15,222.015625,991.0
1780761290.4853945,15,223.34375,966.0
1780761290.4853945,15,224.703125,952.5
1780761290.4853945,15,227.46875,942.5
1780761290.4853945,15,228.78125,930.75
1780761290.4853945,15,236.46875,1235.0
1780761290.4853945,15,237.796875,1223.5
1780761290.4853945,15,242.84375,1610.0
1780761290.4853945,15,244.25,1579.5
1780761290.4853945,8,245.578125,1559.0
1780761290.4853945,15,249.59375,1548.5
1780761290.4853945,15,250.921875,1539.0
1780761290.4853945,15,252.3125,1530.25
1780761290.4853945,15,256.3125,1510.5
1780761290.4853945,15,257.703125,1482.25
1780761290.4853945,15,259.0,1465.25
1780761290.4853945,15,260.359375,1457.0
1780761290.4853945,15,263.015625,1449.0
1780761290.4853945,15,264.375,1435.0
1780761290.4853945,15,265.71875,1434.5
1780761290.4853945,15,267.09375,1434.0
1780761290.4853945,15,268.453125,1426.25
1780761290.4853945,15,269.75,1424.75
1780761290.4853945,15,271.140625,1425.25
1780761290.4853945,6,272.46875,1425.0
1780761290.4853945,15,273.796875,1424.75
1780761290.4853945,15,274.984375,1433.5
1780761290.4853945,15,276.359375,1440.5
1780761290.4853945,15,277.6875,1440.25
1780761290.4853945,15,278.96875,1448.5
1780761290.4853945,15,280.328125,1456.0
1780761290.4853945,15,281.640625,1457.25
1780761290.4853945,15,283.0,1463.0
1780761290.4853945,15,284.3125,1470.75
1780761290.4853945,15,285.609375,1477.25
1780761290.4853945,15,286.953125,1484.75
1780761290.4853945,15,290.796875,676.0
1780761290.4853945,15,292.3125,659.5
1780761290.4853945,15,293.5625,649.0
1780761290.4853945,15,294.9375,655.0
1780761290.4853945,15,296.21875,671.5
1780761290.4853945,15,297.328125,690.0
1780761290.4853945,15,301.65625,1661.5
1780761290.4853945,4,302.90625,1685.25
1780761290.4853945,15,311.03125,1571.75
1780761290.4853945,15,312.375,1589.5
1780761290.4853945,15,329.5625,2273.25
1780761290.4853945,15,342.984375,1999.25
1780761290.4853945,15,344.328125,1999.25
1780761290.4853945,15,348.53125,1596.5
1780761290.4853945,15,349.8125,1605.25
1780761290.4853945,15,351.1875,1606.25
1780761290.6224043,15,352.5,1605.75
1780761290.6224043,15,353.828125,1599.25
1780761290.6224043,15,355.25,1580.5
1780761290.6224043,15,356.5,1583.0
1780761290.6224043,15,357.859375,1581.75
1780761290.6224043,15,359.171875,1573.5
1780761290.6224043,15,0.578125,1575.75
1780761290.6224043,15,1.921875,1570.75
1780761290.6224043,15,3.1875,1577.75
1780761290.6224043,15,4.578125,1582.0
1780761290.6224043,15,5.875,1576.5
1780761290.6224043,15,7.25,1571.75
1780761290.6224043,15,8.578125,1575.75
1780761290.6224043,15,9.890625,1577.5
1780761290.6224043,14,11.25,1572.75
1780761290.6224043,15,12.609375,1579.5
1780761290.6224043,1,18.875,2808.5
1780761290.6224043,15,34.25,1243.5
1780761290.6224043,15,35.71875,1213.5
1780761290.6224043,15,38.46875,1136.75
1780761290.6224043,15,41.234375,1064.75
1780761290.6224043,15,42.609375,1036.25
1780761290.6224043,15,44.046875,1013.75
1780761290.6224043,15,47.375,718.5
1780761290.6224043,15,48.65625,706.5
1780761290.6224043,15,50.015625,691.5
1780761290.6224043,15,51.375,677.0
1780761290.6224043,15,52.890625,663.0
1780761290.6224043,15,54.171875,650.25
1780761290.6224043,15,55.625,638.75
1780761290.6224043,15,56.96875,626.75
1780761290.6224043,15,58.328125,616.25
1780761290.6224043,15,59.828125,608.25
1780761290.6224043,15,61.09375,600.0
1780761290.6224043,15,62.46875,591.5
1780761290.6224043,15,71.234375,737.5
1780761290.6224043,15,72.734375,732.25
1780761290.6224043,15,73.953125,726.75
1780761290.6224043,15,75.328125,721.5
1780761290.6224043,15,76.734375,716.75
1780761290.6224043,15,77.984375,712.75
1780761290.6224043,15,79.40625,709.0
1780761290.6224043,15,80.796875,705.5
1780761290.6224043,15,82.203125,702.5
1780761290.6224043,15,83.375,700.5
1780761290.6224043,15,84.875,698.0
1780761290.6224043,15,86.203125,695.0
1780761290.6224043,15,87.578125,693.25
1780761290.6224043,15,88.84375,692.5
1780761290.6224043,15,90.15625,691.75
1780761290.6224043,15,91.59375,691.25
1780761290.6224043,15,92.796875,691.5
1780761290.6224043,15,94.21875,692.0
1780761290.6224043,15,95.609375,692.75
1780761290.6224043,15,96.953125,694.25
1780761290.6224043,15,98.171875,697.0
1780761290.6224043,15,99.59375,700.0
1780761290.6224043,15,100.828125,701.5
1780761290.6224043,15,102.203125,704.25
1780761290.6224043,15,103.46875,707.75
1780761290.6224043,15,104.734375,711.75
1780761290.6224043,15,106.078125,715.5
1780761290.6224043,15,110.75,560.5
1780761290.6224043,15,111.984375,561.25
1780761290.6224043,15,113.28125,567.5
1780761290.6224043,15,114.59375,573.5
1780761290.6224043,15,115.84375,579.5
1780761290.6224043,15,117.359375,586.25
1780761290.6224043,15,118.5625,592.75
1780761290.6224043,15,119.796875,599.5
1780761290.6224043,15,121.125,607.25
1780761290.6224043,15,122.46875,616.0
1780761290.6224043,15,127.140625,852.75
1780761290.6224043,15,128.484375,867.5
1780761290.6224043,15,129.71875,882.25
1780761290.6224043,15,131.109375,898.0
1780761290.6224043,15,133.640625,918.5
1780761290.6224043,15,135.046875,929.5
1780761290.6224043,15,139.75,1438.75
1780761290.6224043,15,145.21875,1346.0
1780761290.6224043,15,146.46875,1347.75
1780761290.6224043,15,150.578125,1251.5
1780761290.6224043,6,151.90625,1248.25
1780761290.6224043,15,158.46875,1426.75
1780761290.6224043,15,161.171875,1498.25
1780761290.6224043,15,162.484375,1467.5
1780761290.6224043,6,163.84375,1448.75
1780761290.6224043,8,174.828125,1086.5
1780761290.6224043,8,176.234375,1084.75
1780761290.6224043,9,177.578125,1080.0
1780761290.6224043,9,178.828125,1077.25
1780761290.6224043,8,180.21875,1076.5
1780761290.6224043,15,181.515625,1075.25
1780761290.6224043,15,185.578125,1069.0
1780761290.6224043,8,186.859375,1072.25
1780761290.6224043,8,188.15625,1081.25
1780761290.6224043,15,189.578125,1084.5
1780761290.6224043,15,190.890625,1090.5
1780761290.6224043,15,192.234375,1093.5
1780761290.6224043,15,193.578125,1095.25
1780761290.6224043,15,199.859375,1456.5
1780761290.6224043,15,209.453125,1451.0
1780761290.6224043,15,210.78125,1428.75
1780761290.6224043,15,212.078125,1434.5
1780761290.6224043,15,220.640625,1018.75
1780761290.6224043,15,221.984375,991.0
1780761290.6224043,15,223.390625,966.25
1780761290.6224043,15,224.734375,943.5
1780761290.6224043,15,226.0625,927.0
1780761290.6224043,15,231.4375,898.75
1780761290.6224043,6,234.96875,1256.0
1780761290.6224043,15,236.390625,1243.25
1780761290.6224043,5,237.71875,1225.25
1780761290.6224043,15,239.09375,1212.5
1780761290.6224043,15,245.484375,1569.75
1780761290.6224043,15,249.546875,1540.5
1780761290.6224043,15,250.875,1531.0
1780761290.6224043,8,252.234375,1530.0
1780761290.6224043,8,253.625,1512.25
1780761290.6224043,15,254.96875,1487.5
1780761290.6224043,15,260.328125,1458.75
1780761290.6224043,15,261.65625,1457.0
1780761290.6224043,15,264.3125,1449.0
1780761290.6224043,15,265.6875,1441.0
1780761290.6224043,15,267.078125,1427.5
1780761290.6224043,15,268.40625,1427.0
1780761290.6224043,15,269.75,1432.25
1780761290.6224043,15,271.03125,1425.25
1780761290.6224043,15,272.375,1425.25
1780761290.6224043,6,273.734375,1425.0
1780761290.6224043,6,275.109375,1425.5
1780761290.6224043,15,276.359375,1426.5
1780761290.6224043,15,277.703125,1434.25
1780761290.6224043,15,279.078125,1441.5
1780761290.6224043,15,280.390625,1449.0
1780761290.6224043,15,281.734375,1456.5
1780761290.6224043,15,283.03125,1462.25
1780761290.6224043,15,284.390625,1464.0
1780761290.6224043,15,285.71875,1470.25
1780761290.6224043,15,287.03125,1484.0
1780761290.6224043,8,288.40625,1508.0
1780761290.6224043,7,289.703125,1529.0
1780761290.6224043,15,293.53125,693.25
1780761290.6224043,15,294.859375,678.25
1780761290.6224043,15,296.40625,666.75
1780761290.6224043,15,297.546875,668.75
1780761290.6224043,15,300.265625,710.5
1780761290.6224043,15,312.484375,1594.5
1780761290.6224043,15,313.859375,1617.25
1780761290.6224043,15,340.4375,2053.5
1780761290.6224043,15,344.453125,2029.75
1780761290.6224043,15,345.78125,1999.25
1780761290.6224043,15,348.59375,1630.0
1780761290.6224043,12,349.953125,1638.25
1780761290.7603953,15,351.296875,1634.75
1780761290.7603953,13,352.609375,1641.0
1780761290.7603953,15,353.96875,1643.75
1780761290.7603953,15,355.34375,1619.5
1780761290.7603953,15,356.640625,1621.75
1780761290.7603953,11,357.984375,1620.5
1780761290.7603953,15,359.34375,1614.75
1780761290.7603953,15,0.703125,1614.0
1780761290.7603953,13,2.0,1608.25
1780761290.7603953,15,3.3125,1613.5
1780761290.7603953,15,4.671875,1617.25
1780761290.7603953,15,6.03125,1614.25
1780761290.7603953,15,7.34375,1611.75
1780761290.7603953,13,8.6875,1628.25
1780761290.7603953,15,10.046875,1626.25
1780761290.7603953,15,11.421875,1619.75
1780761290.7603953,15,12.75,1654.25
1780761290.7603953,15,14.109375,1699.5
1780761290.7603953,2,19.125,2808.5
1780761290.7603953,15,34.5625,1243.25
1780761290.7603953,15,38.65625,1131.75
1780761290.7603953,15,42.8125,1028.0
1780761290.7603953,15,46.140625,735.0
1780761290.7603953,15,47.421875,718.5
1780761290.7603953,15,48.8125,704.25
1780761290.7603953,15,50.3125,688.5
1780761290.7603953,15,51.78125,673.0
1780761290.7603953,15,53.09375,661.0
1780761290.7603953,15,54.40625,648.0
1780761290.7603953,15,55.875,636.25
1780761290.7603953,15,57.125,625.5
1780761290.7603953,15,58.640625,614.5
1780761290.7603953,15,60.015625,606.0
1780761290.7603953,15,67.390625,757.5
1780761290.7603953,15,68.90625,749.25
1780761290.7603953,15,70.15625,741.0
1780761290.7603953,15,71.484375,735.5
1780761290.7603953,15,72.90625,729.75
1780761290.7603953,15,74.328125,724.0
1780761290.7603953,15,75.578125,718.75
1780761290.7603953,15,77.03125,714.25
1780761290.7603953,15,78.3125,710.5
1780761290.7603953,15,79.671875,706.75
1780761290.7603953,15,81.078125,703.0
1780761290.7603953,15,82.375,700.5
1780761290.7603953,15,83.703125,698.25
1780761290.7603953,15,85.03125,696.0
1780761290.7603953,15,86.328125,693.75
1780761290.7603953,15,87.84375,692.5
1780761290.7603953,15,89.109375,692.25
1780761290.7603953,15,90.40625,692.0
1780761290.7603953,15,91.765625,691.0
1780761290.7603953,15,93.015625,691.0
1780761290.7603953,15,94.53125,692.5
1780761290.7603953,15,95.75,693.5
1780761290.7603953,15,97.21875,694.5
1780761290.7603953,15,98.5,696.25
1780761290.7603953,15,101.15625,699.75
1780761290.7603953,15,102.390625,704.0
1780761290.7603953,15,103.875,707.75
1780761290.7603953,15,108.453125,548.75
1780761290.7603953,15,109.859375,552.25
1780761290.7603953,15,111.125,556.25
1780761290.7603953,15,112.296875,561.0
1780761290.7603953,15,113.75,567.0
1780761290.7603953,15,115.03125,573.25
1780761290.7603953,15,116.421875,579.5
1780761290.7603953,15,117.734375,586.75
1780761290.7603953,15,118.859375,595.0
1780761290.7603953,15,120.125,605.0
1780761290.7603953,15,122.390625,803.5
1780761290.7603953,15,123.6875,814.75
1780761290.7603953,15,124.921875,826.0
1780761290.7603953,15,126.3125,841.25
1780761290.7603953,15,127.578125,857.0
1780761290.7603953,15,128.921875,871.0
1780761290.7603953,15,130.203125,886.25
1780761290.7603953,15,137.578125,1462.0
1780761290.7603953,15,140.234375,1409.5
1780761290.7603953,5,141.625,1393.0
1780761290.7603953,15,144.328125,1316.5
1780761290.7603953,9,145.6875,1315.5
1780761290.7603953,15,148.421875,1260.25
1780761290.7603953,5,149.8125,1244.75
1780761290.7603953,15,151.140625,1242.75
1780761290.7603953,15,152.390625,1249.25
1780761290.7603953,15,157.71875,1374.0
1780761290.7603953,15,160.34375,1441.75
1780761290.7603953,15,163.046875,1411.0
1780761290.7603953,15,164.390625,1418.0
1780761290.7603953,15,175.453125,1041.75
1780761290.7603953,15,176.75,1040.5
1780761290.7603953,15,178.1875,1039.5
1780761290.7603953,15,179.46875,1038.25
1780761290.7603953,15,180.796875,1038.25
1780761290.7603953,15,182.140625,1040.0
1780761290.7603953,15,183.59375,1035.75
1780761290.7603953,15,184.859375,1031.5
1780761290.7603953,15,186.1875,1032.5
1780761290.7603953,15,187.53125,1038.25
1780761290.7603953,15,188.921875,1044.75
1780761290.7603953,15,190.25,1046.25
1780761290.7603953,9,191.546875,1054.0
1780761290.7603953,15,192.890625,1063.25
1780761290.7603953,15,194.140625,1067.75
1780761290.7603953,15,200.53125,1425.75
1780761290.7603953,15,209.984375,1433.75
1780761290.7603953,15,211.34375,1418.5
1780761290.7603953,15,212.671875,1418.5
1780761290.7603953,7,215.609375,1158.75
1780761290.7603953,15,219.78125,1037.0
1780761290.7603953,15,221.140625,1011.75
1780761290.7603953,15,222.546875,985.25
1780761290.7603953,15,223.921875,960.5
1780761290.7603953,15,225.25,935.25
1780761290.7603953,15,226.671875,913.25
1780761290.7603953,15,228.046875,903.25
1780761290.7603953,15,237.0,1232.5
1780761290.7603953,15,238.359375,1215.0
1780761290.7603953,15,239.65625,1202.0
1780761290.7603953,15,241.015625,1208.5
1780761290.7603953,15,247.46875,1539.5
1780761290.7603953,15,248.78125,1539.75
1780761290.7603953,7,252.796875,1529.5
1780761290.7603953,15,254.203125,1507.25
1780761290.7603953,15,255.5625,1483.25
1780761290.7603953,15,256.921875,1477.75
1780761290.7603953,15,258.25,1472.0
1780761290.7603953,15,263.640625,1442.0
1780761290.7603953,15,266.34375,1434.5
1780761290.7603953,6,267.640625,1420.0
1780761290.7603953,7,269.0,1418.5
1780761290.7603953,8,270.34375,1424.5
1780761290.7603953,15,271.703125,1432.25
1780761290.7603953,6,273.0625,1432.75
1780761290.7603953,15,274.40625,1433.0
1780761290.7603953,15,275.65625,1441.0
1780761290.7603953,15,277.0,1441.5
1780761290.7603953,15,278.375,1448.75
1780761290.7603953,15,279.6875,1456.25
1780761290.7603953,15,281.015625,1460.75
1780761290.7603953,15,282.34375,1461.0
1780761290.7603953,15,283.6875,1463.25
1780761290.7603953,15,285.0625,1472.0
1780761290.7603953,15,286.34375,1477.5
1780761290.7603953,15,287.734375,1487.75
1780761290.7603953,8,289.09375,1495.5
1780761290.7603953,15,290.359375,1513.0
1780761290.7603953,5,291.71875,1538.5
1780761290.7603953,15,295.5,717.5
1780761290.7603953,15,296.90625,703.25
1780761290.7603953,15,298.3125,690.0
1780761290.7603953,15,299.640625,685.75
1780761290.7603953,15,300.9375,696.75
1780761290.7603953,15,311.828125,1629.0
1780761290.7603953,9,314.46875,1632.0
1780761290.7603953,15,330.359375,2294.25
1780761290.7603953,15,345.234375,2060.25
1780761290.7603953,15,349.46875,1675.75
1780761290.7603953,15,350.796875,1682.25
1780761290.8944929,15,352.109375,1688.75
1780761290.8944929,13,354.890625,1654.5
1780761290.8944929,15,356.15625,1667.5
1780761290.8944929,15,357.578125,1663.0
1780761290.8944929,10,358.890625,1650.0
1780761290.8944929,15,0.203125,1655.25
1780761290.8944929,12,1.5625,1664.5
1780761290.8944929,11,2.921875,1665.0
1780761290.8944929,10,4.28125,1658.5
1780761290.8944929,14,5.640625,1657.0
1780761290.8944929,10,6.96875,1656.25
1780761290.8944929,12,8.296875,1662.5
1780761290.8944929,12,9.625,1666.0
1780761290.8944929,15,10.96875,1662.0
1780761290.8944929,15,12.296875,1685.75
1780761290.8944929,15,13.609375,1724.5
1780761290.8944929,1,20.015625,2808.5
1780761290.8944929,15,34.1875,1249.5
1780761290.8944929,15,35.53125,1213.75
1780761290.8944929,15,38.359375,1138.0
1780761290.8944929,15,41.0625,1065.75
1780761290.8944929,15,44.453125,759.25
1780761290.8944929,15,45.703125,741.0
1780761290.8944929,15,47.078125,723.5
1780761290.8944929,15,48.46875,707.75
1780761290.8944929,15,50.03125,692.75
1780761290.8944929,15,51.375,678.25
1780761290.8944929,15,52.640625,664.25
1780761290.8944929,15,54.078125,651.25
1780761290.8944929,15,55.46875,639.5
1780761290.8944929,15,56.890625,627.25
1780761290.8944929,15,58.09375,630.75
1780761290.8944929,15,65.921875,768.0
1780761290.8944929,15,67.203125,759.5
1780761290.8944929,15,68.546875,751.75
1780761290.8944929,15,69.859375,743.5
1780761290.8944929,15,71.28125,737.5
1780761290.8944929,15,72.609375,732.0
1780761290.8944929,15,73.984375,727.0
1780761290.8944929,15,75.328125,720.75
1780761290.8944929,15,76.640625,715.75
1780761290.8944929,15,78.0625,712.25
1780761290.8944929,15,79.5,708.75
1780761290.8944929,15,80.71875,705.25
1780761290.8944929,15,82.140625,702.0
1780761290.8944929,15,83.515625,699.75
1780761290.8944929,15,84.859375,697.25
1780761290.8944929,15,86.078125,694.5
1780761290.8944929,15,87.40625,691.75
1780761290.8944929,15,88.84375,691.0
1780761290.8944929,15,90.234375,691.5
1780761290.8944929,15,91.546875,690.75
1780761290.8944929,15,92.96875,691.0
1780761290.8944929,15,94.171875,691.75
1780761290.8944929,15,95.46875,692.5
1780761290.8944929,15,99.59375,697.5
1780761290.8944929,15,104.15625,538.5
1780761290.8944929,15,105.5,541.75
1780761290.8944929,15,106.796875,545.0
1780761290.8944929,15,108.09375,548.5
1780761290.8944929,15,109.46875,552.0
1780761290.8944929,15,110.796875,556.0
1780761290.8944929,15,112.03125,561.75
1780761290.8944929,15,113.34375,568.0
1780761290.8944929,15,114.75,574.25
1780761290.8944929,15,116.171875,581.0
1780761290.8944929,15,120.765625,793.25
1780761290.8944929,15,122.0,805.25
1780761290.8944929,15,123.390625,814.25
1780761290.8944929,15,124.6875,826.5
1780761290.8944929,15,126.078125,843.0
1780761290.8944929,15,127.40625,855.75
1780761290.8944929,15,131.421875,868.25
1780761290.8944929,15,136.03125,1438.0
1780761290.8944929,6,137.375,1428.75
1780761290.8944929,15,140.125,1358.75
1780761290.8944929,15,141.40625,1337.5
1780761290.8944929,15,144.140625,1267.75
1780761290.8944929,15,145.484375,1257.5
1780761290.8944929,15,148.28125,1201.75
1780761290.8944929,15,149.546875,1202.0
1780761290.8944929,15,150.9375,1218.0
1780761290.8944929,15,152.15625,1244.0
1780761290.8944929,15,157.46875,1365.0
1780761290.8944929,15,161.5,1395.5
1780761290.8944929,15,162.828125,1378.25
1780761290.8944929,12,172.171875,1322.0
1780761290.8944929,15,175.234375,1008.5
1780761290.8944929,10,176.5625,1006.0
1780761290.8944929,8,177.875,1005.75
1780761290.8944929,10,179.234375,1005.75
1780761290.8944929,10,180.625,1005.0
1780761290.8944929,10,182.03125,1004.25
1780761290.8944929,15,183.390625,1005.5
1780761290.8944929,15,184.734375,1007.0
1780761290.8944929,15,186.03125,1007.25
1780761290.8944929,15,187.421875,1009.0
1780761290.8944929,11,188.6875,1010.75
1780761290.8944929,15,190.0625,1012.25
1780761290.8944929,4,191.390625,1018.25
1780761290.8944929,15,192.765625,1024.0
1780761290.8944929,15,194.0625,1026.25
1780761290.8944929,15,195.359375,1027.75
1780761290.8944929,15,200.4375,1377.75
1780761290.8944929,15,201.71875,1395.25
1780761290.8944929,15,211.09375,1409.25
1780761290.8944929,15,212.484375,1407.75
1780761290.8944929,15,213.78125,1408.0
1780761290.8944929,15,220.96875,1015.75
1780761290.8944929,15,222.3125,989.75
1780761290.8944929,15,223.6875,964.25
1780761290.8944929,15,225.125,942.0
1780761290.8944929,15,226.390625,920.0
1780761290.8944929,15,227.734375,900.5
1780761290.8944929,15,229.15625,880.5
1780761290.8944929,15,233.15625,862.0
1780761290.8944929,15,234.609375,855.0
1780761290.8944929,15,239.484375,1207.5
1780761290.8944929,15,240.859375,1185.25
1780761290.8944929,15,242.109375,1172.0
1780761290.8944929,15,248.5625,1538.0
1780761290.8944929,15,249.90625,1537.5
1780761290.8944929,9,252.609375,1485.25
1780761290.8944929,15,254.0,1492.5
1780761290.8944929,15,255.296875,1483.0
1780761290.8944929,15,256.671875,1477.0
1780761290.8944929,15,258.015625,1471.75
1780761290.8944929,15,259.390625,1465.5
1780761290.8944929,15,260.703125,1459.0
1780761290.8944929,15,262.0625,1456.0
1780761290.8944929,15,266.109375,1447.75
1780761290.8944929,7,268.8125,1432.5
1780761290.8944929,15,270.109375,1431.5
1780761290.8944929,7,271.5,1431.75
1780761290.8944929,15,272.765625,1425.5
1780761290.8944929,15,274.15625,1426.25
1780761290.8944929,15,275.46875,1433.75
1780761290.8944929,15,276.796875,1447.0
1780761290.8944929,15,278.15625,1447.25
1780761290.8944929,15,279.5,1441.75
1780761290.8944929,15,280.828125,1449.5
1780761290.8944929,15,282.1875,1457.5
1780761290.8944929,15,283.484375,1464.75
1780761290.8944929,15,284.859375,1474.5
1780761290.8944929,15,286.1875,1479.75
1780761290.8944929,15,287.46875,1485.5
1780761290.8944929,7,288.828125,1508.5
1780761290.8944929,15,290.140625,1529.0
1780761290.8944929,15,291.515625,1538.25
1780761290.8944929,15,292.8125,1548.0
1780761290.8944929,6,294.203125,1550.0
1780761290.8944929,15,299.21875,724.25
1780761290.8944929,15,300.625,712.5
1780761290.8944929,15,301.984375,704.75
1780761290.8944929,15,349.21875,1707.5
1780761290.8944929,8,350.5625,1715.75
1780761291.0318744,15,351.90625,1725.5
1780761291.0318744,15,353.265625,1710.0
1780761291.0318744,15,354.609375,1699.75
1780761291.0318744,15,355.96875,1697.5
1780761291.0318744,15,357.296875,1705.0
1780761291.0318744,15,358.640625,1703.5
1780761291.0318744,15,359.953125,1687.0
1780761291.0318744,15,1.359375,1683.0
1780761291.0318744,15,2.640625,1688.5
1780761291.0318744,15,4.03125,1690.25
1780761291.0318744,15,5.390625,1690.25
1780761291.0318744,15,6.6875,1688.75
1780761291.0318744,15,8.0,1694.0
1780761291.0318744,13,9.40625,1696.0
1780761291.0318744,15,10.75,1692.75
1780761291.0318744,15,11.96875,1712.25
1780761291.0318744,15,13.296875,1753.0
1780761291.0318744,2,19.703125,2808.5
1780761291.0318744,15,33.75,1255.25
1780761291.0318744,15,37.953125,1140.25
1780761291.0318744,15,42.578125,782.5
1780761291.0318744,15,43.90625,762.0
1780761291.0318744,15,45.265625,743.0
1780761291.0318744,15,46.65625,727.25
1780761291.0318744,15,47.984375,711.5
1780761291.0318744,15,49.46875,695.25
1780761291.0318744,15,50.796875,681.25
1780761291.0318744,15,52.15625,667.75
1780761291.0318744,15,54.90625,649.5
1780761291.0318744,15,62.5625,787.25
1780761291.0318744,15,63.921875,778.25
1780761291.0318744,15,65.296875,769.0
1780761291.0318744,15,66.703125,760.25
1780761291.0318744,15,68.078125,751.75
1780761291.0318744,15,69.40625,744.0
1780761291.0318744,15,70.859375,737.75
1780761291.0318744,15,72.234375,732.25
1780761291.0318744,15,73.484375,726.5
1780761291.0318744,15,74.828125,721.0
1780761291.0318744,15,76.15625,716.0
1780761291.0318744,15,77.65625,711.5
1780761291.0318744,15,78.84375,709.0
1780761291.0318744,15,80.21875,706.25
1780761291.0318744,15,81.6875,701.75
1780761291.0318744,15,82.90625,698.75
1780761291.0318744,15,84.4375,697.25
1780761291.0318744,15,85.640625,694.5
1780761291.0318744,15,87.03125,692.5
1780761291.0318744,15,88.515625,692.0
1780761291.0318744,15,89.8125,690.5
1780761291.0318744,15,91.15625,690.0
1780761291.0318744,15,92.390625,690.75
1780761291.0318744,15,96.53125,692.25
1780761291.0318744,15,99.671875,530.0
1780761291.0318744,15,101.203125,531.25
1780761291.0318744,15,102.46875,533.25
1780761291.0318744,15,103.734375,536.5
1780761291.0318744,15,105.109375,540.25
1780761291.0318744,15,106.453125,543.25
1780761291.0318744,15,107.90625,546.5
1780761291.0318744,15,108.953125,550.75
1780761291.0318744,15,110.40625,555.0
1780761291.0318744,15,111.8125,560.0
1780761291.0318744,15,113.0,566.75
1780761291.0318744,15,117.609375,770.5
1780761291.0318744,15,118.953125,780.0
1780761291.0318744,15,120.375,788.25
1780761291.0318744,15,121.640625,799.0
1780761291.0318744,15,122.90625,810.25
1780761291.0318744,15,124.34375,822.0
1780761291.0318744,15,125.5625,835.25
1780761291.0318744,15,128.296875,849.5
1780761291.0318744,15,129.609375,856.75
1780761291.0318744,5,134.21875,1473.5
1780761291.0318744,15,137.015625,1393.0
1780761291.0318744,15,138.328125,1366.5
1780761291.0318744,15,141.109375,1251.0
1780761291.0318744,5,145.1875,1223.5
1780761291.0318744,15,146.515625,1208.5
1780761291.0318744,15,147.90625,1185.5
1780761291.0318744,15,149.171875,1179.5
1780761291.0318744,15,150.53125,1197.75
1780761291.0318744,15,159.875,1373.25
1780761291.0318744,15,161.28125,1362.0
1780761291.0318744,15,162.578125,1358.5
1780761291.0318744,15,175.125,977.5
1780761291.0318744,15,176.421875,973.5
1780761291.0318744,15,177.8125,972.25
1780761291.0318744,15,179.1875,972.0
1780761291.0318744,15,180.4375,971.75
1780761291.0318744,15,181.875,971.0
1780761291.0318744,15,183.21875,970.5
1780761291.0318744,15,184.53125,970.5
1780761291.0318744,15,185.859375,968.5
1780761291.0318744,15,187.21875,970.5
1780761291.0318744,15,188.59375,974.75
1780761291.0318744,15,189.890625,979.25
1780761291.0318744,15,191.171875,984.75
1780761291.0318744,15,192.59375,988.25
1780761291.0318744,15,193.890625,992.0
1780761291.0318744,15,195.265625,997.0
1780761291.0318744,10,201.578125,1366.5
1780761291.0318744,15,213.5,1363.25
1780761291.0318744,15,214.859375,1363.75
1780761291.0318744,9,220.625,1019.0
1780761291.0318744,15,221.96875,994.5
1780761291.0318744,15,223.375,969.75
1780761291.0318744,15,224.734375,943.75
1780761291.0318744,15,226.140625,924.0
1780761291.0318744,15,227.46875,905.0
1780761291.0318744,15,228.90625,883.75
1780761291.0318744,15,230.1875,866.0
1780761291.0318744,15,231.65625,855.5
1780761291.0318744,15,241.859375,1170.5
1780761291.0318744,15,243.203125,1160.5
1780761291.0318744,15,249.609375,1512.5
1780761291.0318744,15,251.015625,1512.25
1780761291.0318744,10,255.09375,1486.25
1780761291.0318744,15,256.4375,1477.25
1780761291.0318744,15,257.796875,1471.25
1780761291.0318744,15,259.140625,1462.75
1780761291.0318744,15,260.46875,1457.25
1780761291.0318744,15,261.84375,1456.25
1780761291.0318744,15,263.125,1455.75
1780761291.0318744,15,264.453125,1454.75
1780761291.0318744,15,265.84375,1447.25
1780761291.0318744,15,269.859375,1434.0
1780761291.0318744,15,271.21875,1426.25
1780761291.0318744,15,272.546875,1426.25
1780761291.0318744,15,273.90625,1434.25
1780761291.0318744,15,275.140625,1433.0
1780761291.0318744,15,276.46875,1433.25
1780761291.0318744,15,277.8125,1442.0
1780761291.0318744,15,279.140625,1442.75
1780761291.0318744,15,280.421875,1449.5
1780761291.0318744,15,281.796875,1456.5
1780761291.0318744,15,283.09375,1458.0
1780761291.0318744,15,284.453125,1466.5
1780761291.0318744,15,285.8125,1477.0
1780761291.0318744,15,287.078125,1483.25
1780761291.0318744,8,288.390625,1507.25
1780761291.0318744,15,289.734375,1529.0
1780761291.0318744,5,291.125,1538.0
1780761291.0318744,15,292.453125,1547.5
1780761291.0318744,7,293.765625,1550.0
1780761291.0318744,15,295.09375,1569.75
1780761291.0318744,15,296.421875,1589.5
1780761291.0318744,15,297.765625,1600.5
1780761291.0318744,15,301.453125,744.25
1780761291.0318744,15,302.875,733.25
1780761291.0318744,15,304.296875,725.5
1780761291.0318744,15,305.46875,732.5
1780761291.0318744,15,350.234375,1738.0
1780761291.169478,10,351.59375,1733.25
1780761291.169478,15,352.90625,1743.5
1780761291.169478,15,354.28125,1744.0
1780761291.169478,15,355.640625,1731.75
1780761291.169478,15,356.953125,1736.5
1780761291.169478,15,358.3125,1733.75
1780761291.169478,15,359.65625,1730.0
1780761291.169478,15,1.015625,1726.25
1780761291.169478,15,2.328125,1724.5
1780761291.169478,15,3.65625,1727.5
1780761291.169478,15,5.0625,1728.75
1780761291.169478,15,6.390625,1730.5
1780761291.169478,15,7.6875,1737.25
1780761291.169478,15,9.0625,1733.75
1780761291.169478,15,10.40625,1729.75
1780761291.169478,15,11.796875,1750.75
1780761291.169478,15,13.109375,1786.0
1780761291.169478,15,29.453125,1433.0
1780761291.169478,15,39.703125,830.0
1780761291.169478,15,41.0625,811.25
1780761291.169478,15,43.875,762.25
1780761291.169478,15,45.359375,745.0
1780761291.169478,15,46.703125,729.25
1780761291.169478,15,48.0,712.0
1780761291.169478,15,49.421875,695.5
1780761291.169478,15,50.796875,681.25
1780761291.169478,15,52.109375,676.0
1780761291.169478,15,53.484375,688.25
1780761291.169478,15,55.96875,733.5
1780761291.169478,15,59.984375,809.75
1780761291.169478,15,61.359375,798.0
1780761291.169478,15,62.671875,787.0
1780761291.169478,15,64.03125,778.25
1780761291.169478,15,65.453125,769.0
1780761291.169478,15,66.71875,760.25
1780761291.169478,15,68.171875,751.75
1780761291.169478,15,69.546875,744.0
1780761291.169478,15,70.9375,737.75
1780761291.169478,15,72.21875,732.25
1780761291.169478,15,73.53125,727.0
1780761291.169478,15,74.921875,721.5
1780761291.169478,15,76.25,716.75
1780761291.169478,15,77.625,712.25
1780761291.169478,15,79.046875,709.0
1780761291.169478,15,80.28125,706.25
1780761291.169478,15,81.796875,701.75
1780761291.169478,15,83.0625,698.75
1780761291.169478,15,84.296875,697.0
1780761291.169478,15,85.734375,694.5
1780761291.169478,15,87.015625,692.5
1780761291.169478,15,88.375,691.75
1780761291.169478,15,89.84375,690.5
1780761291.169478,15,95.6875,524.5
1780761291.169478,15,97.078125,526.0
1780761291.169478,15,98.390625,528.25
1780761291.169478,15,99.84375,529.75
1780761291.169478,15,101.015625,531.25
1780761291.169478,15,102.578125,533.5
1780761291.169478,15,103.84375,536.75
1780761291.169478,15,105.0,540.5
1780761291.169478,15,106.40625,543.5
1780761291.169478,15,107.765625,546.75
1780761291.169478,15,109.046875,551.25
1780761291.169478,15,110.390625,560.25
1780761291.169478,15,112.390625,738.5
1780761291.169478,15,113.6875,746.0
1780761291.169478,15,115.078125,753.5
1780761291.169478,15,116.390625,761.5
1780761291.169478,15,117.578125,770.25
1780761291.169478,15,118.984375,779.75
1780761291.169478,15,120.203125,788.25
1780761291.169478,15,121.625,799.0
1780761291.169478,15,122.96875,810.25
1780761291.169478,15,124.21875,822.0
1780761291.169478,15,134.171875,1389.0
1780761291.169478,8,136.96875,1348.5
1780761291.169478,8,139.671875,1264.0
1780761291.169478,15,141.03125,1237.0
1780761291.169478,15,142.421875,1217.75
1780761291.169478,15,143.734375,1207.5
1780761291.169478,15,145.171875,1190.75
1780761291.169478,11,146.515625,1168.25
1780761291.169478,15,147.84375,1145.5
1780761291.169478,15,154.453125,1273.5
1780761291.169478,15,155.78125,1260.0
1780761291.169478,15,158.40625,1355.5
1780761291.169478,15,159.765625,1348.5
1780761291.169478,15,161.125,1315.25
1780761291.169478,15,162.4375,1315.0
1780761291.169478,15,173.6875,944.5
1780761291.169478,15,174.90625,941.75
1780761291.169478,15,176.359375,941.0
1780761291.169478,15,177.703125,938.75
1780761291.169478,15,178.96875,938.0
1780761291.169478,15,180.296875,935.75
1780761291.169478,15,181.578125,935.75
1780761291.169478,15,182.90625,935.25
1780761291.169478,15,184.296875,934.75
1780761291.169478,15,185.609375,937.25
1780761291.169478,15,186.90625,935.75
1780761291.169478,15,188.3125,939.25
1780761291.169478,15,189.578125,945.5
1780761291.169478,13,190.90625,949.25
1780761291.169478,9,192.265625,950.75
1780761291.169478,15,193.59375,953.75
1780761291.169478,15,194.90625,962.25
1780761291.169478,15,196.21875,968.5
1780761291.169478,15,201.1875,1313.0
1780761291.169478,15,202.546875,1345.25
1780761291.169478,15,212.015625,1345.75
1780761291.169478,15,213.296875,1332.25
1780761291.169478,15,214.6875,1332.25
1780761291.169478,15,216.0,1338.5
1780761291.169478,15,220.390625,1024.5
1780761291.169478,15,221.78125,1000.5
1780761291.169478,15,223.15625,974.5
1780761291.169478,15,224.46875,950.5
1780761291.169478,15,225.8125,928.5
1780761291.169478,15,227.265625,908.0
1780761291.169478,15,228.640625,887.25
1780761291.169478,15,229.984375,867.75
1780761291.169478,15,231.375,850.5
1780761291.169478,15,232.703125,832.75
1780761291.169478,15,238.125,821.25
1780761291.169478,3,239.375,823.0
1780761291.169478,15,241.609375,1177.0
1780761291.169478,15,242.90625,1161.5
1780761291.169478,9,244.328125,1146.5
1780761291.169478,15,252.0625,1469.0
1780761291.169478,15,256.109375,1460.0
1780761291.169478,15,257.484375,1467.75
1780761291.169478,15,258.828125,1458.25
1780761291.169478,15,260.140625,1457.25
1780761291.169478,15,261.5,1456.5
1780761291.169478,15,262.84375,1449.0
1780761291.169478,15,264.140625,1448.5
1780761291.169478,15,265.484375,1448.0
1780761291.169478,15,266.859375,1440.75
1780761291.169478,15,268.171875,1440.75
1780761291.169478,15,273.578125,1433.0
1780761291.169478,6,274.90625,1425.25
1780761291.169478,15,276.15625,1433.25
1780761291.169478,15,277.46875,1441.25
1780761291.169478,15,278.828125,1444.0
1780761291.169478,15,280.15625,1451.25
1780761291.169478,15,281.46875,1457.0
1780761291.169478,15,282.828125,1458.25
1780761291.169478,15,284.140625,1466.5
1780761291.169478,15,285.453125,1478.0
1780761291.169478,15,286.796875,1483.25
1780761291.169478,7,288.125,1507.0
1780761291.169478,15,289.453125,1529.5
1780761291.169478,5,290.828125,1530.25
1780761291.169478,15,292.15625,1539.25
1780761291.169478,15,293.46875,1549.0
1780761291.169478,15,294.75,1560.5
1780761291.169478,15,296.09375,1580.5
1780761291.169478,15,297.46875,1590.25
1780761291.169478,15,298.75,1607.75
1780761291.169478,15,303.8125,765.0
1780761291.169478,15,305.21875,754.25
1780761291.169478,15,306.640625,745.75
1780761291.169478,15,349.84375,1777.0
1780761291.307489,15,351.171875,1784.5
1780761291.307489,15,352.515625,1772.0
1780761291.307489,15,353.90625,1758.25
1780761291.307489,15,355.234375,1756.0
1780761291.307489,15,356.546875,1758.0
1780761291.307489,15,357.890625,1758.25
1780761291.307489,15,359.265625,1757.25
1780761291.307489,15,0.578125,1758.5
1780761291.307489,15,1.921875,1752.25
1780761291.307489,8,3.28125,1752.75
1780761291.307489,15,4.609375,1758.75
1780761291.307489,15,5.953125,1758.5
1780761291.307489,15,7.296875,1765.75
1780761291.307489,15,8.625,1758.5
1780761291.307489,15,10.0,1746.75
1780761291.307489,15,11.296875,1772.75
1780761291.307489,15,12.640625,1819.25
1780761291.307489,15,34.484375,1226.5
1780761291.307489,15,35.90625,1193.0
1780761291.307489,15,39.109375,839.0
1780761291.307489,14,40.578125,815.75
1780761291.307489,15,41.9375,793.75
1780761291.307489,15,43.296875,772.5
1780761291.307489,15,44.75,752.75
1780761291.307489,15,46.078125,735.0
1780761291.307489,15,47.546875,718.5
1780761291.307489,15,48.984375,701.5
1780761291.307489,15,50.203125,700.0
1780761291.307489,15,51.59375,719.0
1780761291.307489,15,52.796875,740.5
1780761291.307489,15,58.03125,826.0
1780761291.307489,15,59.375,813.75
1780761291.307489,15,60.859375,803.25
1780761291.307489,15,62.078125,791.5
1780761291.307489,15,63.53125,781.25
1780761291.307489,15,64.796875,772.25
1780761291.307489,15,66.171875,764.25
1780761291.307489,15,67.546875,756.25
1780761291.307489,15,68.9375,748.0
1780761291.307489,15,70.34375,740.25
1780761291.307489,15,71.703125,734.25
1780761291.307489,15,73.140625,728.5
1780761291.307489,15,74.5,722.5
1780761291.307489,15,75.703125,717.5
1780761291.307489,15,77.09375,713.25
1780761291.307489,15,78.46875,709.75
1780761291.307489,15,79.84375,706.5
1780761291.307489,15,81.21875,702.75
1780761291.307489,15,82.59375,699.75
1780761291.307489,15,83.90625,697.5
1780761291.307489,15,85.296875,694.75
1780761291.307489,15,86.578125,693.25
1780761291.307489,15,87.828125,692.5
1780761291.307489,15,91.171875,518.75
1780761291.307489,15,92.671875,523.5
1780761291.307489,15,93.921875,524.5
1780761291.307489,15,95.328125,525.5
1780761291.307489,15,96.671875,526.5
1780761291.307489,15,97.90625,527.75
1780761291.307489,15,99.234375,529.75
1780761291.307489,15,100.703125,531.5
1780761291.307489,15,101.96875,534.0
1780761291.307489,15,103.3125,537.25
1780761291.307489,15,104.484375,541.25
1780761291.307489,15,106.078125,545.25
1780761291.307489,15,110.5,731.25
1780761291.307489,15,111.8125,737.5
1780761291.307489,15,113.1875,743.5
1780761291.307489,15,114.46875,751.25
1780761291.307489,15,115.8125,760.75
1780761291.307489,15,117.140625,768.5
1780761291.307489,15,118.40625,776.75
1780761291.307489,15,119.828125,786.25
1780761291.307489,15,121.109375,797.0
1780761291.307489,15,125.03125,805.0
1780761291.307489,15,129.625,1437.75
1780761291.307489,15,131.0625,1430.0
1780761291.307489,15,133.796875,1357.5
1780761291.307489,15,135.15625,1335.25
1780761291.307489,15,137.84375,1264.0
1780761291.307489,15,140.59375,1210.0
1780761291.307489,15,142.015625,1184.25
1780761291.307489,15,143.3125,1155.0
1780761291.307489,15,144.75,1130.75
1780761291.307489,15,146.125,1115.0
1780761291.307489,15,147.4375,1119.25
1780761291.307489,15,148.671875,1139.75
1780761291.307489,7,155.328125,1233.5
1780761291.307489,15,157.9375,1337.75
1780761291.307489,15,160.75,1271.0
1780761291.307489,15,162.09375,1259.25
1780761291.307489,15,173.296875,918.0
1780761291.307489,15,174.65625,913.5
1780761291.307489,15,176.03125,908.25
1780761291.307489,15,177.296875,906.5
1780761291.307489,15,178.59375,905.75
1780761291.307489,15,179.921875,904.75
1780761291.307489,15,181.25,904.25
1780761291.307489,15,182.578125,904.5
1780761291.307489,15,183.984375,902.75
1780761291.307489,15,185.359375,904.5
1780761291.307489,15,186.609375,908.0
1780761291.307489,15,188.0,909.0
1780761291.307489,15,189.3125,911.75
1780761291.307489,15,190.71875,915.25
1780761291.307489,15,191.984375,921.0
1780761291.307489,15,193.34375,923.25
1780761291.307489,15,194.609375,925.75
1780761291.307489,15,196.0,931.5
1780761291.307489,15,202.265625,1280.0
1780761291.307489,15,203.53125,1312.0
1780761291.307489,15,212.9375,1325.75
1780761291.307489,15,215.671875,1282.0
1780761291.307489,15,216.984375,1285.0
1780761291.307489,15,219.9375,1031.25
1780761291.307489,15,221.375,1004.0
1780761291.307489,15,222.734375,978.75
1780761291.307489,15,224.0625,953.5
1780761291.307489,15,225.46875,930.25
1780761291.307489,15,226.890625,910.25
1780761291.307489,15,228.3125,891.25
1780761291.307489,15,229.71875,871.5
1780761291.307489,15,231.03125,853.5
1780761291.307489,15,232.359375,836.25
1780761291.307489,15,233.828125,819.25
1780761291.307489,15,235.234375,804.25
1780761291.307489,15,240.609375,791.0
1780761291.307489,15,245.390625,1137.0
1780761291.307489,15,253.109375,1483.5
1780761291.307489,15,257.078125,1466.75
1780761291.307489,15,258.4375,1463.25
1780761291.307489,15,259.796875,1462.25
1780761291.307489,15,261.140625,1457.0
1780761291.307489,15,262.453125,1449.25
1780761291.307489,15,263.828125,1441.5
1780761291.307489,15,265.125,1441.25
1780761291.307489,15,266.515625,1433.5
1780761291.307489,15,267.828125,1425.5
1780761291.307489,15,269.203125,1425.25
1780761291.307489,15,270.5625,1433.0
1780761291.307489,6,271.90625,1432.75
1780761291.307489,15,274.5625,1426.5
1780761291.307489,15,277.171875,1434.75
1780761291.307489,15,278.46875,1441.5
1780761291.307489,15,279.859375,1441.5
1780761291.307489,15,281.125,1449.5
1780761291.307489,15,282.53125,1459.75
1780761291.307489,15,283.8125,1460.75
1780761291.307489,15,285.140625,1470.0
1780761291.307489,15,286.515625,1481.0
1780761291.307489,9,287.8125,1486.5
1780761291.307489,6,289.109375,1510.25
1780761291.307489,15,290.484375,1529.5
1780761291.307489,15,291.8125,1538.75
1780761291.307489,15,293.140625,1548.75
1780761291.307489,15,294.40625,1568.75
1780761291.307489,15,295.75,1588.5
1780761291.307489,15,297.140625,1590.25
1780761291.307489,15,298.421875,1606.0
1780761291.307489,15,299.875,1635.25
1780761291.307489,15,301.21875,1661.0
1780761291.307489,15,306.15625,784.5
1780761291.307489,15,307.625,774.75
1780761291.307489,15,308.9375,768.5
1780761291.307489,15,342.65625,2254.25
1780761291.307489,15,344.0,2253.75
1780761291.307489,10,345.390625,2247.0
1780761291.307489,15,349.484375,1802.5
1780761291.307489,15,350.859375,1809.0
1780761291.4445832,15,352.203125,1809.75
1780761291.4445832,13,353.5625,1804.75
1780761291.4445832,15,354.859375,1796.0
1780761291.4445832,15,356.25,1780.5
1780761291.4445832,15,357.5625,1787.0
1780761291.4445832,15,358.921875,1802.5
1780761291.4445832,15,0.296875,1796.5
1780761291.4445832,15,1.578125,1781.75
1780761291.4445832,15,2.96875,1781.75
1780761291.4445832,15,4.3125,1784.75
1780761291.4445832,15,5.625,1789.5
1780761291.4445832,15,6.953125,1795.0
1780761291.4445832,15,8.328125,1786.5
1780761291.4445832,15,9.671875,1780.0
1780761291.4445832,15,10.984375,1784.5
1780761291.4445832,15,34.109375,1243.5
1780761291.4445832,15,40.234375,820.75
1780761291.4445832,15,41.734375,798.0
1780761291.4445832,15,43.109375,777.5
1780761291.4445832,15,44.546875,758.25
1780761291.4445832,15,45.796875,740.0
1780761291.4445832,15,47.265625,726.25
1780761291.4445832,15,48.625,731.75
1780761291.4445832,15,49.828125,751.25
1780761291.4445832,15,51.109375,771.25
1780761291.4445832,15,56.40625,845.25
1780761291.4445832,15,57.734375,828.0
1780761291.4445832,15,59.140625,815.75
1780761291.4445832,15,60.515625,806.0
1780761291.4445832,15,61.859375,794.5
1780761291.4445832,15,63.234375,783.5
1780761291.4445832,15,64.5,774.0
1780761291.4445832,15,65.921875,765.25
1780761291.4445832,15,67.359375,757.0
1780761291.4445832,15,68.703125,748.75
1780761291.4445832,15,70.09375,742.0
1780761291.4445832,15,71.375,736.0
1780761291.4445832,15,72.78125,730.75
1780761291.4445832,15,74.03125,725.0
1780761291.4445832,15,75.484375,719.75
1780761291.4445832,15,76.75,716.0
1780761291.4445832,15,78.265625,711.5
1780761291.4445832,15,79.609375,708.25
1780761291.4445832,15,80.890625,704.0
1780761291.4445832,15,82.234375,700.75
1780761291.4445832,15,83.703125,698.25
1780761291.4445832,15,84.90625,694.75
1780761291.4445832,15,88.296875,523.5
1780761291.4445832,15,89.703125,523.0
1780761291.4445832,15,90.953125,523.0
1780761291.4445832,15,92.40625,525.0
1780761291.4445832,15,93.703125,524.75
1780761291.4445832,15,94.96875,524.5
1780761291.4445832,15,96.234375,525.75
1780761291.4445832,15,97.75,527.25
1780761291.4445832,15,99.03125,529.25
1780761291.4445832,15,100.234375,532.0
1780761291.4445832,15,101.46875,535.25
1780761291.4445832,15,102.890625,540.5
1780761291.4445832,15,104.828125,710.5
1780761291.4445832,15,106.15625,715.0
1780761291.4445832,15,107.578125,720.0
1780761291.4445832,15,108.96875,725.0
1780761291.4445832,15,110.203125,730.5
1780761291.4445832,15,111.5,736.75
1780761291.4445832,15,112.9375,742.5
1780761291.4445832,15,114.28125,748.25
1780761291.4445832,15,115.46875,756.75
1780761291.4445832,15,116.765625,766.75
1780761291.4445832,15,118.25,775.5
1780761291.4445832,15,119.5,785.0
1780761291.4445832,15,129.390625,1425.25
1780761291.4445832,15,130.75,1407.0
1780761291.4445832,15,134.90625,1261.5
1780761291.4445832,15,136.1875,1236.0
1780761291.4445832,15,137.609375,1210.25
1780761291.4445832,15,138.984375,1187.5
1780761291.4445832,10,140.28125,1171.75
1780761291.4445832,15,141.65625,1155.5
1780761291.4445832,15,143.03125,1138.75
1780761291.4445832,15,145.8125,1089.25
1780761291.4445832,15,147.125,1096.75
1780761291.4445832,15,150.96875,1219.25
1780761291.4445832,15,153.6875,1205.0
1780761291.4445832,15,160.34375,1228.5
1780761291.4445832,15,161.703125,1234.5
1780761291.4445832,15,172.984375,877.5
1780761291.4445832,15,174.28125,875.5
1780761291.4445832,15,175.625,873.75
1780761291.4445832,15,176.953125,872.5
1780761291.4445832,15,178.234375,871.75
1780761291.4445832,15,179.65625,869.75
1780761291.4445832,15,180.921875,868.0
1780761291.4445832,15,182.203125,868.0
1780761291.4445832,15,183.65625,869.25
1780761291.4445832,15,184.90625,872.0
1780761291.4445832,15,186.234375,874.75
1780761291.4445832,15,187.640625,875.25
1780761291.4445832,15,188.921875,875.25
1780761291.4445832,15,190.3125,878.0
1780761291.4445832,15,191.5625,882.25
1780761291.4445832,15,192.890625,886.0
1780761291.4445832,15,194.265625,890.25
1780761291.4445832,15,195.5625,894.75
1780761291.4445832,15,196.875,899.75
1780761291.4445832,15,213.96875,1259.5
1780761291.4445832,15,215.3125,1248.5
1780761291.4445832,15,216.640625,1247.5
1780761291.4445832,15,217.984375,1249.5
1780761291.4445832,15,221.015625,1015.5
1780761291.4445832,15,222.34375,988.75
1780761291.4445832,12,223.734375,963.75
1780761291.4445832,15,225.09375,941.25
1780761291.4445832,15,226.546875,917.5
1780761291.4445832,15,227.9375,897.75
1780761291.4445832,15,229.296875,880.5
1780761291.4445832,15,230.71875,862.25
1780761291.4445832,15,232.09375,844.5
1780761291.4445832,15,233.5,825.5
1780761291.4445832,15,234.875,810.5
1780761291.4445832,15,236.125,797.25
1780761291.4445832,15,237.640625,784.75
1780761291.4445832,15,242.890625,777.0
1780761291.4445832,15,247.796875,1127.25
1780761291.4445832,15,252.75,1462.0
1780761291.4445832,15,255.453125,1469.5
1780761291.4445832,15,258.09375,1441.0
1780761291.4445832,15,259.4375,1458.25
1780761291.4445832,15,260.796875,1456.75
1780761291.4445832,15,262.171875,1456.0
1780761291.4445832,15,263.46875,1448.25
1780761291.4445832,15,264.875,1435.25
1780761291.4445832,15,266.171875,1435.0
1780761291.4445832,15,267.515625,1440.5
1780761291.4445832,15,268.859375,1440.5
1780761291.4445832,15,270.234375,1440.25
1780761291.4445832,8,271.59375,1432.75
1780761291.4445832,15,272.859375,1425.5
1780761291.4445832,15,274.25,1433.5
1780761291.4445832,15,280.828125,1449.5
1780761291.4445832,15,282.21875,1457.75
1780761291.4445832,15,283.515625,1458.5
1780761291.4445832,15,284.875,1468.5
1780761291.4445832,15,286.15625,1480.5
1780761291.4445832,15,287.515625,1485.75
1780761291.4445832,8,288.796875,1508.5
1780761291.4445832,15,290.15625,1537.25
1780761291.4445832,15,291.46875,1539.0
1780761291.4445832,15,292.828125,1540.25
1780761291.4445832,15,294.140625,1559.75
1780761291.4445832,15,295.484375,1579.5
1780761291.4445832,15,296.84375,1590.0
1780761291.4445832,15,298.109375,1601.5
1780761291.4445832,15,299.515625,1630.5
1780761291.4445832,15,300.90625,1660.75
1780761291.4445832,15,302.1875,1683.75
1780761291.4445832,15,303.53125,1707.5
1780761291.4445832,15,308.484375,807.25
1780761291.4445832,15,309.921875,798.5
1780761291.4445832,15,311.265625,793.5
1780761291.4445832,15,343.609375,2274.75
1780761291.4445832,15,344.953125,2254.75
1780761291.4445832,15,346.28125,2254.0
1780761291.4445832,15,350.4375,1842.25
1780761291.582489,15,351.765625,1849.0
1780761291.582489,10,353.078125,1829.5
1780761291.582489,15,354.421875,1815.5
1780761291.582489,9,355.796875,1816.75
1780761291.582489,14,357.09375,1832.75
1780761291.582489,15,358.4375,1837.75
1780761291.582489,15,359.828125,1828.5
1780761291.582489,15,1.109375,1828.5
1780761291.582489,15,2.484375,1831.0
1780761291.582489,15,3.8125,1830.25
1780761291.582489,15,5.171875,1827.75
1780761291.582489,15,6.5,1823.75
1780761291.582489,14,10.484375,1843.0
1780761291.582489,15,11.84375,1885.75
1780761291.582489,15,35.40625,908.0
1780761291.582489,15,39.796875,830.75
1780761291.582489,15,42.5,782.75
1780761291.582489,15,44.0,762.25
1780761291.582489,15,45.34375,752.25
1780761291.582489,15,46.65625,761.0
1780761291.582489,15,47.953125,781.25
1780761291.582489,15,49.203125,800.0
1780761291.582489,15,53.125,878.25
1780761291.582489,15,54.46875,864.0
1780761291.582489,15,55.8125,848.5
1780761291.582489,15,57.203125,833.25
1780761291.582489,15,58.578125,820.25
1780761291.582489,15,59.984375,809.25
1780761291.582489,15,61.28125,797.5
1780761291.582489,15,62.78125,786.5
1780761291.582489,15,64.078125,776.75
1780761291.582489,15,65.53125,767.5
1780761291.582489,15,66.90625,759.25
1780761291.582489,15,68.140625,751.0
1780761291.582489,15,69.625,743.5
1780761291.582489,15,70.84375,737.0
1780761291.582489,15,72.1875,732.0
1780761291.582489,15,73.671875,727.0
1780761291.582489,15,75.046875,721.25
1780761291.582489,15,76.375,716.0
1780761291.582489,15,77.640625,711.75
1780761291.582489,15,79.109375,708.75
1780761291.582489,15,80.4375,705.75
1780761291.582489,15,83.859375,528.0
1780761291.582489,15,85.171875,526.75
1780761291.582489,15,86.515625,524.5
1780761291.582489,15,87.71875,523.5
1780761291.582489,15,89.0625,522.25
1780761291.582489,15,90.5625,521.25
1780761291.582489,15,91.8125,521.5
1780761291.582489,15,93.15625,523.5
1780761291.582489,15,94.5,525.0
1780761291.582489,15,95.84375,525.25
1780761291.582489,15,97.140625,527.25
1780761291.582489,15,98.453125,531.0
1780761291.582489,15,103.25,706.0
1780761291.582489,15,104.59375,709.75
1780761291.582489,15,105.921875,713.25
1780761291.582489,15,107.21875,717.0
1780761291.582489,15,108.578125,722.25
1780761291.582489,15,109.9375,728.5
1780761291.582489,15,111.21875,734.25
1780761291.582489,15,112.5,740.5
1780761291.582489,15,113.8125,747.5
1780761291.582489,15,115.25,754.25
1780761291.582489,15,116.5,763.25
1780761291.582489,15,120.5625,767.5
1780761291.582489,6,124.921875,1539.25
1780761291.582489,15,129.078125,1373.5
1780761291.582489,15,133.265625,1238.0
1780761291.582489,3,134.578125,1220.25
1780761291.582489,15,135.96875,1208.75
1780761291.582489,15,138.75,1135.75
1780761291.582489,15,140.078125,1119.0
1780761291.582489,15,141.453125,1095.5
1780761291.582489,15,142.859375,1067.75
1780761291.582489,15,144.203125,1052.5
1780761291.582489,15,145.46875,1059.75
1780761291.582489,15,153.40625,1187.75
1780761291.582489,10,156.015625,1230.25
1780761291.582489,6,157.421875,1225.5
1780761291.582489,15,158.796875,1213.5
1780761291.582489,15,160.140625,1200.25
1780761291.582489,15,172.703125,841.0
1780761291.582489,15,174.09375,839.0
1780761291.582489,15,175.4375,835.25
1780761291.582489,15,176.828125,831.5
1780761291.582489,15,178.125,830.25
1780761291.582489,15,179.515625,830.0
1780761291.582489,15,180.859375,829.5
1780761291.582489,15,182.125,829.0
1780761291.582489,15,183.546875,830.5
1780761291.582489,15,184.765625,831.5
1780761291.582489,15,186.171875,834.0
1780761291.582489,15,187.484375,834.75
1780761291.582489,15,188.90625,834.0
1780761291.582489,15,190.21875,838.25
1780761291.582489,15,191.484375,843.25
1780761291.582489,15,192.875,848.25
1780761291.582489,15,194.109375,852.5
1780761291.582489,15,195.515625,856.0
1780761291.582489,15,196.8125,860.75
1780761291.582489,15,198.140625,865.5
1780761291.582489,15,203.03125,1205.25
1780761291.582489,15,204.359375,1219.75
1780761291.582489,15,215.109375,1235.0
1780761291.582489,15,216.46875,1234.25
1780761291.582489,15,217.796875,1234.25
1780761291.582489,15,219.15625,1242.75
1780761291.582489,15,222.109375,999.0
1780761291.582489,15,223.515625,970.25
1780761291.582489,15,224.84375,946.0
1780761291.582489,15,226.203125,926.5
1780761291.582489,15,227.6875,906.5
1780761291.582489,15,228.96875,885.25
1780761291.582489,15,230.40625,866.5
1780761291.582489,15,231.8125,848.75
1780761291.582489,15,233.140625,829.75
1780761291.582489,15,234.578125,814.25
1780761291.582489,15,235.859375,800.75
1780761291.582489,15,237.328125,787.5
1780761291.582489,15,238.578125,775.0
1780761291.582489,15,240.046875,763.75
1780761291.582489,15,244.0625,757.5
1780761291.582489,15,245.359375,758.5
1780761291.582489,15,246.703125,761.75
1780761291.582489,15,248.78125,1115.75
1780761291.582489,15,250.15625,1099.0
1780761291.582489,15,256.453125,1466.25
1780761291.582489,15,259.203125,1425.0
1780761291.582489,15,260.46875,1450.5
1780761291.582489,15,261.84375,1457.25
1780761291.582489,15,263.21875,1455.75
1780761291.582489,15,264.546875,1448.75
1780761291.582489,15,265.875,1434.5
1780761291.582489,15,267.234375,1427.5
1780761291.582489,7,268.625,1426.25
1780761291.582489,7,269.90625,1431.75
1780761291.582489,15,271.265625,1432.0
1780761291.582489,15,272.578125,1419.75
1780761291.582489,15,273.90625,1420.75
1780761291.582489,15,275.1875,1434.25
1780761291.582489,15,277.84375,1441.75
1780761291.582489,15,279.171875,1442.5
1780761291.582489,15,285.828125,1481.75
1780761291.582489,15,287.15625,1484.75
1780761291.582489,8,288.5,1507.25
1780761291.582489,15,289.828125,1529.0
1780761291.582489,15,291.15625,1538.25
1780761291.582489,15,292.5,1547.5
1780761291.582489,15,293.8125,1550.0
1780761291.582489,15,295.15625,1570.0
1780761291.582489,15,296.4375,1589.5
1780761291.582489,15,297.8125,1594.75
1780761291.582489,15,299.28125,1624.0
1780761291.582489,15,300.578125,1660.5
1780761291.582489,15,303.265625,1695.5
1780761291.582489,15,304.59375,1733.0
1780761291.582489,15,305.921875,1747.75
1780761291.582489,15,309.59375,838.25
1780761291.582489,15,310.953125,827.5
1780761291.582489,15,312.359375,818.0
1780761291.582489,15,313.5625,821.75
1780761291.582489,15,343.328125,2294.25
1780761291.582489,15,344.671875,2294.25
1780761291.582489,15,346.015625,2294.25
1780761291.582489,15,347.359375,2275.0
1780761291.582489,11,350.15625,1885.0
1780761291.7196512,15,351.5,1885.0
1780761291.7196512,15,352.84375,1887.0
1780761291.7196512,15,354.140625,1906.5
1780761291.7196512,15,356.8125,1872.0
1780761291.7196512,15,358.15625,1874.0
1780761291.7196512,15,359.5,1868.75
1780761291.7196512,15,0.875,1864.5
1780761291.7196512,15,2.171875,1868.75
1780761291.7196512,11,3.546875,1866.75
1780761291.7196512,12,4.890625,1858.75
1780761291.7196512,11,6.234375,1859.25
1780761291.7196512,15,7.53125,1885.75
1780761291.7196512,12,8.875,1883.75
1780761291.7196512,6,10.1875,1865.25
1780761291.7196512,4,29.359375,1433.0
1780761291.7196512,15,32.109375,1320.0
1780761291.7196512,7,35.3125,920.0
1780761291.7196512,15,39.59375,835.25
1780761291.7196512,15,43.609375,774.75
1780761291.7196512,15,45.03125,789.75
1780761291.7196512,15,46.359375,810.0
1780761291.7196512,15,47.546875,828.75
1780761291.7196512,15,51.53125,898.25
1780761291.7196512,15,52.890625,882.0
1780761291.7196512,15,54.328125,866.75
1780761291.7196512,15,55.703125,850.75
1780761291.7196512,15,57.09375,836.0
1780761291.7196512,15,58.359375,822.0
1780761291.7196512,15,59.765625,810.0
1780761291.7196512,15,61.109375,798.5
1780761291.7196512,15,62.53125,788.0
1780761291.7196512,15,63.9375,778.5
1780761291.7196512,15,65.1875,768.0
1780761291.7196512,15,66.5,760.0
1780761291.7196512,15,68.03125,752.25
1780761291.7196512,15,69.296875,744.25
1780761291.7196512,15,70.703125,737.5
1780761291.7196512,15,72.09375,732.0
1780761291.7196512,15,73.46875,726.5
1780761291.7196512,15,74.703125,720.75
1780761291.7196512,15,76.046875,716.25
1780761291.7196512,15,77.4375,712.0
1780761291.7196512,15,80.875,532.5
1780761291.7196512,15,82.3125,530.5
1780761291.7196512,15,83.6875,528.5
1780761291.7196512,15,84.703125,526.25
1780761291.7196512,15,86.046875,524.0
1780761291.7196512,15,87.453125,522.5
1780761291.7196512,15,88.953125,521.0
1780761291.7196512,15,90.328125,521.5
1780761291.7196512,15,91.4375,524.0
1780761291.7196512,15,92.96875,525.0
1780761291.7196512,15,94.171875,526.5
1780761291.7196512,15,98.8125,694.5
1780761291.7196512,15,100.234375,696.5
1780761291.7196512,15,101.515625,700.5
1780761291.7196512,15,102.75,705.0
1780761291.7196512,15,104.234375,709.75
1780761291.7196512,15,105.578125,713.75
1780761291.7196512,15,106.71875,717.75
1780761291.7196512,15,108.21875,722.75
1780761291.7196512,15,109.546875,727.75
1780761291.7196512,15,110.765625,732.75
1780761291.7196512,15,112.15625,738.25
1780761291.7196512,15,113.40625,745.25
1780761291.7196512,15,114.859375,753.25
1780761291.7196512,5,123.1875,1540.0
1780761291.7196512,15,126.0,1406.75
1780761291.7196512,15,127.375,1371.75
1780761291.7196512,15,128.734375,1338.5
1780761291.7196512,15,131.46875,1249.0
1780761291.7196512,15,134.171875,1159.25
1780761291.7196512,9,135.5625,1155.25
1780761291.7196512,15,136.96875,1141.0
1780761291.7196512,15,138.296875,1121.0
1780761291.7196512,15,141.078125,1057.75
1780761291.7196512,15,142.40625,1035.5
1780761291.7196512,15,143.765625,1026.75
1780761291.7196512,15,145.109375,1036.25
1780761291.7196512,15,148.96875,1154.5
1780761291.7196512,10,151.578125,1157.0
1780761291.7196512,15,152.9375,1148.0
1780761291.7196512,7,155.546875,1212.0
1780761291.7196512,15,156.984375,1201.25
1780761291.7196512,15,158.34375,1180.75
1780761291.7196512,15,159.59375,1173.5
1780761291.7196512,15,172.359375,804.75
1780761291.7196512,15,173.65625,801.0
1780761291.7196512,15,174.984375,799.0
1780761291.7196512,15,176.390625,797.25
1780761291.7196512,15,177.640625,794.75
1780761291.7196512,15,178.90625,794.0
1780761291.7196512,15,180.40625,793.25
1780761291.7196512,15,181.703125,792.25
1780761291.7196512,15,183.140625,793.0
1780761291.7196512,15,184.46875,793.0
1780761291.7196512,15,185.78125,792.75
1780761291.7196512,15,187.140625,794.5
1780761291.7196512,15,188.484375,797.0
1780761291.7196512,15,189.8125,800.75
1780761291.7196512,15,191.03125,804.75
1780761291.7196512,15,192.484375,808.25
1780761291.7196512,15,193.84375,812.75
1780761291.7196512,15,195.125,816.75
1780761291.7196512,15,196.484375,819.25
1780761291.7196512,15,197.765625,824.75
1780761291.7196512,15,199.140625,831.25
1780761291.7196512,15,203.921875,1174.75
1780761291.7196512,15,205.296875,1195.75
1780761291.7196512,15,216.046875,1210.5
1780761291.7196512,15,217.328125,1206.25
1780761291.7196512,15,218.65625,1206.5
1780761291.7196512,15,220.046875,1214.5
1780761291.7196512,15,221.34375,1217.5
1780761291.7196512,15,224.359375,957.5
1780761291.7196512,15,225.828125,936.75
1780761291.7196512,15,227.203125,916.75
1780761291.7196512,15,228.484375,895.25
1780761291.7196512,15,229.953125,874.75
1780761291.7196512,15,231.234375,857.75
1780761291.7196512,15,232.703125,840.5
1780761291.7196512,15,233.96875,822.0
1780761291.7196512,15,235.40625,808.25
1780761291.7196512,15,236.734375,794.5
1780761291.7196512,15,238.109375,781.0
1780761291.7196512,15,239.515625,769.0
1780761291.7196512,15,240.921875,757.75
1780761291.7196512,15,242.21875,747.25
1780761291.7196512,15,247.59375,739.0
1780761291.7196512,15,248.890625,742.0
1780761291.7196512,15,256.0,1442.0
1780761291.7196512,15,261.359375,1448.75
1780761291.7196512,15,262.703125,1456.0
1780761291.7196512,15,264.015625,1442.0
1780761291.7196512,15,265.390625,1428.0
1780761291.7196512,7,266.703125,1433.0
1780761291.7196512,15,268.046875,1439.75
1780761291.7196512,7,269.375,1426.75
1780761291.7196512,15,270.734375,1419.0
1780761291.7196512,15,272.046875,1426.75
1780761291.7196512,15,273.359375,1434.25
1780761291.7196512,15,274.75,1441.0
1780761291.7196512,15,276.09375,1434.0
1780761291.7196512,15,277.421875,1434.25
1780761291.7196512,15,280.125,1449.0
1780761291.7196512,15,281.46875,1457.0
1780761291.7196512,15,282.828125,1458.0
1780761291.7196512,15,286.828125,1450.75
1780761291.7196512,8,289.453125,1513.5
1780761291.7196512,15,290.8125,1538.5
1780761291.7196512,15,292.109375,1547.75
1780761291.7196512,7,293.4375,1549.0
1780761291.7196512,15,294.78125,1568.75
1780761291.7196512,15,296.15625,1588.75
1780761291.7196512,15,297.46875,1590.5
1780761291.7196512,15,298.796875,1607.5
1780761291.7196512,15,300.046875,1636.5
1780761291.7196512,15,301.390625,1661.25
1780761291.7196512,3,302.703125,1685.25
1780761291.7196512,15,305.40625,1722.75
1780761291.7196512,15,306.71875,1748.25
1780761291.7196512,15,311.640625,860.75
1780761291.7196512,15,313.015625,853.75
1780761291.7196512,15,314.375,845.75
1780761291.7196512,15,344.046875,2294.25
1780761291.7196512,15,345.390625,2294.25
1780761291.7196512,15,346.703125,2294.25
1780761291.7196512,15,350.859375,1921.25
1780761291.857501,15,352.1875,1926.25
1780761291.857501,15,353.53125,1928.5
1780761291.857501,15,354.84375,1924.0
1780761291.857501,15,356.234375,1901.5
1780761291.857501,15,357.546875,1910.5
1780761291.857501,15,358.875,1901.25
1780761291.857501,15,0.234375,1893.75
1780761291.857501,15,1.53125,1903.0
1780761291.857501,15,2.9375,1897.75
1780761291.857501,15,4.234375,1907.25
1780761291.857501,15,5.5625,1910.25
1780761291.857501,15,6.875,1910.75
1780761291.857501,15,8.28125,1899.25
1780761291.857501,15,9.5625,1891.75
1780761291.857501,15,10.890625,1924.5
1780761291.857501,15,33.0625,960.5
1780761291.857501,15,34.453125,936.25
1780761291.857501,15,35.9375,909.5
1780761291.857501,15,40.09375,826.75
1780761291.857501,15,41.40625,809.25
1780761291.857501,15,42.71875,812.5
1780761291.857501,15,44.03125,830.5
1780761291.857501,10,45.25,847.0
1780761291.857501,15,46.640625,866.25
1780761291.857501,15,49.171875,925.0
1780761291.857501,15,50.609375,909.75
1780761291.857501,15,51.953125,892.25
1780761291.857501,15,53.28125,876.25
1780761291.857501,15,54.625,861.5
1780761291.857501,15,56.09375,845.75
1780761291.857501,15,57.390625,830.5
1780761291.857501,15,58.859375,817.25
1780761291.857501,15,60.234375,805.75
1780761291.857501,15,61.515625,795.0
1780761291.857501,15,62.921875,785.0
1780761291.857501,15,64.3125,775.5
1780761291.857501,15,65.609375,765.0
1780761291.857501,15,66.875,756.75
1780761291.857501,15,68.375,749.25
1780761291.857501,15,69.65625,741.5
1780761291.857501,15,71.046875,736.25
1780761291.857501,15,72.421875,730.5
1780761291.857501,15,73.75,725.75
1780761291.857501,15,77.0625,540.75
1780761291.857501,15,78.421875,537.5
1780761291.857501,15,79.828125,533.75
1780761291.857501,15,81.25,531.25
1780761291.857501,15,82.421875,529.0
1780761291.857501,15,83.78125,526.75
1780761291.857501,15,85.125,524.5
1780761291.857501,15,86.59375,523.25
1780761291.857501,15,87.796875,523.75
1780761291.857501,15,89.109375,525.0
1780761291.857501,15,90.625,526.0
1780761291.857501,15,95.203125,689.75
1780761291.857501,15,96.65625,691.25
1780761291.857501,15,97.890625,692.0
1780761291.857501,15,99.265625,694.5
1780761291.857501,15,100.671875,697.75
1780761291.857501,15,101.828125,701.25
1780761291.857501,15,103.265625,705.5
1780761291.857501,15,104.5625,709.25
1780761291.857501,15,105.984375,713.0
1780761291.857501,15,107.25,717.0
1780761291.857501,15,108.609375,722.25
1780761291.857501,15,109.859375,728.5
1780761291.857501,15,111.25,733.75
1780761291.857501,15,112.4375,740.0
1780761291.857501,15,116.453125,741.5
1780761291.857501,15,119.34375,1808.0
1780761291.857501,15,123.5625,1434.75
1780761291.857501,15,124.953125,1409.25
1780761291.857501,15,127.75,1253.0
1780761291.857501,15,129.078125,1247.0
1780761291.857501,15,130.4375,1226.0
1780761291.857501,9,133.15625,1166.25
1780761291.857501,15,138.703125,1039.25
1780761291.857501,15,140.0,1019.25
1780761291.857501,15,141.40625,1003.75
1780761291.857501,15,142.6875,999.0
1780761291.857501,15,144.0625,1014.25
1780761291.857501,9,145.3125,1038.0
1780761291.857501,15,150.578125,1124.75
1780761291.857501,15,151.90625,1120.5
1780761291.857501,15,154.46875,1180.0
1780761291.857501,12,156.03125,1178.25
1780761291.857501,15,157.34375,1157.75
1780761291.857501,15,158.75,1145.0
1780761291.857501,15,160.03125,1137.25
1780761291.857501,15,172.75,765.5
1780761291.857501,15,174.015625,762.75
1780761291.857501,15,175.40625,761.75
1780761291.857501,15,176.703125,760.25
1780761291.857501,15,178.125,758.5
1780761291.857501,15,179.5625,757.25
1780761291.857501,15,180.734375,756.5
1780761291.857501,15,182.109375,756.0
1780761291.857501,15,183.484375,758.25
1780761291.857501,15,184.6875,757.25
1780761291.857501,15,186.140625,756.0
1780761291.857501,15,187.46875,758.5
1780761291.857501,15,188.6875,760.5
1780761291.857501,15,190.125,764.0
1780761291.857501,15,191.359375,767.75
1780761291.857501,15,192.765625,772.0
1780761291.857501,15,194.140625,775.0
1780761291.857501,15,195.359375,779.0
1780761291.857501,15,196.75,783.25
1780761291.857501,15,198.046875,788.0
1780761291.857501,15,199.4375,794.0
1780761291.857501,15,204.1875,1142.75
1780761291.857501,15,205.421875,1163.0
1780761291.857501,15,216.140625,1188.75
1780761291.857501,15,217.484375,1189.75
1780761291.857501,15,218.890625,1177.0
1780761291.857501,15,220.140625,1185.25
1780761291.857501,15,221.515625,1192.0
1780761291.857501,15,222.84375,1190.75
1780761291.857501,15,225.84375,934.75
1780761291.857501,15,227.25,913.75
1780761291.857501,15,228.625,893.0
1780761291.857501,15,229.96875,873.25
1780761291.857501,15,231.3125,856.5
1780761291.857501,15,232.6875,839.25
1780761291.857501,15,234.078125,821.5
1780761291.857501,15,235.4375,807.25
1780761291.857501,15,236.78125,794.0
1780761291.857501,15,238.203125,780.75
1780761291.857501,15,239.484375,768.75
1780761291.857501,15,241.0,757.0
1780761291.857501,15,242.328125,746.5
1780761291.857501,15,243.59375,737.25
1780761291.857501,15,245.0,727.75
1780761291.857501,15,250.421875,729.0
1780761291.857501,15,251.59375,737.0
1780761291.857501,15,262.65625,1441.75
1780761291.857501,15,263.96875,1448.5
1780761291.857501,15,265.34375,1441.25
1780761291.857501,15,266.6875,1434.25
1780761291.857501,15,267.96875,1427.25
1780761291.857501,15,269.328125,1420.0
1780761291.857501,15,270.6875,1419.25
1780761291.857501,6,272.015625,1432.25
1780761291.857501,6,273.390625,1432.0
1780761291.857501,15,274.6875,1426.5
1780761291.857501,15,275.984375,1434.5
1780761291.857501,15,277.359375,1448.5
1780761291.857501,15,278.6875,1455.75
1780761291.857501,15,281.34375,1449.25
1780761291.857501,15,282.671875,1450.5
1780761291.857501,15,284.046875,1460.0
1780761291.857501,15,285.359375,1469.75
1780761291.857501,15,290.609375,1529.0
1780761291.857501,15,291.984375,1539.0
1780761291.857501,15,293.328125,1548.75
1780761291.857501,15,294.578125,1569.0
1780761291.857501,15,295.953125,1589.0
1780761291.857501,15,297.3125,1590.0
1780761291.857501,15,298.578125,1604.5
1780761291.857501,15,299.953125,1633.75
1780761291.857501,15,301.265625,1661.0
1780761291.857501,3,302.546875,1685.0
1780761291.857501,6,303.921875,1709.25
1780761291.857501,15,305.1875,1734.5
1780761291.857501,15,306.546875,1759.5
1780761291.857501,15,307.828125,1795.25
1780761291.857501,15,309.21875,1833.0
1780761291.857501,15,314.078125,879.5
1780761291.857501,15,315.40625,872.5
1780761291.857501,15,316.796875,871.5
1780761291.857501,15,342.515625,2294.25
1780761291.857501,15,343.828125,2294.25
1780761291.857501,15,345.171875,2294.25
1780761291.857501,15,346.609375,2294.25
1780761291.857501,15,347.953125,2294.25
1780761291.857501,15,350.765625,1969.0
1780761291.994793,15,352.09375,1979.5
1780761291.994793,15,353.4375,1963.0
1780761291.994793,15,357.453125,1948.25
1780761291.994793,15,358.84375,1966.5
1780761291.994793,15,0.171875,1951.0
1780761291.994793,15,1.515625,1945.75
1780761291.994793,8,2.859375,1949.75
1780761291.994793,15,4.234375,1937.0
1780761291.994793,15,5.5625,1932.0
1780761291.994793,9,6.890625,1945.25
1780761291.994793,15,8.21875,1934.75
1780761291.994793,15,9.578125,1945.75
1780761291.994793,15,10.859375,2004.5
1780761291.994793,15,34.53125,936.5
1780761291.994793,15,37.328125,877.5
1780761291.994793,15,40.125,835.5
1780761291.994793,15,41.46875,840.5
1780761291.994793,15,42.6875,858.75
1780761291.994793,15,44.03125,878.75
1780761291.994793,9,45.3125,899.5
1780761291.994793,15,47.953125,945.75
1780761291.994793,15,49.421875,926.5
1780761291.994793,15,50.703125,909.5
1780761291.994793,15,52.171875,892.75
1780761291.994793,15,53.5,875.0
1780761291.994793,15,54.953125,860.25
1780761291.994793,15,56.1875,846.0
1780761291.994793,15,57.640625,830.0
1780761291.994793,15,58.921875,817.5
1780761291.994793,15,60.34375,806.5
1780761291.994793,15,61.609375,794.5
1780761291.994793,15,62.96875,783.75
1780761291.994793,15,64.421875,775.25
1780761291.994793,15,65.703125,766.75
1780761291.994793,15,67.125,757.75
1780761291.994793,15,68.40625,750.0
1780761291.994793,15,69.90625,742.0
1780761291.994793,15,73.109375,551.25
1780761291.994793,15,74.515625,547.75
1780761291.994793,15,75.8125,544.0
1780761291.994793,15,77.375,540.5
1780761291.994793,15,78.75,537.0
1780761291.994793,15,80.015625,534.0
1780761291.994793,15,81.390625,531.5
1780761291.994793,15,82.59375,529.75
1780761291.994793,15,84.1875,528.25
1780761291.994793,15,85.546875,526.0
1780761291.994793,15,86.6875,526.25
1780761291.994793,15,90.140625,689.5
1780761291.994793,15,91.40625,688.5
1780761291.994793,15,92.796875,688.5
1780761291.994793,15,94.109375,689.0
1780761291.994793,15,95.46875,690.0
1780761291.994793,15,96.828125,692.25
1780761291.994793,15,98.140625,695.0
1780761291.994793,15,99.3125,696.5
1780761291.994793,15,100.75,698.5
1780761291.994793,15,101.984375,703.0
1780761291.994793,15,103.328125,707.25
1780761291.994793,15,104.78125,710.0
1780761291.994793,15,106.09375,713.25
1780761291.994793,15,107.328125,719.0
1780761291.994793,15,108.65625,724.0
1780761291.994793,15,109.890625,729.25
1780761291.994793,15,113.953125,729.0
1780761291.994793,15,116.765625,1760.0
1780761291.994793,15,118.09375,1783.5
1780761291.994793,4,122.3125,1433.5
1780761291.994793,4,127.796875,1244.0
1780761291.994793,15,130.578125,1158.5
1780761291.994793,15,131.921875,1143.25
1780761291.994793,15,136.109375,1038.5
1780761291.994793,15,137.390625,1020.75
1780761291.994793,15,138.703125,1002.75
1780761291.994793,15,140.125,979.25
1780761291.994793,15,141.4375,974.5
1780761291.994793,15,142.703125,991.5
1780761291.994793,15,143.96875,1016.5
1780761291.994793,15,145.34375,1042.5
1780761291.994793,15,153.296875,1127.5
1780761291.994793,13,154.53125,1141.25
1780761291.994793,15,155.953125,1142.0
1780761291.994793,15,157.296875,1120.25
1780761291.994793,15,158.71875,1107.0
1780761291.994793,15,171.40625,731.5
1780761291.994793,15,172.765625,729.5
1780761291.994793,15,174.015625,727.5
1780761291.994793,15,175.328125,726.75
1780761291.994793,15,176.640625,725.75
1780761291.994793,15,178.046875,724.75
1780761291.994793,15,179.3125,723.5
1780761291.994793,15,180.75,722.0
1780761291.994793,15,182.078125,722.0
1780761291.994793,15,183.5,723.25
1780761291.994793,15,184.921875,722.25
1780761291.994793,15,186.171875,722.75
1780761291.994793,15,187.453125,725.25
1780761291.994793,15,188.875,726.75
1780761291.994793,15,190.28125,728.25
1780761291.994793,15,191.5,730.5
1780761291.994793,15,192.828125,735.25
1780761291.994793,15,194.265625,739.0
1780761291.994793,15,195.5625,743.0
1780761291.994793,15,196.875,746.75
1780761291.994793,15,198.1875,751.0
1780761291.994793,15,199.421875,757.0
1780761291.994793,15,200.859375,762.25
1780761291.994793,15,205.609375,1122.25
1780761291.994793,13,206.890625,1147.0
1780761291.994793,9,217.625,1163.5
1780761291.994793,15,219.015625,1162.25
1780761291.994793,15,220.359375,1158.25
1780761291.994793,11,221.6875,1163.0
1780761291.994793,15,222.984375,1167.75
1780761291.994793,10,224.28125,1167.25
1780761291.994793,15,227.328125,910.25
1780761291.994793,15,228.78125,893.0
1780761291.994793,15,230.0625,873.25
1780761291.994793,15,231.546875,856.5
1780761291.994793,15,232.875,839.5
1780761291.994793,15,234.328125,821.0
1780761291.994793,15,235.59375,807.0
1780761291.994793,15,237.0,794.25
1780761291.994793,15,238.421875,780.5
1780761291.994793,15,239.703125,768.75
1780761291.994793,15,241.046875,758.0
1780761291.994793,15,242.5,747.5
1780761291.994793,15,243.8125,737.5
1780761291.994793,15,245.15625,728.5
1780761291.994793,15,246.65625,719.75
1780761291.994793,15,247.859375,716.75
1780761291.994793,15,253.296875,719.5
1780761291.994793,15,254.640625,727.75
1780761291.994793,15,260.421875,1428.25
1780761291.994793,15,264.484375,1449.5
1780761291.994793,15,265.84375,1447.5
1780761291.994793,15,267.171875,1433.75
1780761291.994793,15,268.5,1434.0
1780761291.994793,7,269.84375,1433.5
1780761291.994793,6,271.203125,1425.75
1780761291.994793,15,272.5625,1426.5
1780761291.994793,15,273.875,1440.0
1780761291.994793,15,275.09375,1446.75
1780761291.994793,15,276.40625,1441.0
1780761291.994793,15,277.75,1441.75
1780761291.994793,15,279.09375,1449.25
1780761291.994793,15,280.40625,1456.5
1780761291.994793,15,281.765625,1456.75
1780761291.994793,15,284.40625,1467.75
1780761291.994793,15,285.765625,1479.75
1780761291.994793,15,287.125,1483.5
1780761291.994793,8,288.421875,1507.25
1780761291.994793,15,291.0625,1530.0
1780761291.994793,15,293.75,1541.5
1780761291.994793,15,295.0625,1569.75
1780761291.994793,15,296.421875,1589.25
1780761291.994793,15,297.75,1593.75
1780761291.994793,15,299.09375,1623.0
1780761291.994793,15,300.484375,1649.5
1780761291.994793,3,303.15625,1674.0
1780761291.994793,6,304.4375,1720.25
1780761291.994793,15,305.796875,1745.75
1780761291.994793,15,307.15625,1771.75
1780761291.994793,15,308.421875,1807.25
1780761291.994793,15,309.8125,1833.0
1780761291.994793,15,316.015625,905.0
1780761291.994793,15,317.28125,897.5
1780761291.994793,15,318.71875,898.75
1780761291.994793,15,344.421875,2294.5
1780761291.994793,15,345.765625,2294.5
1780761291.994793,15,347.078125,2294.25
1780761292.132502,15,351.203125,2012.75
1780761292.132502,15,352.515625,2015.0
1780761292.132502,15,356.5625,1972.75
1780761292.132502,15,357.890625,1968.25
1780761292.132502,15,359.21875,1978.25
1780761292.132502,15,0.5625,1992.25
1780761292.132502,15,1.90625,1995.0
1780761292.132502,15,3.234375,1990.5
1780761292.132502,15,4.625,1979.25
1780761292.132502,15,5.921875,1978.25
1780761292.132502,15,7.25,1977.75
1780761292.132502,15,8.625,1955.25
1780761292.132502,15,9.921875,1968.75
1780761292.132502,15,34.90625,931.5
1780761292.132502,15,39.078125,861.75
1780761292.132502,15,40.296875,875.5
1780761292.132502,15,41.546875,894.5
1780761292.132502,12,46.875,959.25
1780761292.132502,15,48.25,938.75
1780761292.132502,15,49.703125,920.75
1780761292.132502,15,50.953125,904.5
1780761292.132502,15,52.296875,888.5
1780761292.132502,15,53.6875,871.0
1780761292.132502,15,55.0625,856.75
1780761292.132502,15,56.484375,843.25
1780761292.132502,15,57.859375,826.0
1780761292.132502,15,59.25,811.75
1780761292.132502,15,60.53125,801.5
1780761292.132502,15,61.921875,790.75
1780761292.132502,15,63.34375,781.0
1780761292.132502,15,64.796875,771.5
1780761292.132502,15,66.125,763.5
1780761292.132502,15,69.375,563.25
1780761292.132502,15,70.796875,558.0
1780761292.132502,15,72.078125,553.75
1780761292.132502,15,73.5,550.0
1780761292.132502,15,75.0,546.5
1780761292.132502,15,76.359375,543.0
1780761292.132502,15,77.5,539.5
1780761292.132502,15,79.015625,536.25
1780761292.132502,15,80.203125,533.75
1780761292.132502,15,81.625,532.5
1780761292.132502,15,82.96875,530.5
1780761292.132502,15,87.78125,689.75
1780761292.132502,15,89.0,688.75
1780761292.132502,15,90.34375,689.0
1780761292.132502,15,91.75,689.25
1780761292.132502,15,93.0625,690.0
1780761292.132502,15,94.3125,690.5
1780761292.132502,15,95.640625,690.75
1780761292.132502,15,97.125,692.75
1780761292.132502,15,98.421875,695.75
1780761292.132502,15,99.6875,698.0
1780761292.132502,15,101.140625,700.25
1780761292.132502,15,102.3125,703.5
1780761292.132502,15,103.71875,707.25
1780761292.132502,15,105.109375,710.5
1780761292.132502,15,106.4375,714.0
1780761292.132502,15,107.75,718.75
1780761292.132502,15,114.421875,1733.5
1780761292.132502,15,115.796875,1748.0
1780761292.132502,15,117.125,1771.5
1780761292.132502,7,119.953125,1427.25
1780761292.132502,8,121.375,1392.25
1780761292.132502,15,122.734375,1352.0
1780761292.132502,4,125.421875,1245.75
1780761292.132502,15,128.171875,1179.5
1780761292.132502,15,132.4375,1056.0
1780761292.132502,15,133.765625,1049.5
1780761292.132502,15,136.53125,1006.75
1780761292.132502,15,137.84375,989.75
1780761292.132502,15,139.203125,969.75
1780761292.132502,15,140.625,958.5
1780761292.132502,15,141.921875,970.25
1780761292.132502,15,144.46875,1025.25
1780761292.132502,15,148.5,1070.0
1780761292.132502,15,149.859375,1050.75
1780761292.132502,12,152.453125,1093.0
1780761292.132502,15,155.140625,1112.75
1780761292.132502,15,156.5625,1090.25
1780761292.132502,11,157.921875,1077.75
1780761292.132502,15,170.609375,698.75
1780761292.132502,15,172.125,694.75
1780761292.132502,15,173.296875,693.0
1780761292.132502,15,174.671875,691.75
1780761292.132502,15,176.03125,690.75
1780761292.132502,15,177.40625,688.75
1780761292.132502,15,178.765625,687.0
1780761292.132502,15,180.09375,686.25
1780761292.132502,15,181.484375,685.5
1780761292.132502,15,182.8125,685.0
1780761292.132502,15,184.171875,685.75
1780761292.132502,15,185.515625,686.75
1780761292.132502,13,186.796875,687.75
1780761292.132502,15,188.09375,688.75
1780761292.132502,15,189.53125,690.5
1780761292.132502,15,190.703125,693.75
1780761292.132502,15,192.1875,698.25
1780761292.132502,15,193.484375,702.0
1780761292.132502,15,194.765625,705.25
1780761292.132502,15,196.046875,711.0
1780761292.132502,15,197.359375,715.25
1780761292.132502,15,198.796875,718.75
1780761292.132502,15,200.03125,723.75
1780761292.132502,15,201.46875,728.5
1780761292.132502,15,206.0625,1086.5
1780761292.132502,9,219.375,1141.0
1780761292.132502,15,220.65625,1136.0
1780761292.132502,15,222.0,1140.5
1780761292.132502,15,223.34375,1145.5
1780761292.132502,15,224.703125,1142.0
1780761292.132502,15,227.796875,900.5
1780761292.132502,15,229.15625,886.25
1780761292.132502,15,230.5,867.5
1780761292.132502,15,231.890625,850.25
1780761292.132502,15,233.296875,834.25
1780761292.132502,15,234.578125,817.5
1780761292.132502,15,235.96875,803.0
1780761292.132502,15,237.34375,789.75
1780761292.132502,15,238.640625,777.0
1780761292.132502,15,240.0625,765.75
1780761292.132502,15,241.484375,754.5
1780761292.132502,15,242.75,744.0
1780761292.132502,15,244.234375,735.0
1780761292.132502,15,245.578125,726.75
1780761292.132502,15,246.90625,717.5
1780761292.132502,15,248.3125,710.25
1780761292.132502,15,249.546875,703.5
1780761292.132502,15,261.96875,1433.25
1780761292.132502,7,265.953125,1447.5
1780761292.132502,15,267.296875,1440.0
1780761292.132502,6,268.71875,1433.25
1780761292.132502,6,270.0625,1425.75
1780761292.132502,15,271.34375,1433.25
1780761292.132502,7,272.703125,1433.75
1780761292.132502,15,273.984375,1434.0
1780761292.132502,15,275.265625,1441.0
1780761292.132502,15,276.640625,1441.0
1780761292.132502,15,277.984375,1440.25
1780761292.132502,15,279.28125,1447.75
1780761292.132502,15,280.59375,1456.75
1780761292.132502,15,282.0,1457.0
1780761292.132502,15,283.328125,1457.5
1780761292.132502,15,285.984375,1470.75
1780761292.132502,15,287.28125,1489.0
1780761292.132502,8,288.609375,1512.0
1780761292.132502,15,289.953125,1529.5
1780761292.132502,5,291.25,1530.25
1780761292.132502,15,296.546875,1581.0
1780761292.132502,15,297.921875,1595.5
1780761292.132502,15,299.25,1614.5
1780761292.132502,15,300.59375,1650.25
1780761292.132502,15,303.21875,1695.25
1780761292.132502,15,304.515625,1731.5
1780761292.132502,15,305.859375,1746.25
1780761292.132502,15,307.1875,1771.75
1780761292.132502,15,308.5,1819.75
1780761292.132502,15,317.28125,927.0
1780761292.132502,15,318.671875,920.75
1780761292.132502,15,319.9375,924.75
1780761292.132502,15,328.546875,2294.25
1780761292.132502,15,332.546875,2298.25
1780761292.2705219,15,351.359375,2042.75
1780761292.2705219,15,352.703125,2057.5
1780761292.2705219,15,354.046875,2044.5
1780761292.2705219,15,355.390625,2040.25
1780761292.2705219,15,356.703125,2038.5
1780761292.2705219,15,358.0625,2026.25
1780761292.2705219,15,359.40625,2027.0
1780761292.2705219,15,0.71875,2026.25
1780761292.2705219,15,2.09375,2017.5
1780761292.2705219,15,3.4375,2011.0
1780761292.2705219,15,4.765625,2011.25
1780761292.2705219,15,6.109375,2026.0
1780761292.2705219,15,7.421875,2019.25
1780761292.2705219,15,8.78125,2007.25
1780761292.2705219,15,10.109375,2039.5
1780761292.2705219,1,15.0,4174.25
1780761292.2705219,15,30.78125,1027.0
1780761292.2705219,15,34.828125,928.75
1780761292.2705219,15,37.765625,889.5
1780761292.2705219,15,39.078125,906.0
1780761292.2705219,15,40.328125,922.75
1780761292.2705219,15,41.71875,937.0
1780761292.2705219,15,44.359375,1000.5
1780761292.2705219,15,45.703125,979.25
1780761292.2705219,15,47.046875,957.25
1780761292.2705219,15,48.390625,937.25
1780761292.2705219,15,49.828125,919.75
1780761292.2705219,15,51.25,901.75
1780761292.2705219,15,52.546875,885.0
1780761292.2705219,15,53.9375,869.0
1780761292.2705219,15,55.328125,856.0
1780761292.2705219,15,56.71875,840.5
1780761292.2705219,15,58.03125,824.0
1780761292.2705219,15,59.328125,813.25
1780761292.2705219,15,60.75,802.75
1780761292.2705219,15,62.09375,791.0
1780761292.2705219,15,63.5,780.75
1780761292.2705219,15,66.859375,577.75
1780761292.2705219,15,68.1875,571.25
1780761292.2705219,15,69.65625,563.75
1780761292.2705219,15,70.890625,557.75
1780761292.2705219,15,72.484375,553.0
1780761292.2705219,15,73.84375,550.0
1780761292.2705219,15,75.15625,546.75
1780761292.2705219,15,76.546875,544.0
1780761292.2705219,15,77.71875,541.5
1780761292.2705219,15,79.234375,539.75
1780761292.2705219,15,87.765625,689.5
1780761292.2705219,15,89.109375,689.0
1780761292.2705219,15,90.4375,690.25
1780761292.2705219,15,91.828125,690.25
1780761292.2705219,15,93.0625,690.25
1780761292.2705219,15,94.4375,691.0
1780761292.2705219,15,95.796875,692.0
1780761292.2705219,15,97.03125,693.75
1780761292.2705219,15,98.40625,695.5
1780761292.2705219,15,99.84375,698.0
1780761292.2705219,15,101.1875,700.5
1780761292.2705219,15,102.421875,704.0
1780761292.2705219,15,103.703125,707.75
1780761292.2705219,15,107.859375,702.5
1780761292.2705219,15,111.84375,1709.5
1780761292.2705219,5,113.15625,1731.5
1780761292.2705219,15,114.515625,1745.25
1780761292.2705219,15,115.828125,1747.75
1780761292.2705219,15,118.6875,1426.5
1780761292.2705219,15,124.25,1226.0
1780761292.2705219,6,126.96875,1152.5
1780761292.2705219,15,129.734375,1068.25
1780761292.2705219,15,131.15625,1048.5
1780761292.2705219,15,132.421875,1020.5
1780761292.2705219,15,133.859375,998.75
1780761292.2705219,15,135.15625,979.0
1780761292.2705219,15,136.484375,956.75
1780761292.2705219,15,137.90625,934.0
1780761292.2705219,15,139.15625,931.75
1780761292.2705219,15,140.5,950.0
1780761292.2705219,15,141.765625,974.75
1780761292.2705219,15,143.046875,1004.0
1780761292.2705219,15,147.09375,1045.25
1780761292.2705219,15,148.453125,1025.5
1780761292.2705219,15,150.96875,1079.0
1780761292.2705219,15,152.296875,1099.25
1780761292.2705219,9,153.671875,1087.25
1780761292.2705219,15,155.0,1064.5
1780761292.2705219,15,156.390625,1048.5
1780761292.2705219,15,157.75,1048.25
1780761292.2705219,15,170.671875,659.75
1780761292.2705219,15,172.03125,656.75
1780761292.2705219,15,173.3125,653.75
1780761292.2705219,15,174.640625,652.5
1780761292.2705219,15,176.046875,651.75
1780761292.2705219,15,177.3125,650.0
1780761292.2705219,15,178.75,648.25
1780761292.2705219,15,180.0,647.5
1780761292.2705219,15,181.359375,647.5
1780761292.2705219,15,182.5625,647.75
1780761292.2705219,15,184.0625,647.25
1780761292.2705219,15,185.21875,646.25
1780761292.2705219,15,186.640625,649.75
1780761292.2705219,15,187.875,651.5
1780761292.2705219,15,189.3125,652.0
1780761292.2705219,15,190.671875,655.75
1780761292.2705219,15,191.859375,658.5
1780761292.2705219,15,193.203125,662.5
1780761292.2705219,15,194.53125,666.25
1780761292.2705219,15,195.875,670.0
1780761292.2705219,15,197.15625,674.25
1780761292.2705219,15,198.5625,679.0
1780761292.2705219,15,199.78125,684.25
1780761292.2705219,15,201.15625,690.0
1780761292.2705219,15,202.375,696.5
1780761292.2705219,11,207.109375,1064.25
1780761292.2705219,15,208.46875,1088.5
1780761292.2705219,15,219.125,1114.5
1780761292.2705219,15,220.4375,1122.25
1780761292.2705219,15,221.828125,1117.0
1780761292.2705219,15,223.078125,1122.75
1780761292.2705219,15,224.4375,1125.75
1780761292.2705219,15,225.765625,1123.25
1780761292.2705219,15,227.171875,1126.25
1780761292.2705219,15,230.359375,868.5
1780761292.2705219,15,231.609375,852.25
1780761292.2705219,15,233.0,835.25
1780761292.2705219,15,234.5,819.75
1780761292.2705219,15,235.75,806.0
1780761292.2705219,15,237.234375,792.25
1780761292.2705219,15,238.546875,778.75
1780761292.2705219,15,239.9375,766.25
1780761292.2705219,15,241.359375,755.0
1780761292.2705219,15,242.703125,745.5
1780761292.2705219,15,244.015625,735.75
1780761292.2705219,15,245.34375,727.75
1780761292.2705219,15,246.734375,720.0
1780761292.2705219,15,248.109375,711.75
1780761292.2705219,15,249.5,704.0
1780761292.2705219,15,250.78125,697.25
1780761292.2705219,15,252.0625,690.75
1780761292.2705219,15,253.375,692.0
1780761292.2705219,15,267.109375,1441.75
1780761292.2705219,6,268.421875,1433.0
1780761292.2705219,7,269.75,1432.0
1780761292.2705219,7,271.09375,1432.0
1780761292.2705219,7,272.46875,1425.25
1780761292.2705219,6,273.78125,1432.0
1780761292.2705219,15,275.03125,1440.0
1780761292.2705219,15,276.359375,1441.0
1780761292.2705219,15,277.71875,1441.0
1780761292.2705219,15,279.0,1441.5
1780761292.2705219,15,280.3125,1449.25
1780761292.2705219,15,281.671875,1457.5
1780761292.2705219,15,283.0,1463.25
1780761292.2705219,15,284.359375,1471.0
1780761292.2705219,15,287.046875,1458.25
1780761292.2705219,5,289.609375,1529.25
1780761292.2705219,15,290.96875,1530.25
1780761292.2705219,15,292.28125,1540.0
1780761292.2705219,6,293.640625,1558.25
1780761292.2705219,15,296.28125,1569.75
1780761292.2705219,15,300.375,1639.75
1780761292.2705219,15,303.03125,1674.0
1780761292.2705219,15,304.34375,1722.0
1780761292.2705219,15,305.65625,1747.25
1780761292.2705219,15,306.96875,1772.0
1780761292.2705219,15,308.28125,1807.5
1780761292.2705219,15,309.609375,1833.75
1780761292.2705219,15,318.453125,952.75
1780761292.2705219,15,319.734375,945.5
1780761292.2705219,15,321.109375,944.5
1780761292.4075472,15,351.03125,2081.75
1780761292.4075472,15,352.34375,2090.0
1780761292.4075472,15,353.6875,2095.75
1780761292.4075472,15,355.046875,2093.25
1780761292.4075472,15,356.375,2089.25
1780761292.4075472,15,357.6875,2072.5
1780761292.4075472,15,359.078125,2056.75
1780761292.4075472,15,0.390625,2055.75
1780761292.4075472,15,1.71875,2059.5
1780761292.4075472,15,3.0625,2055.25
1780761292.4075472,15,4.375,2065.5
1780761292.4075472,15,5.71875,2081.75
1780761292.4075472,15,7.078125,2059.25
1780761292.4075472,15,8.40625,2040.75
1780761292.4075472,15,9.734375,2054.75
1780761292.4075472,15,11.015625,2088.25
1780761292.4075472,15,36.078125,917.25
1780761292.4075472,15,37.40625,927.25
1780761292.4075472,15,38.703125,937.75
1780761292.4075472,15,39.953125,954.75
1780761292.4075472,15,42.640625,1025.75
1780761292.4075472,15,44.0,1005.25
1780761292.4075472,15,45.328125,982.75
1780761292.4075472,11,46.703125,963.25
1780761292.4075472,15,48.0625,942.75
1780761292.4075472,15,49.4375,924.0
1780761292.4075472,15,50.875,908.75
1780761292.4075472,15,52.1875,889.0
1780761292.4075472,15,53.578125,871.5
1780761292.4075472,15,54.953125,859.25
1780761292.4075472,15,56.359375,845.0
1780761292.4075472,15,57.6875,828.0
1780761292.4075472,15,59.109375,815.5
1780761292.4075472,15,60.34375,805.5
1780761292.4075472,15,63.75,593.0
1780761292.4075472,15,65.015625,586.0
1780761292.4075472,15,66.546875,578.25
1780761292.4075472,15,67.953125,571.5
1780761292.4075472,15,69.21875,565.25
1780761292.4075472,15,70.5625,559.75
1780761292.4075472,15,72.046875,555.25
1780761292.4075472,15,73.34375,551.5
1780761292.4075472,15,74.703125,549.0
1780761292.4075472,15,76.078125,546.5
1780761292.4075472,15,83.453125,698.0
1780761292.4075472,15,84.859375,692.75
1780761292.4075472,15,86.171875,691.25
1780761292.4075472,15,87.53125,689.75
1780761292.4075472,15,88.765625,689.25
1780761292.4075472,15,90.078125,689.25
1780761292.4075472,15,91.546875,688.5
1780761292.4075472,15,92.8125,688.75
1780761292.4075472,15,94.125,689.25
1780761292.4075472,15,95.578125,690.0
1780761292.4075472,15,96.78125,692.0
1780761292.4075472,15,98.109375,695.0
1780761292.4075472,15,99.421875,697.0
1780761292.4075472,15,100.765625,699.25
1780761292.4075472,15,102.046875,703.5
1780761292.4075472,15,104.921875,679.25
1780761292.4075472,4,110.15625,1684.75
1780761292.4075472,15,111.515625,1698.5
1780761292.4075472,6,112.8125,1720.75
1780761292.4075472,15,114.1875,1744.75
1780761292.4075472,4,118.40625,1406.5
1780761292.4075472,15,125.375,1130.0
1780761292.4075472,4,126.71875,1097.0
1780761292.4075472,15,129.4375,1023.25
1780761292.4075472,15,130.8125,1013.75
1780761292.4075472,15,133.578125,961.5
1780761292.4075472,15,135.03125,937.0
1780761292.4075472,15,136.4375,913.75
1780761292.4075472,15,137.703125,906.5
1780761292.4075472,15,139.03125,921.25
1780761292.4075472,12,140.28125,941.5
1780761292.4075472,15,141.609375,965.75
1780761292.4075472,15,144.203125,1028.0
1780761292.4075472,15,146.984375,1008.0
1780761292.4075472,15,148.265625,1002.0
1780761292.4075472,15,154.984375,1025.0
1780761292.4075472,15,156.21875,1015.25
1780761292.4075472,15,167.828125,629.0
1780761292.4075472,15,169.0625,622.25
1780761292.4075472,15,170.421875,623.25
1780761292.4075472,15,171.859375,619.5
1780761292.4075472,15,173.28125,616.75
1780761292.4075472,15,174.46875,615.5
1780761292.4075472,15,175.8125,614.25
1780761292.4075472,15,177.328125,612.75
1780761292.4075472,15,178.453125,611.5
1780761292.4075472,15,180.0,610.5
1780761292.4075472,15,181.25,610.5
1780761292.4075472,15,182.515625,610.75
1780761292.4075472,15,183.953125,610.75
1780761292.4075472,15,185.203125,610.75
1780761292.4075472,15,186.515625,610.75
1780761292.4075472,15,187.9375,611.5
1780761292.4075472,15,189.265625,613.25
1780761292.4075472,15,190.609375,615.25
1780761292.4075472,15,191.84375,617.25
1780761292.4075472,15,193.078125,622.25
1780761292.4075472,15,194.421875,627.5
1780761292.4075472,15,195.78125,631.5
1780761292.4075472,15,197.171875,635.25
1780761292.4075472,15,198.46875,638.25
1780761292.4075472,15,199.765625,643.0
1780761292.4075472,15,201.0625,648.75
1780761292.4075472,15,202.40625,654.25
1780761292.4075472,15,203.65625,659.75
1780761292.4075472,15,208.3125,1037.0
1780761292.4075472,15,209.671875,1060.0
1780761292.4075472,7,221.640625,1092.5
1780761292.4075472,7,223.0,1076.25
1780761292.4075472,6,224.265625,1078.25
1780761292.4075472,15,225.578125,1086.5
1780761292.4075472,15,226.96875,1092.5
1780761292.4075472,15,228.203125,1093.0
1780761292.4075472,15,231.3125,857.75
1780761292.4075472,15,232.609375,840.5
1780761292.4075472,15,233.953125,822.25
1780761292.4075472,15,235.34375,808.25
1780761292.4075472,15,236.734375,794.75
1780761292.4075472,15,238.09375,782.5
1780761292.4075472,15,239.40625,771.75
1780761292.4075472,15,240.828125,759.75
1780761292.4075472,15,242.203125,747.5
1780761292.4075472,15,243.5,738.0
1780761292.4075472,15,244.953125,730.5
1780761292.4075472,15,246.1875,722.5
1780761292.4075472,15,247.65625,714.0
1780761292.4075472,15,248.90625,706.75
1780761292.4075472,15,250.28125,700.25
1780761292.4075472,15,251.75,694.25
1780761292.4075472,15,253.046875,688.25
1780761292.4075472,15,254.359375,682.5
1780761292.4075472,15,255.78125,677.0
1780761292.4075472,15,262.359375,698.75
1780761292.4075472,15,265.25,1425.75
1780761292.4075472,7,267.921875,1426.75
1780761292.4075472,6,269.265625,1419.0
1780761292.4075472,15,270.640625,1425.5
1780761292.4075472,7,271.96875,1425.25
1780761292.4075472,15,273.21875,1433.0
1780761292.4075472,15,274.609375,1434.25
1780761292.4075472,15,275.890625,1434.25
1780761292.4075472,15,277.234375,1441.0
1780761292.4075472,15,278.53125,1448.75
1780761292.4075472,15,279.84375,1457.0
1780761292.4075472,15,281.171875,1457.75
1780761292.4075472,15,282.5,1464.5
1780761292.4075472,15,283.84375,1473.5
1780761292.4075472,15,285.171875,1478.5
1780761292.4075472,15,286.484375,1481.5
1780761292.4075472,7,289.171875,1505.75
1780761292.4075472,15,290.4375,1529.75
1780761292.4075472,15,291.78125,1539.0
1780761292.4075472,15,293.109375,1548.75
1780761292.4075472,15,294.453125,1568.75
1780761292.4075472,15,295.734375,1588.5
1780761292.4075472,15,297.078125,1590.5
1780761292.4075472,15,305.125,1722.75
1780761292.4075472,15,306.453125,1748.0
1780761292.4075472,15,309.078125,1833.0
1780761292.4075472,15,319.171875,977.75
1780761292.4075472,15,320.515625,972.25
1780761292.4075472,15,321.859375,968.5
1780761292.4075472,15,329.03125,2294.25
1780761292.4075472,15,331.71875,2299.5
1780761292.4075472,15,338.40625,2299.5
1780761292.4075472,15,339.734375,2294.25
1780761292.4075472,15,341.078125,2294.25
1780761292.4075472,12,349.15625,2270.75
1780761292.5455542,15,351.84375,2107.25
1780761292.5455542,15,353.21875,2131.25
1780761292.5455542,15,354.53125,2140.0
1780761292.5455542,15,355.890625,2130.5
1780761292.5455542,15,357.234375,2115.0
1780761292.5455542,15,358.578125,2101.25
1780761292.5455542,15,359.90625,2100.0
1780761292.5455542,15,1.265625,2085.75
1780761292.5455542,15,2.578125,2085.75
1780761292.5455542,15,3.921875,2098.0
1780761292.5455542,15,5.265625,2100.75
1780761292.5455542,15,6.578125,2124.5
1780761292.5455542,15,7.9375,2120.5
1780761292.5455542,15,9.265625,2112.75
1780761292.5455542,9,10.625,2149.5
1780761292.5455542,15,18.5625,2267.0
1780761292.5455542,15,31.3125,1015.5
1780761292.5455542,15,34.15625,948.5
1780761292.5455542,8,35.609375,948.0
1780761292.5455542,15,36.953125,962.0
1780761292.5455542,15,38.203125,975.25
1780761292.5455542,15,39.5,998.25
1780761292.5455542,15,42.15625,1036.0
1780761292.5455542,15,43.53125,1015.0
1780761292.5455542,15,46.34375,965.75
1780761292.5455542,15,47.671875,947.75
1780761292.5455542,15,49.046875,928.5
1780761292.5455542,15,50.40625,911.0
1780761292.5455542,15,51.8125,894.0
1780761292.5455542,15,53.171875,875.5
1780761292.5455542,15,54.546875,860.0
1780761292.5455542,15,55.90625,846.75
1780761292.5455542,15,57.3125,831.5
1780761292.5455542,15,60.625,611.0
1780761292.5455542,15,61.96875,603.5
1780761292.5455542,15,63.265625,595.0
1780761292.5455542,15,64.59375,587.5
1780761292.5455542,15,66.046875,580.75
1780761292.5455542,15,67.328125,574.25
1780761292.5455542,15,68.703125,568.5
1780761292.5455542,15,70.15625,563.25
1780761292.5455542,15,71.546875,558.0
1780761292.5455542,15,72.90625,557.0
1780761292.5455542,15,80.4375,706.25
1780761292.5455542,15,81.65625,699.75
1780761292.5455542,15,83.015625,697.75
1780761292.5455542,15,84.234375,694.5
1780761292.5455542,15,85.578125,691.25
1780761292.5455542,15,87.046875,690.0
1780761292.5455542,15,88.34375,688.75
1780761292.5455542,15,89.671875,688.75
1780761292.5455542,15,90.96875,689.0
1780761292.5455542,15,92.40625,689.5
1780761292.5455542,15,93.625,690.0
1780761292.5455542,15,94.9375,691.0
1780761292.5455542,15,96.3125,693.5
1780761292.5455542,15,97.5625,694.5
1780761292.5455542,15,98.90625,696.0
1780761292.5455542,15,103.03125,685.75
1780761292.5455542,15,105.75,1660.25
1780761292.5455542,15,107.15625,1671.5
1780761292.5455542,15,108.4375,1673.0
1780761292.5455542,15,111.09375,1696.5
1780761292.5455542,15,112.484375,1719.5
1780761292.5455542,15,125.015625,1090.75
1780761292.5455542,15,129.1875,986.25
1780761292.5455542,15,135.984375,886.75
1780761292.5455542,15,137.234375,894.25
1780761292.5455542,15,138.546875,912.25
1780761292.5455542,15,139.890625,934.25
1780761292.5455542,15,142.390625,1005.25
1780761292.5455542,15,145.203125,988.25
1780761292.5455542,15,146.453125,970.75
1780761292.5455542,15,149.09375,1014.5
1780761292.5455542,15,150.40625,1036.75
1780761292.5455542,15,153.09375,1004.0
1780761292.5455542,15,154.484375,992.75
1780761292.5455542,15,155.875,985.5
1780761292.5455542,15,168.984375,587.25
1780761292.5455542,15,170.171875,584.75
1780761292.5455542,15,171.59375,583.0
1780761292.5455542,15,172.890625,581.0
1780761292.5455542,15,174.328125,579.25
1780761292.5455542,15,175.546875,578.0
1780761292.5455542,15,177.015625,576.75
1780761292.5455542,15,178.28125,575.25
1780761292.5455542,15,179.65625,574.25
1780761292.5455542,15,180.96875,573.5
1780761292.5455542,15,182.1875,573.25
1780761292.5455542,15,183.546875,573.25
1780761292.5455542,15,184.921875,573.0
1780761292.5455542,15,186.359375,573.75
1780761292.5455542,15,187.546875,576.5
1780761292.5455542,15,188.796875,577.5
1780761292.5455542,15,190.28125,578.25
1780761292.5455542,15,191.515625,581.75
1780761292.5455542,15,192.84375,584.5
1780761292.5455542,15,194.203125,587.0
1780761292.5455542,15,195.640625,590.5
1780761292.5455542,15,196.734375,594.75
1780761292.5455542,15,198.109375,599.25
1780761292.5455542,15,199.578125,603.5
1780761292.5455542,15,200.8125,607.5
1780761292.5455542,15,202.046875,612.0
1780761292.5455542,15,203.53125,616.75
1780761292.5455542,15,204.765625,622.75
1780761292.5455542,15,207.875,986.0
1780761292.5455542,15,209.25,1006.75
1780761292.5455542,15,210.53125,1027.25
1780761292.5455542,15,222.578125,1068.5
1780761292.5455542,15,223.859375,1055.0
1780761292.5455542,15,225.25,1056.5
1780761292.5455542,15,226.5625,1064.25
1780761292.5455542,15,227.90625,1069.75
1780761292.5455542,15,229.28125,1071.25
1780761292.5455542,15,230.625,1070.0
1780761292.5455542,15,233.625,829.5
1780761292.5455542,15,235.09375,814.25
1780761292.5455542,15,236.359375,802.0
1780761292.5455542,15,237.875,788.25
1780761292.5455542,15,239.203125,776.0
1780761292.5455542,15,240.515625,764.25
1780761292.5455542,15,241.8125,753.25
1780761292.5455542,15,243.1875,742.75
1780761292.5455542,15,244.671875,734.25
1780761292.5455542,15,245.953125,726.0
1780761292.5455542,15,247.421875,717.25
1780761292.5455542,15,248.703125,710.25
1780761292.5455542,15,250.09375,703.25
1780761292.5455542,15,251.4375,696.5
1780761292.5455542,15,252.84375,689.75
1780761292.5455542,15,254.1875,684.0
1780761292.5455542,15,255.40625,679.25
1780761292.5455542,15,256.765625,675.0
1780761292.5455542,15,258.140625,670.0
1780761292.5455542,15,259.359375,671.75
1780761292.5455542,15,264.671875,683.25
1780761292.5455542,7,273.03125,1425.5
1780761292.5455542,15,274.359375,1433.0
1780761292.5455542,15,275.640625,1446.75
1780761292.5455542,15,276.953125,1447.5
1780761292.5455542,15,278.28125,1448.75
1780761292.5455542,15,279.671875,1456.0
1780761292.5455542,15,280.984375,1456.75
1780761292.5455542,15,282.296875,1457.25
1780761292.5455542,15,283.640625,1464.75
1780761292.5455542,15,284.984375,1468.5
1780761292.5455542,15,286.296875,1474.0
1780761292.5455542,15,287.609375,1505.5
1780761292.5455542,15,288.9375,1529.0
1780761292.5455542,15,291.578125,1538.75
1780761292.5455542,15,292.9375,1548.25
1780761292.5455542,15,294.234375,1560.0
1780761292.5455542,15,295.578125,1580.0
1780761292.5455542,15,296.921875,1590.25
1780761292.5455542,15,298.265625,1596.25
1780761292.5455542,15,299.671875,1625.5
1780761292.5455542,15,306.296875,1747.75
1780761292.5455542,15,307.65625,1772.25
1780761292.5455542,15,308.9375,1820.75
1780761292.5455542,15,315.5625,2029.75
1780761292.5455542,15,321.6875,999.5
1780761292.5455542,15,323.046875,995.75
1780761292.5455542,15,324.234375,1003.75
1780761292.5455542,15,342.15625,2294.25
1780761292.682612,15,351.609375,2144.25
1780761292.682612,9,352.953125,2157.5
1780761292.682612,15,354.265625,2178.0
1780761292.682612,15,355.609375,2169.5
1780761292.682612,15,356.9375,2136.5
1780761292.682612,15,358.328125,2118.0
1780761292.682612,15,359.65625,2111.25
1780761292.682612,15,0.953125,2120.75
1780761292.682612,15,2.328125,2126.0
1780761292.682612,15,3.671875,2131.75
1780761292.682612,15,5.0,2137.0
1780761292.682612,15,6.3125,2139.5
1780761292.682612,15,7.671875,2122.75
1780761292.682612,15,8.984375,2117.5
1780761292.682612,6,10.34375,2161.5
1780761292.682612,15,18.3125,2315.0
1780761292.682612,15,33.953125,970.5
1780761292.682612,15,35.265625,986.0
1780761292.682612,15,36.484375,1002.75
1780761292.682612,15,37.84375,1017.5
1780761292.682612,15,40.484375,1073.0
1780761292.682612,15,43.234375,1016.25
1780761292.682612,15,44.578125,994.5
1780761292.682612,15,45.984375,972.5
1780761292.682612,15,47.421875,950.25
1780761292.682612,15,48.71875,932.0
1780761292.682612,15,50.078125,915.0
1780761292.682612,15,51.40625,897.0
1780761292.682612,15,52.8125,881.0
1780761292.682612,15,54.21875,865.75
1780761292.682612,15,57.5,632.25
1780761292.682612,15,58.8125,621.75
1780761292.682612,15,60.171875,611.75
1780761292.682612,15,61.75,603.25
1780761292.682612,15,63.03125,595.0
1780761292.682612,15,64.453125,588.0
1780761292.682612,15,65.78125,581.75
1780761292.682612,15,67.21875,576.5
1780761292.682612,15,68.515625,571.5
1780761292.682612,15,69.734375,575.5
1780761292.682612,15,74.796875,718.5
1780761292.682612,15,77.328125,711.0
1780761292.682612,15,78.734375,705.0
1780761292.682612,15,80.171875,701.5
1780761292.682612,15,81.390625,698.5
1780761292.682612,15,82.8125,695.75
1780761292.682612,15,84.140625,692.75
1780761292.682612,15,85.375,691.5
1780761292.682612,15,86.78125,690.0
1780761292.682612,15,88.125,688.75
1780761292.682612,15,89.421875,688.25
1780761292.682612,15,90.703125,688.5
1780761292.682612,15,92.15625,689.5
1780761292.682612,15,93.53125,689.5
1780761292.682612,15,94.6875,690.0
1780761292.682612,15,96.0625,691.25
1780761292.682612,15,97.515625,683.0
1780761292.682612,15,98.765625,672.0
1780761292.682612,15,102.9375,1619.75
1780761292.682612,15,104.21875,1636.0
1780761292.682612,15,105.59375,1659.75
1780761292.682612,15,106.953125,1670.75
1780761292.682612,6,109.65625,1674.25
1780761292.682612,15,110.9375,1688.25
1780761292.682612,15,112.265625,1720.0
1780761292.682612,15,118.0,1234.75
1780761292.682612,6,120.734375,1153.75
1780761292.682612,15,123.5625,1054.5
1780761292.682612,15,126.375,988.0
1780761292.682612,11,127.6875,964.5
1780761292.682612,15,130.4375,911.75
1780761292.682612,15,131.8125,887.0
1780761292.682612,15,134.484375,854.75
1780761292.682612,15,135.78125,870.0
1780761292.682612,15,137.140625,888.75
1780761292.682612,15,138.390625,909.75
1780761292.682612,15,140.9375,968.5
1780761292.682612,15,145.109375,940.75
1780761292.682612,15,146.359375,948.5
1780761292.682612,15,151.75,987.0
1780761292.682612,15,153.015625,967.75
1780761292.682612,15,154.4375,956.5
1780761292.682612,15,168.953125,548.75
1780761292.682612,15,170.15625,546.75
1780761292.682612,15,171.71875,544.25
1780761292.682612,15,172.953125,541.75
1780761292.682612,15,174.359375,540.25
1780761292.682612,15,175.546875,538.75
1780761292.682612,15,177.125,537.5
1780761292.682612,15,178.453125,536.25
1780761292.682612,15,179.78125,535.25
1780761292.682612,15,180.9375,534.75
1780761292.682612,15,182.515625,534.5
1780761292.682612,15,183.90625,534.75
1780761292.682612,15,185.15625,535.0
1780761292.682612,15,186.4375,535.25
1780761292.682612,15,187.890625,535.75
1780761292.682612,15,189.046875,536.75
1780761292.682612,15,190.3125,538.5
1780761292.682612,15,191.6875,542.0
1780761292.682612,15,193.125,545.75
1780761292.682612,15,194.3125,547.75
1780761292.682612,15,195.703125,550.75
1780761292.682612,15,197.140625,554.25
1780761292.682612,15,198.265625,557.25
1780761292.682612,15,199.75,561.75
1780761292.682612,15,200.890625,566.75
1780761292.682612,15,202.203125,572.25
1780761292.682612,15,203.65625,577.75
1780761292.682612,15,204.921875,582.5
1780761292.682612,15,206.1875,587.0
1780761292.682612,15,207.609375,594.0
1780761292.682612,15,210.5625,979.75
1780761292.682612,15,211.984375,1003.25
1780761292.682612,15,223.921875,1036.5
1780761292.682612,15,225.25,1024.0
1780761292.682612,15,226.6875,1023.75
1780761292.682612,15,227.90625,1032.25
1780761292.682612,15,229.28125,1039.25
1780761292.682612,15,230.515625,1041.25
1780761292.682612,15,231.859375,1041.25
1780761292.682612,15,233.3125,1037.5
1780761292.682612,15,236.265625,804.25
1780761292.682612,15,237.75,789.75
1780761292.682612,15,239.0,775.75
1780761292.682612,15,240.375,765.25
1780761292.682612,15,241.765625,754.25
1780761292.682612,15,243.1875,743.0
1780761292.682612,15,244.453125,734.5
1780761292.682612,15,245.890625,726.5
1780761292.682612,15,247.203125,717.5
1780761292.682612,15,248.515625,710.5
1780761292.682612,15,249.859375,703.75
1780761292.682612,15,251.28125,697.0
1780761292.682612,15,252.59375,690.0
1780761292.682612,15,254.109375,684.5
1780761292.682612,15,255.4375,679.75
1780761292.682612,15,256.828125,675.25
1780761292.682612,15,258.15625,670.5
1780761292.682612,15,259.484375,665.75
1780761292.682612,15,260.6875,662.75
1780761292.682612,15,262.140625,659.75
1780761292.682612,15,274.265625,1440.75
1780761292.682612,15,275.578125,1441.0
1780761292.682612,15,276.875,1447.5
1780761292.682612,15,278.28125,1455.25
1780761292.682612,15,279.609375,1456.5
1780761292.682612,15,280.875,1456.75
1780761292.682612,15,282.28125,1457.5
1780761292.682612,15,283.546875,1458.75
1780761292.682612,15,284.90625,1474.5
1780761292.682612,15,286.1875,1491.5
1780761292.682612,15,287.578125,1494.0
1780761292.682612,6,288.84375,1512.25
1780761292.682612,15,290.1875,1530.5
1780761292.682612,15,292.890625,1540.0
1780761292.682612,15,294.21875,1551.5
1780761292.682612,15,295.484375,1571.5
1780761292.682612,15,296.8125,1590.25
1780761292.682612,15,298.1875,1601.25
1780761292.682612,15,299.4375,1630.5
1780761292.682612,15,300.765625,1661.0
1780761292.682612,4,302.125,1684.0
1780761292.682612,15,307.421875,1784.0
1780761292.682612,15,308.71875,1820.75
1780761292.682612,15,322.625,1023.75
1780761292.682612,15,324.078125,1020.25
1780761292.682612,15,341.9375,2294.25
1780761292.8205674,15,353.984375,2177.5
1780761292.8205674,7,356.640625,2172.0
1780761292.8205674,6,358.015625,2166.0
1780761292.8205674,8,359.3125,2166.75
1780761292.8205674,8,0.640625,2164.5
1780761292.8205674,7,1.984375,2165.5
1780761292.8205674,6,3.296875,2182.75
1780761292.8205674,6,4.640625,2177.75
1780761292.8205674,7,6.0,2162.5
1780761292.8205674,9,7.34375,2156.75
1780761292.8205674,7,8.671875,2157.75
1780761292.8205674,12,9.984375,2177.0
1780761292.8205674,15,18.0625,2303.0
1780761292.8205674,15,32.25,1013.0
1780761292.8205674,8,33.59375,1010.5
1780761292.8205674,15,34.875,1023.25
1780761292.8205674,15,40.25,1080.25
1780761292.8205674,11,42.953125,1021.25
1780761292.8205674,15,44.34375,999.75
1780761292.8205674,15,45.6875,978.75
1780761292.8205674,15,47.171875,956.5
1780761292.8205674,15,48.53125,935.25
1780761292.8205674,15,49.890625,917.75
1780761292.8205674,15,51.234375,900.75
1780761292.8205674,15,54.5,654.5
1780761292.8205674,15,55.90625,644.0
1780761292.8205674,15,57.28125,633.0
1780761292.8205674,15,58.59375,622.25
1780761292.8205674,15,60.046875,613.0
1780761292.8205674,15,61.296875,605.25
1780761292.8205674,15,62.875,598.0
1780761292.8205674,15,64.015625,592.25
1780761292.8205674,15,65.5625,586.0
1780761292.8205674,15,71.734375,731.0
1780761292.8205674,15,74.390625,722.25
1780761292.8205674,15,75.828125,714.25
1780761292.8205674,15,77.09375,710.75
1780761292.8205674,15,78.46875,707.75
1780761292.8205674,15,79.765625,703.75
1780761292.8205674,15,81.1875,700.0
1780761292.8205674,15,82.546875,696.5
1780761292.8205674,15,83.796875,693.25
1780761292.8205674,15,85.328125,692.5
1780761292.8205674,15,86.5625,691.25
1780761292.8205674,15,87.921875,689.25
1780761292.8205674,15,89.3125,688.25
1780761292.8205674,15,90.59375,688.75
1780761292.8205674,15,92.0,689.0
1780761292.8205674,15,93.359375,688.75
1780761292.8205674,15,100.109375,1592.75
1780761292.8205674,15,101.453125,1605.0
1780761292.8205674,15,102.8125,1618.25
1780761292.8205674,15,104.125,1625.75
1780761292.8205674,15,105.4375,1650.75
1780761292.8205674,15,106.8125,1670.75
1780761292.8205674,15,108.0625,1672.0
1780761292.8205674,15,109.390625,1674.25
1780761292.8205674,4,110.671875,1686.5
1780761292.8205674,15,119.125,1131.25
1780761292.8205674,15,124.765625,965.25
1780761292.8205674,15,130.234375,841.75
1780761292.8205674,15,131.59375,830.75
1780761292.8205674,15,132.953125,833.5
1780761292.8205674,15,134.21875,848.0
1780761292.8205674,15,135.484375,865.25
1780761292.8205674,15,136.734375,885.75
1780761292.8205674,15,138.03125,910.75
1780761292.8205674,15,144.6875,917.25
1780761292.8205674,15,146.0,942.5
1780761292.8205674,15,147.3125,969.25
1780761292.8205674,15,148.59375,982.0
1780761292.8205674,15,151.390625,942.75
1780761292.8205674,15,152.75,931.25
1780761292.8205674,15,154.078125,925.5
1780761292.8205674,15,167.265625,512.0
1780761292.8205674,15,168.53125,509.5
1780761292.8205674,15,169.953125,506.75
1780761292.8205674,15,171.328125,504.5
1780761292.8205674,15,172.84375,502.25
1780761292.8205674,15,174.171875,500.25
1780761292.8205674,15,175.375,499.0
1780761292.8205674,15,176.75,498.25
1780761292.8205674,15,178.1875,497.0
1780761292.8205674,15,179.515625,496.25
1780761292.8205674,15,180.609375,496.25
1780761292.8205674,15,182.140625,496.0
1780761292.8205674,15,183.578125,495.5
1780761292.8205674,15,184.921875,496.5
1780761292.8205674,15,186.25,496.75
1780761292.8205674,15,187.421875,496.0
1780761292.8205674,15,188.796875,498.0
1780761292.8205674,15,190.1875,500.0
1780761292.8205674,15,191.546875,500.5
1780761292.8205674,15,192.65625,502.5
1780761292.8205674,15,194.1875,506.0
1780761292.8205674,15,195.546875,509.25
1780761292.8205674,15,196.859375,512.75
1780761292.8205674,15,198.171875,516.25
1780761292.8205674,15,199.4375,520.25
1780761292.8205674,15,200.625,524.75
1780761292.8205674,15,202.0625,529.25
1780761292.8205674,15,203.390625,534.25
1780761292.8205674,15,204.453125,540.0
1780761292.8205674,15,206.015625,544.75
1780761292.8205674,15,207.1875,550.0
1780761292.8205674,15,208.5,555.5
1780761292.8205674,15,212.796875,972.0
1780761292.8205674,10,224.6875,1021.25
1780761292.8205674,15,226.015625,1006.0
1780761292.8205674,15,227.4375,1003.0
1780761292.8205674,10,228.734375,1008.0
1780761292.8205674,15,230.03125,1016.25
1780761292.8205674,15,231.40625,1021.75
1780761292.8205674,15,232.75,1023.5
1780761292.8205674,15,234.015625,1022.0
1780761292.8205674,15,235.359375,1019.25
1780761292.8205674,15,238.5625,783.5
1780761292.8205674,15,239.90625,771.75
1780761292.8205674,15,241.15625,760.5
1780761292.8205674,15,242.546875,749.5
1780761292.8205674,15,243.90625,738.75
1780761292.8205674,15,245.25,730.5
1780761292.8205674,15,246.625,723.25
1780761292.8205674,15,247.96875,715.25
1780761292.8205674,15,249.390625,708.25
1780761292.8205674,15,250.765625,701.5
1780761292.8205674,15,252.046875,694.5
1780761292.8205674,15,253.421875,688.5
1780761292.8205674,15,254.8125,683.25
1780761292.8205674,15,256.0625,678.25
1780761292.8205674,15,257.59375,674.25
1780761292.8205674,15,258.796875,669.25
1780761292.8205674,15,260.15625,665.0
1780761292.8205674,15,261.65625,662.5
1780761292.8205674,15,262.953125,660.0
1780761292.8205674,15,264.234375,657.5
1780761292.8205674,15,265.640625,655.75
1780761292.8205674,15,276.375,1434.75
1780761292.8205674,15,277.703125,1435.0
1780761292.8205674,15,279.03125,1441.5
1780761292.8205674,15,280.34375,1449.25
1780761292.8205674,15,281.703125,1457.0
1780761292.8205674,15,283.03125,1463.0
1780761292.8205674,15,284.390625,1474.25
1780761292.8205674,15,285.71875,1486.0
1780761292.8205674,15,287.015625,1493.25
1780761292.8205674,6,288.359375,1511.5
1780761292.8205674,15,289.71875,1529.0
1780761292.8205674,15,291.015625,1538.5
1780761292.8205674,15,292.3125,1548.25
1780761292.8205674,15,295.0,1568.5
1780761292.8205674,15,296.3125,1589.25
1780761292.8205674,15,297.640625,1600.25
1780761292.8205674,15,298.953125,1629.75
1780761292.8205674,15,300.3125,1649.5
1780761292.8205674,15,301.625,1661.5
1780761292.8205674,15,302.96875,1685.25
1780761292.8205674,15,304.234375,1722.0
1780761292.8205674,15,323.546875,1054.5
1780761292.8205674,15,324.890625,1056.0
1780761292.8205674,15,326.25,1054.5
1780761292.9577918,15,352.3125,2210.5
1780761292.9577918,15,353.65625,2210.5
1780761292.9577918,11,354.9375,2238.75
1780761292.9577918,15,357.6875,2180.5
1780761292.9577918,15,359.015625,2198.75
1780761292.9577918,15,0.375,2196.5
1780761292.9577918,15,1.703125,2195.0
1780761292.9577918,15,3.015625,2208.5
1780761292.9577918,15,4.375,2209.25
1780761292.9577918,15,5.6875,2209.0
1780761292.9577918,15,7.03125,2191.75
1780761292.9577918,15,8.390625,2194.75
1780761292.9577918,15,9.6875,2217.75
1780761292.9577918,15,31.703125,1028.5
1780761292.9577918,15,33.09375,1041.5
1780761292.9577918,15,34.390625,1061.0
1780761292.9577918,6,35.6875,1085.75
1780761292.9577918,15,38.328125,1131.0
1780761292.9577918,15,42.453125,1034.5
1780761292.9577918,15,43.796875,1009.0
1780761292.9577918,15,45.1875,983.75
1780761292.9577918,14,46.59375,963.5
1780761292.9577918,15,48.046875,942.5
1780761292.9577918,15,49.390625,924.25
1780761292.9577918,15,52.671875,675.25
1780761292.9577918,15,54.0625,663.0
1780761292.9577918,15,55.265625,650.5
1780761292.9577918,15,56.71875,639.75
1780761292.9577918,15,58.171875,629.0
1780761292.9577918,15,59.40625,618.25
1780761292.9577918,15,60.796875,610.75
1780761292.9577918,15,62.3125,604.0
1780761292.9577918,15,63.359375,609.0
1780761292.9577918,15,68.484375,748.0
1780761292.9577918,15,69.78125,740.25
1780761292.9577918,15,71.09375,733.75
1780761292.9577918,15,72.40625,727.5
1780761292.9577918,15,73.71875,721.75
1780761292.9577918,15,75.203125,716.75
1780761292.9577918,15,76.578125,712.5
1780761292.9577918,15,77.921875,708.75
1780761292.9577918,15,79.140625,705.25
1780761292.9577918,15,80.5,701.75
1780761292.9577918,15,81.828125,698.5
1780761292.9577918,15,83.296875,695.75
1780761292.9577918,15,84.6875,693.0
1780761292.9577918,15,85.90625,692.25
1780761292.9577918,15,87.359375,690.75
1780761292.9577918,15,88.671875,689.75
1780761292.9577918,15,89.953125,689.75
1780761292.9577918,15,91.375,682.25
1780761292.9577918,15,92.765625,668.75
1780761292.9577918,15,96.828125,1591.25
1780761292.9577918,15,99.46875,1592.5
1780761292.9577918,15,100.78125,1603.5
1780761292.9577918,15,102.15625,1617.0
1780761292.9577918,15,103.453125,1621.0
1780761292.9577918,15,104.78125,1635.75
1780761292.9577918,15,106.140625,1650.0
1780761292.9577918,15,107.421875,1661.0
1780761292.9577918,15,108.734375,1672.25
1780761292.9577918,11,115.734375,1219.75
1780761292.9577918,15,122.859375,945.5
1780761292.9577918,15,129.6875,801.0
1780761292.9577918,15,131.09375,809.0
1780761292.9577918,15,132.3125,822.5
1780761292.9577918,15,133.625,839.0
1780761292.9577918,15,134.890625,858.5
1780761292.9577918,15,136.203125,881.25
1780761292.9577918,15,138.828125,926.5
1780761292.9577918,15,142.828125,888.5
1780761292.9577918,15,144.171875,906.25
1780761292.9577918,15,145.453125,931.5
1780761292.9577918,15,146.734375,952.5
1780761292.9577918,15,149.515625,919.5
1780761292.9577918,15,150.875,904.75
1780761292.9577918,15,152.234375,894.0
1780761292.9577918,15,153.546875,901.0
1780761292.9577918,15,165.96875,477.5
1780761292.9577918,15,167.3125,473.75
1780761292.9577918,15,168.59375,471.5
1780761292.9577918,15,169.859375,469.5
1780761292.9577918,15,171.359375,467.0
1780761292.9577918,15,172.640625,465.0
1780761292.9577918,15,173.859375,464.0
1780761292.9577918,15,175.453125,462.5
1780761292.9577918,15,176.875,461.5
1780761292.9577918,15,177.953125,461.0
1780761292.9577918,15,179.453125,459.75
1780761292.9577918,15,180.84375,459.0
1780761292.9577918,15,182.203125,458.75
1780761292.9577918,15,183.265625,458.5
1780761292.9577918,15,184.734375,458.5
1780761292.9577918,15,186.140625,458.75
1780761292.9577918,15,187.53125,458.75
1780761292.9577918,15,188.59375,459.5
1780761292.9577918,15,189.921875,460.75
1780761292.9577918,15,191.328125,462.75
1780761292.9577918,15,192.859375,464.25
1780761292.9577918,15,194.09375,466.5
1780761292.9577918,15,195.21875,470.25
1780761292.9577918,15,196.828125,473.0
1780761292.9577918,15,198.0625,476.25
1780761292.9577918,15,199.21875,480.25
1780761292.9577918,15,200.578125,484.0
1780761292.9577918,15,201.90625,488.0
1780761292.9577918,15,203.1875,492.5
1780761292.9577918,15,204.65625,496.75
1780761292.9577918,15,205.890625,500.75
1780761292.9577918,15,206.96875,506.0
1780761292.9577918,15,208.515625,511.5
1780761292.9577918,15,209.78125,517.25
1780761292.9577918,15,211.125,523.0
1780761292.9577918,15,213.8125,930.25
1780761292.9577918,15,225.78125,1008.0
1780761292.9577918,15,227.140625,991.75
1780761292.9577918,15,228.40625,980.25
1780761292.9577918,15,229.71875,982.0
1780761292.9577918,15,231.046875,990.0
1780761292.9577918,15,232.328125,997.0
1780761292.9577918,9,233.703125,1001.25
1780761292.9577918,15,235.078125,1002.75
1780761292.9577918,15,236.40625,1000.25
1780761292.9577918,15,237.6875,997.75
1780761292.9577918,15,240.859375,765.25
1780761292.9577918,15,242.171875,754.0
1780761292.9577918,15,243.53125,743.75
1780761292.9577918,15,244.828125,734.75
1780761292.9577918,15,246.203125,726.5
1780761292.9577918,15,247.546875,718.0
1780761292.9577918,15,249.0,710.75
1780761292.9577918,15,250.328125,702.5
1780761292.9577918,15,251.6875,694.75
1780761292.9577918,15,253.09375,688.75
1780761292.9577918,15,254.375,684.25
1780761292.9577918,15,255.703125,680.5
1780761292.9577918,15,257.140625,675.5
1780761292.9577918,15,258.5,671.0
1780761292.9577918,15,259.828125,667.5
1780761292.9577918,15,261.03125,664.0
1780761292.9577918,15,262.515625,660.25
1780761292.9577918,15,263.828125,657.25
1780761292.9577918,15,265.1875,655.5
1780761292.9577918,15,266.578125,654.0
1780761292.9577918,15,267.875,652.5
1780761292.9577918,15,269.203125,654.25
1780761292.9577918,15,273.109375,680.75
1780761292.9577918,15,279.828125,1456.75
1780761292.9577918,15,281.1875,1457.5
1780761292.9577918,15,282.515625,1464.0
1780761292.9577918,15,283.828125,1471.0
1780761292.9577918,15,285.1875,1476.25
1780761292.9577918,15,286.484375,1486.5
1780761292.9577918,7,287.828125,1493.75
1780761292.9577918,6,289.09375,1512.0
1780761292.9577918,15,290.421875,1529.75
1780761292.9577918,15,291.734375,1539.0
1780761292.9577918,15,293.0625,1548.75
1780761292.9577918,15,295.71875,1560.5
1780761292.9577918,15,297.078125,1581.5
1780761292.9577918,15,298.359375,1597.25
1780761292.9577918,15,299.71875,1626.25
1780761292.9577918,15,301.0,1661.0
1780761292.9577918,4,302.359375,1684.75
1780761292.9577918,15,303.65625,1708.25
1780761292.9577918,15,304.96875,1733.25
1780761292.9577918,15,306.3125,1759.5
1780761292.9577918,15,325.453125,1085.0
1780761292.9577918,15,326.859375,1081.5
1780761293.0985305,15,352.75,2223.5
1780761293.0985305,15,354.109375,2229.75
1780761293.0985305,15,355.4375,2230.0
1780761293.0985305,15,356.78125,2223.5
1780761293.0985305,15,358.09375,2219.5
1780761293.0985305,15,359.453125,2219.0
1780761293.0985305,15,0.78125,2217.25
1780761293.0985305,15,2.109375,2217.25
1780761293.0985305,15,3.4375,2217.0
1780761293.0985305,15,4.75,2216.75
1780761293.0985305,15,6.109375,2203.75
1780761293.0985305,8,7.4375,2202.0
1780761293.0985305,15,8.75,2234.0
1780761293.0985305,15,30.609375,1064.0
1780761293.0985305,5,31.984375,1080.25
1780761293.0985305,15,33.171875,1095.25
1780761293.0985305,7,34.5,1116.5
1780761293.0985305,8,37.328125,1155.0
1780761293.0985305,15,40.046875,1082.0
1780761293.0985305,9,42.8125,1021.5
1780761293.0985305,15,44.1875,1000.25
1780761293.0985305,15,45.546875,979.25
1780761293.0985305,15,46.953125,958.5
1780761293.0985305,15,50.265625,698.0
1780761293.0985305,15,51.484375,683.75
1780761293.0985305,15,52.9375,669.5
1780761293.0985305,15,54.28125,657.0
1780761293.0985305,15,55.796875,646.0
1780761293.0985305,15,57.015625,636.0
1780761293.0985305,15,58.4375,626.5
1780761293.0985305,15,59.75,621.75
1780761293.0985305,15,66.109375,760.5
1780761293.0985305,15,67.4375,751.0
1780761293.0985305,15,68.734375,743.75
1780761293.0985305,15,70.203125,737.0
1780761293.0985305,15,71.453125,731.5
1780761293.0985305,15,72.90625,725.75
1780761293.0985305,15,74.171875,720.0
1780761293.0985305,15,75.5,715.5
1780761293.0985305,15,76.796875,711.5
1780761293.0985305,15,78.21875,709.0
1780761293.0985305,15,79.484375,705.25
1780761293.0985305,15,80.953125,700.25
1780761293.0985305,15,82.296875,696.5
1780761293.0985305,15,83.515625,693.5
1780761293.0985305,15,84.890625,692.5
1780761293.0985305,15,86.125,691.25
1780761293.0985305,15,87.578125,689.5
1780761293.0985305,15,90.328125,667.5
1780761293.0985305,15,93.0,1590.5
1780761293.0985305,15,94.34375,1590.5
1780761293.0985305,15,95.625,1591.0
1780761293.0985305,15,98.34375,1591.75
1780761293.0985305,15,99.625,1593.0
1780761293.0985305,15,101.0,1604.5
1780761293.0985305,15,102.3125,1616.75
1780761293.0985305,15,103.671875,1620.25
1780761293.0985305,15,104.953125,1636.25
1780761293.0985305,15,106.3125,1660.5
1780761293.0985305,15,107.625,1671.5
1780761293.0985305,15,111.890625,1250.5
1780761293.0985305,15,114.625,1143.5
1780761293.0985305,15,121.625,913.5
1780761293.0985305,15,127.203125,784.75
1780761293.0985305,15,128.453125,784.25
1780761293.0985305,15,129.875,795.75
1780761293.0985305,15,131.1875,808.75
1780761293.0985305,15,132.421875,823.5
1780761293.0985305,15,140.3125,862.0
1780761293.0985305,15,141.703125,861.5
1780761293.0985305,15,144.25,909.0
1780761293.0985305,15,145.484375,926.5
1780761293.0985305,15,148.21875,889.0
1780761293.0985305,15,149.671875,875.5
1780761293.0985305,15,151.0,864.0
1780761293.0985305,15,156.125,1060.25
1780761293.0985305,10,157.4375,1071.5
1780761293.0985305,15,164.765625,442.25
1780761293.0985305,15,166.03125,439.25
1780761293.0985305,15,167.375,436.5
1780761293.0985305,15,168.703125,434.0
1780761293.0985305,15,170.28125,431.75
1780761293.0985305,15,171.375,430.0
1780761293.0985305,15,172.734375,428.25
1780761293.0985305,15,174.296875,426.5
1780761293.0985305,15,175.359375,425.5
1780761293.0985305,15,176.875,424.25
1780761293.0985305,15,178.09375,423.25
1780761293.0985305,15,179.546875,423.0
1780761293.0985305,15,180.734375,422.25
1780761293.0985305,15,182.265625,421.75
1780761293.0985305,15,183.671875,422.0
1780761293.0985305,15,184.8125,422.0
1780761293.0985305,15,186.3125,422.0
1780761293.0985305,15,187.765625,422.5
1780761293.0985305,15,189.046875,423.0
1780761293.0985305,15,190.3125,423.75
1780761293.0985305,15,191.734375,425.0
1780761293.0985305,15,192.921875,428.5
1780761293.0985305,15,194.25,431.25
1780761293.0985305,15,195.625,433.5
1780761293.0985305,15,196.71875,437.25
1780761293.0985305,15,198.25,440.5
1780761293.0985305,15,199.59375,443.5
1780761293.0985305,15,200.984375,447.0
1780761293.0985305,15,202.203125,450.75
1780761293.0985305,15,203.359375,454.5
1780761293.0985305,15,204.640625,458.75
1780761293.0985305,15,205.796875,463.25
1780761293.0985305,15,207.140625,467.75
1780761293.0985305,15,208.6875,472.5
1780761293.0985305,15,209.78125,478.25
1780761293.0985305,15,211.078125,484.0
1780761293.0985305,15,212.34375,489.75
1780761293.0985305,15,226.953125,982.25
1780761293.0985305,15,228.40625,967.5
1780761293.0985305,15,229.71875,958.25
1780761293.0985305,15,231.015625,959.0
1780761293.0985305,15,232.3125,967.5
1780761293.0985305,15,233.671875,976.75
1780761293.0985305,15,235.0,982.5
1780761293.0985305,15,236.34375,983.75
1780761293.0985305,15,237.65625,983.5
1780761293.0985305,15,239.078125,979.25
1780761293.0985305,15,242.203125,752.25
1780761293.0985305,15,243.484375,743.5
1780761293.0985305,15,244.921875,734.5
1780761293.0985305,15,246.1875,726.0
1780761293.0985305,15,247.640625,717.75
1780761293.0985305,15,249.0,710.5
1780761293.0985305,15,250.28125,704.25
1780761293.0985305,15,251.609375,697.5
1780761293.0985305,15,252.953125,690.0
1780761293.0985305,15,254.421875,684.5
1780761293.0985305,15,255.78125,680.5
1780761293.0985305,15,257.0625,675.5
1780761293.0985305,15,258.375,671.0
1780761293.0985305,15,259.703125,667.25
1780761293.0985305,15,261.046875,663.75
1780761293.0985305,15,262.453125,660.5
1780761293.0985305,15,263.828125,657.5
1780761293.0985305,15,265.21875,655.5
1780761293.0985305,15,266.359375,654.0
1780761293.0985305,15,267.8125,653.0
1780761293.0985305,15,269.0625,652.5
1780761293.0985305,15,270.515625,652.0
1780761293.0985305,15,271.796875,651.25
1780761293.0985305,15,275.640625,686.0
1780761293.0985305,15,281.21875,1457.5
1780761293.0985305,15,282.546875,1463.75
1780761293.0985305,15,283.875,1472.5
1780761293.0985305,15,285.21875,1478.0
1780761293.0985305,15,286.53125,1486.75
1780761293.0985305,15,287.859375,1510.25
1780761293.0985305,8,289.171875,1528.25
1780761293.0985305,15,290.484375,1529.5
1780761293.0985305,15,291.8125,1538.75
1780761293.0985305,15,293.140625,1548.75
1780761293.0985305,15,294.46875,1551.5
1780761293.0985305,15,298.421875,1620.25
1780761293.0985305,15,299.765625,1630.5
1780761293.0985305,15,301.09375,1661.0
1780761293.0985305,3,302.4375,1684.75
1780761293.0985305,15,303.78125,1719.0
1780761293.0985305,15,305.0625,1744.0
1780761293.0985305,15,306.40625,1759.5
1780761293.0985305,15,307.6875,1795.75
1780761293.0985305,15,309.03125,1832.75
1780761293.0985305,15,325.609375,1126.25
1780761293.0985305,15,326.921875,1119.0
1780761293.0985305,15,328.25,1116.5
1780761293.236553,15,351.671875,2274.75
1780761293.236553,15,352.984375,2276.75
1780761293.236553,15,354.328125,2307.75
1780761293.236553,15,357.015625,2230.75
1780761293.236553,15,358.390625,2250.75
1780761293.236553,15,359.6875,2273.75
1780761293.236553,15,1.03125,2271.0
1780761293.236553,15,2.375,2269.5
1780761293.236553,15,3.6875,2249.75
1780761293.236553,15,5.0625,2243.0
1780761293.236553,15,6.40625,2255.5
1780761293.236553,15,7.734375,2244.75
1780761293.236553,15,29.71875,1095.75
1780761293.236553,15,30.96875,1118.0
1780761293.236553,15,32.328125,1136.0
1780761293.236553,15,37.75,1137.75
1780761293.236553,15,41.75,1037.75
1780761293.236553,15,43.15625,1016.5
1780761293.236553,15,44.515625,990.75
1780761293.236553,15,47.875,724.5
1780761293.236553,15,49.140625,709.25
1780761293.236553,15,50.5,695.25
1780761293.236553,15,51.9375,680.75
1780761293.236553,15,53.375,666.75
1780761293.236553,15,54.65625,655.5
1780761293.236553,15,56.03125,646.25
1780761293.236553,15,57.359375,648.5
1780761293.236553,15,62.328125,785.25
1780761293.236553,15,63.78125,776.0
1780761293.236553,15,65.0625,766.75
1780761293.236553,15,66.4375,757.75
1780761293.236553,15,67.859375,749.25
1780761293.236553,15,69.109375,742.25
1780761293.236553,15,70.484375,736.0
1780761293.236553,15,71.875,730.0
1780761293.236553,15,73.203125,724.5
1780761293.236553,15,74.625,719.0
1780761293.236553,15,75.921875,714.75
1780761293.236553,15,77.375,711.25
1780761293.236553,15,78.578125,706.25
1780761293.236553,15,80.0625,702.5
1780761293.236553,15,81.40625,700.75
1780761293.236553,15,82.65625,698.75
1780761293.236553,15,84.0,695.25
1780761293.236553,15,86.859375,667.5
1780761293.236553,15,90.84375,1590.25
1780761293.236553,15,92.203125,1590.0
1780761293.236553,15,93.484375,1590.75
1780761293.236553,15,96.171875,1591.5
1780761293.236553,15,97.53125,1591.75
1780761293.236553,15,98.859375,1591.75
1780761293.236553,15,100.15625,1603.0
1780761293.236553,15,101.546875,1615.0
1780761293.236553,15,102.890625,1619.0
1780761293.236553,15,104.21875,1625.75
1780761293.236553,15,105.5,1640.25
1780761293.236553,15,115.375,1000.25
1780761293.236553,15,119.578125,879.5
1780761293.236553,15,125.1875,760.25
1780761293.236553,15,126.5,764.0
1780761293.236553,15,127.8125,775.5
1780761293.236553,15,129.0625,787.75
1780761293.236553,15,130.359375,802.0
1780761293.236553,15,135.75,871.5
1780761293.236553,15,139.859375,831.5
1780761293.236553,15,141.03125,851.5
1780761293.236553,15,147.796875,849.25
1780761293.236553,15,149.171875,832.0
1780761293.236553,15,150.5625,825.0
1780761293.236553,15,163.203125,405.75
1780761293.236553,15,164.296875,402.75
1780761293.236553,15,165.71875,400.25
1780761293.236553,15,167.21875,398.0
1780761293.236553,15,168.375,395.75
1780761293.236553,15,169.953125,394.0
1780761293.236553,15,171.046875,392.5
1780761293.236553,15,172.578125,391.0
1780761293.236553,15,173.953125,389.75
1780761293.236553,15,175.125,388.25
1780761293.236553,15,176.53125,387.0
1780761293.236553,15,177.84375,386.5
1780761293.236553,15,179.453125,385.5
1780761293.236553,15,180.859375,385.0
1780761293.236553,15,182.21875,384.75
1780761293.236553,15,183.40625,384.25
1780761293.236553,15,184.734375,384.5
1780761293.236553,15,185.96875,385.5
1780761293.236553,15,187.53125,385.75
1780761293.236553,15,188.671875,385.5
1780761293.236553,15,190.1875,386.0
1780761293.236553,15,191.6875,387.0
1780761293.236553,15,192.8125,389.0
1780761293.236553,15,194.046875,391.75
1780761293.236553,15,195.578125,394.0
1780761293.236553,15,196.90625,396.5
1780761293.236553,15,197.953125,399.75
1780761293.236553,15,199.28125,402.75
1780761293.236553,15,200.6875,405.5
1780761293.236553,15,201.9375,409.0
1780761293.236553,15,203.359375,413.0
1780761293.236553,15,204.5,417.0
1780761293.236553,15,205.640625,421.25
1780761293.236553,15,207.15625,425.5
1780761293.236553,15,208.40625,430.5
1780761293.236553,15,209.578125,436.5
1780761293.236553,15,210.78125,441.5
1780761293.236553,15,212.09375,446.75
1780761293.236553,15,213.4375,452.5
1780761293.236553,15,214.96875,458.75
1780761293.236553,11,230.65625,937.25
1780761293.236553,15,231.90625,935.0
1780761293.236553,15,233.265625,940.75
1780761293.236553,15,234.53125,951.5
1780761293.236553,15,235.9375,959.25
1780761293.236553,15,237.265625,963.25
1780761293.236553,15,238.515625,965.0
1780761293.236553,15,239.953125,965.0
1780761293.236553,15,241.21875,963.0
1780761293.236553,15,244.40625,733.0
1780761293.236553,15,245.828125,728.0
1780761293.236553,15,247.140625,719.25
1780761293.236553,15,248.53125,711.75
1780761293.236553,15,249.828125,705.0
1780761293.236553,15,251.265625,698.75
1780761293.236553,15,252.546875,693.25
1780761293.236553,15,253.984375,687.25
1780761293.236553,15,255.28125,682.5
1780761293.236553,15,256.65625,677.0
1780761293.236553,15,257.84375,672.5
1780761293.236553,15,259.28125,669.0
1780761293.236553,15,260.6875,665.25
1780761293.236553,15,261.921875,662.5
1780761293.236553,15,263.265625,659.75
1780761293.236553,15,264.671875,657.25
1780761293.236553,15,265.96875,655.25
1780761293.236553,15,267.328125,654.0
1780761293.236553,15,268.625,653.0
1780761293.236553,15,269.9375,652.5
1780761293.236553,15,271.28125,652.5
1780761293.236553,15,272.734375,652.25
1780761293.236553,15,274.015625,653.0
1780761293.236553,15,275.28125,654.5
1780761293.236553,15,279.0625,693.75
1780761293.236553,15,284.703125,1475.0
1780761293.236553,15,286.0,1485.75
1780761293.236553,7,287.34375,1511.0
1780761293.236553,8,288.625,1528.75
1780761293.236553,15,289.96875,1530.0
1780761293.236553,15,291.296875,1531.0
1780761293.236553,15,292.65625,1540.0
1780761293.236553,15,293.984375,1551.75
1780761293.236553,15,295.25,1571.5
1780761293.236553,15,296.609375,1590.0
1780761293.236553,15,300.65625,1661.0
1780761293.236553,4,302.046875,1684.5
1780761293.236553,6,303.375,1709.0
1780761293.236553,15,304.625,1734.0
1780761293.236553,15,306.0,1747.75
1780761293.236553,15,307.34375,1772.25
1780761293.236553,15,308.640625,1820.25
1780761293.236553,15,326.5625,1146.0
1780761293.236553,15,327.921875,1141.5
1780761293.236553,15,329.296875,1142.0
1780761293.236553,3,345.921875,2808.5
1780761293.236553,2,347.171875,2808.5
1780761293.3736155,15,352.640625,2319.0
1780761293.3736155,15,353.96875,2328.5
1780761293.3736155,15,355.34375,2288.0
1780761293.3736155,15,356.640625,2256.5
1780761293.3736155,15,358.015625,2256.0
1780761293.3736155,15,359.3125,2275.5
1780761293.3736155,15,0.640625,2305.0
1780761293.3736155,15,1.984375,2285.25
1780761293.3736155,15,3.34375,2288.0
1780761293.3736155,15,4.6875,2288.0
1780761293.3736155,15,5.984375,2256.75
1780761293.3736155,15,7.375,2256.5
1780761293.3736155,15,29.375,1142.25
1780761293.3736155,15,30.8125,1146.25
1780761293.3736155,15,32.109375,1156.5
1780761293.3736155,15,34.65625,1224.25
1780761293.3736155,15,37.484375,1142.0
1780761293.3736155,15,40.296875,1073.5
1780761293.3736155,15,41.578125,1046.75
1780761293.3736155,9,43.03125,1019.25
1780761293.3736155,15,46.25,744.75
1780761293.3736155,15,47.609375,727.75
1780761293.3736155,15,49.015625,712.0
1780761293.3736155,15,50.34375,697.25
1780761293.3736155,15,51.828125,684.25
1780761293.3736155,15,53.1875,672.0
1780761293.3736155,15,54.390625,668.0
1780761293.3736155,15,55.6875,680.5
1780761293.3736155,15,60.84375,797.0
1780761293.3736155,15,62.203125,786.0
1780761293.3736155,15,63.53125,777.25
1780761293.3736155,15,64.921875,768.0
1780761293.3736155,15,66.375,759.25
1780761293.3736155,15,67.640625,750.75
1780761293.3736155,15,69.078125,743.0
1780761293.3736155,15,70.40625,736.25
1780761293.3736155,15,71.828125,731.0
1780761293.3736155,15,73.0625,726.0
1780761293.3736155,15,74.390625,719.75
1780761293.3736155,15,75.796875,714.25
1780761293.3736155,15,77.21875,710.75
1780761293.3736155,15,78.5625,707.5
1780761293.3736155,15,79.75,703.5
1780761293.3736155,15,81.15625,700.5
1780761293.3736155,15,83.953125,673.25
1780761293.3736155,15,90.703125,1590.5
1780761293.3736155,15,92.0,1591.0
1780761293.3736155,15,93.390625,1591.0
1780761293.3736155,15,94.71875,1590.75
1780761293.3736155,15,96.0625,1591.25
1780761293.3736155,15,97.359375,1591.75
1780761293.3736155,15,98.703125,1592.75
1780761293.3736155,15,100.015625,1601.75
1780761293.3736155,15,101.421875,1613.0
1780761293.3736155,15,102.71875,1617.75
1780761293.3736155,15,104.0625,1634.25
1780761293.3736155,15,105.390625,1659.5
1780761293.3736155,3,119.4375,832.25
1780761293.3736155,15,122.40625,745.5
1780761293.3736155,15,123.765625,740.0
1780761293.3736155,15,125.0625,748.25
1780761293.3736155,15,126.40625,758.75
1780761293.3736155,15,127.703125,771.5
1780761293.3736155,15,128.9375,786.25
1780761293.3736155,15,136.921875,803.5
1780761293.3736155,15,138.21875,804.75
1780761293.3736155,15,139.53125,825.75
1780761293.3736155,15,146.296875,817.25
1780761293.3736155,15,147.671875,803.75
1780761293.3736155,15,149.015625,795.25
1780761293.3736155,15,160.484375,370.0
1780761293.3736155,15,162.015625,370.5
1780761293.3736155,15,163.21875,367.75
1780761293.3736155,15,164.96875,364.75
1780761293.3736155,15,166.171875,362.0
1780761293.3736155,15,167.59375,360.0
1780761293.3736155,15,168.875,358.0
1780761293.3736155,15,170.171875,356.25
1780761293.3736155,15,171.578125,354.25
1780761293.3736155,15,173.09375,352.75
1780761293.3736155,15,174.203125,351.5
1780761293.3736155,15,175.625,350.5
1780761293.3736155,15,176.875,349.75
1780761293.3736155,15,178.390625,349.0
1780761293.3736155,15,179.59375,348.25
1780761293.3736155,15,180.65625,347.75
1780761293.3736155,15,182.4375,347.5
1780761293.3736155,15,183.65625,347.5
1780761293.3736155,15,184.6875,347.5
1780761293.3736155,15,186.4375,347.75
1780761293.3736155,15,187.828125,348.0
1780761293.3736155,15,188.796875,348.75
1780761293.3736155,15,190.4375,349.25
1780761293.3736155,15,191.53125,349.75
1780761293.3736155,15,193.1875,351.25
1780761293.3736155,15,194.125,353.0
1780761293.3736155,15,195.4375,355.5
1780761293.3736155,15,196.65625,358.5
1780761293.3736155,15,198.1875,361.25
1780761293.3736155,15,199.375,363.75
1780761293.3736155,15,200.53125,367.25
1780761293.3736155,15,202.28125,370.5
1780761293.3736155,15,203.390625,373.25
1780761293.3736155,15,204.40625,377.0
1780761293.3736155,15,206.078125,380.75
1780761293.3736155,15,207.390625,384.75
1780761293.3736155,15,208.5,389.5
1780761293.3736155,15,209.796875,394.25
1780761293.3736155,15,211.296875,399.0
1780761293.3736155,15,212.53125,404.0
1780761293.3736155,15,213.578125,409.75
1780761293.3736155,15,215.15625,415.5
1780761293.3736155,15,216.140625,421.25
1780761293.3736155,15,217.421875,428.0
1780761293.3736155,15,231.875,918.5
1780761293.3736155,15,233.265625,913.0
1780761293.3736155,15,234.578125,916.0
1780761293.3736155,15,235.96875,926.25
1780761293.3736155,15,237.265625,936.25
1780761293.3736155,15,238.59375,941.75
1780761293.3736155,15,239.90625,947.0
1780761293.3736155,15,241.296875,948.5
1780761293.3736155,15,242.59375,946.5
1780761293.3736155,15,243.90625,942.75
1780761293.3736155,15,247.140625,719.5
1780761293.3736155,15,248.53125,712.25
1780761293.3736155,15,249.890625,706.75
1780761293.3736155,15,251.15625,700.25
1780761293.3736155,15,252.578125,693.5
1780761293.3736155,15,253.859375,687.5
1780761293.3736155,15,255.234375,682.5
1780761293.3736155,15,256.671875,678.5
1780761293.3736155,15,257.953125,674.0
1780761293.3736155,15,259.28125,669.5
1780761293.3736155,15,260.75,666.0
1780761293.3736155,15,262.015625,663.25
1780761293.3736155,15,263.421875,660.5
1780761293.3736155,15,264.875,657.5
1780761293.3736155,15,266.125,655.5
1780761293.3736155,15,267.375,654.5
1780761293.3736155,15,268.84375,654.0
1780761293.3736155,15,270.0625,653.5
1780761293.3736155,15,271.453125,653.0
1780761293.3736155,15,272.90625,652.5
1780761293.3736155,15,274.234375,653.25
1780761293.3736155,15,275.515625,654.75
1780761293.3736155,15,276.734375,655.5
1780761293.3736155,15,278.078125,657.0
1780761293.3736155,15,282.015625,700.25
1780761293.3736155,7,288.875,1529.25
1780761293.3736155,15,290.25,1530.25
1780761293.3736155,15,291.53125,1539.25
1780761293.3736155,15,292.921875,1548.25
1780761293.3736155,15,294.203125,1560.0
1780761293.3736155,15,295.53125,1580.0
1780761293.3736155,15,296.859375,1590.25
1780761293.3736155,15,298.203125,1605.75
1780761293.3736155,4,302.234375,1685.0
1780761293.3736155,15,303.59375,1719.0
1780761293.3736155,15,304.890625,1744.5
1780761293.3736155,15,306.234375,1759.75
1780761293.3736155,15,307.5625,1795.5
1780761293.3736155,15,308.90625,1832.75
1780761293.3736155,15,328.1875,1171.0
1780761293.3736155,15,329.484375,1168.75
1780761293.3736155,3,346.265625,2808.5
1780761293.3736155,2,347.5625,2808.5
1780761293.3736155,3,348.90625,2808.5
1780761293.5115538,15,353.046875,2319.25
1780761293.5115538,15,354.375,2319.5
1780761293.5115538,15,355.75,2341.5
1780761293.5115538,15,357.09375,2341.75
1780761293.5115538,15,358.390625,2342.75
1780761293.5115538,15,359.765625,2339.0
1780761293.5115538,15,1.09375,2330.75
1780761293.5115538,15,2.46875,2326.25
1780761293.5115538,15,3.78125,2330.0
1780761293.5115538,15,5.109375,2353.25
1780761293.5115538,15,6.484375,2352.5
1780761293.5115538,15,7.796875,2335.0
1780761293.5115538,15,28.5625,1155.0
1780761293.5115538,15,29.796875,1174.75
1780761293.5115538,15,31.21875,1192.0
1780761293.5115538,15,33.78125,1243.5
1780761293.5115538,15,38.09375,1131.75
1780761293.5115538,15,44.09375,773.25
1780761293.5115538,15,45.46875,754.0
1780761293.5115538,15,46.890625,735.5
1780761293.5115538,15,48.328125,719.75
1780761293.5115538,15,49.734375,705.75
1780761293.5115538,15,50.96875,692.25
1780761293.5115538,15,52.375,692.5
1780761293.5115538,15,57.46875,825.25
1780761293.5115538,15,58.8125,812.25
1780761293.5115538,15,60.109375,802.0
1780761293.5115538,15,61.453125,791.25
1780761293.5115538,15,62.78125,780.75
1780761293.5115538,15,64.234375,770.75
1780761293.5115538,15,65.5625,762.5
1780761293.5115538,15,66.90625,755.0
1780761293.5115538,15,68.28125,746.75
1780761293.5115538,15,69.703125,738.75
1780761293.5115538,15,70.984375,732.75
1780761293.5115538,15,72.34375,727.75
1780761293.5115538,15,73.671875,722.25
1780761293.5115538,15,75.09375,717.25
1780761293.5115538,15,76.453125,713.0
1780761293.5115538,15,77.765625,709.25
1780761293.5115538,15,88.65625,1590.5
1780761293.5115538,15,90.03125,1590.5
1780761293.5115538,15,91.3125,1590.75
1780761293.5115538,15,94.046875,1590.75
1780761293.5115538,15,95.359375,1590.75
1780761293.5115538,15,96.703125,1591.25
1780761293.5115538,15,98.046875,1591.75
1780761293.5115538,15,99.375,1592.75
1780761293.5115538,15,100.765625,1593.25
1780761293.5115538,15,102.0625,1606.25
1780761293.5115538,15,103.40625,1625.0
1780761293.5115538,15,120.703125,723.75
1780761293.5115538,15,122.046875,724.5
1780761293.5115538,15,123.359375,732.25
1780761293.5115538,15,124.6875,741.75
1780761293.5115538,15,125.90625,753.25
1780761293.5115538,15,127.171875,766.75
1780761293.5115538,15,135.28125,776.75
1780761293.5115538,15,136.5625,778.25
1780761293.5115538,15,137.84375,797.25
1780761293.5115538,15,139.09375,817.75
1780761293.5115538,15,144.609375,790.5
1780761293.5115538,15,145.90625,777.0
1780761293.5115538,15,147.296875,765.5
1780761293.5115538,15,159.375,336.75
1780761293.5115538,15,160.890625,333.75
1780761293.5115538,15,162.234375,330.75
1780761293.5115538,15,163.25,328.0
1780761293.5115538,15,164.65625,325.75
1780761293.5115538,15,165.9375,323.5
1780761293.5115538,15,167.40625,321.5
1780761293.5115538,15,169.28125,319.25
1780761293.5115538,15,170.03125,317.75
1780761293.5115538,15,171.609375,316.5
1780761293.5115538,15,172.6875,315.25
1780761293.5115538,15,174.6875,314.0
1780761293.5115538,15,175.59375,313.0
1780761293.5115538,15,177.3125,312.25
1780761293.5115538,15,178.421875,311.5
1780761293.5115538,15,179.59375,311.0
1780761293.5115538,15,181.40625,310.25
1780761293.5115538,15,182.890625,310.0
1780761293.5115538,15,184.265625,310.0
1780761293.5115538,15,185.578125,310.0
1780761293.5115538,15,186.359375,310.25
1780761293.5115538,15,188.140625,311.0
1780761293.5115538,15,189.3125,311.5
1780761293.5115538,15,190.6875,311.25
1780761293.5115538,15,191.53125,312.25
1780761293.5115538,15,193.125,313.75
1780761293.5115538,15,194.71875,315.0
1780761293.5115538,15,196.140625,316.5
1780761293.5115538,15,197.0,318.75
1780761293.5115538,15,198.546875,321.25
1780761293.5115538,15,199.78125,324.0
1780761293.5115538,15,200.90625,327.0
1780761293.5115538,15,202.3125,330.25
1780761293.5115538,15,203.90625,333.25
1780761293.5115538,15,204.828125,336.5
1780761293.5115538,15,206.046875,339.75
1780761293.5115538,15,207.65625,343.75
1780761293.5115538,15,208.65625,347.75
1780761293.5115538,15,209.859375,351.75
1780761293.5115538,15,211.640625,356.5
1780761293.5115538,15,212.53125,361.0
1780761293.5115538,15,214.1875,366.25
1780761293.5115538,15,215.234375,371.75
1780761293.5115538,15,216.59375,377.0
1780761293.5115538,15,217.5625,382.5
1780761293.5115538,15,219.0625,388.75
1780761293.5115538,15,220.40625,395.5
1780761293.5115538,15,221.421875,401.75
1780761293.5115538,15,234.3125,896.0
1780761293.5115538,15,235.703125,894.0
1780761293.5115538,13,236.984375,900.0
1780761293.5115538,15,238.3125,911.75
1780761293.5115538,15,239.65625,922.5
1780761293.5115538,15,240.984375,928.0
1780761293.5115538,15,242.359375,931.25
1780761293.5115538,15,243.671875,933.25
1780761293.5115538,15,245.015625,933.5
1780761293.5115538,15,246.40625,929.25
1780761293.5115538,15,247.75,922.0
1780761293.5115538,15,250.9375,703.25
1780761293.5115538,15,252.328125,697.0
1780761293.5115538,15,253.59375,691.5
1780761293.5115538,15,255.046875,685.5
1780761293.5115538,15,256.40625,681.25
1780761293.5115538,15,257.703125,677.0
1780761293.5115538,15,259.0625,673.25
1780761293.5115538,15,260.40625,669.0
1780761293.5115538,15,261.8125,664.5
1780761293.5115538,15,263.046875,662.0
1780761293.5115538,15,264.515625,660.0
1780761293.5115538,15,265.78125,658.25
1780761293.5115538,15,267.046875,656.5
1780761293.5115538,15,268.453125,655.25
1780761293.5115538,15,269.796875,654.75
1780761293.5115538,15,271.203125,654.75
1780761293.5115538,15,272.421875,654.75
1780761293.5115538,15,273.859375,654.75
1780761293.5115538,15,275.171875,655.25
1780761293.5115538,15,276.5,656.25
1780761293.5115538,15,277.8125,657.5
1780761293.5115538,15,279.078125,659.0
1780761293.5115538,15,280.546875,661.25
1780761293.5115538,15,285.71875,705.75
1780761293.5115538,15,291.28125,1539.25
1780761293.5115538,15,292.65625,1548.5
1780761293.5115538,15,293.984375,1559.75
1780761293.5115538,15,295.25,1579.5
1780761293.5115538,15,296.59375,1590.0
1780761293.5115538,15,297.9375,1610.25
1780761293.5115538,15,299.359375,1639.5
1780761293.5115538,15,302.046875,1673.0
1780761293.5115538,15,303.34375,1708.5
1780761293.5115538,15,304.671875,1733.75
1780761293.5115538,15,306.03125,1747.5
1780761293.5115538,15,307.375,1772.0
1780761293.5115538,15,308.671875,1820.75
1780761293.5115538,15,329.296875,1194.75
1780761293.5115538,15,330.609375,1193.5
1780761293.5115538,3,346.0,2808.5
1780761293.5115538,3,347.359375,2808.5
1780761293.5115538,2,348.703125,2808.5
1780761293.5115538,2,350.046875,2808.5
1780761293.6456444,15,352.859375,2375.25
1780761293.6456444,15,354.203125,2382.25
1780761293.6456444,15,355.53125,2370.75
1780761293.6456444,15,356.875,2366.75
1780761293.6456444,15,359.59375,2322.75
1780761293.6456444,15,0.90625,2356.75
1780761293.6456444,15,2.234375,2371.5
1780761293.6456444,15,3.609375,2369.25
1780761293.6456444,15,4.953125,2358.5
1780761293.6456444,15,6.296875,2347.5
1780761293.6456444,15,7.640625,2348.0
1780761293.6456444,15,9.0,2375.75
1780761293.6456444,15,27.078125,1187.0
1780761293.6456444,15,28.390625,1197.5
1780761293.6456444,15,29.75,1219.25
1780761293.6456444,15,33.75,1248.75
1780761293.6456444,15,38.046875,1136.75
1780761293.6456444,15,42.671875,795.5
1780761293.6456444,15,44.0625,773.5
1780761293.6456444,15,45.328125,754.25
1780761293.6456444,15,46.796875,738.0
1780761293.6456444,15,48.125,724.25
1780761293.6456444,15,49.609375,716.0
1780761293.6456444,15,50.84375,724.25
1780761293.6456444,15,55.953125,843.75
1780761293.6456444,15,57.40625,825.75
1780761293.6456444,15,58.703125,812.75
1780761293.6456444,15,60.125,802.75
1780761293.6456444,15,61.5,791.75
1780761293.6456444,15,62.859375,781.0
1780761293.6456444,15,64.140625,771.25
1780761293.6456444,15,65.484375,763.25
1780761293.6456444,15,66.828125,755.25
1780761293.6456444,15,68.265625,746.75
1780761293.6456444,15,69.640625,739.0
1780761293.6456444,15,70.96875,733.0
1780761293.6456444,15,72.390625,727.75
1780761293.6456444,15,73.75,722.5
1780761293.6456444,15,75.0,717.25
1780761293.6456444,15,87.296875,1590.5
1780761293.6456444,15,88.625,1590.5
1780761293.6456444,15,89.9375,1590.5
1780761293.6456444,15,91.296875,1590.5
1780761293.6456444,15,92.609375,1590.5
1780761293.6456444,15,93.984375,1590.75
1780761293.6456444,15,95.28125,1590.75
1780761293.6456444,15,96.640625,1591.0
1780761293.6456444,15,98.03125,1591.25
1780761293.6456444,15,99.3125,1592.0
1780761293.6456444,15,100.640625,1604.0
1780761293.6456444,15,101.984375,1617.0
1780761293.6456444,15,113.640625,824.75
1780761293.6456444,15,118.0625,706.0
1780761293.6456444,15,119.3125,705.75
1780761293.6456444,15,120.609375,713.25
1780761293.6456444,15,121.984375,721.25
1780761293.6456444,15,123.21875,731.0
1780761293.6456444,15,124.578125,742.25
1780761293.6456444,15,129.78125,801.25
1780761293.6456444,15,133.875,750.0
1780761293.6456444,15,135.140625,759.5
1780761293.6456444,15,136.390625,777.5
1780761293.6456444,15,141.875,775.5
1780761293.6456444,15,143.1875,757.5
1780761293.6456444,15,144.609375,743.0
1780761293.6456444,15,145.9375,733.25
1780761293.6456444,15,157.421875,301.5
1780761293.6456444,15,158.140625,298.5
1780761293.6456444,15,159.875,295.5
1780761293.6456444,15,161.140625,293.0
1780761293.6456444,15,162.71875,290.25
1780761293.6456444,15,164.078125,287.5
1780761293.6456444,15,165.96875,285.5
1780761293.6456444,15,166.46875,284.0
1780761293.6456444,15,168.4375,282.0
1780761293.6456444,15,169.21875,280.0
1780761293.6456444,15,170.390625,278.75
1780761293.6456444,15,172.015625,277.25
1780761293.6456444,15,173.546875,276.25
1780761293.6456444,15,175.609375,275.25
1780761293.6456444,15,176.0625,274.5
1780761293.6456444,15,177.9375,273.75
1780761293.6456444,15,178.734375,273.25
1780761293.6456444,15,180.0625,272.5
1780761293.6456444,15,181.859375,272.25
1780761293.6456444,15,183.171875,272.0
1780761293.6456444,15,184.234375,272.0
1780761293.6456444,15,186.3125,272.0
1780761293.6456444,15,187.734375,272.5
1780761293.6456444,15,188.234375,273.25
1780761293.6456444,15,190.0,273.5
1780761293.6456444,15,191.109375,273.75
1780761293.6456444,15,192.671875,274.0
1780761293.6456444,15,193.703125,275.0
1780761293.6456444,15,194.71875,276.0
1780761293.6456444,15,196.890625,277.5
1780761293.6456444,15,197.484375,280.0
1780761293.6456444,15,199.140625,282.0
1780761293.6456444,15,200.40625,283.5
1780761293.6456444,15,201.75,286.25
1780761293.6456444,15,202.34375,289.75
1780761293.6456444,15,203.59375,292.5
1780761293.6456444,15,205.4375,295.75
1780761293.6456444,15,206.265625,299.0
1780761293.6456444,15,207.625,302.25
1780761293.6456444,15,209.578125,305.75
1780761293.6456444,15,210.265625,309.5
1780761293.6456444,15,211.703125,313.5
1780761293.6456444,15,212.640625,317.75
1780761293.6456444,15,214.40625,322.0
1780761293.6456444,15,215.734375,326.5
1780761293.6456444,15,216.59375,331.75
1780761293.6456444,15,217.859375,337.5
1780761293.6456444,15,219.1875,343.0
1780761293.6456444,15,220.453125,348.75
1780761293.6456444,15,221.6875,355.0
1780761293.6456444,15,223.171875,361.75
1780761293.6456444,15,224.1875,368.5
1780761293.6456444,15,225.703125,376.0
1780761293.6456444,15,235.390625,881.25
1780761293.6456444,15,236.640625,874.0
1780761293.6456444,15,238.0625,875.25
1780761293.6456444,15,239.25,883.75
1780761293.6456444,15,240.65625,897.75
1780761293.6456444,15,241.984375,907.5
1780761293.6456444,15,243.25,914.25
1780761293.6456444,15,244.546875,918.75
1780761293.6456444,15,245.921875,920.5
1780761293.6456444,15,247.296875,920.5
1780761293.6456444,15,248.625,917.75
1780761293.6456444,15,249.953125,908.5
1780761293.6456444,15,253.234375,692.5
1780761293.6456444,15,254.5625,687.25
1780761293.6456444,15,255.90625,682.5
1780761293.6456444,15,257.296875,679.25
1780761293.6456444,15,258.671875,675.25
1780761293.6456444,15,259.84375,670.5
1780761293.6456444,15,261.25,667.0
1780761293.6456444,15,262.546875,664.25
1780761293.6456444,15,263.921875,661.75
1780761293.6456444,15,265.296875,660.0
1780761293.6456444,15,266.609375,658.25
1780761293.6456444,15,267.9375,656.25
1780761293.6456444,15,269.421875,655.25
1780761293.6456444,15,270.765625,655.0
1780761293.6456444,15,271.921875,655.25
1780761293.6456444,15,273.265625,655.25
1780761293.6456444,15,274.75,655.5
1780761293.6456444,15,275.921875,657.0
1780761293.6456444,15,277.328125,658.75
1780761293.6456444,15,278.734375,660.5
1780761293.6456444,15,280.09375,662.25
1780761293.6456444,15,281.515625,665.0
1780761293.6456444,15,282.75,668.25
1780761293.6456444,15,284.03125,671.5
1780761293.6456444,15,287.921875,722.5
1780761293.6456444,15,289.171875,730.75
1780761293.6456444,15,294.84375,1578.5
1780761293.6456444,15,296.21875,1589.25
1780761293.6456444,15,297.53125,1591.75
1780761293.6456444,15,298.921875,1611.75
1780761293.6456444,15,300.265625,1651.25
1780761293.6456444,15,301.59375,1672.25
1780761293.6456444,15,305.609375,1747.25
1780761293.6456444,15,306.921875,1771.75
1780761293.6456444,15,308.234375,1807.5
1780761293.6456444,15,309.59375,1833.5
1780761293.6456444,15,314.890625,1999.5
1780761293.6456444,15,321.515625,2274.0
1780761293.6456444,15,330.171875,1222.25
1780761293.6456444,15,331.46875,1219.25
1780761293.6456444,3,348.21875,2808.5
1780761293.6456444,3,349.5625,2808.5
1780761293.78657,15,356.375,2401.75
1780761293.78657,15,357.71875,2405.5
1780761293.78657,15,359.046875,2407.0
1780761293.78657,15,0.40625,2400.25
1780761293.78657,15,1.734375,2403.0
1780761293.78657,15,5.75,2400.0
1780761293.78657,15,7.09375,2393.5
1780761293.78657,15,26.359375,1231.0
1780761293.78657,15,27.703125,1236.75
1780761293.78657,15,29.078125,1243.0
1780761293.78657,15,31.625,1320.0
1780761293.78657,5,34.40625,1225.5
1780761293.78657,8,37.234375,1155.25
1780761293.78657,15,40.328125,832.5
1780761293.78657,15,43.109375,787.0
1780761293.78657,15,44.484375,767.75
1780761293.78657,15,45.9375,749.75
1780761293.78657,15,47.1875,740.25
1780761293.78657,15,48.65625,748.25
1780761293.78657,15,53.765625,867.0
1780761293.78657,15,55.046875,851.5
1780761293.78657,15,56.515625,836.5
1780761293.78657,15,57.828125,822.0
1780761293.78657,15,59.09375,810.75
1780761293.78657,15,60.5625,799.0
1780761293.78657,15,61.90625,788.25
1780761293.78657,15,63.265625,779.5
1780761293.78657,15,64.671875,769.75
1780761293.78657,15,65.953125,760.5
1780761293.78657,15,67.421875,751.75
1780761293.78657,15,68.671875,744.25
1780761293.78657,15,70.109375,737.25
1780761293.78657,15,71.359375,732.0
1780761293.78657,15,86.40625,1591.0
1780761293.78657,15,87.703125,1591.25
1780761293.78657,15,89.078125,1590.5
1780761293.78657,15,90.40625,1590.25
1780761293.78657,15,91.734375,1590.5
1780761293.78657,15,93.09375,1590.5
1780761293.78657,15,94.4375,1590.75
1780761293.78657,15,95.734375,1591.25
1780761293.78657,15,97.078125,1591.5
1780761293.78657,15,98.46875,1591.75
1780761293.78657,15,99.796875,1592.25
1780761293.78657,15,101.078125,1597.0
1780761293.78657,15,115.734375,683.25
1780761293.78657,15,117.0,689.75
1780761293.78657,15,118.328125,696.75
1780761293.78657,15,119.578125,704.25
1780761293.78657,15,120.90625,713.0
1780761293.78657,15,122.140625,723.5
1780761293.78657,15,127.46875,782.0
1780761293.78657,15,131.59375,725.25
1780761293.78657,15,132.875,731.25
1780761293.78657,15,134.109375,747.5
1780761293.78657,15,135.5,765.0
1780761293.78657,15,140.921875,733.5
1780761293.78657,15,142.234375,718.5
1780761293.78657,15,143.703125,705.0
1780761293.78657,15,145.046875,707.25
1780761293.78657,15,153.796875,267.5
1780761293.78657,15,155.234375,264.25
1780761293.78657,15,157.421875,261.0
1780761293.78657,15,159.28125,258.0
1780761293.78657,15,160.5,255.5
1780761293.78657,15,161.4375,253.25
1780761293.78657,15,162.640625,251.0
1780761293.78657,15,165.09375,248.5
1780761293.78657,15,165.6875,246.75
1780761293.78657,15,168.09375,245.0
1780761293.78657,15,169.421875,243.25
1780761293.78657,15,170.140625,241.75
1780761293.78657,15,170.328125,240.5
1780761293.78657,15,171.96875,239.25
1780761293.78657,15,173.515625,238.25
1780761293.78657,15,174.5,237.25
1780761293.78657,15,177.4375,236.5
1780761293.78657,15,178.765625,236.0
1780761293.78657,15,178.359375,235.25
1780761293.78657,15,179.9375,234.75
1780761293.78657,15,182.78125,234.5
1780761293.78657,15,182.9375,234.25
1780761293.78657,15,184.953125,234.25
1780761293.78657,15,185.796875,234.25
1780761293.78657,15,186.765625,234.25
1780761293.78657,15,188.515625,234.75
1780761293.78657,15,189.171875,235.0
1780761293.78657,15,191.125,235.5
1780761293.78657,15,192.859375,236.0
1780761293.78657,15,194.625,236.75
1780761293.78657,15,194.859375,237.25
1780761293.78657,15,197.640625,237.75
1780761293.78657,15,197.484375,239.0
1780761293.78657,15,199.28125,240.75
1780761293.78657,15,200.8125,242.75
1780761293.78657,15,201.0625,245.0
1780761293.78657,15,203.546875,247.25
1780761293.78657,15,203.4375,249.75
1780761293.78657,15,204.890625,252.75
1780761293.78657,15,206.453125,255.5
1780761293.78657,15,208.265625,258.0
1780761293.78657,15,208.875,261.25
1780761293.78657,15,210.828125,264.5
1780761293.78657,15,211.859375,267.75
1780761293.78657,15,212.421875,271.25
1780761293.78657,15,213.5625,275.5
1780761293.78657,15,214.921875,279.75
1780761293.78657,15,216.625,283.75
1780761293.78657,15,217.953125,288.0
1780761293.78657,15,219.140625,293.0
1780761293.78657,15,224.0,315.0
1780761293.78657,15,225.1875,321.25
1780761293.78657,15,226.265625,327.5
1780761293.78657,15,228.03125,334.25
1780761293.78657,15,235.53125,875.0
1780761293.78657,15,237.0,862.5
1780761293.78657,15,238.28125,855.25
1780761293.78657,15,239.640625,853.5
1780761293.78657,15,240.859375,858.75
1780761293.78657,15,242.21875,872.25
1780761293.78657,15,243.515625,884.75
1780761293.78657,15,244.890625,893.0
1780761293.78657,15,246.171875,897.75
1780761293.78657,15,247.546875,901.0
1780761293.78657,15,248.859375,903.5
1780761293.78657,15,250.140625,903.0
1780761293.78657,15,251.578125,896.5
1780761293.78657,15,252.953125,886.75
1780761293.78657,15,256.0,682.25
1780761293.78657,15,257.515625,678.25
1780761293.78657,15,258.765625,674.5
1780761293.78657,15,260.203125,670.75
1780761293.78657,15,261.484375,666.5
1780761293.78657,15,262.921875,663.5
1780761293.78657,15,264.1875,660.5
1780761293.78657,15,265.546875,658.75
1780761293.78657,15,266.9375,657.75
1780761293.78657,15,268.28125,656.0
1780761293.78657,15,269.53125,655.5
1780761293.78657,15,270.890625,655.25
1780761293.78657,15,272.1875,654.75
1780761293.78657,15,273.59375,654.75
1780761293.78657,15,274.78125,655.5
1780761293.78657,15,276.296875,656.75
1780761293.78657,15,277.4375,658.5
1780761293.78657,15,278.890625,660.5
1780761293.78657,15,280.265625,662.0
1780761293.78657,15,281.59375,664.0
1780761293.78657,15,282.84375,667.5
1780761293.78657,15,284.15625,671.25
1780761293.78657,15,285.546875,674.5
1780761293.78657,15,286.734375,679.0
1780761293.78657,6,291.90625,735.0
1780761293.78657,15,297.578125,1594.75
1780761293.78657,15,298.875,1624.25
1780761293.78657,15,300.234375,1649.75
1780761293.78657,15,305.5,1733.75
1780761293.78657,15,306.8125,1772.0
1780761293.78657,15,308.125,1807.75
1780761293.78657,13,326.6875,2271.5
1780761293.78657,15,331.203125,1251.5
1780761293.78657,15,332.546875,1262.0
1780761293.78657,15,347.921875,2813.0
1780761293.78657,15,349.25,2813.0
1780761293.9239202,6,358.6875,2424.25
1780761293.9239202,15,0.03125,2430.25
1780761293.9239202,15,1.375,2437.25
1780761293.9239202,15,4.046875,2305.75
1780761293.9239202,15,6.71875,2426.0
1780761293.9239202,15,17.5,2305.0
1780761293.9239202,7,26.015625,1244.5
1780761293.9239202,15,27.359375,1251.25
1780761293.9239202,15,29.96875,1306.0
1780761293.9239202,15,31.296875,1320.0
1780761293.9239202,15,35.53125,1197.5
1780761293.9239202,15,38.6875,864.0
1780761293.9239202,15,41.46875,810.75
1780761293.9239202,15,42.828125,791.25
1780761293.9239202,15,44.203125,773.25
1780761293.9239202,15,45.5,767.5
1780761293.9239202,15,50.75,902.0
1780761293.9239202,15,52.125,885.75
1780761293.9239202,15,53.421875,869.0
1780761293.9239202,15,54.75,854.5
1780761293.9239202,15,56.234375,841.0
1780761293.9239202,15,57.484375,825.5
1780761293.9239202,15,58.96875,812.75
1780761293.9239202,15,60.203125,801.75
1780761293.9239202,15,61.625,790.5
1780761293.9239202,15,62.921875,780.75
1780761293.9239202,15,64.421875,771.5
1780761293.9239202,15,65.765625,763.0
1780761293.9239202,15,67.0,755.5
1780761293.9239202,15,68.421875,747.5
1780761293.9239202,15,71.296875,705.0
1780761293.9239202,15,84.765625,1591.0
1780761293.9239202,15,86.140625,1590.5
1780761293.9239202,15,87.46875,1590.75
1780761293.9239202,15,88.796875,1590.75
1780761293.9239202,15,90.109375,1590.5
1780761293.9239202,15,91.484375,1590.5
1780761293.9239202,15,92.8125,1590.75
1780761293.9239202,15,94.171875,1591.0
1780761293.9239202,15,95.484375,1591.0
1780761293.9239202,15,96.859375,1591.25
1780761293.9239202,15,98.203125,1591.75
1780761293.9239202,15,99.5,1592.5
1780761293.9239202,15,112.6875,667.0
1780761293.9239202,15,114.078125,673.75
1780761293.9239202,15,115.4375,679.0
1780761293.9239202,15,116.71875,686.75
1780761293.9239202,15,118.03125,694.25
1780761293.9239202,15,119.40625,703.25
1780761293.9239202,15,120.515625,713.5
1780761293.9239202,15,128.796875,703.0
1780761293.9239202,15,130.09375,701.25
1780761293.9239202,15,131.25,715.75
1780761293.9239202,15,132.53125,730.5
1780761293.9239202,15,133.828125,746.25
1780761293.9239202,15,135.203125,761.5
1780761293.9239202,15,139.453125,700.5
1780761293.9239202,15,140.84375,685.0
1780761293.9239202,15,142.09375,673.5
1780761293.9239202,15,149.546875,237.5
1780761293.9239202,15,151.75,233.75
1780761293.9239202,15,151.5,230.25
1780761293.9239202,15,154.421875,227.0
1780761293.9239202,15,155.75,224.0
1780761293.9239202,15,156.53125,221.25
1780761293.9239202,15,158.4375,218.5
1780761293.9239202,15,159.765625,216.25
1780761293.9239202,15,161.109375,214.25
1780761293.9239202,15,161.53125,212.0
1780761293.9239202,15,163.78125,210.0
1780761293.9239202,15,164.875,208.25
1780761293.9239202,15,166.453125,206.5
1780761293.9239202,15,167.796875,205.25
1780761293.9239202,15,169.375,204.0
1780761293.9239202,15,170.453125,202.5
1780761293.9239202,15,171.796875,201.0
1780761293.9239202,15,173.140625,200.0
1780761293.9239202,15,174.046875,199.5
1780761293.9239202,15,175.6875,199.0
1780761293.9239202,15,177.140625,197.75
1780761293.9239202,15,178.484375,197.0
1780761293.9239202,15,179.8125,197.0
1780761293.9239202,15,181.15625,196.75
1780761293.9239202,15,182.484375,196.5
1780761293.9239202,15,183.828125,196.5
1780761293.9239202,15,185.15625,196.5
1780761293.9239202,15,186.484375,196.75
1780761293.9239202,15,187.828125,196.5
1780761293.9239202,15,189.171875,197.0
1780761293.9239202,15,190.5,197.5
1780761293.9239202,15,191.828125,198.0
1780761293.9239202,15,192.671875,198.5
1780761293.9239202,15,194.5,199.0
1780761293.9239202,15,195.828125,199.75
1780761293.9239202,15,197.1875,199.75
1780761293.9239202,15,198.515625,200.75
1780761293.9239202,15,199.84375,202.25
1780761293.9239202,15,201.1875,204.25
1780761293.9239202,15,202.515625,206.0
1780761293.9239202,15,203.84375,207.5
1780761293.9239202,15,205.1875,209.75
1780761293.9239202,15,205.46875,212.0
1780761293.9239202,15,207.3125,214.25
1780761293.9239202,15,209.21875,216.75
1780761293.9239202,15,210.53125,219.75
1780761293.9239202,15,211.875,222.5
1780761293.9239202,15,213.203125,225.5
1780761293.9239202,15,213.359375,228.75
1780761293.9239202,15,215.3125,232.25
1780761293.9239202,15,216.25,235.75
1780761293.9239202,15,217.90625,239.5
1780761293.9239202,15,219.046875,243.25
1780761293.9239202,15,219.03125,247.5
1780761293.9239202,15,221.703125,252.0
1780761293.9239202,15,222.5625,256.75
1780761293.9239202,15,237.796875,851.75
1780761293.9239202,15,239.21875,839.5
1780761293.9239202,15,240.484375,831.25
1780761293.9239202,15,241.765625,832.5
1780761293.9239202,15,243.09375,841.0
1780761293.9239202,15,244.484375,856.5
1780761293.9239202,15,245.734375,871.0
1780761293.9239202,15,247.109375,880.0
1780761293.9239202,15,248.390625,884.75
1780761293.9239202,15,249.765625,888.75
1780761293.9239202,15,251.109375,890.5
1780761293.9239202,15,252.546875,890.0
1780761293.9239202,15,253.8125,885.5
1780761293.9239202,15,255.203125,875.25
1780761293.9239202,15,259.859375,672.25
1780761293.9239202,15,261.140625,667.75
1780761293.9239202,15,262.46875,664.25
1780761293.9239202,15,263.71875,662.0
1780761293.9239202,15,265.109375,660.75
1780761293.9239202,15,266.59375,659.0
1780761293.9239202,15,267.9375,657.25
1780761293.9239202,15,269.234375,656.25
1780761293.9239202,15,270.578125,655.5
1780761293.9239202,15,271.9375,655.5
1780761293.9239202,15,273.171875,655.5
1780761293.9239202,15,274.5625,656.25
1780761293.9239202,15,275.8125,658.0
1780761293.9239202,15,277.0625,659.5
1780761293.9239202,15,278.46875,661.0
1780761293.9239202,15,279.765625,662.5
1780761293.9239202,15,281.09375,665.5
1780761293.9239202,15,282.375,669.0
1780761293.9239202,15,283.78125,672.25
1780761293.9239202,15,285.1875,675.75
1780761293.9239202,15,286.34375,680.0
1780761293.9239202,15,287.71875,684.5
1780761293.9239202,15,289.015625,689.25
1780761293.9239202,15,294.25,745.25
1780761293.9239202,15,299.875,1649.25
1780761293.9239202,15,302.53125,1673.75
1780761293.9239202,15,303.859375,1720.0
1780761293.9239202,15,306.453125,1768.5
1780761293.9239202,15,307.796875,1807.25
1780761293.9239202,15,309.140625,1833.0
1780761293.9239202,15,326.4375,2294.5
1780761293.9239202,15,332.265625,1282.75
1780761293.9239202,15,349.1875,2813.25
1780761294.0615845,6,354.6875,2448.75
1780761294.0615845,1,356.0,2450.0
1780761294.0615845,3,357.328125,2457.75
1780761294.0615845,3,358.703125,2448.5
1780761294.0615845,4,0.03125,2440.5
1780761294.0615845,3,1.390625,2439.25
1780761294.0615845,15,4.09375,2307.0
1780761294.0615845,15,24.765625,1263.0
1780761294.0615845,15,27.421875,1319.75
1780761294.0615845,15,31.453125,1319.75
1780761294.0615845,4,34.171875,1226.25
1780761294.0615845,15,38.71875,861.5
1780761294.0615845,15,41.5625,813.0
1780761294.0615845,15,42.953125,797.25
1780761294.0615845,15,44.171875,798.75
1780761294.0615845,15,49.421875,919.25
1780761294.0615845,15,50.859375,901.25
1780761294.0615845,15,52.203125,885.5
1780761294.0615845,15,53.578125,869.0
1780761294.0615845,15,54.921875,852.25
1780761294.0615845,15,56.21875,837.25
1780761294.0615845,15,57.6875,822.75
1780761294.0615845,15,59.0625,811.0
1780761294.0615845,15,60.375,799.25
1780761294.0615845,15,61.875,788.0
1780761294.0615845,15,63.109375,779.25
1780761294.0615845,15,64.5,770.75
1780761294.0615845,15,65.859375,761.5
1780761294.0615845,15,68.734375,718.5
1780761294.0615845,15,85.03125,1591.25
1780761294.0615845,15,86.359375,1591.25
1780761294.0615845,15,87.671875,1591.0
1780761294.0615845,15,89.015625,1590.5
1780761294.0615845,15,90.359375,1590.25
1780761294.0615845,15,91.703125,1590.5
1780761294.0615845,15,93.046875,1590.25
1780761294.0615845,15,94.40625,1590.25
1780761294.0615845,15,95.734375,1590.75
1780761294.0615845,15,97.109375,1591.25
1780761294.0615845,15,109.125,660.75
1780761294.0615845,15,110.40625,657.25
1780761294.0615845,15,111.59375,662.0
1780761294.0615845,15,113.09375,667.75
1780761294.0615845,15,114.3125,674.0
1780761294.0615845,15,115.609375,681.25
1780761294.0615845,15,116.875,689.5
1780761294.0615845,15,118.296875,699.0
1780761294.0615845,15,126.28125,680.5
1780761294.0615845,15,127.671875,679.25
1780761294.0615845,15,129.03125,692.25
1780761294.0615845,15,130.328125,706.0
1780761294.0615845,15,131.546875,720.5
1780761294.0615845,15,143.875,208.25
1780761294.0615845,15,145.34375,204.0
1780761294.0615845,15,146.671875,200.25
1780761294.0615845,15,148.015625,196.5
1780761294.0615845,15,148.859375,193.25
1780761294.0615845,15,150.6875,190.25
1780761294.0615845,15,152.03125,187.0
1780761294.0615845,15,153.359375,184.5
1780761294.0615845,15,154.703125,181.75
1780761294.0615845,15,156.03125,179.25
1780761294.0615845,15,157.375,177.25
1780761294.0615845,15,158.71875,175.5
1780761294.0615845,15,160.046875,173.75
1780761294.0615845,15,161.890625,172.0
1780761294.0615845,15,163.359375,170.25
1780761294.0615845,15,164.703125,168.5
1780761294.0615845,15,166.03125,167.0
1780761294.0615845,15,167.390625,166.0
1780761294.0615845,15,168.734375,165.0
1780761294.0615845,15,170.0625,164.0
1780761294.0615845,15,171.421875,162.75
1780761294.0615845,15,172.765625,161.5
1780761294.0615845,15,174.09375,160.75
1780761294.0615845,15,175.453125,160.25
1780761294.0615845,15,176.796875,160.25
1780761294.0615845,15,178.125,160.0
1780761294.0615845,15,179.46875,159.25
1780761294.0615845,15,180.8125,158.5
1780761294.0615845,15,182.421875,158.25
1780761294.0615845,15,183.515625,158.25
1780761294.0615845,15,184.859375,158.25
1780761294.0615845,15,186.203125,158.5
1780761294.0615845,15,187.484375,158.75
1780761294.0615845,15,191.5,159.25
1780761294.0615845,15,192.84375,160.5
1780761294.0615845,15,194.1875,161.5
1780761294.0615845,15,195.515625,162.25
1780761294.0615845,15,196.859375,163.0
1780761294.0615845,15,198.203125,163.5
1780761294.0615845,15,199.546875,163.75
1780761294.0615845,15,200.890625,164.25
1780761294.0615845,15,201.984375,165.75
1780761294.0615845,15,203.5625,167.25
1780761294.0615845,15,207.078125,170.75
1780761294.0615845,15,243.84375,814.0
1780761294.0615845,15,245.171875,819.75
1780761294.0615845,15,246.4375,836.25
1780761294.0615845,15,247.796875,852.0
1780761294.0615845,15,249.0625,861.25
1780761294.0615845,15,250.390625,868.75
1780761294.0615845,15,251.703125,873.75
1780761294.0615845,15,253.0625,877.0
1780761294.0615845,15,254.4375,878.25
1780761294.0615845,15,255.75,875.5
1780761294.0615845,15,257.078125,870.25
1780761294.0615845,15,258.46875,858.5
1780761294.0615845,15,261.65625,660.0
1780761294.0615845,15,263.078125,662.75
1780761294.0615845,15,264.234375,660.5
1780761294.0615845,15,265.75,659.0
1780761294.0615845,15,267.046875,657.25
1780761294.0615845,15,268.375,656.0
1780761294.0615845,15,269.671875,655.25
1780761294.0615845,15,271.09375,654.75
1780761294.0615845,15,272.421875,654.75
1780761294.0615845,15,273.75,655.25
1780761294.0615845,15,275.09375,655.75
1780761294.0615845,15,276.421875,657.0
1780761294.0615845,15,277.59375,659.0
1780761294.0615845,15,279.046875,661.25
1780761294.0615845,15,280.28125,663.5
1780761294.0615845,15,281.59375,665.5
1780761294.0615845,15,283.046875,668.5
1780761294.0615845,15,284.234375,673.0
1780761294.0615845,15,285.53125,677.0
1780761294.0615845,15,287.0,680.25
1780761294.0615845,15,288.3125,684.75
1780761294.0615845,15,289.59375,690.5
1780761294.0615845,15,290.875,696.0
1780761294.0615845,15,292.265625,702.25
1780761294.0615845,15,325.59375,2274.25
1780761294.0615845,15,329.609375,2308.0
1780761294.0615845,15,332.71875,1346.0
1780761294.1989903,15,358.953125,2516.75
1780761294.1989903,15,1.609375,2516.75
1780761294.1989903,2,5.640625,2488.5
1780761294.1989903,15,24.8125,1331.75
1780761294.1989903,15,26.125,1332.5
1780761294.1989903,15,27.515625,1326.75
1780761294.1989903,15,31.46875,1319.75
1780761294.1989903,15,38.9375,860.0
1780761294.1989903,15,40.328125,835.75
1780761294.1989903,15,41.609375,822.75
1780761294.1989903,15,43.015625,829.75
1780761294.1989903,15,48.125,934.25
1780761294.1989903,15,49.484375,917.25
1780761294.1989903,15,50.9375,900.5
1780761294.1989903,15,52.25,884.5
1780761294.1989903,15,53.640625,868.25
1780761294.1989903,15,55.015625,852.0
1780761294.1989903,15,56.453125,837.25
1780761294.1989903,15,57.703125,822.5
1780761294.1989903,15,59.0625,811.0
1780761294.1989903,15,60.5,801.0
1780761294.1989903,15,61.828125,789.75
1780761294.1989903,15,63.265625,779.25
1780761294.1989903,15,66.046875,735.0
1780761294.1989903,15,82.375,1601.5
1780761294.1989903,15,83.578125,1592.25
1780761294.1989903,15,84.953125,1591.25
1780761294.1989903,15,86.28125,1590.75
1780761294.1989903,15,87.609375,1590.75
1780761294.1989903,15,88.9375,1590.25
1780761294.1989903,15,90.296875,1590.0
1780761294.1989903,15,91.59375,1590.5
1780761294.1989903,15,92.953125,1590.5
1780761294.1989903,15,94.3125,1590.5
1780761294.1989903,15,95.640625,1590.75
1780761294.1989903,15,106.265625,650.0
1780761294.1989903,15,107.671875,646.5
1780761294.1989903,15,109.078125,649.75
1780761294.1989903,15,110.203125,654.0
1780761294.1989903,15,111.703125,660.25
1780761294.1989903,15,112.921875,666.5
1780761294.1989903,15,114.328125,673.0
1780761294.1989903,15,115.546875,682.25
1780761294.1989903,15,123.609375,659.5
1780761294.1989903,15,124.96875,656.5
1780761294.1989903,15,126.25,667.75
1780761294.1989903,15,127.65625,679.5
1780761294.1989903,15,137.25,177.0
1780761294.1989903,15,139.046875,172.5
1780761294.1989903,15,140.375,168.5
1780761294.1989903,15,141.71875,164.75
1780761294.1989903,15,143.046875,161.25
1780761294.1989903,15,144.390625,157.75
1780761294.1989903,15,145.71875,154.5
1780761294.1989903,15,147.0625,151.5
1780761294.1989903,15,148.390625,148.75
1780761294.1989903,15,150.59375,146.25
1780761294.1989903,15,151.0625,144.0
1780761294.1989903,15,152.8125,142.0
1780761294.1989903,15,153.703125,140.0
1780761294.1989903,15,155.609375,138.0
1780761294.1989903,15,157.65625,136.5
1780761294.1989903,15,157.703125,134.75
1780761294.1989903,15,160.296875,133.0
1780761294.1989903,15,160.375,131.75
1780761294.1989903,15,163.875,130.25
1780761294.1989903,15,164.734375,129.0
1780761294.1989903,15,166.734375,128.0
1780761294.1989903,15,167.625,126.75
1780761294.1989903,15,167.859375,125.75
1780761294.1989903,15,170.171875,125.25
1780761294.1989903,15,169.84375,124.75
1780761294.1989903,15,172.59375,124.25
1780761294.1989903,15,172.53125,123.5
1780761294.1989903,15,173.859375,123.0
1780761294.1989903,15,177.578125,122.75
1780761294.1989903,15,176.796875,122.5
1780761294.1989903,15,180.75,122.5
1780761294.1989903,15,179.71875,122.0
1780761294.1989903,15,181.5625,121.75
1780761294.1989903,15,184.734375,121.75
1780761294.1989903,15,185.5625,122.0
1780761294.1989903,15,184.578125,122.0
1780761294.1989903,15,188.921875,122.25
1780761294.1989903,15,190.234375,122.5
1780761294.1989903,15,190.578125,122.75
1780761294.1989903,15,192.09375,123.25
1780761294.1989903,15,191.234375,123.5
1780761294.1989903,15,192.5625,124.0
1780761294.1989903,15,195.875,124.75
1780761294.1989903,15,197.609375,125.5
1780761294.1989903,15,196.578125,126.25
1780761294.1989903,15,199.625,127.0
1780761294.1989903,15,201.921875,128.25
1780761294.1989903,15,204.78125,129.75
1780761294.1989903,15,205.15625,130.5
1780761294.1989903,15,250.359375,838.75
1780761294.1989903,15,251.625,850.25
1780761294.1989903,15,252.9375,858.75
1780761294.1989903,15,254.25,862.5
1780761294.1989903,15,255.609375,867.25
1780761294.1989903,15,256.984375,870.75
1780761294.1989903,15,258.296875,867.0
1780761294.1989903,15,259.6875,861.75
1780761294.1989903,15,265.4375,660.5
1780761294.1989903,15,266.828125,658.0
1780761294.1989903,15,268.234375,656.25
1780761294.1989903,15,269.5625,656.0
1780761294.1989903,15,270.75,656.25
1780761294.1989903,15,272.125,655.75
1780761294.1989903,15,273.5625,655.0
1780761294.1989903,15,274.875,655.75
1780761294.1989903,15,276.28125,657.25
1780761294.1989903,15,277.40625,658.5
1780761294.1989903,15,278.75,660.5
1780761294.1989903,15,280.125,662.25
1780761294.1989903,15,281.34375,665.0
1780761294.1989903,15,282.6875,668.5
1780761294.1989903,15,284.0,671.5
1780761294.1989903,15,285.4375,676.25
1780761294.1989903,15,286.765625,681.25
1780761294.1989903,15,287.984375,685.25
1780761294.1989903,15,289.34375,690.25
1780761294.1989903,15,290.59375,695.75
1780761294.1989903,15,292.015625,702.5
1780761294.1989903,15,293.296875,709.25
1780761294.1989903,15,294.515625,715.0
1780761294.1989903,15,304.140625,1733.0
1780761294.1989903,15,305.46875,1747.5
1780761294.1989903,15,321.3125,2274.25
1780761294.1989903,15,325.3125,2296.75
1780761294.1989903,15,327.984375,2296.75
1780761294.1989903,15,329.328125,2295.25
1780761294.1989903,10,333.796875,1364.75
1780761294.1989903,1,343.921875,2808.5
1780761294.336624,15,24.546875,1334.25
1780761294.336624,15,28.453125,1409.75
1780761294.336624,15,31.203125,1320.5
1780761294.336624,15,38.671875,865.75
1780761294.336624,15,40.015625,854.75
1780761294.336624,15,45.109375,980.5
1780761294.336624,15,46.515625,959.5
1780761294.336624,15,47.90625,939.25
1780761294.336624,15,49.3125,919.75
1780761294.336624,15,50.59375,903.0
1780761294.336624,15,52.0,886.5
1780761294.336624,15,53.46875,869.75
1780761294.336624,15,54.75,855.25
1780761294.336624,15,56.109375,841.0
1780761294.336624,15,57.453125,825.25
1780761294.336624,15,58.890625,812.5
1780761294.336624,15,60.28125,801.75
1780761294.336624,15,64.25,756.5
1780761294.336624,15,80.796875,1614.25
1780761294.336624,15,82.125,1601.5
1780761294.336624,15,83.390625,1592.0
1780761294.336624,15,84.734375,1591.75
1780761294.336624,15,86.109375,1590.75
1780761294.336624,15,87.453125,1590.75
1780761294.336624,15,88.765625,1590.75
1780761294.336624,15,90.109375,1590.5
1780761294.336624,15,91.46875,1590.5
1780761294.336624,15,92.75,1590.5
1780761294.336624,15,94.109375,1590.75
1780761294.336624,15,103.609375,636.25
1780761294.336624,15,104.875,637.5
1780761294.336624,15,106.09375,640.5
1780761294.336624,15,107.4375,644.0
1780761294.336624,15,108.890625,648.0
1780761294.336624,15,110.109375,653.5
1780761294.336624,15,111.5,659.75
1780761294.336624,15,112.828125,667.75
1780761294.336624,15,131.890625,141.0
1780761294.336624,15,132.28125,137.0
1780761294.336624,15,133.609375,133.25
1780761294.336624,15,136.8125,129.75
1780761294.336624,15,138.359375,126.25
1780761294.336624,15,139.234375,123.25
1780761294.336624,15,140.65625,120.75
1780761294.336624,15,142.34375,118.25
1780761294.336624,15,143.703125,115.75
1780761294.336624,15,145.71875,113.5
1780761294.336624,15,147.84375,111.5
1780761294.336624,15,149.5,109.5
1780761294.336624,15,151.734375,108.0
1780761294.336624,15,151.59375,106.5
1780761294.336624,15,153.390625,105.0
1780761294.336624,15,155.046875,103.75
1780761294.336624,15,156.5625,102.75
1780761294.336624,15,159.1875,102.0
1780761294.336624,15,160.34375,101.5
1780761294.336624,15,161.6875,100.75
1780761294.336624,15,199.46875,100.0
1780761294.336624,15,200.734375,100.0
1780761294.336624,13,204.984375,101.25
1780761294.336624,15,209.234375,104.0
1780761294.336624,15,255.828125,855.25
1780761294.336624,15,257.203125,858.75
1780761294.336624,15,258.515625,862.75
1780761294.336624,15,259.78125,865.0
1780761294.336624,15,261.140625,862.0
1780761294.336624,15,262.5,857.25
1780761294.336624,15,268.296875,657.75
1780761294.336624,15,269.75,657.0
1780761294.336624,15,270.96875,656.5
1780761294.336624,15,272.421875,656.5
1780761294.336624,15,273.75,655.75
1780761294.336624,15,275.046875,656.0
1780761294.336624,15,276.296875,656.75
1780761294.336624,15,277.4375,658.75
1780761294.336624,15,278.8125,660.75
1780761294.336624,15,280.0625,662.25
1780761294.336624,15,281.5,664.25
1780761294.336624,15,282.765625,667.75
1780761294.336624,15,284.109375,671.5
1780761294.336624,15,285.46875,675.75
1780761294.336624,15,286.765625,679.5
1780761294.336624,15,288.109375,683.5
1780761294.336624,15,289.421875,688.0
1780761294.336624,15,290.609375,693.5
1780761294.336624,15,291.875,699.0
1780761294.336624,15,293.3125,704.0
1780761294.336624,15,294.53125,711.0
1780761294.336624,15,295.875,718.0
1780761294.336624,15,297.265625,725.0
1780761294.336624,15,298.5625,732.25
1780761294.336624,15,301.046875,783.25
1780761294.336624,15,308.015625,1772.25
1780761294.336624,15,322.421875,2274.25
1780761294.336624,15,323.75,2294.25
1780761294.336624,15,327.71875,2320.75
1780761294.336624,15,330.40625,2326.0
1780761294.336624,15,334.796875,1377.5
1780761294.336624,3,343.546875,2808.5
1780761294.336624,1,344.890625,2808.5
1780761294.4746501,15,356.828125,2794.5
1780761294.4746501,15,0.796875,2778.0
1780761294.4746501,15,2.140625,2777.75
1780761294.4746501,15,4.78125,2773.25
1780761294.4746501,15,8.75,2782.5
1780761294.4746501,6,25.21875,1377.5
1780761294.4746501,15,26.515625,1400.25
1780761294.4746501,15,29.1875,1418.0
1780761294.4746501,15,31.890625,1321.25
1780761294.4746501,15,34.96875,950.0
1780761294.4746501,15,36.484375,924.5
1780761294.4746501,15,39.234375,872.25
1780761294.4746501,15,40.625,863.25
1780761294.4746501,15,45.765625,983.25
1780761294.4746501,15,47.125,962.25
1780761294.4746501,15,48.40625,942.0
1780761294.4746501,15,49.859375,924.5
1780761294.4746501,15,51.140625,909.0
1780761294.4746501,15,52.515625,891.25
1780761294.4746501,15,53.984375,874.0
1780761294.4746501,15,55.25,859.25
1780761294.4746501,15,56.703125,844.5
1780761294.4746501,15,57.953125,829.5
1780761294.4746501,15,59.28125,817.0
1780761294.4746501,15,60.65625,806.0
1780761294.4746501,15,63.5,758.75
1780761294.4746501,15,64.75,760.25
1780761294.4746501,15,81.0,1613.75
1780761294.4746501,15,82.3125,1610.25
1780761294.4746501,15,83.640625,1600.5
1780761294.4746501,15,84.953125,1600.5
1780761294.4746501,15,86.25,1600.0
1780761294.4746501,15,87.609375,1590.75
1780761294.4746501,15,88.921875,1590.5
1780761294.4746501,15,90.25,1590.0
1780761294.4746501,15,91.609375,1590.25
1780761294.4746501,15,92.953125,1589.75
1780761294.4746501,15,94.25,1589.75
1780761294.4746501,15,95.59375,1590.5
1780761294.4746501,15,103.6875,640.25
1780761294.4746501,15,104.96875,635.5
1780761294.4746501,15,106.25,638.75
1780761294.4746501,15,107.453125,641.25
1780761294.4746501,15,108.90625,645.25
1780761294.4746501,15,110.125,650.0
1780761294.4746501,15,111.5625,656.0
1780761294.4746501,15,112.859375,663.0
1780761294.4746501,15,130.859375,144.75
1780761294.4746501,15,133.78125,140.75
1780761294.4746501,15,135.484375,136.75
1780761294.4746501,15,136.328125,133.0
1780761294.4746501,15,138.0625,129.5
1780761294.4746501,15,139.53125,126.25
1780761294.4746501,15,139.578125,123.25
1780761294.4746501,15,143.359375,120.75
1780761294.4746501,15,144.8125,118.5
1780761294.4746501,15,145.984375,116.25
1780761294.4746501,15,146.734375,113.75
1780761294.4746501,15,149.21875,111.75
1780761294.4746501,15,150.046875,110.0
1780761294.4746501,15,151.625,108.25
1780761294.4746501,15,152.34375,106.75
1780761294.4746501,15,154.609375,105.25
1780761294.4746501,15,156.546875,104.25
1780761294.4746501,15,157.140625,103.25
1780761294.4746501,15,159.34375,102.25
1780761294.4746501,15,161.296875,101.75
1780761294.4746501,15,161.703125,101.0
1780761294.4746501,15,164.015625,100.5
1780761294.4746501,15,198.53125,100.0
1780761294.4746501,15,200.015625,100.0
1780761294.4746501,15,200.6875,100.25
1780761294.4746501,15,255.84375,852.75
1780761294.4746501,15,257.265625,859.0
1780761294.4746501,15,258.578125,862.5
1780761294.4746501,15,259.890625,864.25
1780761294.4746501,15,261.28125,861.75
1780761294.4746501,15,262.5625,857.0
1780761294.4746501,15,268.359375,659.0
1780761294.4746501,15,269.78125,657.25
1780761294.4746501,15,271.015625,657.25
1780761294.4746501,15,272.359375,657.25
1780761294.4746501,15,273.765625,655.5
1780761294.4746501,15,275.109375,655.75
1780761294.4746501,15,276.359375,657.5
1780761294.4746501,15,277.6875,658.5
1780761294.4746501,15,278.953125,660.5
1780761294.4746501,15,280.40625,663.5
1780761294.4746501,15,281.640625,665.25
1780761294.4746501,15,282.9375,668.25
1780761294.4746501,15,284.296875,672.0
1780761294.4746501,15,285.546875,676.25
1780761294.4746501,15,286.9375,680.25
1780761294.4746501,15,288.265625,683.25
1780761294.4746501,15,289.640625,687.5
1780761294.4746501,15,290.953125,694.0
1780761294.4746501,15,292.296875,700.25
1780761294.4746501,15,293.578125,705.75
1780761294.4746501,15,294.84375,712.25
1780761294.4746501,15,296.21875,719.25
1780761294.4746501,15,297.390625,727.25
1780761294.4746501,15,298.765625,735.75
1780761294.4746501,15,301.375,778.25
1780761294.4746501,15,308.34375,1772.5
1780761294.4746501,15,322.796875,2294.25
1780761294.4746501,15,328.140625,2297.75
1780761294.4746501,15,335.25,1377.0
1780761294.4746501,1,345.359375,2808.5
1780761294.6117754,15,354.671875,2802.25
1780761294.6117754,15,357.3125,2786.25
1780761294.6117754,15,358.640625,2781.5
1780761294.6117754,15,4.0,2779.75
1780761294.6117754,15,5.3125,2764.25
1780761294.6117754,15,9.296875,2771.5
1780761294.6117754,9,24.4375,1365.75
1780761294.6117754,4,25.8125,1381.75
1780761294.6117754,15,27.109375,1400.5
1780761294.6117754,15,28.390625,1426.0
1780761294.6117754,15,29.71875,1434.75
1780761294.6117754,15,32.453125,1326.5
1780761294.6117754,15,37.046875,913.0
1780761294.6117754,15,39.78125,861.25
1780761294.6117754,15,41.15625,858.25
1780761294.6117754,15,46.28125,978.0
1780761294.6117754,15,47.640625,956.25
1780761294.6117754,15,49.046875,937.0
1780761294.6117754,15,50.453125,919.0
1780761294.6117754,15,51.734375,900.5
1780761294.6117754,15,53.1875,884.25
1780761294.6117754,15,54.53125,869.0
1780761294.6117754,15,55.859375,854.75
1780761294.6117754,15,57.234375,840.5
1780761294.6117754,15,58.5625,824.75
1780761294.6117754,15,59.984375,812.5
1780761294.6117754,15,61.34375,802.0
1780761294.6117754,15,64.078125,753.25
1780761294.6117754,15,80.34375,1602.5
1780761294.6117754,15,81.640625,1613.0
1780761294.6117754,15,82.9375,1601.25
1780761294.6117754,15,84.25,1592.0
1780761294.6117754,15,85.609375,1592.0
1780761294.6117754,15,86.9375,1591.25
1780761294.6117754,15,88.265625,1590.75
1780761294.6117754,15,89.59375,1590.75
1780761294.6117754,15,90.953125,1590.25
1780761294.6117754,15,92.25,1590.5
1780761294.6117754,15,93.609375,1591.0
1780761294.6117754,15,94.921875,1591.25
1780761294.6117754,15,104.3125,634.25
1780761294.6117754,15,105.5625,637.5
1780761294.6117754,15,106.90625,640.25
1780761294.6117754,15,108.28125,643.25
1780761294.6117754,15,109.609375,647.25
1780761294.6117754,15,110.828125,653.0
1780761294.6117754,15,112.3125,659.75
1780761294.6117754,15,113.484375,667.0
1780761294.6117754,15,134.328125,138.75
1780761294.6117754,15,135.109375,135.0
1780761294.6117754,15,135.609375,131.25
1780761294.6117754,15,136.953125,128.0
1780761294.6117754,15,140.1875,125.0
1780761294.6117754,15,141.546875,122.25
1780761294.6117754,15,143.375,119.75
1780761294.6117754,15,145.234375,117.5
1780761294.6117754,15,146.765625,115.25
1780761294.6117754,15,148.34375,113.0
1780761294.6117754,15,149.15625,111.0
1780761294.6117754,15,151.21875,109.25
1780761294.6117754,15,151.8125,107.5
1780761294.6117754,15,153.84375,106.0
1780761294.6117754,15,155.1875,104.75
1780761294.6117754,15,156.421875,103.5
1780761294.6117754,15,158.40625,102.5
1780761294.6117754,15,160.34375,102.0
1780761294.6117754,15,160.671875,101.25
1780761294.6117754,15,162.5625,100.75
1780761294.6117754,15,199.78125,100.0
1780761294.6117754,15,199.484375,100.0
1780761294.6117754,15,255.625,855.5
1780761294.6117754,15,256.953125,859.25
1780761294.6117754,15,258.328125,862.0
1780761294.6117754,15,259.6875,861.75
1780761294.6117754,15,260.9375,860.5
1780761294.6117754,15,262.3125,858.5
1780761294.6117754,15,268.046875,660.25
1780761294.6117754,15,269.546875,658.5
1780761294.6117754,15,270.828125,656.75
1780761294.6117754,15,272.21875,656.25
1780761294.6117754,15,273.4375,657.5
1780761294.6117754,15,274.8125,658.0
1780761294.6117754,15,276.0625,657.5
1780761294.6117754,15,277.46875,659.0
1780761294.6117754,15,278.828125,660.75
1780761294.6117754,15,280.109375,662.5
1780761294.6117754,15,281.515625,664.5
1780761294.6117754,15,282.734375,667.75
1780761294.6117754,15,284.203125,671.25
1780761294.6117754,15,285.421875,675.5
1780761294.6117754,15,286.703125,679.25
1780761294.6117754,15,288.078125,682.75
1780761294.6117754,15,289.34375,687.25
1780761294.6117754,15,290.765625,692.0
1780761294.6117754,15,292.015625,698.5
1780761294.6117754,15,293.328125,705.0
1780761294.6117754,15,294.53125,711.5
1780761294.6117754,15,296.015625,718.25
1780761294.6117754,15,297.234375,725.0
1780761294.6117754,15,308.125,1772.5
1780761294.6117754,15,322.640625,2294.25
1780761294.6117754,15,324.0,2295.5
1780761294.6117754,15,329.328125,2296.25
1780761294.6117754,15,330.65625,2300.25
1780761294.6117754,15,335.109375,1377.75
1780761294.6117754,1,345.21875,2808.5
1780761294.749699,15,351.90625,2801.75
1780761294.749699,15,354.5625,2794.0
1780761294.749699,15,358.59375,2785.75
1780761294.749699,15,3.890625,2775.25
1780761294.749699,15,9.21875,2781.0
1780761294.749699,8,24.5,1365.5
1780761294.749699,5,25.78125,1381.75
1780761294.749699,15,27.125,1400.5
1780761294.749699,15,28.421875,1425.75
1780761294.749699,15,29.734375,1434.75
1780761294.749699,15,32.5,1320.0
1780761294.749699,15,37.0625,912.75
1780761294.749699,15,38.546875,887.75
1780761294.749699,15,39.90625,863.0
1780761294.749699,15,41.21875,858.5
1780761294.749699,15,46.328125,978.0
1780761294.749699,15,47.6875,956.0
1780761294.749699,15,49.046875,937.0
1780761294.749699,15,50.453125,919.0
1780761294.749699,15,51.734375,900.25
1780761294.749699,15,53.203125,884.0
1780761294.749699,15,54.625,868.25
1780761294.749699,15,55.859375,854.0
1780761294.749699,15,57.25,838.75
1780761294.749699,15,58.65625,823.25
1780761294.749699,15,59.96875,812.25
1780761294.749699,15,61.265625,800.25
1780761294.749699,15,64.1875,755.0
1780761294.749699,15,83.109375,1600.75
1780761294.749699,15,84.453125,1591.25
1780761294.749699,15,85.734375,1591.75
1780761294.749699,15,87.09375,1591.25
1780761294.749699,15,88.453125,1591.0
1780761294.749699,15,89.78125,1591.0
1780761294.749699,15,91.078125,1590.75
1780761294.749699,15,92.421875,1590.75
1780761294.749699,15,93.796875,1590.25
1780761294.749699,15,95.109375,1590.75
1780761294.749699,15,104.515625,634.5
1780761294.749699,15,105.84375,637.75
1780761294.749699,15,107.1875,640.25
1780761294.749699,15,108.53125,643.5
1780761294.749699,15,109.78125,647.5
1780761294.749699,15,111.046875,653.25
1780761294.749699,15,112.359375,660.25
1780761294.749699,15,113.640625,667.75
1780761294.749699,15,133.125,138.5
1780761294.749699,15,135.25,134.75
1780761294.749699,15,139.453125,127.5
1780761294.749699,15,140.3125,124.75
1780761294.749699,15,142.6875,122.25
1780761294.749699,15,142.328125,119.5
1780761294.749699,15,145.21875,117.0
1780761294.749699,15,147.296875,115.0
1780761294.749699,15,148.78125,112.75
1780761294.749699,15,150.46875,110.75
1780761294.749699,15,152.078125,109.25
1780761294.749699,15,152.84375,107.5
1780761294.749699,15,154.4375,106.0
1780761294.749699,15,156.421875,104.75
1780761294.749699,15,156.984375,103.5
1780761294.749699,15,158.3125,102.5
1780761294.749699,15,160.171875,101.75
1780761294.749699,15,161.875,101.25
1780761294.749699,15,163.453125,100.75
1780761294.749699,15,164.1875,100.25
1780761294.749699,15,200.953125,100.25
1780761294.749699,15,256.078125,856.25
1780761294.749699,15,257.46875,860.5
1780761294.749699,15,258.8125,862.75
1780761294.749699,15,260.078125,864.0
1780761294.749699,15,261.40625,861.25
1780761294.749699,15,262.890625,855.0
1780761294.749699,15,268.78125,659.0
1780761294.749699,15,270.09375,657.25
1780761294.749699,15,271.359375,657.0
1780761294.749699,15,272.609375,657.5
1780761294.749699,15,274.046875,657.75
1780761294.749699,15,275.328125,656.75
1780761294.749699,15,276.71875,657.25
1780761294.749699,15,277.90625,660.25
1780761294.749699,15,279.375,661.0
1780761294.749699,15,280.578125,662.25
1780761294.749699,15,281.859375,666.5
1780761294.749699,15,283.265625,669.75
1780761294.749699,15,284.546875,672.75
1780761294.749699,15,285.828125,676.5
1780761294.749699,15,287.171875,680.5
1780761294.749699,15,288.59375,685.0
1780761294.749699,15,289.8125,690.0
1780761294.749699,15,291.078125,694.5
1780761294.749699,15,292.53125,699.75
1780761294.749699,15,293.859375,707.0
1780761294.749699,15,295.03125,714.0
1780761294.749699,15,296.359375,721.0
1780761294.749699,15,297.671875,728.0
1780761294.749699,15,300.21875,776.25
1780761294.749699,15,301.59375,789.75
1780761294.749699,15,305.890625,1723.0
1780761294.749699,15,307.234375,1759.5
1780761294.749699,15,308.53125,1795.25
1780761294.749699,15,323.0625,2294.25
1780761294.749699,15,328.421875,2284.25
1780761294.749699,15,331.0625,2295.0
1780761294.749699,15,334.203125,1371.0
1780761294.749699,15,335.5,1377.25
1780761294.749699,1,345.625,2808.5
1780761294.8906322,15,5.78125,2773.75
1780761294.8906322,15,9.78125,2784.5
1780761294.8906322,2,15.078125,2797.25
1780761294.8906322,15,27.59375,1415.5
1780761294.8906322,15,28.953125,1434.5
1780761294.8906322,15,36.15625,933.25
1780761294.8906322,15,38.96875,880.0
1780761294.8906322,15,40.28125,861.75
1780761294.8906322,15,41.609375,863.75
1780761294.8906322,15,46.78125,967.25
1780761294.8906322,15,48.25,948.5
1780761294.8906322,15,49.546875,928.75
1780761294.8906322,15,50.875,911.0
1780761294.8906322,15,52.296875,894.5
1780761294.8906322,15,53.625,879.0
1780761294.8906322,15,54.984375,864.25
1780761294.8906322,15,56.421875,849.0
1780761294.8906322,15,57.765625,834.5
1780761294.8906322,15,59.09375,820.0
1780761294.8906322,15,60.46875,808.25
1780761294.8906322,15,61.828125,798.5
1780761294.8906322,15,64.5,757.25
1780761294.8906322,15,80.890625,1606.25
1780761294.8906322,15,82.1875,1603.0
1780761294.8906322,15,83.515625,1600.5
1780761294.8906322,15,86.1875,1590.75
1780761294.8906322,15,87.515625,1590.75
1780761294.8906322,15,88.859375,1590.5
1780761294.8906322,15,90.203125,1590.0
1780761294.8906322,15,91.5625,1590.25
1780761294.8906322,15,92.890625,1590.0
1780761294.8906322,15,94.1875,1590.25
1780761294.8906322,15,95.515625,1590.75
1780761294.8906322,15,103.6875,640.25
1780761294.8906322,15,104.8125,635.5
1780761294.8906322,15,106.34375,638.5
1780761294.8906322,15,107.53125,641.0
1780761294.8906322,15,108.78125,645.0
1780761294.8906322,15,110.140625,649.75
1780761294.8906322,15,111.4375,655.75
1780761294.8906322,15,112.78125,662.5
1780761294.8906322,15,133.5,137.0
1780761294.8906322,15,136.84375,133.75
1780761294.8906322,15,137.53125,130.25
1780761294.8906322,15,139.65625,126.75
1780761294.8906322,15,138.78125,123.5
1780761294.8906322,15,141.984375,121.0
1780761294.8906322,15,144.421875,118.75
1780761294.8906322,15,145.296875,116.5
1780761294.8906322,15,146.859375,114.0
1780761294.8906322,15,148.1875,111.75
1780761294.8906322,15,149.9375,110.0
1780761294.8906322,15,151.90625,108.25
1780761294.8906322,15,152.90625,107.0
1780761294.8906322,15,154.015625,105.5
1780761294.8906322,15,155.734375,104.25
1780761294.8906322,15,157.984375,103.25
1780761294.8906322,15,159.46875,102.25
1780761294.8906322,15,161.078125,101.75
1780761294.8906322,15,162.84375,101.0
1780761294.8906322,15,162.921875,100.5
1780761294.8906322,15,200.84375,100.5
1780761294.8906322,15,205.234375,101.75
1780761294.8906322,15,207.78125,103.25
1780761294.8906322,15,256.3125,855.75
1780761294.8906322,15,257.625,860.75
1780761294.8906322,15,258.9375,863.25
1780761294.8906322,15,260.3125,863.5
1780761294.8906322,15,261.53125,860.5
1780761294.8906322,15,262.984375,854.5
1780761294.8906322,15,268.734375,658.5
1780761294.8906322,15,270.203125,657.5
1780761294.8906322,15,271.53125,657.25
1780761294.8906322,15,272.828125,657.5
1780761294.8906322,15,274.078125,658.0
1780761294.8906322,15,275.46875,658.75
1780761294.8906322,15,276.78125,659.0
1780761294.8906322,15,278.0625,660.0
1780761294.8906322,15,279.515625,662.25
1780761294.8906322,15,280.8125,663.75
1780761294.8906322,15,282.15625,666.5
1780761294.8906322,15,283.296875,670.0
1780761294.8906322,15,284.65625,673.0
1780761294.8906322,15,286.109375,676.5
1780761294.8906322,15,287.25,680.75
1780761294.8906322,15,288.75,685.0
1780761294.8906322,15,289.984375,689.75
1780761294.8906322,15,291.265625,695.5
1780761294.8906322,15,292.515625,701.5
1780761294.8906322,15,293.875,707.75
1780761294.8906322,15,295.25,713.75
1780761294.8906322,15,296.5,720.75
1780761294.8906322,15,301.6875,792.0
1780761294.8906322,15,306.0625,1734.0
1780761294.8906322,15,307.421875,1759.75
1780761294.8906322,15,316.640625,2029.75
1780761294.8906322,15,323.21875,2294.25
1780761294.8906322,15,328.546875,2281.25
1780761294.8906322,15,331.234375,2293.5
1780761294.8906322,15,334.359375,1377.75
1780761294.8906322,15,335.65625,1377.25
1780761294.8906322,1,345.78125,2808.5
1780761295.0276513,15,0.53125,2781.25
1780761295.0276513,15,1.84375,2781.5
1780761295.0276513,15,5.875,2775.5
1780761295.0276513,15,9.859375,2779.75
1780761295.0276513,15,25.03125,1341.75
1780761295.0276513,15,27.625,1425.25
1780761295.0276513,15,29.0,1442.75
1780761295.0276513,15,36.21875,930.75
1780761295.0276513,15,39.0625,877.0
1780761295.0276513,15,40.34375,861.25
1780761295.0276513,15,41.6875,865.75
1780761295.0276513,15,46.90625,966.75
1780761295.0276513,15,48.3125,947.75
1780761295.0276513,15,49.5625,928.0
1780761295.0276513,15,51.0,910.75
1780761295.0276513,15,52.40625,894.0
1780761295.0276513,15,53.765625,875.5
1780761295.0276513,15,55.078125,860.25
1780761295.0276513,15,56.4375,847.75
1780761295.0276513,15,57.875,832.5
1780761295.0276513,15,59.09375,818.5
1780761295.0276513,15,60.484375,808.25
1780761295.0276513,15,62.0,797.25
1780761295.0276513,15,64.65625,759.75
1780761295.0276513,15,80.984375,1614.0
1780761295.0276513,15,82.328125,1602.0
1780761295.0276513,15,83.671875,1591.75
1780761295.0276513,15,86.3125,1591.0
1780761295.0276513,15,87.65625,1591.0
1780761295.0276513,15,88.984375,1590.5
1780761295.0276513,15,90.3125,1590.25
1780761295.0276513,15,91.65625,1590.25
1780761295.0276513,15,95.625,1590.5
1780761295.0276513,15,103.640625,641.75
1780761295.0276513,15,105.109375,637.25
1780761295.0276513,15,106.40625,638.75
1780761295.0276513,15,107.609375,640.75
1780761295.0276513,15,109.0,645.0
1780761295.0276513,15,110.234375,649.75
1780761295.0276513,15,111.5625,656.0
1780761295.0276513,15,112.84375,663.25
1780761295.0276513,15,132.3125,141.0
1780761295.0276513,15,133.640625,137.0
1780761295.0276513,15,134.96875,133.25
1780761295.0276513,15,138.515625,130.0
1780761295.0276513,15,140.28125,126.75
1780761295.0276513,15,139.65625,123.5
1780761295.0276513,15,141.453125,120.75
1780761295.0276513,15,144.140625,118.5
1780761295.0276513,15,145.703125,116.25
1780761295.0276513,15,147.28125,114.0
1780761295.0276513,15,148.375,111.75
1780761295.0276513,15,150.859375,110.25
1780761295.0276513,15,152.46875,108.5
1780761295.0276513,15,152.71875,107.0
1780761295.0276513,15,155.21875,105.5
1780761295.0276513,15,156.34375,104.0
1780761295.0276513,15,158.453125,103.0
1780761295.0276513,15,159.171875,102.25
1780761295.0276513,15,159.96875,101.5
1780761295.0276513,15,162.28125,101.0
1780761295.0276513,14,163.78125,100.5
1780761295.0276513,15,198.6875,100.0
1780761295.0276513,15,199.046875,99.75
1780761295.0276513,15,201.203125,100.25
1780761295.0276513,15,204.5,101.5
1780761295.0276513,14,206.203125,102.75
1780761295.0276513,15,207.171875,103.25
1780761295.0276513,15,256.328125,856.0
1780761295.0276513,15,257.5625,860.5
1780761295.0276513,15,258.96875,863.0
1780761295.0276513,15,260.265625,863.25
1780761295.0276513,15,261.65625,860.5
1780761295.0276513,15,262.984375,854.5
1780761295.0276513,15,268.84375,658.5
1780761295.0276513,15,270.140625,657.25
1780761295.0276513,15,271.421875,657.0
1780761295.0276513,15,272.765625,657.5
1780761295.0276513,15,274.1875,658.0
1780761295.0276513,15,275.53125,658.5
1780761295.0276513,15,276.75,658.75
1780761295.0276513,15,278.078125,660.25
1780761295.0276513,15,279.296875,662.25
1780761295.0276513,15,280.6875,663.75
1780761295.0276513,15,281.984375,666.5
1780761295.0276513,15,283.3125,669.75
1780761295.0276513,15,284.546875,673.0
1780761295.0276513,15,285.984375,676.5
1780761295.0276513,15,287.328125,680.5
1780761295.0276513,15,288.5625,685.0
1780761295.0276513,15,289.828125,689.5
1780761295.0276513,15,291.28125,694.25
1780761295.0276513,15,292.484375,700.5
1780761295.0276513,15,293.8125,707.5
1780761295.0276513,15,295.234375,713.75
1780761295.0276513,15,296.40625,720.75
1780761295.0276513,15,301.578125,791.5
1780761295.0276513,15,305.921875,1722.75
1780761295.0276513,15,307.265625,1759.5
1780761295.0276513,15,308.5625,1795.5
1780761295.0276513,15,321.71875,2272.25
1780761295.0276513,15,323.140625,2294.25
1780761295.0276513,15,328.5,2279.75
1780761295.0276513,15,331.1875,2290.25
1780761295.0276513,15,334.265625,1377.5
1780761295.0276513,15,335.640625,1377.0
1780761295.0276513,1,345.75,2808.5
1780761295.1656764,15,359.078125,2788.0
1780761295.1656764,15,5.75,2774.5
1780761295.1656764,15,9.75,2790.25
1780761295.1656764,15,27.53125,1415.5
1780761295.1656764,15,28.875,1434.5
1780761295.1656764,3,30.21875,1423.75
1780761295.1656764,15,36.0625,933.25
1780761295.1656764,15,38.984375,880.0
1780761295.1656764,15,40.234375,861.75
1780761295.1656764,15,41.640625,863.25
1780761295.1656764,15,46.734375,967.5
1780761295.1656764,15,48.109375,948.5
1780761295.1656764,15,49.5625,928.25
1780761295.1656764,15,50.875,910.75
1780761295.1656764,15,52.171875,894.5
1780761295.1656764,15,53.640625,878.75
1780761295.1656764,15,54.953125,863.75
1780761295.1656764,15,56.34375,848.0
1780761295.1656764,15,57.6875,832.5
1780761295.1656764,15,58.984375,818.75
1780761295.1656764,15,60.421875,808.0
1780761295.1656764,15,61.921875,798.25
1780761295.1656764,15,64.609375,757.25
1780761295.1656764,15,80.984375,1614.5
1780761295.1656764,15,82.328125,1602.25
1780761295.1656764,15,83.546875,1591.75
1780761295.1656764,15,86.25,1591.0
1780761295.1656764,15,87.578125,1590.75
1780761295.1656764,15,88.890625,1590.5
1780761295.1656764,15,90.25,1590.0
1780761295.1656764,15,91.609375,1590.0
1780761295.1656764,15,92.890625,1590.0
1780761295.1656764,15,94.234375,1590.25
1780761295.1656764,15,95.578125,1590.75
1780761295.1656764,15,103.734375,640.25
1780761295.1656764,15,104.890625,635.25
1780761295.1656764,15,106.328125,638.5
1780761295.1656764,15,107.640625,641.0
1780761295.1656764,15,108.953125,645.0
1780761295.1656764,15,110.140625,649.5
1780761295.1656764,15,111.53125,655.5
1780761295.1656764,15,112.921875,662.75
1780761295.1656764,15,129.578125,150.5
1780761295.1656764,15,135.28125,137.25
1780761295.1656764,15,134.890625,133.5
1780761295.1656764,15,138.28125,130.0
1780761295.1656764,15,139.703125,126.75
1780761295.1656764,15,141.46875,123.5
1780761295.1656764,15,141.75,120.75
1780761295.1656764,15,144.921875,118.5
1780761295.1656764,15,145.40625,116.25
1780761295.1656764,15,147.6875,114.0
1780761295.1656764,15,149.203125,111.75
1780761295.1656764,15,151.1875,110.25
1780761295.1656764,15,152.140625,108.5
1780761295.1656764,15,153.5625,107.0
1780761295.1656764,15,155.59375,105.5
1780761295.1656764,15,156.734375,104.0
1780761295.1656764,15,157.625,103.0
1780761295.1656764,15,159.578125,102.25
1780761295.1656764,15,161.234375,101.5
1780761295.1656764,15,161.640625,101.0
1780761295.1656764,15,200.71875,100.75
1780761295.1656764,13,206.15625,102.0
1780761295.1656764,15,206.25,103.25
1780761295.1656764,15,256.484375,857.75
1780761295.1656764,15,257.71875,861.25
1780761295.1656764,15,259.046875,864.0
1780761295.1656764,15,260.40625,863.75
1780761295.1656764,15,261.8125,860.0
1780761295.1656764,15,269.015625,658.75
1780761295.1656764,15,270.40625,657.75
1780761295.1656764,15,271.734375,657.5
1780761295.1656764,15,272.90625,657.75
1780761295.1656764,15,274.40625,657.25
1780761295.1656764,15,275.578125,658.0
1780761295.1656764,15,276.84375,659.0
1780761295.1656764,15,278.234375,660.25
1780761295.1656764,15,279.578125,662.0
1780761295.1656764,15,280.859375,663.5
1780761295.1656764,15,282.15625,666.75
1780761295.1656764,15,283.546875,670.5
1780761295.1656764,15,284.859375,674.0
1780761295.1656764,15,286.28125,677.75
1780761295.1656764,15,287.453125,681.25
1780761295.1656764,15,288.890625,685.0
1780761295.1656764,15,290.203125,690.25
1780761295.1656764,15,291.53125,696.0
1780761295.1656764,15,292.703125,702.5
1780761295.1656764,15,294.125,708.5
1780761295.1656764,15,295.390625,714.75
1780761295.1656764,15,296.671875,722.5
1780761295.1656764,15,322.109375,2274.0
1780761295.1656764,15,323.515625,2294.25
1780761295.1656764,15,328.875,2294.25
1780761295.1656764,15,334.65625,1377.0
1780761295.302769,15,2.21875,2794.5
1780761295.302769,15,25.484375,1380.75
1780761295.302769,15,26.78125,1399.75
1780761295.302769,15,29.40625,1417.75
1780761295.302769,15,32.15625,1320.5
1780761295.302769,15,35.3125,948.25
1780761295.302769,15,38.109375,892.5
1780761295.302769,15,39.515625,869.75
1780761295.302769,15,40.859375,862.0
1780761295.302769,15,46.0,980.5
1780761295.302769,15,47.4375,959.0
1780761295.302769,15,48.765625,939.25
1780761295.302769,15,50.15625,921.0
1780761295.302769,15,51.53125,903.25
1780761295.302769,15,52.9375,885.25
1780761295.302769,15,54.3125,869.0
1780761295.302769,15,55.703125,856.25
1780761295.302769,15,57.078125,842.25
1780761295.302769,15,58.34375,824.75
1780761295.302769,15,59.71875,812.0
1780761295.302769,15,61.171875,802.25
1780761295.302769,15,63.953125,756.0
1780761295.302769,15,80.3125,1591.75
1780761295.302769,15,81.703125,1612.75
1780761295.302769,15,82.953125,1601.0
1780761295.302769,15,84.21875,1592.0
1780761295.302769,15,85.625,1591.75
1780761295.302769,15,86.921875,1591.0
1780761295.302769,15,88.234375,1585.75
1780761295.302769,15,89.5625,1585.75
1780761295.302769,15,90.90625,1590.25
1780761295.302769,15,92.234375,1590.25
1780761295.302769,15,93.5625,1591.0
1780761295.302769,15,94.953125,1591.0
1780761295.302769,15,104.328125,634.25
1780761295.302769,15,105.59375,637.25
1780761295.302769,15,106.953125,640.25
1780761295.302769,15,108.296875,643.25
1780761295.302769,15,109.625,647.25
1780761295.302769,15,110.9375,652.75
1780761295.302769,15,112.296875,659.5
1780761295.302769,15,113.546875,667.0
1780761295.302769,15,133.03125,138.5
1780761295.302769,15,136.265625,135.0
1780761295.302769,15,137.171875,131.25
1780761295.302769,15,137.03125,127.5
1780761295.302769,15,138.40625,124.5
1780761295.302769,15,140.828125,122.0
1780761295.302769,15,143.3125,119.5
1780761295.302769,15,145.4375,117.0
1780761295.302769,15,145.421875,114.75
1780761295.302769,15,147.484375,112.5
1780761295.302769,15,150.53125,110.75
1780761295.302769,15,152.0625,109.25
1780761295.302769,15,152.671875,107.5
1780761295.302769,15,153.71875,106.0
1780761295.302769,15,155.671875,104.75
1780761295.302769,15,157.734375,103.5
1780761295.302769,15,159.59375,102.5
1780761295.302769,15,160.75,101.75
1780761295.302769,15,162.09375,101.25
1780761295.302769,15,162.484375,100.5
1780761295.302769,13,165.09375,100.0
1780761295.302769,13,199.84375,100.0
1780761295.302769,15,200.6875,100.25
1780761295.302769,15,204.421875,101.25
1780761295.302769,15,256.1875,855.75
1780761295.302769,15,257.5625,860.25
1780761295.302769,15,258.984375,863.0
1780761295.302769,15,260.28125,863.25
1780761295.302769,15,261.5625,860.75
1780761295.302769,15,262.890625,852.5
1780761295.302769,15,268.78125,658.5
1780761295.302769,15,270.1875,657.5
1780761295.302769,15,271.515625,657.25
1780761295.302769,15,272.828125,657.5
1780761295.302769,15,274.171875,657.75
1780761295.302769,15,275.421875,658.5
1780761295.302769,15,276.75,658.75
1780761295.302769,15,278.171875,660.0
1780761295.302769,15,279.484375,662.0
1780761295.302769,15,280.71875,663.75
1780761295.302769,15,282.1875,666.5
1780761295.302769,15,283.421875,670.25
1780761295.302769,15,284.8125,673.25
1780761295.302769,15,286.03125,676.5
1780761295.302769,15,287.296875,680.5
1780761295.302769,15,288.671875,685.0
1780761295.302769,15,290.0625,690.0
1780761295.302769,15,291.296875,695.5
1780761295.302769,15,292.625,701.25
1780761295.302769,15,293.875,707.75
1780761295.302769,15,295.28125,713.75
1780761295.302769,15,296.671875,721.5
1780761295.302769,15,301.890625,792.25
1780761295.302769,15,316.828125,2029.75
1780761295.302769,15,322.09375,2274.0
1780761295.302769,15,323.421875,2294.25
1780761295.302769,15,328.8125,2295.0
1780761295.302769,15,334.578125,1377.0
1780761295.302769,5,335.921875,1391.25
1780761295.440698,15,359.484375,2777.5
1780761295.440698,15,2.1875,2774.0
1780761295.440698,5,25.453125,1381.25
1780761295.440698,15,26.75,1400.25
1780761295.440698,15,29.421875,1417.75
1780761295.440698,15,32.140625,1320.5
1780761295.440698,15,35.265625,947.75
1780761295.440698,15,38.1875,891.5
1780761295.440698,15,39.5625,869.0
1780761295.440698,15,40.953125,861.75
1780761295.440698,15,46.09375,979.75
1780761295.440698,15,47.484375,959.0
1780761295.440698,15,48.828125,939.0
1780761295.440698,15,50.234375,920.5
1780761295.440698,15,51.703125,903.0
1780761295.440698,15,53.078125,885.25
1780761295.440698,15,54.46875,869.0
1780761295.440698,15,55.71875,855.75
1780761295.440698,15,57.125,841.25
1780761295.440698,15,58.484375,824.25
1780761295.440698,15,59.828125,812.0
1780761295.440698,15,61.21875,802.0
1780761295.440698,15,63.96875,753.75
1780761295.440698,15,80.375,1603.5
1780761295.440698,15,81.71875,1611.5
1780761295.440698,15,83.015625,1601.0
1780761295.440698,15,84.34375,1591.75
1780761295.440698,15,85.671875,1591.75
1780761295.440698,15,87.0625,1591.0
1780761295.440698,15,88.34375,1590.75
1780761295.440698,15,89.703125,1590.75
1780761295.440698,15,91.046875,1590.5
1780761295.440698,15,92.40625,1590.5
1780761295.440698,15,93.765625,1590.25
1780761295.440698,15,95.078125,1590.75
1780761295.440698,15,104.4375,634.5
1780761295.440698,15,105.828125,637.75
1780761295.440698,15,107.125,640.25
1780761295.440698,15,108.46875,643.5
1780761295.440698,15,109.875,647.75
1780761295.440698,15,111.15625,653.5
1780761295.440698,15,112.5,660.0
1780761295.440698,15,113.671875,667.5
1780761295.440698,15,133.21875,138.25
1780761295.440698,15,136.609375,134.5
1780761295.440698,15,135.890625,130.75
1780761295.440698,15,138.796875,127.25
1780761295.440698,15,139.796875,124.25
1780761295.440698,15,143.015625,121.75
1780761295.440698,15,143.203125,119.25
1780761295.440698,15,144.390625,116.75
1780761295.440698,15,147.296875,114.5
1780761295.440698,15,147.65625,112.5
1780761295.440698,15,149.75,110.5
1780761295.440698,15,151.5625,108.75
1780761295.440698,15,153.515625,107.25
1780761295.440698,15,155.34375,105.75
1780761295.440698,15,156.6875,104.5
1780761295.440698,15,158.4375,103.5
1780761295.440698,15,159.203125,102.5
1780761295.440698,15,160.578125,101.75
1780761295.440698,15,162.609375,101.0
1780761295.440698,15,163.390625,100.5
1780761295.440698,15,201.328125,100.5
1780761295.440698,13,206.125,102.0
1780761295.440698,15,207.484375,103.25
1780761295.440698,15,256.578125,858.0
1780761295.440698,15,257.96875,861.75
1780761295.440698,15,259.3125,864.75
1780761295.440698,15,260.671875,863.75
1780761295.440698,15,262.015625,859.25
1780761295.440698,15,269.25,656.75
1780761295.440698,15,270.453125,656.0
1780761295.440698,15,271.84375,656.0
1780761295.440698,15,273.21875,656.0
1780761295.440698,15,274.546875,656.5
1780761295.440698,15,275.78125,657.5
1780761295.440698,15,277.140625,659.0
1780761295.440698,15,278.515625,661.0
1780761295.440698,15,279.78125,662.75
1780761295.440698,15,281.140625,665.5
1780761295.440698,15,282.5625,668.5
1780761295.440698,15,283.90625,671.75
1780761295.440698,15,285.171875,675.25
1780761295.440698,15,286.421875,678.75
1780761295.440698,15,287.828125,683.0
1780761295.440698,15,289.046875,687.0
1780761295.440698,15,290.390625,691.25
1780761295.440698,15,291.703125,696.75
1780761295.440698,15,293.078125,703.25
1780761295.440698,15,294.46875,710.0
1780761295.440698,15,295.796875,716.25
1780761295.440698,15,296.953125,723.75
1780761295.440698,15,298.265625,731.25
1780761295.440698,15,300.90625,782.75
1780761295.440698,15,307.953125,1772.0
1780761295.440698,15,322.515625,2274.5
1780761295.440698,15,323.859375,2295.0
1780761295.440698,15,326.546875,2301.5
1780761295.440698,15,329.1875,2300.5
1780761295.440698,15,330.5625,2299.75
1780761295.440698,15,335.015625,1378.0
1780761295.440698,1,345.15625,2808.5
1780761295.5779254,15,351.84375,2802.25
1780761295.5779254,15,354.515625,2793.5
1780761295.5779254,15,358.546875,2785.0
1780761295.5779254,15,359.859375,2777.75
1780761295.5779254,15,3.875,2774.75
1780761295.5779254,15,9.234375,2781.0
1780761295.5779254,15,24.5625,1364.5
1780761295.5779254,5,25.875,1386.5
1780761295.5779254,15,27.203125,1413.25
1780761295.5779254,15,28.5,1433.0
1780761295.5779254,15,29.875,1434.25
1780761295.5779254,15,39.984375,861.5
1780761295.5779254,15,41.296875,861.0
1780761295.5779254,15,46.484375,972.25
1780761295.5779254,15,47.921875,950.25
1780761295.5779254,15,49.328125,931.75
1780761295.5779254,15,50.734375,914.5
1780761295.5779254,15,52.015625,897.25
1780761295.5779254,15,53.4375,881.25
1780761295.5779254,15,54.71875,866.0
1780761295.5779254,15,56.1875,850.5
1780761295.5779254,15,57.53125,835.75
1780761295.5779254,15,58.859375,821.5
1780761295.5779254,15,60.15625,809.5
1780761295.5779254,15,61.546875,798.5
1780761295.5779254,15,64.34375,756.5
1780761295.5779254,15,80.78125,1620.75
1780761295.5779254,15,82.140625,1613.25
1780761295.5779254,15,83.484375,1600.5
1780761295.5779254,15,87.46875,1590.5
1780761295.5779254,15,88.796875,1590.5
1780761295.5779254,15,90.125,1590.25
1780761295.5779254,15,91.515625,1590.0
1780761295.5779254,15,92.796875,1590.0
1780761295.5779254,15,94.1875,1590.25
1780761295.5779254,15,95.484375,1590.75
1780761295.5779254,15,103.6875,640.0
1780761295.5779254,15,104.953125,635.0
1780761295.5779254,15,106.296875,638.25
1780761295.5779254,15,107.5,641.0
1780761295.5779254,15,108.875,645.0
1780761295.5779254,15,110.234375,649.5
1780761295.5779254,15,111.65625,655.75
1780761295.5779254,15,112.8125,663.0
1780761295.5779254,15,132.09375,141.0
1780761295.5779254,15,133.6875,137.0
1780761295.5779254,15,135.015625,133.25
1780761295.5779254,15,138.640625,129.75
1780761295.5779254,15,139.734375,126.5
1780761295.5779254,15,141.984375,123.75
1780761295.5779254,15,143.34375,121.25
1780761295.5779254,15,144.984375,118.5
1780761295.5779254,15,144.78125,116.0
1780761295.5779254,15,148.1875,114.0
1780761295.5779254,15,149.296875,112.0
1780761295.5779254,15,149.890625,110.0
1780761295.5779254,15,152.96875,108.25
1780761295.5779254,15,152.828125,107.0
1780761295.5779254,15,154.296875,105.5
1780761295.5779254,15,156.890625,104.25
1780761295.5779254,15,158.4375,103.25
1780761295.5779254,15,159.90625,102.25
1780761295.5779254,15,160.40625,101.5
1780761295.5779254,15,162.828125,101.0
1780761295.5779254,13,198.234375,100.25
1780761295.5779254,15,199.4375,100.0
1780761295.5779254,15,255.796875,853.25
1780761295.5779254,15,257.03125,859.0
1780761295.5779254,15,258.359375,862.0
1780761295.5779254,15,259.78125,864.5
1780761295.5779254,15,261.0625,862.5
1780761295.5779254,15,262.5,857.25
1780761295.5779254,15,268.34375,658.75
1780761295.5779254,15,269.65625,658.0
1780761295.5779254,15,271.015625,656.75
1780761295.5779254,15,272.46875,656.75
1780761295.5779254,15,273.65625,656.25
1780761295.5779254,15,275.0,656.5
1780761295.5779254,15,276.421875,657.5
1780761295.5779254,15,277.671875,658.5
1780761295.5779254,15,278.96875,660.5
1780761295.5779254,15,280.265625,663.5
1780761295.5779254,15,281.65625,665.25
1780761295.5779254,15,282.953125,668.25
1780761295.5779254,15,284.28125,672.0
1780761295.5779254,15,285.71875,676.0
1780761295.5779254,15,286.953125,679.75
1780761295.5779254,15,288.34375,683.0
1780761295.5779254,15,289.65625,687.5
1780761295.5779254,15,291.046875,693.75
1780761295.5779254,15,292.3125,700.0
1780761295.5779254,15,293.65625,705.75
1780761295.5779254,15,294.828125,712.25
1780761295.5779254,15,296.328125,719.25
1780761295.5779254,15,297.609375,727.0
1780761295.5779254,15,298.90625,739.5
1780761295.5779254,15,301.5,781.0
1780761295.5779254,15,308.46875,1795.25
1780761295.5779254,15,316.453125,2029.75
1780761295.5779254,15,323.0625,2294.25
1780761295.5779254,15,328.4375,2284.5
1780761295.5779254,15,331.125,2294.75
1780761295.5779254,15,334.21875,1371.0
1780761295.5779254,15,335.59375,1377.25
1780761295.5779254,1,337.703125,2808.5
1780761295.7156894,15,359.1875,2793.0
1780761295.7156894,15,1.875,2776.5
1780761295.7156894,1,15.328125,2792.0
1780761295.7156894,15,25.359375,1343.75
1780761295.7156894,15,29.234375,1410.0
1780761295.7156894,15,35.15625,946.75
1780761295.7156894,15,36.625,925.0
1780761295.7156894,15,39.40625,872.75
1780761295.7156894,15,40.78125,861.75
1780761295.7156894,15,45.921875,982.25
1780761295.7156894,12,47.296875,961.25
1780761295.7156894,15,48.734375,941.25
1780761295.7156894,15,50.015625,921.75
1780761295.7156894,15,51.40625,904.25
1780761295.7156894,15,52.859375,886.75
1780761295.7156894,15,54.109375,870.5
1780761295.7156894,15,55.578125,857.5
1780761295.7156894,15,56.953125,843.5
1780761295.7156894,15,58.28125,826.5
1780761295.7156894,15,59.6875,814.0
1780761295.7156894,15,61.09375,804.75
1780761295.7156894,15,63.828125,756.0
1780761295.7156894,15,80.265625,1591.75
1780761295.7156894,15,81.59375,1612.75
1780761295.7156894,15,82.96875,1601.25
1780761295.7156894,15,84.265625,1592.0
1780761295.7156894,15,85.640625,1591.75
1780761295.7156894,15,87.0,1591.0
1780761295.7156894,15,88.3125,1590.75
1780761295.7156894,15,89.6875,1590.5
1780761295.7156894,15,91.015625,1590.25
1780761295.7156894,15,92.328125,1590.5
1780761295.7156894,15,93.71875,1590.75
1780761295.7156894,15,95.0,1591.25
1780761295.7156894,15,104.546875,634.5
1780761295.7156894,15,105.75,638.0
1780761295.7156894,15,107.25,640.25
1780761295.7156894,15,108.46875,643.5
1780761295.7156894,15,109.703125,647.75
1780761295.7156894,15,111.140625,653.5
1780761295.7156894,15,112.421875,660.75
1780761295.7156894,15,113.78125,668.25
1780761295.7156894,15,133.390625,142.25
1780761295.7156894,15,134.296875,138.0
1780761295.7156894,15,136.625,134.25
1780761295.7156894,15,135.984375,130.5
1780761295.7156894,15,137.328125,127.0
1780761295.7156894,15,140.859375,124.25
1780761295.7156894,15,140.53125,121.75
1780761295.7156894,15,142.109375,119.0
1780761295.7156894,15,144.453125,116.5
1780761295.7156894,15,147.78125,114.5
1780761295.7156894,15,147.609375,112.25
1780761295.7156894,15,149.90625,110.25
1780761295.7156894,15,152.25,108.75
1780761295.7156894,15,154.078125,107.25
1780761295.7156894,15,155.640625,105.75
1780761295.7156894,15,156.46875,104.5
1780761295.7156894,15,157.9375,103.25
1780761295.7156894,15,158.625,102.5
1780761295.7156894,15,159.90625,101.75
1780761295.7156894,15,162.90625,101.0
1780761295.7156894,15,162.796875,100.5
1780761295.7156894,15,197.78125,99.75
1780761295.7156894,15,255.546875,855.75
1780761295.7156894,15,256.921875,859.0
1780761295.7156894,15,258.21875,862.0
1780761295.7156894,15,259.578125,862.25
1780761295.7156894,15,260.859375,860.75
1780761295.7156894,15,262.21875,858.25
1780761295.7156894,15,268.046875,660.25
1780761295.7156894,15,269.4375,658.75
1780761295.7156894,15,270.90625,656.75
1780761295.7156894,15,272.234375,656.5
1780761295.7156894,15,273.5,657.5
1780761295.7156894,15,274.921875,657.75
1780761295.7156894,15,276.234375,657.5
1780761295.7156894,15,277.484375,659.0
1780761295.7156894,15,278.75,660.75
1780761295.7156894,15,280.15625,662.5
1780761295.7156894,15,281.4375,664.75
1780761295.7156894,15,282.875,668.0
1780761295.7156894,15,284.140625,672.25
1780761295.7156894,15,285.4375,676.5
1780761295.7156894,15,286.75,679.75
1780761295.7156894,15,288.203125,683.25
1780761295.7156894,15,289.546875,687.5
1780761295.7156894,15,290.78125,692.75
1780761295.7156894,15,292.09375,699.0
1780761295.7156894,15,293.390625,705.5
1780761295.7156894,15,294.796875,711.75
1780761295.7156894,15,296.171875,718.75
1780761295.7156894,15,297.328125,726.75
1780761295.7156894,15,298.75,734.25
1780761295.7156894,15,301.296875,778.75
1780761295.7156894,15,308.3125,1783.25
1780761295.7156894,15,322.84375,2294.25
1780761295.7156894,15,328.234375,2295.75
1780761295.7156894,15,334.0,1384.75
1780761295.7156894,15,335.34375,1377.0
1780761295.7156894,1,345.515625,2808.5
1780761295.852979,15,356.265625,2798.75
1780761295.852979,15,357.609375,2783.25
1780761295.852979,15,0.296875,2773.5
1780761295.852979,15,1.65625,2771.5
1780761295.852979,15,5.6875,2777.75
1780761295.852979,15,9.703125,2789.25
1780761295.852979,15,27.5625,1415.5
1780761295.852979,15,28.921875,1434.5
1780761295.852979,15,36.15625,931.0
1780761295.852979,15,37.671875,905.5
1780761295.852979,15,39.0,879.5
1780761295.852979,15,40.359375,861.75
1780761295.852979,15,41.65625,863.75
1780761295.852979,15,46.84375,966.25
1780761295.852979,15,48.296875,947.5
1780761295.852979,15,49.65625,927.75
1780761295.852979,15,51.09375,909.5
1780761295.852979,15,52.328125,893.0
1780761295.852979,15,53.6875,875.5
1780761295.852979,15,55.140625,860.25
1780761295.852979,15,56.53125,847.5
1780761295.852979,15,57.921875,831.75
1780761295.852979,15,59.3125,817.75
1780761295.852979,15,60.59375,806.75
1780761295.852979,15,62.03125,796.0
1780761295.852979,15,64.734375,758.75
1780761295.852979,15,81.125,1613.75
1780761295.852979,15,82.5,1602.0
1780761295.852979,15,83.828125,1592.25
1780761295.852979,15,85.21875,1591.25
1780761295.852979,15,86.515625,1590.75
1780761295.852979,15,87.890625,1591.0
1780761295.852979,15,89.25,1590.75
1780761295.852979,15,90.5625,1584.5
1780761295.852979,15,91.90625,1584.75
1780761295.852979,15,93.234375,1590.5
1780761295.852979,15,94.609375,1590.75
1780761295.852979,15,95.90625,1591.25
1780761295.852979,15,103.984375,632.0
1780761295.852979,15,105.421875,635.75
1780761295.852979,15,106.796875,639.5
1780761295.852979,15,108.03125,642.0
1780761295.852979,15,109.3125,646.0
1780761295.852979,15,110.625,651.75
1780761295.852979,15,111.875,657.75
1780761295.852979,15,113.28125,665.75
1780761295.852979,15,131.46875,143.75
1780761295.852979,15,132.765625,139.5
1780761295.852979,15,134.125,135.5
1780761295.852979,15,137.671875,132.0
1780761295.852979,15,136.8125,128.25
1780761295.852979,15,139.28125,125.0
1780761295.852979,15,139.46875,122.25
1780761295.852979,15,143.546875,120.0
1780761295.852979,15,145.640625,117.75
1780761295.852979,15,146.71875,115.5
1780761295.852979,15,147.140625,113.25
1780761295.852979,15,149.4375,111.0
1780761295.852979,15,150.21875,109.25
1780761295.852979,15,153.4375,107.75
1780761295.852979,15,153.421875,106.5
1780761295.852979,15,155.765625,105.0
1780761295.852979,15,157.65625,103.5
1780761295.852979,15,158.84375,102.5
1780761295.852979,15,160.1875,102.0
1780761295.852979,15,162.25,101.5
1780761295.852979,15,162.75,100.75
1780761295.852979,15,200.359375,100.5
1780761295.852979,15,256.46875,857.5
1780761295.852979,15,257.6875,861.0
1780761295.852979,15,259.015625,864.0
1780761295.852979,15,260.484375,864.25
1780761295.852979,15,261.703125,860.25
1780761295.852979,15,269.046875,658.75
1780761295.852979,15,270.375,657.75
1780761295.852979,15,271.796875,657.5
1780761295.852979,15,273.0,658.0
1780761295.852979,15,274.46875,657.5
1780761295.852979,15,275.734375,658.0
1780761295.852979,15,277.046875,659.0
1780761295.852979,15,278.375,660.25
1780761295.852979,15,279.671875,662.0
1780761295.852979,15,280.953125,664.25
1780761295.852979,15,282.3125,667.25
1780761295.852979,15,283.625,670.75
1780761295.852979,15,284.984375,674.0
1780761295.852979,15,286.328125,677.5
1780761295.852979,15,287.625,681.5
1780761295.852979,15,289.03125,685.75
1780761295.852979,15,290.296875,691.5
1780761295.852979,15,291.65625,697.25
1780761295.852979,15,292.953125,703.0
1780761295.852979,15,294.171875,709.25
1780761295.852979,15,295.53125,715.5
1780761295.852979,15,296.90625,722.25
1780761295.852979,15,306.46875,1747.75
1780761295.852979,15,307.796875,1772.0
1780761295.852979,15,310.421875,1821.5
1780761295.852979,15,322.359375,2274.25
1780761295.852979,15,323.71875,2294.25
1780761295.852979,15,326.390625,2296.5
1780761295.852979,15,327.75,2305.25
1780761295.852979,15,330.421875,2308.25
1780761295.852979,8,331.765625,2312.25
1780761295.852979,15,334.875,1377.25
1780761295.852979,1,345.046875,2808.5
1780761295.9907002,15,354.46875,2794.75
1780761295.9907002,15,357.15625,2780.25
1780761295.9907002,15,3.828125,2775.75
1780761295.9907002,15,9.21875,2781.25
1780761295.9907002,15,24.3125,1358.25
1780761295.9907002,5,25.6875,1380.75
1780761295.9907002,15,27.0,1400.25
1780761295.9907002,15,28.28125,1425.75
1780761295.9907002,15,29.609375,1434.75
1780761295.9907002,15,32.359375,1320.0
1780761295.9907002,15,37.0,913.0
1780761295.9907002,15,38.40625,888.25
1780761295.9907002,15,41.015625,857.5
1780761295.9907002,15,46.3125,978.5
1780761295.9907002,15,47.59375,956.0
1780761295.9907002,15,48.9375,936.75
1780761295.9907002,15,50.3125,918.5
1780761295.9907002,15,51.796875,901.25
1780761295.9907002,15,53.15625,885.0
1780761295.9907002,15,54.53125,868.75
1780761295.9907002,15,55.78125,854.5
1780761295.9907002,15,57.296875,838.75
1780761295.9907002,15,58.546875,823.25
1780761295.9907002,15,60.0,812.25
1780761295.9907002,15,61.359375,800.5
1780761295.9907002,15,64.09375,755.25
1780761295.9907002,15,81.828125,1611.25
1780761295.9907002,15,83.203125,1600.25
1780761295.9907002,15,84.53125,1591.25
1780761295.9907002,15,85.84375,1591.0
1780761295.9907002,15,87.171875,1590.5
1780761295.9907002,15,88.53125,1590.5
1780761295.9907002,15,89.859375,1590.75
1780761295.9907002,15,91.21875,1590.5
1780761295.9907002,15,92.546875,1590.25
1780761295.9907002,15,95.21875,1590.5
1780761295.9907002,15,104.546875,635.0
1780761295.9907002,15,106.046875,638.0
1780761295.9907002,15,107.390625,640.25
1780761295.9907002,15,108.625,644.0
1780761295.9907002,15,109.921875,647.75
1780761295.9907002,15,111.234375,653.75
1780761295.9907002,15,112.546875,661.0
1780761295.9907002,15,113.78125,669.0
1780761295.9907002,15,130.671875,146.75
1780761295.9907002,15,131.984375,142.25
1780761295.9907002,15,133.9375,138.0
1780761295.9907002,15,134.65625,134.0
1780761295.9907002,15,136.0,130.5
1780761295.9907002,15,138.203125,127.0
1780761295.9907002,15,140.078125,124.0
1780761295.9907002,15,140.484375,121.5
1780761295.9907002,15,144.765625,119.0
1780761295.9907002,15,145.375,116.5
1780761295.9907002,15,145.859375,114.25
1780761295.9907002,15,148.21875,112.0
1780761295.9907002,15,150.4375,110.25
1780761295.9907002,15,151.375,108.75
1780761295.9907002,15,154.0,107.25
1780761295.9907002,15,155.234375,105.75
1780761295.9907002,15,156.875,104.5
1780761295.9907002,15,157.8125,103.25
1780761295.9907002,15,158.40625,102.5
1780761295.9907002,15,160.078125,101.75
1780761295.9907002,15,162.453125,101.0
1780761295.9907002,15,162.703125,100.5
1780761295.9907002,14,197.765625,99.75
1780761295.9907002,15,206.3125,103.5
1780761295.9907002,15,255.453125,857.75
1780761295.9907002,15,256.734375,858.0
1780761295.9907002,15,258.0625,861.25
1780761295.9907002,15,259.453125,864.5
1780761295.9907002,15,260.84375,863.75
1780761295.9907002,15,262.09375,859.25
1780761295.9907002,15,268.09375,654.25
1780761295.9907002,15,269.375,657.75
1780761295.9907002,15,270.765625,656.25
1780761295.9907002,15,272.09375,656.25
1780761295.9907002,15,273.328125,655.75
1780761295.9907002,15,274.65625,656.0
1780761295.9907002,15,276.03125,657.0
1780761295.9907002,15,277.15625,659.0
1780761295.9907002,15,278.703125,660.75
1780761295.9907002,15,279.828125,662.5
1780761295.9907002,15,281.1875,665.25
1780761295.9907002,15,282.625,668.25
1780761295.9907002,15,283.890625,671.5
1780761295.9907002,15,285.234375,674.75
1780761295.9907002,15,286.625,678.25
1780761295.9907002,15,287.953125,683.0
1780761295.9907002,15,289.1875,687.0
1780761295.9907002,15,290.4375,691.25
1780761295.9907002,15,291.859375,697.25
1780761295.9907002,15,293.046875,703.5
1780761295.9907002,15,294.453125,710.25
1780761295.9907002,15,295.75,716.75
1780761295.9907002,15,297.0625,723.75
1780761295.9907002,15,307.953125,1772.0
1780761295.9907002,15,317.234375,2029.75
1780761295.9907002,15,322.5,2294.25
1780761295.9907002,15,323.9375,2294.75
1780761295.9907002,15,326.609375,2300.75
1780761295.9907002,15,329.28125,2300.75
1780761295.9907002,15,330.609375,2300.5
1780761295.9907002,15,335.046875,1377.5
1780761295.9907002,1,345.25,2808.5
1780761296.1287098,15,351.890625,2801.5
1780761296.1287098,15,354.59375,2792.0
1780761296.1287098,15,357.265625,2783.75
1780761296.1287098,15,358.59375,2779.75
1780761296.1287098,15,359.9375,2774.75
1780761296.1287098,15,3.984375,2770.75
1780761296.1287098,15,9.3125,2780.25
1780761296.1287098,15,24.484375,1365.25
1780761296.1287098,5,25.8125,1387.0
1780761296.1287098,15,27.171875,1413.0
1780761296.1287098,15,29.8125,1423.75
1780761296.1287098,15,32.5625,1326.25
1780761296.1287098,15,39.984375,861.5
1780761296.1287098,15,41.25,861.0
1780761296.1287098,15,46.421875,977.0
1780761296.1287098,15,47.75,953.5
1780761296.1287098,15,49.203125,932.25
1780761296.1287098,15,50.484375,915.25
1780761296.1287098,15,51.859375,899.0
1780761296.1287098,15,53.328125,883.25
1780761296.1287098,15,54.671875,867.5
1780761296.1287098,15,56.0625,851.5
1780761296.1287098,15,57.453125,836.25
1780761296.1287098,15,58.8125,822.0
1780761296.1287098,15,60.203125,810.5
1780761296.1287098,15,61.578125,799.5
1780761296.1287098,15,64.328125,756.25
1780761296.1287098,15,80.6875,1618.5
1780761296.1287098,15,82.015625,1603.0
1780761296.1287098,15,83.265625,1592.25
1780761296.1287098,15,84.609375,1591.5
1780761296.1287098,15,85.96875,1590.75
1780761296.1287098,15,87.34375,1590.25
1780761296.1287098,15,88.671875,1590.5
1780761296.1287098,15,90.0,1590.5
1780761296.1287098,15,91.3125,1590.25
1780761296.1287098,15,92.671875,1590.5
1780761296.1287098,15,93.96875,1590.5
1780761296.1287098,15,95.296875,1590.75
1780761296.1287098,15,103.296875,639.75
1780761296.1287098,15,104.765625,635.75
1780761296.1287098,15,106.046875,638.5
1780761296.1287098,15,107.328125,641.0
1780761296.1287098,15,108.765625,644.0
1780761296.1287098,15,109.953125,648.75
1780761296.1287098,15,111.28125,654.75
1780761296.1287098,15,112.59375,661.75
1780761296.1287098,15,129.40625,151.25
1780761296.1287098,15,131.953125,146.75
1780761296.1287098,15,134.796875,137.75
1780761296.1287098,15,134.71875,134.0
1780761296.1287098,15,136.0625,130.25
1780761296.1287098,15,139.453125,126.75
1780761296.1287098,15,140.625,123.75
1780761296.1287098,15,142.109375,121.5
1780761296.1287098,15,144.234375,119.0
1780761296.1287098,15,144.109375,116.5
1780761296.1287098,15,146.625,114.25
1780761296.1287098,15,149.4375,112.25
1780761296.1287098,15,149.3125,110.5
1780761296.1287098,15,151.28125,108.5
1780761296.1287098,15,152.796875,107.0
1780761296.1287098,15,154.09375,105.5
1780761296.1287098,15,155.875,104.25
1780761296.1287098,15,157.90625,103.25
1780761296.1287098,15,159.90625,102.5
1780761296.1287098,15,160.9375,101.75
1780761296.1287098,15,162.578125,101.0
1780761296.1287098,15,163.1875,100.5
1780761296.1287098,15,256.765625,857.75
1780761296.1287098,15,258.078125,861.25
1780761296.1287098,15,259.453125,864.0
1780761296.1287098,15,260.796875,863.25
1780761296.1287098,15,262.078125,859.25
1780761296.1287098,15,269.390625,656.75
1780761296.1287098,15,270.546875,656.0
1780761296.1287098,15,272.0625,655.75
1780761296.1287098,15,273.3125,656.0
1780761296.1287098,15,274.671875,656.5
1780761296.1287098,15,276.09375,657.25
1780761296.1287098,15,277.296875,658.75
1780761296.1287098,15,278.59375,660.75
1780761296.1287098,15,279.78125,662.75
1780761296.1287098,15,281.296875,665.25
1780761296.1287098,15,282.53125,668.25
1780761296.1287098,15,283.90625,671.25
1780761296.1287098,15,285.125,674.75
1780761296.1287098,15,286.5,678.25
1780761296.1287098,15,287.796875,682.5
1780761296.1287098,15,289.09375,686.5
1780761296.1287098,15,290.359375,691.25
1780761296.1287098,15,291.796875,696.75
1780761296.1287098,15,293.09375,703.0
1780761296.1287098,15,294.390625,709.75
1780761296.1287098,15,295.703125,716.25
1780761296.1287098,15,296.984375,723.5
1780761296.1287098,15,307.859375,1772.0
1780761296.1287098,15,310.515625,1821.75
1780761296.1287098,4,311.859375,1862.0
1780761296.1287098,15,322.375,2274.25
1780761296.1287098,15,323.78125,2294.25
1780761296.1287098,15,327.78125,2302.25
1780761296.1287098,15,330.484375,2307.75
1780761296.1287098,15,334.9375,1376.75
1780761296.1287098,1,345.0625,2808.5
1780761296.2657309,15,351.6875,2798.5
1780761296.2657309,15,354.375,2785.5
1780761296.2657309,15,359.734375,2779.0
1780761296.2657309,15,9.078125,2783.25
1780761296.2657309,15,24.296875,1358.0
1780761296.2657309,5,25.625,1380.25
1780761296.2657309,15,26.890625,1400.0
1780761296.2657309,15,28.21875,1425.75
1780761296.2657309,15,29.5625,1434.75
1780761296.2657309,15,32.28125,1320.0
1780761296.2657309,15,36.96875,914.25
1780761296.2657309,15,41.078125,857.0
1780761296.2657309,15,46.296875,978.0
1780761296.2657309,15,47.5625,955.5
1780761296.2657309,15,48.921875,936.5
1780761296.2657309,15,50.3125,918.75
1780761296.2657309,15,51.78125,899.25
1780761296.2657309,15,53.046875,883.0
1780761296.2657309,15,54.453125,868.5
1780761296.2657309,15,55.90625,854.25
1780761296.2657309,15,57.21875,840.25
1780761296.2657309,15,58.578125,824.75
1780761296.2657309,15,59.953125,812.0
1780761296.2657309,15,61.28125,800.5
1780761296.2657309,15,64.0625,752.75
1780761296.2657309,15,83.078125,1600.5
1780761296.2657309,15,84.46875,1591.75
1780761296.2657309,15,85.765625,1591.25
1780761296.2657309,15,87.140625,1590.5
1780761296.2657309,15,88.421875,1590.5
1780761296.2657309,15,89.78125,1590.75
1780761296.2657309,15,91.125,1590.25
1780761296.2657309,15,92.4375,1590.25
1780761296.2657309,15,93.8125,1590.0
1780761296.2657309,15,95.109375,1590.5
1780761296.2657309,15,104.625,634.5
1780761296.2657309,15,105.90625,637.5
1780761296.2657309,15,107.203125,640.0
1780761296.2657309,15,108.5,643.5
1780761296.2657309,15,109.796875,647.5
1780761296.2657309,15,111.140625,653.25
1780761296.2657309,15,112.515625,660.5
1780761296.2657309,15,113.703125,668.5
1780761296.2657309,15,133.453125,140.75
1780761296.2657309,15,136.390625,136.75
1780761296.2657309,15,136.828125,132.75
1780761296.2657309,15,138.359375,129.0
1780761296.2657309,15,140.578125,125.75
1780761296.2657309,15,142.9375,123.0
1780761296.2657309,15,143.421875,120.25
1780761296.2657309,15,145.78125,117.75
1780761296.2657309,15,145.71875,115.5
1780761296.2657309,15,147.65625,113.25
1780761296.2657309,15,149.734375,111.0
1780761296.2657309,15,151.640625,109.25
1780761296.2657309,15,152.796875,107.75
1780761296.2657309,15,155.34375,106.25
1780761296.2657309,15,155.171875,104.75
1780761296.2657309,15,158.078125,103.5
1780761296.2657309,15,158.984375,102.5
1780761296.2657309,15,160.75,101.75
1780761296.2657309,15,162.609375,101.0
1780761296.2657309,15,163.953125,100.5
1780761296.2657309,15,256.25,856.0
1780761296.2657309,15,257.5,860.25
1780761296.2657309,15,258.921875,863.0
1780761296.2657309,15,260.15625,864.0
1780761296.2657309,15,261.5625,861.25
1780761296.2657309,15,262.9375,852.0
1780761296.2657309,15,268.703125,658.25
1780761296.2657309,15,270.015625,657.25
1780761296.2657309,15,271.53125,657.0
1780761296.2657309,15,272.890625,657.25
1780761296.2657309,15,274.0625,657.5
1780761296.2657309,15,275.359375,658.25
1780761296.2657309,15,276.796875,658.75
1780761296.2657309,15,277.96875,660.0
1780761296.2657309,15,279.328125,662.0
1780761296.2657309,15,280.71875,663.5
1780761296.2657309,15,282.0625,666.25
1780761296.2657309,15,283.34375,669.5
1780761296.2657309,15,284.640625,672.75
1780761296.2657309,15,286.046875,676.75
1780761296.2657309,15,287.375,680.5
1780761296.2657309,15,288.6875,684.75
1780761296.2657309,15,290.0,689.5
1780761296.2657309,15,291.3125,695.0
1780761296.2657309,15,292.546875,701.0
1780761296.2657309,15,293.921875,707.25
1780761296.2657309,15,295.234375,713.5
1780761296.2657309,15,296.59375,720.75
1780761296.2657309,15,315.328125,1999.25
1780761296.2657309,15,321.9375,2274.5
1780761296.2657309,15,323.28125,2294.25
1780761296.2657309,15,328.640625,2294.25
1780761296.2657309,15,330.0,2294.25
1780761296.2657309,15,334.375,1371.0
1780761296.2657309,15,335.796875,1377.25
1780761296.2657309,1,344.578125,2808.5
1780761296.2657309,1,345.90625,2808.5
1780761296.4037397,15,355.234375,2785.25
1780761296.4037397,15,0.5625,2782.5
1780761296.4037397,15,3.234375,2778.25
1780761296.4037397,15,5.875,2772.0
1780761296.4037397,15,7.234375,2766.0
1780761296.4037397,15,25.1875,1343.75
1780761296.4037397,15,29.109375,1417.5
1780761296.4037397,15,36.578125,925.0
1780761296.4037397,15,39.359375,872.75
1780761296.4037397,15,40.734375,861.5
1780761296.4037397,15,45.796875,983.0
1780761296.4037397,10,47.1875,962.0
1780761296.4037397,15,48.546875,941.5
1780761296.4037397,15,50.0,924.0
1780761296.4037397,15,51.390625,908.0
1780761296.4037397,15,52.765625,890.5
1780761296.4037397,15,54.125,873.5
1780761296.4037397,15,55.46875,859.0
1780761296.4037397,15,56.765625,844.25
1780761296.4037397,15,58.125,827.5
1780761296.4037397,15,59.609375,814.5
1780761296.4037397,15,60.875,804.75
1780761296.4037397,15,63.671875,757.25
1780761296.4037397,15,81.421875,1603.0
1780761296.4037397,15,82.765625,1600.5
1780761296.4037397,15,84.078125,1600.25
1780761296.4037397,15,85.390625,1591.25
1780761296.4037397,15,86.71875,1591.0
1780761296.4037397,15,88.0625,1590.75
1780761296.4037397,15,89.359375,1590.75
1780761296.4037397,15,90.71875,1590.75
1780761296.4037397,15,92.03125,1590.75
1780761296.4037397,15,93.390625,1590.75
1780761296.4037397,15,94.71875,1590.75
1780761296.4037397,15,104.09375,633.5
1780761296.4037397,15,105.40625,637.25
1780761296.4037397,15,106.828125,640.0
1780761296.4037397,15,108.09375,642.75
1780761296.4037397,15,109.359375,646.25
1780761296.4037397,15,110.6875,651.75
1780761296.4037397,15,112.046875,658.75
1780761296.4037397,15,113.40625,667.0
1780761296.4037397,15,133.6875,141.5
1780761296.4037397,15,135.515625,137.5
1780761296.4037397,15,138.328125,129.75
1780761296.4037397,15,139.421875,126.75
1780761296.4037397,15,141.25,123.5
1780761296.4037397,15,140.890625,120.75
1780761296.4037397,15,144.6875,118.5
1780761296.4037397,15,145.125,116.0
1780761296.4037397,15,148.375,113.75
1780761296.4037397,15,149.6875,111.5
1780761296.4037397,15,150.40625,109.75
1780761296.4037397,15,152.5,108.0
1780761296.4037397,15,154.875,106.5
1780761296.4037397,15,155.1875,105.0
1780761296.4037397,15,157.59375,103.75
1780761296.4037397,15,159.53125,102.75
1780761296.4037397,15,160.390625,101.75
1780761296.4037397,15,160.796875,101.25
1780761296.4037397,15,162.3125,100.5
1780761296.4037397,15,163.96875,100.0
1780761296.4037397,13,205.125,101.0
1780761296.4037397,15,256.265625,856.25
1780761296.4037397,15,257.46875,860.5
1780761296.4037397,15,258.828125,863.0
1780761296.4037397,15,260.28125,863.75
1780761296.4037397,15,261.625,861.25
1780761296.4037397,15,262.953125,852.0
1780761296.4037397,15,268.859375,658.25
1780761296.4037397,15,270.03125,657.0
1780761296.4037397,15,271.421875,657.0
1780761296.4037397,15,272.796875,657.25
1780761296.4037397,15,274.203125,657.5
1780761296.4037397,15,275.484375,658.25
1780761296.4037397,15,276.859375,658.75
1780761296.4037397,15,278.171875,660.0
1780761296.4037397,15,279.359375,661.75
1780761296.4037397,15,280.8125,663.5
1780761296.4037397,15,282.171875,666.25
1780761296.4037397,15,283.34375,669.75
1780761296.4037397,15,284.765625,673.25
1780761296.4037397,15,286.015625,676.75
1780761296.4037397,15,287.421875,680.75
1780761296.4037397,15,288.78125,685.0
1780761296.4037397,15,290.109375,690.25
1780761296.4037397,15,291.40625,695.5
1780761296.4037397,15,292.703125,701.75
1780761296.4037397,15,293.953125,708.25
1780761296.4037397,15,295.34375,713.75
1780761296.4037397,15,296.703125,721.25
1780761296.4037397,15,306.296875,1747.0
1780761296.4037397,15,307.609375,1771.75
1780761296.4037397,15,310.28125,1821.25
1780761296.4037397,15,316.921875,2029.75
1780761296.4037397,15,322.1875,2274.0
1780761296.4037397,15,323.515625,2294.25
1780761296.4037397,15,328.9375,2261.0
1780761296.4037397,15,330.234375,2263.5
1780761296.4037397,15,334.65625,1376.75
1780761296.4037397,1,344.890625,2808.5
1780761296.4037397,1,346.234375,2808.5
