timestamp,quality,angle_deg,distance_mm
1780761359.2512784,15,64.34375,667.0
1780761359.2512784,15,65.78125,658.75
1780761359.2512784,15,67.171875,658.75
1780761359.2512784,15,73.71875,665.5
1780761359.2512784,15,78.03125,1386.0
1780761359.2512784,7,79.40625,1377.0
1780761359.2512784,15,84.640625,1379.25
1780761359.2512784,15,86.0,1382.0
1780761359.2512784,15,87.28125,1379.75
1780761359.2512784,15,88.6875,1378.25
1780761359.2512784,15,89.984375,1378.0
1780761359.2512784,15,91.359375,1378.0
1780761359.2512784,15,92.65625,1378.0
1780761359.2512784,15,94.03125,1378.0
1780761359.2512784,15,95.359375,1378.25
1780761359.2512784,15,96.6875,1378.75
1780761359.2512784,15,97.984375,1380.5
1780761359.2512784,15,99.328125,1383.75
1780761359.2512784,15,100.6875,1396.5
1780761359.2512784,15,102.015625,1408.25
1780761359.2512784,15,104.65625,1409.75
1780761359.2512784,15,106.03125,1411.25
1780761359.2512784,15,107.40625,1425.5
1780761359.2512784,15,108.734375,1440.5
1780761359.2512784,15,110.046875,1441.75
1780761359.2512784,15,112.765625,1442.5
1780761359.2512784,15,116.71875,1530.0
1780761359.2512784,15,118.0625,1540.0
1780761359.2512784,7,119.40625,1549.75
1780761359.2512784,15,120.703125,1570.0
1780761359.2512784,15,122.015625,1590.0
1780761359.2512784,15,123.34375,1610.25
1780761359.2512784,15,124.65625,1639.75
1780761359.2512784,15,128.609375,1733.25
1780761359.2512784,15,129.984375,1759.5
1780761359.2512784,15,131.3125,1795.75
1780761359.2512784,15,132.640625,1833.0
1780761359.2512784,15,137.625,861.0
1780761359.2512784,15,138.875,855.5
1780761359.2512784,15,140.28125,849.25
1780761359.2512784,15,141.671875,847.25
1780761359.2512784,15,165.984375,2294.25
1780761359.2512784,15,167.328125,2294.25
1780761359.2512784,15,168.65625,2294.25
1780761359.2512784,15,170.0,2294.25
1780761359.2512784,15,172.78125,1955.0
1780761359.2512784,15,174.125,1965.75
1780761359.2512784,15,175.4375,2005.75
1780761359.2512784,15,178.1875,1945.25
1780761359.2512784,15,179.484375,1970.0
1780761359.2512784,15,180.8125,1991.75
1780761359.2512784,15,182.1875,1980.75
1780761359.2512784,15,183.484375,1955.25
1780761359.2512784,15,184.84375,1960.0
1780761359.2512784,15,186.15625,1975.25
1780761359.2512784,15,187.5,1984.0
1780761359.2512784,15,188.84375,1982.0
1780761359.2512784,15,190.171875,1976.0
1780761359.2512784,15,191.53125,1973.5
1780761359.2512784,13,202.140625,2230.75
1780761359.2512784,15,215.125,1028.0
1780761359.2512784,15,217.9375,969.0
1780761359.2512784,15,219.265625,942.5
1780761359.2512784,6,220.703125,919.0
1780761359.2512784,15,223.375,876.5
1780761359.2512784,15,224.640625,894.75
1780761359.2512784,15,225.984375,915.5
1780761359.2512784,15,227.28125,932.5
1780761359.2512784,15,229.96875,996.0
1780761359.2512784,15,231.359375,977.75
1780761359.2512784,14,232.703125,960.25
1780761359.2512784,15,234.09375,944.0
1780761359.2512784,15,235.46875,929.0
1780761359.2512784,15,236.78125,915.0
1780761359.2512784,15,238.1875,900.25
1780761359.2512784,15,239.59375,886.5
1780761359.2512784,15,240.890625,874.5
1780761359.2512784,15,242.21875,863.75
1780761359.2512784,15,243.6875,853.75
1780761359.2512784,15,244.9375,841.75
1780761359.2512784,15,246.40625,830.5
1780761359.2512784,15,247.71875,820.75
1780761359.2512784,15,249.140625,812.25
1780761359.2512784,15,250.40625,806.25
1780761359.2512784,15,251.75,799.0
1780761359.2512784,15,255.046875,611.5
1780761359.2512784,15,256.3125,607.25
1780761359.2512784,15,257.578125,603.75
1780761359.2512784,15,259.09375,600.5
1780761359.2512784,15,260.515625,597.25
1780761359.2512784,15,261.859375,594.5
1780761359.2512784,15,263.15625,592.0
1780761359.2512784,15,264.5625,591.0
1780761359.2512784,15,265.828125,588.75
1780761359.2512784,15,267.015625,588.75
1780761359.2512784,15,270.5625,750.0
1780761359.2512784,15,272.015625,749.25
1780761359.2512784,15,273.359375,749.5
1780761359.2512784,15,274.59375,751.25
1780761359.2512784,15,275.90625,753.25
1780761359.2512784,15,277.25,754.5
1780761359.2512784,15,278.484375,755.5
1780761359.2512784,15,279.890625,758.0
1780761359.2512784,15,281.28125,761.25
1780761359.2512784,15,282.453125,764.25
1780761359.2512784,15,283.859375,768.25
1780761359.2512784,15,285.234375,772.25
1780761359.2512784,15,286.5625,777.25
1780761359.2512784,15,287.765625,783.0
1780761359.2512784,15,289.1875,787.5
1780761359.2512784,15,297.421875,1846.0
1780761359.2512784,15,303.0625,1425.25
1780761359.2512784,3,305.859375,1316.0
1780761359.2512784,15,308.609375,1235.25
1780761359.2512784,15,312.6875,1149.0
1780761359.2512784,15,316.828125,1056.75
1780761359.2512784,15,318.21875,1031.25
1780761359.2512784,15,319.53125,1021.0
1780761359.2512784,15,320.921875,1027.75
1780761359.2512784,15,325.984375,1157.25
1780761359.2512784,15,328.75,1139.75
1780761359.2512784,9,329.984375,1144.5
1780761359.2512784,13,334.046875,1176.5
1780761359.2512784,15,335.359375,1159.0
1780761359.2512784,15,348.015625,761.5
1780761359.2512784,15,349.3125,757.0
1780761359.2512784,15,350.75,754.0
1780761359.2512784,15,352.015625,752.25
1780761359.3886683,15,353.375,749.75
1780761359.3886683,15,354.828125,747.75
1780761359.3886683,15,356.09375,744.75
1780761359.3886683,15,357.5,742.5
1780761359.3886683,15,358.8125,742.0
1780761359.3886683,15,0.015625,740.0
1780761359.3886683,15,1.359375,737.75
1780761359.3886683,15,2.78125,739.5
1780761359.3886683,15,4.03125,742.5
1780761359.3886683,15,5.515625,743.0
1780761359.3886683,15,6.6875,744.0
1780761359.3886683,15,8.015625,747.0
1780761359.3886683,15,9.5,749.25
1780761359.3886683,15,10.75,752.0
1780761359.3886683,15,12.140625,754.75
1780761359.3886683,15,13.40625,756.0
1780761359.3886683,15,14.84375,759.75
1780761359.3886683,15,16.203125,765.0
1780761359.3886683,15,22.171875,1113.5
1780761359.3886683,15,23.515625,1133.75
1780761359.3886683,9,34.203125,1155.0
1780761359.3886683,15,35.546875,1153.75
1780761359.3886683,15,36.953125,1145.75
1780761359.3886683,15,38.234375,1146.0
1780761359.3886683,15,39.578125,1146.5
1780761359.3886683,15,40.90625,1146.5
1780761359.3886683,15,44.015625,886.0
1780761359.3886683,15,45.359375,863.75
1780761359.3886683,15,46.71875,842.0
1780761359.3886683,15,48.078125,820.25
1780761359.3886683,15,49.546875,800.75
1780761359.3886683,15,50.8125,784.0
1780761359.3886683,15,52.34375,768.25
1780761359.3886683,15,53.59375,752.75
1780761359.3886683,15,55.046875,738.75
1780761359.3886683,15,56.390625,725.75
1780761359.3886683,15,57.78125,714.0
1780761359.3886683,15,59.09375,702.5
1780761359.3886683,15,60.578125,691.25
1780761359.3886683,15,61.859375,681.0
1780761359.3886683,15,63.265625,669.75
1780761359.3886683,15,69.9375,667.25
1780761359.3886683,2,78.15625,1386.25
1780761359.3886683,15,83.59375,1394.0
1780761359.3886683,15,84.890625,1379.75
1780761359.3886683,15,86.28125,1378.75
1780761359.3886683,15,87.625,1378.25
1780761359.3886683,15,88.953125,1377.75
1780761359.3886683,15,90.296875,1378.25
1780761359.3886683,15,91.640625,1378.0
1780761359.3886683,15,92.921875,1378.25
1780761359.3886683,15,94.3125,1378.75
1780761359.3886683,15,95.671875,1378.25
1780761359.3886683,15,96.984375,1378.75
1780761359.3886683,15,98.34375,1380.5
1780761359.3886683,15,99.6875,1382.5
1780761359.3886683,15,102.3125,1403.0
1780761359.3886683,15,103.625,1416.0
1780761359.3886683,15,104.96875,1410.0
1780761359.3886683,15,106.3125,1411.25
1780761359.3886683,15,107.640625,1420.0
1780761359.3886683,15,111.671875,1435.5
1780761359.3886683,15,113.03125,1461.5
1780761359.3886683,15,114.3125,1486.75
1780761359.3886683,9,115.671875,1511.0
1780761359.3886683,15,116.984375,1529.75
1780761359.3886683,15,118.3125,1540.0
1780761359.3886683,15,119.6875,1559.75
1780761359.3886683,15,120.9375,1580.0
1780761359.3886683,15,122.34375,1590.5
1780761359.3886683,15,123.625,1606.0
1780761359.3886683,15,124.953125,1635.5
1780761359.3886683,15,128.921875,1733.5
1780761359.3886683,15,130.265625,1759.75
1780761359.3886683,15,131.5,1795.75
1780761359.3886683,15,136.53125,828.5
1780761359.3886683,15,137.84375,819.5
1780761359.3886683,15,139.15625,813.5
1780761359.3886683,15,166.109375,2294.25
1780761359.3886683,15,167.453125,2294.25
1780761359.3886683,15,168.78125,2294.25
1780761359.3886683,15,172.9375,1932.5
1780761359.3886683,6,174.265625,1935.75
1780761359.3886683,15,175.625,1917.25
1780761359.3886683,15,176.953125,1915.0
1780761359.3886683,15,178.28125,1911.5
1780761359.3886683,15,179.65625,1921.25
1780761359.3886683,15,180.984375,1925.5
1780761359.3886683,15,182.3125,1911.5
1780761359.3886683,15,183.65625,1908.25
1780761359.3886683,15,185.03125,1914.25
1780761359.3886683,15,186.34375,1914.0
1780761359.3886683,15,187.703125,1924.25
1780761359.3886683,15,189.03125,1938.0
1780761359.3886683,15,190.359375,1933.0
1780761359.3886683,15,191.703125,1931.0
1780761359.3886683,15,193.0,1961.25
1780761359.3886683,15,212.140625,1434.75
1780761359.3886683,15,218.03125,961.0
1780761359.3886683,15,219.390625,937.25
1780761359.3886683,15,220.859375,914.75
1780761359.3886683,15,223.671875,865.0
1780761359.3886683,8,224.875,853.75
1780761359.3886683,15,226.28125,865.0
1780761359.3886683,7,227.5,886.25
1780761359.3886683,15,228.828125,908.5
1780761359.3886683,15,231.359375,972.75
1780761359.3886683,15,232.765625,959.25
1780761359.3886683,15,234.171875,943.0
1780761359.3886683,15,235.46875,928.5
1780761359.3886683,15,236.9375,914.25
1780761359.3886683,15,238.296875,899.75
1780761359.3886683,15,239.59375,886.0
1780761359.3886683,15,241.015625,874.0
1780761359.3886683,15,242.296875,863.25
1780761359.3886683,15,243.671875,853.25
1780761359.3886683,15,245.046875,841.5
1780761359.3886683,15,246.484375,829.0
1780761359.3886683,15,247.71875,819.5
1780761359.3886683,15,249.15625,812.5
1780761359.3886683,15,250.5,805.25
1780761359.3886683,15,251.84375,798.25
1780761359.3886683,15,253.21875,791.5
1780761359.3886683,15,254.46875,785.75
1780761359.3886683,15,257.90625,600.0
1780761359.3886683,15,259.203125,600.0
1780761359.3886683,15,260.40625,597.5
1780761359.3886683,15,261.828125,594.5
1780761359.3886683,15,263.234375,592.5
1780761359.3886683,15,264.625,591.25
1780761359.3886683,15,265.796875,588.75
1780761359.3886683,15,267.125,585.5
1780761359.3886683,15,268.546875,585.75
1780761359.3886683,15,270.0,588.5
1780761359.3886683,15,271.1875,590.5
1780761359.3886683,15,276.015625,753.0
1780761359.3886683,15,277.390625,753.75
1780761359.3886683,15,278.734375,756.0
1780761359.3886683,15,280.078125,759.75
1780761359.3886683,15,281.28125,761.75
1780761359.3886683,15,282.6875,765.5
1780761359.3886683,15,283.90625,769.25
1780761359.3886683,15,285.21875,773.25
1780761359.3886683,15,286.625,778.75
1780761359.3886683,15,287.890625,783.25
1780761359.3886683,15,289.296875,788.0
1780761359.3886683,15,290.6875,795.5
1780761359.3886683,15,294.59375,796.75
1780761359.3886683,8,301.828125,1550.25
1780761359.3886683,15,305.9375,1371.25
1780761359.3886683,15,307.3125,1346.25
1780761359.3886683,15,310.09375,1235.25
1780761359.3886683,15,312.84375,1180.0
1780761359.3886683,15,314.21875,1165.5
1780761359.3886683,15,315.53125,1146.5
1780761359.3886683,11,318.328125,1071.25
1780761359.3886683,15,319.671875,1058.25
1780761359.3886683,15,321.03125,1047.5
1780761359.3886683,15,323.609375,1093.25
1780761359.3886683,14,328.875,1169.75
1780761359.3886683,10,330.21875,1162.5
1780761359.3886683,15,332.890625,1217.5
1780761359.3886683,15,335.515625,1210.75
1780761359.3886683,15,336.875,1187.5
1780761359.3886683,15,348.203125,801.0
1780761359.3886683,15,349.578125,796.25
1780761359.3886683,15,350.796875,793.25
1780761359.5262868,15,352.15625,790.5
1780761359.5262868,15,353.5625,787.75
1780761359.5262868,15,354.921875,786.0
1780761359.5262868,15,356.21875,783.5
1780761359.5262868,15,357.625,781.25
1780761359.5262868,15,358.984375,781.0
1780761359.5262868,15,0.203125,778.0
1780761359.5262868,15,1.53125,774.75
1780761359.5262868,15,2.890625,777.25
1780761359.5262868,15,4.359375,780.0
1780761359.5262868,15,5.609375,780.5
1780761359.5262868,15,6.953125,783.0
1780761359.5262868,15,8.359375,785.25
1780761359.5262868,15,9.671875,787.5
1780761359.5262868,15,11.015625,790.25
1780761359.5262868,15,12.25,792.5
1780761359.5262868,15,13.640625,796.0
1780761359.5262868,15,14.90625,799.25
1780761359.5262868,15,21.09375,1142.75
1780761359.5262868,15,22.453125,1161.5
1780761359.5262868,15,23.703125,1180.5
1780761359.5262868,15,34.421875,1189.75
1780761359.5262868,11,35.828125,1171.0
1780761359.5262868,15,37.171875,1171.5
1780761359.5262868,15,38.46875,1173.25
1780761359.5262868,15,41.453125,928.0
1780761359.5262868,15,42.84375,905.0
1780761359.5262868,15,44.3125,879.5
1780761359.5262868,15,45.671875,857.75
1780761359.5262868,15,47.109375,837.75
1780761359.5262868,15,48.46875,817.25
1780761359.5262868,15,49.75,797.5
1780761359.5262868,15,51.21875,780.5
1780761359.5262868,15,52.625,765.0
1780761359.5262868,15,53.953125,749.0
1780761359.5262868,15,55.3125,735.25
1780761359.5262868,15,56.65625,723.0
1780761359.5262868,15,58.015625,711.0
1780761359.5262868,15,59.5,699.75
1780761359.5262868,15,60.78125,692.5
1780761359.5262868,15,67.515625,683.75
1780761359.5262868,15,75.8125,1396.5
1780761359.5262868,15,78.5,1404.0
1780761359.5262868,15,82.578125,1383.5
1780761359.5262868,15,83.875,1381.75
1780761359.5262868,15,85.1875,1379.75
1780761359.5262868,15,86.53125,1378.5
1780761359.5262868,15,87.921875,1378.0
1780761359.5262868,15,89.265625,1377.75
1780761359.5262868,15,90.578125,1377.25
1780761359.5262868,15,91.9375,1377.5
1780761359.5262868,15,93.234375,1378.0
1780761359.5262868,15,94.609375,1378.25
1780761359.5262868,15,95.90625,1378.5
1780761359.5262868,15,97.28125,1378.75
1780761359.5262868,15,98.578125,1380.25
1780761359.5262868,15,101.296875,1383.75
1780761359.5262868,15,102.609375,1397.25
1780761359.5262868,15,103.953125,1409.25
1780761359.5262868,15,106.5625,1418.75
1780761359.5262868,15,109.25,1434.75
1780761359.5262868,15,110.59375,1450.0
1780761359.5262868,15,111.890625,1458.25
1780761359.5262868,15,113.25,1475.0
1780761359.5262868,15,117.203125,1530.25
1780761359.5262868,15,118.5625,1540.25
1780761359.5262868,15,119.875,1560.25
1780761359.5262868,15,121.171875,1580.5
1780761359.5262868,15,122.5,1591.0
1780761359.5262868,15,125.125,1660.75
1780761359.5262868,4,126.5,1684.5
1780761359.5262868,15,129.125,1722.25
1780761359.5262868,15,130.46875,1771.25
1780761359.5262868,15,134.171875,807.75
1780761359.5262868,15,135.484375,800.0
1780761359.5262868,15,136.71875,792.0
1780761359.5262868,15,164.984375,2294.25
1780761359.5262868,15,166.328125,2294.25
1780761359.5262868,15,167.6875,2275.25
1780761359.5262868,15,173.171875,1889.75
1780761359.5262868,15,174.515625,1906.25
1780761359.5262868,11,175.875,1901.25
1780761359.5262868,15,177.203125,1882.25
1780761359.5262868,15,178.53125,1878.5
1780761359.5262868,15,179.984375,1878.75
1780761359.5262868,15,181.359375,1871.25
1780761359.5262868,15,182.703125,1872.0
1780761359.5262868,10,184.015625,1877.0
1780761359.5262868,15,185.34375,1877.75
1780761359.5262868,15,186.671875,1885.0
1780761359.5262868,10,188.046875,1888.5
1780761359.5262868,15,189.390625,1883.0
1780761359.5262868,13,190.765625,1873.0
1780761359.5262868,15,193.4375,1933.75
1780761359.5262868,15,212.46875,1434.5
1780761359.5262868,15,215.25,1320.0
1780761359.5262868,15,218.390625,959.75
1780761359.5262868,15,219.8125,936.5
1780761359.5262868,15,221.109375,910.0
1780761359.5262868,15,222.625,884.75
1780761359.5262868,15,224.015625,863.0
1780761359.5262868,15,225.375,841.25
1780761359.5262868,15,226.75,828.0
1780761359.5262868,15,227.84375,835.0
1780761359.5262868,15,229.171875,855.75
1780761359.5262868,15,234.421875,939.25
1780761359.5262868,15,235.796875,924.25
1780761359.5262868,15,237.109375,911.25
1780761359.5262868,15,238.453125,897.25
1780761359.5262868,15,239.90625,884.0
1780761359.5262868,15,241.234375,872.0
1780761359.5262868,15,242.546875,861.25
1780761359.5262868,15,243.984375,851.25
1780761359.5262868,15,245.375,840.75
1780761359.5262868,15,246.71875,829.25
1780761359.5262868,15,248.046875,819.0
1780761359.5262868,15,249.4375,811.5
1780761359.5262868,15,250.796875,805.5
1780761359.5262868,15,252.015625,796.25
1780761359.5262868,15,253.453125,788.5
1780761359.5262868,15,254.671875,784.5
1780761359.5262868,15,256.171875,779.75
1780761359.5262868,15,257.484375,775.5
1780761359.5262868,15,258.75,771.25
1780761359.5262868,15,261.984375,595.25
1780761359.5262868,15,263.296875,593.5
1780761359.5262868,15,264.625,591.5
1780761359.5262868,15,266.109375,589.75
1780761359.5262868,15,267.4375,588.0
1780761359.5262868,15,268.75,584.25
1780761359.5262868,15,270.015625,584.25
1780761359.5262868,15,271.28125,588.5
1780761359.5262868,15,272.625,589.25
1780761359.5262868,15,274.09375,590.0
1780761359.5262868,15,275.234375,596.0
1780761359.5262868,15,277.5625,754.75
1780761359.5262868,15,278.734375,757.0
1780761359.5262868,15,280.171875,759.75
1780761359.5262868,15,281.484375,762.75
1780761359.5262868,15,282.859375,766.0
1780761359.5262868,15,284.078125,770.0
1780761359.5262868,15,285.421875,774.25
1780761359.5262868,15,286.796875,779.5
1780761359.5262868,15,288.078125,784.5
1780761359.5262868,15,289.3125,789.75
1780761359.5262868,15,290.71875,796.0
1780761359.5262868,15,292.0625,803.0
1780761359.5262868,15,293.40625,810.0
1780761359.5262868,15,297.328125,807.0
1780761359.5262868,15,305.90625,1434.75
1780761359.5262868,15,308.71875,1327.5
1780761359.5262868,7,311.390625,1256.5
1780761359.5262868,15,312.765625,1238.0
1780761359.5262868,15,314.125,1213.5
1780761359.5262868,11,315.53125,1181.75
1780761359.5262868,15,316.90625,1156.25
1780761359.5262868,15,318.203125,1137.0
1780761359.5262868,15,320.96875,1083.5
1780761359.5262868,6,322.28125,1071.25
1780761359.5262868,15,327.578125,1212.25
1780761359.5262868,15,328.921875,1197.5
1780761359.5262868,15,330.234375,1178.25
1780761359.5262868,15,335.53125,1232.75
1780761359.5262868,15,336.859375,1214.75
1780761359.5262868,15,338.25,1203.5
1780761359.5262868,15,339.546875,1191.25
1780761359.5262868,15,340.9375,1181.25
1780761359.5262868,15,342.3125,1173.0
1780761359.5262868,15,343.625,1166.5
1780761359.5262868,15,344.953125,1164.5
1780761359.5262868,13,346.328125,1158.25
1780761359.5262868,15,349.59375,830.75
1780761359.5262868,15,350.875,827.25
1780761359.6643105,15,352.1875,825.75
1780761359.6643105,15,353.53125,823.0
1780761359.6643105,15,354.890625,820.5
1780761359.6643105,15,356.265625,819.25
1780761359.6643105,15,357.6875,815.25
1780761359.6643105,15,358.96875,814.5
1780761359.6643105,15,0.25,813.25
1780761359.6643105,15,1.6875,810.0
1780761359.6643105,15,3.015625,810.5
1780761359.6643105,15,4.34375,813.25
1780761359.6643105,15,5.6875,815.25
1780761359.6643105,15,6.984375,817.5
1780761359.6643105,15,8.234375,818.5
1780761359.6643105,15,9.59375,822.25
1780761359.6643105,15,10.9375,825.5
1780761359.6643105,15,12.234375,827.5
1780761359.6643105,15,13.5625,831.0
1780761359.6643105,15,14.90625,835.25
1780761359.6643105,15,17.0625,1151.5
1780761359.6643105,15,18.421875,1160.5
1780761359.6643105,15,19.765625,1167.75
1780761359.6643105,15,21.0625,1175.0
1780761359.6643105,15,22.34375,1194.0
1780761359.6643105,15,31.703125,1220.5
1780761359.6643105,15,33.015625,1219.25
1780761359.6643105,15,34.375,1200.25
1780761359.6643105,15,35.6875,1194.0
1780761359.6643105,15,37.0625,1195.75
1780761359.6643105,15,40.015625,952.75
1780761359.6643105,15,41.359375,930.5
1780761359.6643105,15,42.828125,905.25
1780761359.6643105,15,44.109375,881.25
1780761359.6643105,15,45.5,859.25
1780761359.6643105,15,47.015625,836.0
1780761359.6643105,15,48.359375,816.75
1780761359.6643105,15,49.703125,799.0
1780761359.6643105,15,51.109375,781.0
1780761359.6643105,15,52.390625,765.5
1780761359.6643105,15,53.75,749.5
1780761359.6643105,15,55.171875,736.75
1780761359.6643105,15,56.515625,724.25
1780761359.6643105,15,57.96875,712.5
1780761359.6643105,15,63.1875,701.25
1780761359.6643105,15,64.671875,699.0
1780761359.6643105,15,69.21875,1046.0
1780761359.6643105,15,74.203125,1409.25
1780761359.6643105,15,76.90625,1409.5
1780761359.6643105,15,80.9375,1397.25
1780761359.6643105,15,82.296875,1384.25
1780761359.6643105,15,83.65625,1381.5
1780761359.6643105,15,85.015625,1379.25
1780761359.6643105,15,86.3125,1378.5
1780761359.6643105,15,87.65625,1378.0
1780761359.6643105,15,89.046875,1377.75
1780761359.6643105,15,90.390625,1378.0
1780761359.6643105,15,91.6875,1378.0
1780761359.6643105,15,93.078125,1378.0
1780761359.6643105,15,94.359375,1378.25
1780761359.6643105,15,95.734375,1378.25
1780761359.6643105,15,98.328125,1392.25
1780761359.6643105,15,99.765625,1395.0
1780761359.6643105,15,102.390625,1395.75
1780761359.6643105,15,105.03125,1409.25
1780761359.6643105,15,106.359375,1411.0
1780761359.6643105,15,107.703125,1419.5
1780761359.6643105,15,109.0,1434.25
1780761359.6643105,15,110.34375,1448.75
1780761359.6643105,15,111.65625,1457.75
1780761359.6643105,15,112.984375,1469.0
1780761359.6643105,15,114.328125,1485.5
1780761359.6643105,9,115.640625,1510.25
1780761359.6643105,15,116.96875,1529.75
1780761359.6643105,15,118.28125,1539.75
1780761359.6643105,15,119.578125,1551.25
1780761359.6643105,15,120.90625,1571.5
1780761359.6643105,15,122.28125,1590.25
1780761359.6643105,15,123.59375,1606.0
1780761359.6643105,15,124.859375,1646.0
1780761359.6643105,15,127.515625,1695.25
1780761359.6643105,15,128.84375,1733.25
1780761359.6643105,15,132.515625,782.0
1780761359.6643105,15,133.796875,773.5
1780761359.6643105,15,135.234375,766.5
1780761359.6643105,15,164.5625,2294.25
1780761359.6643105,15,165.9375,2274.25
1780761359.6643105,15,167.25,2254.25
1780761359.6643105,11,170.03125,1969.25
1780761359.6643105,15,172.703125,1856.25
1780761359.6643105,10,174.09375,1860.75
1780761359.6643105,10,175.390625,1852.0
1780761359.6643105,15,176.765625,1841.0
1780761359.6643105,10,178.046875,1829.25
1780761359.6643105,12,179.375,1842.25
1780761359.6643105,12,180.71875,1852.25
1780761359.6643105,9,182.09375,1842.5
1780761359.6643105,11,183.40625,1822.75
1780761359.6643105,12,184.703125,1831.75
1780761359.6643105,9,186.03125,1852.5
1780761359.6643105,13,187.40625,1855.25
1780761359.6643105,7,188.703125,1856.0
1780761359.6643105,15,190.0625,1841.0
1780761359.6643105,9,191.375,1841.0
1780761359.6643105,15,192.734375,1868.5
1780761359.6643105,15,194.015625,1901.75
1780761359.6643105,15,220.296875,923.75
1780761359.6643105,15,223.03125,873.5
1780761359.6643105,15,224.421875,851.25
1780761359.6643105,15,225.71875,830.75
1780761359.6643105,15,227.203125,812.5
1780761359.6643105,15,228.453125,802.5
1780761359.6643105,15,229.71875,814.5
1780761359.6643105,15,231.0,835.75
1780761359.6643105,15,236.21875,918.75
1780761359.6643105,15,237.59375,904.75
1780761359.6643105,15,239.0,892.25
1780761359.6643105,15,240.265625,880.0
1780761359.6643105,15,241.6875,867.75
1780761359.6643105,15,243.078125,856.75
1780761359.6643105,15,244.375,845.75
1780761359.6643105,15,245.703125,834.0
1780761359.6643105,15,247.03125,825.5
1780761359.6643105,15,248.375,817.25
1780761359.6643105,15,249.71875,809.0
1780761359.6643105,15,251.203125,802.25
1780761359.6643105,15,252.65625,794.25
1780761359.6643105,15,253.890625,787.75
1780761359.6643105,15,255.203125,783.5
1780761359.6643105,15,256.5625,778.0
1780761359.6643105,15,257.984375,773.0
1780761359.6643105,15,259.265625,769.75
1780761359.6643105,15,260.6875,766.0
1780761359.6643105,15,261.953125,762.5
1780761359.6643105,15,265.21875,591.25
1780761359.6643105,15,266.515625,590.0
1780761359.6643105,15,267.828125,588.25
1780761359.6643105,15,269.234375,587.25
1780761359.6643105,15,270.703125,584.75
1780761359.6643105,15,272.015625,586.25
1780761359.6643105,15,273.171875,589.5
1780761359.6643105,15,274.609375,589.75
1780761359.6643105,15,275.8125,590.5
1780761359.6643105,15,277.171875,592.25
1780761359.6643105,15,278.40625,595.75
1780761359.6643105,15,280.640625,760.75
1780761359.6643105,15,281.984375,765.0
1780761359.6643105,15,283.28125,769.0
1780761359.6643105,15,284.578125,773.0
1780761359.6643105,15,285.953125,776.75
1780761359.6643105,15,287.109375,781.75
1780761359.6643105,15,288.453125,786.75
1780761359.6643105,15,289.78125,791.25
1780761359.6643105,15,291.203125,798.0
1780761359.6643105,15,292.453125,806.25
1780761359.6643105,15,293.78125,812.75
1780761359.6643105,15,295.078125,820.0
1780761359.6643105,15,299.09375,824.5
1780761359.6643105,15,309.125,1407.75
1780761359.6643105,15,313.21875,1257.5
1780761359.6643105,15,314.578125,1244.25
1780761359.6643105,15,316.015625,1224.75
1780761359.6643105,15,317.328125,1197.0
1780761359.6643105,15,320.109375,1140.25
1780761359.6643105,15,321.390625,1128.5
1780761359.6643105,15,322.765625,1111.75
1780761359.6643105,15,324.109375,1118.5
1780761359.6643105,15,325.421875,1141.0
1780761359.6643105,15,330.765625,1219.25
1780761359.6643105,15,332.03125,1226.0
1780761359.6643105,15,333.3125,1249.25
1780761359.6643105,15,334.671875,1267.25
1780761359.6643105,10,336.015625,1261.75
1780761359.6643105,15,337.421875,1238.0
1780761359.6643105,15,338.703125,1227.75
1780761359.6643105,6,340.046875,1222.25
1780761359.6643105,15,341.46875,1215.0
1780761359.6643105,15,342.765625,1204.25
1780761359.6643105,15,344.09375,1197.75
1780761359.6643105,15,345.5,1190.25
1780761359.6643105,15,346.8125,1182.0
1780761359.6643105,15,349.875,868.0
1780761359.6643105,15,351.234375,866.0
1780761359.801439,15,352.5625,863.75
1780761359.801439,15,353.859375,861.0
1780761359.801439,15,355.171875,859.5
1780761359.801439,15,356.59375,857.25
1780761359.801439,15,357.859375,855.25
1780761359.801439,15,359.28125,853.75
1780761359.801439,15,0.625,850.5
1780761359.801439,15,1.921875,848.5
1780761359.801439,15,3.296875,850.5
1780761359.801439,15,4.609375,853.25
1780761359.801439,15,5.921875,855.0
1780761359.801439,15,7.296875,856.75
1780761359.801439,15,8.609375,859.25
1780761359.801439,15,9.9375,861.5
1780761359.801439,15,11.1875,863.75
1780761359.801439,15,12.53125,866.5
1780761359.801439,15,13.921875,871.0
1780761359.801439,15,18.734375,1197.25
1780761359.801439,15,20.0625,1208.0
1780761359.801439,9,21.421875,1218.75
1780761359.801439,15,32.046875,1241.75
1780761359.801439,15,33.390625,1219.0
1780761359.801439,15,34.703125,1213.0
1780761359.801439,15,36.03125,1216.0
1780761359.801439,15,40.3125,945.25
1780761359.801439,15,41.6875,920.0
1780761359.801439,15,43.203125,896.5
1780761359.801439,15,44.5,873.0
1780761359.801439,15,45.84375,850.75
1780761359.801439,15,47.328125,828.5
1780761359.801439,15,48.65625,808.75
1780761359.801439,15,49.921875,791.75
1780761359.801439,15,51.28125,775.0
1780761359.801439,15,52.71875,759.0
1780761359.801439,15,54.125,744.0
1780761359.801439,15,55.484375,729.25
1780761359.801439,15,59.421875,722.25
1780761359.801439,15,60.828125,715.5
1780761359.801439,15,62.234375,714.5
1780761359.801439,15,66.90625,1063.0
1780761359.801439,15,68.21875,1056.0
1780761359.801439,15,74.484375,1418.5
1780761359.801439,15,78.5625,1408.5
1780761359.801439,15,79.890625,1388.75
1780761359.801439,15,81.203125,1386.25
1780761359.801439,15,82.53125,1384.0
1780761359.801439,15,83.921875,1381.75
1780761359.801439,15,85.21875,1379.75
1780761359.801439,15,86.53125,1378.5
1780761359.801439,15,87.90625,1378.0
1780761359.801439,15,89.234375,1377.75
1780761359.801439,15,90.59375,1377.25
1780761359.801439,10,91.890625,1377.25
1780761359.801439,15,93.21875,1377.5
1780761359.801439,15,94.5625,1378.0
1780761359.801439,15,101.15625,1393.25
1780761359.801439,15,102.484375,1408.5
1780761359.801439,15,103.8125,1409.25
1780761359.801439,15,105.140625,1410.25
1780761359.801439,15,106.484375,1411.0
1780761359.801439,6,107.796875,1419.0
1780761359.801439,15,109.109375,1434.25
1780761359.801439,15,110.453125,1449.25
1780761359.801439,15,111.75,1457.75
1780761359.801439,15,113.125,1469.25
1780761359.801439,15,114.46875,1486.25
1780761359.801439,7,115.703125,1511.0
1780761359.801439,5,117.109375,1530.25
1780761359.801439,15,118.40625,1539.75
1780761359.801439,15,119.703125,1559.75
1780761359.801439,15,121.03125,1580.0
1780761359.801439,15,122.390625,1590.25
1780761359.801439,15,123.6875,1610.75
1780761359.801439,15,124.96875,1640.25
1780761359.801439,15,126.328125,1662.25
1780761359.801439,15,130.109375,759.75
1780761359.801439,15,131.34375,751.25
1780761359.801439,15,132.71875,743.0
1780761359.801439,15,134.0625,737.25
1780761359.801439,15,164.8125,2253.75
1780761359.801439,15,166.125,2253.0
1780761359.801439,10,167.5,2247.0
1780761359.801439,15,172.96875,1813.25
1780761359.801439,13,174.25,1848.0
1780761359.801439,9,175.59375,1868.25
1780761359.801439,15,178.3125,1796.5
1780761359.801439,15,179.65625,1805.5
1780761359.801439,15,180.953125,1814.0
1780761359.801439,15,182.328125,1811.0
1780761359.801439,15,183.640625,1807.5
1780761359.801439,15,184.96875,1810.25
1780761359.801439,15,186.3125,1816.5
1780761359.801439,15,187.65625,1817.5
1780761359.801439,15,188.984375,1819.25
1780761359.801439,15,190.34375,1825.0
1780761359.801439,15,191.6875,1815.5
1780761359.801439,15,192.96875,1820.0
1780761359.801439,15,214.671875,1327.5
1780761359.801439,15,217.453125,1249.25
1780761359.801439,6,220.5625,919.5
1780761359.801439,15,221.984375,895.25
1780761359.801439,15,223.3125,870.75
1780761359.801439,15,224.734375,848.5
1780761359.801439,15,226.0625,828.5
1780761359.801439,15,227.5625,809.5
1780761359.801439,15,228.859375,790.75
1780761359.801439,15,230.1875,777.0
1780761359.801439,15,231.453125,782.75
1780761359.801439,15,232.71875,805.75
1780761359.801439,15,233.953125,828.25
1780761359.801439,15,237.828125,903.5
1780761359.801439,15,239.28125,890.25
1780761359.801439,15,240.625,877.75
1780761359.801439,15,241.984375,865.75
1780761359.801439,15,243.34375,855.75
1780761359.801439,15,244.625,845.25
1780761359.801439,15,245.984375,832.75
1780761359.801439,15,247.375,823.25
1780761359.801439,15,248.640625,815.75
1780761359.801439,15,250.0,808.0
1780761359.801439,15,251.375,801.5
1780761359.801439,15,252.8125,794.0
1780761359.801439,15,254.046875,787.75
1780761359.801439,15,255.421875,783.5
1780761359.801439,15,256.75,778.75
1780761359.801439,15,258.078125,773.5
1780761359.801439,15,259.5,769.5
1780761359.801439,15,260.828125,766.0
1780761359.801439,15,262.21875,762.5
1780761359.801439,15,263.5625,759.5
1780761359.801439,15,264.859375,757.0
1780761359.801439,15,267.953125,582.75
1780761359.801439,15,269.359375,587.5
1780761359.801439,15,270.65625,586.25
1780761359.801439,15,271.984375,585.25
1780761359.801439,15,273.328125,587.0
1780761359.801439,15,274.765625,589.0
1780761359.801439,15,275.96875,589.5
1780761359.801439,15,277.40625,591.0
1780761359.801439,15,278.5,593.0
1780761359.801439,15,279.921875,595.75
1780761359.801439,15,281.125,598.75
1780761359.801439,15,286.03125,776.75
1780761359.801439,15,287.3125,781.5
1780761359.801439,15,288.640625,786.75
1780761359.801439,15,289.90625,792.75
1780761359.801439,15,291.21875,800.25
1780761359.801439,15,292.578125,807.25
1780761359.801439,15,293.859375,813.0
1780761359.801439,15,295.15625,820.0
1780761359.801439,15,296.453125,830.25
1780761359.801439,15,297.796875,841.25
1780761359.801439,15,301.875,846.5
1780761359.801439,15,309.09375,1435.0
1780761359.801439,15,310.40625,1417.5
1780761359.801439,15,313.171875,1338.75
1780761359.801439,8,315.890625,1251.0
1780761359.801439,15,317.25,1234.0
1780761359.801439,15,318.609375,1210.25
1780761359.801439,15,319.9375,1185.5
1780761359.801439,15,321.265625,1160.25
1780761359.801439,15,322.65625,1142.0
1780761359.801439,15,324.171875,1135.75
1780761359.801439,15,326.765625,1191.0
1780761359.801439,15,332.0,1236.5
1780761359.801439,15,333.34375,1255.0
1780761359.801439,15,337.359375,1282.25
1780761359.801439,15,338.734375,1271.0
1780761359.801439,15,340.078125,1263.75
1780761359.801439,15,341.390625,1253.5
1780761359.801439,15,342.75,1237.0
1780761359.801439,15,344.09375,1225.0
1780761359.801439,6,345.484375,1218.75
1780761359.801439,15,346.796875,1213.0
1780761359.801439,15,349.8125,908.5
1780761359.801439,15,351.21875,902.75
1780761359.9393659,15,352.46875,899.25
1780761359.9393659,15,353.875,896.0
1780761359.9393659,15,355.203125,893.5
1780761359.9393659,15,356.578125,892.25
1780761359.9393659,15,357.828125,891.0
1780761359.9393659,15,359.1875,890.5
1780761359.9393659,15,0.5625,886.75
1780761359.9393659,15,1.796875,887.75
1780761359.9393659,15,3.265625,890.75
1780761359.9393659,15,4.546875,889.5
1780761359.9393659,15,5.859375,891.0
1780761359.9393659,15,7.1875,893.25
1780761359.9393659,15,8.59375,894.75
1780761359.9393659,15,9.8125,896.75
1780761359.9393659,15,11.203125,900.5
1780761359.9393659,15,12.5,903.5
1780761359.9393659,15,13.75,906.5
1780761359.9393659,15,16.015625,1215.0
1780761359.9393659,15,17.34375,1219.0
1780761359.9393659,15,18.65625,1224.25
1780761359.9393659,9,20.03125,1230.0
1780761359.9393659,15,21.3125,1251.0
1780761359.9393659,8,28.4375,905.5
1780761359.9393659,15,33.3125,1241.25
1780761359.9393659,15,34.625,1237.5
1780761359.9393659,15,40.4375,943.75
1780761359.9393659,15,41.828125,918.0
1780761359.9393659,15,43.171875,894.5
1780761359.9393659,15,44.546875,872.25
1780761359.9393659,15,47.40625,823.75
1780761359.9393659,15,48.796875,805.0
1780761359.9393659,15,50.140625,788.25
1780761359.9393659,15,51.40625,771.25
1780761359.9393659,15,52.90625,755.5
1780761359.9393659,15,54.15625,756.5
1780761359.9393659,15,58.28125,734.75
1780761359.9393659,15,59.640625,734.25
1780761359.9393659,15,64.3125,1085.25
1780761359.9393659,15,65.734375,1073.0
1780761359.9393659,15,70.6875,1427.5
1780761359.9393659,7,73.40625,1426.5
1780761359.9393659,15,77.40625,1418.0
1780761359.9393659,15,78.78125,1409.75
1780761359.9393659,15,80.078125,1408.75
1780761359.9393659,15,81.5,1396.5
1780761359.9393659,15,82.84375,1384.25
1780761359.9393659,15,84.015625,1381.75
1780761359.9393659,15,85.34375,1379.5
1780761359.9393659,15,86.75,1378.75
1780761359.9393659,15,88.03125,1378.25
1780761359.9393659,15,89.421875,1377.75
1780761359.9393659,15,90.6875,1378.0
1780761359.9393659,15,92.09375,1378.0
1780761359.9393659,15,98.671875,1378.75
1780761359.9393659,15,100.015625,1381.25
1780761359.9393659,15,101.34375,1384.25
1780761359.9393659,15,102.671875,1397.5
1780761359.9393659,15,104.03125,1409.5
1780761359.9393659,15,105.328125,1410.5
1780761359.9393659,15,106.703125,1418.75
1780761359.9393659,15,107.96875,1426.5
1780761359.9393659,15,109.296875,1434.5
1780761359.9393659,15,110.609375,1450.0
1780761359.9393659,15,111.890625,1458.25
1780761359.9393659,15,113.21875,1469.25
1780761359.9393659,15,114.609375,1487.5
1780761359.9393659,6,115.859375,1512.0
1780761359.9393659,15,117.21875,1530.0
1780761359.9393659,15,118.515625,1540.0
1780761359.9393659,15,119.84375,1560.0
1780761359.9393659,15,121.203125,1580.25
1780761359.9393659,15,122.46875,1590.5
1780761359.9393659,15,123.828125,1608.0
1780761359.9393659,15,127.640625,736.75
1780761359.9393659,15,128.953125,730.5
1780761359.9393659,15,130.34375,721.75
1780761359.9393659,15,131.703125,713.75
1780761359.9393659,15,172.984375,1793.5
1780761359.9393659,15,174.28125,1811.75
1780761359.9393659,15,175.65625,1796.75
1780761359.9393659,15,177.0,1778.5
1780761359.9393659,15,178.34375,1770.0
1780761359.9393659,15,179.640625,1771.25
1780761359.9393659,15,180.96875,1771.75
1780761359.9393659,15,182.328125,1773.25
1780761359.9393659,15,183.640625,1762.5
1780761359.9393659,15,184.96875,1759.25
1780761359.9393659,15,186.34375,1771.0
1780761359.9393659,15,187.609375,1772.75
1780761359.9393659,15,188.96875,1781.5
1780761359.9393659,15,190.3125,1771.0
1780761359.9393659,15,191.65625,1763.75
1780761359.9393659,15,192.953125,1790.0
1780761359.9393659,15,194.296875,1817.0
1780761359.9393659,15,214.578125,1321.5
1780761359.9393659,15,217.390625,1255.0
1780761359.9393659,15,223.265625,868.0
1780761359.9393659,15,224.546875,846.75
1780761359.9393659,15,226.03125,827.0
1780761359.9393659,15,227.328125,809.0
1780761359.9393659,15,228.734375,790.25
1780761359.9393659,15,230.171875,773.75
1780761359.9393659,15,231.5625,754.5
1780761359.9393659,15,232.765625,751.75
1780761359.9393659,15,234.0625,771.5
1780761359.9393659,15,235.40625,794.5
1780761359.9393659,15,240.59375,877.5
1780761359.9393659,15,241.953125,865.5
1780761359.9393659,15,243.40625,855.5
1780761359.9393659,15,244.625,845.25
1780761359.9393659,15,246.078125,835.25
1780761359.9393659,15,247.453125,826.0
1780761359.9393659,15,248.8125,816.0
1780761359.9393659,15,250.046875,808.0
1780761359.9393659,15,251.390625,801.5
1780761359.9393659,15,252.78125,794.25
1780761359.9393659,15,254.234375,787.5
1780761359.9393659,15,255.5625,783.25
1780761359.9393659,15,256.90625,778.5
1780761359.9393659,15,258.265625,773.5
1780761359.9393659,15,259.53125,769.5
1780761359.9393659,15,260.8125,766.5
1780761359.9393659,15,262.296875,763.0
1780761359.9393659,15,263.640625,760.5
1780761359.9393659,15,264.828125,758.0
1780761359.9393659,15,266.203125,755.75
1780761359.9393659,15,267.53125,755.25
1780761359.9393659,15,272.15625,586.75
1780761359.9393659,15,273.375,589.75
1780761359.9393659,15,274.78125,590.0
1780761359.9393659,15,276.0625,590.0
1780761359.9393659,15,277.40625,591.25
1780761359.9393659,15,278.8125,593.0
1780761359.9393659,15,280.125,595.5
1780761359.9393659,15,281.390625,598.5
1780761359.9393659,15,282.75,601.5
1780761359.9393659,15,284.0,604.75
1780761359.9393659,15,285.140625,609.75
1780761359.9393659,15,287.34375,782.25
1780761359.9393659,15,288.6875,788.0
1780761359.9393659,15,290.015625,794.0
1780761359.9393659,15,291.328125,800.5
1780761359.9393659,15,292.6875,808.25
1780761359.9393659,15,294.015625,814.25
1780761359.9393659,15,295.265625,822.75
1780761359.9393659,15,296.53125,833.75
1780761359.9393659,15,297.8125,844.75
1780761359.9393659,15,299.203125,855.5
1780761359.9393659,15,303.296875,863.0
1780761359.9393659,15,310.640625,1435.25
1780761359.9393659,15,312.03125,1418.25
1780761359.9393659,15,314.75,1347.0
1780761359.9393659,1,316.140625,1313.0
1780761359.9393659,15,318.859375,1246.0
1780761359.9393659,15,320.25,1231.25
1780761359.9393659,15,321.5625,1208.75
1780761359.9393659,15,322.953125,1185.0
1780761359.9393659,14,324.4375,1165.25
1780761359.9393659,15,325.765625,1149.25
1780761359.9393659,15,332.328125,1280.75
1780761359.9393659,15,337.65625,1348.25
1780761359.9393659,15,338.984375,1315.5
1780761359.9393659,15,340.375,1294.5
1780761359.9393659,15,341.71875,1281.75
1780761359.9393659,15,343.109375,1271.25
1780761359.9393659,15,344.4375,1267.25
1780761359.9393659,15,345.765625,1255.75
1780761359.9393659,11,347.171875,1238.75
1780761359.9393659,15,350.171875,935.75
1780761359.9393659,15,351.484375,932.5
1780761360.0765226,15,352.78125,931.0
1780761360.0765226,15,354.21875,930.25
1780761360.0765226,15,355.5625,928.5
1780761360.0765226,15,356.921875,926.0
1780761360.0765226,15,358.265625,925.0
1780761360.0765226,15,359.59375,927.25
1780761360.0765226,15,0.890625,926.75
1780761360.0765226,15,2.203125,926.75
1780761360.0765226,15,3.546875,927.0
1780761360.0765226,15,4.953125,924.25
1780761360.0765226,15,6.25,927.0
1780761360.0765226,15,7.5625,929.75
1780761360.0765226,15,8.84375,930.25
1780761360.0765226,15,10.296875,931.5
1780761360.0765226,15,11.609375,935.0
1780761360.0765226,15,12.828125,939.5
1780761360.0765226,15,17.703125,1256.5
1780761360.0765226,15,19.09375,1268.75
1780761360.0765226,15,20.328125,1284.75
1780761360.0765226,15,32.375,1277.75
1780761360.0765226,15,33.78125,1268.0
1780761360.0765226,15,36.8125,1017.75
1780761360.0765226,15,39.546875,957.75
1780761360.0765226,15,40.96875,931.25
1780761360.0765226,15,42.28125,907.0
1780761360.0765226,15,43.703125,882.25
1780761360.0765226,15,45.046875,860.0
1780761360.0765226,15,47.90625,816.25
1780761360.0765226,15,49.140625,798.5
1780761360.0765226,15,50.671875,781.25
1780761360.0765226,15,51.953125,782.5
1780761360.0765226,15,57.328125,752.0
1780761360.0765226,15,62.0625,1112.75
1780761360.0765226,15,63.46875,1095.0
1780761360.0765226,9,64.796875,1087.25
1780761360.0765226,15,71.15625,1432.75
1780761360.0765226,15,72.453125,1439.75
1780761360.0765226,15,76.5,1411.25
1780761360.0765226,15,77.828125,1410.25
1780761360.0765226,15,79.15625,1398.75
1780761360.0765226,15,80.546875,1387.75
1780761360.0765226,15,81.859375,1384.75
1780761360.0765226,15,83.125,1381.0
1780761360.0765226,15,84.46875,1379.25
1780761360.0765226,15,85.765625,1378.75
1780761360.0765226,15,87.15625,1378.25
1780761360.0765226,15,88.453125,1377.5
1780761360.0765226,15,93.828125,1377.5
1780761360.0765226,15,95.140625,1377.75
1780761360.0765226,15,96.4375,1378.0
1780761360.0765226,15,97.78125,1379.25
1780761360.0765226,15,99.125,1381.25
1780761360.0765226,15,100.484375,1383.0
1780761360.0765226,15,101.78125,1385.25
1780761360.0765226,15,103.0625,1398.0
1780761360.0765226,15,104.40625,1409.75
1780761360.0765226,15,105.734375,1410.75
1780761360.0765226,15,107.078125,1411.5
1780761360.0765226,6,108.484375,1418.75
1780761360.0765226,15,109.75,1440.75
1780761360.0765226,15,111.046875,1456.75
1780761360.0765226,15,112.390625,1466.25
1780761360.0765226,15,113.765625,1478.0
1780761360.0765226,8,115.046875,1504.75
1780761360.0765226,15,116.34375,1529.5
1780761360.0765226,15,117.703125,1539.25
1780761360.0765226,15,119.03125,1548.75
1780761360.0765226,15,120.296875,1569.5
1780761360.0765226,15,121.65625,1590.0
1780761360.0765226,15,125.5,715.25
1780761360.0765226,15,126.859375,704.25
1780761360.0765226,15,128.171875,695.5
1780761360.0765226,15,129.515625,690.75
1780761360.0765226,15,172.28125,1750.25
1780761360.0765226,13,173.625,1762.25
1780761360.0765226,15,174.9375,1759.0
1780761360.0765226,9,176.25,1748.75
1780761360.0765226,15,177.640625,1742.0
1780761360.0765226,15,178.96875,1741.5
1780761360.0765226,15,180.3125,1732.75
1780761360.0765226,15,181.609375,1735.0
1780761360.0765226,15,182.953125,1740.0
1780761360.0765226,15,184.296875,1738.5
1780761360.0765226,15,185.65625,1743.75
1780761360.0765226,15,186.953125,1747.5
1780761360.0765226,15,188.296875,1752.0
1780761360.0765226,12,189.625,1753.75
1780761360.0765226,15,190.96875,1762.75
1780761360.0765226,15,192.3125,1763.5
1780761360.0765226,15,193.65625,1770.0
1780761360.0765226,15,194.90625,1808.75
1780761360.0765226,15,204.265625,1993.0
1780761360.0765226,15,216.8125,1255.75
1780761360.0765226,15,218.1875,1226.5
1780761360.0765226,15,219.46875,1198.0
1780761360.0765226,15,222.578125,874.25
1780761360.0765226,15,224.0625,854.75
1780761360.0765226,15,225.390625,833.75
1780761360.0765226,15,226.828125,813.5
1780761360.0765226,15,228.28125,794.75
1780761360.0765226,15,229.65625,778.0
1780761360.0765226,15,230.9375,762.5
1780761360.0765226,15,232.296875,748.25
1780761360.0765226,15,233.71875,733.75
1780761360.0765226,15,235.03125,730.5
1780761360.0765226,15,236.28125,746.0
1780761360.0765226,15,242.84375,858.75
1780761360.0765226,15,244.203125,848.5
1780761360.0765226,15,245.59375,837.75
1780761360.0765226,15,246.828125,827.5
1780761360.0765226,15,248.328125,817.75
1780761360.0765226,15,249.65625,811.0
1780761360.0765226,15,251.046875,804.5
1780761360.0765226,15,252.203125,797.75
1780761360.0765226,15,253.6875,790.75
1780761360.0765226,15,254.96875,784.75
1780761360.0765226,15,256.375,780.25
1780761360.0765226,15,257.703125,775.5
1780761360.0765226,15,259.0625,771.5
1780761360.0765226,15,260.296875,768.25
1780761360.0765226,15,261.765625,764.5
1780761360.0765226,15,263.109375,760.25
1780761360.0765226,15,264.421875,758.25
1780761360.0765226,15,265.75,757.25
1780761360.0765226,15,267.046875,755.0
1780761360.0765226,15,268.421875,753.25
1780761360.0765226,15,269.671875,752.5
1780761360.0765226,15,275.71875,589.75
1780761360.0765226,15,276.90625,590.75
1780761360.0765226,15,278.265625,591.75
1780761360.0765226,15,279.578125,593.0
1780761360.0765226,15,280.9375,595.25
1780761360.0765226,15,282.109375,598.0
1780761360.0765226,15,283.453125,600.5
1780761360.0765226,15,284.671875,604.25
1780761360.0765226,15,286.203125,609.0
1780761360.0765226,15,287.375,613.5
1780761360.0765226,15,288.65625,621.0
1780761360.0765226,15,290.859375,797.75
1780761360.0765226,15,292.125,805.75
1780761360.0765226,15,293.421875,812.0
1780761360.0765226,15,294.859375,820.75
1780761360.0765226,15,296.03125,830.75
1780761360.0765226,15,297.40625,839.75
1780761360.0765226,15,298.671875,850.25
1780761360.0765226,15,300.109375,859.0
1780761360.0765226,15,301.40625,869.75
1780761360.0765226,15,305.359375,880.75
1780761360.0765226,15,312.765625,1435.25
1780761360.0765226,15,314.140625,1418.25
1780761360.0765226,15,316.890625,1347.25
1780761360.0765226,1,318.203125,1313.5
1780761360.0765226,15,319.578125,1283.5
1780761360.0765226,8,320.921875,1258.75
1780761360.0765226,15,322.328125,1234.25
1780761360.0765226,15,323.625,1215.75
1780761360.0765226,15,324.96875,1202.0
1780761360.0765226,15,326.375,1191.75
1780761360.0765226,15,327.640625,1206.25
1780761360.0765226,5,328.953125,1240.5
1780761360.0765226,15,334.234375,1313.75
1780761360.0765226,15,338.1875,1370.5
1780761360.0765226,15,339.546875,1357.5
1780761360.0765226,15,340.859375,1353.0
1780761360.0765226,15,342.1875,1341.0
1780761360.0765226,15,343.53125,1315.5
1780761360.0765226,15,344.921875,1295.0
1780761360.0765226,15,346.203125,1288.75
1780761360.0765226,15,347.484375,1280.25
1780761360.0765226,15,350.5,972.5
1780761360.217325,15,351.8125,970.75
1780761360.217325,15,353.203125,966.0
1780761360.217325,15,354.515625,963.0
1780761360.217325,15,355.859375,961.75
1780761360.217325,15,357.21875,959.0
1780761360.217325,15,358.53125,960.0
1780761360.217325,15,359.890625,955.75
1780761360.217325,15,1.203125,949.75
1780761360.217325,15,2.546875,948.25
1780761360.217325,15,3.890625,951.25
1780761360.217325,15,5.15625,957.5
1780761360.217325,15,6.546875,960.25
1780761360.217325,15,7.78125,964.75
1780761360.217325,15,9.109375,968.0
1780761360.217325,15,10.5,968.5
1780761360.217325,15,11.765625,970.75
1780761360.217325,15,16.78125,1291.75
1780761360.217325,15,18.046875,1297.5
1780761360.217325,15,31.3125,1315.75
1780761360.217325,15,32.65625,1315.75
1780761360.217325,15,37.15625,1003.5
1780761360.217325,15,38.53125,976.25
1780761360.217325,15,41.34375,922.75
1780761360.217325,15,44.015625,874.0
1780761360.217325,15,45.4375,851.75
1780761360.217325,15,46.75,828.5
1780761360.217325,15,48.234375,807.75
1780761360.217325,15,49.5,801.25
1780761360.217325,15,54.828125,772.75
1780761360.217325,15,61.046875,1126.75
1780761360.217325,15,68.71875,1444.75
1780761360.217325,15,70.09375,1433.75
1780761360.217325,7,74.125,1432.5
1780761360.217325,15,75.40625,1418.75
1780761360.217325,15,76.78125,1411.25
1780761360.217325,15,78.109375,1410.25
1780761360.217325,15,79.40625,1409.25
1780761360.217325,15,80.765625,1397.25
1780761360.217325,15,82.125,1384.5
1780761360.217325,15,83.421875,1381.75
1780761360.217325,15,84.71875,1379.75
1780761360.217325,7,90.0625,1384.75
1780761360.217325,15,91.453125,1384.5
1780761360.217325,15,92.78125,1377.75
1780761360.217325,15,94.0625,1378.0
1780761360.217325,15,95.40625,1378.0
1780761360.217325,15,96.703125,1378.5
1780761360.217325,15,98.03125,1380.0
1780761360.217325,15,99.375,1382.75
1780761360.217325,15,100.71875,1384.25
1780761360.217325,15,102.046875,1386.5
1780761360.217325,15,103.359375,1399.25
1780761360.217325,15,104.71875,1410.5
1780761360.217325,15,106.015625,1411.0
1780761360.217325,15,107.328125,1419.5
1780761360.217325,15,108.6875,1434.5
1780761360.217325,15,110.03125,1441.5
1780761360.217325,15,111.375,1453.75
1780761360.217325,15,112.625,1472.0
1780761360.217325,15,113.96875,1485.5
1780761360.217325,8,115.3125,1510.75
1780761360.217325,15,116.59375,1529.75
1780761360.217325,15,117.9375,1539.5
1780761360.217325,15,119.28125,1549.5
1780761360.217325,15,123.109375,694.25
1780761360.217325,15,124.578125,682.25
1780761360.217325,15,125.859375,672.25
1780761360.217325,15,127.203125,665.5
1780761360.217325,15,172.3125,1717.25
1780761360.217325,15,173.59375,1723.75
1780761360.217325,15,174.953125,1728.5
1780761360.217325,15,176.25,1718.5
1780761360.217325,15,177.578125,1714.25
1780761360.217325,15,178.90625,1713.25
1780761360.217325,15,180.265625,1697.5
1780761360.217325,15,181.578125,1702.0
1780761360.217325,15,182.90625,1713.0
1780761360.217325,15,184.203125,1705.25
1780761360.217325,15,185.5625,1707.75
1780761360.217325,15,186.890625,1715.0
1780761360.217325,15,188.203125,1719.75
1780761360.217325,15,189.546875,1712.5
1780761360.217325,11,190.828125,1729.0
1780761360.217325,15,192.1875,1740.25
1780761360.217325,15,193.515625,1735.75
1780761360.217325,15,194.8125,1762.25
1780761360.217325,2,201.125,2808.5
1780761360.217325,15,212.40625,1432.75
1780761360.217325,15,216.546875,1273.75
1780761360.217325,15,217.921875,1243.0
1780761360.217325,15,222.015625,1139.5
1780761360.217325,15,225.140625,835.5
1780761360.217325,15,226.515625,815.5
1780761360.217325,15,227.828125,797.25
1780761360.217325,15,229.234375,780.5
1780761360.217325,15,230.59375,764.5
1780761360.217325,15,231.890625,751.0
1780761360.217325,15,233.3125,737.0
1780761360.217325,15,234.75,724.25
1780761360.217325,15,236.0625,711.0
1780761360.217325,15,237.359375,709.25
1780761360.217325,15,245.0,841.25
1780761360.217325,15,246.328125,829.25
1780761360.217325,15,247.75,819.75
1780761360.217325,15,249.125,812.5
1780761360.217325,15,250.5,806.25
1780761360.217325,15,251.75,799.25
1780761360.217325,15,253.15625,791.75
1780761360.217325,15,254.5625,786.0
1780761360.217325,15,255.875,781.5
1780761360.217325,15,257.15625,777.25
1780761360.217325,15,258.546875,773.0
1780761360.217325,15,259.84375,769.5
1780761360.217325,15,261.21875,766.0
1780761360.217325,15,262.5,763.0
1780761360.217325,15,263.890625,760.0
1780761360.217325,15,265.171875,757.25
1780761360.217325,15,266.515625,755.5
1780761360.217325,15,267.859375,754.75
1780761360.217325,15,269.28125,754.25
1780761360.217325,15,270.625,752.75
1780761360.217325,15,271.84375,753.0
1780761360.217325,15,275.96875,755.25
1780761360.217325,15,279.0625,594.25
1780761360.217325,15,280.265625,596.25
1780761360.217325,15,281.609375,598.5
1780761360.217325,15,282.875,601.5
1780761360.217325,15,284.3125,604.5
1780761360.217325,15,285.703125,607.75
1780761360.217325,15,286.921875,611.75
1780761360.217325,15,288.265625,616.75
1780761360.217325,15,289.546875,622.5
1780761360.217325,15,290.8125,630.0
1780761360.217325,15,295.609375,827.25
1780761360.217325,15,296.84375,837.25
1780761360.217325,15,298.25,849.0
1780761360.217325,15,299.6875,858.5
1780761360.217325,15,301.0,868.75
1780761360.217325,15,302.34375,881.25
1780761360.217325,15,303.5625,894.25
1780761360.217325,15,306.28125,905.0
1780761360.217325,15,307.578125,910.0
1780761360.217325,15,313.734375,1444.75
1780761360.217325,15,315.03125,1434.75
1780761360.217325,15,316.421875,1417.5
1780761360.217325,15,319.140625,1346.75
1780761360.217325,1,320.515625,1313.5
1780761360.217325,15,321.84375,1275.5
1780761360.217325,7,323.265625,1250.75
1780761360.217325,15,324.65625,1236.0
1780761360.217325,15,325.96875,1219.75
1780761360.217325,15,327.28125,1221.75
1780761360.217325,15,328.671875,1238.75
1780761360.217325,15,333.875,1361.25
1780761360.217325,15,336.53125,1408.75
1780761360.217325,15,337.84375,1398.75
1780761360.217325,15,339.265625,1383.25
1780761360.217325,10,340.546875,1376.75
1780761360.217325,15,341.921875,1370.25
1780761360.217325,15,343.21875,1365.25
1780761360.217325,15,344.640625,1360.0
1780761360.217325,15,345.9375,1354.5
1780761360.217325,15,347.234375,1347.75
1780761360.217325,15,348.609375,1328.25
1780761360.217325,15,351.65625,1004.0
1780761360.355333,15,352.9375,1001.75
1780761360.355333,15,354.265625,999.5
1780761360.355333,15,355.6875,997.5
1780761360.355333,15,356.9375,994.5
1780761360.355333,15,358.375,993.25
1780761360.355333,15,359.703125,990.0
1780761360.355333,15,1.03125,989.0
1780761360.355333,15,2.375,987.25
1780761360.355333,15,3.625,987.75
1780761360.355333,15,5.0,993.0
1780761360.355333,15,6.390625,994.75
1780761360.355333,15,7.65625,996.75
1780761360.355333,9,9.03125,1000.0
1780761360.355333,15,10.359375,1003.0
1780761360.355333,15,15.328125,1329.25
1780761360.355333,15,16.71875,1346.75
1780761360.355333,15,17.96875,1360.25
1780761360.355333,15,19.375,1370.5
1780761360.355333,9,28.734375,1373.5
1780761360.355333,9,30.03125,1368.0
1780761360.355333,15,31.390625,1356.25
1780761360.355333,15,37.125,1003.25
1780761360.355333,15,39.953125,944.75
1780761360.355333,15,41.359375,918.75
1780761360.355333,15,42.671875,894.75
1780761360.355333,15,44.03125,871.5
1780761360.355333,15,45.4375,849.5
1780761360.355333,15,50.84375,808.0
1780761360.355333,15,52.21875,802.25
1780761360.355333,9,58.3125,1146.0
1780761360.355333,15,59.71875,1135.5
1780761360.355333,15,67.453125,1442.5
1780761360.355333,15,68.8125,1436.5
1780761360.355333,15,72.828125,1436.25
1780761360.355333,15,74.21875,1433.25
1780761360.355333,15,75.546875,1418.25
1780761360.355333,15,76.875,1411.0
1780761360.355333,15,78.21875,1409.75
1780761360.355333,15,79.5625,1398.0
1780761360.355333,15,80.90625,1386.0
1780761360.355333,4,86.203125,1399.5
1780761360.355333,10,88.84375,1384.75
1780761360.355333,9,90.171875,1376.5
1780761360.355333,15,91.515625,1376.75
1780761360.355333,15,92.8125,1377.25
1780761360.355333,15,94.21875,1377.5
1780761360.355333,15,95.5,1378.25
1780761360.355333,15,96.890625,1378.5
1780761360.355333,15,98.203125,1379.5
1780761360.355333,15,99.53125,1380.25
1780761360.355333,15,100.828125,1382.75
1780761360.355333,15,102.171875,1397.0
1780761360.355333,15,103.484375,1409.25
1780761360.355333,15,104.8125,1410.0
1780761360.355333,15,106.140625,1410.5
1780761360.355333,15,107.5625,1425.75
1780761360.355333,15,108.859375,1447.0
1780761360.355333,15,110.171875,1455.0
1780761360.355333,15,111.515625,1457.75
1780761360.355333,15,112.796875,1468.0
1780761360.355333,15,114.171875,1484.75
1780761360.355333,7,115.453125,1510.75
1780761360.355333,15,116.8125,1529.75
1780761360.355333,15,120.734375,670.0
1780761360.355333,15,122.09375,658.0
1780761360.355333,15,123.421875,648.0
1780761360.355333,15,124.734375,644.5
1780761360.355333,15,135.40625,1605.5
1780761360.355333,14,136.703125,1619.5
1780761360.355333,15,167.171875,2060.25
1780761360.355333,15,171.28125,1675.0
1780761360.355333,15,172.625,1678.75
1780761360.355333,15,173.953125,1683.25
1780761360.355333,13,175.328125,1690.5
1780761360.355333,15,176.65625,1682.5
1780761360.355333,15,177.953125,1675.75
1780761360.355333,15,179.34375,1680.5
1780761360.355333,15,180.6875,1680.75
1780761360.355333,15,182.03125,1675.0
1780761360.355333,15,183.34375,1662.5
1780761360.355333,15,184.65625,1663.25
1780761360.355333,15,185.984375,1675.75
1780761360.355333,15,187.3125,1676.25
1780761360.355333,15,188.640625,1679.25
1780761360.355333,15,189.953125,1691.75
1780761360.355333,15,191.328125,1687.25
1780761360.355333,11,192.671875,1675.0
1780761360.355333,15,193.984375,1692.0
1780761360.355333,15,195.25,1737.75
1780761360.355333,2,201.609375,2808.5
1780761360.355333,15,216.984375,1255.5
1780761360.355333,15,218.390625,1225.25
1780761360.355333,15,219.703125,1192.25
1780761360.355333,15,221.078125,1161.0
1780761360.355333,15,222.390625,1136.25
1780761360.355333,15,226.921875,810.0
1780761360.355333,15,228.234375,791.0
1780761360.355333,15,229.578125,775.5
1780761360.355333,15,231.0625,759.75
1780761360.355333,15,232.4375,744.0
1780761360.355333,15,233.71875,731.0
1780761360.355333,15,235.0625,719.25
1780761360.355333,15,236.453125,707.5
1780761360.355333,15,237.875,696.25
1780761360.355333,15,239.21875,684.5
1780761360.355333,15,246.875,827.25
1780761360.355333,15,248.171875,817.5
1780761360.355333,15,249.59375,810.0
1780761360.355333,15,250.859375,803.75
1780761360.355333,15,252.140625,797.5
1780761360.355333,15,253.484375,790.75
1780761360.355333,15,254.796875,785.0
1780761360.355333,15,256.25,780.25
1780761360.355333,15,257.515625,775.25
1780761360.355333,15,258.828125,771.75
1780761360.355333,15,260.234375,768.25
1780761360.355333,15,261.53125,764.5
1780761360.355333,15,262.875,761.75
1780761360.355333,15,264.234375,759.0
1780761360.355333,15,265.578125,756.5
1780761360.355333,15,266.828125,755.25
1780761360.355333,15,268.25,754.25
1780761360.355333,15,269.625,753.5
1780761360.355333,15,270.8125,752.75
1780761360.355333,15,272.140625,752.5
1780761360.355333,15,273.578125,753.25
1780761360.355333,15,274.890625,755.0
1780761360.355333,15,277.59375,756.5
1780761360.355333,15,278.84375,759.25
1780761360.355333,15,283.359375,603.25
1780761360.355333,15,284.59375,607.25
1780761360.355333,15,285.921875,609.25
1780761360.355333,15,287.296875,612.75
1780761360.355333,15,288.578125,616.5
1780761360.355333,15,289.90625,621.25
1780761360.355333,15,291.28125,627.25
1780761360.355333,15,292.59375,633.75
1780761360.355333,15,293.796875,641.0
1780761360.355333,15,298.578125,851.0
1780761360.355333,15,299.953125,860.0
1780761360.355333,15,301.328125,870.5
1780761360.355333,15,302.578125,883.25
1780761360.355333,15,303.953125,895.75
1780761360.355333,15,305.234375,909.5
1780761360.355333,15,306.484375,922.5
1780761360.355333,15,307.84375,935.0
1780761360.355333,15,309.171875,936.0
1780761360.355333,15,317.953125,1418.5
1780761360.355333,15,320.734375,1356.0
1780761360.355333,15,322.015625,1339.25
1780761360.355333,15,324.859375,1267.25
1780761360.355333,7,326.140625,1246.75
1780761360.355333,15,327.515625,1236.5
1780761360.355333,15,332.78125,1394.75
1780761360.355333,15,334.09375,1378.75
1780761360.355333,15,335.40625,1392.75
1780761360.355333,15,339.375,1419.25
1780761360.355333,15,340.71875,1410.0
1780761360.355333,15,342.09375,1408.25
1780761360.355333,15,343.4375,1394.0
1780761360.355333,9,344.8125,1378.75
1780761360.355333,8,346.125,1374.5
1780761360.355333,15,347.453125,1369.75
1780761360.355333,15,348.796875,1363.5
1780761360.4924486,15,351.828125,1031.5
1780761360.4924486,15,353.1875,1031.25
1780761360.4924486,15,354.453125,1031.0
1780761360.4924486,15,355.8125,1028.0
1780761360.4924486,15,357.171875,1027.5
1780761360.4924486,15,358.53125,1026.75
1780761360.4924486,15,359.84375,1023.75
1780761360.4924486,15,1.140625,1027.25
1780761360.4924486,15,2.515625,1027.0
1780761360.4924486,15,3.8125,1023.75
1780761360.4924486,15,5.1875,1023.75
1780761360.4924486,15,6.453125,1025.25
1780761360.4924486,15,7.828125,1029.0
1780761360.4924486,15,9.1875,1031.5
1780761360.4924486,15,10.46875,1031.75
1780761360.4924486,10,15.515625,1372.75
1780761360.4924486,15,16.828125,1377.0
1780761360.4924486,15,18.15625,1394.0
1780761360.4924486,15,19.4375,1418.25
1780761360.4924486,15,27.515625,1418.0
1780761360.4924486,15,28.890625,1393.75
1780761360.4924486,15,30.15625,1382.25
1780761360.4924486,8,35.953125,1027.5
1780761360.4924486,9,38.75,963.5
1780761360.4924486,15,40.21875,937.0
1780761360.4924486,15,41.5,913.0
1780761360.4924486,15,42.953125,889.5
1780761360.4924486,15,44.28125,866.25
1780761360.4924486,15,45.71875,854.25
1780761360.4924486,6,51.046875,819.25
1780761360.4924486,15,57.25,1158.75
1780761360.4924486,15,58.640625,1145.5
1780761360.4924486,15,66.34375,1451.5
1780761360.4924486,15,67.671875,1462.75
1780761360.4924486,15,71.703125,1448.75
1780761360.4924486,15,73.0,1448.5
1780761360.4924486,15,74.359375,1426.5
1780761360.4924486,15,75.75,1411.25
1780761360.4924486,15,77.046875,1410.5
1780761360.4924486,15,79.71875,1409.25
1780761360.4924486,15,82.46875,1396.0
1780761360.4924486,15,83.796875,1381.75
1780761360.4924486,15,86.53125,1379.0
1780761360.4924486,9,87.875,1377.75
1780761360.4924486,9,89.15625,1377.0
1780761360.4924486,15,90.515625,1376.75
1780761360.4924486,8,91.875,1377.0
1780761360.4924486,15,93.25,1377.25
1780761360.4924486,15,94.578125,1377.75
1780761360.4924486,15,95.921875,1378.0
1780761360.4924486,15,97.1875,1379.0
1780761360.4924486,15,98.5625,1380.5
1780761360.4924486,15,99.90625,1382.25
1780761360.4924486,15,101.234375,1384.5
1780761360.4924486,15,102.578125,1397.0
1780761360.4924486,15,103.921875,1400.25
1780761360.4924486,15,105.265625,1401.0
1780761360.4924486,15,106.609375,1410.75
1780761360.4924486,15,107.796875,1419.0
1780761360.4924486,15,109.171875,1441.5
1780761360.4924486,15,110.484375,1456.25
1780761360.4924486,15,111.828125,1457.75
1780761360.4924486,15,113.171875,1469.25
1780761360.4924486,15,118.34375,649.75
1780761360.4924486,15,119.921875,636.75
1780761360.4924486,15,121.234375,624.75
1780761360.4924486,15,122.421875,626.0
1780761360.4924486,15,158.171875,1819.5
1780761360.4924486,15,164.765625,2060.25
1780761360.4924486,15,171.609375,1652.25
1780761360.4924486,13,172.921875,1662.25
1780761360.4924486,11,174.234375,1651.0
1780761360.4924486,15,175.59375,1639.75
1780761360.4924486,15,176.9375,1636.5
1780761360.4924486,15,178.25,1636.5
1780761360.4924486,15,179.703125,1635.5
1780761360.4924486,15,181.015625,1637.5
1780761360.4924486,15,182.40625,1633.25
1780761360.4924486,15,183.703125,1628.25
1780761360.4924486,15,185.0625,1631.5
1780761360.4924486,15,186.390625,1636.5
1780761360.4924486,15,187.734375,1638.5
1780761360.4924486,13,189.09375,1646.0
1780761360.4924486,13,190.40625,1650.75
1780761360.4924486,15,191.71875,1656.75
1780761360.4924486,15,193.09375,1656.25
1780761360.4924486,15,194.375,1668.0
1780761360.4924486,15,195.71875,1709.0
1780761360.4924486,2,200.71875,2808.5
1780761360.4924486,15,214.59375,1321.25
1780761360.4924486,12,217.359375,1249.75
1780761360.4924486,15,218.765625,1224.75
1780761360.4924486,15,221.484375,1151.5
1780761360.4924486,15,224.265625,1094.5
1780761360.4924486,15,225.640625,1064.25
1780761360.4924486,15,228.859375,787.5
1780761360.4924486,15,230.125,769.0
1780761360.4924486,15,231.46875,754.75
1780761360.4924486,15,232.890625,741.25
1780761360.4924486,15,234.28125,728.5
1780761360.4924486,15,235.671875,716.0
1780761360.4924486,15,237.046875,704.75
1780761360.4924486,15,238.296875,694.0
1780761360.4924486,15,239.71875,682.75
1780761360.4924486,15,241.0,672.75
1780761360.4924486,15,242.34375,668.5
1780761360.4924486,15,250.046875,808.0
1780761360.4924486,15,251.4375,801.5
1780761360.4924486,15,252.796875,794.0
1780761360.4924486,15,254.0625,787.5
1780761360.4924486,15,255.5,783.25
1780761360.4924486,15,256.859375,778.75
1780761360.4924486,15,258.109375,773.5
1780761360.4924486,15,259.453125,769.5
1780761360.4924486,15,260.84375,766.5
1780761360.4924486,15,262.109375,763.0
1780761360.4924486,15,263.609375,760.0
1780761360.4924486,15,264.875,757.5
1780761360.4924486,15,266.21875,755.75
1780761360.4924486,15,267.546875,755.0
1780761360.4924486,15,268.921875,754.25
1780761360.4924486,15,270.234375,753.5
1780761360.4924486,15,271.5625,753.5
1780761360.4924486,15,272.859375,754.0
1780761360.4924486,15,274.21875,754.0
1780761360.4924486,15,275.578125,755.25
1780761360.4924486,15,276.921875,757.0
1780761360.4924486,15,278.109375,758.5
1780761360.4924486,15,280.921875,763.25
1780761360.4924486,15,282.109375,768.25
1780761360.4924486,15,286.71875,611.75
1780761360.4924486,15,287.890625,615.25
1780761360.4924486,15,289.234375,618.5
1780761360.4924486,15,290.65625,623.75
1780761360.4924486,15,292.0,629.5
1780761360.4924486,15,293.28125,635.5
1780761360.4924486,15,294.59375,642.5
1780761360.4924486,15,295.859375,651.5
1780761360.4924486,15,297.140625,660.25
1780761360.4924486,15,299.25,851.75
1780761360.4924486,15,300.703125,865.75
1780761360.4924486,15,302.03125,876.75
1780761360.4924486,15,303.3125,889.0
1780761360.4924486,15,304.546875,902.0
1780761360.4924486,15,305.875,914.0
1780761360.4924486,15,307.1875,926.0
1780761360.4924486,15,309.921875,941.5
1780761360.4924486,15,311.234375,952.75
1780761360.4924486,15,317.328125,1452.5
1780761360.4924486,15,318.703125,1443.75
1780761360.4924486,15,320.03125,1418.5
1780761360.4924486,6,321.390625,1407.5
1780761360.4924486,15,324.125,1352.25
1780761360.4924486,1,325.5625,1325.25
1780761360.4924486,15,328.265625,1267.0
1780761360.4924486,15,329.515625,1296.25
1780761360.4924486,15,333.5,1419.0
1780761360.4924486,15,334.796875,1410.0
1780761360.4924486,15,336.109375,1418.25
1780761360.4924486,15,338.78125,1472.25
1780761360.4924486,15,340.125,1449.75
1780761360.4924486,15,341.46875,1434.5
1780761360.4924486,15,342.828125,1425.75
1780761360.4924486,15,344.203125,1417.25
1780761360.4924486,15,345.546875,1409.75
1780761360.4924486,15,346.921875,1398.0
1780761360.4924486,15,348.265625,1384.5
1780761360.6303616,15,352.640625,1071.5
1780761360.6303616,15,354.015625,1069.25
1780761360.6303616,15,355.28125,1067.0
1780761360.6303616,9,356.640625,1064.5
1780761360.6303616,10,358.03125,1063.25
1780761360.6303616,15,0.65625,1055.5
1780761360.6303616,15,2.03125,1051.75
1780761360.6303616,15,3.40625,1058.25
1780761360.6303616,11,4.75,1062.75
1780761360.6303616,15,6.0625,1066.0
1780761360.6303616,15,7.34375,1065.5
1780761360.6303616,15,8.703125,1066.0
1780761360.6303616,15,10.078125,1071.0
1780761360.6303616,15,14.953125,1398.25
1780761360.6303616,15,16.296875,1410.0
1780761360.6303616,15,17.640625,1424.75
1780761360.6303616,15,19.0,1447.75
1780761360.6303616,15,26.953125,1441.75
1780761360.6303616,15,28.359375,1415.5
1780761360.6303616,15,29.703125,1404.5
1780761360.6303616,15,32.578125,1131.25
1780761360.6303616,15,36.859375,1006.0
1780761360.6303616,15,41.0,923.0
1780761360.6303616,15,43.765625,879.5
1780761360.6303616,15,49.109375,847.25
1780761360.6303616,15,55.34375,1186.25
1780761360.6303616,11,56.671875,1165.5
1780761360.6303616,15,58.0625,1152.0
1780761360.6303616,15,64.453125,1511.75
1780761360.6303616,15,65.8125,1477.25
1780761360.6303616,15,69.78125,1465.25
1780761360.6303616,15,71.171875,1462.5
1780761360.6303616,15,72.484375,1448.75
1780761360.6303616,15,73.859375,1426.5
1780761360.6303616,15,79.1875,1399.5
1780761360.6303616,15,80.578125,1387.5
1780761360.6303616,15,81.890625,1397.0
1780761360.6303616,15,84.609375,1394.25
1780761360.6303616,15,85.953125,1380.0
1780761360.6303616,15,87.296875,1378.25
1780761360.6303616,15,88.640625,1377.75
1780761360.6303616,15,89.984375,1377.75
1780761360.6303616,10,91.296875,1376.75
1780761360.6303616,8,92.625,1376.75
1780761360.6303616,15,93.984375,1377.75
1780761360.6303616,15,95.28125,1378.0
1780761360.6303616,15,96.609375,1378.5
1780761360.6303616,15,97.9375,1379.25
1780761360.6303616,15,99.296875,1381.5
1780761360.6303616,15,100.625,1384.25
1780761360.6303616,15,102.015625,1386.5
1780761360.6303616,15,103.28125,1389.25
1780761360.6303616,15,104.609375,1400.5
1780761360.6303616,15,105.984375,1411.0
1780761360.6303616,7,107.296875,1418.25
1780761360.6303616,15,108.65625,1426.5
1780761360.6303616,15,109.9375,1442.0
1780761360.6303616,15,111.328125,1457.25
1780761360.6303616,15,115.390625,633.75
1780761360.6303616,15,116.625,619.75
1780761360.6303616,15,117.953125,608.0
1780761360.6303616,15,119.328125,606.0
1780761360.6303616,15,120.59375,618.5
1780761360.6303616,15,133.859375,1582.5
1780761360.6303616,15,135.21875,1605.25
1780761360.6303616,15,157.828125,1771.75
1780761360.6303616,15,163.0625,2020.75
1780761360.6303616,15,164.390625,1999.25
1780761360.6303616,15,165.734375,1999.25
1780761360.6303616,15,171.3125,1607.0
1780761360.6303616,15,172.640625,1621.0
1780761360.6303616,15,173.96875,1618.0
1780761360.6303616,15,175.3125,1610.5
1780761360.6303616,10,176.59375,1610.0
1780761360.6303616,11,178.0,1603.75
1780761360.6303616,15,179.34375,1600.75
1780761360.6303616,15,180.71875,1604.5
1780761360.6303616,15,182.015625,1601.75
1780761360.6303616,15,183.375,1596.5
1780761360.6303616,15,184.75,1596.0
1780761360.6303616,15,186.109375,1594.0
1780761360.6303616,15,187.4375,1597.5
1780761360.6303616,15,188.765625,1603.0
1780761360.6303616,15,190.125,1603.0
1780761360.6303616,15,191.453125,1587.25
1780761360.6303616,15,192.78125,1590.75
1780761360.6303616,15,194.078125,1626.0
1780761360.6303616,14,195.4375,1651.5
1780761360.6303616,15,211.53125,1437.5
1780761360.6303616,15,217.046875,1255.25
1780761360.6303616,15,218.4375,1225.0
1780761360.6303616,9,219.84375,1189.75
1780761360.6303616,15,221.171875,1158.5
1780761360.6303616,15,222.59375,1132.0
1780761360.6303616,15,226.734375,1040.0
1780761360.6303616,15,229.921875,769.0
1780761360.6303616,15,231.171875,755.75
1780761360.6303616,15,232.5,743.0
1780761360.6303616,15,233.875,730.0
1780761360.6303616,15,235.25,718.0
1780761360.6303616,15,236.625,706.25
1780761360.6303616,15,238.109375,694.5
1780761360.6303616,15,239.5,683.25
1780761360.6303616,15,240.71875,673.5
1780761360.6303616,15,242.109375,664.75
1780761360.6303616,15,243.46875,656.0
1780761360.6303616,15,252.546875,794.5
1780761360.6303616,15,253.90625,788.25
1780761360.6303616,15,255.3125,783.75
1780761360.6303616,15,256.53125,778.25
1780761360.6303616,15,257.84375,773.75
1780761360.6303616,15,259.328125,770.25
1780761360.6303616,15,260.5625,766.75
1780761360.6303616,15,262.015625,763.25
1780761360.6303616,15,263.265625,761.25
1780761360.6303616,15,264.65625,759.75
1780761360.6303616,15,266.046875,756.75
1780761360.6303616,15,267.359375,754.0
1780761360.6303616,15,268.609375,753.75
1780761360.6303616,15,270.0,754.0
1780761360.6303616,15,271.390625,753.5
1780761360.6303616,15,272.75,753.75
1780761360.6303616,15,274.0625,754.75
1780761360.6303616,15,275.375,755.5
1780761360.6303616,15,276.5625,756.5
1780761360.6303616,15,277.90625,758.75
1780761360.6303616,15,279.1875,761.5
1780761360.6303616,15,280.5,763.5
1780761360.6303616,15,281.8125,766.5
1780761360.6303616,15,283.125,770.25
1780761360.6303616,15,284.59375,774.75
1780761360.6303616,15,288.984375,618.0
1780761360.6303616,15,290.359375,623.5
1780761360.6303616,15,291.515625,629.25
1780761360.6303616,15,292.875,635.0
1780761360.6303616,15,294.171875,641.5
1780761360.6303616,15,295.625,648.5
1780761360.6303616,15,296.90625,656.0
1780761360.6303616,15,298.1875,665.0
1780761360.6303616,15,299.46875,674.5
1780761360.6303616,15,304.3125,900.5
1780761360.6303616,15,305.671875,913.5
1780761360.6303616,15,306.890625,925.25
1780761360.6303616,14,308.25,941.25
1780761360.6303616,15,309.546875,958.5
1780761360.6303616,4,316.984375,1550.0
1780761360.6303616,15,318.34375,1511.25
1780761360.6303616,15,321.078125,1434.75
1780761360.6303616,15,322.40625,1418.25
1780761360.6303616,7,323.796875,1394.0
1780761360.6303616,15,325.171875,1369.5
1780761360.6303616,15,326.53125,1352.5
1780761360.6303616,15,327.859375,1338.25
1780761360.6303616,15,333.15625,1442.25
1780761360.6303616,15,334.484375,1449.75
1780761360.6303616,15,335.84375,1434.5
1780761360.6303616,15,341.1875,1471.75
1780761360.6303616,15,342.46875,1458.75
1780761360.6303616,15,343.875,1457.25
1780761360.6303616,15,345.15625,1449.0
1780761360.6303616,15,346.5,1434.5
1780761360.6303616,6,347.96875,1426.25
1780761360.6303616,15,349.25,1418.0
1780761360.7676094,15,352.28125,1112.75
1780761360.7676094,15,353.53125,1107.75
1780761360.7676094,15,354.921875,1101.25
1780761360.7676094,15,356.234375,1094.5
1780761360.7676094,15,357.578125,1094.0
1780761360.7676094,15,359.0,1100.5
1780761360.7676094,4,0.296875,1103.0
1780761360.7676094,15,2.9375,1095.5
1780761360.7676094,15,4.359375,1093.0
1780761360.7676094,15,5.6875,1094.25
1780761360.7676094,15,6.984375,1101.25
1780761360.7676094,15,8.34375,1108.0
1780761360.7676094,15,9.65625,1108.25
1780761360.7676094,15,14.734375,1419.75
1780761360.7676094,15,16.0625,1434.25
1780761360.7676094,15,17.375,1458.0
1780761360.7676094,15,28.171875,1440.25
1780761360.7676094,15,29.46875,1443.0
1780761360.7676094,15,32.421875,1131.5
1780761360.7676094,15,36.6875,1010.5
1780761360.7676094,15,39.375,949.75
1780761360.7676094,15,40.796875,926.25
1780761360.7676094,15,42.140625,908.0
1780761360.7676094,15,46.171875,887.5
1780761360.7676094,15,53.8125,1208.75
1780761360.7676094,15,55.171875,1186.25
1780761360.7676094,15,56.546875,1174.0
1780761360.7676094,5,63.046875,1549.5
1780761360.7676094,15,64.421875,1510.75
1780761360.7676094,15,68.421875,1484.75
1780761360.7676094,15,69.78125,1468.25
1780761360.7676094,15,72.53125,1450.25
1780761360.7676094,15,75.234375,1432.5
1780761360.7676094,15,76.53125,1417.25
1780761360.7676094,15,77.890625,1410.0
1780761360.7676094,15,79.234375,1409.25
1780761360.7676094,6,81.921875,1407.75
1780761360.7676094,15,83.265625,1393.0
1780761360.7676094,15,84.625,1380.25
1780761360.7676094,15,85.984375,1379.5
1780761360.7676094,15,87.3125,1378.0
1780761360.7676094,15,88.625,1377.75
1780761360.7676094,10,89.953125,1377.25
1780761360.7676094,9,91.296875,1376.5
1780761360.7676094,15,92.6875,1376.5
1780761360.7676094,9,93.984375,1377.5
1780761360.7676094,15,95.375,1377.75
1780761360.7676094,15,96.65625,1378.25
1780761360.7676094,15,98.03125,1380.0
1780761360.7676094,15,99.375,1381.5
1780761360.7676094,15,100.703125,1383.5
1780761360.7676094,15,102.078125,1386.25
1780761360.7676094,15,103.375,1398.75
1780761360.7676094,15,104.71875,1410.0
1780761360.7676094,15,106.03125,1410.75
1780761360.7676094,15,107.34375,1411.75
1780761360.7676094,15,112.625,614.75
1780761360.7676094,15,114.03125,601.0
1780761360.7676094,15,115.578125,589.5
1780761360.7676094,15,116.890625,591.5
1780761360.7676094,15,118.078125,606.25
1780761360.7676094,15,132.671875,1567.5
1780761360.7676094,15,133.953125,1583.25
1780761360.7676094,15,163.296875,1999.25
1780761360.7676094,12,170.234375,1588.0
1780761360.7676094,15,171.5625,1571.0
1780761360.7676094,15,172.953125,1568.5
1780761360.7676094,15,174.21875,1576.75
1780761360.7676094,15,175.5625,1585.25
1780761360.7676094,15,176.984375,1569.5
1780761360.7676094,15,178.296875,1559.75
1780761360.7676094,15,179.609375,1556.0
1780761360.7676094,15,180.90625,1556.5
1780761360.7676094,15,182.296875,1554.75
1780761360.7676094,15,183.578125,1558.25
1780761360.7676094,15,184.9375,1562.25
1780761360.7676094,15,186.265625,1564.0
1780761360.7676094,15,187.65625,1566.75
1780761360.7676094,15,188.953125,1565.5
1780761360.7676094,15,190.296875,1568.75
1780761360.7676094,15,191.625,1555.5
1780761360.7676094,15,192.953125,1555.5
1780761360.7676094,15,194.28125,1585.0
1780761360.7676094,15,195.59375,1615.75
1780761360.7676094,15,206.28125,1841.0
1780761360.7676094,15,211.828125,1434.75
1780761360.7676094,15,214.59375,1321.0
1780761360.7676094,15,217.390625,1249.5
1780761360.7676094,8,221.46875,1151.25
1780761360.7676094,15,224.296875,1094.25
1780761360.7676094,15,227.0,1034.0
1780761360.7676094,9,228.484375,1015.25
1780761360.7676094,15,231.609375,748.25
1780761360.7676094,15,232.953125,738.75
1780761360.7676094,15,234.375,726.0
1780761360.7676094,15,235.703125,715.25
1780761360.7676094,15,237.0625,703.25
1780761360.7676094,15,238.546875,692.0
1780761360.7676094,15,239.796875,681.0
1780761360.7676094,15,241.3125,671.0
1780761360.7676094,15,242.59375,662.25
1780761360.7676094,15,244.109375,653.5
1780761360.7676094,15,245.484375,644.75
1780761360.7676094,15,246.8125,637.75
1780761360.7676094,15,254.375,787.75
1780761360.7676094,15,255.734375,783.0
1780761360.7676094,15,256.984375,778.25
1780761360.7676094,15,258.390625,774.0
1780761360.7676094,15,259.6875,770.0
1780761360.7676094,15,261.0625,767.25
1780761360.7676094,15,262.375,764.75
1780761360.7676094,15,263.703125,760.5
1780761360.7676094,15,265.1875,758.0
1780761360.7676094,15,266.421875,756.25
1780761360.7676094,15,267.8125,755.75
1780761360.7676094,15,269.078125,755.0
1780761360.7676094,15,270.5,753.0
1780761360.7676094,15,271.796875,753.0
1780761360.7676094,15,273.203125,754.25
1780761360.7676094,15,274.453125,755.5
1780761360.7676094,15,275.796875,756.25
1780761360.7676094,15,277.0625,758.25
1780761360.7676094,15,278.390625,761.0
1780761360.7676094,15,279.6875,763.25
1780761360.7676094,15,281.078125,766.0
1780761360.7676094,15,282.375,769.0
1780761360.7676094,15,283.640625,772.25
1780761360.7676094,15,285.0625,777.0
1780761360.7676094,15,286.390625,781.75
1780761360.7676094,15,287.625,786.5
1780761360.7676094,15,292.1875,632.0
1780761360.7676094,15,293.375,638.0
1780761360.7676094,15,294.8125,644.0
1780761360.7676094,15,296.015625,651.25
1780761360.7676094,15,297.3125,658.25
1780761360.7676094,15,298.765625,666.25
1780761360.7676094,15,299.953125,675.5
1780761360.7676094,15,301.34375,686.0
1780761360.7676094,15,302.609375,697.75
1780761360.7676094,15,304.953125,905.25
1780761360.7676094,15,306.25,918.0
1780761360.7676094,15,307.59375,932.0
1780761360.7676094,15,308.90625,946.75
1780761360.7676094,15,310.140625,963.25
1780761360.7676094,15,314.140625,983.5
1780761360.7676094,15,319.03125,1550.75
1780761360.7676094,15,321.75,1450.75
1780761360.7676094,15,323.171875,1443.25
1780761360.7676094,15,324.515625,1419.0
1780761360.7676094,15,325.875,1409.25
1780761360.7676094,7,327.265625,1390.0
1780761360.7676094,15,328.5625,1365.75
1780761360.7676094,15,329.96875,1350.5
1780761360.7676094,15,332.578125,1407.5
1780761360.7676094,15,336.546875,1470.0
1780761360.7676094,15,340.53125,1540.0
1780761360.7676094,8,341.90625,1529.75
1780761360.7676094,15,343.28125,1508.5
1780761360.7676094,15,344.609375,1485.5
1780761360.7676094,15,345.984375,1480.0
1780761360.7676094,15,347.28125,1472.75
1780761360.7676094,15,348.578125,1463.0
1780761360.7676094,15,349.96875,1457.75
1780761360.905378,15,352.90625,1141.75
1780761360.905378,9,354.3125,1136.75
1780761360.905378,15,355.578125,1135.75
1780761360.905378,10,356.96875,1135.5
1780761360.905378,15,358.234375,1135.5
1780761360.905378,15,0.9375,1139.5
1780761360.905378,15,2.28125,1141.75
1780761360.905378,15,3.6875,1137.5
1780761360.905378,8,4.953125,1136.0
1780761360.905378,15,6.34375,1136.75
1780761360.905378,15,7.609375,1141.0
1780761360.905378,15,9.03125,1145.25
1780761360.905378,15,13.96875,1458.25
1780761360.905378,15,15.28125,1466.5
1780761360.905378,15,16.625,1483.5
1780761360.905378,15,17.984375,1511.5
1780761360.905378,15,27.328125,1456.5
1780761360.905378,15,28.6875,1468.5
1780761360.905378,9,35.90625,1031.5
1780761360.905378,10,38.609375,964.0
1780761360.905378,15,40.0,937.25
1780761360.905378,15,45.390625,901.75
1780761360.905378,15,51.6875,1243.5
1780761360.905378,15,52.96875,1225.25
1780761360.905378,15,54.390625,1198.0
1780761360.905378,5,62.21875,1530.75
1780761360.905378,7,63.5625,1529.25
1780761360.905378,15,71.640625,1442.5
1780761360.905378,15,73.03125,1434.75
1780761360.905378,7,74.390625,1419.5
1780761360.905378,15,75.6875,1411.0
1780761360.905378,15,77.03125,1410.25
1780761360.905378,4,79.71875,1409.25
1780761360.905378,15,81.0625,1396.25
1780761360.905378,15,82.40625,1383.5
1780761360.905378,15,83.78125,1381.0
1780761360.905378,15,85.078125,1378.75
1780761360.905378,15,86.46875,1378.25
1780761360.905378,10,87.75,1377.5
1780761360.905378,11,89.140625,1377.0
1780761360.905378,15,90.5,1377.0
1780761360.905378,15,91.765625,1377.25
1780761360.905378,9,93.15625,1377.25
1780761360.905378,15,94.515625,1377.25
1780761360.905378,15,95.796875,1378.0
1780761360.905378,15,97.125,1378.75
1780761360.905378,15,98.53125,1380.25
1780761360.905378,15,99.84375,1381.75
1780761360.905378,15,101.15625,1383.75
1780761360.905378,15,102.46875,1396.75
1780761360.905378,15,103.84375,1409.25
1780761360.905378,15,105.15625,1410.0
1780761360.905378,15,109.21875,603.25
1780761360.905378,15,110.671875,588.5
1780761360.905378,15,111.96875,575.0
1780761360.905378,15,113.3125,575.25
1780761360.905378,15,114.5,588.25
1780761360.905378,15,115.78125,602.5
1780761360.905378,15,121.125,1580.25
1780761360.905378,15,122.453125,1592.5
1780761360.905378,15,129.1875,1541.75
1780761360.905378,4,130.46875,1533.5
1780761360.905378,15,131.796875,1537.5
1780761360.905378,15,133.15625,1561.75
1780761360.905378,15,170.65625,1530.0
1780761360.905378,15,171.984375,1537.25
1780761360.905378,15,173.359375,1546.0
1780761360.905378,15,174.640625,1538.25
1780761360.905378,15,176.03125,1520.5
1780761360.905378,15,177.375,1526.0
1780761360.905378,15,178.703125,1530.25
1780761360.905378,15,180.0625,1524.5
1780761360.905378,15,181.421875,1529.75
1780761360.905378,15,182.765625,1530.25
1780761360.905378,15,184.046875,1525.25
1780761360.905378,15,185.421875,1528.25
1780761360.905378,15,186.734375,1527.5
1780761360.905378,15,188.109375,1528.25
1780761360.905378,15,189.421875,1529.75
1780761360.905378,15,190.765625,1535.25
1780761360.905378,15,194.71875,1558.5
1780761360.905378,15,196.109375,1585.25
1780761360.905378,15,206.71875,1802.5
1780761360.905378,15,210.96875,1435.75
1780761360.905378,15,212.359375,1425.75
1780761360.905378,15,215.0625,1320.0
1780761360.905378,15,217.859375,1242.75
1780761360.905378,15,220.5625,1177.0
1780761360.905378,15,221.96875,1149.75
1780761360.905378,15,224.6875,1082.25
1780761360.905378,15,226.09375,1055.75
1780761360.905378,15,227.5,1030.0
1780761360.905378,14,228.890625,1011.0
1780761360.905378,15,230.3125,992.25
1780761360.905378,15,231.625,973.25
1780761360.905378,15,234.8125,721.75
1780761360.905378,15,236.203125,709.0
1780761360.905378,15,237.59375,697.75
1780761360.905378,15,238.984375,686.75
1780761360.905378,15,240.28125,676.25
1780761360.905378,15,241.828125,667.5
1780761360.905378,15,243.0625,658.75
1780761360.905378,15,244.421875,649.75
1780761360.905378,15,245.828125,641.5
1780761360.905378,15,247.203125,635.75
1780761360.905378,15,248.71875,628.75
1780761360.905378,15,249.96875,621.25
1780761360.905378,15,257.484375,776.0
1780761360.905378,15,258.796875,771.75
1780761360.905378,15,260.1875,768.0
1780761360.905378,15,261.5,765.5
1780761360.905378,15,262.859375,763.0
1780761360.905378,15,264.25,759.5
1780761360.905378,15,265.515625,758.25
1780761360.905378,15,266.875,756.75
1780761360.905378,15,268.265625,754.5
1780761360.905378,15,269.5,753.75
1780761360.905378,15,270.90625,753.25
1780761360.905378,15,272.265625,753.0
1780761360.905378,15,273.65625,753.25
1780761360.905378,15,274.90625,755.0
1780761360.905378,15,276.09375,756.75
1780761360.905378,15,277.484375,757.0
1780761360.905378,15,278.765625,759.75
1780761360.905378,15,280.09375,763.75
1780761360.905378,15,281.46875,766.75
1780761360.905378,15,282.765625,768.75
1780761360.905378,15,284.078125,772.5
1780761360.905378,15,285.296875,778.5
1780761360.905378,15,286.703125,783.0
1780761360.905378,15,288.015625,787.25
1780761360.905378,15,289.34375,793.75
1780761360.905378,15,290.5625,800.5
1780761360.905378,15,295.109375,649.5
1780761360.905378,15,296.328125,652.5
1780761360.905378,15,297.640625,661.0
1780761360.905378,15,298.984375,670.0
1780761360.905378,15,300.3125,677.5
1780761360.905378,15,301.71875,687.75
1780761360.905378,15,302.890625,699.25
1780761360.905378,15,304.34375,710.75
1780761360.905378,15,305.515625,726.0
1780761360.905378,15,307.71875,934.5
1780761360.905378,15,309.125,949.75
1780761360.905378,15,310.4375,966.25
1780761360.905378,15,311.765625,983.0
1780761360.905378,9,313.0625,1001.25
1780761360.905378,15,314.265625,1019.5
1780761360.905378,15,315.6875,1024.25
1780761360.905378,15,320.515625,1551.25
1780761360.905378,15,321.890625,1529.75
1780761360.905378,15,324.6875,1459.0
1780761360.905378,15,326.015625,1435.0
1780761360.905378,15,327.375,1418.5
1780761360.905378,15,328.671875,1408.75
1780761360.905378,7,330.109375,1391.0
1780761360.905378,15,336.703125,1509.5
1780761360.905378,15,340.625,1570.0
1780761360.905378,15,342.015625,1549.25
1780761360.905378,15,343.328125,1547.75
1780761360.905378,15,344.65625,1539.0
1780761360.905378,7,346.046875,1530.0
1780761360.905378,8,347.34375,1513.5
1780761360.905378,15,348.71875,1492.75
1780761360.905378,15,349.984375,1485.75
1780761361.0426805,15,352.90625,1179.5
1780761361.0426805,15,354.265625,1171.5
1780761361.0426805,11,355.671875,1170.0
1780761361.0426805,11,356.96875,1168.5
1780761361.0426805,10,358.3125,1163.0
1780761361.0426805,15,359.671875,1162.25
1780761361.0426805,15,0.984375,1165.25
1780761361.0426805,10,2.28125,1157.5
1780761361.0426805,10,3.609375,1158.0
1780761361.0426805,10,4.984375,1163.0
1780761361.0426805,11,6.3125,1165.75
1780761361.0426805,15,7.640625,1171.75
1780761361.0426805,15,9.03125,1172.75
1780761361.0426805,8,13.984375,1509.25
1780761361.0426805,15,15.296875,1529.5
1780761361.0426805,15,16.625,1539.5
1780761361.0426805,9,27.34375,1504.0
1780761361.0426805,7,31.6875,1160.0
1780761361.0426805,7,35.9375,1024.5
1780761361.0426805,15,48.96875,1255.0
1780761361.0426805,7,50.28125,1256.5
1780761361.0426805,15,51.671875,1235.25
1780761361.0426805,15,53.03125,1217.0
1780761361.0426805,15,60.84375,1551.25
1780761361.0426805,7,62.125,1530.75
1780761361.0426805,15,70.21875,1466.5
1780761361.0426805,15,71.5625,1457.5
1780761361.0426805,15,72.875,1448.75
1780761361.0426805,15,74.296875,1425.25
1780761361.0426805,15,75.625,1410.25
1780761361.0426805,15,78.296875,1410.25
1780761361.0426805,15,79.59375,1408.75
1780761361.0426805,15,80.984375,1396.5
1780761361.0426805,15,82.359375,1383.5
1780761361.0426805,15,83.640625,1380.75
1780761361.0426805,15,85.03125,1379.0
1780761361.0426805,15,86.390625,1378.25
1780761361.0426805,15,87.71875,1377.75
1780761361.0426805,15,89.03125,1377.25
1780761361.0426805,15,90.390625,1377.5
1780761361.0426805,8,91.71875,1377.5
1780761361.0426805,15,93.0625,1377.25
1780761361.0426805,15,94.40625,1377.75
1780761361.0426805,15,95.75,1377.75
1780761361.0426805,15,97.015625,1378.5
1780761361.0426805,15,98.375,1380.0
1780761361.0426805,15,99.71875,1381.75
1780761361.0426805,15,101.078125,1383.75
1780761361.0426805,15,105.234375,602.0
1780761361.0426805,15,106.609375,584.25
1780761361.0426805,15,108.0,567.5
1780761361.0426805,15,109.3125,560.25
1780761361.0426805,15,110.625,567.5
1780761361.0426805,15,111.953125,580.25
1780761361.0426805,15,113.140625,594.0
1780761361.0426805,15,114.5,609.5
1780761361.0426805,15,118.328125,1548.0
1780761361.0426805,15,119.65625,1551.25
1780761361.0426805,15,121.03125,1571.5
1780761361.0426805,15,127.765625,1469.0
1780761361.0426805,15,170.515625,1497.75
1780761361.0426805,15,171.84375,1511.5
1780761361.0426805,15,173.140625,1515.5
1780761361.0426805,15,174.515625,1494.0
1780761361.0426805,11,175.84375,1480.0
1780761361.0426805,15,177.21875,1491.75
1780761361.0426805,15,178.53125,1496.75
1780761361.0426805,15,179.875,1497.0
1780761361.0426805,15,181.21875,1492.75
1780761361.0426805,15,182.5625,1487.25
1780761361.0426805,15,183.859375,1492.25
1780761361.0426805,15,185.203125,1493.75
1780761361.0426805,15,186.5625,1494.0
1780761361.0426805,15,187.859375,1496.75
1780761361.0426805,15,189.21875,1491.75
1780761361.0426805,15,190.53125,1493.0
1780761361.0426805,15,191.859375,1505.75
1780761361.0426805,15,193.1875,1506.0
1780761361.0426805,15,194.53125,1508.25
1780761361.0426805,15,195.875,1533.75
1780761361.0426805,15,211.9375,1425.75
1780761361.0426805,15,214.703125,1320.75
1780761361.0426805,15,217.5,1243.75
1780761361.0426805,15,218.84375,1214.0
1780761361.0426805,15,222.921875,1113.75
1780761361.0426805,15,225.6875,1058.75
1780761361.0426805,15,227.125,1033.75
1780761361.0426805,10,228.453125,1015.0
1780761361.0426805,15,229.890625,996.5
1780761361.0426805,15,231.234375,978.25
1780761361.0426805,15,232.5625,961.0
1780761361.0426805,15,233.90625,944.5
1780761361.0426805,15,237.1875,702.25
1780761361.0426805,15,238.5625,688.25
1780761361.0426805,15,239.875,677.5
1780761361.0426805,15,241.375,668.25
1780761361.0426805,15,242.640625,660.5
1780761361.0426805,15,243.96875,652.75
1780761361.0426805,15,245.3125,644.25
1780761361.0426805,15,246.75,637.5
1780761361.0426805,15,248.15625,631.25
1780761361.0426805,15,249.59375,624.0
1780761361.0426805,15,250.90625,617.5
1780761361.0426805,15,252.125,612.25
1780761361.0426805,15,253.484375,607.25
1780761361.0426805,15,259.671875,770.0
1780761361.0426805,15,261.046875,767.0
1780761361.0426805,15,262.40625,764.5
1780761361.0426805,15,263.734375,761.25
1780761361.0426805,15,265.125,758.5
1780761361.0426805,15,266.390625,757.0
1780761361.0426805,15,267.734375,756.25
1780761361.0426805,15,269.09375,755.5
1780761361.0426805,15,270.484375,753.75
1780761361.0426805,15,271.78125,753.75
1780761361.0426805,15,273.0625,754.75
1780761361.0426805,15,274.484375,755.5
1780761361.0426805,15,275.703125,757.5
1780761361.0426805,15,276.984375,760.0
1780761361.0426805,15,278.4375,761.75
1780761361.0426805,15,279.609375,763.25
1780761361.0426805,15,281.109375,765.75
1780761361.0426805,15,282.328125,769.0
1780761361.0426805,15,283.65625,773.25
1780761361.0426805,15,284.984375,777.75
1780761361.0426805,15,286.28125,781.75
1780761361.0426805,15,287.578125,786.25
1780761361.0426805,15,288.984375,792.5
1780761361.0426805,15,290.234375,799.25
1780761361.0426805,15,291.5625,806.0
1780761361.0426805,15,292.921875,812.25
1780761361.0426805,15,294.234375,820.75
1780761361.0426805,15,298.5625,666.75
1780761361.0426805,15,299.90625,676.0
1780761361.0426805,15,301.3125,686.25
1780761361.0426805,15,302.75,697.25
1780761361.0426805,15,304.015625,707.25
1780761361.0426805,15,305.21875,718.0
1780761361.0426805,15,306.515625,731.25
1780761361.0426805,15,307.90625,748.25
1780761361.0426805,15,310.109375,963.25
1780761361.0426805,15,311.484375,981.25
1780761361.0426805,15,312.75,999.25
1780761361.0426805,15,314.078125,1017.25
1780761361.0426805,15,321.578125,1580.25
1780761361.0426805,15,322.984375,1550.75
1780761361.0426805,15,325.671875,1464.0
1780761361.0426805,15,328.421875,1427.25
1780761361.0426805,15,329.78125,1419.0
1780761361.0426805,15,331.109375,1399.5
1780761361.0426805,15,332.40625,1407.75
1780761361.0426805,15,337.75,1540.75
1780761361.0426805,15,340.34375,1603.75
1780761361.0426805,15,341.703125,1602.75
1780761361.0426805,15,343.078125,1589.0
1780761361.0426805,15,344.40625,1579.5
1780761361.0426805,6,345.734375,1569.0
1780761361.0426805,5,347.125,1558.25
1780761361.0426805,4,348.484375,1549.5
1780761361.0426805,15,349.8125,1548.75
1780761361.1803923,15,352.734375,1220.0
1780761361.1803923,15,354.078125,1208.75
1780761361.1803923,15,355.375,1207.75
1780761361.1803923,15,356.78125,1207.25
1780761361.1803923,15,358.0625,1207.0
1780761361.1803923,15,0.8125,1202.5
1780761361.1803923,15,2.140625,1197.25
1780761361.1803923,15,3.421875,1202.0
1780761361.1803923,15,4.765625,1207.25
1780761361.1803923,5,6.109375,1207.75
1780761361.1803923,15,7.546875,1204.5
1780761361.1803923,5,8.828125,1204.75
1780761361.1803923,15,10.140625,1209.0
1780761361.1803923,15,15.1875,1549.5
1780761361.1803923,15,16.5,1569.5
1780761361.1803923,15,31.609375,1160.0
1780761361.1803923,15,41.34375,929.25
1780761361.1803923,15,42.65625,942.5
1780761361.1803923,6,50.328125,1250.75
1780761361.1803923,15,51.65625,1243.25
1780761361.1803923,15,59.453125,1570.75
1780761361.1803923,15,60.859375,1551.0
1780761361.1803923,8,66.203125,1530.0
1780761361.1803923,15,67.578125,1507.25
1780761361.1803923,15,68.9375,1480.5
1780761361.1803923,15,70.3125,1466.75
1780761361.1803923,15,71.625,1457.25
1780761361.1803923,15,72.953125,1441.75
1780761361.1803923,15,75.640625,1425.5
1780761361.1803923,15,77.03125,1417.0
1780761361.1803923,15,78.328125,1409.5
1780761361.1803923,15,79.703125,1408.5
1780761361.1803923,15,81.03125,1396.25
1780761361.1803923,15,82.390625,1383.0
1780761361.1803923,15,83.609375,1380.5
1780761361.1803923,15,84.953125,1379.0
1780761361.1803923,15,86.34375,1378.0
1780761361.1803923,15,87.6875,1377.5
1780761361.1803923,15,89.015625,1377.25
1780761361.1803923,10,90.28125,1377.25
1780761361.1803923,15,91.6875,1377.5
1780761361.1803923,15,92.984375,1377.5
1780761361.1803923,15,94.3125,1377.75
1780761361.1803923,15,95.6875,1377.75
1780761361.1803923,15,97.015625,1378.25
1780761361.1803923,15,98.359375,1379.75
1780761361.1803923,15,105.421875,551.0
1780761361.1803923,15,106.65625,553.0
1780761361.1803923,15,107.828125,563.5
1780761361.1803923,15,109.21875,576.25
1780761361.1803923,15,110.5,589.25
1780761361.1803923,15,111.609375,603.5
1780761361.1803923,15,115.609375,1510.75
1780761361.1803923,15,117.0,1529.75
1780761361.1803923,15,118.296875,1539.75
1780761361.1803923,15,119.609375,1551.25
1780761361.1803923,15,126.390625,1444.75
1780761361.1803923,15,127.734375,1448.25
1780761361.1803923,15,129.0625,1441.75
1780761361.1803923,15,130.40625,1446.5
1780761361.1803923,15,142.921875,946.25
1780761361.1803923,15,155.65625,1639.5
1780761361.1803923,15,157.0,1629.25
1780761361.1803923,15,163.59375,1846.75
1780761361.1803923,15,164.90625,1846.25
1780761361.1803923,15,169.109375,1476.75
1780761361.1803923,15,170.4375,1479.75
1780761361.1803923,15,171.828125,1477.5
1780761361.1803923,15,173.140625,1474.25
1780761361.1803923,15,174.453125,1474.25
1780761361.1803923,15,175.796875,1452.75
1780761361.1803923,15,177.125,1448.25
1780761361.1803923,15,178.4375,1455.5
1780761361.1803923,15,179.921875,1449.0
1780761361.1803923,15,181.296875,1450.5
1780761361.1803923,15,182.625,1452.5
1780761361.1803923,15,183.96875,1443.75
1780761361.1803923,15,185.328125,1445.5
1780761361.1803923,15,186.59375,1456.75
1780761361.1803923,15,187.953125,1462.25
1780761361.1803923,15,189.296875,1465.0
1780761361.1803923,15,190.640625,1465.25
1780761361.1803923,15,192.015625,1469.0
1780761361.1803923,15,193.3125,1464.0
1780761361.1803923,15,194.65625,1465.25
1780761361.1803923,15,196.015625,1494.75
1780761361.1803923,15,197.28125,1533.0
1780761361.1803923,15,214.890625,1333.0
1780761361.1803923,15,217.671875,1243.25
1780761361.1803923,15,221.765625,1139.5
1780761361.1803923,15,224.578125,1082.25
1780761361.1803923,15,226.015625,1056.0
1780761361.1803923,15,227.296875,1032.0
1780761361.1803923,15,228.671875,1013.0
1780761361.1803923,15,230.078125,993.25
1780761361.1803923,15,231.375,975.75
1780761361.1803923,15,232.8125,958.75
1780761361.1803923,15,234.078125,942.5
1780761361.1803923,15,235.515625,927.25
1780761361.1803923,15,238.734375,681.75
1780761361.1803923,15,240.15625,677.25
1780761361.1803923,15,241.5,667.75
1780761361.1803923,15,242.8125,659.25
1780761361.1803923,15,244.109375,650.5
1780761361.1803923,15,245.453125,643.0
1780761361.1803923,15,246.859375,636.75
1780761361.1803923,15,248.21875,630.25
1780761361.1803923,15,249.640625,623.0
1780761361.1803923,15,251.078125,616.75
1780761361.1803923,15,252.484375,612.25
1780761361.1803923,15,253.6875,607.75
1780761361.1803923,15,255.0625,603.5
1780761361.1803923,15,256.46875,599.5
1780761361.1803923,15,262.484375,764.0
1780761361.1803923,15,263.84375,762.0
1780761361.1803923,15,265.265625,760.75
1780761361.1803923,15,266.515625,757.5
1780761361.1803923,15,267.796875,755.25
1780761361.1803923,15,269.21875,754.5
1780761361.1803923,15,270.53125,753.5
1780761361.1803923,15,271.90625,753.5
1780761361.1803923,15,273.25,754.5
1780761361.1803923,15,274.578125,755.5
1780761361.1803923,15,275.890625,756.5
1780761361.1803923,15,277.25,758.25
1780761361.1803923,15,278.5625,761.0
1780761361.1803923,15,279.875,763.5
1780761361.1803923,15,281.1875,767.0
1780761361.1803923,15,282.546875,770.75
1780761361.1803923,15,283.90625,773.5
1780761361.1803923,15,285.21875,778.0
1780761361.1803923,15,286.5,783.25
1780761361.1803923,15,287.8125,787.75
1780761361.1803923,15,289.078125,793.25
1780761361.1803923,15,290.359375,799.5
1780761361.1803923,15,291.671875,807.25
1780761361.1803923,15,293.03125,814.0
1780761361.1803923,15,294.359375,821.0
1780761361.1803923,15,295.734375,830.75
1780761361.1803923,15,300.171875,691.25
1780761361.1803923,15,301.515625,688.25
1780761361.1803923,15,302.890625,698.75
1780761361.1803923,15,304.109375,709.25
1780761361.1803923,15,305.546875,719.75
1780761361.1803923,15,306.71875,730.5
1780761361.1803923,15,308.09375,743.75
1780761361.1803923,15,309.296875,758.5
1780761361.1803923,15,311.578125,980.25
1780761361.1803923,10,312.96875,1002.25
1780761361.1803923,15,314.234375,1019.5
1780761361.1803923,15,315.53125,1038.75
1780761361.1803923,15,323.140625,1590.75
1780761361.1803923,15,324.53125,1560.0
1780761361.1803923,15,325.84375,1539.75
1780761361.1803923,15,328.53125,1459.0
1780761361.1803923,15,329.90625,1458.5
1780761361.1803923,15,331.296875,1434.75
1780761361.1803923,15,332.640625,1427.25
1780761361.1803923,15,333.953125,1438.75
1780761361.1803923,7,337.90625,1571.0
1780761361.1803923,15,340.515625,1650.25
1780761361.1803923,15,343.21875,1605.75
1780761361.1803923,15,344.59375,1600.25
1780761361.1803923,15,345.96875,1590.25
1780761361.1803923,15,347.265625,1589.25
1780761361.1803923,15,348.59375,1588.75
1780761361.1803923,15,349.921875,1579.5
1780761361.3184016,15,352.84375,1243.25
1780761361.3184016,15,354.203125,1236.5
1780761361.3184016,15,355.53125,1236.25
1780761361.3184016,15,356.875,1242.25
1780761361.3184016,15,358.171875,1242.25
1780761361.3184016,15,359.53125,1237.0
1780761361.3184016,15,2.203125,1236.75
1780761361.3184016,15,3.5625,1242.0
1780761361.3184016,15,4.90625,1235.0
1780761361.3184016,15,6.203125,1235.25
1780761361.3184016,15,7.578125,1242.75
1780761361.3184016,15,8.90625,1243.0
1780761361.3184016,15,15.359375,1589.5
1780761361.3184016,15,16.6875,1604.5
1780761361.3184016,15,26.125,1568.75
1780761361.3184016,15,29.015625,1249.5
1780761361.3184016,15,31.84375,1152.0
1780761361.3184016,15,47.6875,1326.25
1780761361.3184016,7,50.375,1250.75
1780761361.3184016,15,64.921875,1539.25
1780761361.3184016,8,66.234375,1529.5
1780761361.3184016,15,67.640625,1510.5
1780761361.3184016,15,69.0,1476.0
1780761361.3184016,15,70.296875,1459.0
1780761361.3184016,15,71.6875,1450.25
1780761361.3184016,15,74.328125,1433.25
1780761361.3184016,15,75.71875,1417.5
1780761361.3184016,15,77.015625,1410.5
1780761361.3184016,15,78.34375,1409.5
1780761361.3184016,15,79.6875,1408.5
1780761361.3184016,15,81.0625,1396.0
1780761361.3184016,15,82.40625,1382.5
1780761361.3184016,15,83.6875,1380.0
1780761361.3184016,15,85.0625,1378.75
1780761361.3184016,15,86.421875,1378.0
1780761361.3184016,15,87.71875,1377.25
1780761361.3184016,15,89.09375,1377.0
1780761361.3184016,8,90.375,1377.0
1780761361.3184016,9,91.734375,1377.0
1780761361.3184016,15,93.09375,1377.25
1780761361.3184016,15,94.4375,1377.5
1780761361.3184016,15,101.484375,543.75
1780761361.3184016,15,102.734375,545.75
1780761361.3184016,15,103.890625,553.5
1780761361.3184016,15,105.328125,563.25
1780761361.3184016,15,106.609375,576.0
1780761361.3184016,15,107.71875,589.0
1780761361.3184016,15,111.765625,1458.5
1780761361.3184016,15,113.125,1470.5
1780761361.3184016,9,114.40625,1486.75
1780761361.3184016,8,115.734375,1510.5
1780761361.3184016,15,117.0625,1538.25
1780761361.3184016,15,118.375,1548.5
1780761361.3184016,15,125.1875,1436.25
1780761361.3184016,15,126.515625,1443.0
1780761361.3184016,15,127.78125,1438.75
1780761361.3184016,15,129.15625,1439.25
1780761361.3184016,11,130.46875,1451.0
1780761361.3184016,15,141.71875,920.5
1780761361.3184016,15,154.390625,1619.75
1780761361.3184016,15,155.78125,1610.0
1780761361.3184016,15,159.640625,1843.25
1780761361.3184016,15,160.984375,1846.25
1780761361.3184016,15,162.296875,1832.5
1780761361.3184016,15,163.6875,1819.75
1780761361.3184016,15,169.203125,1437.75
1780761361.3184016,15,170.578125,1440.25
1780761361.3184016,15,171.859375,1451.5
1780761361.3184016,15,173.21875,1447.0
1780761361.3184016,15,174.609375,1434.25
1780761361.3184016,15,175.953125,1420.75
1780761361.3184016,15,177.234375,1417.0
1780761361.3184016,15,178.59375,1418.25
1780761361.3184016,15,180.03125,1404.25
1780761361.3184016,15,181.359375,1401.75
1780761361.3184016,15,182.703125,1419.0
1780761361.3184016,15,184.0,1417.5
1780761361.3184016,15,185.34375,1414.0
1780761361.3184016,15,186.671875,1422.75
1780761361.3184016,15,187.984375,1429.75
1780761361.3184016,15,189.40625,1427.75
1780761361.3184016,15,190.75,1425.0
1780761361.3184016,15,192.03125,1429.25
1780761361.3184016,15,193.40625,1435.0
1780761361.3184016,15,194.71875,1431.0
1780761361.3184016,15,197.359375,1487.75
1780761361.3184016,15,213.53125,1357.25
1780761361.3184016,15,214.859375,1333.0
1780761361.3184016,15,217.6875,1237.75
1780761361.3184016,15,221.8125,1139.25
1780761361.3184016,15,224.5625,1081.5
1780761361.3184016,15,225.953125,1055.25
1780761361.3184016,15,227.28125,1028.75
1780761361.3184016,15,228.703125,1009.75
1780761361.3184016,15,230.0,989.75
1780761361.3184016,15,231.40625,972.0
1780761361.3184016,15,232.765625,956.25
1780761361.3184016,15,234.0625,938.25
1780761361.3184016,15,235.421875,925.0
1780761361.3184016,15,236.8125,911.75
1780761361.3184016,15,238.203125,898.0
1780761361.3184016,15,241.46875,662.25
1780761361.3184016,15,242.84375,655.75
1780761361.3184016,15,244.296875,648.25
1780761361.3184016,15,245.5625,642.5
1780761361.3184016,15,246.796875,636.25
1780761361.3184016,15,248.234375,628.75
1780761361.3184016,15,249.765625,621.5
1780761361.3184016,15,250.96875,616.25
1780761361.3184016,15,252.34375,611.75
1780761361.3184016,15,253.640625,607.25
1780761361.3184016,15,255.1875,602.5
1780761361.3184016,15,256.484375,598.5
1780761361.3184016,15,257.78125,595.5
1780761361.3184016,15,259.203125,592.25
1780761361.3184016,15,260.421875,588.5
1780761361.3184016,15,266.65625,757.75
1780761361.3184016,15,267.890625,755.5
1780761361.3184016,15,269.3125,754.5
1780761361.3184016,15,270.65625,754.0
1780761361.3184016,15,271.953125,754.0
1780761361.3184016,15,273.28125,755.5
1780761361.3184016,15,274.59375,756.75
1780761361.3184016,15,275.921875,757.0
1780761361.3184016,15,277.375,759.75
1780761361.3184016,15,278.703125,762.0
1780761361.3184016,15,279.9375,764.0
1780761361.3184016,15,281.21875,767.25
1780761361.3184016,15,282.6875,771.75
1780761361.3184016,15,283.953125,776.0
1780761361.3184016,15,285.359375,779.25
1780761361.3184016,15,286.640625,783.0
1780761361.3184016,15,287.921875,787.5
1780761361.3184016,15,289.265625,794.0
1780761361.3184016,15,290.625,801.0
1780761361.3184016,15,291.828125,808.0
1780761361.3184016,15,293.203125,813.75
1780761361.3184016,15,294.546875,820.75
1780761361.3184016,15,295.859375,830.75
1780761361.3184016,15,297.234375,841.5
1780761361.3184016,15,298.4375,852.25
1780761361.3184016,15,302.90625,710.5
1780761361.3184016,15,304.171875,712.5
1780761361.3184016,15,305.546875,722.5
1780761361.3184016,15,306.796875,731.0
1780761361.3184016,15,308.09375,744.0
1780761361.3184016,15,309.421875,757.5
1780761361.3184016,15,310.703125,772.75
1780761361.3184016,15,314.328125,1022.75
1780761361.3184016,15,315.609375,1044.25
1780761361.3184016,15,324.640625,1600.25
1780761361.3184016,15,325.984375,1580.0
1780761361.3184016,15,327.3125,1559.5
1780761361.3184016,6,328.65625,1539.0
1780761361.3184016,15,331.390625,1459.0
1780761361.3184016,15,332.765625,1474.5
1780761361.3184016,15,342.03125,1684.75
1780761361.3184016,15,343.359375,1661.0
1780761361.3184016,15,344.71875,1637.5
1780761361.3184016,15,346.0625,1621.25
1780761361.3184016,15,347.34375,1607.5
1780761361.3184016,15,348.640625,1594.75
1780761361.3184016,15,350.0,1591.5
1780761361.4554207,15,352.921875,1272.0
1780761361.4554207,15,354.21875,1266.25
1780761361.4554207,15,355.625,1256.75
1780761361.4554207,15,356.921875,1252.0
1780761361.4554207,15,358.25,1248.0
1780761361.4554207,3,0.984375,1252.0
1780761361.4554207,15,2.25,1252.25
1780761361.4554207,15,3.609375,1248.75
1780761361.4554207,15,5.0,1249.5
1780761361.4554207,15,6.296875,1254.0
1780761361.4554207,15,7.65625,1256.75
1780761361.4554207,15,12.765625,1592.0
1780761361.4554207,15,14.125,1596.75
1780761361.4554207,15,24.828125,1601.25
1780761361.4554207,15,29.0625,1243.25
1780761361.4554207,15,38.8125,1010.5
1780761361.4554207,15,46.5,1326.0
1780761361.4554207,1,47.859375,1313.0
1780761361.4554207,15,51.765625,1387.0
1780761361.4554207,15,63.734375,1548.75
1780761361.4554207,15,65.046875,1538.75
1780761361.4554207,15,66.421875,1529.0
1780761361.4554207,15,67.796875,1504.5
1780761361.4554207,15,69.125,1476.5
1780761361.4554207,15,71.78125,1449.75
1780761361.4554207,15,73.125,1428.0
1780761361.4554207,15,74.53125,1419.75
1780761361.4554207,15,75.8125,1411.25
1780761361.4554207,15,77.203125,1410.5
1780761361.4554207,15,78.53125,1409.75
1780761361.4554207,15,79.875,1408.5
1780761361.4554207,15,81.1875,1396.0
1780761361.4554207,15,82.578125,1383.25
1780761361.4554207,15,83.90625,1380.75
1780761361.4554207,15,85.296875,1379.0
1780761361.4554207,15,86.609375,1378.25
1780761361.4554207,8,87.96875,1377.75
1780761361.4554207,9,89.28125,1377.0
1780761361.4554207,15,90.671875,1377.25
1780761361.4554207,15,97.640625,539.25
1780761361.4554207,15,99.078125,538.25
1780761361.4554207,15,100.359375,545.5
1780761361.4554207,15,101.578125,553.25
1780761361.4554207,15,102.796875,563.0
1780761361.4554207,15,104.140625,574.75
1780761361.4554207,15,105.390625,587.25
1780761361.4554207,15,107.984375,1426.5
1780761361.4554207,15,109.3125,1434.5
1780761361.4554207,15,110.640625,1449.75
1780761361.4554207,15,112.015625,1464.25
1780761361.4554207,15,113.375,1475.5
1780761361.4554207,15,114.625,1487.75
1780761361.4554207,15,116.0,1512.25
1780761361.4554207,15,117.28125,1530.25
1780761361.4554207,15,121.375,1449.0
1780761361.4554207,15,122.703125,1441.25
1780761361.4554207,15,124.09375,1435.0
1780761361.4554207,15,125.453125,1439.5
1780761361.4554207,15,126.75,1432.75
1780761361.4554207,15,128.125,1436.0
1780761361.4554207,15,129.453125,1445.0
1780761361.4554207,15,140.71875,891.0
1780761361.4554207,15,153.265625,1609.25
1780761361.4554207,15,154.640625,1580.25
1780761361.4554207,15,155.984375,1570.75
1780761361.4554207,15,159.859375,1832.25
1780761361.4554207,15,161.25,1807.75
1780761361.4554207,15,162.53125,1795.5
1780761361.4554207,15,163.921875,1771.5
1780761361.4554207,15,169.46875,1397.0
1780761361.4554207,15,170.796875,1404.5
1780761361.4554207,15,172.140625,1408.0
1780761361.4554207,15,173.484375,1397.5
1780761361.4554207,15,174.765625,1383.75
1780761361.4554207,15,176.109375,1392.25
1780761361.4554207,15,177.453125,1386.75
1780761361.4554207,15,178.84375,1384.0
1780761361.4554207,15,180.21875,1388.0
1780761361.4554207,15,181.53125,1395.75
1780761361.4554207,15,182.875,1400.0
1780761361.4554207,15,184.296875,1384.25
1780761361.4554207,15,185.59375,1379.25
1780761361.4554207,15,186.921875,1395.75
1780761361.4554207,15,188.234375,1403.75
1780761361.4554207,15,189.578125,1401.0
1780761361.4554207,15,190.921875,1399.75
1780761361.4554207,15,192.234375,1398.25
1780761361.4554207,15,193.609375,1404.5
1780761361.4554207,15,194.953125,1404.75
1780761361.4554207,15,196.25,1413.25
1780761361.4554207,15,197.59375,1446.0
1780761361.4554207,15,217.953125,1226.5
1780761361.4554207,15,219.296875,1198.0
1780761361.4554207,15,222.046875,1139.0
1780761361.4554207,9,224.828125,1073.25
1780761361.4554207,15,226.203125,1051.75
1780761361.4554207,15,227.5,1029.25
1780761361.4554207,15,228.828125,1008.75
1780761361.4554207,15,230.1875,986.75
1780761361.4554207,15,231.5625,968.75
1780761361.4554207,15,232.9375,953.5
1780761361.4554207,15,234.296875,936.25
1780761361.4554207,15,235.71875,921.0
1780761361.4554207,15,237.09375,908.0
1780761361.4554207,15,238.484375,895.5
1780761361.4554207,15,239.84375,882.5
1780761361.4554207,15,241.15625,869.5
1780761361.4554207,15,244.375,642.25
1780761361.4554207,15,245.78125,637.75
1780761361.4554207,15,247.25,631.0
1780761361.4554207,15,248.53125,625.75
1780761361.4554207,15,249.9375,620.0
1780761361.4554207,15,251.234375,613.75
1780761361.4554207,15,252.640625,608.5
1780761361.4554207,15,253.96875,603.75
1780761361.4554207,15,255.328125,600.0
1780761361.4554207,15,256.6875,596.5
1780761361.4554207,15,257.875,593.75
1780761361.4554207,15,259.25,591.0
1780761361.4554207,15,260.796875,588.0
1780761361.4554207,15,261.9375,585.75
1780761361.4554207,15,263.34375,584.25
1780761361.4554207,15,264.8125,579.75
1780761361.4554207,15,269.5625,754.0
1780761361.4554207,15,270.765625,753.5
1780761361.4554207,15,272.171875,752.75
1780761361.4554207,15,273.46875,753.25
1780761361.4554207,15,274.890625,755.25
1780761361.4554207,15,276.109375,757.25
1780761361.4554207,15,277.4375,759.25
1780761361.4554207,15,278.78125,761.5
1780761361.4554207,15,280.09375,764.0
1780761361.4554207,15,281.5625,767.0
1780761361.4554207,15,282.859375,771.25
1780761361.4554207,15,284.203125,775.25
1780761361.4554207,15,285.484375,779.0
1780761361.4554207,15,286.796875,784.25
1780761361.4554207,15,288.078125,788.5
1780761361.4554207,15,289.515625,794.75
1780761361.4554207,15,290.859375,801.25
1780761361.4554207,15,292.140625,807.75
1780761361.4554207,15,293.375,815.75
1780761361.4554207,15,294.796875,823.0
1780761361.4554207,15,295.984375,832.75
1780761361.4554207,15,297.4375,844.75
1780761361.4554207,15,298.65625,853.25
1780761361.4554207,15,299.953125,863.0
1780761361.4554207,15,301.390625,873.5
1780761361.4554207,15,305.78125,728.0
1780761361.4554207,15,306.96875,732.5
1780761361.4554207,15,308.34375,744.25
1780761361.4554207,15,309.703125,757.75
1780761361.4554207,15,310.90625,772.75
1780761361.4554207,15,312.203125,789.5
1780761361.4554207,15,313.46875,809.25
1780761361.4554207,15,315.75,1042.0
1780761361.4554207,8,317.078125,1067.25
1780761361.4554207,15,318.34375,1099.5
1780761361.4554207,15,319.6875,1125.5
1780761361.4554207,15,320.96875,1139.25
1780761361.4554207,15,327.34375,1581.0
1780761361.4554207,6,328.71875,1560.75
1780761361.4554207,15,330.0625,1540.5
1780761361.4554207,6,331.40625,1530.25
1780761361.4554207,15,332.734375,1511.25
1780761361.4554207,15,338.046875,1648.0
1780761361.4554207,4,342.0,1721.75
1780761361.4554207,15,343.359375,1686.5
1780761361.4554207,15,344.703125,1674.75
1780761361.4554207,15,346.03125,1666.0
1780761361.4554207,15,347.421875,1655.5
1780761361.4554207,15,348.765625,1649.75
1780761361.4554207,15,350.109375,1641.5
1780761361.5934315,15,353.046875,1325.5
1780761361.5934315,15,354.34375,1331.25
1780761361.5934315,15,355.734375,1331.25
1780761361.5934315,15,357.078125,1325.5
1780761361.5934315,15,358.40625,1319.75
1780761361.5934315,15,359.75,1319.75
1780761361.5934315,15,1.046875,1320.0
1780761361.5934315,2,2.4375,1304.25
1780761361.5934315,15,3.78125,1304.25
1780761361.5934315,15,5.125,1319.75
1780761361.5934315,15,6.421875,1325.5
1780761361.5934315,15,7.796875,1331.25
1780761361.5934315,15,12.953125,1658.5
1780761361.5934315,15,14.234375,1671.25
1780761361.5934315,5,15.59375,1674.5
1780761361.5934315,6,22.296875,1687.25
1780761361.5934315,15,32.140625,1131.0
1780761361.5934315,15,37.65625,1039.5
1780761361.5934315,15,46.65625,1339.5
1780761361.5934315,15,50.65625,1417.0
1780761361.5934315,15,61.234375,1580.25
1780761361.5934315,15,62.609375,1560.0
1780761361.5934315,15,63.96875,1548.5
1780761361.5934315,15,65.296875,1539.0
1780761361.5934315,8,66.71875,1509.5
1780761361.5934315,15,68.03125,1484.25
1780761361.5934315,15,70.75,1468.25
1780761361.5934315,15,72.046875,1449.25
1780761361.5934315,15,73.390625,1433.75
1780761361.5934315,15,74.78125,1418.5
1780761361.5934315,15,76.125,1410.75
1780761361.5934315,15,77.46875,1409.75
1780761361.5934315,15,78.796875,1409.0
1780761361.5934315,15,80.1875,1397.75
1780761361.5934315,15,81.46875,1385.0
1780761361.5934315,15,82.8125,1383.0
1780761361.5934315,15,84.25,1380.5
1780761361.5934315,15,85.59375,1378.25
1780761361.5934315,15,86.9375,1378.25
1780761361.5934315,15,93.921875,534.75
1780761361.5934315,15,95.359375,535.25
1780761361.5934315,15,96.640625,542.0
1780761361.5934315,15,97.984375,548.75
1780761361.5934315,15,99.15625,556.75
1780761361.5934315,15,100.484375,566.75
1780761361.5934315,15,101.828125,576.0
1780761361.5934315,15,104.3125,1416.5
1780761361.5934315,15,105.640625,1410.75
1780761361.5934315,15,107.0,1411.5
1780761361.5934315,15,108.25,1426.25
1780761361.5934315,15,109.59375,1448.75
1780761361.5934315,15,110.90625,1461.25
1780761361.5934315,15,112.25,1470.75
1780761361.5934315,15,113.609375,1478.75
1780761361.5934315,8,114.921875,1505.25
1780761361.5934315,15,116.265625,1529.75
1780761361.5934315,15,121.640625,1428.0
1780761361.5934315,15,122.984375,1427.0
1780761361.5934315,15,124.375,1423.25
1780761361.5934315,15,125.703125,1423.0
1780761361.5934315,15,127.046875,1427.0
1780761361.5934315,15,128.359375,1433.5
1780761361.5934315,15,138.28125,865.5
1780761361.5934315,15,152.25,1570.5
1780761361.5934315,15,153.625,1551.0
1780761361.5934315,15,155.0,1531.5
1780761361.5934315,15,158.859375,1803.0
1780761361.5934315,15,160.203125,1783.5
1780761361.5934315,15,161.5625,1760.0
1780761361.5934315,15,162.890625,1747.75
1780761361.5934315,15,168.46875,1364.75
1780761361.5934315,15,169.796875,1354.75
1780761361.5934315,15,171.140625,1367.25
1780761361.5934315,15,172.5,1377.5
1780761361.5934315,14,173.875,1364.25
1780761361.5934315,15,175.171875,1344.75
1780761361.5934315,15,176.46875,1348.25
1780761361.5934315,15,177.8125,1351.25
1780761361.5934315,15,179.234375,1347.0
1780761361.5934315,15,180.53125,1345.25
1780761361.5934315,15,181.90625,1342.5
1780761361.5934315,15,183.203125,1342.5
1780761361.5934315,15,184.53125,1361.5
1780761361.5934315,15,185.890625,1362.5
1780761361.5934315,15,187.265625,1347.25
1780761361.5934315,15,188.5625,1351.5
1780761361.5934315,15,189.875,1359.75
1780761361.5934315,15,191.25,1371.75
1780761361.5934315,15,192.53125,1380.0
1780761361.5934315,15,193.890625,1380.75
1780761361.5934315,15,195.21875,1372.5
1780761361.5934315,15,196.5625,1379.5
1780761361.5934315,15,197.875,1407.25
1780761361.5934315,15,215.375,1259.25
1780761361.5934315,15,216.6875,1250.25
1780761361.5934315,15,218.078125,1226.0
1780761361.5934315,15,219.46875,1192.75
1780761361.5934315,15,220.765625,1160.75
1780761361.5934315,15,222.171875,1131.0
1780761361.5934315,15,224.890625,1065.0
1780761361.5934315,15,226.265625,1040.0
1780761361.5934315,15,227.765625,1020.75
1780761361.5934315,15,229.0625,1002.5
1780761361.5934315,15,230.4375,984.0
1780761361.5934315,15,231.765625,964.75
1780761361.5934315,15,233.125,948.25
1780761361.5934315,15,234.546875,933.5
1780761361.5934315,15,235.9375,919.75
1780761361.5934315,15,237.265625,908.0
1780761361.5934315,15,238.546875,895.5
1780761361.5934315,15,239.890625,882.25
1780761361.5934315,15,241.375,869.75
1780761361.5934315,15,242.625,858.0
1780761361.5934315,15,244.109375,848.75
1780761361.5934315,15,247.265625,629.0
1780761361.5934315,15,248.765625,624.25
1780761361.5934315,15,249.953125,618.0
1780761361.5934315,15,251.484375,612.75
1780761361.5934315,15,252.796875,608.5
1780761361.5934315,15,254.0625,604.75
1780761361.5934315,15,255.484375,600.75
1780761361.5934315,15,256.84375,597.0
1780761361.5934315,15,258.328125,593.75
1780761361.5934315,15,259.484375,591.25
1780761361.5934315,15,261.046875,588.5
1780761361.5934315,15,262.375,586.0
1780761361.5934315,15,263.6875,584.0
1780761361.5934315,15,264.9375,582.75
1780761361.5934315,15,266.25,582.0
1780761361.5934315,15,267.703125,579.75
1780761361.5934315,15,271.046875,754.0
1780761361.5934315,15,272.484375,755.25
1780761361.5934315,15,273.84375,756.0
1780761361.5934315,15,275.171875,757.25
1780761361.5934315,15,276.3125,758.5
1780761361.5934315,15,277.71875,761.25
1780761361.5934315,15,279.09375,763.5
1780761361.5934315,15,280.296875,766.25
1780761361.5934315,15,281.71875,768.75
1780761361.5934315,15,283.109375,772.0
1780761361.5934315,15,284.4375,777.25
1780761361.5934315,15,285.703125,781.5
1780761361.5934315,15,286.921875,785.5
1780761361.5934315,15,288.375,790.5
1780761361.5934315,15,289.703125,797.0
1780761361.5934315,15,290.953125,804.25
1780761361.5934315,15,292.328125,810.25
1780761361.5934315,15,293.609375,816.5
1780761361.5934315,15,294.921875,824.75
1780761361.5934315,15,296.234375,834.5
1780761361.5934315,15,297.546875,846.25
1780761361.5934315,15,298.828125,857.0
1780761361.5934315,15,300.21875,866.75
1780761361.5934315,15,301.671875,878.25
1780761361.5934315,15,303.0,888.75
1780761361.5934315,15,305.921875,775.5
1780761361.5934315,15,307.34375,753.5
1780761361.5934315,15,308.53125,748.75
1780761361.5934315,15,309.96875,762.5
1780761361.5934315,15,311.1875,776.5
1780761361.5934315,15,312.453125,792.0
1780761361.5934315,15,313.796875,810.75
1780761361.5934315,15,326.359375,1660.75
1780761361.5934315,15,327.765625,1630.0
1780761361.5934315,15,329.078125,1600.5
1780761361.5934315,15,330.421875,1580.75
1780761361.5934315,6,331.8125,1569.0
1780761361.5934315,15,333.15625,1549.0
1780761361.5934315,15,338.4375,1675.25
1780761361.5934315,15,342.421875,1758.5
1780761361.5934315,15,343.8125,1743.75
1780761361.5934315,15,345.140625,1730.25
1780761361.5934315,15,346.515625,1709.25
1780761361.5934315,4,347.8125,1698.0
1780761361.5934315,15,349.203125,1685.5
1780761361.5934315,15,350.5625,1673.0
1780761361.7304854,15,353.46875,1333.0
1780761361.7304854,15,354.765625,1346.25
1780761361.7304854,15,356.140625,1339.5
1780761361.7304854,15,357.484375,1339.5
1780761361.7304854,15,358.765625,1346.0
1780761361.7304854,15,0.171875,1333.0
1780761361.7304854,15,1.515625,1320.0
1780761361.7304854,15,2.828125,1333.0
1780761361.7304854,15,4.125,1346.0
1780761361.7304854,15,5.5,1346.25
1780761361.7304854,15,6.8125,1352.25
1780761361.7304854,15,8.15625,1358.0
1780761361.7304854,15,11.890625,1674.25
1780761361.7304854,5,13.265625,1686.25
1780761361.7304854,15,14.578125,1708.75
1780761361.7304854,7,23.96875,1674.75
1780761361.7304854,15,29.625,1214.0
1780761361.7304854,15,42.9375,1434.75
1780761361.7304854,4,44.34375,1409.5
1780761361.7304854,15,47.03125,1339.0
1780761361.7304854,15,49.609375,1418.75
1780761361.7304854,15,56.265625,1612.0
1780761361.7304854,15,57.640625,1571.25
1780761361.7304854,15,58.984375,1570.25
1780761361.7304854,15,60.359375,1591.0
1780761361.7304854,7,61.703125,1570.5
1780761361.7304854,15,63.09375,1550.0
1780761361.7304854,15,64.421875,1539.75
1780761361.7304854,7,65.796875,1530.0
1780761361.7304854,15,69.84375,1460.5
1780761361.7304854,15,71.234375,1457.25
1780761361.7304854,15,72.53125,1448.75
1780761361.7304854,7,73.9375,1426.5
1780761361.7304854,15,75.25,1411.25
1780761361.7304854,15,76.59375,1410.5
1780761361.7304854,15,77.96875,1409.75
1780761361.7304854,15,79.28125,1409.0
1780761361.7304854,15,80.65625,1397.5
1780761361.7304854,15,81.984375,1383.0
1780761361.7304854,15,83.296875,1379.5
1780761361.7304854,15,90.515625,529.75
1780761361.7304854,15,91.640625,534.5
1780761361.7304854,15,92.890625,541.25
1780761361.7304854,15,94.359375,547.25
1780761361.7304854,15,95.546875,552.75
1780761361.7304854,15,96.8125,561.25
1780761361.7304854,15,98.203125,570.25
1780761361.7304854,15,100.765625,1389.0
1780761361.7304854,15,102.109375,1386.25
1780761361.7304854,15,103.421875,1398.75
1780761361.7304854,15,104.75,1410.0
1780761361.7304854,15,106.109375,1410.75
1780761361.7304854,7,107.34375,1411.75
1780761361.7304854,15,108.6875,1426.75
1780761361.7304854,15,110.015625,1449.25
1780761361.7304854,15,111.34375,1457.75
1780761361.7304854,15,112.671875,1467.75
1780761361.7304854,15,114.015625,1485.25
1780761361.7304854,15,120.765625,1418.75
1780761361.7304854,15,122.125,1400.0
1780761361.7304854,15,123.453125,1387.25
1780761361.7304854,15,124.765625,1389.0
1780761361.7304854,15,126.078125,1403.0
1780761361.7304854,15,127.4375,1423.0
1780761361.7304854,15,137.5,830.0
1780761361.7304854,4,151.453125,1539.0
1780761361.7304854,15,152.75,1529.25
1780761361.7304854,15,159.359375,1747.75
1780761361.7304854,15,162.046875,1733.25
1780761361.7304854,15,163.4375,1709.25
1780761361.7304854,15,168.984375,1318.5
1780761361.7304854,15,170.359375,1332.5
1780761361.7304854,15,171.6875,1335.25
1780761361.7304854,15,173.046875,1327.25
1780761361.7304854,15,174.359375,1315.75
1780761361.7304854,15,175.703125,1310.75
1780761361.7304854,15,177.03125,1316.0
1780761361.7304854,15,178.390625,1316.75
1780761361.7304854,15,179.765625,1306.5
1780761361.7304854,15,181.125,1304.75
1780761361.7304854,15,182.4375,1303.0
1780761361.7304854,15,183.84375,1301.0
1780761361.7304854,15,185.1875,1297.25
1780761361.7304854,15,186.5,1301.25
1780761361.7304854,15,187.765625,1314.5
1780761361.7304854,15,189.171875,1316.25
1780761361.7304854,15,190.453125,1316.25
1780761361.7304854,15,191.84375,1319.0
1780761361.7304854,15,193.125,1331.5
1780761361.7304854,15,194.515625,1328.75
1780761361.7304854,15,195.828125,1322.25
1780761361.7304854,15,197.140625,1348.5
1780761361.7304854,15,198.5,1380.0
1780761361.7304854,15,207.390625,2294.25
1780761361.7304854,15,215.953125,1248.25
1780761361.7304854,15,217.328125,1245.5
1780761361.7304854,15,221.390625,1142.0
1780761361.7304854,15,222.84375,1121.5
1780761361.7304854,15,224.1875,1093.75
1780761361.7304854,15,226.984375,1034.75
1780761361.7304854,12,228.265625,1013.0
1780761361.7304854,15,229.6875,993.25
1780761361.7304854,15,230.953125,976.75
1780761361.7304854,15,232.375,960.5
1780761361.7304854,15,233.75,943.75
1780761361.7304854,15,235.0625,927.25
1780761361.7304854,15,236.453125,914.25
1780761361.7304854,15,237.875,902.25
1780761361.7304854,15,239.234375,888.0
1780761361.7304854,15,240.5,875.5
1780761361.7304854,15,241.890625,865.0
1780761361.7304854,15,243.34375,854.75
1780761361.7304854,15,244.578125,843.25
1780761361.7304854,15,246.015625,832.25
1780761361.7304854,15,247.390625,823.5
1780761361.7304854,15,250.6875,611.75
1780761361.7304854,15,252.015625,609.25
1780761361.7304854,15,253.34375,605.0
1780761361.7304854,15,254.734375,600.75
1780761361.7304854,15,256.15625,597.25
1780761361.7304854,15,257.40625,594.25
1780761361.7304854,15,258.765625,591.0
1780761361.7304854,15,260.140625,587.75
1780761361.7304854,15,261.59375,585.75
1780761361.7304854,15,262.765625,584.0
1780761361.7304854,15,264.21875,582.5
1780761361.7304854,15,265.390625,581.25
1780761361.7304854,15,266.890625,580.25
1780761361.7304854,15,268.296875,579.5
1780761361.7304854,15,269.5625,579.5
1780761361.7304854,15,270.875,579.5
1780761361.7304854,15,272.28125,576.25
1780761361.7304854,15,274.34375,754.5
1780761361.7304854,15,275.65625,756.5
1780761361.7304854,15,276.875,759.5
1780761361.7304854,15,278.203125,761.75
1780761361.7304854,15,279.46875,763.75
1780761361.7304854,15,280.890625,766.0
1780761361.7304854,15,282.09375,768.5
1780761361.7304854,15,283.46875,772.5
1780761361.7304854,15,284.734375,777.75
1780761361.7304854,15,286.03125,782.25
1780761361.7304854,15,287.375,786.5
1780761361.7304854,15,288.796875,792.0
1780761361.7304854,15,289.984375,799.0
1780761361.7304854,15,291.453125,805.75
1780761361.7304854,15,292.6875,811.75
1780761361.7304854,15,294.046875,818.5
1780761361.7304854,15,295.28125,828.75
1780761361.7304854,15,296.5625,839.75
1780761361.7304854,15,298.0,849.0
1780761361.7304854,15,299.296875,857.0
1780761361.7304854,15,300.640625,868.0
1780761361.7304854,15,301.984375,881.0
1780761361.7304854,15,303.3125,893.25
1780761361.7304854,15,304.515625,904.5
1780761361.7304854,15,308.84375,786.0
1780761361.7304854,15,310.25,773.75
1780761361.7304854,15,311.53125,779.75
1780761361.7304854,15,312.703125,796.75
1780761361.7304854,15,314.046875,814.75
1780761361.7304854,15,315.328125,831.5
1780761361.7304854,15,316.703125,853.0
1780761361.7304854,15,318.96875,1124.5
1780761361.7304854,15,329.34375,1639.75
1780761361.7304854,15,330.6875,1610.25
1780761361.7304854,15,332.046875,1590.5
1780761361.7304854,15,333.40625,1580.25
1780761361.7304854,15,334.734375,1570.75
1780761361.7304854,15,338.671875,1731.25
1780761361.7304854,15,342.703125,1763.0
1780761361.7304854,15,344.046875,1748.5
1780761361.7304854,15,345.34375,1748.0
1780761361.7304854,15,346.671875,1747.5
1780761361.7304854,15,348.0,1746.5
1780761361.7304854,15,349.3125,1743.25
1780761361.7304854,15,350.671875,1730.0
1780761361.8684456,15,353.53125,1407.5
1780761361.8684456,15,354.90625,1407.25
1780761361.8684456,5,356.234375,1406.0
1780761361.8684456,5,357.59375,1403.75
1780761361.8684456,5,358.9375,1391.0
1780761361.8684456,5,1.578125,1385.75
1780761361.8684456,6,2.953125,1385.5
1780761361.8684456,7,4.265625,1381.0
1780761361.8684456,5,5.609375,1393.5
1780761361.8684456,15,6.9375,1405.75
1780761361.8684456,15,12.09375,1730.75
1780761361.8684456,15,13.40625,1743.5
1780761361.8684456,15,14.71875,1757.25
1780761361.8684456,15,21.375,1773.25
1780761361.8684456,15,28.484375,1249.75
1780761361.8684456,15,31.1875,1153.75
1780761361.8684456,15,38.984375,1351.75
1780761361.8684456,15,42.921875,1435.75
1780761361.8684456,15,44.3125,1408.75
1780761361.8684456,15,45.6875,1377.75
1780761361.8684456,15,57.484375,1629.25
1780761361.8684456,15,59.0,1610.5
1780761361.8684456,15,60.34375,1590.75
1780761361.8684456,7,61.71875,1570.5
1780761361.8684456,15,63.0625,1550.0
1780761361.8684456,15,64.421875,1539.75
1780761361.8684456,15,67.078125,1512.25
1780761361.8684456,15,68.46875,1484.75
1780761361.8684456,15,69.796875,1467.5
1780761361.8684456,15,71.1875,1450.5
1780761361.8684456,15,72.5,1441.75
1780761361.8684456,8,73.828125,1433.25
1780761361.8684456,15,75.21875,1418.0
1780761361.8684456,15,76.546875,1410.5
1780761361.8684456,15,77.859375,1409.5
1780761361.8684456,15,79.28125,1398.5
1780761361.8684456,15,80.546875,1387.0
1780761361.8684456,15,86.203125,530.75
1780761361.8684456,15,87.453125,535.0
1780761361.8684456,15,88.765625,540.5
1780761361.8684456,15,90.25,546.0
1780761361.8684456,15,91.421875,551.0
1780761361.8684456,15,92.734375,557.0
1780761361.8684456,15,94.15625,565.25
1780761361.8684456,15,97.921875,1379.25
1780761361.8684456,15,99.34375,1380.0
1780761361.8684456,15,100.59375,1382.75
1780761361.8684456,15,101.953125,1386.75
1780761361.8684456,15,103.296875,1398.75
1780761361.8684456,15,104.609375,1409.75
1780761361.8684456,15,105.984375,1410.75
1780761361.8684456,9,107.1875,1418.25
1780761361.8684456,15,108.515625,1433.25
1780761361.8684456,15,109.828125,1441.75
1780761361.8684456,15,111.171875,1450.0
1780761361.8684456,15,112.453125,1467.5
1780761361.8684456,15,113.859375,1462.0
1780761361.8684456,5,120.546875,1378.75
1780761361.8684456,15,121.921875,1385.5
1780761361.8684456,15,123.25,1383.5
1780761361.8684456,15,124.515625,1383.0
1780761361.8684456,15,125.8125,1408.25
1780761361.8684456,15,127.203125,1434.75
1780761361.8684456,15,134.625,813.75
1780761361.8684456,15,152.515625,1442.75
1780761361.8684456,15,153.84375,1442.75
1780761361.8684456,7,157.734375,1724.25
1780761361.8684456,15,159.03125,1710.0
1780761361.8684456,15,163.09375,1685.25
1780761361.8684456,15,167.390625,1284.75
1780761361.8684456,15,168.6875,1289.5
1780761361.8684456,15,170.015625,1298.0
1780761361.8684456,15,171.390625,1292.75
1780761361.8684456,15,172.65625,1282.5
1780761361.8684456,15,174.03125,1278.5
1780761361.8684456,15,175.34375,1276.25
1780761361.8684456,15,176.71875,1274.75
1780761361.8684456,15,178.0,1274.0
1780761361.8684456,15,179.390625,1270.75
1780761361.8684456,15,180.71875,1270.0
1780761361.8684456,15,182.09375,1265.75
1780761361.8684456,15,183.34375,1267.25
1780761361.8684456,15,184.71875,1273.5
1780761361.8684456,15,186.046875,1275.5
1780761361.8684456,15,187.375,1276.5
1780761361.8684456,15,188.703125,1281.5
1780761361.8684456,15,190.0625,1283.25
1780761361.8684456,15,191.359375,1282.5
1780761361.8684456,15,192.625,1291.0
1780761361.8684456,15,193.953125,1313.5
1780761361.8684456,15,196.703125,1296.75
1780761361.8684456,15,197.953125,1321.5
1780761361.8684456,15,199.25,1352.5
1780761361.8684456,15,206.859375,2294.25
1780761361.8684456,15,209.8125,1592.0
1780761361.8684456,15,216.796875,1243.0
1780761361.8684456,15,218.171875,1226.0
1780761361.8684456,15,219.515625,1197.25
1780761361.8684456,15,222.234375,1130.75
1780761361.8684456,15,226.328125,1039.75
1780761361.8684456,15,227.75,1020.5
1780761361.8684456,15,229.171875,1000.0
1780761361.8684456,15,230.5,981.5
1780761361.8684456,15,231.890625,964.25
1780761361.8684456,15,233.203125,947.5
1780761361.8684456,15,234.640625,932.75
1780761361.8684456,15,235.984375,919.0
1780761361.8684456,15,237.296875,907.5
1780761361.8684456,15,238.609375,895.0
1780761361.8684456,15,239.984375,881.75
1780761361.8684456,15,241.453125,869.0
1780761361.8684456,15,242.75,857.75
1780761361.8684456,15,244.03125,848.0
1780761361.8684456,15,245.453125,838.0
1780761361.8684456,15,246.859375,827.25
1780761361.8684456,15,248.1875,817.5
1780761361.8684456,15,249.59375,811.0
1780761361.8684456,15,250.859375,804.5
1780761361.8684456,15,256.828125,596.25
1780761361.8684456,15,258.296875,593.0
1780761361.8684456,15,259.484375,589.5
1780761361.8684456,15,260.75,586.5
1780761361.8684456,15,262.125,585.25
1780761361.8684456,15,263.515625,584.0
1780761361.8684456,15,264.8125,582.75
1780761361.8684456,15,266.125,581.25
1780761361.8684456,15,267.484375,579.25
1780761361.8684456,15,268.921875,579.0
1780761361.8684456,15,270.203125,579.5
1780761361.8684456,15,271.5625,579.75
1780761361.8684456,15,272.890625,580.25
1780761361.8684456,15,274.3125,580.75
1780761361.8684456,15,275.640625,587.75
1780761361.8684456,15,280.203125,764.5
1780761361.8684456,15,281.578125,768.25
1780761361.8684456,15,282.796875,772.25
1780761361.8684456,15,284.078125,775.5
1780761361.8684456,15,285.53125,779.5
1780761361.8684456,15,286.78125,784.5
1780761361.8684456,15,288.078125,790.5
1780761361.8684456,15,289.359375,796.75
1780761361.8684456,15,290.78125,803.75
1780761361.8684456,15,292.078125,810.0
1780761361.8684456,15,293.34375,815.5
1780761361.8684456,15,294.6875,824.25
1780761361.8684456,15,295.96875,834.25
1780761361.8684456,15,297.296875,845.75
1780761361.8684456,15,298.59375,856.5
1780761361.8684456,15,300.03125,865.25
1780761361.8684456,15,301.359375,876.25
1780761361.8684456,15,302.71875,888.5
1780761361.8684456,15,303.9375,901.25
1780761361.8684456,15,305.25,915.0
1780761361.8684456,15,306.65625,928.75
1780761361.8684456,11,308.0,943.0
1780761361.8684456,15,310.984375,810.25
1780761361.8684456,15,312.1875,799.75
1780761361.8684456,15,313.5,808.25
1780761361.8684456,15,314.796875,825.25
1780761361.8684456,15,316.203125,844.75
1780761361.8684456,15,317.484375,864.5
1780761361.8684456,15,332.890625,1639.25
1780761361.8684456,15,334.265625,1611.25
1780761361.8684456,15,339.5625,1758.0
1780761361.8684456,15,343.546875,1820.5
1780761361.8684456,15,344.921875,1783.75
1780761362.0056324,15,354.4375,1427.0
1780761362.0056324,15,355.734375,1426.75
1780761362.0056324,6,357.15625,1425.5
1780761362.0056324,5,358.453125,1424.25
1780761362.0056324,15,359.765625,1425.5
1780761362.0056324,15,1.09375,1426.75
1780761362.0056324,6,2.515625,1425.5
1780761362.0056324,6,3.8125,1417.75
1780761362.0056324,6,5.1875,1417.75
1780761362.0056324,7,6.53125,1424.5
1780761362.0056324,15,7.84375,1425.75
1780761362.0056324,15,12.9375,1769.0
1780761362.0056324,15,14.28125,1770.5
1780761362.0056324,15,29.359375,1214.0
1780761362.0056324,15,41.40625,1433.0
1780761362.0056324,15,42.734375,1434.75
1780761362.0056324,4,44.0625,1416.5
1780761362.0056324,15,45.390625,1417.0
1780761362.0056324,15,60.015625,1592.5
1780761362.0056324,15,61.421875,1571.5
1780761362.0056324,8,62.78125,1551.25
1780761362.0056324,6,65.484375,1539.5
1780761362.0056324,15,68.1875,1461.25
1780761362.0056324,15,69.5625,1469.25
1780761362.0056324,15,70.890625,1450.25
1780761362.0056324,15,72.171875,1441.5
1780761362.0056324,15,73.5625,1426.5
1780761362.0056324,15,74.890625,1411.5
1780761362.0056324,15,76.234375,1411.0
1780761362.0056324,15,81.96875,543.25
1780761362.0056324,15,83.25,539.25
1780761362.0056324,15,84.703125,543.0
1780761362.0056324,15,85.921875,547.25
1780761362.0056324,15,87.140625,551.5
1780761362.0056324,15,88.609375,556.0
1780761362.0056324,15,89.890625,562.5
1780761362.0056324,15,93.65625,1376.5
1780761362.0056324,15,94.921875,1377.75
1780761362.0056324,15,96.3125,1378.5
1780761362.0056324,15,97.640625,1379.0
1780761362.0056324,15,98.953125,1380.0
1780761362.0056324,15,100.3125,1382.5
1780761362.0056324,15,101.671875,1385.5
1780761362.0056324,15,102.921875,1398.0
1780761362.0056324,15,104.265625,1409.75
1780761362.0056324,15,105.640625,1410.75
1780761362.0056324,7,106.96875,1411.5
1780761362.0056324,15,108.3125,1432.25
1780761362.0056324,15,109.59375,1447.5
1780761362.0056324,15,110.9375,1450.5
1780761362.0056324,15,112.265625,1461.25
1780761362.0056324,15,119.015625,1371.75
1780761362.0056324,15,120.375,1349.25
1780761362.0056324,15,121.671875,1347.0
1780761362.0056324,15,123.015625,1363.75
1780761362.0056324,15,125.625,1419.0
1780761362.0056324,15,133.171875,780.5
1780761362.0056324,15,149.8125,1442.75
1780761362.0056324,15,151.140625,1435.25
1780761362.0056324,15,152.4375,1427.5
1780761362.0056324,15,153.8125,1435.0
1780761362.0056324,15,157.765625,1685.25
1780761362.0056324,15,159.09375,1672.25
1780761362.0056324,15,160.421875,1660.75
1780761362.0056324,15,161.78125,1640.0
1780761362.0056324,15,163.109375,1615.0
1780761362.0056324,15,167.390625,1243.25
1780761362.0056324,15,168.734375,1252.75
1780761362.0056324,15,170.109375,1264.5
1780761362.0056324,15,171.390625,1260.0
1780761362.0056324,15,172.8125,1259.75
1780761362.0056324,15,174.125,1252.0
1780761362.0056324,15,175.453125,1239.0
1780761362.0056324,15,176.8125,1240.75
1780761362.0056324,15,178.109375,1243.25
1780761362.0056324,15,179.5,1240.25
1780761362.0056324,15,180.796875,1229.5
1780761362.0056324,15,182.171875,1225.0
1780761362.0056324,15,183.46875,1230.0
1780761362.0056324,15,184.796875,1236.0
1780761362.0056324,15,186.140625,1237.0
1780761362.0056324,15,187.453125,1239.5
1780761362.0056324,15,188.84375,1245.5
1780761362.0056324,15,190.21875,1241.75
1780761362.0056324,15,191.546875,1238.5
1780761362.0056324,15,192.796875,1250.5
1780761362.0056324,15,194.140625,1266.5
1780761362.0056324,15,195.53125,1259.5
1780761362.0056324,15,196.859375,1258.75
1780761362.0056324,15,198.15625,1283.5
1780761362.0056324,15,199.46875,1310.5
1780761362.0056324,15,207.015625,2294.25
1780761362.0056324,15,208.390625,2274.25
1780761362.0056324,15,211.375,1553.75
1780761362.0056324,15,221.0625,1152.75
1780761362.0056324,7,223.78125,1094.75
1780761362.0056324,15,226.53125,1036.5
1780761362.0056324,11,227.90625,1016.5
1780761362.0056324,15,229.328125,997.75
1780761362.0056324,15,230.640625,979.25
1780761362.0056324,15,232.015625,962.75
1780761362.0056324,15,233.375,946.5
1780761362.0056324,15,234.765625,931.5
1780761362.0056324,15,236.125,917.0
1780761362.0056324,15,237.4375,903.25
1780761362.0056324,15,238.859375,891.0
1780761362.0056324,15,240.25,879.0
1780761362.0056324,15,241.578125,867.0
1780761362.0056324,15,242.953125,857.25
1780761362.0056324,15,244.25,846.75
1780761362.0056324,15,245.671875,834.25
1780761362.0056324,15,247.0625,824.5
1780761362.0056324,15,248.359375,816.0
1780761362.0056324,15,249.734375,810.0
1780761362.0056324,15,251.125,803.5
1780761362.0056324,15,252.28125,794.75
1780761362.0056324,15,253.65625,788.75
1780761362.0056324,15,256.859375,587.5
1780761362.0056324,15,258.265625,590.25
1780761362.0056324,15,259.609375,587.0
1780761362.0056324,15,260.90625,584.75
1780761362.0056324,15,262.453125,582.5
1780761362.0056324,15,263.625,582.0
1780761362.0056324,15,265.125,581.0
1780761362.0056324,15,266.4375,579.0
1780761362.0056324,15,267.703125,578.5
1780761362.0056324,15,269.046875,578.0
1780761362.0056324,15,270.28125,578.0
1780761362.0056324,15,271.625,578.0
1780761362.0056324,15,273.0625,578.25
1780761362.0056324,15,274.3125,579.0
1780761362.0056324,15,275.78125,580.25
1780761362.0056324,15,276.890625,581.5
1780761362.0056324,15,278.3125,583.0
1780761362.0056324,15,279.5625,583.5
1780761362.0056324,15,281.6875,767.25
1780761362.0056324,15,282.984375,772.0
1780761362.0056324,15,284.375,777.0
1780761362.0056324,15,285.609375,781.5
1780761362.0056324,15,287.046875,785.5
1780761362.0056324,15,288.328125,790.5
1780761362.0056324,15,289.609375,797.0
1780761362.0056324,15,290.859375,804.25
1780761362.0056324,15,292.28125,810.25
1780761362.0056324,15,293.5625,816.0
1780761362.0056324,15,294.90625,824.25
1780761362.0056324,15,296.140625,834.75
1780761362.0056324,15,297.5,845.5
1780761362.0056324,15,298.875,855.75
1780761362.0056324,15,300.234375,866.5
1780761362.0056324,15,301.484375,877.75
1780761362.0056324,15,302.8125,888.75
1780761362.0056324,15,304.171875,901.0
1780761362.0056324,15,305.53125,913.5
1780761362.0056324,15,306.828125,927.5
1780761362.0056324,15,308.140625,944.25
1780761362.0056324,15,309.421875,966.75
1780761362.0056324,15,313.640625,825.0
1780761362.0056324,15,314.953125,828.25
1780761362.0056324,15,316.328125,846.5
1780761362.0056324,15,317.640625,863.5
1780761362.0056324,15,318.875,885.25
1780761362.0056324,15,328.78125,1747.25
1780761362.0056324,15,330.140625,1722.75
1780761362.0056324,15,332.796875,1685.25
1780761362.0056324,15,334.125,1660.25
1780761362.0056324,15,335.5,1642.5
1780761362.0056324,15,339.453125,1770.5
1780761362.0056324,15,343.390625,1846.75
1780761362.0056324,15,344.71875,1845.5
1780761362.0056324,15,346.0625,1832.75
1780761362.0056324,15,347.359375,1808.75
1780761362.0056324,15,348.71875,1796.25
1780761362.0056324,15,350.046875,1784.25
1780761362.1434898,15,351.375,1772.0
1780761362.1434898,15,354.1875,1442.5
1780761362.1434898,15,355.515625,1435.0
1780761362.1434898,15,356.84375,1435.0
1780761362.1434898,15,358.171875,1442.25
1780761362.1434898,15,0.859375,1442.5
1780761362.1434898,15,2.21875,1442.5
1780761362.1434898,15,3.5,1442.0
1780761362.1434898,15,4.875,1442.25
1780761362.1434898,15,6.140625,1450.0
1780761362.1434898,15,11.34375,1772.5
1780761362.1434898,15,12.671875,1784.5
1780761362.1434898,15,14.0,1821.25
1780761362.1434898,15,22.015625,1781.75
1780761362.1434898,15,29.078125,1213.75
1780761362.1434898,15,35.703125,1380.5
1780761362.1434898,15,37.0,1408.25
1780761362.1434898,15,41.046875,1436.0
1780761362.1434898,15,42.375,1434.75
1780761362.1434898,15,43.703125,1418.5
1780761362.1434898,15,50.25,1759.5
1780761362.1434898,4,51.625,1734.0
1780761362.1434898,15,52.953125,1697.25
1780761362.1434898,15,57.015625,1651.5
1780761362.1434898,15,58.359375,1611.5
1780761362.1434898,15,59.640625,1591.0
1780761362.1434898,15,61.03125,1580.5
1780761362.1434898,15,63.75,1551.0
1780761362.1434898,7,65.046875,1530.5
1780761362.1434898,15,66.421875,1511.75
1780761362.1434898,15,67.765625,1487.25
1780761362.1434898,15,69.125,1470.5
1780761362.1434898,15,70.453125,1458.0
1780761362.1434898,15,71.78125,1442.25
1780761362.1434898,15,73.15625,1427.75
1780761362.1434898,15,78.78125,544.75
1780761362.1434898,15,80.15625,547.0
1780761362.1434898,15,81.359375,549.25
1780761362.1434898,15,82.828125,552.75
1780761362.1434898,15,84.171875,557.0
1780761362.1434898,15,85.421875,562.25
1780761362.1434898,15,86.609375,568.5
1780761362.1434898,15,90.515625,1376.5
1780761362.1434898,15,91.890625,1377.0
1780761362.1434898,15,93.265625,1377.25
1780761362.1434898,15,94.59375,1377.5
1780761362.1434898,15,95.875,1378.0
1780761362.1434898,15,97.265625,1378.5
1780761362.1434898,15,98.59375,1380.25
1780761362.1434898,15,99.953125,1382.25
1780761362.1434898,15,101.234375,1385.5
1780761362.1434898,15,102.5625,1398.5
1780761362.1434898,15,103.90625,1409.25
1780761362.1434898,15,105.203125,1410.0
1780761362.1434898,15,106.546875,1411.0
1780761362.1434898,15,107.890625,1419.25
1780761362.1434898,15,109.1875,1441.5
1780761362.1434898,15,110.546875,1456.75
1780761362.1434898,15,117.328125,1337.75
1780761362.1434898,15,118.625,1337.75
1780761362.1434898,15,120.0,1334.75
1780761362.1434898,15,121.296875,1341.0
1780761362.1434898,3,123.96875,1388.25
1780761362.1434898,15,125.265625,1422.0
1780761362.1434898,15,130.1875,756.0
1780761362.1434898,15,131.4375,753.5
1780761362.1434898,15,149.15625,1435.0
1780761362.1434898,6,150.5625,1425.75
1780761362.1434898,15,151.890625,1416.5
1780761362.1434898,15,153.1875,1417.75
1780761362.1434898,15,157.140625,1660.75
1780761362.1434898,15,158.484375,1639.25
1780761362.1434898,15,159.859375,1613.25
1780761362.1434898,15,161.15625,1594.25
1780761362.1434898,15,162.484375,1590.25
1780761362.1434898,15,166.796875,1203.5
1780761362.1434898,15,168.1875,1211.25
1780761362.1434898,15,169.5,1231.75
1780761362.1434898,15,170.796875,1230.75
1780761362.1434898,15,172.140625,1215.75
1780761362.1434898,15,173.546875,1210.75
1780761362.1434898,15,174.859375,1208.5
1780761362.1434898,15,176.15625,1208.25
1780761362.1434898,15,177.578125,1205.5
1780761362.1434898,15,178.890625,1201.0
1780761362.1434898,15,180.203125,1199.75
1780761362.1434898,15,181.59375,1199.0
1780761362.1434898,15,182.90625,1195.75
1780761362.1434898,15,184.25,1196.25
1780761362.1434898,15,185.53125,1208.0
1780761362.1434898,15,186.921875,1210.75
1780761362.1434898,15,188.21875,1207.5
1780761362.1434898,15,189.53125,1209.0
1780761362.1434898,15,190.90625,1210.75
1780761362.1434898,15,192.25,1215.0
1780761362.1434898,15,193.53125,1225.25
1780761362.1434898,15,194.859375,1225.75
1780761362.1434898,15,196.1875,1217.5
1780761362.1434898,15,197.5625,1230.5
1780761362.1434898,15,198.84375,1259.0
1780761362.1434898,15,200.171875,1286.25
1780761362.1434898,15,206.421875,2294.25
1780761362.1434898,15,207.8125,2274.25
1780761362.1434898,15,219.140625,1186.5
1780761362.1434898,15,221.859375,1138.75
1780761362.1434898,15,224.671875,1076.5
1780761362.1434898,15,227.375,1024.25
1780761362.1434898,15,228.671875,1006.0
1780761362.1434898,15,230.0625,986.25
1780761362.1434898,15,231.375,968.75
1780761362.1434898,15,232.71875,953.5
1780761362.1434898,15,234.1875,938.0
1780761362.1434898,15,235.484375,924.75
1780761362.1434898,15,236.84375,911.5
1780761362.1434898,15,238.171875,897.5
1780761362.1434898,15,239.515625,884.25
1780761362.1434898,15,240.953125,871.75
1780761362.1434898,15,242.296875,861.0
1780761362.1434898,15,243.71875,850.5
1780761362.1434898,15,245.015625,840.0
1780761362.1434898,15,246.296875,829.5
1780761362.1434898,15,247.65625,819.75
1780761362.1434898,15,249.078125,812.75
1780761362.1434898,15,250.328125,806.5
1780761362.1434898,15,251.75,797.5
1780761362.1434898,15,253.109375,790.5
1780761362.1434898,15,254.453125,786.25
1780761362.1434898,15,255.78125,781.5
1780761362.1434898,15,257.15625,777.0
1780761362.1434898,15,258.484375,773.5
1780761362.1434898,15,263.0625,581.0
1780761362.1434898,15,264.46875,579.5
1780761362.1434898,15,265.875,579.0
1780761362.1434898,15,267.09375,578.25
1780761362.1434898,15,268.484375,578.25
1780761362.1434898,15,269.734375,577.25
1780761362.1434898,15,271.203125,576.0
1780761362.1434898,15,272.40625,576.75
1780761362.1434898,15,273.6875,578.25
1780761362.1434898,15,275.1875,579.25
1780761362.1434898,15,276.375,580.25
1780761362.1434898,15,277.703125,581.75
1780761362.1434898,15,279.078125,583.5
1780761362.1434898,15,280.3125,585.75
1780761362.1434898,15,281.65625,588.25
1780761362.1434898,15,283.078125,596.0
1780761362.1434898,15,287.734375,787.25
1780761362.1434898,15,289.015625,792.75
1780761362.1434898,15,290.25,799.5
1780761362.1434898,15,291.6875,806.5
1780761362.1434898,15,293.046875,813.0
1780761362.1434898,15,294.265625,821.5
1780761362.1434898,15,295.65625,831.25
1780761362.1434898,15,296.84375,842.25
1780761362.1434898,15,298.25,853.5
1780761362.1434898,15,299.53125,862.5
1780761362.1434898,15,300.90625,871.75
1780761362.1434898,15,302.1875,883.0
1780761362.1434898,15,303.53125,896.5
1780761362.1434898,15,304.859375,910.5
1780761362.1434898,15,306.15625,923.75
1780761362.1434898,15,307.40625,936.0
1780761362.1434898,15,308.78125,950.75
1780761362.1434898,15,310.09375,966.5
1780761362.1434898,15,311.34375,982.25
1780761362.1434898,15,314.265625,869.5
1780761362.1434898,15,315.703125,853.0
1780761362.1434898,15,316.9375,855.0
1780761362.1434898,15,318.296875,874.5
1780761362.1434898,15,319.5625,899.75
1780761362.1434898,15,320.78125,924.5
1780761362.1434898,15,329.4375,1772.0
1780761362.1434898,15,330.703125,1748.0
1780761362.1434898,15,332.078125,1733.25
1780761362.1434898,15,336.09375,1695.0
1780761362.1434898,15,340.046875,1809.0
1780761362.1434898,15,346.6875,1875.75
1780761362.1434898,15,348.0,1846.75
1780761362.1434898,15,349.34375,1846.0
1780761362.1434898,15,350.65625,1845.25
1780761362.280752,15,352.0,1844.5
1780761362.280752,15,354.890625,1445.5
1780761362.280752,15,356.234375,1444.25
1780761362.280752,15,357.578125,1442.75
1780761362.280752,15,358.90625,1442.75
1780761362.280752,15,1.546875,1443.25
1780761362.280752,15,2.90625,1443.25
1780761362.280752,15,4.203125,1442.75
1780761362.280752,15,5.53125,1443.5
1780761362.280752,15,6.828125,1444.25
1780761362.280752,15,10.6875,1845.75
1780761362.280752,15,11.984375,1846.5
1780761362.280752,15,13.34375,1847.5
1780761362.280752,15,21.359375,1822.25
1780761362.280752,15,28.421875,1249.5
1780761362.280752,15,34.90625,1407.25
1780761362.280752,15,36.328125,1422.5
1780761362.280752,15,41.65625,1436.5
1780761362.280752,15,49.5,1795.5
1780761362.280752,15,50.875,1759.0
1780761362.280752,6,52.234375,1733.0
1780761362.280752,15,54.9375,1696.75
1780761362.280752,15,56.28125,1672.5
1780761362.280752,15,57.609375,1646.0
1780761362.280752,15,58.96875,1606.5
1780761362.280752,15,61.578125,1571.5
1780761362.280752,15,62.875,1550.0
1780761362.280752,15,64.21875,1539.75
1780761362.280752,7,65.53125,1530.0
1780761362.280752,15,66.90625,1510.75
1780761362.280752,15,68.265625,1484.0
1780761362.280752,15,69.625,1466.75
1780761362.280752,15,75.328125,552.25
1780761362.280752,15,76.515625,553.5
1780761362.280752,15,77.84375,556.25
1780761362.280752,15,79.125,560.25
1780761362.280752,15,80.5625,564.25
1780761362.280752,15,81.953125,568.5
1780761362.280752,15,83.09375,573.75
1780761362.280752,15,85.59375,1385.0
1780761362.280752,15,86.953125,1378.0
1780761362.280752,15,88.296875,1377.75
1780761362.280752,10,89.578125,1376.25
1780761362.280752,15,90.953125,1376.25
1780761362.280752,15,92.234375,1376.75
1780761362.280752,15,93.609375,1376.75
1780761362.280752,15,94.9375,1377.5
1780761362.280752,15,96.265625,1378.25
1780761362.280752,15,97.53125,1378.75
1780761362.280752,15,98.859375,1379.75
1780761362.280752,15,100.265625,1382.5
1780761362.280752,15,101.5,1396.75
1780761362.280752,15,102.828125,1409.25
1780761362.280752,15,104.203125,1410.0
1780761362.280752,15,105.5,1410.75
1780761362.280752,15,106.828125,1411.25
1780761362.280752,15,108.234375,1426.5
1780761362.280752,15,112.234375,1459.75
1780761362.280752,15,116.296875,1350.75
1780761362.280752,15,117.65625,1340.25
1780761362.280752,15,118.96875,1335.75
1780761362.280752,15,120.34375,1336.0
1780761362.280752,15,121.6875,1347.25
1780761362.280752,15,123.046875,1345.0
1780761362.280752,15,127.921875,730.75
1780761362.280752,15,129.203125,730.5
1780761362.280752,15,146.875,1434.75
1780761362.280752,15,148.234375,1417.75
1780761362.280752,15,149.578125,1408.25
1780761362.280752,5,152.21875,1378.5
1780761362.280752,15,156.140625,1616.0
1780761362.280752,15,157.421875,1594.25
1780761362.280752,15,158.78125,1590.0
1780761362.280752,15,160.125,1580.0
1780761362.280752,15,161.5,1560.5
1780761362.280752,15,167.078125,1182.0
1780761362.280752,15,168.390625,1185.75
1780761362.280752,15,169.734375,1183.25
1780761362.280752,15,171.125,1184.0
1780761362.280752,15,172.421875,1171.25
1780761362.280752,15,173.78125,1163.75
1780761362.280752,15,175.125,1165.25
1780761362.280752,15,176.421875,1168.25
1780761362.280752,15,177.8125,1165.25
1780761362.280752,15,179.0625,1165.0
1780761362.280752,15,180.46875,1169.25
1780761362.280752,15,181.828125,1164.0
1780761362.280752,15,183.109375,1161.5
1780761362.280752,15,184.515625,1166.0
1780761362.280752,15,185.765625,1170.25
1780761362.280752,15,187.1875,1170.75
1780761362.280752,15,188.515625,1174.0
1780761362.280752,15,189.796875,1176.5
1780761362.280752,15,191.09375,1175.25
1780761362.280752,15,192.5,1178.25
1780761362.280752,15,193.765625,1186.0
1780761362.280752,15,195.140625,1208.25
1780761362.280752,15,197.75,1189.75
1780761362.280752,15,199.109375,1213.75
1780761362.280752,15,200.40625,1245.0
1780761362.280752,15,206.59375,2274.25
1780761362.280752,15,221.875,1131.25
1780761362.280752,7,223.328125,1099.75
1780761362.280752,15,224.671875,1073.25
1780761362.280752,15,226.078125,1047.75
1780761362.280752,15,227.46875,1021.25
1780761362.280752,15,228.71875,1004.0
1780761362.280752,15,230.078125,986.5
1780761362.280752,15,231.40625,965.75
1780761362.280752,15,232.859375,947.75
1780761362.280752,15,234.140625,933.0
1780761362.280752,15,235.53125,919.25
1780761362.280752,15,236.84375,907.5
1780761362.280752,15,238.1875,895.0
1780761362.280752,15,239.546875,881.75
1780761362.280752,15,240.875,869.75
1780761362.280752,15,242.296875,859.0
1780761362.280752,15,243.65625,850.25
1780761362.280752,15,245.09375,839.25
1780761362.280752,15,246.328125,828.75
1780761362.280752,15,247.671875,819.5
1780761362.280752,15,249.015625,812.5
1780761362.280752,15,250.46875,806.25
1780761362.280752,15,251.75,797.5
1780761362.280752,15,253.171875,790.5
1780761362.280752,15,254.5,786.0
1780761362.280752,15,255.703125,781.5
1780761362.280752,15,257.0625,777.0
1780761362.280752,15,258.375,773.25
1780761362.280752,15,259.75,769.0
1780761362.280752,15,261.15625,765.5
1780761362.280752,15,264.4375,578.25
1780761362.280752,15,265.671875,578.75
1780761362.280752,15,267.03125,577.75
1780761362.280752,15,268.546875,576.75
1780761362.280752,15,269.8125,576.0
1780761362.280752,15,271.1875,576.0
1780761362.280752,15,272.515625,577.25
1780761362.280752,15,273.765625,578.5
1780761362.280752,15,275.0625,579.25
1780761362.280752,15,276.375,580.25
1780761362.280752,15,277.6875,581.75
1780761362.280752,15,279.03125,583.5
1780761362.280752,15,280.515625,585.75
1780761362.280752,15,281.65625,588.25
1780761362.280752,15,283.125,591.5
1780761362.280752,15,284.3125,595.5
1780761362.280752,15,285.8125,590.75
1780761362.280752,15,290.34375,800.0
1780761362.280752,15,291.78125,807.5
1780761362.280752,15,293.03125,814.0
1780761362.280752,15,294.3125,821.25
1780761362.280752,15,295.734375,831.25
1780761362.280752,15,296.921875,842.25
1780761362.280752,15,298.28125,853.75
1780761362.280752,15,299.65625,862.75
1780761362.280752,15,300.9375,871.75
1780761362.280752,15,302.21875,883.5
1780761362.280752,15,303.546875,896.75
1780761362.280752,15,304.859375,910.75
1780761362.280752,15,306.25,923.5
1780761362.280752,15,307.578125,936.0
1780761362.280752,15,308.90625,951.0
1780761362.280752,15,310.171875,968.75
1780761362.280752,15,311.46875,984.75
1780761362.280752,15,312.6875,1005.5
1780761362.280752,15,317.078125,876.25
1780761362.280752,15,319.546875,899.75
1780761362.280752,15,320.90625,918.0
1780761362.280752,15,330.796875,1771.75
1780761362.280752,15,332.15625,1747.75
1780761362.280752,15,333.484375,1747.25
1780761362.280752,15,334.84375,1722.75
1780761362.280752,4,336.1875,1698.5
1780761362.280752,15,337.5,1721.25
1780761362.280752,4,345.4375,1861.5
1780761362.280752,15,350.8125,1861.75
1780761362.4185202,15,352.15625,1847.0
1780761362.4185202,15,354.96875,1531.0
1780761362.4185202,15,356.3125,1531.0
1780761362.4185202,4,357.625,1530.5
1780761362.4185202,5,358.96875,1529.75
1780761362.4185202,7,0.28125,1529.5
1780761362.4185202,4,1.625,1529.75
1780761362.4185202,5,3.0,1529.75
1780761362.4185202,15,4.359375,1530.25
1780761362.4185202,15,5.65625,1531.0
1780761362.4185202,15,10.8125,1847.25
1780761362.4185202,15,13.484375,1876.0
1780761362.4185202,15,35.078125,1452.75
1780761362.4185202,15,36.4375,1453.75
1780761362.4185202,15,44.359375,1559.75
1780761362.4185202,15,49.59375,1795.5
1780761362.4185202,15,53.640625,1673.0
1780761362.4185202,15,56.328125,1685.0
1780761362.4185202,15,57.671875,1646.25
1780761362.4185202,15,60.40625,1605.0
1780761362.4185202,15,61.796875,1569.75
1780761362.4185202,15,63.125,1549.75
1780761362.4185202,15,64.484375,1539.75
1780761362.4185202,8,65.765625,1530.0
1780761362.4185202,15,67.171875,1510.5
1780761362.4185202,15,71.40625,565.25
1780761362.4185202,15,72.640625,566.75
1780761362.4185202,15,74.21875,568.75
1780761362.4185202,15,75.5,570.5
1780761362.4185202,15,76.640625,572.25
1780761362.4185202,15,78.078125,575.25
1780761362.4185202,15,79.515625,579.0
1780761362.4185202,15,83.234375,1380.5
1780761362.4185202,15,84.5625,1378.75
1780761362.4185202,15,85.921875,1378.0
1780761362.4185202,15,87.296875,1377.5
1780761362.4185202,15,88.59375,1377.5
1780761362.4185202,15,89.9375,1377.0
1780761362.4185202,15,91.234375,1376.75
1780761362.4185202,15,92.65625,1376.75
1780761362.4185202,15,93.9375,1377.25
1780761362.4185202,15,95.25,1378.25
1780761362.4185202,15,96.578125,1379.0
1780761362.4185202,15,97.984375,1379.5
1780761362.4185202,15,99.3125,1380.25
1780761362.4185202,15,100.640625,1382.75
1780761362.4185202,15,101.90625,1397.0
1780761362.4185202,15,103.234375,1409.25
1780761362.4185202,15,104.625,1410.25
1780761362.4185202,15,105.953125,1411.0
1780761362.4185202,6,107.234375,1418.25
1780761362.4185202,15,113.984375,1326.0
1780761362.4185202,15,115.296875,1336.0
1780761362.4185202,15,116.6875,1335.75
1780761362.4185202,15,118.03125,1334.75
1780761362.4185202,15,119.3125,1334.75
1780761362.4185202,15,120.625,1341.75
1780761362.4185202,15,122.015625,1339.5
1780761362.4185202,15,125.609375,710.75
1780761362.4185202,15,126.96875,709.0
1780761362.4185202,15,145.953125,1425.25
1780761362.4185202,15,148.640625,1333.5
1780761362.4185202,15,150.0,1346.25
1780761362.4185202,15,151.328125,1346.0
1780761362.4185202,15,155.203125,1600.0
1780761362.4185202,15,156.515625,1580.25
1780761362.4185202,15,157.875,1560.5
1780761362.4185202,15,159.15625,1549.25
1780761362.4185202,15,160.5625,1539.75
1780761362.4185202,15,166.171875,1149.5
1780761362.4185202,15,167.515625,1154.0
1780761362.4185202,15,168.84375,1154.5
1780761362.4185202,15,170.234375,1156.25
1780761362.4185202,15,171.5625,1147.75
1780761362.4185202,15,172.921875,1136.0
1780761362.4185202,15,174.25,1133.0
1780761362.4185202,15,175.5625,1139.0
1780761362.4185202,15,176.921875,1139.75
1780761362.4185202,15,178.21875,1137.0
1780761362.4185202,15,179.625,1134.0
1780761362.4185202,15,180.953125,1125.5
1780761362.4185202,15,182.28125,1127.75
1780761362.4185202,15,183.640625,1130.75
1780761362.4185202,15,184.90625,1138.5
1780761362.4185202,15,186.328125,1140.75
1780761362.4185202,15,187.6875,1137.5
1780761362.4185202,15,188.9375,1142.25
1780761362.4185202,15,190.265625,1143.0
1780761362.4185202,15,191.609375,1146.25
1780761362.4185202,15,193.015625,1147.75
1780761362.4185202,15,194.359375,1149.0
1780761362.4185202,15,198.34375,1161.5
1780761362.4185202,15,199.640625,1183.25
1780761362.4185202,15,200.96875,1202.25
1780761362.4185202,15,205.640625,2294.25
1780761362.4185202,11,207.015625,2268.25
1780761362.4185202,15,212.6875,1462.5
1780761362.4185202,15,217.96875,1609.5
1780761362.4185202,15,220.984375,1135.5
1780761362.4185202,15,222.328125,1121.75
1780761362.4185202,15,223.734375,1091.75
1780761362.4185202,15,225.125,1060.75
1780761362.4185202,15,226.46875,1035.5
1780761362.4185202,10,227.8125,1015.75
1780761362.4185202,15,229.203125,996.25
1780761362.4185202,15,230.46875,979.0
1780761362.4185202,15,231.890625,963.25
1780761362.4185202,15,233.21875,946.75
1780761362.4185202,15,234.609375,928.75
1780761362.4185202,15,235.90625,913.0
1780761362.4185202,15,237.28125,905.25
1780761362.4185202,15,238.6875,892.75
1780761362.4185202,15,239.96875,877.25
1780761362.4185202,15,241.34375,867.0
1780761362.4185202,15,242.65625,857.25
1780761362.4185202,15,244.125,846.25
1780761362.4185202,15,245.375,833.5
1780761362.4185202,15,246.734375,824.25
1780761362.4185202,15,248.171875,817.5
1780761362.4185202,15,249.546875,810.5
1780761362.4185202,15,250.90625,803.5
1780761362.4185202,15,252.28125,796.25
1780761362.4185202,15,253.609375,789.75
1780761362.4185202,15,255.015625,783.75
1780761362.4185202,15,256.328125,778.75
1780761362.4185202,15,257.75,774.5
1780761362.4185202,15,259.03125,771.25
1780761362.4185202,15,260.421875,767.75
1780761362.4185202,15,261.734375,764.0
1780761362.4185202,15,263.078125,761.5
1780761362.4185202,15,264.40625,759.0
1780761362.4185202,15,267.609375,572.0
1780761362.4185202,15,269.046875,577.5
1780761362.4185202,15,270.40625,577.25
1780761362.4185202,15,271.796875,576.75
1780761362.4185202,15,272.984375,577.0
1780761362.4185202,15,274.390625,579.25
1780761362.4185202,15,275.6875,580.25
1780761362.4185202,15,277.046875,581.0
1780761362.4185202,15,278.375,582.75
1780761362.4185202,15,279.53125,583.75
1780761362.4185202,15,280.796875,586.0
1780761362.4185202,15,282.125,589.75
1780761362.4185202,15,283.546875,592.5
1780761362.4185202,15,284.984375,596.25
1780761362.4185202,15,286.3125,599.75
1780761362.4185202,15,287.59375,604.0
1780761362.4185202,15,288.921875,608.75
1780761362.4185202,15,293.609375,815.75
1780761362.4185202,15,294.78125,824.5
1780761362.4185202,15,296.09375,835.25
1780761362.4185202,15,297.4375,845.75
1780761362.4185202,15,298.78125,856.25
1780761362.4185202,15,300.15625,865.75
1780761362.4185202,15,301.4375,877.0
1780761362.4185202,15,302.859375,889.25
1780761362.4185202,15,304.03125,901.5
1780761362.4185202,15,305.453125,916.25
1780761362.4185202,15,306.71875,929.5
1780761362.4185202,12,308.046875,943.5
1780761362.4185202,15,309.390625,960.25
1780761362.4185202,15,310.640625,976.25
1780761362.4185202,15,312.03125,994.0
1780761362.4185202,15,313.265625,1013.25
1780761362.4185202,15,314.59375,1028.5
1780761362.4185202,15,317.421875,920.25
1780761362.4185202,15,318.828125,907.0
1780761362.4185202,15,320.0625,910.25
1780761362.4185202,15,321.421875,932.5
1780761362.4185202,15,322.6875,954.5
1780761362.4185202,15,327.6875,1311.25
1780761362.4185202,15,332.734375,1795.75
1780761362.4185202,15,334.0625,1782.5
1780761362.4185202,15,335.40625,1758.5
1780761362.4185202,15,336.75,1725.25
1780761362.4185202,4,350.03125,1877.5
1780761362.559456,15,351.375,1875.25
1780761362.559456,15,355.546875,1570.75
1780761362.559456,15,356.859375,1570.5
1780761362.559456,15,358.140625,1570.5
1780761362.559456,15,2.140625,1570.5
1780761362.559456,15,3.53125,1570.5
1780761362.559456,15,4.8125,1570.5
1780761362.559456,15,6.21875,1570.5
1780761362.559456,5,10.015625,1902.5
1780761362.559456,15,11.359375,1903.75
1780761362.559456,7,20.75,1889.75
1780761362.559456,15,34.296875,1460.25
1780761362.559456,15,35.609375,1451.75
1780761362.559456,15,48.75,1795.75
1780761362.559456,15,50.078125,1760.0
1780761362.559456,15,52.78125,1733.5
1780761362.559456,4,54.109375,1708.5
1780761362.559456,15,59.53125,1600.0
1780761362.559456,15,60.890625,1580.25
1780761362.559456,15,62.25,1560.5
1780761362.559456,15,63.59375,1540.75
1780761362.559456,15,67.734375,578.25
1780761362.559456,15,69.1875,578.25
1780761362.559456,15,70.59375,579.75
1780761362.559456,15,71.875,580.75
1780761362.559456,15,73.234375,582.5
1780761362.559456,15,74.390625,585.75
1780761362.559456,15,75.671875,588.5
1780761362.559456,15,79.65625,1397.25
1780761362.559456,15,81.03125,1384.5
1780761362.559456,15,82.34375,1382.25
1780761362.559456,15,83.75,1379.75
1780761362.559456,15,85.09375,1378.5
1780761362.559456,15,86.390625,1377.75
1780761362.559456,15,87.703125,1377.0
1780761362.559456,8,89.09375,1376.5
1780761362.559456,9,90.421875,1376.5
1780761362.559456,10,91.765625,1376.5
1780761362.559456,15,93.03125,1376.75
1780761362.559456,15,94.453125,1377.5
1780761362.559456,15,95.765625,1378.25
1780761362.559456,15,97.046875,1378.75
1780761362.559456,15,98.453125,1379.25
1780761362.559456,15,99.734375,1382.25
1780761362.559456,15,101.078125,1396.5
1780761362.559456,15,102.375,1408.75
1780761362.559456,15,103.71875,1409.25
1780761362.559456,15,105.046875,1410.5
1780761362.559456,8,106.390625,1411.5
1780761362.559456,15,110.3125,1424.75
1780761362.559456,15,113.125,1271.0
1780761362.559456,15,115.8125,1257.25
1780761362.559456,15,118.34375,1333.75
1780761362.559456,15,119.765625,1339.75
1780761362.559456,15,123.375,693.25
1780761362.559456,15,124.71875,693.25
1780761362.559456,15,146.359375,1347.0
1780761362.559456,15,147.703125,1326.25
1780761362.559456,15,149.03125,1320.0
1780761362.559456,15,150.421875,1319.75
1780761362.559456,15,155.578125,1551.0
1780761362.559456,15,156.984375,1540.0
1780761362.559456,6,158.3125,1529.75
1780761362.559456,15,165.296875,1107.5
1780761362.559456,15,166.65625,1115.0
1780761362.559456,15,168.0,1123.75
1780761362.559456,15,169.28125,1123.0
1780761362.559456,15,170.6875,1126.25
1780761362.559456,15,172.0625,1117.25
1780761362.559456,15,173.328125,1103.0
1780761362.559456,15,174.65625,1099.0
1780761362.559456,15,176.0,1099.0
1780761362.559456,15,177.421875,1101.0
1780761362.559456,15,178.75,1099.5
1780761362.559456,15,180.015625,1101.25
1780761362.559456,15,181.421875,1108.75
1780761362.559456,15,182.8125,1105.75
1780761362.559456,15,184.03125,1098.75
1780761362.559456,15,185.375,1099.25
1780761362.559456,15,186.796875,1102.0
1780761362.559456,15,188.140625,1103.75
1780761362.559456,15,189.390625,1105.0
1780761362.559456,15,190.8125,1108.75
1780761362.559456,15,192.09375,1111.0
1780761362.559456,15,193.375,1114.75
1780761362.559456,15,194.78125,1121.5
1780761362.559456,15,196.09375,1141.0
1780761362.559456,15,197.375,1140.5
1780761362.559456,15,198.734375,1129.75
1780761362.559456,15,200.09375,1148.75
1780761362.559456,15,201.34375,1173.0
1780761362.559456,13,206.125,2271.75
1780761362.559456,15,213.140625,1440.25
1780761362.559456,15,218.421875,1584.75
1780761362.559456,15,224.1875,1081.0
1780761362.559456,15,226.9375,1028.75
1780761362.559456,15,228.203125,1012.5
1780761362.559456,15,229.59375,991.5
1780761362.559456,15,231.0,972.75
1780761362.559456,15,232.25,956.0
1780761362.559456,15,233.625,938.75
1780761362.559456,15,234.984375,924.25
1780761362.559456,15,236.4375,910.75
1780761362.559456,15,237.78125,895.75
1780761362.559456,15,239.109375,881.5
1780761362.559456,15,240.5,869.0
1780761362.559456,15,241.765625,860.75
1780761362.559456,15,243.125,851.25
1780761362.559456,15,244.53125,840.75
1780761362.559456,15,245.9375,830.5
1780761362.559456,15,247.234375,819.75
1780761362.559456,15,248.5625,812.25
1780761362.559456,15,249.828125,807.5
1780761362.559456,15,251.3125,800.75
1780761362.559456,15,252.8125,793.0
1780761362.559456,15,254.109375,787.25
1780761362.559456,15,255.40625,782.5
1780761362.559456,15,256.828125,778.0
1780761362.559456,15,258.171875,773.0
1780761362.559456,15,259.453125,769.25
1780761362.559456,15,260.84375,766.75
1780761362.559456,15,262.1875,763.75
1780761362.559456,15,263.453125,760.5
1780761362.559456,15,264.921875,757.75
1780761362.559456,15,266.3125,755.75
1780761362.559456,15,267.515625,755.25
1780761362.559456,15,268.90625,755.0
1780761362.559456,15,272.234375,572.25
1780761362.559456,15,273.546875,575.75
1780761362.559456,15,274.921875,577.0
1780761362.559456,15,276.234375,579.0
1780761362.559456,15,277.53125,580.5
1780761362.559456,15,278.75,582.75
1780761362.559456,15,280.15625,584.75
1780761362.559456,15,281.390625,586.75
1780761362.559456,15,282.71875,590.5
1780761362.559456,15,284.0,594.5
1780761362.559456,15,285.359375,597.75
1780761362.559456,15,286.59375,601.25
1780761362.559456,15,287.96875,606.0
1780761362.559456,15,289.40625,610.25
1780761362.559456,15,290.671875,614.75
1780761362.559456,15,291.859375,621.5
1780761362.559456,15,293.171875,629.25
1780761362.559456,15,295.40625,830.25
1780761362.559456,15,296.734375,840.5
1780761362.559456,15,298.0,850.25
1780761362.559456,15,299.25,859.0
1780761362.559456,15,300.609375,870.0
1780761362.559456,15,301.984375,881.5
1780761362.559456,15,303.34375,894.0
1780761362.559456,15,304.546875,908.75
1780761362.559456,15,305.84375,923.5
1780761362.559456,15,307.265625,934.75
1780761362.559456,15,308.546875,948.25
1780761362.559456,15,309.78125,964.75
1780761362.559456,15,311.140625,983.0
1780761362.559456,9,312.484375,1000.25
1780761362.559456,15,313.8125,1017.5
1780761362.559456,15,315.015625,1036.0
1780761362.559456,15,316.328125,1060.75
1780761362.559456,15,319.234375,940.0
1780761362.559456,15,320.609375,928.5
1780761362.559456,10,321.84375,939.75
1780761362.559456,15,323.125,965.75
1780761362.559456,15,333.265625,1832.75
1780761362.559456,15,334.609375,1807.75
1780761362.559456,15,335.984375,1783.75
1780761362.559456,15,337.34375,1779.75
1780761362.559456,15,345.25,1999.25
1780761362.696645,15,354.875,1619.5
1780761362.696645,15,356.1875,1609.75
1780761362.696645,15,357.484375,1609.75
1780761362.696645,15,358.84375,1600.25
1780761362.696645,15,1.5,1600.25
1780761362.696645,15,2.875,1602.25
1780761362.696645,15,5.609375,1594.0
1780761362.696645,15,6.875,1611.25
1780761362.696645,15,10.796875,1937.25
1780761362.696645,15,12.015625,1952.25
1780761362.696645,15,13.328125,1983.5
1780761362.696645,15,40.40625,1574.75
1780761362.696645,15,41.71875,1582.25
1780761362.696645,15,53.703125,1733.25
1780761362.696645,15,57.796875,1640.0
1780761362.696645,15,59.140625,1610.75
1780761362.696645,15,60.46875,1590.0
1780761362.696645,15,64.640625,594.0
1780761362.696645,15,66.03125,593.75
1780761362.696645,15,67.390625,593.5
1780761362.696645,15,68.59375,594.0
1780761362.696645,15,70.015625,595.25
1780761362.696645,15,71.375,597.0
1780761362.696645,15,72.640625,600.0
1780761362.696645,15,75.328125,1419.5
1780761362.696645,15,76.65625,1411.0
1780761362.696645,15,77.953125,1410.0
1780761362.696645,15,79.328125,1398.5
1780761362.696645,15,80.71875,1386.5
1780761362.696645,15,82.0,1382.75
1780761362.696645,15,83.34375,1379.5
1780761362.696645,15,84.6875,1379.0
1780761362.696645,15,86.078125,1378.25
1780761362.696645,15,87.4375,1377.5
1780761362.696645,8,88.75,1377.0
1780761362.696645,8,90.046875,1376.25
1780761362.696645,15,91.453125,1376.75
1780761362.696645,15,92.75,1377.25
1780761362.696645,15,94.125,1377.25
1780761362.696645,15,95.4375,1378.25
1780761362.696645,15,96.734375,1378.75
1780761362.696645,15,98.109375,1379.75
1780761362.696645,15,99.46875,1380.75
1780761362.696645,15,100.8125,1383.0
1780761362.696645,15,102.078125,1396.75
1780761362.696645,15,103.40625,1409.0
1780761362.696645,15,104.796875,1409.75
1780761362.696645,13,111.4375,1305.0
1780761362.696645,6,114.171875,1259.75
1780761362.696645,15,115.5,1265.25
1780761362.696645,15,116.859375,1288.5
1780761362.696645,15,120.65625,671.25
1780761362.696645,15,121.9375,668.0
1780761362.696645,15,132.6875,1435.25
1780761362.696645,15,140.484375,1795.75
1780761362.696645,15,146.125,1319.75
1780761362.696645,15,148.765625,1262.25
1780761362.696645,15,150.140625,1262.25
1780761362.696645,15,158.09375,1477.5
1780761362.696645,15,159.5,1460.25
1780761362.696645,15,165.203125,1083.75
1780761362.696645,15,166.5625,1090.75
1780761362.696645,15,167.890625,1088.25
1780761362.696645,15,169.203125,1092.5
1780761362.696645,15,170.59375,1087.75
1780761362.696645,15,171.953125,1074.75
1780761362.696645,15,173.28125,1068.25
1780761362.696645,15,174.625,1065.5
1780761362.696645,15,175.921875,1064.75
1780761362.696645,15,177.234375,1064.5
1780761362.696645,15,178.59375,1063.5
1780761362.696645,15,179.921875,1066.75
1780761362.696645,15,181.3125,1072.25
1780761362.696645,15,182.578125,1068.25
1780761362.696645,15,184.0,1060.0
1780761362.696645,15,185.296875,1071.25
1780761362.696645,15,186.65625,1072.5
1780761362.696645,15,187.984375,1062.75
1780761362.696645,15,189.28125,1067.25
1780761362.696645,15,190.6875,1073.25
1780761362.696645,15,192.0,1080.25
1780761362.696645,15,193.3125,1086.5
1780761362.696645,15,194.609375,1084.75
1780761362.696645,15,195.984375,1086.75
1780761362.696645,15,197.3125,1090.25
1780761362.696645,15,198.65625,1089.25
1780761362.696645,15,199.953125,1102.25
1780761362.696645,15,201.21875,1124.25
1780761362.696645,15,202.515625,1152.5
1780761362.696645,15,219.6875,1554.0
1780761362.696645,15,225.53125,1055.0
1780761362.696645,15,226.84375,1031.75
1780761362.696645,15,228.234375,1012.0
1780761362.696645,15,229.625,991.5
1780761362.696645,15,230.921875,972.75
1780761362.696645,15,232.296875,955.75
1780761362.696645,15,233.75,938.75
1780761362.696645,15,235.03125,924.25
1780761362.696645,15,236.40625,910.75
1780761362.696645,15,237.8125,895.75
1780761362.696645,15,239.171875,884.25
1780761362.696645,15,240.59375,872.0
1780761362.696645,15,241.828125,860.5
1780761362.696645,15,243.25,853.25
1780761362.696645,15,244.5625,842.75
1780761362.696645,15,245.921875,831.75
1780761362.696645,15,247.359375,821.0
1780761362.696645,15,248.703125,812.5
1780761362.696645,15,250.03125,806.5
1780761362.696645,15,251.390625,799.0
1780761362.696645,15,252.703125,792.25
1780761362.696645,15,254.078125,787.0
1780761362.696645,15,255.34375,782.25
1780761362.696645,15,256.875,777.5
1780761362.696645,15,258.078125,773.0
1780761362.696645,15,259.5,769.25
1780761362.696645,15,260.828125,766.5
1780761362.696645,15,262.171875,763.5
1780761362.696645,15,263.5,760.5
1780761362.696645,15,264.953125,758.0
1780761362.696645,15,266.28125,756.0
1780761362.696645,15,267.625,755.25
1780761362.696645,15,268.84375,754.75
1780761362.696645,15,270.234375,754.25
1780761362.696645,15,271.578125,754.25
1780761362.696645,15,272.953125,757.75
1780761362.696645,15,276.109375,581.0
1780761362.696645,15,277.53125,581.0
1780761362.696645,15,278.78125,583.0
1780761362.696645,15,280.21875,584.75
1780761362.696645,15,281.453125,586.5
1780761362.696645,15,282.8125,590.0
1780761362.696645,15,284.078125,594.25
1780761362.696645,15,285.515625,597.5
1780761362.696645,15,286.8125,601.0
1780761362.696645,15,288.171875,604.75
1780761362.696645,15,289.359375,609.25
1780761362.696645,15,290.78125,615.0
1780761362.696645,15,291.984375,621.25
1780761362.696645,15,293.375,628.5
1780761362.696645,15,298.046875,848.25
1780761362.696645,15,299.421875,861.0
1780761362.696645,15,300.65625,870.0
1780761362.696645,15,302.078125,882.0
1780761362.696645,15,303.359375,894.25
1780761362.696645,15,304.59375,906.5
1780761362.696645,15,305.96875,921.0
1780761362.696645,15,307.265625,935.0
1780761362.696645,15,308.53125,948.5
1780761362.696645,15,309.828125,964.75
1780761362.696645,15,311.21875,982.75
1780761362.696645,11,312.53125,1000.25
1780761362.696645,15,313.8125,1018.0
1780761362.696645,15,315.140625,1037.0
1780761362.696645,15,317.703125,1094.5
1780761362.696645,15,320.640625,966.5
1780761362.696645,9,322.015625,959.5
1780761362.696645,15,323.3125,970.0
1780761362.696645,15,325.953125,1027.0
1780761362.696645,15,334.765625,1846.0
1780761362.696645,15,336.109375,1844.25
1780761362.696645,15,337.484375,1819.75
1780761362.696645,15,338.765625,1821.5
1780761362.696645,15,344.0625,2029.75
1780761362.696645,15,345.40625,2029.75
1780761362.696645,15,346.734375,1999.25
1780761362.696645,15,348.015625,1999.25
1780761362.696645,15,349.359375,1999.25
1780761362.696645,15,350.6875,1999.5
1780761362.83447,15,352.03125,1999.5
1780761362.83447,15,356.234375,1629.0
1780761362.83447,15,357.578125,1629.25
1780761362.83447,15,358.9375,1629.0
1780761362.83447,15,1.59375,1629.0
1780761362.83447,15,2.9375,1629.25
1780761362.83447,15,4.265625,1629.25
1780761362.83447,15,5.609375,1629.25
1780761362.83447,15,10.796875,1999.0
1780761362.83447,15,12.015625,1999.0
1780761362.83447,15,18.671875,1999.25
1780761362.83447,11,26.984375,1440.0
1780761362.83447,15,32.25,1549.75
1780761362.83447,15,39.0,1550.0
1780761362.83447,15,41.609375,1625.5
1780761362.83447,15,52.296875,1759.5
1780761362.83447,15,57.734375,1631.0
1780761362.83447,15,61.796875,611.5
1780761362.83447,15,63.125,609.75
1780761362.83447,15,64.5,609.25
1780761362.83447,15,65.796875,609.75
1780761362.83447,15,67.15625,610.25
1780761362.83447,15,68.546875,611.5
1780761362.83447,15,72.5,1434.75
1780761362.83447,15,73.828125,1419.75
1780761362.83447,15,75.15625,1411.5
1780761362.83447,15,76.515625,1410.75
1780761362.83447,15,77.859375,1409.75
1780761362.83447,15,79.25,1398.25
1780761362.83447,15,80.5,1397.5
1780761362.83447,15,81.859375,1395.0
1780761362.83447,15,83.1875,1381.0
1780761362.83447,15,84.484375,1379.25
1780761362.83447,15,85.859375,1378.5
1780761362.83447,9,87.1875,1377.75
1780761362.83447,15,88.453125,1377.0
1780761362.83447,15,89.796875,1376.75
1780761362.83447,15,91.203125,1376.75
1780761362.83447,9,92.46875,1376.75
1780761362.83447,15,93.875,1377.0
1780761362.83447,15,95.140625,1377.75
1780761362.83447,15,96.46875,1378.25
1780761362.83447,15,97.8125,1379.0
1780761362.83447,15,99.140625,1380.75
1780761362.83447,15,100.515625,1383.25
1780761362.83447,15,101.796875,1386.0
1780761362.83447,15,103.1875,1389.75
1780761362.83447,15,107.078125,1426.0
1780761362.83447,15,109.921875,1257.0
1780761362.83447,15,111.28125,1255.0
1780761362.83447,15,112.546875,1248.5
1780761362.83447,6,113.890625,1244.75
1780761362.83447,15,117.734375,652.75
1780761362.83447,15,119.03125,648.0
1780761362.83447,5,129.75,1433.0
1780761362.83447,15,131.09375,1425.25
1780761362.83447,15,132.421875,1434.75
1780761362.83447,15,143.171875,1319.75
1780761362.83447,5,145.84375,1262.0
1780761362.83447,15,147.1875,1249.75
1780761362.83447,15,148.5625,1243.5
1780761362.83447,4,149.90625,1249.5
1780761362.83447,15,155.140625,1474.75
1780761362.83447,15,156.515625,1449.75
1780761362.83447,15,157.859375,1434.5
1780761362.83447,7,159.21875,1426.0
1780761362.83447,15,163.59375,1049.75
1780761362.83447,15,164.90625,1049.0
1780761362.83447,15,166.265625,1058.0
1780761362.83447,15,167.609375,1063.25
1780761362.83447,15,168.890625,1061.0
1780761362.83447,15,170.328125,1054.5
1780761362.83447,15,171.65625,1040.5
1780761362.83447,15,173.03125,1029.0
1780761362.83447,15,174.34375,1032.0
1780761362.83447,15,175.609375,1034.25
1780761362.83447,15,177.03125,1032.25
1780761362.83447,15,178.375,1028.75
1780761362.83447,15,179.578125,1037.5
1780761362.83447,15,180.859375,1042.5
1780761362.83447,15,182.25,1031.25
1780761362.83447,15,183.59375,1025.0
1780761362.83447,15,184.921875,1031.5
1780761362.83447,15,186.1875,1036.75
1780761362.83447,15,187.546875,1034.75
1780761362.83447,15,188.875,1034.75
1780761362.83447,15,190.1875,1038.25
1780761362.83447,15,191.59375,1040.75
1780761362.83447,15,192.9375,1045.25
1780761362.83447,15,194.21875,1050.0
1780761362.83447,15,195.578125,1054.5
1780761362.83447,15,196.796875,1071.0
1780761362.83447,15,198.1875,1068.75
1780761362.83447,15,199.59375,1054.25
1780761362.83447,15,200.875,1069.0
1780761362.83447,15,202.171875,1098.5
1780761362.83447,15,215.328125,1374.0
1780761362.83447,15,220.53125,1525.25
1780761362.83447,15,229.171875,995.75
1780761362.83447,15,230.5625,978.5
1780761362.83447,15,231.859375,962.5
1780761362.83447,15,233.328125,946.0
1780761362.83447,15,234.703125,928.25
1780761362.83447,15,236.078125,912.75
1780761362.83447,15,237.375,900.0
1780761362.83447,15,238.78125,887.25
1780761362.83447,15,240.078125,873.5
1780761362.83447,15,241.46875,861.75
1780761362.83447,15,242.78125,853.25
1780761362.83447,15,244.140625,842.75
1780761362.83447,15,245.5,832.25
1780761362.83447,15,246.984375,822.0
1780761362.83447,15,248.328125,814.75
1780761362.83447,15,249.640625,808.25
1780761362.83447,15,251.046875,800.25
1780761362.83447,15,252.34375,793.5
1780761362.83447,15,253.6875,788.0
1780761362.83447,15,254.96875,783.25
1780761362.83447,15,256.390625,778.25
1780761362.83447,15,257.65625,774.0
1780761362.83447,15,259.03125,770.5
1780761362.83447,15,260.453125,767.0
1780761362.83447,15,261.875,763.0
1780761362.83447,15,263.21875,760.25
1780761362.83447,15,264.453125,758.25
1780761362.83447,15,265.765625,757.0
1780761362.83447,15,267.171875,756.0
1780761362.83447,15,268.5625,754.5
1780761362.83447,15,269.828125,754.0
1780761362.83447,15,271.265625,753.75
1780761362.83447,15,272.515625,754.75
1780761362.83447,15,273.921875,755.25
1780761362.83447,15,275.15625,756.25
1780761362.83447,15,279.75,582.5
1780761362.83447,15,281.078125,584.5
1780761362.83447,15,282.21875,587.5
1780761362.83447,15,283.71875,591.5
1780761362.83447,15,284.875,595.0
1780761362.83447,15,286.171875,598.5
1780761362.83447,15,287.484375,603.75
1780761362.83447,15,288.921875,608.25
1780761362.83447,15,290.234375,611.75
1780761362.83447,15,291.640625,616.0
1780761362.83447,15,292.84375,622.25
1780761362.83447,15,294.21875,629.75
1780761362.83447,15,295.421875,636.75
1780761362.83447,15,296.828125,644.5
1780761362.83447,15,298.125,652.5
1780761362.83447,15,299.3125,661.75
1780761362.83447,15,301.46875,878.25
1780761362.83447,15,302.890625,891.0
1780761362.83447,15,304.125,903.25
1780761362.83447,15,305.40625,916.25
1780761362.83447,15,306.8125,930.25
1780761362.83447,15,308.125,944.5
1780761362.83447,15,309.359375,960.75
1780761362.83447,15,310.734375,977.0
1780761362.83447,15,311.96875,994.25
1780761362.83447,15,313.375,1013.25
1780761362.83447,15,314.59375,1032.75
1780761362.83447,15,315.953125,1056.25
1780761362.83447,15,317.21875,1081.75
1780761362.83447,15,319.890625,1138.25
1780761362.83447,15,322.765625,984.25
1780761362.83447,15,325.390625,1015.5
1780761362.83447,15,338.140625,1828.5
1780761362.83447,15,342.046875,1999.25
1780761362.83447,15,343.359375,2030.75
1780761362.83447,15,344.734375,2061.25
1780761362.83447,15,348.734375,2044.75
1780761362.83447,15,350.078125,2028.25
1780761362.9718049,15,351.40625,2013.5
1780761362.9718049,15,352.75,1999.25
1780761362.9718049,15,7.453125,1999.25
1780761362.9718049,15,8.78125,1999.25
1780761362.9718049,15,10.140625,2013.75
1780761362.9718049,15,11.453125,2029.0
1780761362.9718049,15,12.78125,2045.0
1780761362.9718049,15,31.6875,1581.75
1780761362.9718049,15,37.1875,1590.0
1780761362.9718049,15,38.5,1610.0
1780761362.9718049,15,39.796875,1650.75
1780761362.9718049,15,51.890625,1760.0
1780761362.9718049,15,58.78125,631.5
1780761362.9718049,15,60.09375,629.0
1780761362.9718049,15,61.453125,626.5
1780761362.9718049,15,62.765625,625.5
1780761362.9718049,15,64.0625,626.0
1780761362.9718049,15,65.546875,626.75
1780761362.9718049,15,69.484375,1460.25
1780761362.9718049,15,70.828125,1458.0
1780761362.9718049,15,72.171875,1449.0
1780761362.9718049,15,73.5,1434.5
1780761362.9718049,15,74.890625,1419.25
1780761362.9718049,15,76.21875,1410.75
1780761362.9718049,15,77.5625,1409.75
1780761362.9718049,15,78.90625,1409.0
1780761362.9718049,15,80.28125,1397.25
1780761362.9718049,15,81.59375,1383.5
1780761362.9718049,15,83.0,1380.75
1780761362.9718049,15,84.140625,1379.5
1780761362.9718049,15,85.53125,1379.25
1780761362.9718049,15,86.828125,1378.75
1780761362.9718049,15,88.21875,1377.75
1780761362.9718049,15,89.5625,1376.5
1780761362.9718049,9,90.875,1376.25
1780761362.9718049,15,92.21875,1377.0
1780761362.9718049,15,93.5625,1377.0
1780761362.9718049,15,94.828125,1377.5
1780761362.9718049,15,96.15625,1378.25
1780761362.9718049,15,97.578125,1378.75
1780761362.9718049,15,98.828125,1379.5
1780761362.9718049,15,100.203125,1382.25
1780761362.9718049,15,101.5625,1386.5
1780761362.9718049,15,105.53125,1417.25
1780761362.9718049,15,108.390625,1258.25
1780761362.9718049,15,109.734375,1250.0
1780761362.9718049,15,111.0625,1248.0
1780761362.9718049,15,114.828125,632.0
1780761362.9718049,15,116.171875,630.25
1780761362.9718049,15,129.625,1425.25
1780761362.9718049,15,130.890625,1417.0
1780761362.9718049,15,132.28125,1434.75
1780761362.9718049,15,144.53125,1255.0
1780761362.9718049,15,145.875,1236.75
1780761362.9718049,15,147.171875,1221.0
1780761362.9718049,15,148.546875,1226.75
1780761362.9718049,15,153.71875,1449.5
1780761362.9718049,15,155.03125,1434.25
1780761362.9718049,15,156.34375,1425.25
1780761362.9718049,15,157.6875,1416.25
1780761362.9718049,15,163.453125,1014.0
1780761362.9718049,15,164.78125,1018.5
1780761362.9718049,15,166.0625,1025.75
1780761362.9718049,15,167.46875,1023.25
1780761362.9718049,15,168.734375,1024.0
1780761362.9718049,15,170.1875,1024.5
1780761362.9718049,15,171.484375,1012.25
1780761362.9718049,15,172.8125,999.25
1780761362.9718049,15,174.171875,996.0
1780761362.9718049,15,175.515625,999.5
1780761362.9718049,15,176.90625,996.5
1780761362.9718049,15,178.171875,994.75
1780761362.9718049,15,179.578125,1001.75
1780761362.9718049,15,180.921875,998.25
1780761362.9718049,15,182.25,992.5
1780761362.9718049,15,183.609375,993.0
1780761362.9718049,15,184.8125,997.75
1780761362.9718049,15,186.25,996.0
1780761362.9718049,15,187.578125,994.0
1780761362.9718049,15,188.875,1001.75
1780761362.9718049,15,190.21875,1002.75
1780761362.9718049,15,191.484375,1006.0
1780761362.9718049,15,192.921875,1009.75
1780761362.9718049,15,194.171875,1013.0
1780761362.9718049,15,195.578125,1011.75
1780761362.9718049,15,196.796875,1019.25
1780761362.9718049,15,198.15625,1025.5
1780761362.9718049,15,199.515625,1018.75
1780761362.9718049,15,200.84375,1028.0
1780761362.9718049,15,202.1875,1053.75
1780761362.9718049,15,203.40625,1083.75
1780761362.9718049,15,215.171875,1349.75
1780761362.9718049,15,216.515625,1346.25
1780761362.9718049,15,220.421875,1499.25
1780761362.9718049,11,221.75,1502.25
1780761362.9718049,15,230.390625,978.25
1780761362.9718049,15,231.75,961.5
1780761362.9718049,15,233.125,944.5
1780761362.9718049,15,234.5625,929.75
1780761362.9718049,15,235.953125,914.5
1780761362.9718049,15,237.1875,900.25
1780761362.9718049,15,238.625,887.5
1780761362.9718049,15,239.921875,874.5
1780761362.9718049,15,241.265625,862.75
1780761362.9718049,15,242.734375,852.75
1780761362.9718049,15,244.046875,842.0
1780761362.9718049,15,245.515625,830.0
1780761362.9718049,15,246.765625,820.25
1780761362.9718049,15,248.09375,814.5
1780761362.9718049,15,249.5,808.0
1780761362.9718049,15,250.90625,800.25
1780761362.9718049,15,252.234375,793.0
1780761362.9718049,15,253.546875,787.75
1780761362.9718049,15,254.9375,783.75
1780761362.9718049,15,256.171875,778.75
1780761362.9718049,15,257.59375,774.25
1780761362.9718049,15,259.03125,770.75
1780761362.9718049,15,260.234375,767.5
1780761362.9718049,15,261.59375,764.0
1780761362.9718049,15,262.96875,761.25
1780761362.9718049,15,264.375,758.75
1780761362.9718049,15,265.75,756.5
1780761362.9718049,15,266.953125,755.75
1780761362.9718049,15,268.296875,755.75
1780761362.9718049,15,269.71875,754.75
1780761362.9718049,15,271.03125,754.0
1780761362.9718049,15,272.359375,754.5
1780761362.9718049,15,273.71875,755.75
1780761362.9718049,15,275.078125,757.25
1780761362.9718049,15,276.234375,758.0
1780761362.9718049,15,277.640625,760.25
1780761362.9718049,15,282.1875,590.25
1780761362.9718049,15,283.578125,592.0
1780761362.9718049,15,284.90625,595.75
1780761362.9718049,15,286.265625,599.5
1780761362.9718049,15,287.46875,603.5
1780761362.9718049,15,288.71875,608.0
1780761362.9718049,15,290.171875,613.25
1780761362.9718049,15,291.34375,619.25
1780761362.9718049,15,292.640625,626.75
1780761362.9718049,15,294.0,632.5
1780761362.9718049,15,295.421875,637.25
1780761362.9718049,15,296.65625,645.0
1780761362.9718049,15,297.984375,653.5
1780761362.9718049,15,299.3125,662.75
1780761362.9718049,15,300.75,672.25
1780761362.9718049,15,305.515625,920.25
1780761362.9718049,15,306.921875,932.25
1780761362.9718049,15,308.25,946.25
1780761362.9718049,15,309.484375,962.5
1780761362.9718049,15,310.8125,980.25
1780761362.9718049,10,312.09375,999.25
1780761362.9718049,15,313.4375,1017.25
1780761362.9718049,15,314.828125,1035.25
1780761362.9718049,15,316.125,1060.0
1780761362.9718049,15,317.40625,1091.5
1780761362.9718049,15,320.078125,1145.5
1780761362.9718049,15,322.953125,1022.5
1780761362.9718049,8,324.21875,1014.0
1780761362.9718049,15,325.609375,1023.5
1780761362.9718049,15,326.84375,1047.75
1780761362.9718049,15,338.375,1848.25
1780761362.9718049,15,342.3125,2029.75
1780761362.9718049,15,347.640625,2077.0
1780761362.9718049,15,348.984375,2060.25
1780761362.9718049,15,350.328125,2060.25
1780761363.1094873,15,351.671875,2060.25
1780761363.1094873,15,353.015625,2060.25
1780761363.1094873,15,2.515625,1720.0
1780761363.1094873,15,10.4375,2060.5
1780761363.1094873,15,18.53125,2045.0
1780761363.1094873,15,30.765625,1600.5
1780761363.1094873,15,32.109375,1619.75
1780761363.1094873,15,37.546875,1650.25
1780761363.1094873,15,56.421875,652.0
1780761363.1094873,15,57.796875,649.5
1780761363.1094873,15,59.078125,647.75
1780761363.1094873,15,60.484375,645.75
1780761363.1094873,15,61.859375,645.25
1780761363.1094873,15,63.265625,648.5
1780761363.1094873,15,65.96875,1528.75
1780761363.1094873,15,67.28125,1505.75
1780761363.1094873,15,68.65625,1477.0
1780761363.1094873,15,70.046875,1464.25
1780761363.1094873,15,71.390625,1449.75
1780761363.1094873,15,72.734375,1434.25
1780761363.1094873,15,74.0625,1419.5
1780761363.1094873,15,75.40625,1411.5
1780761363.1094873,15,76.75,1410.75
1780761363.1094873,15,78.125,1399.75
1780761363.1094873,15,79.515625,1387.75
1780761363.1094873,15,80.84375,1385.75
1780761363.1094873,15,82.203125,1382.25
1780761363.1094873,15,83.390625,1379.5
1780761363.1094873,15,84.78125,1379.25
1780761363.1094873,15,86.09375,1378.75
1780761363.1094873,15,87.46875,1378.0
1780761363.1094873,9,88.75,1377.0
1780761363.1094873,9,90.171875,1376.25
1780761363.1094873,15,91.5,1376.75
1780761363.1094873,15,92.796875,1377.25
1780761363.1094873,15,94.171875,1377.25
1780761363.1094873,15,95.46875,1378.0
1780761363.1094873,15,96.796875,1378.5
1780761363.1094873,15,98.125,1379.75
1780761363.1094873,15,99.515625,1381.5
1780761363.1094873,15,106.328125,1249.25
1780761363.1094873,15,107.640625,1242.5
1780761363.1094873,15,111.59375,621.0
1780761363.1094873,15,112.921875,619.5
1780761363.1094873,15,116.90625,1320.5
1780761363.1094873,15,123.578125,1442.75
1780761363.1094873,15,124.859375,1434.75
1780761363.1094873,15,128.984375,1376.25
1780761363.1094873,15,130.25,1399.25
1780761363.1094873,15,131.546875,1417.25
1780761363.1094873,15,141.09375,1255.25
1780761363.1094873,15,142.4375,1237.25
1780761363.1094873,4,143.828125,1219.5
1780761363.1094873,15,145.21875,1202.25
1780761363.1094873,15,146.5625,1192.25
1780761363.1094873,15,147.828125,1193.25
1780761363.1094873,6,151.703125,1433.25
1780761363.1094873,15,153.03125,1417.25
1780761363.1094873,15,154.328125,1409.0
1780761363.1094873,15,155.71875,1393.75
1780761363.1094873,8,157.03125,1371.0
1780761363.1094873,15,158.4375,1361.5
1780761363.1094873,15,162.875,973.75
1780761363.1094873,15,164.171875,988.0
1780761363.1094873,15,165.5,993.75
1780761363.1094873,15,166.78125,991.0
1780761363.1094873,15,168.203125,989.0
1780761363.1094873,15,169.5,982.5
1780761363.1094873,15,170.90625,972.25
1780761363.1094873,15,172.265625,964.25
1780761363.1094873,15,173.609375,963.5
1780761363.1094873,15,174.84375,963.75
1780761363.1094873,15,176.296875,963.5
1780761363.1094873,15,177.609375,966.0
1780761363.1094873,15,178.96875,956.0
1780761363.1094873,15,180.203125,949.25
1780761363.1094873,15,181.578125,956.5
1780761363.1094873,15,182.8125,956.5
1780761363.1094873,15,184.234375,957.5
1780761363.1094873,15,185.578125,959.75
1780761363.1094873,15,186.859375,957.75
1780761363.1094873,15,188.265625,958.5
1780761363.1094873,15,189.578125,966.5
1780761363.1094873,15,190.84375,970.5
1780761363.1094873,15,192.203125,971.0
1780761363.1094873,15,193.515625,975.25
1780761363.1094873,15,194.890625,978.5
1780761363.1094873,15,196.109375,983.25
1780761363.1094873,15,197.5,984.25
1780761363.1094873,15,198.890625,979.0
1780761363.1094873,15,200.203125,983.5
1780761363.1094873,15,201.453125,1000.25
1780761363.1094873,15,202.8125,1021.5
1780761363.1094873,15,204.140625,1046.0
1780761363.1094873,15,215.96875,1318.75
1780761363.1094873,15,217.34375,1313.5
1780761363.1094873,15,221.265625,1473.5
1780761363.1094873,15,222.5625,1470.5
1780761363.1094873,14,229.8125,983.25
1780761363.1094873,15,231.125,966.0
1780761363.1094873,15,232.484375,949.25
1780761363.1094873,15,233.9375,932.75
1780761363.1094873,15,235.1875,918.25
1780761363.1094873,15,236.5625,904.75
1780761363.1094873,15,238.0,891.75
1780761363.1094873,15,239.375,879.0
1780761363.1094873,15,240.765625,866.5
1780761363.1094873,15,242.03125,856.5
1780761363.1094873,15,243.4375,846.0
1780761363.1094873,15,244.8125,833.75
1780761363.1094873,15,246.09375,823.25
1780761363.1094873,15,247.5,815.0
1780761363.1094873,15,248.875,809.0
1780761363.1094873,15,250.15625,803.0
1780761363.1094873,15,251.5625,796.25
1780761363.1094873,15,253.0,790.0
1780761363.1094873,15,254.21875,784.5
1780761363.1094873,15,255.703125,779.25
1780761363.1094873,15,256.921875,774.0
1780761363.1094873,15,258.328125,771.0
1780761363.1094873,15,259.703125,769.0
1780761363.1094873,15,261.078125,764.25
1780761363.1094873,15,262.46875,761.5
1780761363.1094873,15,263.75,759.5
1780761363.1094873,15,265.09375,757.25
1780761363.1094873,15,266.5,756.25
1780761363.1094873,15,267.84375,754.5
1780761363.1094873,15,269.203125,754.25
1780761363.1094873,15,270.40625,754.25
1780761363.1094873,15,271.859375,753.75
1780761363.1094873,15,273.0625,754.0
1780761363.1094873,15,274.5,755.5
1780761363.1094873,15,275.890625,756.75
1780761363.1094873,15,277.140625,758.75
1780761363.1094873,15,278.390625,761.0
1780761363.1094873,15,279.796875,762.75
1780761363.1094873,15,281.015625,766.25
1780761363.1094873,15,285.609375,602.0
1780761363.1094873,15,286.890625,600.5
1780761363.1094873,15,288.28125,604.25
1780761363.1094873,15,289.59375,608.75
1780761363.1094873,15,290.890625,614.5
1780761363.1094873,15,292.21875,620.75
1780761363.1094873,15,293.390625,628.0
1780761363.1094873,15,294.703125,634.75
1780761363.1094873,15,296.171875,641.25
1780761363.1094873,15,297.390625,648.5
1780761363.1094873,15,298.625,656.75
1780761363.1094873,15,300.125,666.25
1780761363.1094873,15,301.4375,675.75
1780761363.1094873,15,307.546875,939.75
1780761363.1094873,15,308.890625,957.0
1780761363.1094873,15,310.234375,973.25
1780761363.1094873,9,311.484375,991.5
1780761363.1094873,15,312.78125,1007.5
1780761363.1094873,15,314.203125,1023.0
1780761363.1094873,15,316.71875,1074.75
1780761363.1094873,15,319.34375,1136.5
1780761363.1094873,15,321.984375,1190.75
1780761363.1094873,15,325.046875,1039.25
1780761363.1094873,15,328.921875,1123.75
1780761363.2468626,15,351.1875,2077.25
1780761363.2468626,15,352.5625,2077.0
1780761363.2468626,15,355.34375,1748.0
1780761363.2468626,15,356.703125,1748.0
1780761363.2468626,15,2.109375,1747.75
1780761363.2468626,15,3.4375,1747.5
1780761363.2468626,15,4.765625,1759.75
1780761363.2468626,15,30.421875,1637.75
1780761363.2468626,15,31.71875,1659.75
1780761363.2468626,15,35.859375,1651.0
1780761363.2468626,6,38.515625,1720.0
1780761363.2468626,15,49.21875,1833.25
1780761363.2468626,15,53.3125,675.5
1780761363.2468626,15,54.59375,673.5
1780761363.2468626,15,56.0625,669.5
1780761363.2468626,15,57.375,665.75
1780761363.2468626,15,58.671875,664.25
1780761363.2468626,15,60.078125,664.0
1780761363.2468626,15,64.09375,1539.5
1780761363.2468626,8,65.46875,1530.0
1780761363.2468626,15,66.859375,1507.25
1780761363.2468626,15,68.21875,1479.5
1780761363.2468626,15,69.53125,1466.25
1780761363.2468626,15,70.921875,1457.25
1780761363.2468626,15,72.25,1449.0
1780761363.2468626,7,73.578125,1427.0
1780761363.2468626,15,74.96875,1411.75
1780761363.2468626,15,76.265625,1410.5
1780761363.2468626,15,77.65625,1410.0
1780761363.2468626,15,78.953125,1409.25
1780761363.2468626,15,80.375,1396.75
1780761363.2468626,15,81.734375,1383.0
1780761363.2468626,15,83.015625,1380.75
1780761363.2468626,15,84.390625,1379.5
1780761363.2468626,15,85.75,1378.0
1780761363.2468626,15,87.09375,1377.25
1780761363.2468626,15,88.390625,1377.75
1780761363.2468626,8,89.703125,1377.5
1780761363.2468626,15,91.109375,1377.25
1780761363.2468626,9,92.390625,1377.25
1780761363.2468626,15,93.796875,1377.0
1780761363.2468626,15,95.125,1377.75
1780761363.2468626,15,96.421875,1378.25
1780761363.2468626,15,97.84375,1379.25
1780761363.2468626,15,101.8125,1394.5
1780761363.2468626,4,104.59375,1243.5
1780761363.2468626,15,108.5625,610.5
1780761363.2468626,15,110.015625,604.75
1780761363.2468626,13,111.140625,615.5
1780761363.2468626,15,115.359375,1320.0
1780761363.2468626,15,121.96875,1442.75
1780761363.2468626,15,127.453125,1333.25
1780761363.2468626,15,132.703125,1433.75
1780761363.2468626,8,143.65625,1181.75
1780761363.2468626,10,145.0625,1166.25
1780761363.2468626,8,146.359375,1159.0
1780761363.2468626,15,151.515625,1423.5
1780761363.2468626,7,152.859375,1391.5
1780761363.2468626,15,154.25,1368.0
1780761363.2468626,15,155.546875,1353.25
1780761363.2468626,15,156.953125,1345.0
1780761363.2468626,15,162.71875,949.5
1780761363.2468626,15,164.078125,961.5
1780761363.2468626,15,165.4375,961.25
1780761363.2468626,15,166.71875,960.75
1780761363.2468626,15,168.109375,961.0
1780761363.2468626,15,169.46875,942.25
1780761363.2468626,15,170.875,932.0
1780761363.2468626,15,172.15625,931.75
1780761363.2468626,15,173.453125,933.5
1780761363.2468626,15,174.890625,935.5
1780761363.2468626,15,176.234375,932.25
1780761363.2468626,15,177.546875,933.5
1780761363.2468626,15,178.953125,931.5
1780761363.2468626,15,180.234375,924.5
1780761363.2468626,15,181.578125,924.5
1780761363.2468626,15,182.921875,924.75
1780761363.2468626,15,184.28125,922.0
1780761363.2468626,15,185.6875,918.0
1780761363.2468626,15,186.90625,922.75
1780761363.2468626,15,188.234375,930.75
1780761363.2468626,15,189.546875,934.0
1780761363.2468626,15,190.875,940.25
1780761363.2468626,15,192.25,940.75
1780761363.2468626,15,193.5625,941.75
1780761363.2468626,15,194.96875,946.75
1780761363.2468626,15,196.234375,948.5
1780761363.2468626,15,197.640625,956.75
1780761363.2468626,15,198.890625,966.0
1780761363.2468626,15,200.28125,961.0
1780761363.2468626,15,201.640625,958.25
1780761363.2468626,15,204.3125,1004.75
1780761363.2468626,15,217.40625,1281.5
1780761363.2468626,15,222.609375,1442.75
1780761363.2468626,15,228.5,969.75
1780761363.2468626,15,229.8125,966.0
1780761363.2468626,15,231.140625,965.75
1780761363.2468626,15,232.578125,948.75
1780761363.2468626,15,233.90625,932.5
1780761363.2468626,15,235.21875,918.25
1780761363.2468626,15,236.65625,904.75
1780761363.2468626,15,238.0,891.75
1780761363.2468626,15,239.34375,879.5
1780761363.2468626,15,240.75,867.25
1780761363.2468626,15,242.125,856.25
1780761363.2468626,15,243.390625,845.5
1780761363.2468626,15,244.78125,833.5
1780761363.2468626,15,246.15625,823.0
1780761363.2468626,15,247.5625,814.75
1780761363.2468626,15,248.84375,808.75
1780761363.2468626,15,250.203125,802.5
1780761363.2468626,15,251.640625,795.75
1780761363.2468626,15,252.9375,789.5
1780761363.2468626,15,254.234375,784.25
1780761363.2468626,15,255.5625,779.25
1780761363.2468626,15,256.96875,774.0
1780761363.2468626,15,258.375,769.5
1780761363.2468626,15,259.71875,765.75
1780761363.2468626,15,260.953125,764.0
1780761363.2468626,15,262.265625,762.75
1780761363.2468626,15,263.75,759.25
1780761363.2468626,15,265.015625,757.0
1780761363.2468626,15,266.375,755.5
1780761363.2468626,15,267.765625,754.25
1780761363.2468626,15,268.984375,754.0
1780761363.2468626,15,270.359375,752.75
1780761363.2468626,15,271.6875,752.5
1780761363.2468626,15,273.125,754.0
1780761363.2468626,15,274.328125,755.0
1780761363.2468626,15,275.71875,756.75
1780761363.2468626,15,277.15625,758.75
1780761363.2468626,15,278.5,760.5
1780761363.2468626,15,279.84375,762.5
1780761363.2468626,15,281.09375,766.25
1780761363.2468626,15,282.421875,770.25
1780761363.2468626,15,283.8125,773.75
1780761363.2468626,15,289.5625,605.75
1780761363.2468626,15,290.90625,612.25
1780761363.2468626,15,292.21875,617.0
1780761363.2468626,15,293.578125,623.75
1780761363.2468626,15,294.875,632.25
1780761363.2468626,15,296.171875,638.5
1780761363.2468626,15,297.5,646.5
1780761363.2468626,15,298.765625,655.5
1780761363.2468626,15,300.171875,664.75
1780761363.2468626,15,301.4375,675.25
1780761363.2468626,15,302.6875,685.0
1780761363.2468626,15,304.109375,695.5
1780761363.2468626,15,305.390625,706.0
1780761363.2468626,15,306.703125,716.5
1780761363.2468626,15,308.84375,952.0
1780761363.2468626,15,310.1875,969.75
1780761363.2468626,15,311.46875,987.75
1780761363.2468626,15,312.828125,1006.5
1780761363.2468626,15,314.078125,1023.0
1780761363.2468626,9,315.375,1042.0
1780761363.2468626,8,316.78125,1067.75
1780761363.2468626,15,318.015625,1100.0
1780761363.2468626,15,319.375,1131.0
1780761363.2468626,9,320.703125,1156.25
1780761363.2468626,15,321.984375,1182.25
1780761363.2468626,10,326.140625,1070.5
1780761363.2468626,15,336.21875,1999.25
1780761363.2468626,15,342.921875,2094.75
1780761363.3815718,15,356.453125,1795.75
1780761363.3815718,15,3.140625,1772.0
1780761363.3815718,15,4.484375,1772.0
1780761363.3815718,15,28.671875,1638.25
1780761363.3815718,15,35.375,1660.5
1780761363.3815718,15,38.046875,1747.25
1780761363.3815718,15,51.34375,697.5
1780761363.3815718,15,52.671875,693.25
1780761363.3815718,15,54.046875,689.0
1780761363.3815718,15,55.453125,686.25
1780761363.3815718,15,56.765625,685.0
1780761363.3815718,15,58.0625,694.5
1780761363.3815718,15,60.921875,1580.5
1780761363.3815718,15,62.265625,1560.25
1780761363.3815718,15,63.578125,1540.5
1780761363.3815718,8,64.96875,1530.5
1780761363.3815718,15,66.328125,1511.25
1780761363.3815718,15,67.703125,1486.75
1780761363.3815718,15,69.046875,1475.5
1780761363.3815718,15,70.328125,1463.75
1780761363.3815718,15,71.71875,1456.25
1780761363.3815718,7,73.03125,1447.25
1780761363.3815718,15,74.390625,1425.25
1780761363.3815718,15,75.765625,1411.0
1780761363.3815718,15,77.109375,1410.0
1780761363.3815718,15,78.4375,1409.25
1780761363.3815718,15,79.8125,1397.25
1780761363.3815718,15,81.15625,1383.75
1780761363.3815718,15,82.5,1381.25
1780761363.3815718,15,83.8125,1380.0
1780761363.3815718,15,85.125,1378.75
1780761363.3815718,15,86.46875,1378.0
1780761363.3815718,15,87.8125,1377.25
1780761363.3815718,15,89.140625,1376.75
1780761363.3815718,15,90.484375,1376.5
1780761363.3815718,15,91.875,1376.75
1780761363.3815718,15,93.21875,1376.75
1780761363.3815718,15,94.484375,1377.25
1780761363.3815718,15,95.875,1378.0
1780761363.3815718,15,99.875,1380.75
1780761363.3815718,15,105.1875,597.0
1780761363.3815718,15,106.671875,595.0
1780761363.3815718,9,107.90625,605.75
1780761363.3815718,15,110.75,1233.75
1780761363.3815718,15,112.078125,1247.0
1780761363.3815718,15,120.015625,1442.75
1780761363.3815718,15,126.796875,1326.25
1780761363.3815718,15,128.09375,1351.0
1780761363.3815718,15,138.859375,1208.5
1780761363.3815718,8,140.171875,1186.25
1780761363.3815718,15,141.609375,1162.5
1780761363.3815718,15,142.890625,1147.25
1780761363.3815718,15,144.25,1144.5
1780761363.3815718,15,145.59375,1144.5
1780761363.3815718,15,150.703125,1370.75
1780761363.3815718,15,152.09375,1353.5
1780761363.3815718,15,153.421875,1339.0
1780761363.3815718,15,154.75,1332.0
1780761363.3815718,15,156.15625,1311.75
1780761363.3815718,15,160.65625,918.0
1780761363.3815718,15,161.890625,914.75
1780761363.3815718,15,163.25,928.5
1780761363.3815718,15,164.6875,929.75
1780761363.3815718,15,166.0,931.0
1780761363.3815718,15,167.296875,930.25
1780761363.3815718,15,168.6875,920.75
1780761363.3815718,15,170.046875,911.5
1780761363.3815718,15,171.375,900.75
1780761363.3815718,15,172.625,894.0
1780761363.3815718,15,174.0,896.0
1780761363.3815718,15,175.4375,896.0
1780761363.3815718,15,176.6875,891.0
1780761363.3815718,15,178.015625,892.0
1780761363.3815718,15,179.34375,894.0
1780761363.3815718,15,180.765625,890.75
1780761363.3815718,15,182.1875,888.0
1780761363.3815718,15,183.5,891.0
1780761363.3815718,15,184.828125,892.75
1780761363.3815718,15,186.0625,902.5
1780761363.3815718,15,187.46875,900.5
1780761363.3815718,15,188.859375,894.0
1780761363.3815718,15,190.171875,898.5
1780761363.3815718,15,191.4375,899.25
1780761363.3815718,15,192.75,900.75
1780761363.3815718,15,194.09375,905.0
1780761363.3815718,15,195.4375,914.5
1780761363.3815718,15,196.75,917.25
1780761363.3815718,15,198.109375,922.0
1780761363.3815718,15,202.140625,924.75
1780761363.3815718,15,203.453125,937.0
1780761363.3815718,15,205.984375,993.75
1780761363.3815718,15,217.765625,1258.5
1780761363.3815718,15,219.109375,1254.75
1780761363.3815718,15,222.96875,1420.25
1780761363.3815718,15,224.265625,1417.25
1780761363.3815718,15,232.875,945.75
1780761363.3815718,15,234.21875,929.0
1780761363.3815718,15,235.65625,913.0
1780761363.3815718,15,236.9375,901.0
1780761363.3815718,15,238.28125,888.5
1780761363.3815718,15,239.75,874.0
1780761363.3815718,15,241.09375,862.25
1780761363.3815718,15,242.453125,853.5
1780761363.3815718,15,243.75,841.75
1780761363.3815718,15,245.1875,830.5
1780761363.3815718,15,246.53125,820.25
1780761363.3815718,15,247.9375,811.75
1780761363.3815718,15,249.234375,806.25
1780761363.3815718,15,250.625,799.0
1780761363.3815718,15,251.859375,792.0
1780761363.3815718,15,253.21875,792.0
1780761363.3815718,15,254.703125,787.25
1780761363.3815718,15,256.0625,777.25
1780761363.3815718,15,257.40625,772.5
1780761363.3815718,15,258.671875,768.75
1780761363.3815718,15,260.0625,765.5
1780761363.3815718,15,261.375,762.0
1780761363.3815718,15,262.796875,760.25
1780761363.3815718,15,264.15625,758.75
1780761363.3815718,15,265.484375,756.75
1780761363.3815718,15,266.703125,754.5
1780761363.3815718,15,268.140625,753.5
1780761363.3815718,15,269.453125,753.0
1780761363.3815718,15,270.8125,752.75
1780761363.3815718,15,272.171875,752.75
1780761363.3815718,15,273.484375,752.75
1780761363.3815718,15,274.8125,754.75
1780761363.3815718,15,276.09375,757.0
1780761363.3815718,15,277.40625,758.75
1780761363.3815718,15,278.734375,761.25
1780761363.3815718,15,280.125,764.25
1780761363.3815718,15,281.421875,767.25
1780761363.3815718,15,282.71875,771.5
1780761363.3815718,15,284.140625,775.5
1780761363.3815718,15,285.375,779.25
1780761363.3815718,15,286.75,784.25
1780761363.3815718,15,292.515625,617.5
1780761363.3815718,15,293.75,627.75
1780761363.3815718,15,295.21875,634.25
1780761363.3815718,15,296.484375,640.75
1780761363.3815718,15,297.6875,648.75
1780761363.3815718,15,299.078125,658.0
1780761363.3815718,15,300.359375,667.75
1780761363.3815718,15,301.796875,676.25
1780761363.3815718,15,303.078125,686.0
1780761363.3815718,15,304.421875,697.75
1780761363.3815718,15,305.578125,709.75
1780761363.3815718,15,306.859375,722.5
1780761363.3815718,15,308.265625,735.25
1780761363.3815718,15,313.109375,1012.75
1780761363.3815718,15,314.40625,1032.0
1780761363.3815718,15,315.71875,1055.25
1780761363.3815718,15,317.015625,1077.0
1780761363.3815718,15,319.625,1137.25
1780761363.3815718,15,320.9375,1161.25
1780761363.3815718,15,322.1875,1192.75
1780761363.3815718,15,323.578125,1226.0
1780761363.3815718,15,326.453125,1110.25
1780761363.3815718,15,327.78125,1101.25
1780761363.3815718,15,337.859375,1999.25
1780761363.3815718,15,339.203125,1999.5
1780761363.3815718,9,345.859375,2246.5
1780761363.518846,15,356.859375,1819.5
1780761363.518846,15,358.203125,1819.5
1780761363.518846,15,2.234375,1819.75
1780761363.518846,15,4.9375,1819.5
1780761363.518846,5,29.125,1681.5
1780761363.518846,15,35.90625,1721.75
1780761363.518846,15,37.25,1759.25
1780761363.518846,15,49.234375,723.5
1780761363.518846,15,50.46875,717.5
1780761363.518846,15,52.0,712.75
1780761363.518846,15,53.1875,710.0
1780761363.518846,15,54.609375,707.75
1780761363.518846,15,58.8125,1610.25
1780761363.518846,15,60.21875,1590.25
1780761363.518846,15,61.59375,1578.0
1780761363.518846,15,62.890625,1557.5
1780761363.518846,15,64.25,1539.5
1780761363.518846,9,65.6875,1513.5
1780761363.518846,15,66.953125,1494.75
1780761363.518846,15,68.34375,1484.25
1780761363.518846,15,69.6875,1467.0
1780761363.518846,15,71.046875,1457.5
1780761363.518846,15,72.421875,1448.5
1780761363.518846,7,73.75,1426.25
1780761363.518846,15,75.140625,1411.5
1780761363.518846,15,76.453125,1410.75
1780761363.518846,15,77.828125,1409.5
1780761363.518846,15,79.21875,1398.0
1780761363.518846,15,80.53125,1385.25
1780761363.518846,15,81.84375,1383.0
1780761363.518846,15,83.171875,1381.25
1780761363.518846,15,84.484375,1379.25
1780761363.518846,15,85.828125,1378.5
1780761363.518846,15,87.234375,1378.0
1780761363.518846,15,88.515625,1377.5
1780761363.518846,15,89.90625,1377.0
1780761363.518846,9,91.21875,1376.75
1780761363.518846,15,92.59375,1377.0
1780761363.518846,15,93.875,1377.25
1780761363.518846,15,95.203125,1378.0
1780761363.518846,15,102.125,589.25
1780761363.518846,15,103.484375,586.25
1780761363.518846,15,107.46875,1214.5
1780761363.518846,15,108.8125,1221.75
1780761363.518846,15,110.109375,1237.0
1780761363.518846,15,124.890625,1325.5
1780761363.518846,15,126.171875,1325.5
1780761363.518846,15,127.53125,1333.25
1780761363.518846,15,139.71875,1161.0
1780761363.518846,15,141.09375,1141.5
1780761363.518846,15,142.5,1123.25
1780761363.518846,15,143.796875,1112.25
1780761363.518846,8,145.15625,1120.75
1780761363.518846,15,150.265625,1344.25
1780761363.518846,2,151.625,1319.25
1780761363.518846,15,154.375,1264.25
1780761363.518846,15,160.28125,885.25
1780761363.518846,15,161.640625,890.0
1780761363.518846,15,162.9375,892.5
1780761363.518846,15,164.3125,891.25
1780761363.518846,15,165.5625,895.75
1780761363.518846,15,167.0,895.25
1780761363.518846,15,168.28125,880.0
1780761363.518846,15,169.625,872.0
1780761363.518846,15,171.0625,867.5
1780761363.518846,15,172.328125,863.5
1780761363.518846,15,173.640625,867.75
1780761363.518846,15,175.03125,863.75
1780761363.518846,15,176.5,856.25
1780761363.518846,15,177.71875,856.25
1780761363.518846,15,179.109375,856.75
1780761363.518846,15,180.53125,854.5
1780761363.518846,15,181.8125,852.75
1780761363.518846,15,183.140625,852.75
1780761363.518846,15,184.578125,850.75
1780761363.518846,15,185.84375,850.0
1780761363.518846,15,187.296875,851.75
1780761363.518846,15,188.609375,858.25
1780761363.518846,15,189.890625,861.0
1780761363.518846,15,191.1875,865.5
1780761363.518846,15,192.53125,871.25
1780761363.518846,15,193.921875,872.75
1780761363.518846,15,195.265625,874.75
1780761363.518846,15,196.515625,879.25
1780761363.518846,15,197.9375,880.0
1780761363.518846,15,199.25,888.5
1780761363.518846,15,200.625,896.25
1780761363.518846,15,201.921875,892.5
1780761363.518846,15,203.265625,893.5
1780761363.518846,15,204.5625,907.0
1780761363.518846,15,207.125,964.0
1780761363.518846,15,218.96875,1227.0
1780761363.518846,15,220.234375,1229.0
1780761363.518846,15,224.1875,1392.0
1780761363.518846,15,225.5625,1390.25
1780761363.518846,15,236.765625,903.0
1780761363.518846,15,238.078125,889.25
1780761363.518846,15,239.515625,878.0
1780761363.518846,15,240.859375,866.25
1780761363.518846,15,242.21875,855.5
1780761363.518846,15,243.546875,844.25
1780761363.518846,15,244.9375,832.5
1780761363.518846,15,246.40625,821.75
1780761363.518846,15,247.671875,814.75
1780761363.518846,15,249.078125,808.25
1780761363.518846,15,250.390625,798.5
1780761363.518846,15,251.703125,791.5
1780761363.518846,15,253.234375,786.0
1780761363.518846,15,254.484375,781.25
1780761363.518846,15,255.828125,775.0
1780761363.518846,15,257.1875,770.25
1780761363.518846,15,258.5625,768.25
1780761363.518846,15,259.96875,764.5
1780761363.518846,15,261.328125,761.0
1780761363.518846,15,262.640625,758.75
1780761363.518846,15,264.03125,756.0
1780761363.518846,15,265.3125,754.5
1780761363.518846,15,266.625,754.0
1780761363.518846,15,267.984375,753.75
1780761363.518846,15,269.28125,753.5
1780761363.518846,15,270.625,753.0
1780761363.518846,15,272.046875,753.0
1780761363.518846,15,273.328125,752.75
1780761363.518846,15,274.796875,754.5
1780761363.518846,15,276.0625,756.25
1780761363.518846,15,277.28125,759.0
1780761363.518846,15,278.625,761.25
1780761363.518846,15,279.96875,763.25
1780761363.518846,15,281.25,767.0
1780761363.518846,15,282.671875,769.5
1780761363.518846,15,283.875,773.75
1780761363.518846,15,285.21875,779.25
1780761363.518846,15,286.625,783.0
1780761363.518846,15,288.015625,787.5
1780761363.518846,15,289.296875,794.0
1780761363.518846,15,295.171875,641.5
1780761363.518846,15,296.375,637.0
1780761363.518846,15,297.765625,645.25
1780761363.518846,15,299.015625,654.25
1780761363.518846,15,300.296875,663.75
1780761363.518846,15,301.578125,673.25
1780761363.518846,15,302.890625,683.0
1780761363.518846,15,304.3125,695.25
1780761363.518846,15,305.515625,707.25
1780761363.518846,15,306.84375,718.5
1780761363.518846,15,308.21875,730.75
1780761363.518846,15,309.515625,743.25
1780761363.518846,15,310.828125,742.0
1780761363.518846,15,315.5625,1051.5
1780761363.518846,9,316.828125,1074.0
1780761363.518846,15,318.203125,1100.0
1780761363.518846,15,319.453125,1131.0
1780761363.518846,10,320.8125,1155.75
1780761363.518846,15,323.46875,1225.25
1780761363.518846,15,324.765625,1249.25
1780761363.518846,15,327.609375,1141.0
1780761363.518846,15,328.84375,1137.75
1780761363.518846,15,330.203125,1153.0
1780761363.518846,15,336.375,2060.25
1780761363.518846,15,337.734375,2045.0
1780761363.518846,15,339.046875,2014.25
1780761363.518846,15,347.046875,2253.75
1780761363.518846,14,348.34375,2251.75
1780761363.518846,13,349.703125,2249.25
1780761363.656589,5,351.046875,2227.25
1780761363.656589,15,352.375,2203.25
1780761363.656589,5,7.140625,2194.0
1780761363.656589,11,8.484375,2195.75
1780761363.656589,15,9.796875,2227.75
1780761363.656589,15,11.09375,2252.5
1780761363.656589,15,27.296875,1720.0
1780761363.656589,15,28.625,1747.5
1780761363.656589,15,34.0,1753.0
1780761363.656589,15,35.390625,1757.0
1780761363.656589,15,47.28125,745.5
1780761363.656589,15,48.59375,739.25
1780761363.656589,15,50.0,735.75
1780761363.656589,15,51.265625,732.0
1780761363.656589,15,59.5625,1591.5
1780761363.656589,15,60.96875,1580.25
1780761363.656589,15,62.328125,1560.0
1780761363.656589,15,63.625,1540.25
1780761363.656589,8,64.953125,1530.25
1780761363.656589,15,66.375,1511.25
1780761363.656589,15,67.703125,1492.5
1780761363.656589,15,69.03125,1475.75
1780761363.656589,15,70.40625,1458.0
1780761363.656589,15,71.703125,1456.0
1780761363.656589,15,73.125,1447.25
1780761363.656589,15,74.453125,1425.25
1780761363.656589,15,75.765625,1411.0
1780761363.656589,15,77.09375,1410.0
1780761363.656589,15,78.46875,1398.5
1780761363.656589,15,79.78125,1397.75
1780761363.656589,15,81.15625,1394.75
1780761363.656589,15,82.453125,1381.0
1780761363.656589,15,83.828125,1379.5
1780761363.656589,15,85.234375,1378.5
1780761363.656589,15,86.578125,1377.75
1780761363.656589,15,87.90625,1377.25
1780761363.656589,15,89.265625,1377.0
1780761363.656589,15,90.59375,1376.75
1780761363.656589,15,91.890625,1377.25
1780761363.656589,15,93.21875,1377.25
1780761363.656589,15,98.640625,580.75
1780761363.656589,15,99.953125,578.0
1780761363.656589,15,101.28125,585.75
1780761363.656589,15,104.09375,1197.25
1780761363.656589,15,105.4375,1201.75
1780761363.656589,15,106.734375,1209.75
1780761363.656589,15,108.140625,1219.5
1780761363.656589,15,109.40625,1236.75
1780761363.656589,15,117.25,1434.5
1780761363.656589,15,121.359375,1320.0
1780761363.656589,15,122.734375,1320.0
1780761363.656589,15,126.703125,1320.0
1780761363.656589,15,137.53125,1142.25
1780761363.656589,15,138.9375,1127.0
1780761363.656589,6,140.3125,1100.0
1780761363.656589,8,141.625,1080.75
1780761363.656589,6,143.046875,1079.5
1780761363.656589,15,144.265625,1095.0
1780761363.656589,15,149.46875,1294.25
1780761363.656589,15,150.859375,1265.0
1780761363.656589,8,152.203125,1246.75
1780761363.656589,15,153.5,1238.25
1780761363.656589,15,154.890625,1228.0
1780761363.656589,15,159.5,848.25
1780761363.656589,15,160.859375,855.5
1780761363.656589,15,162.171875,859.75
1780761363.656589,15,163.59375,859.5
1780761363.656589,15,164.84375,858.0
1780761363.656589,15,166.265625,855.25
1780761363.656589,15,167.53125,851.0
1780761363.656589,15,169.015625,838.25
1780761363.656589,15,170.25,826.25
1780761363.656589,15,171.640625,822.25
1780761363.656589,15,173.015625,821.75
1780761363.656589,15,174.375,825.75
1780761363.656589,15,175.765625,825.0
1780761363.656589,15,177.109375,821.5
1780761363.656589,15,178.359375,819.5
1780761363.656589,15,179.8125,815.5
1780761363.656589,15,180.875,822.5
1780761363.656589,15,182.234375,822.0
1780761363.656589,15,183.5625,812.5
1780761363.656589,15,185.0,815.0
1780761363.656589,15,186.34375,816.5
1780761363.656589,15,187.609375,819.5
1780761363.656589,15,189.0,826.0
1780761363.656589,15,190.296875,828.5
1780761363.656589,15,191.609375,830.0
1780761363.656589,15,192.875,832.75
1780761363.656589,15,194.25,834.0
1780761363.656589,15,195.625,833.75
1780761363.656589,15,196.921875,836.0
1780761363.656589,15,198.203125,839.5
1780761363.656589,15,199.5,853.75
1780761363.656589,15,200.859375,875.0
1780761363.656589,15,203.484375,854.0
1780761363.656589,15,204.921875,868.75
1780761363.656589,15,206.25,892.75
1780761363.656589,15,207.515625,916.75
1780761363.656589,15,220.625,1199.75
1780761363.656589,15,225.796875,1361.25
1780761363.656589,15,228.4375,1434.75
1780761363.656589,15,235.734375,912.25
1780761363.656589,15,237.078125,898.25
1780761363.656589,15,238.421875,885.5
1780761363.656589,15,239.796875,874.0
1780761363.656589,15,241.171875,863.25
1780761363.656589,15,242.484375,852.25
1780761363.656589,15,243.9375,840.5
1780761363.656589,15,245.28125,828.75
1780761363.656589,15,246.578125,818.5
1780761363.656589,15,247.9375,811.25
1780761363.656589,15,249.28125,805.5
1780761363.656589,15,250.609375,797.25
1780761363.656589,15,251.953125,789.75
1780761363.656589,15,253.359375,785.5
1780761363.656589,15,254.796875,780.75
1780761363.656589,15,256.140625,776.25
1780761363.656589,15,257.46875,772.0
1780761363.656589,15,258.734375,772.75
1780761363.656589,15,260.125,769.0
1780761363.656589,15,261.40625,761.0
1780761363.656589,15,262.78125,759.0
1780761363.656589,15,264.21875,757.0
1780761363.656589,15,265.46875,754.5
1780761363.656589,15,266.84375,753.5
1780761363.656589,15,268.171875,753.75
1780761363.656589,15,269.546875,752.75
1780761363.656589,15,270.8125,752.75
1780761363.656589,15,272.15625,752.25
1780761363.656589,15,273.625,752.75
1780761363.656589,15,274.84375,754.5
1780761363.656589,15,276.125,756.75
1780761363.656589,15,277.484375,758.75
1780761363.656589,15,278.734375,760.75
1780761363.656589,15,280.15625,764.0
1780761363.656589,15,281.375,767.25
1780761363.656589,15,282.875,771.25
1780761363.656589,15,284.1875,775.25
1780761363.656589,15,285.390625,778.75
1780761363.656589,15,286.8125,783.5
1780761363.656589,15,288.046875,789.25
1780761363.656589,15,289.359375,795.5
1780761363.656589,15,290.671875,801.75
1780761363.656589,15,292.078125,808.25
1780761363.656589,15,299.03125,655.0
1780761363.656589,15,300.453125,664.75
1780761363.656589,15,301.703125,673.5
1780761363.656589,15,303.0625,684.75
1780761363.656589,15,304.296875,696.75
1780761363.656589,15,305.71875,709.0
1780761363.656589,15,307.0,722.0
1780761363.656589,15,308.1875,734.5
1780761363.656589,15,309.546875,746.5
1780761363.656589,15,310.75,760.5
1780761363.656589,15,312.078125,777.5
1780761363.656589,15,313.484375,795.75
1780761363.656589,15,315.625,1049.75
1780761363.656589,15,316.9375,1074.75
1780761363.656589,15,319.578125,1136.75
1780761363.656589,15,320.84375,1161.0
1780761363.656589,15,322.125,1192.5
1780761363.656589,15,323.5625,1225.75
1780761363.656589,15,324.921875,1255.25
1780761363.656589,15,329.015625,1153.75
1780761363.656589,15,339.234375,2060.25
1780761363.656589,15,345.84375,2272.5
1780761363.656589,15,347.1875,2275.0
1780761363.656589,15,348.46875,2253.5
1780761363.656589,15,349.828125,2252.75
1780761363.7939265,15,351.1875,2253.75
1780761363.7939265,15,352.515625,2253.25
1780761363.7939265,15,7.234375,2233.75
1780761363.7939265,15,8.578125,2233.25
1780761363.7939265,15,9.9375,2251.75
1780761363.7939265,15,11.265625,2253.5
1780761363.7939265,15,27.46875,1771.75
1780761363.7939265,15,34.140625,1784.5
1780761363.7939265,15,35.546875,1821.25
1780761363.7939265,15,44.734375,775.5
1780761363.7939265,15,46.140625,769.0
1780761363.7939265,15,47.375,762.0
1780761363.7939265,15,48.828125,757.25
1780761363.7939265,15,50.0625,753.5
1780761363.7939265,15,59.84375,1591.5
1780761363.7939265,15,61.15625,1571.75
1780761363.7939265,15,62.546875,1551.25
1780761363.7939265,15,63.859375,1539.75
1780761363.7939265,8,65.1875,1530.0
1780761363.7939265,15,66.609375,1508.75
1780761363.7939265,15,67.921875,1484.0
1780761363.7939265,15,69.328125,1469.0
1780761363.7939265,15,70.609375,1457.5
1780761363.7939265,15,72.015625,1455.5
1780761363.7939265,15,73.296875,1440.5
1780761363.7939265,15,74.703125,1418.5
1780761363.7939265,15,76.0,1410.75
1780761363.7939265,15,77.421875,1401.0
1780761363.7939265,15,78.703125,1390.25
1780761363.7939265,15,80.0625,1388.0
1780761363.7939265,15,81.453125,1385.75
1780761363.7939265,15,82.78125,1383.5
1780761363.7939265,15,84.09375,1381.0
1780761363.7939265,15,85.359375,1379.25
1780761363.7939265,15,86.734375,1378.25
1780761363.7939265,15,88.0625,1377.75
1780761363.7939265,15,89.421875,1377.5
1780761363.7939265,9,90.703125,1377.75
1780761363.7939265,15,94.953125,580.0
1780761363.7939265,15,96.3125,577.0
1780761363.7939265,15,97.46875,582.75
1780761363.7939265,15,100.25,1203.0
1780761363.7939265,15,101.59375,1192.5
1780761363.7939265,15,102.96875,1193.5
1780761363.7939265,15,104.296875,1198.25
1780761363.7939265,15,105.578125,1215.25
1780761363.7939265,15,106.984375,1223.75
1780761363.7939265,15,108.25,1224.0
1780761363.7939265,15,110.8125,1320.0
1780761363.7939265,15,122.9375,1267.5
1780761363.7939265,15,125.53125,1320.0
1780761363.7939265,15,136.421875,1113.5
1780761363.7939265,15,137.8125,1089.75
1780761363.7939265,15,139.21875,1066.0
1780761363.7939265,15,140.515625,1054.0
1780761363.7939265,15,141.90625,1057.75
1780761363.7939265,15,143.171875,1061.5
1780761363.7939265,15,148.3125,1260.75
1780761363.7939265,9,149.6875,1245.5
1780761363.7939265,15,151.0625,1235.0
1780761363.7939265,6,152.390625,1221.75
1780761363.7939265,15,153.734375,1208.5
1780761363.7939265,15,158.421875,810.25
1780761363.7939265,15,159.625,814.75
1780761363.7939265,15,160.953125,820.25
1780761363.7939265,15,162.390625,820.75
1780761363.7939265,15,163.71875,816.25
1780761363.7939265,15,165.03125,812.75
1780761363.7939265,15,166.359375,820.75
1780761363.7939265,15,167.65625,831.5
1780761363.7939265,15,170.453125,787.75
1780761363.7939265,15,171.828125,781.5
1780761363.7939265,15,173.109375,786.5
1780761363.7939265,15,174.5625,787.0
1780761363.7939265,15,175.859375,782.0
1780761363.7939265,15,177.125,782.5
1780761363.7939265,15,178.546875,781.75
1780761363.7939265,15,179.828125,781.0
1780761363.7939265,15,181.140625,782.5
1780761363.7939265,15,182.5625,779.25
1780761363.7939265,15,183.859375,776.25
1780761363.7939265,15,185.140625,779.75
1780761363.7939265,15,186.453125,777.5
1780761363.7939265,15,187.796875,776.0
1780761363.7939265,15,189.234375,781.25
1780761363.7939265,15,190.46875,783.5
1780761363.7939265,15,191.765625,787.5
1780761363.7939265,15,193.0625,794.5
1780761363.7939265,15,194.453125,796.75
1780761363.7939265,15,195.84375,799.25
1780761363.7939265,15,197.1875,804.25
1780761363.7939265,15,198.484375,806.75
1780761363.7939265,15,199.734375,812.25
1780761363.7939265,15,201.0625,824.25
1780761363.7939265,15,202.40625,825.5
1780761363.7939265,15,203.828125,818.0
1780761363.7939265,15,205.09375,821.0
1780761363.7939265,15,207.671875,866.75
1780761363.7939265,15,221.859375,1171.75
1780761363.7939265,15,227.15625,1332.25
1780761363.7939265,15,232.46875,1407.75
1780761363.7939265,15,238.4375,885.25
1780761363.7939265,15,239.859375,873.5
1780761363.7939265,15,241.125,862.75
1780761363.7939265,15,242.453125,852.0
1780761363.7939265,15,243.953125,840.25
1780761363.7939265,15,245.203125,830.5
1780761363.7939265,15,246.578125,820.25
1780761363.7939265,15,248.03125,811.25
1780761363.7939265,15,249.390625,805.25
1780761363.7939265,15,250.625,798.25
1780761363.7939265,15,252.015625,791.0
1780761363.7939265,15,253.3125,785.25
1780761363.7939265,15,254.671875,780.5
1780761363.7939265,15,256.109375,775.75
1780761363.7939265,15,257.328125,771.5
1780761363.7939265,15,258.671875,766.75
1780761363.7939265,15,260.015625,763.25
1780761363.7939265,15,261.375,763.25
1780761363.7939265,15,262.765625,760.25
1780761363.7939265,15,264.140625,755.75
1780761363.7939265,15,265.453125,754.0
1780761363.7939265,15,266.8125,753.25
1780761363.7939265,15,268.125,753.25
1780761363.7939265,15,269.515625,752.25
1780761363.7939265,15,270.859375,752.0
1780761363.7939265,15,272.109375,752.0
1780761363.7939265,15,273.515625,752.5
1780761363.7939265,15,274.78125,754.25
1780761363.7939265,15,276.09375,756.0
1780761363.7939265,15,277.53125,758.0
1780761363.7939265,15,278.71875,760.5
1780761363.7939265,15,280.203125,763.5
1780761363.7939265,15,281.515625,767.0
1780761363.7939265,15,282.734375,769.5
1780761363.7939265,15,284.015625,773.5
1780761363.7939265,15,285.34375,778.5
1780761363.7939265,15,286.6875,783.25
1780761363.7939265,15,288.078125,788.75
1780761363.7939265,15,289.4375,795.0
1780761363.7939265,15,290.671875,801.5
1780761363.7939265,15,292.09375,808.0
1780761363.7939265,15,293.28125,814.25
1780761363.7939265,15,294.671875,821.75
1780761363.7939265,15,301.6875,672.5
1780761363.7939265,15,303.15625,682.5
1780761363.7939265,15,304.390625,693.75
1780761363.7939265,15,305.71875,705.25
1780761363.7939265,15,307.046875,717.25
1780761363.7939265,15,308.25,730.25
1780761363.7939265,15,309.5,744.5
1780761363.7939265,15,310.78125,758.0
1780761363.7939265,15,312.21875,772.5
1780761363.7939265,15,313.421875,790.0
1780761363.7939265,15,314.765625,791.0
1780761363.7939265,15,319.578125,1136.5
1780761363.7939265,15,320.90625,1155.25
1780761363.7939265,15,323.5625,1225.5
1780761363.7939265,15,324.859375,1255.25
1780761363.7939265,15,327.421875,1322.0
1780761363.7939265,15,330.3125,1190.0
1780761363.7939265,15,340.484375,2077.25
1780761363.7939265,15,344.4375,2254.0
1780761363.7939265,15,345.734375,2273.75
1780761363.7939265,15,347.03125,2294.25
1780761363.7939265,15,348.40625,2273.25
1780761363.7939265,15,349.703125,2273.25
1780761363.934668,15,351.046875,2294.25
1780761363.934668,15,352.4375,2275.0
1780761363.934668,15,353.75,2255.5
1780761363.934668,15,7.09375,2254.0
1780761363.934668,15,8.4375,2253.75
1780761363.934668,15,9.765625,2253.75
1780761363.934668,15,11.03125,2273.0
1780761363.934668,15,32.515625,1790.25
1780761363.934668,15,42.890625,803.25
1780761363.934668,15,44.375,795.25
1780761363.934668,15,45.609375,788.0
1780761363.934668,15,46.9375,782.5
1780761363.934668,15,48.359375,780.0
1780761363.934668,15,52.671875,1759.0
1780761363.934668,3,54.0,1721.75
1780761363.934668,15,56.671875,1673.5
1780761363.934668,15,59.421875,1594.0
1780761363.934668,15,60.765625,1580.5
1780761363.934668,15,62.09375,1560.25
1780761363.934668,15,63.453125,1548.25
1780761363.934668,15,64.828125,1538.5
1780761363.934668,15,66.140625,1528.75
1780761363.934668,15,67.5,1504.75
1780761363.934668,15,68.875,1478.0
1780761363.934668,15,70.1875,1465.75
1780761363.934668,15,71.546875,1449.75
1780761363.934668,15,72.84375,1434.5
1780761363.934668,15,74.203125,1419.25
1780761363.934668,15,75.578125,1411.5
1780761363.934668,15,76.875,1410.75
1780761363.934668,15,78.203125,1409.75
1780761363.934668,15,79.578125,1409.0
1780761363.934668,15,80.96875,1396.25
1780761363.934668,15,82.21875,1381.75
1780761363.934668,15,83.46875,1379.75
1780761363.934668,15,84.859375,1379.0
1780761363.934668,15,86.203125,1378.5
1780761363.934668,7,87.5,1378.0
1780761363.934668,15,91.828125,571.75
1780761363.934668,15,93.0,570.5
1780761363.934668,13,94.3125,583.0
1780761363.934668,15,96.9375,1216.75
1780761363.934668,15,98.34375,1196.5
1780761363.934668,15,99.671875,1180.5
1780761363.934668,15,101.015625,1183.5
1780761363.934668,15,102.265625,1190.5
1780761363.934668,15,103.640625,1199.5
1780761363.934668,15,104.953125,1203.5
1780761363.934668,15,106.25,1216.75
1780761363.934668,15,120.96875,1244.0
1780761363.934668,5,122.265625,1250.25
1780761363.934668,15,137.25,1046.25
1780761363.934668,15,138.5625,1028.5
1780761363.934668,15,139.921875,1021.25
1780761363.934668,15,141.234375,1027.75
1780761363.934668,7,146.375,1245.5
1780761363.934668,15,147.65625,1234.75
1780761363.934668,5,149.0625,1217.0
1780761363.934668,15,150.375,1203.25
1780761363.934668,15,151.75,1186.5
1780761363.934668,15,153.109375,1173.25
1780761363.934668,15,157.8125,771.5
1780761363.934668,15,159.1875,781.0
1780761363.934668,15,160.515625,787.25
1780761363.934668,15,161.8125,791.0
1780761363.934668,15,163.078125,787.75
1780761363.934668,15,164.4375,781.0
1780761363.934668,15,165.796875,779.25
1780761363.934668,15,167.234375,777.25
1780761363.934668,15,169.859375,750.5
1780761363.934668,15,171.328125,746.75
1780761363.934668,15,172.515625,749.75
1780761363.934668,15,174.0,747.25
1780761363.934668,15,175.265625,744.75
1780761363.934668,15,176.59375,749.5
1780761363.934668,15,177.96875,745.75
1780761363.934668,15,179.21875,745.25
1780761363.934668,15,180.53125,743.0
1780761363.934668,15,181.859375,737.25
1780761363.934668,15,183.34375,736.0
1780761363.934668,15,184.65625,737.5
1780761363.934668,15,185.96875,742.5
1780761363.934668,15,187.3125,750.5
1780761363.934668,15,188.53125,753.25
1780761363.934668,15,189.875,751.0
1780761363.934668,15,191.25,753.25
1780761363.934668,15,192.5,756.25
1780761363.934668,15,193.828125,760.75
1780761363.934668,15,195.171875,764.25
1780761363.934668,15,196.515625,767.5
1780761363.934668,15,197.78125,771.75
1780761363.934668,15,199.234375,771.0
1780761363.934668,15,200.5,769.25
1780761363.934668,15,201.8125,780.75
1780761363.934668,15,203.171875,790.75
1780761363.934668,15,204.609375,785.25
1780761363.934668,15,205.796875,787.25
1780761363.934668,15,207.140625,802.0
1780761363.934668,15,215.453125,1819.75
1780761363.934668,15,216.796875,1798.75
1780761363.934668,15,218.125,1785.5
1780761363.934668,15,222.640625,1143.0
1780761363.934668,15,223.9375,1149.75
1780761363.934668,15,227.828125,1306.25
1780761363.934668,15,229.15625,1320.0
1780761363.934668,15,230.53125,1330.25
1780761363.934668,15,233.140625,1343.5
1780761363.934668,15,240.40625,868.5
1780761363.934668,15,241.765625,858.25
1780761363.934668,15,243.25,846.75
1780761363.934668,15,244.640625,834.0
1780761363.934668,15,245.921875,822.5
1780761363.934668,15,247.234375,815.5
1780761363.934668,15,248.59375,809.25
1780761363.934668,15,250.03125,801.25
1780761363.934668,15,251.328125,794.25
1780761363.934668,15,252.59375,787.75
1780761363.934668,15,253.9375,782.25
1780761363.934668,15,255.359375,777.75
1780761363.934668,15,256.703125,773.5
1780761363.934668,15,257.90625,769.0
1780761363.934668,15,259.375,764.5
1780761363.934668,15,260.703125,761.5
1780761363.934668,15,262.0,758.25
1780761363.934668,15,263.3125,755.5
1780761363.934668,15,264.734375,754.5
1780761363.934668,15,266.0625,754.25
1780761363.934668,15,267.4375,753.5
1780761363.934668,15,268.734375,753.25
1780761363.934668,15,270.09375,752.25
1780761363.934668,15,271.421875,751.5
1780761363.934668,15,272.6875,753.0
1780761363.934668,15,274.0,752.75
1780761363.934668,15,275.421875,753.75
1780761363.934668,15,276.609375,756.25
1780761363.934668,15,277.921875,758.5
1780761363.934668,15,279.28125,761.0
1780761363.934668,15,280.6875,763.75
1780761363.934668,15,282.0,766.0
1780761363.934668,15,283.21875,769.5
1780761363.934668,15,284.671875,774.75
1780761363.934668,15,285.96875,781.0
1780761363.934668,15,287.21875,785.25
1780761363.934668,15,288.59375,789.25
1780761363.934668,15,289.90625,796.0
1780761363.934668,15,291.140625,802.75
1780761363.934668,15,292.546875,809.25
1780761363.934668,15,293.78125,816.75
1780761363.934668,15,295.171875,825.0
1780761363.934668,15,296.46875,836.5
1780761363.934668,15,297.6875,849.0
1780761363.934668,15,303.53125,698.5
1780761363.934668,15,304.859375,696.25
1780761363.934668,15,306.265625,710.25
1780761363.934668,15,307.578125,722.75
1780761363.934668,15,308.859375,735.75
1780761363.934668,15,310.09375,749.25
1780761363.934668,15,311.3125,763.0
1780761363.934668,15,312.71875,778.5
1780761363.934668,15,313.9375,795.25
1780761363.934668,15,315.21875,814.25
1780761363.934668,15,323.953125,1237.0
1780761363.934668,15,325.234375,1255.75
1780761363.934668,15,330.71875,1225.75
1780761363.934668,15,344.765625,2275.25
1780761363.934668,15,346.078125,2294.25
1780761363.934668,15,347.40625,2294.25
1780761363.934668,15,348.75,2294.25
1780761364.0725582,15,8.765625,2294.0
1780761364.0725582,15,10.09375,2293.75
1780761364.0725582,15,41.921875,828.5
1780761364.0725582,15,43.265625,818.25
1780761364.0725582,15,44.546875,811.25
1780761364.0725582,15,46.03125,806.5
1780761364.0725582,15,57.046875,1651.25
1780761364.0725582,15,58.40625,1612.25
1780761364.0725582,15,59.71875,1591.75
1780761364.0725582,15,61.015625,1588.75
1780761364.0725582,15,62.34375,1568.5
1780761364.0725582,15,63.71875,1540.0
1780761364.0725582,7,65.03125,1530.0
1780761364.0725582,15,66.359375,1511.25
1780761364.0725582,15,67.703125,1492.75
1780761364.0725582,15,69.0625,1475.75
1780761364.0725582,15,70.4375,1458.0
1780761364.0725582,15,71.78125,1449.25
1780761364.0725582,15,73.140625,1428.0
1780761364.0725582,15,74.421875,1412.5
1780761364.0725582,15,75.796875,1410.75
1780761364.0725582,15,77.09375,1410.0
1780761364.0725582,15,78.4375,1398.75
1780761364.0725582,15,79.75,1397.75
1780761364.0725582,15,81.125,1395.0
1780761364.0725582,15,82.421875,1381.75
1780761364.0725582,15,83.828125,1380.25
1780761364.0725582,15,88.078125,574.25
1780761364.0725582,15,89.234375,574.75
1780761364.0725582,15,90.59375,584.5
1780761364.0725582,15,94.53125,1236.5
1780761364.0725582,15,97.25,1191.5
1780761364.0725582,15,98.65625,1181.75
1780761364.0725582,15,99.984375,1178.25
1780761364.0725582,15,101.265625,1188.25
1780761364.0725582,3,102.640625,1196.25
1780761364.0725582,15,103.921875,1214.0
1780761364.0725582,15,106.578125,1243.25
1780761364.0725582,15,121.25,1248.0
1780761364.0725582,3,122.5625,1260.5
1780761364.0725582,15,126.5,1323.5
1780761364.0725582,15,134.828125,1035.0
1780761364.0725582,15,136.15625,1017.5
1780761364.0725582,15,137.5625,1004.5
1780761364.0725582,15,138.890625,1001.0
1780761364.0725582,7,140.140625,1009.5
1780761364.0725582,15,145.296875,1232.0
1780761364.0725582,15,146.640625,1210.5
1780761364.0725582,15,148.0,1189.25
1780761364.0725582,15,149.328125,1174.5
1780761364.0725582,15,150.6875,1163.0
1780761364.0725582,15,156.765625,738.25
1780761364.0725582,15,158.109375,747.0
1780761364.0725582,15,159.421875,754.5
1780761364.0725582,15,160.75,754.5
1780761364.0725582,15,162.15625,750.25
1780761364.0725582,15,163.3125,752.25
1780761364.0725582,15,164.734375,755.75
1780761364.0725582,15,166.109375,743.0
1780761364.0725582,15,167.5625,726.75
1780761364.0725582,15,168.90625,714.25
1780761364.0725582,15,170.15625,710.5
1780761364.0725582,15,171.5,714.5
1780761364.0725582,15,172.90625,713.25
1780761364.0725582,15,174.21875,707.25
1780761364.0725582,15,175.4375,705.75
1780761364.0725582,15,176.90625,706.5
1780761364.0725582,15,178.15625,704.5
1780761364.0725582,15,179.59375,704.25
1780761364.0725582,15,180.890625,704.5
1780761364.0725582,15,182.203125,703.0
1780761364.0725582,15,183.671875,701.75
1780761364.0725582,15,184.984375,704.75
1780761364.0725582,15,186.25,702.0
1780761364.0725582,15,187.640625,704.75
1780761364.0725582,15,188.96875,710.25
1780761364.0725582,15,190.21875,708.0
1780761364.0725582,15,191.703125,711.0
1780761364.0725582,15,193.015625,715.0
1780761364.0725582,15,194.265625,717.75
1780761364.0725582,15,195.5625,721.0
1780761364.0725582,15,196.953125,724.25
1780761364.0725582,15,198.1875,727.25
1780761364.0725582,15,199.515625,733.5
1780761364.0725582,15,200.921875,737.75
1780761364.0725582,15,202.125,743.75
1780761364.0725582,15,203.59375,755.0
1780761364.0725582,15,204.90625,756.25
1780761364.0725582,15,206.265625,752.75
1780761364.0725582,15,207.625,755.0
1780761364.0725582,15,214.4375,1819.75
1780761364.0725582,15,215.8125,1795.75
1780761364.0725582,15,217.125,1759.75
1780761364.0725582,15,218.515625,1751.75
1780761364.0725582,15,223.046875,1128.5
1780761364.0725582,15,224.328125,1119.75
1780761364.0725582,15,229.5,1283.0
1780761364.0725582,15,234.734375,1332.75
1780761364.0725582,15,242.046875,852.25
1780761364.0725582,15,243.453125,845.0
1780761364.0725582,15,244.734375,833.0
1780761364.0725582,15,246.203125,822.5
1780761364.0725582,15,247.40625,814.5
1780761364.0725582,15,248.84375,807.5
1780761364.0725582,15,250.171875,799.75
1780761364.0725582,15,251.546875,792.0
1780761364.0725582,15,252.9375,787.0
1780761364.0725582,15,254.265625,781.5
1780761364.0725582,15,255.609375,775.5
1780761364.0725582,15,256.984375,772.25
1780761364.0725582,15,258.296875,768.25
1780761364.0725582,15,259.515625,764.25
1780761364.0725582,15,260.859375,760.5
1780761364.0725582,15,262.328125,757.25
1780761364.0725582,15,263.671875,754.75
1780761364.0725582,15,264.9375,751.75
1780761364.0725582,15,266.28125,750.75
1780761364.0725582,15,267.59375,750.0
1780761364.0725582,15,268.875,749.0
1780761364.0725582,15,270.296875,749.75
1780761364.0725582,15,271.578125,752.25
1780761364.0725582,15,272.921875,752.5
1780761364.0725582,15,274.28125,752.25
1780761364.0725582,15,275.640625,753.25
1780761364.0725582,15,276.78125,754.75
1780761364.0725582,15,278.21875,757.0
1780761364.0725582,15,279.53125,759.5
1780761364.0725582,15,280.75,763.0
1780761364.0725582,15,282.15625,766.5
1780761364.0725582,15,283.5,771.5
1780761364.0725582,15,284.796875,776.0
1780761364.0725582,15,286.09375,779.75
1780761364.0725582,15,287.453125,783.75
1780761364.0725582,15,288.65625,788.75
1780761364.0725582,15,289.921875,797.5
1780761364.0725582,15,291.359375,804.0
1780761364.0725582,15,292.671875,809.75
1780761364.0725582,15,293.921875,815.5
1780761364.0725582,15,295.171875,823.5
1780761364.0725582,15,296.609375,837.0
1780761364.0725582,15,297.859375,849.5
1780761364.0725582,15,299.140625,858.0
1780761364.0725582,15,304.890625,732.75
1780761364.0725582,15,306.3125,719.25
1780761364.0725582,15,307.515625,722.75
1780761364.0725582,15,308.953125,735.5
1780761364.0725582,15,310.109375,749.0
1780761364.0725582,15,311.4375,763.0
1780761364.0725582,15,312.765625,778.5
1780761364.0725582,15,314.109375,795.25
1780761364.0725582,15,315.3125,814.5
1780761364.0725582,15,316.609375,834.5
1780761364.0725582,15,317.890625,855.25
1780761364.0725582,15,324.078125,1237.5
1780761364.0725582,15,326.640625,1326.5
1780761364.0725582,15,332.109375,1243.75
1780761364.0725582,15,344.890625,2294.25
1780761364.0725582,15,346.234375,2294.25
1780761364.0725582,15,347.46875,2294.25
1780761364.0725582,15,348.796875,2294.25
1780761364.0725582,15,350.125,2294.25
1780761364.2098458,15,351.46875,2294.25
1780761364.2098458,15,352.796875,2294.25
1780761364.2098458,15,6.109375,2293.75
1780761364.2098458,15,7.4375,2292.75
1780761364.2098458,15,8.75,2293.0
1780761364.2098458,15,10.125,2293.75
1780761364.2098458,15,15.484375,2294.0
1780761364.2098458,15,24.984375,1824.0
1780761364.2098458,8,27.6875,1843.5
1780761364.2098458,15,31.625,1852.5
1780761364.2098458,15,36.828125,2294.25
1780761364.2098458,15,40.59375,855.75
1780761364.2098458,15,41.921875,845.25
1780761364.2098458,15,43.375,835.0
1780761364.2098458,15,44.59375,835.25
1780761364.2098458,15,51.6875,1771.5
1780761364.2098458,15,53.0625,1733.5
1780761364.2098458,15,54.421875,1707.5
1780761364.2098458,15,55.78125,1683.75
1780761364.2098458,15,57.078125,1660.5
1780761364.2098458,15,59.765625,1591.0
1780761364.2098458,15,61.125,1571.5
1780761364.2098458,15,62.453125,1551.25
1780761364.2098458,15,63.84375,1548.0
1780761364.2098458,15,65.140625,1538.25
1780761364.2098458,8,66.546875,1511.5
1780761364.2098458,15,67.828125,1486.75
1780761364.2098458,15,69.21875,1475.75
1780761364.2098458,15,70.53125,1464.25
1780761364.2098458,15,71.875,1455.75
1780761364.2098458,15,73.234375,1440.75
1780761364.2098458,15,74.546875,1419.0
1780761364.2098458,15,75.90625,1411.0
1780761364.2098458,15,77.203125,1410.5
1780761364.2098458,15,78.53125,1409.5
1780761364.2098458,15,79.9375,1397.0
1780761364.2098458,15,81.25,1396.5
1780761364.2098458,15,85.375,580.0
1780761364.2098458,15,86.765625,581.75
1780761364.2098458,15,93.375,1212.0
1780761364.2098458,15,94.671875,1190.5
1780761364.2098458,8,96.03125,1177.75
1780761364.2098458,15,97.40625,1178.0
1780761364.2098458,15,98.6875,1181.25
1780761364.2098458,15,100.046875,1187.75
1780761364.2098458,15,101.375,1189.5
1780761364.2098458,6,105.328125,1240.75
1780761364.2098458,15,107.875,1320.0
1780761364.2098458,15,117.34375,1215.75
1780761364.2098458,15,118.6875,1222.75
1780761364.2098458,15,119.96875,1233.75
1780761364.2098458,15,121.296875,1248.0
1780761364.2098458,15,132.1875,1034.5
1780761364.2098458,15,133.46875,1015.25
1780761364.2098458,15,134.921875,994.5
1780761364.2098458,15,136.1875,977.75
1780761364.2098458,15,137.5,974.75
1780761364.2098458,15,138.8125,979.5
1780761364.2098458,15,143.859375,1223.0
1780761364.2098458,11,146.625,1170.25
1780761364.2098458,15,147.984375,1155.75
1780761364.2098458,15,149.3125,1140.75
1780761364.2098458,15,155.484375,706.25
1780761364.2098458,15,156.71875,712.5
1780761364.2098458,15,158.046875,720.0
1780761364.2098458,15,159.375,722.0
1780761364.2098458,15,160.828125,715.25
1780761364.2098458,15,162.109375,711.25
1780761364.2098458,15,163.5,708.5
1780761364.2098458,15,164.828125,704.25
1780761364.2098458,15,166.046875,694.0
1780761364.2098458,15,167.546875,681.5
1780761364.2098458,15,168.78125,675.0
1780761364.2098458,15,170.203125,674.75
1780761364.2098458,15,171.46875,676.25
1780761364.2098458,15,172.8125,674.25
1780761364.2098458,15,174.109375,671.5
1780761364.2098458,15,175.46875,671.5
1780761364.2098458,15,176.765625,669.75
1780761364.2098458,15,178.09375,666.0
1780761364.2098458,15,179.453125,668.25
1780761364.2098458,15,180.8125,665.75
1780761364.2098458,15,182.234375,662.5
1780761364.2098458,15,183.578125,662.25
1780761364.2098458,15,184.875,662.0
1780761364.2098458,15,186.078125,665.5
1780761364.2098458,15,187.484375,660.0
1780761364.2098458,15,188.875,658.5
1780761364.2098458,15,190.171875,669.5
1780761364.2098458,15,191.46875,675.25
1780761364.2098458,15,192.84375,678.5
1780761364.2098458,15,194.09375,683.0
1780761364.2098458,15,195.46875,685.75
1780761364.2098458,15,196.734375,688.5
1780761364.2098458,15,197.984375,692.0
1780761364.2098458,15,199.34375,697.75
1780761364.2098458,15,200.640625,698.5
1780761364.2098458,15,202.03125,699.5
1780761364.2098458,15,203.234375,710.5
1780761364.2098458,15,204.734375,723.25
1780761364.2098458,15,206.09375,720.75
1780761364.2098458,15,207.4375,713.75
1780761364.2098458,15,208.796875,719.5
1780761364.2098458,15,211.25,767.0
1780761364.2098458,15,215.515625,1760.25
1780761364.2098458,15,216.828125,1747.75
1780761364.2098458,5,218.203125,1734.0
1780761364.2098458,15,225.421875,1096.0
1780761364.2098458,15,230.484375,1259.25
1780761364.2098458,15,234.421875,1326.0
1780761364.2098458,15,235.78125,1325.75
1780761364.2098458,15,244.40625,833.25
1780761364.2098458,15,245.84375,822.5
1780761364.2098458,15,247.140625,814.25
1780761364.2098458,15,248.546875,807.5
1780761364.2098458,15,249.921875,800.25
1780761364.2098458,15,251.265625,792.75
1780761364.2098458,15,252.578125,787.0
1780761364.2098458,15,253.875,782.25
1780761364.2098458,15,255.28125,777.5
1780761364.2098458,15,256.59375,773.0
1780761364.2098458,15,257.9375,768.5
1780761364.2098458,15,259.375,764.25
1780761364.2098458,15,260.703125,760.0
1780761364.2098458,15,261.921875,756.75
1780761364.2098458,15,263.40625,755.0
1780761364.2098458,15,264.71875,752.75
1780761364.2098458,15,266.109375,750.25
1780761364.2098458,15,267.25,749.25
1780761364.2098458,15,268.609375,748.75
1780761364.2098458,15,269.953125,752.5
1780761364.2098458,15,271.359375,753.25
1780761364.2098458,15,272.703125,751.25
1780761364.2098458,15,274.046875,752.5
1780761364.2098458,15,275.296875,753.75
1780761364.2098458,15,276.625,756.0
1780761364.2098458,15,277.984375,758.0
1780761364.2098458,15,279.359375,760.5
1780761364.2098458,15,280.59375,762.75
1780761364.2098458,15,281.96875,765.5
1780761364.2098458,15,283.1875,769.75
1780761364.2098458,15,284.671875,774.5
1780761364.2098458,15,285.90625,780.5
1780761364.2098458,15,287.265625,785.25
1780761364.2098458,15,288.53125,789.25
1780761364.2098458,15,289.875,796.0
1780761364.2098458,15,291.25,803.25
1780761364.2098458,15,292.5,809.75
1780761364.2098458,15,293.875,817.75
1780761364.2098458,15,295.125,826.0
1780761364.2098458,15,296.40625,836.0
1780761364.2098458,15,297.703125,848.5
1780761364.2098458,15,299.125,858.25
1780761364.2098458,15,300.453125,867.75
1780761364.2098458,15,301.75,879.75
1780761364.2098458,15,307.5,751.0
1780761364.2098458,15,308.84375,741.0
1780761364.2098458,15,310.0625,749.0
1780761364.2098458,15,311.421875,762.25
1780761364.2098458,15,312.671875,777.75
1780761364.2098458,15,313.90625,795.0
1780761364.2098458,15,315.203125,814.25
1780761364.2098458,15,316.625,834.0
1780761364.2098458,15,317.921875,852.75
1780761364.2098458,15,319.15625,872.75
1780761364.2098458,15,320.453125,894.0
1780761364.2098458,15,322.734375,1213.25
1780761364.2098458,15,324.046875,1237.25
1780761364.2098458,15,326.6875,1326.25
1780761364.2098458,15,342.296875,2232.25
1780761364.2098458,15,344.921875,2294.25
1780761364.2098458,15,347.5625,2294.25
1780761364.2098458,15,348.921875,2295.0
1780761364.2098458,15,350.25,2295.0
1780761364.3475854,15,351.59375,2294.25
1780761364.3475854,15,352.90625,2294.25
1780761364.3475854,15,6.28125,2293.25
1780761364.3475854,15,7.625,2293.0
1780761364.3475854,15,8.9375,2293.75
1780761364.3475854,15,10.265625,2296.25
1780761364.3475854,15,38.296875,888.5
1780761364.3475854,15,39.640625,878.0
1780761364.3475854,15,40.96875,867.5
1780761364.3475854,15,42.34375,860.25
1780761364.3475854,15,43.671875,869.75
1780761364.3475854,15,52.21875,1759.25
1780761364.3475854,15,53.59375,1733.0
1780761364.3475854,15,57.6875,1640.25
1780761364.3475854,15,58.984375,1610.25
1780761364.3475854,15,60.3125,1589.75
1780761364.3475854,6,61.640625,1578.0
1780761364.3475854,15,63.015625,1557.75
1780761364.3475854,5,64.390625,1539.5
1780761364.3475854,7,65.6875,1529.5
1780761364.3475854,15,67.03125,1510.75
1780761364.3475854,15,68.4375,1484.5
1780761364.3475854,15,69.78125,1467.25
1780761364.3475854,15,71.125,1457.25
1780761364.3475854,15,72.421875,1454.5
1780761364.3475854,15,73.765625,1432.25
1780761364.3475854,15,75.15625,1411.5
1780761364.3475854,15,76.484375,1410.75
1780761364.3475854,15,77.78125,1410.0
1780761364.3475854,15,81.9375,584.0
1780761364.3475854,15,83.265625,587.5
1780761364.3475854,15,91.34375,1218.75
1780761364.3475854,15,92.71875,1204.75
1780761364.3475854,8,94.09375,1186.0
1780761364.3475854,15,95.390625,1173.0
1780761364.3475854,15,96.75,1175.0
1780761364.3475854,15,98.109375,1182.5
1780761364.3475854,15,99.40625,1186.25
1780761364.3475854,15,100.71875,1194.5
1780761364.3475854,15,104.640625,1253.25
1780761364.3475854,15,108.59375,1435.25
1780761364.3475854,15,118.140625,1216.25
1780761364.3475854,15,119.40625,1236.5
1780761364.3475854,15,120.796875,1247.75
1780761364.3475854,15,130.359375,1017.75
1780761364.3475854,15,131.671875,996.75
1780761364.3475854,15,133.015625,972.25
1780761364.3475854,15,134.484375,954.75
1780761364.3475854,13,135.796875,949.5
1780761364.3475854,15,137.109375,955.5
1780761364.3475854,15,138.390625,963.75
1780761364.3475854,11,143.515625,1174.75
1780761364.3475854,15,144.828125,1155.0
1780761364.3475854,15,146.15625,1140.75
1780761364.3475854,15,147.53125,1127.25
1780761364.3475854,15,148.90625,1105.25
1780761364.3475854,15,153.6875,674.5
1780761364.3475854,15,155.046875,679.25
1780761364.3475854,15,156.40625,683.5
1780761364.3475854,15,157.78125,680.75
1780761364.3475854,15,159.09375,678.5
1780761364.3475854,15,160.515625,681.0
1780761364.3475854,15,161.765625,680.5
1780761364.3475854,15,163.234375,677.0
1780761364.3475854,15,164.625,668.0
1780761364.3475854,15,165.921875,654.75
1780761364.3475854,15,167.359375,642.0
1780761364.3475854,15,168.59375,635.0
1780761364.3475854,15,169.953125,634.5
1780761364.3475854,15,171.34375,638.0
1780761364.3475854,15,172.703125,635.0
1780761364.3475854,15,173.96875,629.0
1780761364.3475854,15,175.25,632.0
1780761364.3475854,15,176.8125,630.0
1780761364.3475854,15,178.140625,626.25
1780761364.3475854,15,179.4375,627.5
1780761364.3475854,15,180.8125,626.25
1780761364.3475854,15,182.046875,622.5
1780761364.3475854,15,183.53125,621.0
1780761364.3475854,15,184.734375,621.75
1780761364.3475854,15,186.265625,622.5
1780761364.3475854,15,187.421875,629.0
1780761364.3475854,15,188.75,631.75
1780761364.3475854,15,190.203125,631.75
1780761364.3475854,15,191.390625,636.25
1780761364.3475854,15,192.78125,636.25
1780761364.3475854,15,194.234375,638.5
1780761364.3475854,15,195.5625,644.0
1780761364.3475854,15,196.765625,647.25
1780761364.3475854,15,198.125,650.75
1780761364.3475854,15,199.515625,656.5
1780761364.3475854,15,200.8125,663.25
1780761364.3475854,15,202.21875,665.75
1780761364.3475854,15,203.515625,664.5
1780761364.3475854,15,204.765625,675.0
1780761364.3475854,15,206.015625,681.5
1780761364.3475854,15,207.421875,680.75
1780761364.3475854,15,208.6875,686.5
1780761364.3475854,15,210.140625,690.25
1780761364.3475854,5,219.53125,1708.5
1780761364.3475854,15,222.1875,1681.5
1780761364.3475854,15,225.390625,1077.0
1780761364.3475854,15,226.703125,1070.75
1780761364.3475854,15,228.0625,1079.75
1780761364.3475854,15,231.875,1241.5
1780761364.3475854,15,235.828125,1307.25
1780761364.3475854,1,237.171875,1307.0
1780761364.3475854,15,243.234375,816.0
1780761364.3475854,15,244.609375,824.0
1780761364.3475854,15,245.9375,824.25
1780761364.3475854,15,247.203125,815.5
1780761364.3475854,15,248.71875,808.75
1780761364.3475854,15,249.984375,801.0
1780761364.3475854,15,251.40625,793.75
1780761364.3475854,15,252.71875,787.0
1780761364.3475854,15,254.03125,781.75
1780761364.3475854,15,255.4375,777.25
1780761364.3475854,15,256.71875,772.5
1780761364.3475854,15,258.140625,768.0
1780761364.3475854,15,259.375,763.75
1780761364.3475854,15,260.765625,760.75
1780761364.3475854,15,262.1875,758.25
1780761364.3475854,15,263.515625,754.25
1780761364.3475854,15,264.765625,751.5
1780761364.3475854,15,266.140625,750.0
1780761364.3475854,15,267.546875,748.0
1780761364.3475854,15,268.84375,747.5
1780761364.3475854,15,270.234375,747.5
1780761364.3475854,15,271.59375,747.75
1780761364.3475854,15,272.875,751.25
1780761364.3475854,15,274.203125,753.25
1780761364.3475854,15,275.578125,753.75
1780761364.3475854,15,276.90625,755.25
1780761364.3475854,15,278.1875,756.75
1780761364.3475854,15,279.5625,759.5
1780761364.3475854,15,280.921875,762.0
1780761364.3475854,15,282.125,765.5
1780761364.3475854,15,283.453125,769.75
1780761364.3475854,15,284.75,774.5
1780761364.3475854,15,286.21875,779.75
1780761364.3475854,15,287.484375,784.75
1780761364.3475854,15,288.84375,789.75
1780761364.3475854,15,290.0625,796.5
1780761364.3475854,15,291.359375,804.25
1780761364.3475854,15,292.796875,810.5
1780761364.3475854,15,294.109375,816.75
1780761364.3475854,15,295.375,825.0
1780761364.3475854,15,296.78125,836.75
1780761364.3475854,15,297.96875,848.5
1780761364.3475854,15,299.34375,858.75
1780761364.3475854,15,300.71875,869.5
1780761364.3475854,15,301.96875,881.25
1780761364.3475854,15,303.3125,894.0
1780761364.3475854,15,304.59375,914.0
1780761364.3475854,15,309.0,785.5
1780761364.3475854,15,311.625,760.5
1780761364.3475854,15,312.90625,779.25
1780761364.3475854,15,314.15625,795.5
1780761364.3475854,15,315.421875,815.25
1780761364.3475854,15,316.78125,835.5
1780761364.3475854,15,318.046875,855.5
1780761364.3475854,15,319.328125,877.75
1780761364.3475854,15,326.84375,1326.5
1780761364.3475854,15,329.5,1425.25
1780761364.3475854,3,333.625,1318.5
1780761364.3475854,15,339.828125,2254.75
1780761364.3475854,15,341.140625,2254.0
1780761364.3475854,15,342.53125,2254.75
1780761364.3475854,15,343.828125,2275.0
1780761364.3475854,15,345.15625,2294.25
1780761364.3475854,15,349.25,2299.25
1780761364.485,15,351.921875,2299.75
1780761364.485,15,353.265625,2295.75
1780761364.485,15,6.6875,2294.75
1780761364.485,15,8.03125,2295.75
1780761364.485,15,9.390625,2299.5
1780761364.485,15,32.140625,1999.25
1780761364.485,15,37.125,913.0
1780761364.485,15,38.546875,903.75
1780761364.485,15,39.890625,894.25
1780761364.485,15,41.28125,885.75
1780761364.485,15,52.4375,1747.75
1780761364.485,15,53.8125,1733.25
1780761364.485,15,57.890625,1639.5
1780761364.485,15,59.21875,1610.25
1780761364.485,15,60.59375,1590.0
1780761364.485,15,61.9375,1569.25
1780761364.485,15,63.3125,1548.75
1780761364.485,15,64.625,1538.75
1780761364.485,9,66.046875,1513.5
1780761364.485,15,67.359375,1490.25
1780761364.485,15,68.703125,1477.5
1780761364.485,15,70.09375,1464.5
1780761364.485,15,71.390625,1456.75
1780761364.485,15,72.78125,1448.75
1780761364.485,6,74.109375,1426.5
1780761364.485,15,78.171875,590.0
1780761364.485,15,79.625,590.75
1780761364.485,15,83.515625,1380.25
1780761364.485,15,90.40625,1191.75
1780761364.485,11,91.765625,1178.5
1780761364.485,12,93.109375,1171.0
1780761364.485,15,94.53125,1164.75
1780761364.485,15,95.859375,1174.75
1780761364.485,7,97.1875,1182.25
1780761364.485,15,98.546875,1181.0
1780761364.485,15,99.78125,1189.25
1780761364.485,10,102.5,1215.25
1780761364.485,15,105.0625,1334.25
1780761364.485,15,114.578125,1191.5
1780761364.485,15,115.859375,1196.25
1780761364.485,15,117.21875,1208.75
1780761364.485,15,118.53125,1225.75
1780761364.485,15,129.59375,979.75
1780761364.485,8,130.890625,959.25
1780761364.485,15,132.28125,943.0
1780761364.485,15,133.515625,930.5
1780761364.485,15,134.859375,927.75
1780761364.485,15,136.171875,933.75
1780761364.485,15,141.3125,1160.5
1780761364.485,15,142.59375,1141.75
1780761364.485,15,143.96875,1129.25
1780761364.485,15,145.296875,1108.25
1780761364.485,9,146.71875,1084.75
1780761364.485,15,148.109375,1070.0
1780761364.485,15,151.6875,638.75
1780761364.485,15,153.0,634.5
1780761364.485,15,154.265625,642.0
1780761364.485,15,155.625,648.5
1780761364.485,15,156.96875,643.75
1780761364.485,15,158.421875,641.0
1780761364.485,15,159.75,644.75
1780761364.485,15,161.09375,640.5
1780761364.485,15,162.5,632.0
1780761364.485,15,163.796875,630.75
1780761364.485,15,166.515625,602.5
1780761364.485,15,167.796875,598.0
1780761364.485,15,169.125,596.5
1780761364.485,15,170.71875,593.5
1780761364.485,15,172.015625,593.0
1780761364.485,15,173.234375,591.25
1780761364.485,15,174.546875,588.75
1780761364.485,15,176.0,591.5
1780761364.485,15,177.390625,589.0
1780761364.485,15,178.625,592.0
1780761364.485,15,179.984375,593.0
1780761364.485,15,181.375,588.5
1780761364.485,15,182.734375,585.25
1780761364.485,15,184.140625,580.25
1780761364.485,15,185.40625,581.25
1780761364.485,15,186.5625,586.25
1780761364.485,15,187.96875,589.75
1780761364.485,15,189.328125,588.75
1780761364.485,15,190.625,591.25
1780761364.485,15,192.015625,595.75
1780761364.485,15,193.421875,598.0
1780761364.485,15,194.59375,602.0
1780761364.485,15,196.03125,604.75
1780761364.485,15,197.296875,607.5
1780761364.485,15,198.734375,610.5
1780761364.485,15,199.828125,613.25
1780761364.485,15,201.21875,618.25
1780761364.485,15,202.484375,623.75
1780761364.485,15,203.8125,626.0
1780761364.485,15,205.296875,631.25
1780761364.485,15,206.40625,644.75
1780761364.485,15,207.71875,661.0
1780761364.485,15,210.5,643.75
1780761364.485,15,211.875,652.0
1780761364.485,15,227.0,1055.25
1780761364.485,15,228.390625,1050.75
1780761364.485,15,233.53125,1218.25
1780761364.485,15,236.109375,1262.5
1780761364.485,6,238.78125,1256.5
1780761364.485,15,248.859375,799.25
1780761364.485,15,250.109375,799.25
1780761364.485,15,251.46875,791.75
1780761364.485,15,253.046875,785.25
1780761364.485,15,254.328125,779.75
1780761364.485,15,255.671875,774.5
1780761364.485,15,257.0625,770.0
1780761364.485,15,258.34375,766.5
1780761364.485,15,259.703125,763.5
1780761364.485,15,261.140625,760.0
1780761364.485,15,262.40625,756.25
1780761364.485,15,263.84375,754.0
1780761364.485,15,265.078125,751.5
1780761364.485,15,266.515625,749.5
1780761364.485,15,267.890625,748.0
1780761364.485,15,269.15625,747.5
1780761364.485,15,270.515625,748.5
1780761364.485,15,271.796875,748.75
1780761364.485,15,273.171875,748.75
1780761364.485,15,274.484375,750.25
1780761364.485,15,275.828125,756.5
1780761364.485,15,277.1875,758.25
1780761364.485,15,278.46875,756.5
1780761364.485,15,279.84375,760.5
1780761364.485,15,281.0625,764.0
1780761364.485,15,282.46875,768.0
1780761364.485,15,283.84375,771.5
1780761364.485,15,285.125,775.25
1780761364.485,15,286.453125,780.25
1780761364.485,15,287.796875,784.75
1780761364.485,15,289.0625,790.0
1780761364.485,15,290.4375,797.75
1780761364.485,15,291.734375,806.25
1780761364.485,15,293.078125,812.5
1780761364.485,15,294.390625,821.0
1780761364.485,15,295.578125,831.25
1780761364.485,15,296.96875,841.75
1780761364.485,15,298.265625,851.75
1780761364.485,15,299.609375,861.0
1780761364.485,15,300.96875,871.75
1780761364.485,15,302.3125,883.5
1780761364.485,15,303.5625,896.75
1780761364.485,15,304.890625,911.0
1780761364.485,15,306.28125,923.25
1780761364.485,15,309.046875,843.75
1780761364.485,15,310.484375,820.25
1780761364.485,15,311.984375,798.25
1780761364.485,15,313.296875,790.25
1780761364.485,15,314.609375,801.25
1780761364.485,15,315.828125,820.0
1780761364.485,15,317.078125,841.25
1780761364.485,15,318.46875,863.0
1780761364.485,15,319.65625,884.25
1780761364.485,15,321.078125,908.0
1780761364.485,15,322.296875,934.75
1780761364.485,15,327.296875,1321.0
1780761364.485,15,329.890625,1434.25
1780761364.485,15,333.984375,1326.25
1780761364.485,15,340.265625,2275.0
1780761364.485,15,341.578125,2255.5
1780761364.485,15,342.90625,2274.75
1780761364.485,15,344.265625,2296.5
1780761364.6226032,15,353.75,2301.75
1780761364.6226032,15,7.1875,2306.25
1780761364.6226032,15,8.515625,2309.0
1780761364.6226032,15,9.84375,2313.25
1780761364.6226032,15,36.1875,937.25
1780761364.6226032,15,37.546875,927.0
1780761364.6226032,15,39.046875,916.0
1780761364.6226032,15,40.265625,917.0
1780761364.6226032,4,54.3125,1722.75
1780761364.6226032,15,57.03125,1673.25
1780761364.6226032,15,58.421875,1629.75
1780761364.6226032,15,59.78125,1600.0
1780761364.6226032,7,61.171875,1571.25
1780761364.6226032,15,62.546875,1551.0
1780761364.6226032,15,63.859375,1539.75
1780761364.6226032,7,65.21875,1530.0
1780761364.6226032,15,66.5625,1511.5
1780761364.6226032,15,67.921875,1486.75
1780761364.6226032,15,69.296875,1469.5
1780761364.6226032,15,70.59375,1458.0
1780761364.6226032,15,74.6875,597.75
1780761364.6226032,15,76.15625,597.75
1780761364.6226032,15,80.109375,1398.25
1780761364.6226032,15,81.390625,1385.5
1780761364.6226032,15,85.390625,1381.5
1780761364.6226032,4,88.28125,1211.25
1780761364.6226032,15,89.640625,1189.75
1780761364.6226032,15,90.921875,1172.0
1780761364.6226032,10,92.3125,1164.25
1780761364.6226032,15,93.640625,1168.75
1780761364.6226032,7,94.984375,1178.5
1780761364.6226032,10,96.3125,1175.75
1780761364.6226032,15,97.609375,1183.25
1780761364.6226032,11,101.546875,1249.5
1780761364.6226032,8,105.515625,1411.75
1780761364.6226032,15,113.65625,1181.5
1780761364.6226032,15,115.046875,1186.0
1780761364.6226032,15,116.375,1191.75
1780761364.6226032,15,117.671875,1204.0
1780761364.6226032,15,127.421875,968.25
1780761364.6226032,15,128.703125,943.0
1780761364.6226032,15,130.140625,926.0
1780761364.6226032,15,131.4375,912.25
1780761364.6226032,15,132.765625,904.25
1780761364.6226032,15,134.171875,910.25
1780761364.6226032,15,135.453125,919.75
1780761364.6226032,15,140.5,1138.75
1780761364.6226032,11,143.234375,1084.25
1780761364.6226032,15,144.53125,1070.0
1780761364.6226032,15,145.9375,1052.0
1780761364.6226032,15,151.03125,600.25
1780761364.6226032,15,152.375,607.5
1780761364.6226032,15,153.578125,615.5
1780761364.6226032,15,154.875,609.75
1780761364.6226032,15,156.3125,606.5
1780761364.6226032,15,157.65625,605.0
1780761364.6226032,15,159.03125,605.0
1780761364.6226032,15,160.578125,602.5
1780761364.6226032,15,161.765625,590.75
1780761364.6226032,15,163.078125,586.0
1780761364.6226032,15,164.515625,577.75
1780761364.6226032,15,166.125,563.25
1780761364.6226032,15,167.390625,556.5
1780761364.6226032,15,168.78125,556.25
1780761364.6226032,15,169.953125,554.75
1780761364.6226032,15,171.453125,554.0
1780761364.6226032,15,172.65625,553.5
1780761364.6226032,15,174.03125,552.75
1780761364.6226032,15,175.28125,553.75
1780761364.6226032,15,176.671875,549.5
1780761364.6226032,15,178.296875,539.5
1780761364.6226032,15,179.53125,539.5
1780761364.6226032,15,180.796875,543.25
1780761364.6226032,15,182.0625,541.5
1780761364.6226032,15,183.453125,542.25
1780761364.6226032,15,184.875,543.75
1780761364.6226032,15,186.046875,546.0
1780761364.6226032,15,187.453125,546.75
1780761364.6226032,15,188.796875,548.5
1780761364.6226032,15,190.203125,547.25
1780761364.6226032,15,191.40625,551.0
1780761364.6226032,15,192.734375,557.0
1780761364.6226032,15,194.015625,558.75
1780761364.6226032,15,195.40625,564.25
1780761364.6226032,15,196.640625,567.75
1780761364.6226032,15,197.96875,568.75
1780761364.6226032,15,199.4375,569.5
1780761364.6226032,15,200.65625,573.25
1780761364.6226032,15,202.09375,578.25
1780761364.6226032,15,203.34375,584.25
1780761364.6226032,15,204.5625,589.25
1780761364.6226032,15,206.0625,588.75
1780761364.6226032,15,207.25,596.0
1780761364.6226032,15,208.484375,612.0
1780761364.6226032,15,209.859375,624.25
1780761364.6226032,15,212.578125,609.5
1780761364.6226032,15,213.890625,619.0
1780761364.6226032,15,224.375,1567.5
1780761364.6226032,15,225.734375,1576.25
1780761364.6226032,15,228.96875,1028.0
1780761364.6226032,15,230.25,1028.75
1780761364.6226032,15,234.171875,1195.75
1780761364.6226032,15,235.453125,1194.5
1780761364.6226032,7,240.796875,1245.5
1780761364.6226032,15,248.15625,783.75
1780761364.6226032,15,249.46875,791.75
1780761364.6226032,15,250.890625,795.0
1780761364.6226032,15,252.3125,788.25
1780761364.6226032,15,253.578125,782.25
1780761364.6226032,15,254.953125,776.75
1780761364.6226032,15,256.3125,772.5
1780761364.6226032,15,257.625,768.5
1780761364.6226032,15,259.046875,763.5
1780761364.6226032,15,260.40625,760.0
1780761364.6226032,15,261.734375,757.25
1780761364.6226032,15,263.09375,754.25
1780761364.6226032,15,264.484375,752.0
1780761364.6226032,15,265.703125,750.75
1780761364.6226032,15,267.015625,749.5
1780761364.6226032,15,268.359375,747.75
1780761364.6226032,15,269.859375,747.75
1780761364.6226032,15,271.0625,748.0
1780761364.6226032,15,272.46875,747.75
1780761364.6226032,15,273.78125,748.25
1780761364.6226032,15,275.109375,750.25
1780761364.6226032,15,276.34375,752.25
1780761364.6226032,15,277.640625,753.5
1780761364.6226032,15,279.03125,757.0
1780761364.6226032,15,280.265625,760.25
1780761364.6226032,15,281.703125,763.75
1780761364.6226032,15,282.90625,767.5
1780761364.6226032,15,284.28125,772.0
1780761364.6226032,15,285.609375,777.5
1780761364.6226032,15,287.0,782.0
1780761364.6226032,15,288.1875,786.5
1780761364.6226032,15,289.5,793.75
1780761364.6226032,15,290.953125,801.0
1780761364.6226032,15,292.140625,807.75
1780761364.6226032,15,293.546875,814.25
1780761364.6226032,15,294.796875,821.75
1780761364.6226032,15,296.203125,831.25
1780761364.6226032,15,297.515625,842.0
1780761364.6226032,15,298.765625,853.25
1780761364.6226032,15,300.109375,864.25
1780761364.6226032,15,301.40625,876.5
1780761364.6226032,15,302.6875,888.5
1780761364.6226032,15,304.09375,900.75
1780761364.6226032,15,305.34375,913.0
1780761364.6226032,15,306.703125,926.25
1780761364.6226032,13,307.96875,940.5
1780761364.6226032,15,310.828125,877.5
1780761364.6226032,15,312.15625,854.0
1780761364.6226032,15,313.5625,832.5
1780761364.6226032,15,314.875,816.75
1780761364.6226032,15,316.1875,822.0
1780761364.6226032,15,317.484375,843.5
1780761364.6226032,15,318.8125,864.75
1780761364.6226032,15,321.453125,914.75
1780761364.6226032,15,322.640625,937.0
1780761364.6226032,15,330.3125,1436.25
1780761364.6226032,15,332.984375,1426.75
1780761364.6226032,6,334.3125,1406.0
1780761364.6226032,15,340.625,2294.25
1780761364.6226032,15,341.96875,2294.25
1780761364.6226032,15,343.3125,2294.25
1780761364.6226032,15,344.6875,2302.0
1780761364.7606072,15,36.359375,954.75
1780761364.7606072,15,37.671875,942.0
1780761364.7606072,15,39.046875,943.0
1780761364.7606072,15,50.359375,1795.75
1780761364.7606072,15,51.71875,1759.75
1780761364.7606072,5,53.09375,1733.75
1780761364.7606072,4,54.421875,1707.75
1780761364.7606072,15,55.765625,1684.0
1780761364.7606072,15,57.125,1660.5
1780761364.7606072,15,59.859375,1591.0
1780761364.7606072,15,61.15625,1588.75
1780761364.7606072,15,62.546875,1568.25
1780761364.7606072,15,63.890625,1548.0
1780761364.7606072,7,65.25,1538.0
1780761364.7606072,15,66.640625,1511.75
1780761364.7606072,15,70.71875,612.75
1780761364.7606072,15,72.15625,608.5
1780761364.7606072,15,73.296875,614.5
1780761364.7606072,15,76.03125,1417.5
1780761364.7606072,15,77.359375,1410.25
1780761364.7606072,15,78.75,1409.75
1780761364.7606072,15,80.125,1398.25
1780761364.7606072,15,84.015625,1383.5
1780761364.7606072,15,86.828125,1192.5
1780761364.7606072,10,88.21875,1176.25
1780761364.7606072,15,89.5625,1169.75
1780761364.7606072,15,90.921875,1165.25
1780761364.7606072,15,92.25,1171.75
1780761364.7606072,15,93.5625,1172.0
1780761364.7606072,11,94.890625,1170.0
1780761364.7606072,15,96.1875,1185.0
1780761364.7606072,15,98.84375,1232.25
1780761364.7606072,15,100.15625,1241.75
1780761364.7606072,15,104.0625,1410.25
1780761364.7606072,11,110.953125,1161.0
1780761364.7606072,15,112.296875,1152.75
1780761364.7606072,9,113.640625,1162.25
1780761364.7606072,15,114.9375,1181.0
1780761364.7606072,3,116.3125,1191.75
1780761364.7606072,15,127.390625,918.0
1780761364.7606072,15,128.703125,898.0
1780761364.7606072,15,130.109375,882.0
1780761364.7606072,15,131.4375,881.5
1780761364.7606072,15,132.765625,887.5
1780761364.7606072,15,137.75,1133.25
1780761364.7606072,15,139.15625,1107.5
1780761364.7606072,15,140.484375,1081.75
1780761364.7606072,15,141.953125,1056.75
1780761364.7606072,15,143.3125,1035.5
1780761364.7606072,15,144.59375,1019.5
1780761364.7606072,15,148.359375,565.5
1780761364.7606072,15,149.796875,566.75
1780761364.7606072,15,151.15625,575.25
1780761364.7606072,15,152.4375,578.5
1780761364.7606072,15,153.890625,572.25
1780761364.7606072,15,155.140625,568.75
1780761364.7606072,15,156.421875,566.75
1780761364.7606072,15,157.78125,570.75
1780761364.7606072,15,160.703125,552.25
1780761364.7606072,15,161.8125,554.0
1780761364.7606072,15,164.625,522.75
1780761364.7606072,15,166.078125,518.25
1780761364.7606072,15,167.40625,517.0
1780761364.7606072,15,168.6875,517.5
1780761364.7606072,15,170.046875,517.5
1780761364.7606072,15,171.5,514.75
1780761364.7606072,15,172.90625,513.0
1780761364.7606072,15,174.0625,514.75
1780761364.7606072,15,175.515625,514.25
1780761364.7606072,15,176.984375,510.25
1780761364.7606072,15,178.359375,510.0
1780761364.7606072,15,179.453125,509.5
1780761364.7606072,15,180.8125,508.25
1780761364.7606072,15,182.390625,505.75
1780761364.7606072,15,183.65625,503.25
1780761364.7606072,15,184.859375,504.75
1780761364.7606072,15,186.078125,505.5
1780761364.7606072,15,187.46875,510.0
1780761364.7606072,15,188.84375,512.0
1780761364.7606072,15,190.078125,509.75
1780761364.7606072,15,191.5625,509.5
1780761364.7606072,15,192.875,511.75
1780761364.7606072,15,194.296875,515.75
1780761364.7606072,15,195.53125,519.25
1780761364.7606072,15,196.84375,523.5
1780761364.7606072,15,198.125,527.0
1780761364.7606072,15,199.546875,529.25
1780761364.7606072,15,200.875,532.0
1780761364.7606072,15,202.09375,537.5
1780761364.7606072,15,203.34375,540.25
1780761364.7606072,15,204.765625,544.5
1780761364.7606072,15,206.140625,548.5
1780761364.7606072,15,207.390625,551.25
1780761364.7606072,15,208.65625,560.5
1780761364.7606072,15,209.90625,574.75
1780761364.7606072,15,211.28125,590.5
1780761364.7606072,15,214.0,573.0
1780761364.7606072,15,215.3125,580.0
1780761364.7606072,15,222.96875,1609.5
1780761364.7606072,15,224.359375,1571.5
1780761364.7606072,15,225.6875,1552.0
1780761364.7606072,15,227.046875,1541.0
1780761364.7606072,15,230.3125,1008.75
1780761364.7606072,15,231.625,1006.5
1780761364.7606072,15,236.75,1171.75
1780761364.7606072,15,242.03125,1242.75
1780761364.7606072,6,243.328125,1249.25
1780761364.7606072,8,247.625,1006.75
1780761364.7606072,15,250.75,768.5
1780761364.7606072,15,251.96875,777.5
1780761364.7606072,15,253.46875,784.75
1780761364.7606072,15,254.703125,779.75
1780761364.7606072,15,256.046875,773.5
1780761364.7606072,15,257.5,768.0
1780761364.7606072,15,258.796875,764.75
1780761364.7606072,15,260.1875,762.5
1780761364.7606072,15,261.390625,758.75
1780761364.7606072,15,262.78125,755.5
1780761364.7606072,15,264.078125,753.25
1780761364.7606072,15,265.453125,751.5
1780761364.7606072,15,266.796875,749.75
1780761364.7606072,15,268.1875,747.5
1780761364.7606072,15,269.453125,746.75
1780761364.7606072,15,270.84375,747.25
1780761364.7606072,15,272.234375,748.25
1780761364.7606072,15,273.46875,748.25
1780761364.7606072,15,274.765625,749.25
1780761364.7606072,15,276.109375,751.5
1780761364.7606072,15,277.359375,753.25
1780761364.7606072,15,278.703125,755.0
1780761364.7606072,15,280.109375,758.0
1780761364.7606072,15,281.3125,764.0
1780761364.7606072,15,282.703125,769.0
1780761364.7606072,15,283.984375,770.75
1780761364.7606072,15,285.390625,776.0
1780761364.7606072,15,286.625,782.5
1780761364.7606072,15,288.078125,787.75
1780761364.7606072,15,289.265625,791.5
1780761364.7606072,15,290.671875,798.0
1780761364.7606072,15,291.96875,807.25
1780761364.7606072,15,293.28125,813.25
1780761364.7606072,15,294.546875,821.25
1780761364.7606072,15,295.9375,831.5
1780761364.7606072,15,297.140625,841.5
1780761364.7606072,15,298.53125,851.75
1780761364.7606072,15,299.84375,861.5
1780761364.7606072,15,301.15625,873.0
1780761364.7606072,15,302.4375,886.0
1780761364.7606072,15,303.78125,899.0
1780761364.7606072,15,305.0625,912.0
1780761364.7606072,15,306.5,924.5
1780761364.7606072,15,307.78125,940.0
1780761364.7606072,15,309.0625,958.25
1780761364.7606072,15,313.15625,887.75
1780761364.7606072,15,314.5625,867.5
1780761364.7606072,15,315.90625,848.0
1780761364.7606072,15,317.28125,845.75
1780761364.7606072,15,318.5625,865.0
1780761364.7606072,15,319.8125,890.5
1780761364.7606072,15,321.1875,913.0
1780761364.7606072,15,322.421875,935.25
1780761364.7606072,15,323.859375,961.75
1780761364.7606072,15,330.09375,1436.25
1780761364.7606072,15,334.0625,1436.0
1780761364.7606072,15,335.46875,1418.0
1780761364.7606072,15,341.75,2294.25
1780761364.8976753,15,33.421875,997.5
1780761364.8976753,15,34.8125,982.25
1780761364.8976753,15,36.296875,970.25
1780761364.8976753,4,37.546875,977.25
1780761364.8976753,15,50.359375,1807.25
1780761364.8976753,15,51.71875,1771.5
1780761364.8976753,15,53.0625,1733.5
1780761364.8976753,4,54.4375,1707.75
1780761364.8976753,15,55.796875,1684.0
1780761364.8976753,15,57.09375,1660.5
1780761364.8976753,15,59.84375,1591.0
1780761364.8976753,15,61.203125,1580.25
1780761364.8976753,15,62.53125,1559.75
1780761364.8976753,15,63.875,1540.0
1780761364.8976753,15,67.953125,620.25
1780761364.8976753,15,69.234375,619.75
1780761364.8976753,15,73.375,1440.0
1780761364.8976753,15,74.75,1424.5
1780761364.8976753,15,76.09375,1410.75
1780761364.8976753,15,77.390625,1410.25
1780761364.8976753,15,78.734375,1409.5
1780761364.8976753,15,86.953125,1167.0
1780761364.8976753,15,88.296875,1162.75
1780761364.8976753,15,89.640625,1164.0
1780761364.8976753,15,91.0,1168.0
1780761364.8976753,15,92.328125,1165.0
1780761364.8976753,7,93.609375,1174.0
1780761364.8976753,15,94.984375,1190.75
1780761364.8976753,15,96.25,1213.75
1780761364.8976753,15,97.640625,1229.75
1780761364.8976753,15,100.171875,1300.0
1780761364.8976753,15,104.1875,1320.0
1780761364.8976753,15,109.75,1146.75
1780761364.8976753,15,111.0,1146.75
1780761364.8976753,15,112.34375,1148.25
1780761364.8976753,8,113.671875,1162.5
1780761364.8976753,15,123.328125,932.0
1780761364.8976753,15,124.78125,907.25
1780761364.8976753,15,126.140625,882.0
1780761364.8976753,15,127.46875,864.0
1780761364.8976753,15,128.859375,857.25
1780761364.8976753,15,130.15625,859.75
1780761364.8976753,15,131.421875,867.0
1780761364.8976753,15,136.515625,1095.5
1780761364.8976753,15,137.90625,1084.75
1780761364.8976753,15,140.6875,1030.75
1780761364.8976753,15,142.046875,1013.25
1780761364.8976753,15,146.015625,534.0
1780761364.8976753,15,147.265625,533.5
1780761364.8976753,15,148.671875,538.0
1780761364.8976753,15,149.875,544.0
1780761364.8976753,15,151.4375,542.0
1780761364.8976753,15,152.59375,533.5
1780761364.8976753,15,153.9375,529.75
1780761364.8976753,15,155.34375,531.25
1780761364.8976753,15,156.84375,529.75
1780761364.8976753,15,158.015625,519.25
1780761364.8976753,15,159.609375,511.5
1780761364.8976753,15,160.921875,506.75
1780761364.8976753,15,162.34375,497.75
1780761364.8976753,15,163.71875,486.5
1780761364.8976753,15,165.046875,481.75
1780761364.8976753,15,166.328125,480.25
1780761364.8976753,15,167.78125,480.5
1780761364.8976753,15,169.25,479.75
1780761364.8976753,15,170.359375,476.25
1780761364.8976753,15,171.734375,476.25
1780761364.8976753,15,173.28125,476.0
1780761364.8976753,15,174.453125,474.25
1780761364.8976753,15,175.703125,470.5
1780761364.8976753,15,176.984375,469.0
1780761364.8976753,15,178.640625,470.5
1780761364.8976753,15,179.9375,471.25
1780761364.8976753,15,181.296875,472.5
1780761364.8976753,15,182.59375,469.5
1780761364.8976753,15,183.84375,465.75
1780761364.8976753,15,185.1875,466.5
1780761364.8976753,15,186.390625,468.75
1780761364.8976753,15,187.703125,470.0
1780761364.8976753,15,189.078125,468.75
1780761364.8976753,15,190.46875,470.5
1780761364.8976753,15,191.828125,472.75
1780761364.8976753,15,193.1875,477.0
1780761364.8976753,15,194.53125,483.0
1780761364.8976753,15,195.734375,484.25
1780761364.8976753,15,197.0,483.75
1780761364.8976753,15,198.375,486.25
1780761364.8976753,15,199.671875,492.0
1780761364.8976753,15,200.90625,494.75
1780761364.8976753,15,202.203125,496.5
1780761364.8976753,15,203.734375,500.5
1780761364.8976753,15,204.9375,506.5
1780761364.8976753,15,206.34375,509.5
1780761364.8976753,15,207.671875,510.25
1780761364.8976753,15,208.953125,513.0
1780761364.8976753,15,210.140625,518.75
1780761364.8976753,15,212.75,546.25
1780761364.8976753,15,215.46875,534.25
1780761364.8976753,15,216.6875,540.25
1780761364.8976753,15,225.703125,1454.25
1780761364.8976753,15,231.546875,994.0
1780761364.8976753,15,232.921875,982.5
1780761364.8976753,15,238.046875,1143.75
1780761364.8976753,15,239.296875,1156.0
1780761364.8976753,15,242.0,1221.25
1780761364.8976753,15,243.25,1231.0
1780761364.8976753,15,250.3125,998.25
1780761364.8976753,15,253.421875,753.0
1780761364.8976753,15,255.9375,774.0
1780761364.8976753,15,257.28125,767.0
1780761364.8976753,15,258.625,763.0
1780761364.8976753,15,259.921875,760.0
1780761364.8976753,15,261.28125,756.75
1780761364.8976753,15,262.65625,754.75
1780761364.8976753,15,264.046875,751.75
1780761364.8976753,15,265.421875,748.5
1780761364.8976753,15,266.640625,747.75
1780761364.8976753,15,267.9375,746.5
1780761364.8976753,15,269.3125,746.0
1780761364.8976753,15,270.71875,746.0
1780761364.8976753,15,272.0625,746.75
1780761364.8976753,15,273.359375,748.0
1780761364.8976753,15,274.734375,749.5
1780761364.8976753,15,275.96875,750.5
1780761364.8976753,15,277.25,751.5
1780761364.8976753,15,278.5625,753.75
1780761364.8976753,15,280.015625,757.0
1780761364.8976753,15,281.21875,761.25
1780761364.8976753,15,282.5625,765.0
1780761364.8976753,15,283.859375,768.75
1780761364.8976753,15,285.140625,774.25
1780761364.8976753,15,286.453125,779.75
1780761364.8976753,15,287.828125,785.5
1780761364.8976753,15,289.109375,790.5
1780761364.8976753,15,290.46875,796.0
1780761364.8976753,15,291.71875,804.25
1780761364.8976753,15,293.109375,811.75
1780761364.8976753,15,294.40625,817.5
1780761364.8976753,15,295.78125,827.75
1780761364.8976753,15,297.0,840.75
1780761364.8976753,15,298.3125,851.0
1780761364.8976753,15,299.671875,860.5
1780761364.8976753,15,301.0,871.5
1780761364.8976753,15,302.40625,883.5
1780761364.8976753,15,303.59375,896.25
1780761364.8976753,15,304.921875,910.75
1780761364.8976753,15,306.296875,923.25
1780761364.8976753,15,307.65625,936.25
1780761364.8976753,15,308.9375,952.5
1780761364.8976753,15,310.171875,968.25
1780761364.8976753,15,311.5625,985.5
1780761364.8976753,15,314.390625,921.5
1780761364.8976753,15,315.703125,902.75
1780761364.8976753,15,317.046875,882.75
1780761364.8976753,15,318.4375,872.5
1780761364.8976753,15,319.765625,884.0
1780761364.8976753,15,320.953125,907.75
1780761364.8976753,15,322.328125,932.0
1780761364.8976753,15,323.625,953.75
1780761364.8976753,15,326.21875,1015.25
1780761364.8976753,15,335.171875,1434.75
1780761364.8976753,15,341.515625,2294.25
1780761364.8976753,15,342.828125,2294.25
1780761365.0356195,15,354.859375,2294.25
1780761365.0356195,15,356.1875,2274.25
1780761365.0356195,15,357.53125,2254.0
1780761365.0356195,15,358.875,2274.25
1780761365.0356195,15,1.546875,2294.5
1780761365.0356195,15,4.21875,2294.5
1780761365.0356195,15,31.75,1027.75
1780761365.0356195,15,33.0625,1015.0
1780761365.0356195,15,34.46875,1001.75
1780761365.0356195,15,36.015625,1002.0
1780761365.0356195,15,50.109375,1820.25
1780761365.0356195,15,51.5,1772.0
1780761365.0356195,15,52.875,1744.75
1780761365.0356195,4,54.203125,1719.75
1780761365.0356195,15,55.59375,1685.0
1780761365.0356195,15,56.921875,1660.75
1780761365.0356195,15,59.640625,1591.75
1780761365.0356195,15,60.953125,1580.5
1780761365.0356195,15,65.140625,636.25
1780761365.0356195,15,66.46875,633.75
1780761365.0356195,15,70.5,1458.25
1780761365.0356195,15,71.828125,1456.5
1780761365.0356195,15,73.15625,1435.0
1780761365.0356195,15,74.5,1419.0
1780761365.0356195,15,75.875,1417.5
1780761365.0356195,15,77.234375,1410.25
1780761365.0356195,15,81.375,1243.5
1780761365.0356195,15,82.734375,1238.75
1780761365.0356195,8,85.390625,1178.25
1780761365.0356195,9,86.75,1166.0
1780761365.0356195,15,88.046875,1168.5
1780761365.0356195,15,89.421875,1170.75
1780761365.0356195,15,90.796875,1165.25
1780761365.0356195,15,92.125,1175.25
1780761365.0356195,15,93.390625,1191.5
1780761365.0356195,15,94.703125,1214.0
1780761365.0356195,15,96.046875,1229.0
1780761365.0356195,15,98.703125,1292.5
1780761365.0356195,8,108.09375,1154.5
1780761365.0356195,15,109.484375,1144.75
1780761365.0356195,15,110.8125,1145.75
1780761365.0356195,15,112.140625,1149.0
1780761365.0356195,15,120.5,937.0
1780761365.0356195,15,123.328125,878.25
1780761365.0356195,15,124.6875,852.25
1780761365.0356195,15,126.078125,836.0
1780761365.0356195,15,127.296875,834.0
1780761365.0356195,15,128.734375,838.75
1780761365.0356195,15,130.046875,848.0
1780761365.0356195,15,134.9375,1079.25
1780761365.0356195,15,136.28125,1054.25
1780761365.0356195,15,137.734375,1031.5
1780761365.0356195,15,139.0625,1010.5
1780761365.0356195,15,143.328125,508.75
1780761365.0356195,15,144.5625,502.75
1780761365.0356195,15,145.75,507.75
1780761365.0356195,15,147.109375,513.75
1780761365.0356195,15,148.453125,511.0
1780761365.0356195,15,149.703125,505.75
1780761365.0356195,15,151.21875,504.0
1780761365.0356195,15,152.734375,499.75
1780761365.0356195,15,153.71875,502.75
1780761365.0356195,15,156.53125,488.0
1780761365.0356195,15,159.46875,467.75
1780761365.0356195,15,160.734375,461.25
1780761365.0356195,15,162.125,454.5
1780761365.0356195,15,163.6875,448.25
1780761365.0356195,15,165.046875,446.5
1780761365.0356195,15,166.109375,444.5
1780761365.0356195,15,167.6875,443.0
1780761365.0356195,15,168.921875,442.25
1780761365.0356195,15,170.40625,439.5
1780761365.0356195,15,171.875,437.0
1780761365.0356195,15,173.171875,439.25
1780761365.0356195,15,174.203125,439.25
1780761365.0356195,15,175.78125,433.5
1780761365.0356195,15,176.90625,428.75
1780761365.0356195,15,178.5625,430.75
1780761365.0356195,15,179.796875,435.5
1780761365.0356195,15,180.890625,436.25
1780761365.0356195,15,182.625,432.5
1780761365.0356195,15,183.84375,429.5
1780761365.0356195,15,185.1875,429.5
1780761365.0356195,15,186.375,429.25
1780761365.0356195,15,187.96875,431.0
1780761365.0356195,15,189.171875,434.0
1780761365.0356195,15,190.28125,436.25
1780761365.0356195,15,191.90625,437.5
1780761365.0356195,15,193.3125,436.75
1780761365.0356195,15,194.40625,438.25
1780761365.0356195,15,195.765625,442.75
1780761365.0356195,15,196.984375,446.0
1780761365.0356195,15,198.265625,450.25
1780761365.0356195,15,199.65625,454.5
1780761365.0356195,15,201.0625,457.25
1780761365.0356195,15,202.421875,460.5
1780761365.0356195,15,203.703125,463.25
1780761365.0356195,15,204.859375,466.5
1780761365.0356195,15,206.265625,471.0
1780761365.0356195,15,207.578125,474.0
1780761365.0356195,15,209.0,479.75
1780761365.0356195,15,210.21875,483.75
1780761365.0356195,15,211.6875,485.0
1780761365.0356195,15,213.0,493.25
1780761365.0356195,15,214.140625,507.25
1780761365.0356195,15,215.34375,521.25
1780761365.0356195,15,218.140625,510.75
1780761365.0356195,15,219.453125,513.0
1780761365.0356195,8,228.265625,1501.0
1780761365.0356195,15,234.25,961.5
1780761365.0356195,15,235.5,964.0
1780761365.0356195,15,240.6875,1135.75
1780761365.0356195,5,244.578125,1208.0
1780761365.0356195,15,251.546875,973.75
1780761365.0356195,15,252.890625,972.0
1780761365.0356195,15,256.140625,743.25
1780761365.0356195,15,258.625,765.75
1780761365.0356195,15,260.09375,760.75
1780761365.0356195,15,261.3125,757.0
1780761365.0356195,15,262.78125,754.75
1780761365.0356195,15,264.078125,751.75
1780761365.0356195,15,265.390625,750.25
1780761365.0356195,15,266.75,749.0
1780761365.0356195,15,268.1875,746.75
1780761365.0356195,15,269.546875,746.5
1780761365.0356195,15,270.828125,746.75
1780761365.0356195,15,272.09375,748.0
1780761365.0356195,15,273.390625,748.0
1780761365.0356195,15,274.796875,749.0
1780761365.0356195,15,276.03125,751.25
1780761365.0356195,15,277.46875,752.75
1780761365.0356195,15,278.765625,754.75
1780761365.0356195,15,279.984375,757.75
1780761365.0356195,15,281.40625,760.0
1780761365.0356195,15,282.734375,765.0
1780761365.0356195,15,284.109375,769.75
1780761365.0356195,15,285.34375,773.25
1780761365.0356195,15,286.75,776.0
1780761365.0356195,15,287.96875,781.5
1780761365.0356195,15,289.28125,790.0
1780761365.0356195,15,290.546875,797.75
1780761365.0356195,15,291.953125,806.5
1780761365.0356195,15,293.296875,812.75
1780761365.0356195,15,294.5625,820.75
1780761365.0356195,15,295.859375,830.75
1780761365.0356195,15,297.125,841.0
1780761365.0356195,15,298.515625,851.5
1780761365.0356195,15,299.984375,861.25
1780761365.0356195,15,301.171875,872.5
1780761365.0356195,15,302.5625,885.75
1780761365.0356195,15,303.90625,898.5
1780761365.0356195,15,305.21875,911.5
1780761365.0356195,15,306.453125,924.25
1780761365.0356195,13,307.84375,938.25
1780761365.0356195,15,309.15625,953.25
1780761365.0356195,15,310.453125,967.5
1780761365.0356195,15,311.796875,986.25
1780761365.0356195,15,313.015625,1007.5
1780761365.0356195,15,315.875,947.25
1780761365.0356195,15,317.203125,930.5
1780761365.0356195,15,318.625,915.25
1780761365.0356195,15,319.921875,899.5
1780761365.0356195,15,322.578125,932.75
1780761365.0356195,15,323.90625,954.75
1780761365.0356195,15,326.5,1015.5
1780761365.0356195,15,336.765625,1468.75
1780761365.0356195,15,343.0625,2294.25
1780761365.1728222,15,355.140625,2294.25
1780761365.1728222,15,356.453125,2294.25
1780761365.1728222,15,357.796875,2294.25
1780761365.1728222,15,359.125,2294.25
1780761365.1728222,15,1.8125,2294.25
1780761365.1728222,15,3.140625,2294.25
1780761365.1728222,15,4.484375,2294.25
1780761365.1728222,15,32.078125,1047.25
1780761365.1728222,15,33.453125,1030.0
1780761365.1728222,15,34.703125,1024.25
1780761365.1728222,15,50.296875,1820.0
1780761365.1728222,15,51.640625,1771.5
1780761365.1728222,15,53.015625,1744.5
1780761365.1728222,3,54.390625,1719.0
1780761365.1728222,15,55.6875,1684.5
1780761365.1728222,15,57.078125,1650.5
1780761365.1728222,15,58.46875,1611.0
1780761365.1728222,15,62.296875,659.75
1780761365.1728222,15,63.65625,659.75
1780761365.1728222,15,67.78125,1462.5
1780761365.1728222,15,69.203125,1476.25
1780761365.1728222,15,70.484375,1463.75
1780761365.1728222,15,71.890625,1449.25
1780761365.1728222,15,73.21875,1434.5
1780761365.1728222,15,74.53125,1426.0
1780761365.1728222,15,75.84375,1425.75
1780761365.1728222,15,84.0625,1178.75
1780761365.1728222,15,85.390625,1172.5
1780761365.1728222,11,86.78125,1173.0
1780761365.1728222,15,88.140625,1170.5
1780761365.1728222,11,89.4375,1170.25
1780761365.1728222,15,90.796875,1185.5
1780761365.1728222,15,92.046875,1214.5
1780761365.1728222,15,93.375,1227.25
1780761365.1728222,15,94.6875,1233.5
1780761365.1728222,15,105.46875,1139.0
1780761365.1728222,15,106.8125,1135.25
1780761365.1728222,15,108.234375,1139.75
1780761365.1728222,15,109.609375,1145.25
1780761365.1728222,15,110.890625,1146.25
1780761365.1728222,15,120.796875,864.25
1780761365.1728222,15,123.4375,819.25
1780761365.1728222,15,124.9375,812.5
1780761365.1728222,15,126.1875,813.75
1780761365.1728222,15,127.46875,820.5
1780761365.1728222,7,128.734375,834.75
1780761365.1728222,15,133.875,1040.5
1780761365.1728222,9,135.203125,1018.75
1780761365.1728222,15,136.640625,997.25
1780761365.1728222,15,140.875,476.5
1780761365.1728222,15,142.28125,474.25
1780761365.1728222,15,143.75,477.0
1780761365.1728222,15,144.90625,483.0
1780761365.1728222,15,146.28125,481.25
1780761365.1728222,15,147.5625,474.5
1780761365.1728222,15,148.9375,472.25
1780761365.1728222,15,150.40625,470.0
1780761365.1728222,15,151.84375,469.25
1780761365.1728222,15,153.296875,464.5
1780761365.1728222,15,154.40625,455.75
1780761365.1728222,15,156.0,449.0
1780761365.1728222,15,157.25,448.5
1780761365.1728222,15,160.140625,423.5
1780761365.1728222,15,161.59375,417.25
1780761365.1728222,15,162.9375,413.75
1780761365.1728222,15,164.03125,412.75
1780761365.1728222,15,165.515625,411.5
1780761365.1728222,15,166.890625,410.0
1780761365.1728222,15,168.40625,408.75
1780761365.1728222,15,169.46875,405.0
1780761365.1728222,15,171.015625,402.75
1780761365.1728222,15,172.1875,404.5
1780761365.1728222,15,173.796875,405.0
1780761365.1728222,15,175.078125,400.25
1780761365.1728222,15,176.328125,396.0
1780761365.1728222,15,177.53125,398.75
1780761365.1728222,15,178.828125,400.0
1780761365.1728222,15,180.390625,398.5
1780761365.1728222,15,181.75,400.5
1780761365.1728222,15,183.046875,396.5
1780761365.1728222,15,184.484375,392.25
1780761365.1728222,15,185.828125,392.25
1780761365.1728222,15,187.234375,392.0
1780761365.1728222,15,188.53125,394.75
1780761365.1728222,15,189.5625,398.25
1780761365.1728222,15,191.25,398.5
1780761365.1728222,15,192.265625,398.25
1780761365.1728222,15,193.546875,398.25
1780761365.1728222,15,194.84375,402.5
1780761365.1728222,15,196.453125,408.5
1780761365.1728222,15,197.4375,411.25
1780761365.1728222,15,198.84375,415.0
1780761365.1728222,15,200.015625,419.25
1780761365.1728222,15,201.3125,421.75
1780761365.1728222,15,202.859375,423.5
1780761365.1728222,15,204.203125,427.5
1780761365.1728222,15,205.671875,430.5
1780761365.1728222,15,206.703125,432.75
1780761365.1728222,15,208.3125,436.0
1780761365.1728222,15,209.3125,441.0
1780761365.1728222,15,210.640625,449.0
1780761365.1728222,15,212.0625,452.5
1780761365.1728222,15,213.390625,454.75
1780761365.1728222,15,214.609375,461.25
1780761365.1728222,15,217.421875,480.5
1780761365.1728222,15,218.359375,487.75
1780761365.1728222,15,220.015625,488.0
1780761365.1728222,15,221.28125,484.25
1780761365.1728222,15,222.484375,491.75
1780761365.1728222,15,229.953125,1479.0
1780761365.1728222,15,231.296875,1461.0
1780761365.1728222,15,232.625,1447.5
1780761365.1728222,15,235.828125,940.0
1780761365.1728222,15,237.140625,940.75
1780761365.1728222,15,242.296875,1118.25
1780761365.1728222,15,246.28125,1196.75
1780761365.1728222,15,253.140625,973.5
1780761365.1728222,15,254.5,961.0
1780761365.1728222,15,255.84375,969.25
1780761365.1728222,15,259.015625,735.5
1780761365.1728222,15,261.6875,756.75
1780761365.1728222,15,262.984375,751.75
1780761365.1728222,15,264.28125,750.5
1780761365.1728222,15,265.640625,749.25
1780761365.1728222,15,267.0625,747.75
1780761365.1728222,15,268.375,747.5
1780761365.1728222,15,269.65625,746.75
1780761365.1728222,15,270.984375,745.75
1780761365.1728222,15,272.25,746.25
1780761365.1728222,15,273.71875,747.75
1780761365.1728222,15,275.046875,748.75
1780761365.1728222,15,276.34375,750.5
1780761365.1728222,15,277.71875,753.5
1780761365.1728222,15,278.921875,755.25
1780761365.1728222,15,280.296875,758.5
1780761365.1728222,15,281.5625,763.25
1780761365.1728222,15,283.0625,767.0
1780761365.1728222,15,284.21875,771.5
1780761365.1728222,15,285.609375,775.25
1780761365.1728222,15,286.90625,779.75
1780761365.1728222,15,288.296875,784.75
1780761365.1728222,15,289.640625,792.0
1780761365.1728222,15,290.84375,800.75
1780761365.1728222,15,292.25,807.0
1780761365.1728222,15,293.625,813.25
1780761365.1728222,15,294.9375,821.25
1780761365.1728222,15,296.171875,831.25
1780761365.1728222,15,297.421875,842.25
1780761365.1728222,15,298.84375,853.75
1780761365.1728222,15,300.203125,864.75
1780761365.1728222,15,301.53125,876.25
1780761365.1728222,15,302.78125,888.25
1780761365.1728222,15,304.203125,900.25
1780761365.1728222,15,305.390625,912.75
1780761365.1728222,15,306.8125,925.5
1780761365.1728222,14,308.078125,940.25
1780761365.1728222,15,309.34375,958.5
1780761365.1728222,15,310.75,976.75
1780761365.1728222,15,311.96875,994.0
1780761365.1728222,15,313.390625,1013.0
1780761365.1728222,15,314.671875,1032.5
1780761365.1728222,15,317.4375,973.0
1780761365.1728222,15,318.828125,953.25
1780761365.1728222,15,320.171875,936.25
1780761365.1728222,15,321.46875,928.75
1780761365.1728222,15,322.84375,938.25
1780761365.1728222,15,324.046875,961.75
1780761365.1728222,15,326.65625,1022.75
1780761365.1728222,7,336.890625,1529.5
1780761365.310652,15,356.625,2294.25
1780761365.310652,15,357.953125,2294.25
1780761365.310652,15,0.625,2294.25
1780761365.310652,15,1.96875,2294.25
1780761365.310652,15,3.296875,2294.25
1780761365.310652,15,4.640625,2294.25
1780761365.310652,15,30.796875,1081.75
1780761365.310652,15,32.1875,1064.25
1780761365.310652,15,33.546875,1055.75
1780761365.310652,15,50.390625,1795.5
1780761365.310652,15,51.765625,1759.75
1780761365.310652,15,53.09375,1733.5
1780761365.310652,15,55.8125,1695.5
1780761365.310652,15,59.703125,680.25
1780761365.310652,10,61.015625,683.75
1780761365.310652,15,63.953125,1539.5
1780761365.310652,6,65.25,1530.25
1780761365.310652,15,67.984375,1461.25
1780761365.310652,15,69.296875,1475.0
1780761365.310652,15,70.671875,1463.5
1780761365.310652,15,71.984375,1449.5
1780761365.310652,15,73.3125,1434.5
1780761365.310652,15,77.359375,1419.0
1780761365.310652,15,81.578125,1187.0
1780761365.310652,8,82.953125,1176.75
1780761365.310652,15,84.265625,1175.0
1780761365.310652,15,85.625,1170.75
1780761365.310652,15,86.9375,1164.0
1780761365.310652,7,88.3125,1172.5
1780761365.310652,15,89.640625,1190.25
1780761365.310652,15,92.28125,1229.75
1780761365.310652,9,93.546875,1235.0
1780761365.310652,15,94.90625,1267.5
1780761365.310652,15,97.515625,1382.5
1780761365.310652,15,104.453125,1124.75
1780761365.310652,15,105.8125,1126.25
1780761365.310652,15,107.109375,1131.5
1780761365.310652,15,108.40625,1139.75
1780761365.310652,15,109.796875,1146.5
1780761365.310652,15,121.109375,801.0
1780761365.310652,15,122.375,790.75
1780761365.310652,15,123.6875,790.75
1780761365.310652,15,124.96875,795.75
1780761365.310652,15,126.265625,806.0
1780761365.310652,15,131.390625,1037.5
1780761365.310652,15,132.625,1015.25
1780761365.310652,15,134.0625,990.25
1780761365.310652,15,138.59375,446.0
1780761365.310652,15,139.953125,445.0
1780761365.310652,15,141.265625,450.5
1780761365.310652,15,142.328125,455.5
1780761365.310652,15,144.078125,449.25
1780761365.310652,15,145.34375,442.5
1780761365.310652,15,146.5,440.75
1780761365.310652,15,147.9375,437.25
1780761365.310652,15,149.484375,436.5
1780761365.310652,15,150.53125,432.25
1780761365.310652,15,152.078125,422.5
1780761365.310652,15,153.625,415.75
1780761365.310652,15,154.625,415.25
1780761365.310652,15,158.03125,385.25
1780761365.310652,15,159.203125,380.5
1780761365.310652,15,160.546875,376.75
1780761365.310652,15,162.078125,374.5
1780761365.310652,15,163.328125,372.75
1780761365.310652,15,164.578125,371.25
1780761365.310652,15,166.25,370.0
1780761365.310652,15,167.15625,368.25
1780761365.310652,15,168.46875,365.25
1780761365.310652,15,169.984375,363.5
1780761365.310652,15,171.171875,365.25
1780761365.310652,15,172.84375,365.75
1780761365.310652,15,174.421875,362.0
1780761365.310652,15,175.671875,358.5
1780761365.310652,15,179.546875,357.75
1780761365.310652,15,180.875,356.5
1780761365.310652,15,182.4375,357.25
1780761365.310652,15,183.5625,357.25
1780761365.310652,15,185.125,354.0
1780761365.310652,15,186.125,353.5
1780761365.310652,15,187.484375,353.75
1780761365.310652,15,189.171875,355.5
1780761365.310652,15,190.34375,357.75
1780761365.310652,15,191.546875,360.0
1780761365.310652,15,192.703125,363.5
1780761365.310652,15,194.1875,363.75
1780761365.310652,15,195.796875,362.5
1780761365.310652,15,197.140625,367.5
1780761365.310652,15,197.984375,372.25
1780761365.310652,15,199.5625,374.25
1780761365.310652,15,200.71875,377.75
1780761365.310652,15,202.40625,381.5
1780761365.310652,15,203.3125,383.75
1780761365.310652,15,205.0,386.75
1780761365.310652,15,205.84375,391.0
1780761365.310652,15,207.578125,395.0
1780761365.310652,15,208.796875,399.0
1780761365.310652,15,209.9375,402.75
1780761365.310652,15,211.375,406.75
1780761365.310652,15,212.375,412.25
1780761365.310652,15,213.859375,418.0
1780761365.310652,15,215.03125,421.5
1780761365.310652,15,216.484375,424.25
1780761365.310652,15,221.640625,459.5
1780761365.310652,15,223.015625,461.0
1780761365.310652,15,224.15625,458.0
1780761365.310652,15,225.671875,461.5
1780761365.310652,15,232.765625,1437.0
1780761365.310652,15,234.078125,1443.25
1780761365.310652,15,237.28125,921.0
1780761365.310652,15,238.609375,920.25
1780761365.310652,15,243.75,1099.25
1780761365.310652,15,247.65625,1179.25
1780761365.310652,15,255.984375,958.0
1780761365.310652,15,257.40625,954.0
1780761365.310652,15,258.625,963.25
1780761365.310652,15,261.90625,728.25
1780761365.310652,15,264.453125,751.25
1780761365.310652,15,265.875,749.75
1780761365.310652,15,267.21875,748.75
1780761365.310652,15,268.515625,747.25
1780761365.310652,15,269.75,747.25
1780761365.310652,15,271.21875,747.75
1780761365.310652,15,272.53125,747.5
1780761365.310652,15,273.890625,747.25
1780761365.310652,15,275.09375,749.25
1780761365.310652,15,276.546875,752.0
1780761365.310652,15,277.90625,753.25
1780761365.310652,15,279.125,755.75
1780761365.310652,15,280.53125,760.25
1780761365.310652,15,281.796875,763.25
1780761365.310652,15,283.21875,766.0
1780761365.310652,15,284.46875,770.25
1780761365.310652,15,285.890625,775.0
1780761365.310652,15,287.078125,780.0
1780761365.310652,15,288.53125,785.5
1780761365.310652,15,289.71875,792.25
1780761365.310652,15,291.078125,799.25
1780761365.310652,15,292.453125,807.5
1780761365.310652,15,293.765625,814.5
1780761365.310652,15,294.984375,823.0
1780761365.310652,15,296.375,833.25
1780761365.310652,15,297.6875,843.75
1780761365.310652,15,298.984375,855.75
1780761365.310652,15,300.3125,867.25
1780761365.310652,15,301.671875,877.75
1780761365.310652,15,303.015625,888.25
1780761365.310652,15,304.34375,901.0
1780761365.310652,15,305.71875,917.25
1780761365.310652,15,306.984375,929.75
1780761365.310652,15,308.25,944.0
1780761365.310652,15,309.578125,962.0
1780761365.310652,15,310.921875,977.75
1780761365.310652,15,312.1875,995.75
1780761365.310652,15,313.515625,1014.5
1780761365.310652,15,314.859375,1033.25
1780761365.310652,15,316.15625,1057.25
1780761365.310652,15,320.296875,979.25
1780761365.310652,9,321.703125,965.25
1780761365.310652,15,323.0,953.0
1780761365.310652,15,324.296875,962.5
1780761365.310652,15,326.90625,1029.0
1780761365.310652,2,348.78125,2808.5
1780761365.447887,15,358.265625,2294.25
1780761365.447887,15,0.953125,2294.25
1780761365.447887,15,2.28125,2294.25
1780761365.447887,15,3.640625,2294.25
1780761365.447887,15,29.671875,1119.5
1780761365.447887,15,30.984375,1097.75
1780761365.447887,15,32.375,1094.25
1780761365.447887,15,33.625,1113.0
1780761365.447887,15,50.625,1795.25
1780761365.447887,15,51.96875,1759.25
1780761365.447887,15,53.328125,1733.5
1780761365.447887,15,57.234375,699.0
1780761365.447887,10,58.53125,702.25
1780761365.447887,7,61.40625,1578.5
1780761365.447887,15,62.8125,1558.25
1780761365.447887,15,64.140625,1539.5
1780761365.447887,7,65.484375,1529.75
1780761365.447887,15,68.203125,1459.0
1780761365.447887,15,69.5625,1466.75
1780761365.447887,15,70.875,1457.25
1780761365.447887,15,72.1875,1449.0
1780761365.447887,15,80.5,1181.75
1780761365.447887,15,81.828125,1178.75
1780761365.447887,12,83.125,1178.5
1780761365.447887,15,84.578125,1172.25
1780761365.447887,11,85.859375,1172.25
1780761365.447887,15,87.1875,1181.75
1780761365.447887,15,88.546875,1192.5
1780761365.447887,15,89.8125,1204.75
1780761365.447887,15,91.109375,1227.25
1780761365.447887,15,92.484375,1247.25
1780761365.447887,15,102.0,1116.5
1780761365.447887,15,103.359375,1111.75
1780761365.447887,15,104.671875,1112.0
1780761365.447887,15,106.046875,1126.75
1780761365.447887,8,107.28125,1139.75
1780761365.447887,15,111.25,1159.75
1780761365.447887,15,115.765625,838.0
1780761365.447887,15,118.546875,785.0
1780761365.447887,15,119.9375,774.5
1780761365.447887,15,121.25,772.75
1780761365.447887,15,122.59375,775.75
1780761365.447887,15,123.890625,782.75
1780761365.447887,15,130.15625,1009.75
1780761365.447887,15,134.96875,419.25
1780761365.447887,15,136.375,419.25
1780761365.447887,15,137.640625,422.5
1780761365.447887,15,138.84375,426.75
1780761365.447887,15,140.203125,425.25
1780761365.447887,15,142.828125,407.75
1780761365.447887,15,144.21875,406.25
1780761365.447887,15,145.984375,402.5
1780761365.447887,15,147.125,401.75
1780761365.447887,15,149.71875,386.5
1780761365.447887,15,151.109375,379.75
1780761365.447887,15,152.84375,368.75
1780761365.447887,15,155.828125,349.25
1780761365.447887,15,157.4375,343.0
1780761365.447887,15,158.859375,338.0
1780761365.447887,15,160.046875,335.25
1780761365.447887,15,161.140625,334.5
1780761365.447887,15,162.921875,335.0
1780761365.447887,15,163.90625,333.75
1780761365.447887,15,165.046875,330.5
1780761365.447887,15,166.578125,326.25
1780761365.447887,15,168.484375,324.0
1780761365.447887,15,169.484375,326.25
1780761365.447887,15,171.125,327.0
1780761365.447887,15,172.46875,324.75
1780761365.447887,15,173.671875,321.0
1780761365.447887,15,174.921875,317.75
1780761365.447887,15,176.171875,316.0
1780761365.447887,15,177.734375,319.0
1780761365.447887,15,179.15625,320.25
1780761365.447887,15,180.046875,318.5
1780761365.447887,15,181.875,318.5
1780761365.447887,15,183.0,317.5
1780761365.447887,15,184.453125,315.25
1780761365.447887,15,185.796875,313.5
1780761365.447887,15,186.796875,314.25
1780761365.447887,15,188.546875,315.5
1780761365.447887,15,190.171875,316.5
1780761365.447887,15,191.0,317.75
1780761365.447887,15,192.34375,321.25
1780761365.447887,15,193.703125,322.0
1780761365.447887,15,195.109375,321.75
1780761365.447887,15,196.09375,323.75
1780761365.447887,15,197.578125,324.75
1780761365.447887,15,198.84375,328.5
1780761365.447887,15,200.484375,333.0
1780761365.447887,15,201.53125,336.0
1780761365.447887,15,202.796875,339.5
1780761365.447887,15,203.921875,342.5
1780761365.447887,15,205.390625,346.0
1780761365.447887,15,206.671875,349.25
1780761365.447887,15,208.203125,353.75
1780761365.447887,15,209.453125,358.0
1780761365.447887,15,210.40625,361.5
1780761365.447887,15,211.984375,364.75
1780761365.447887,15,213.390625,368.5
1780761365.447887,15,214.46875,373.75
1780761365.447887,15,215.640625,378.5
1780761365.447887,15,216.84375,383.5
1780761365.447887,15,218.53125,386.75
1780761365.447887,15,219.609375,390.5
1780761365.447887,15,227.609375,423.0
1780761365.447887,15,228.625,428.25
1780761365.447887,15,235.546875,1439.25
1780761365.447887,15,238.875,909.75
1780761365.447887,15,240.21875,903.0
1780761365.447887,15,245.265625,1081.75
1780761365.447887,10,249.140625,1157.75
1780761365.447887,15,257.546875,952.75
1780761365.447887,15,258.84375,945.5
1780761365.447887,15,260.109375,953.25
1780761365.447887,15,264.65625,721.75
1780761365.447887,15,267.375,748.75
1780761365.447887,15,268.6875,748.0
1780761365.447887,15,269.984375,747.0
1780761365.447887,15,271.234375,746.75
1780761365.447887,15,272.6875,747.25
1780761365.447887,15,274.046875,747.5
1780761365.447887,15,275.3125,748.75
1780761365.447887,15,276.484375,751.0
1780761365.447887,15,277.90625,752.75
1780761365.447887,15,279.234375,754.25
1780761365.447887,15,280.609375,758.5
1780761365.447887,15,281.921875,763.0
1780761365.447887,15,283.265625,765.75
1780761365.447887,15,284.4375,770.0
1780761365.447887,15,285.765625,775.0
1780761365.447887,15,287.21875,780.0
1780761365.447887,15,288.53125,785.5
1780761365.447887,15,289.75,792.0
1780761365.447887,15,291.0625,799.0
1780761365.447887,15,292.5,807.25
1780761365.447887,15,293.71875,814.0
1780761365.447887,15,295.03125,822.75
1780761365.447887,15,296.34375,833.0
1780761365.447887,15,297.640625,843.75
1780761365.447887,15,299.015625,855.75
1780761365.447887,15,300.328125,864.5
1780761365.447887,15,301.6875,875.0
1780761365.447887,15,302.953125,889.75
1780761365.447887,15,304.21875,902.75
1780761365.447887,15,305.625,913.75
1780761365.447887,15,306.859375,928.25
1780761365.447887,15,308.25,945.75
1780761365.447887,15,309.5,961.75
1780761365.447887,15,310.796875,977.75
1780761365.447887,15,312.203125,995.25
1780761365.447887,15,313.46875,1013.75
1780761365.447887,15,314.765625,1033.75
1780761365.447887,15,316.09375,1058.75
1780761365.447887,15,317.359375,1084.75
1780761365.447887,6,320.109375,1030.5
1780761365.447887,15,321.453125,1013.0
1780761365.447887,15,322.875,992.25
1780761365.447887,15,324.28125,978.25
1780761365.447887,15,326.8125,1029.0
1780761365.447887,2,348.71875,2808.5
1780761365.447887,2,350.046875,2808.5
1780761365.5856812,2,351.390625,2808.5
1780761365.5856812,2,352.71875,2808.5
1780761365.5856812,2,354.0625,2808.5
1780761365.5856812,15,3.546875,2296.0
1780761365.5856812,2,6.109375,2808.5
1780761365.5856812,2,7.453125,2808.5
1780761365.5856812,3,8.796875,2808.5
1780761365.5856812,15,28.1875,1152.5
1780761365.5856812,15,29.46875,1136.25
1780761365.5856812,15,30.921875,1130.5
1780761365.5856812,15,50.421875,1807.0
1780761365.5856812,15,54.296875,717.5
1780761365.5856812,15,55.609375,718.25
1780761365.5856812,15,58.5625,1611.0
1780761365.5856812,15,59.90625,1591.25
1780761365.5856812,15,61.296875,1580.25
1780761365.5856812,15,62.640625,1560.0
1780761365.5856812,15,63.984375,1540.25
1780761365.5856812,7,65.296875,1530.25
1780761365.5856812,15,66.671875,1512.25
1780761365.5856812,15,68.046875,1493.25
1780761365.5856812,15,69.375,1475.0
1780761365.5856812,15,70.71875,1450.5
1780761365.5856812,5,74.921875,1274.0
1780761365.5856812,15,76.28125,1238.25
1780761365.5856812,15,77.640625,1203.5
1780761365.5856812,15,78.96875,1186.5
1780761365.5856812,15,80.296875,1183.75
1780761365.5856812,15,81.703125,1179.25
1780761365.5856812,9,82.953125,1173.75
1780761365.5856812,15,84.3125,1175.0
1780761365.5856812,15,85.65625,1188.25
1780761365.5856812,8,88.265625,1203.5
1780761365.5856812,15,89.625,1223.0
1780761365.5856812,15,92.25,1289.25
1780761365.5856812,15,100.359375,1108.5
1780761365.5856812,15,101.78125,1101.75
1780761365.5856812,15,103.109375,1105.5
1780761365.5856812,15,104.453125,1119.5
1780761365.5856812,15,105.71875,1130.25
1780761365.5856812,15,117.015625,756.5
1780761365.5856812,15,118.28125,753.5
1780761365.5856812,15,119.703125,754.25
1780761365.5856812,15,120.90625,759.0
1780761365.5856812,15,125.75,1042.5
1780761365.5856812,15,130.90625,392.75
1780761365.5856812,15,131.953125,391.75
1780761365.5856812,15,133.609375,396.75
1780761365.5856812,15,134.640625,401.0
1780761365.5856812,15,136.046875,397.0
1780761365.5856812,15,137.3125,391.0
1780761365.5856812,15,139.1875,383.25
1780761365.5856812,15,140.265625,377.75
1780761365.5856812,15,141.796875,373.25
1780761365.5856812,15,143.140625,371.0
1780761365.5856812,15,145.734375,356.5
1780761365.5856812,15,147.09375,348.75
1780761365.5856812,15,148.90625,342.25
1780761365.5856812,15,151.359375,316.0
1780761365.5856812,15,154.90625,303.25
1780761365.5856812,15,155.90625,301.0
1780761365.5856812,15,157.421875,299.25
1780761365.5856812,15,158.609375,297.75
1780761365.5856812,15,160.59375,297.0
1780761365.5856812,15,161.6875,296.0
1780761365.5856812,15,163.4375,293.25
1780761365.5856812,15,163.96875,289.25
1780761365.5856812,15,165.8125,287.0
1780761365.5856812,15,166.96875,287.0
1780761365.5856812,15,168.203125,287.75
1780761365.5856812,15,169.78125,287.5
1780761365.5856812,15,171.609375,285.75
1780761365.5856812,15,172.84375,282.0
1780761365.5856812,15,174.453125,279.25
1780761365.5856812,15,175.40625,278.0
1780761365.5856812,15,176.28125,279.75
1780761365.5856812,15,178.15625,282.0
1780761365.5856812,15,179.046875,279.5
1780761365.5856812,15,180.765625,278.25
1780761365.5856812,15,181.65625,279.75
1780761365.5856812,15,182.9375,278.5
1780761365.5856812,15,184.796875,276.25
1780761365.5856812,15,185.9375,275.0
1780761365.5856812,15,187.28125,274.0
1780761365.5856812,15,189.3125,273.5
1780761365.5856812,15,190.03125,275.0
1780761365.5856812,15,191.78125,276.75
1780761365.5856812,15,192.578125,279.0
1780761365.5856812,15,193.578125,282.25
1780761365.5856812,15,194.671875,284.0
1780761365.5856812,15,196.875,285.75
1780761365.5856812,15,198.1875,286.0
1780761365.5856812,15,199.65625,285.0
1780761365.5856812,15,204.1875,300.5
1780761365.5856812,15,205.390625,303.0
1780761365.5856812,15,206.90625,306.0
1780761365.5856812,15,207.9375,310.25
1780761365.5856812,15,209.125,312.75
1780761365.5856812,15,210.25,316.0
1780761365.5856812,15,211.78125,320.25
1780761365.5856812,15,213.1875,324.0
1780761365.5856812,15,214.5,327.0
1780761365.5856812,15,215.96875,330.75
1780761365.5856812,15,216.609375,336.5
1780761365.5856812,15,218.3125,342.75
1780761365.5856812,15,219.65625,349.0
1780761365.5856812,15,220.515625,354.5
1780761365.5856812,15,222.15625,357.0
1780761365.5856812,15,223.234375,360.5
1780761365.5856812,15,231.046875,396.75
1780761365.5856812,15,232.390625,400.0
1780761365.5856812,15,242.265625,884.25
1780761365.5856812,15,247.234375,1070.75
1780761365.5856812,15,251.21875,1146.5
1780761365.5856812,15,259.46875,948.25
1780761365.5856812,15,260.8125,936.0
1780761365.5856812,15,262.140625,939.25
1780761365.5856812,15,263.46875,950.0
1780761365.5856812,15,268.046875,721.5
1780761365.5856812,15,270.59375,746.25
1780761365.5856812,15,271.875,746.25
1780761365.5856812,15,273.234375,747.75
1780761365.5856812,15,274.703125,749.25
1780761365.5856812,15,275.96875,750.25
1780761365.5856812,15,277.296875,752.5
1780761365.5856812,15,278.578125,754.75
1780761365.5856812,15,279.921875,756.75
1780761365.5856812,15,281.140625,760.75
1780761365.5856812,15,282.53125,764.5
1780761365.5856812,15,283.890625,768.75
1780761365.5856812,15,285.25,772.5
1780761365.5856812,15,286.5625,777.25
1780761365.5856812,15,287.859375,783.0
1780761365.5856812,15,289.078125,788.25
1780761365.5856812,15,290.4375,795.5
1780761365.5856812,15,291.8125,803.75
1780761365.5856812,15,293.09375,811.0
1780761365.5856812,15,294.46875,817.0
1780761365.5856812,15,295.703125,824.5
1780761365.5856812,15,297.046875,836.0
1780761365.5856812,15,298.265625,848.75
1780761365.5856812,15,299.75,860.0
1780761365.5856812,15,300.953125,871.0
1780761365.5856812,15,302.296875,883.0
1780761365.5856812,15,303.59375,896.0
1780761365.5856812,15,304.96875,910.25
1780761365.5856812,15,306.171875,923.25
1780761365.5856812,15,307.609375,936.0
1780761365.5856812,15,308.796875,951.75
1780761365.5856812,15,310.125,967.75
1780761365.5856812,15,311.5,984.5
1780761365.5856812,15,312.796875,1005.0
1780761365.5856812,15,314.078125,1024.0
1780761365.5856812,15,315.453125,1042.0
1780761365.5856812,8,316.703125,1066.75
1780761365.5856812,15,319.328125,1130.75
1780761365.5856812,15,322.109375,1042.75
1780761365.5856812,7,323.578125,1030.25
1780761365.5856812,15,324.890625,1018.0
1780761365.5856812,15,326.21875,1022.0
1780761365.5856812,5,331.484375,1116.25
1780761365.5856812,2,346.734375,2808.5
1780761365.5856812,4,348.078125,2808.5
1780761365.5856812,3,349.421875,2808.5
1780761365.5856812,1,350.765625,2808.5
1780761365.7230563,1,6.859375,2808.5
1780761365.7230563,3,8.1875,2808.5
1780761365.7230563,15,27.453125,1184.0
1780761365.7230563,15,28.890625,1159.0
1780761365.7230563,15,30.140625,1146.75
1780761365.7230563,15,52.265625,745.75
1780761365.7230563,15,53.578125,748.5
1780761365.7230563,15,59.3125,1600.5
1780761365.7230563,15,60.6875,1589.25
1780761365.7230563,15,62.046875,1569.25
1780761365.7230563,15,63.34375,1548.5
1780761365.7230563,15,64.75,1538.5
1780761365.7230563,9,66.078125,1512.0
1780761365.7230563,15,67.4375,1493.25
1780761365.7230563,15,68.8125,1476.5
1780761365.7230563,15,75.671875,1220.75
1780761365.7230563,15,77.046875,1195.5
1780761365.7230563,15,78.34375,1187.0
1780761365.7230563,15,79.71875,1185.25
1780761365.7230563,7,81.03125,1183.75
1780761365.7230563,15,82.40625,1182.75
1780761365.7230563,15,83.65625,1189.75
1780761365.7230563,15,84.96875,1197.75
1780761365.7230563,15,86.328125,1205.25
1780761365.7230563,15,87.625,1223.5
1780761365.7230563,15,88.890625,1245.0
1780761365.7230563,15,90.203125,1273.5
1780761365.7230563,15,92.8125,1380.5
1780761365.7230563,15,98.390625,1107.5
1780761365.7230563,15,99.828125,1099.0
1780761365.7230563,15,101.109375,1099.5
1780761365.7230563,15,102.4375,1107.75
1780761365.7230563,15,103.734375,1112.25
1780761365.7230563,15,113.71875,746.25
1780761365.7230563,15,115.0625,737.75
1780761365.7230563,15,116.375,736.0
1780761365.7230563,15,117.765625,738.25
1780761365.7230563,15,119.109375,744.75
1780761365.7230563,15,126.296875,368.25
1780761365.7230563,15,127.609375,366.75
1780761365.7230563,15,129.078125,370.75
1780761365.7230563,15,130.203125,375.0
1780761365.7230563,15,131.890625,371.25
1780761365.7230563,15,133.3125,363.75
1780761365.7230563,15,134.921875,357.0
1780761365.7230563,15,135.796875,352.5
1780761365.7230563,15,137.328125,347.25
1780761365.7230563,15,138.59375,341.75
1780761365.7230563,15,140.28125,339.0
1780761365.7230563,15,145.0625,312.5
1780761365.7230563,15,147.796875,288.25
1780761365.7230563,15,150.3125,271.75
1780761365.7230563,15,152.765625,267.75
1780761365.7230563,15,153.59375,265.25
1780761365.7230563,15,154.671875,264.25
1780761365.7230563,15,156.5,262.5
1780761365.7230563,15,157.609375,262.0
1780761365.7230563,15,159.015625,260.25
1780761365.7230563,15,160.75,257.5
1780761365.7230563,15,161.84375,254.25
1780761365.7230563,15,163.296875,250.75
1780761365.7230563,15,164.40625,249.75
1780761365.7230563,15,166.0,250.0
1780761365.7230563,15,167.390625,251.0
1780761365.7230563,15,168.171875,250.75
1780761365.7230563,15,169.84375,249.25
1780761365.7230563,15,172.046875,245.75
1780761365.7230563,15,174.21875,241.75
1780761365.7230563,15,174.34375,240.0
1780761365.7230563,15,179.28125,240.25
1780761365.7230563,15,179.453125,241.75
1780761365.7230563,15,180.546875,241.5
1780761365.7230563,15,182.046875,241.5
1780761365.7230563,15,185.046875,241.75
1780761365.7230563,15,186.09375,238.5
1780761365.7230563,15,186.515625,235.25
1780761365.7230563,15,188.0625,235.25
1780761365.7230563,15,188.859375,235.25
1780761365.7230563,15,190.140625,237.0
1780761365.7230563,15,192.15625,239.75
1780761365.7230563,15,192.390625,241.0
1780761365.7230563,15,198.25,244.75
1780761365.7230563,15,198.953125,249.0
1780761365.7230563,15,199.640625,249.25
1780761365.7230563,15,201.75,249.5
1780761365.7230563,15,202.75,249.5
1780761365.7230563,15,203.21875,250.75
1780761365.7230563,15,205.140625,254.5
1780761365.7230563,15,205.75,258.0
1780761365.7230563,15,207.046875,261.75
1780761365.7230563,15,208.90625,265.25
1780761365.7230563,15,209.515625,269.0
1780761365.7230563,15,210.421875,274.0
1780761365.7230563,15,211.9375,277.5
1780761365.7230563,15,213.734375,280.0
1780761365.7230563,15,214.375,283.75
1780761365.7230563,15,216.296875,287.5
1780761365.7230563,15,217.03125,291.5
1780761365.7230563,15,218.734375,295.5
1780761365.7230563,15,219.6875,299.75
1780761365.7230563,15,221.046875,305.5
1780761365.7230563,15,222.140625,311.75
1780761365.7230563,15,223.40625,317.75
1780761365.7230563,15,224.859375,324.25
1780761365.7230563,15,225.71875,328.5
1780761365.7230563,15,227.125,331.0
1780761365.7230563,15,228.328125,336.75
1780761365.7230563,15,234.5625,378.5
1780761365.7230563,15,235.984375,378.0
1780761365.7230563,15,243.171875,869.5
1780761365.7230563,15,244.609375,867.0
1780761365.7230563,15,252.1875,1136.25
1780761365.7230563,15,253.5,1155.5
1780761365.7230563,15,261.90625,938.0
1780761365.7230563,15,263.203125,929.25
1780761365.7230563,15,264.578125,934.25
1780761365.7230563,15,265.84375,953.25
1780761365.7230563,15,267.140625,977.0
1780761365.7230563,15,273.09375,747.25
1780761365.7230563,15,274.4375,748.0
1780761365.7230563,15,275.640625,751.0
1780761365.7230563,15,276.984375,753.25
1780761365.7230563,15,278.265625,753.75
1780761365.7230563,15,279.671875,756.75
1780761365.7230563,15,280.921875,761.5
1780761365.7230563,15,282.265625,765.25
1780761365.7230563,15,283.625,768.75
1780761365.7230563,15,285.046875,772.5
1780761365.7230563,15,286.28125,777.25
1780761365.7230563,15,287.703125,783.5
1780761365.7230563,15,289.046875,788.75
1780761365.7230563,15,290.3125,795.0
1780761365.7230563,15,291.546875,803.25
1780761365.7230563,15,292.953125,810.0
1780761365.7230563,15,294.1875,815.5
1780761365.7230563,15,295.59375,823.75
1780761365.7230563,15,296.8125,834.75
1780761365.7230563,15,298.1875,847.0
1780761365.7230563,15,299.546875,858.0
1780761365.7230563,15,300.90625,869.5
1780761365.7230563,15,302.1875,882.75
1780761365.7230563,15,303.515625,895.5
1780761365.7230563,15,304.828125,910.0
1780761365.7230563,15,306.1875,923.5
1780761365.7230563,15,307.546875,936.25
1780761365.7230563,15,308.796875,951.0
1780761365.7230563,15,310.203125,967.0
1780761365.7230563,15,311.421875,984.5
1780761365.7230563,15,312.765625,1004.5
1780761365.7230563,15,314.15625,1023.25
1780761365.7230563,15,315.40625,1041.75
1780761365.7230563,7,316.71875,1066.5
1780761365.7230563,15,318.078125,1095.0
1780761365.7230563,15,320.625,1153.5
1780761365.7230563,15,324.890625,1050.75
1780761365.7230563,15,326.171875,1034.75
1780761365.7230563,3,346.75,2808.5
1780761365.7230563,15,348.078125,2809.0
1780761365.7230563,3,349.421875,2809.0
1780761365.860696,2,6.859375,2808.5
1780761365.860696,3,8.1875,2808.5
1780761365.860696,15,27.6875,1198.0
1780761365.860696,15,29.0625,1181.0
1780761365.860696,15,49.859375,767.75
1780761365.860696,15,51.3125,767.5
1780761365.860696,15,54.25,1709.25
1780761365.860696,15,55.59375,1684.75
1780761365.860696,15,56.953125,1660.75
1780761365.860696,15,58.3125,1630.0
1780761365.860696,15,59.671875,1600.25
1780761365.860696,15,61.03125,1580.5
1780761365.860696,15,62.375,1560.25
1780761365.860696,15,63.75,1540.5
1780761365.860696,6,65.046875,1530.5
1780761365.860696,15,66.4375,1528.5
1780761365.860696,15,67.765625,1509.75
1780761365.860696,15,73.328125,1243.0
1780761365.860696,15,74.71875,1224.75
1780761365.860696,15,76.09375,1205.25
1780761365.860696,15,77.5,1200.0
1780761365.860696,15,78.828125,1197.0
1780761365.860696,15,80.140625,1192.0
1780761365.860696,15,81.515625,1192.25
1780761365.860696,15,84.015625,1214.0
1780761365.860696,15,85.421875,1227.0
1780761365.860696,15,88.03125,1271.75
1780761365.860696,15,90.578125,1378.75
1780761365.860696,15,96.171875,1103.75
1780761365.860696,15,97.59375,1095.75
1780761365.860696,15,98.890625,1095.75
1780761365.860696,15,100.21875,1097.5
1780761365.860696,15,101.546875,1102.0
1780761365.860696,15,111.6875,726.5
1780761365.860696,15,112.96875,722.75
1780761365.860696,15,114.375,722.75
1780761365.860696,15,115.59375,725.5
1780761365.860696,15,117.0625,734.25
1780761365.860696,15,121.984375,349.5
1780761365.860696,15,123.375,349.5
1780761365.860696,15,124.65625,352.5
1780761365.860696,15,125.8125,353.25
1780761365.860696,15,127.671875,347.0
1780761365.860696,15,128.90625,339.5
1780761365.860696,15,130.359375,331.25
1780761365.860696,15,131.453125,324.5
1780761365.860696,15,133.03125,318.75
1780761365.860696,15,134.515625,316.5
1780761365.860696,15,136.171875,312.75
1780761365.860696,15,139.375,291.0
1780761365.860696,15,140.15625,283.25
1780761365.860696,15,143.609375,255.25
1780761365.860696,15,147.59375,241.25
1780761365.860696,15,148.078125,236.75
1780761365.860696,15,149.859375,234.5
1780761365.860696,15,152.0625,233.0
1780761365.860696,15,153.078125,230.0
1780761365.860696,15,154.4375,228.25
1780761365.860696,15,156.328125,228.0
1780761365.860696,15,157.671875,224.75
1780761365.860696,15,159.015625,220.25
1780761365.860696,15,160.234375,216.5
1780761365.860696,15,161.703125,214.0
1780761365.860696,15,163.0625,213.75
1780761365.860696,15,164.40625,213.75
1780761365.860696,15,165.75,214.75
1780761365.860696,15,167.078125,214.75
1780761365.860696,15,168.421875,212.0
1780761365.860696,15,169.765625,208.75
1780761365.860696,15,171.09375,205.5
1780761365.860696,15,172.453125,203.0
1780761365.860696,15,173.78125,202.5
1780761365.860696,15,177.125,203.25
1780761365.860696,15,178.734375,203.0
1780761365.860696,15,179.75,202.75
1780761365.860696,15,181.84375,201.75
1780761365.860696,15,183.1875,201.75
1780761365.860696,15,184.515625,202.75
1780761365.860696,15,185.078125,201.0
1780761365.860696,15,187.21875,199.0
1780761365.860696,15,188.546875,199.25
1780761365.860696,15,189.890625,198.75
1780761365.860696,15,191.234375,198.75
1780761365.860696,15,192.5625,200.0
1780761365.860696,15,193.921875,201.5
1780761365.860696,15,195.25,202.75
1780761365.860696,15,196.59375,204.25
1780761365.860696,15,197.9375,206.0
1780761365.860696,15,202.5625,213.5
1780761365.860696,15,204.65625,213.5
1780761365.860696,15,206.0,214.0
1780761365.860696,15,209.6875,227.5
1780761365.860696,15,212.734375,230.75
1780761365.860696,15,214.0625,234.0
1780761365.860696,15,217.265625,248.25
1780761365.860696,15,219.5625,252.25
1780761365.860696,15,223.921875,270.25
1780761365.860696,15,224.96875,275.5
1780761365.860696,15,229.90625,298.75
1780761365.860696,15,231.09375,303.0
1780761365.860696,15,232.59375,307.75
1780761365.860696,15,239.953125,354.0
1780761365.860696,15,241.234375,357.75
1780761365.860696,15,242.703125,365.25
1780761365.860696,15,247.078125,849.75
1780761365.860696,15,254.53125,1139.0
1780761365.860696,15,264.21875,934.0
1780761365.860696,15,265.59375,927.75
1780761365.860696,15,266.953125,936.0
1780761365.860696,15,274.046875,724.25
1780761365.860696,15,275.4375,739.25
1780761365.860696,15,276.640625,750.5
1780761365.860696,15,278.0,752.5
1780761365.860696,15,279.359375,754.5
1780761365.860696,15,280.578125,758.5
1780761365.860696,15,281.96875,762.5
1780761365.860696,15,283.28125,765.5
1780761365.860696,15,284.578125,769.25
1780761365.860696,15,285.953125,774.0
1780761365.860696,15,287.3125,779.75
1780761365.860696,15,288.515625,785.0
1780761365.860696,15,289.921875,791.25
1780761365.860696,15,291.125,798.75
1780761365.860696,15,292.5625,807.0
1780761365.860696,15,293.84375,813.5
1780761365.860696,15,295.125,822.25
1780761365.860696,15,296.453125,832.5
1780761365.860696,15,297.734375,842.5
1780761365.860696,15,299.015625,854.25
1780761365.860696,15,300.484375,864.0
1780761365.860696,15,301.859375,875.5
1780761365.860696,15,303.078125,889.0
1780761365.860696,15,304.421875,901.75
1780761365.860696,15,305.828125,914.5
1780761365.860696,15,307.15625,929.0
1780761365.860696,15,308.40625,945.75
1780761365.860696,15,309.71875,961.75
1780761365.860696,15,311.0625,979.0
1780761365.860696,15,312.359375,997.0
1780761365.860696,15,313.640625,1015.5
1780761365.860696,15,314.953125,1034.5
1780761365.860696,15,317.578125,1093.5
1780761365.860696,8,318.890625,1125.5
1780761365.860696,15,320.25,1146.0
1780761365.860696,15,324.34375,1108.0
1780761365.860696,15,325.6875,1089.75
1780761365.860696,15,327.125,1067.5
1780761365.860696,15,347.609375,2810.75
1780761365.860696,3,348.953125,2810.5
1780761365.860696,15,350.28125,2810.75
1780761365.9986906,15,351.625,2813.25
1780761365.9986906,15,352.953125,2813.0
1780761365.9986906,4,354.3125,2810.75
1780761365.9986906,15,5.0,2810.75
1780761365.9986906,3,6.34375,2810.75
1780761365.9986906,3,7.6875,2808.5
1780761365.9986906,15,21.171875,2258.25
1780761365.9986906,7,27.0625,1227.75
1780761365.9986906,15,28.4375,1211.75
1780761365.9986906,15,29.6875,1226.5
1780761365.9986906,15,37.328125,2294.25
1780761365.9986906,15,48.0625,790.25
1780761365.9986906,15,49.234375,793.25
1780761365.9986906,15,52.3125,1759.25
1780761365.9986906,15,53.6875,1723.25
1780761365.9986906,15,56.390625,1674.75
1780761365.9986906,15,59.109375,1595.0
1780761365.9986906,15,60.46875,1581.0
1780761365.9986906,15,61.796875,1569.0
1780761365.9986906,15,63.203125,1557.25
1780761365.9986906,15,64.546875,1539.25
1780761365.9986906,8,65.875,1529.75
1780761365.9986906,15,72.84375,1221.5
1780761365.9986906,15,74.171875,1206.5
1780761365.9986906,15,75.5,1201.75
1780761365.9986906,15,76.84375,1198.25
1780761365.9986906,15,78.234375,1189.75
1780761365.9986906,15,79.578125,1194.5
1780761365.9986906,15,80.890625,1205.75
1780761365.9986906,15,83.453125,1217.0
1780761365.9986906,10,84.8125,1243.5
1780761365.9986906,15,87.421875,1329.25
1780761365.9986906,15,94.390625,1096.25
1780761365.9986906,15,95.65625,1083.5
1780761365.9986906,7,97.046875,1082.75
1780761365.9986906,15,98.40625,1083.25
1780761365.9986906,15,99.71875,1095.25
1780761365.9986906,15,108.5,722.25
1780761365.9986906,15,109.875,713.0
1780761365.9986906,15,111.0625,709.5
1780761365.9986906,15,116.546875,333.0
1780761365.9986906,15,117.765625,330.25
1780761365.9986906,15,118.890625,331.25
1780761365.9986906,15,120.25,331.75
1780761365.9986906,15,121.625,330.0
1780761365.9986906,15,124.359375,313.75
1780761365.9986906,15,126.453125,308.0
1780761365.9986906,15,129.5,292.25
1780761365.9986906,15,130.109375,292.0
1780761365.9986906,15,141.265625,211.25
1780761365.9986906,15,143.640625,207.25
1780761365.9986906,15,145.0,204.75
1780761365.9986906,15,146.0,203.0
1780761365.9986906,15,147.671875,200.0
1780761365.9986906,15,149.0,198.0
1780761365.9986906,15,150.109375,196.25
1780761365.9986906,15,151.6875,193.75
1780761365.9986906,15,153.03125,190.25
1780761365.9986906,15,154.375,185.75
1780761365.9986906,15,155.71875,182.0
1780761365.9986906,15,157.046875,180.5
1780761365.9986906,15,158.390625,180.0
1780761365.9986906,15,159.734375,179.75
1780761365.9986906,15,161.078125,179.75
1780761365.9986906,15,162.375,180.0
1780761365.9986906,15,163.71875,178.5
1780761365.9986906,15,165.0625,175.0
1780761365.9986906,15,166.890625,171.75
1780761365.9986906,15,168.234375,169.25
1780761365.9986906,15,169.578125,166.75
1780761365.9986906,15,170.90625,165.75
1780761365.9986906,15,174.921875,167.5
1780761365.9986906,15,176.265625,167.5
1780761365.9986906,15,177.609375,166.25
1780761365.9986906,15,178.953125,166.0
1780761365.9986906,15,180.28125,165.5
1780761365.9986906,15,184.28125,164.5
1780761365.9986906,15,185.625,163.0
1780761365.9986906,15,186.984375,162.0
1780761365.9986906,15,188.3125,161.5
1780761365.9986906,15,189.65625,161.25
1780761365.9986906,15,191.0,161.25
1780761365.9986906,15,192.328125,162.0
1780761365.9986906,15,193.671875,163.25
1780761365.9986906,15,195.015625,164.5
1780761365.9986906,15,237.796875,281.0
1780761365.9986906,15,245.140625,334.0
1780761365.9986906,15,265.984375,937.5
1780761365.9986906,15,267.265625,930.75
1780761365.9986906,15,268.609375,936.25
1780761365.9986906,15,269.984375,943.5
1780761365.9986906,15,277.015625,732.5
1780761365.9986906,15,278.421875,748.25
1780761365.9986906,15,279.671875,756.25
1780761365.9986906,15,280.90625,759.0
1780761365.9986906,15,282.390625,762.5
1780761365.9986906,15,283.71875,768.0
1780761365.9986906,15,284.9375,772.0
1780761365.9986906,15,286.328125,776.75
1780761365.9986906,15,287.65625,783.0
1780761365.9986906,15,288.859375,788.25
1780761365.9986906,15,290.203125,793.75
1780761365.9986906,15,291.515625,801.75
1780761365.9986906,15,292.96875,809.5
1780761365.9986906,15,294.25,815.5
1780761365.9986906,15,295.46875,823.75
1780761365.9986906,15,296.84375,833.5
1780761365.9986906,15,298.1875,845.75
1780761365.9986906,15,299.484375,858.25
1780761365.9986906,15,300.90625,868.25
1780761365.9986906,15,302.21875,880.5
1780761365.9986906,15,303.609375,894.75
1780761365.9986906,15,304.90625,909.5
1780761365.9986906,15,306.171875,923.0
1780761365.9986906,15,307.578125,935.5
1780761365.9986906,15,308.875,950.5
1780761365.9986906,15,310.21875,966.5
1780761365.9986906,15,311.4375,984.5
1780761365.9986906,15,312.84375,1004.25
1780761365.9986906,15,314.140625,1023.0
1780761365.9986906,15,315.453125,1041.25
1780761365.9986906,8,316.71875,1066.25
1780761365.9986906,15,319.375,1130.75
1780761365.9986906,9,320.671875,1153.75
1780761365.9986906,15,321.953125,1180.0
1780761365.9986906,15,324.8125,1145.25
1780761365.9986906,15,326.109375,1130.5
1780761365.9986906,15,327.453125,1108.25
1780761365.9986906,15,328.8125,1104.0
1780761365.9986906,15,344.203125,2759.25
1780761365.9986906,4,346.859375,2782.25
1780761365.9986906,15,349.53125,2811.0
1780761366.13568,15,350.875,2813.5
1780761366.13568,15,352.21875,2813.5
1780761366.13568,15,353.5625,2813.25
1780761366.13568,4,354.90625,2810.5
1780761366.13568,15,5.65625,2810.5
1780761366.13568,15,8.34375,2813.25
1780761366.13568,2,12.46875,2811.0
1780761366.13568,15,20.671875,2325.25
1780761366.13568,15,26.5625,1245.0
1780761366.13568,15,27.921875,1243.25
1780761366.13568,15,36.890625,2294.25
1780761366.13568,15,46.140625,822.25
1780761366.13568,15,47.484375,824.75
1780761366.13568,15,51.953125,1748.0
1780761366.13568,6,53.34375,1733.5
1780761366.13568,15,54.640625,1707.5
1780761366.13568,15,56.078125,1673.25
1780761366.13568,15,57.375,1640.5
1780761366.13568,15,58.78125,1611.25
1780761366.13568,15,60.078125,1590.75
1780761366.13568,15,61.421875,1579.0
1780761366.13568,15,62.796875,1558.5
1780761366.13568,15,64.125,1539.5
1780761366.13568,5,65.46875,1529.75
1780761366.13568,15,71.0625,1233.5
1780761366.13568,15,72.484375,1218.25
1780761366.13568,15,73.828125,1209.0
1780761366.13568,15,75.171875,1206.75
1780761366.13568,15,76.46875,1200.75
1780761366.13568,15,77.828125,1201.75
1780761366.13568,15,79.140625,1209.25
1780761366.13568,15,80.484375,1220.5
1780761366.13568,15,81.8125,1228.0
1780761366.13568,15,85.734375,1320.5
1780761366.13568,15,92.765625,1095.0
1780761366.13568,15,94.09375,1081.75
1780761366.13568,15,95.375,1082.0
1780761366.13568,15,96.765625,1086.0
1780761366.13568,15,98.015625,1098.25
1780761366.13568,15,105.625,709.5
1780761366.13568,15,111.015625,316.5
1780761366.13568,15,112.09375,315.5
1780761366.13568,15,113.5625,317.75
1780761366.13568,15,114.984375,317.5
1780761366.13568,15,116.59375,310.25
1780761366.13568,15,119.484375,291.0
1780761366.13568,15,122.453125,272.0
1780761366.13568,15,124.03125,271.0
1780761366.13568,15,134.234375,183.0
1780761366.13568,15,135.59375,178.75
1780761366.13568,15,136.9375,176.0
1780761366.13568,15,138.71875,173.75
1780761366.13568,15,140.078125,170.75
1780761366.13568,15,141.421875,168.25
1780761366.13568,15,142.765625,166.25
1780761366.13568,15,144.109375,164.0
1780761366.13568,15,145.453125,160.0
1780761366.13568,15,148.125,150.5
1780761366.13568,15,150.515625,148.0
1780761366.13568,15,150.828125,147.25
1780761366.13568,15,152.15625,147.0
1780761366.13568,15,153.515625,146.75
1780761366.13568,15,155.765625,146.75
1780761366.13568,15,156.203125,146.75
1780761366.13568,15,157.546875,144.75
1780761366.13568,15,158.859375,141.5
1780761366.13568,15,160.203125,138.5
1780761366.13568,15,161.546875,135.5
1780761366.13568,15,162.890625,133.0
1780761366.13568,15,164.21875,130.25
1780761366.13568,15,167.09375,129.0
1780761366.13568,15,166.90625,129.0
1780761366.13568,15,172.28125,129.75
1780761366.13568,15,173.625,129.75
1780761366.13568,15,176.5625,129.0
1780761366.13568,15,178.3125,129.0
1780761366.13568,15,179.1875,128.5
1780761366.13568,15,183.609375,128.75
1780761366.13568,15,184.203125,129.0
1780761366.13568,15,185.546875,127.0
1780761366.13568,15,185.71875,125.25
1780761366.13568,15,189.296875,125.0
1780761366.13568,15,189.125,125.25
1780761366.13568,15,191.78125,125.5
1780761366.13568,15,193.8125,126.25
1780761366.13568,15,199.96875,128.5
1780761366.13568,15,211.34375,143.25
1780761366.13568,15,249.59375,320.0
1780761366.13568,15,250.796875,321.5
1780761366.13568,15,257.984375,1125.0
1780761366.13568,15,266.28125,972.0
1780761366.13568,15,269.046875,926.75
1780761366.13568,15,270.265625,930.5
1780761366.13568,15,271.671875,937.5
1780761366.13568,15,281.40625,757.75
1780761366.13568,15,282.828125,762.75
1780761366.13568,15,284.109375,767.75
1780761366.13568,15,285.5,773.25
1780761366.13568,15,286.71875,777.25
1780761366.13568,15,288.09375,783.0
1780761366.13568,15,289.4375,788.0
1780761366.13568,15,290.796875,793.0
1780761366.13568,15,292.109375,800.75
1780761366.13568,15,293.4375,808.5
1780761366.13568,15,294.75,817.0
1780761366.13568,15,296.0,826.0
1780761366.13568,15,297.3125,834.75
1780761366.13568,15,298.609375,846.5
1780761366.13568,15,300.078125,858.0
1780761366.13568,15,301.390625,868.25
1780761366.13568,15,302.640625,880.25
1780761366.13568,15,303.921875,893.75
1780761366.13568,15,305.234375,912.25
1780761366.13568,15,306.625,926.5
1780761366.13568,15,307.96875,937.5
1780761366.13568,15,309.21875,952.0
1780761366.13568,15,310.578125,966.75
1780761366.13568,15,311.875,988.5
1780761366.13568,15,313.203125,1007.75
1780761366.13568,15,314.5625,1023.25
1780761366.13568,15,315.765625,1049.0
1780761366.13568,15,317.140625,1074.5
1780761366.13568,15,318.390625,1100.5
1780761366.13568,15,319.75,1131.25
1780761366.13568,15,321.03125,1161.25
1780761366.13568,15,322.359375,1192.75
1780761366.13568,15,323.5625,1225.75
1780761366.13568,15,326.421875,1156.75
1780761366.13568,15,327.75,1145.5
1780761366.13568,15,329.046875,1134.75
1780761366.13568,15,347.03125,2811.0
1780761366.2736897,15,351.0625,2843.5
1780761366.2736897,15,352.40625,2873.5
1780761366.2736897,15,353.734375,2843.25
1780761366.2736897,15,5.765625,2813.0
1780761366.2736897,15,20.671875,2294.25
1780761366.2736897,15,25.25,1300.0
1780761366.2736897,15,26.5625,1274.5
1780761366.2736897,15,36.78125,2294.25
1780761366.2736897,13,38.15625,2292.25
1780761366.2736897,15,44.625,844.5
1780761366.2736897,15,51.734375,1771.25
1780761366.2736897,7,53.140625,1733.75
1780761366.2736897,15,54.5,1707.5
1780761366.2736897,15,55.859375,1683.75
1780761366.2736897,15,58.5625,1606.5
1780761366.2736897,15,59.9375,1591.0
1780761366.2736897,6,61.3125,1570.5
1780761366.2736897,15,62.640625,1550.25
1780761366.2736897,15,63.96875,1540.0
1780761366.2736897,15,69.53125,1234.0
1780761366.2736897,15,70.96875,1221.5
1780761366.2736897,15,72.3125,1217.0
1780761366.2736897,15,73.578125,1213.0
1780761366.2736897,15,74.96875,1203.75
1780761366.2736897,15,76.296875,1205.75
1780761366.2736897,15,77.65625,1221.75
1780761366.2736897,15,78.96875,1237.25
1780761366.2736897,15,80.34375,1238.0
1780761366.2736897,15,81.65625,1251.25
1780761366.2736897,15,84.171875,1337.0
1780761366.2736897,15,85.515625,1359.0
1780761366.2736897,8,92.453125,1081.75
1780761366.2736897,7,93.796875,1081.25
1780761366.2736897,15,95.203125,1081.5
1780761366.2736897,15,96.546875,1083.75
1780761366.2736897,15,105.421875,304.25
1780761366.2736897,15,106.96875,304.25
1780761366.2736897,15,108.171875,306.0
1780761366.2736897,15,110.078125,304.0
1780761366.2736897,15,116.609375,260.25
1780761366.2736897,15,117.8125,255.5
1780761366.2736897,15,127.609375,155.5
1780761366.2736897,15,128.9375,152.0
1780761366.2736897,15,130.28125,148.5
1780761366.2736897,15,131.625,146.0
1780761366.2736897,15,132.96875,144.25
1780761366.2736897,15,134.28125,141.75
1780761366.2736897,15,142.71875,122.0
1780761366.2736897,15,143.65625,120.5
1780761366.2736897,15,143.359375,119.75
1780761366.2736897,15,145.96875,118.75
1780761366.2736897,15,147.65625,118.5
1780761366.2736897,15,148.25,118.0
1780761366.2736897,15,150.953125,117.0
1780761366.2736897,15,151.21875,116.25
1780761366.2736897,15,154.046875,115.25
1780761366.2736897,15,156.953125,109.5
1780761366.2736897,15,158.703125,107.0
1780761366.2736897,15,159.15625,104.75
1780761366.2736897,15,161.984375,103.0
1780761366.2736897,15,171.328125,103.25
1780761366.2736897,15,255.453125,312.0
1780761366.2736897,15,268.265625,973.25
1780761366.2736897,15,271.078125,922.0
1780761366.2736897,15,272.375,918.25
1780761366.2736897,15,273.671875,929.0
1780761366.2736897,15,276.203125,994.25
1780761366.2736897,15,282.15625,733.75
1780761366.2736897,15,284.71875,769.25
1780761366.2736897,15,285.921875,773.75
1780761366.2736897,15,287.359375,778.75
1780761366.2736897,15,288.5625,784.0
1780761366.2736897,15,289.921875,789.75
1780761366.2736897,15,291.3125,797.25
1780761366.2736897,15,292.484375,806.75
1780761366.2736897,15,293.96875,813.25
1780761366.2736897,15,295.203125,819.5
1780761366.2736897,15,296.546875,828.25
1780761366.2736897,15,297.890625,840.25
1780761366.2736897,15,299.203125,852.5
1780761366.2736897,15,300.484375,860.5
1780761366.2736897,15,301.84375,870.5
1780761366.2736897,15,303.171875,885.5
1780761366.2736897,15,304.484375,900.5
1780761366.2736897,15,305.75,913.5
1780761366.2736897,15,307.03125,926.25
1780761366.2736897,15,308.3125,939.75
1780761366.2736897,15,309.625,956.0
1780761366.2736897,15,310.90625,975.5
1780761366.2736897,9,312.28125,995.25
1780761366.2736897,15,313.578125,1014.0
1780761366.2736897,15,314.921875,1033.25
1780761366.2736897,15,316.25,1057.0
1780761366.2736897,15,317.5,1085.25
1780761366.2736897,15,318.78125,1114.75
1780761366.2736897,15,320.125,1138.25
1780761366.2736897,15,322.71875,1199.0
1780761366.2736897,15,324.109375,1227.25
1780761366.2736897,15,325.484375,1225.75
1780761366.2736897,15,326.78125,1202.25
1780761366.2736897,8,328.15625,1181.5
1780761366.2736897,15,329.546875,1157.0
1780761366.2736897,15,344.859375,2873.25
1780761366.2736897,15,346.1875,2872.0
1780761366.2736897,15,347.609375,2871.75
1780761366.2736897,4,348.9375,2879.75
1780761366.2736897,6,350.28125,2912.75
1780761366.410819,15,351.640625,2934.5
1780761366.410819,15,352.96875,2922.75
1780761366.410819,15,354.3125,2916.5
1780761366.410819,15,355.65625,2908.0
1780761366.410819,2,6.390625,2941.75
1780761366.410819,1,7.734375,2941.75
1780761366.410819,1,9.078125,2941.75
1780761366.410819,1,10.421875,2941.75
1780761366.410819,1,11.8125,2942.25
1780761366.410819,1,13.140625,2942.25
1780761366.410819,2,25.921875,1313.0
1780761366.410819,15,27.171875,1307.0
1780761366.410819,15,28.515625,1326.25
1780761366.410819,15,51.09375,1807.5
1780761366.410819,15,52.453125,1771.5
1780761366.410819,15,53.828125,1733.5
1780761366.410819,15,56.5625,1695.5
1780761366.410819,15,57.890625,1660.5
1780761366.410819,15,60.578125,1591.25
1780761366.410819,15,61.90625,1589.25
1780761366.410819,15,63.25,1568.0
1780761366.410819,15,70.296875,1220.0
1780761366.410819,15,71.578125,1212.0
1780761366.410819,15,72.953125,1210.75
1780761366.410819,15,74.296875,1202.0
1780761366.410819,6,75.671875,1198.5
1780761366.410819,15,76.921875,1217.0
1780761366.410819,15,78.28125,1226.5
1780761366.410819,15,79.640625,1224.75
1780761366.410819,8,80.984375,1233.25
1780761366.410819,15,82.3125,1247.0
1780761366.410819,15,83.5625,1268.25
1780761366.410819,15,86.1875,1381.75
1780761366.410819,15,90.453125,1103.5
1780761366.410819,7,91.8125,1089.25
1780761366.410819,8,93.234375,1080.25
1780761366.410819,8,94.515625,1080.25
1780761366.410819,15,95.890625,1081.5
1780761366.410819,15,103.375,301.5
1780761366.410819,15,105.171875,300.5
1780761366.410819,15,106.53125,298.0
1780761366.410819,15,107.546875,294.25
1780761366.410819,15,114.59375,251.0
1780761366.410819,15,124.140625,145.0
1780761366.410819,15,126.796875,138.0
1780761366.410819,15,128.125,136.0
1780761366.410819,15,138.96875,112.25
1780761366.410819,15,139.5625,110.75
1780761366.410819,15,141.59375,110.25
1780761366.410819,15,142.5625,109.75
1780761366.410819,15,143.984375,109.0
1780761366.410819,15,144.828125,108.25
1780761366.410819,15,147.0625,108.25
1780761366.410819,15,148.359375,107.5
1780761366.410819,15,149.828125,107.0
1780761366.410819,15,149.859375,106.0
1780761366.410819,15,151.9375,103.75
1780761366.410819,14,211.046875,102.0
1780761366.410819,15,257.28125,308.25
1780761366.410819,15,257.859375,312.0
1780761366.410819,8,269.484375,964.75
1780761366.410819,15,272.3125,923.5
1780761366.410819,15,273.5625,929.25
1780761366.410819,15,274.859375,943.5
1780761366.410819,15,283.359375,738.25
1780761366.410819,15,285.921875,770.5
1780761366.410819,15,287.09375,775.5
1780761366.410819,15,288.546875,780.0
1780761366.410819,15,289.859375,785.25
1780761366.410819,15,291.09375,790.5
1780761366.410819,15,292.484375,798.25
1780761366.410819,15,293.828125,807.5
1780761366.410819,15,295.03125,813.5
1780761366.410819,15,296.375,822.25
1780761366.410819,15,297.75,833.25
1780761366.410819,15,298.953125,845.0
1780761366.410819,15,300.40625,856.0
1780761366.410819,15,301.609375,866.0
1780761366.410819,15,302.9375,877.75
1780761366.410819,15,304.34375,890.75
1780761366.410819,15,305.671875,904.25
1780761366.410819,15,306.953125,915.25
1780761366.410819,15,308.296875,929.75
1780761366.410819,15,309.59375,946.75
1780761366.410819,15,310.890625,963.75
1780761366.410819,15,312.1875,981.5
1780761366.410819,10,313.515625,999.0
1780761366.410819,15,314.78125,1017.75
1780761366.410819,15,316.09375,1037.25
1780761366.410819,15,317.34375,1063.5
1780761366.410819,15,318.71875,1094.25
1780761366.410819,15,321.3125,1147.5
1780761366.410819,4,325.171875,1243.5
1780761366.410819,15,327.953125,1182.25
1780761366.410819,15,329.296875,1159.5
1780761366.410819,15,330.5625,1148.75
1780761366.410819,15,331.9375,1156.5
1780761366.5487273,15,26.453125,1327.25
1780761366.5487273,15,27.765625,1315.0
1780761366.5487273,14,44.390625,859.0
1780761366.5487273,15,52.90625,1747.5
1780761366.5487273,15,54.265625,1733.25
1780761366.5487273,15,57.015625,1695.0
1780761366.5487273,15,58.34375,1649.75
1780761366.5487273,15,59.78125,1610.25
1780761366.5487273,15,61.046875,1590.25
1780761366.5487273,7,62.453125,1569.0
1780761366.5487273,15,63.796875,1548.75
1780761366.5487273,15,69.40625,1233.0
1780761366.5487273,15,70.671875,1221.75
1780761366.5487273,15,72.03125,1220.0
1780761366.5487273,5,73.4375,1213.25
1780761366.5487273,15,74.78125,1200.0
1780761366.5487273,15,76.046875,1201.5
1780761366.5487273,15,77.421875,1225.25
1780761366.5487273,15,78.71875,1236.0
1780761366.5487273,15,80.0625,1230.0
1780761366.5487273,6,81.4375,1237.75
1780761366.5487273,1,82.71875,1265.25
1780761366.5487273,15,84.0,1297.25
1780761366.5487273,15,86.5625,1402.5
1780761366.5487273,8,90.921875,1095.0
1780761366.5487273,9,92.3125,1081.75
1780761366.5487273,7,93.5625,1081.5
1780761366.5487273,15,94.90625,1082.0
1780761366.5487273,15,96.3125,1083.25
1780761366.5487273,15,102.375,304.25
1780761366.5487273,15,103.59375,301.0
1780761366.5487273,15,105.515625,301.25
1780761366.5487273,15,106.59375,299.5
1780761366.5487273,15,107.84375,294.25
1780761366.5487273,15,114.359375,251.75
1780761366.5487273,15,116.171875,248.75
1780761366.5487273,15,125.15625,145.0
1780761366.5487273,15,127.875,138.0
1780761366.5487273,15,128.578125,135.75
1780761366.5487273,15,139.328125,112.5
1780761366.5487273,15,139.8125,111.25
1780761366.5487273,15,140.71875,110.75
1780761366.5487273,15,141.921875,110.0
1780761366.5487273,15,144.921875,109.25
1780761366.5487273,15,146.0625,108.75
1780761366.5487273,15,147.109375,108.25
1780761366.5487273,15,148.296875,107.75
1780761366.5487273,15,148.796875,107.5
1780761366.5487273,15,151.796875,106.0
1780761366.5487273,15,152.59375,104.5
1780761366.5487273,15,257.515625,311.0
1780761366.5487273,15,268.890625,975.0
1780761366.5487273,15,271.671875,928.5
1780761366.5487273,15,273.046875,924.25
1780761366.5487273,15,274.328125,932.25
1780761366.5487273,15,275.515625,950.0
1780761366.5487273,15,282.59375,738.0
1780761366.5487273,15,285.21875,768.5
1780761366.5487273,15,286.453125,773.0
1780761366.5487273,15,287.90625,778.25
1780761366.5487273,15,289.09375,783.5
1780761366.5487273,15,290.546875,788.5
1780761366.5487273,15,291.875,796.25
1780761366.5487273,15,293.078125,805.0
1780761366.5487273,15,294.390625,810.5
1780761366.5487273,15,295.6875,818.0
1780761366.5487273,15,297.078125,829.25
1780761366.5487273,15,298.453125,840.25
1780761366.5487273,15,299.78125,850.25
1780761366.5487273,15,301.015625,859.0
1780761366.5487273,15,302.421875,870.0
1780761366.5487273,15,303.703125,883.0
1780761366.5487273,15,304.9375,896.5
1780761366.5487273,15,306.28125,910.75
1780761366.5487273,15,307.65625,926.0
1780761366.5487273,15,308.90625,940.0
1780761366.5487273,15,310.203125,954.0
1780761366.5487273,15,311.5625,968.75
1780761366.5487273,10,312.828125,989.0
1780761366.5487273,15,314.109375,1010.0
1780761366.5487273,15,315.4375,1026.0
1780761366.5487273,15,318.078125,1077.75
1780761366.5487273,15,320.6875,1137.75
1780761366.5487273,15,323.3125,1197.75
1780761366.5487273,15,324.609375,1226.25
1780761366.5487273,15,325.96875,1225.25
1780761366.5487273,15,327.359375,1201.75
1780761366.5487273,7,328.734375,1181.5
1780761366.5487273,15,330.03125,1156.25
1780761366.5487273,15,331.453125,1146.25
1780761366.6859171,13,358.78125,2589.5
1780761366.6859171,15,1.5,2583.25
1780761366.6859171,15,2.828125,2582.0
1780761366.6859171,11,4.125,2585.75
1780761366.6859171,15,26.03125,1330.75
1780761366.6859171,15,27.375,1314.25
1780761366.6859171,15,45.34375,857.0
1780761366.6859171,15,52.53125,1771.0
1780761366.6859171,15,53.875,1733.25
1780761366.6859171,15,57.9375,1649.5
1780761366.6859171,15,60.734375,1589.75
1780761366.6859171,15,62.046875,1588.25
1780761366.6859171,15,63.40625,1567.5
1780761366.6859171,15,68.984375,1232.75
1780761366.6859171,15,70.40625,1217.75
1780761366.6859171,15,71.71875,1213.25
1780761366.6859171,7,73.046875,1208.75
1780761366.6859171,15,74.4375,1198.25
1780761366.6859171,15,75.75,1206.75
1780761366.6859171,15,77.09375,1221.0
1780761366.6859171,15,78.359375,1226.25
1780761366.6859171,15,79.703125,1236.75
1780761366.6859171,6,81.078125,1243.25
1780761366.6859171,3,82.40625,1249.5
1780761366.6859171,15,83.625,1268.5
1780761366.6859171,15,86.1875,1381.25
1780761366.6859171,15,90.53125,1100.25
1780761366.6859171,7,91.84375,1082.0
1780761366.6859171,6,93.265625,1080.25
1780761366.6859171,7,94.578125,1080.25
1780761366.6859171,15,95.921875,1081.5
1780761366.6859171,15,97.125,1099.75
1780761366.6859171,15,104.03125,301.25
1780761366.6859171,15,105.015625,300.25
1780761366.6859171,15,106.34375,300.75
1780761366.6859171,15,113.9375,251.75
1780761366.6859171,15,124.203125,145.5
1780761366.6859171,15,125.546875,142.75
1780761366.6859171,15,126.859375,139.25
1780761366.6859171,15,129.40625,137.5
1780761366.6859171,15,137.515625,114.0
1780761366.6859171,15,139.15625,112.0
1780761366.6859171,15,140.8125,111.25
1780761366.6859171,15,142.375,110.75
1780761366.6859171,15,143.078125,110.0
1780761366.6859171,15,144.65625,109.0
1780761366.6859171,15,145.921875,108.25
1780761366.6859171,15,147.46875,108.0
1780761366.6859171,15,150.03125,108.0
1780761366.6859171,15,150.25,106.5
1780761366.6859171,15,153.109375,105.0
1780761366.6859171,15,256.875,311.0
1780761366.6859171,15,271.296875,933.0
1780761366.6859171,15,272.734375,926.25
1780761366.6859171,15,273.984375,933.5
1780761366.6859171,15,275.34375,945.75
1780761366.6859171,15,285.03125,769.0
1780761366.6859171,15,286.296875,773.75
1780761366.6859171,15,287.65625,777.25
1780761366.6859171,15,289.015625,782.5
1780761366.6859171,15,290.1875,787.5
1780761366.6859171,15,291.5,795.0
1780761366.6859171,15,292.875,803.5
1780761366.6859171,15,294.234375,810.5
1780761366.6859171,15,295.515625,815.5
1780761366.6859171,15,296.875,823.75
1780761366.6859171,15,298.15625,836.0
1780761366.6859171,15,299.46875,848.25
1780761366.6859171,15,300.890625,858.5
1780761366.6859171,15,302.1875,869.25
1780761366.6859171,15,303.375,882.25
1780761366.6859171,15,304.765625,894.75
1780761366.6859171,15,306.0625,909.25
1780761366.6859171,15,307.328125,923.5
1780761366.6859171,15,308.6875,936.5
1780761366.6859171,15,309.953125,951.25
1780761366.6859171,15,311.296875,967.75
1780761366.6859171,15,312.5625,988.0
1780761366.6859171,15,313.875,1008.0
1780761366.6859171,15,315.203125,1024.25
1780761366.6859171,15,316.46875,1048.5
1780761366.6859171,15,317.875,1073.75
1780761366.6859171,15,319.09375,1099.75
1780761366.6859171,15,320.453125,1131.5
1780761366.6859171,15,321.703125,1161.25
1780761366.6859171,15,323.0,1192.75
1780761366.6859171,15,324.4375,1225.75
1780761366.6859171,15,325.734375,1255.25
1780761366.6859171,8,328.5625,1181.5
1780761366.6859171,15,329.90625,1157.0
1780761366.6859171,15,331.1875,1146.5
1780761366.8237433,15,25.71875,1348.25
1780761366.8237433,15,45.203125,853.75
1780761366.8237433,15,52.375,1771.25
1780761366.8237433,5,53.703125,1733.25
1780761366.8237433,3,55.03125,1708.5
1780761366.8237433,15,56.4375,1684.75
1780761366.8237433,15,57.765625,1660.5
1780761366.8237433,15,60.515625,1591.5
1780761366.8237433,15,61.8125,1579.0
1780761366.8237433,15,63.171875,1558.0
1780761366.8237433,15,68.828125,1232.0
1780761366.8237433,15,70.1875,1218.75
1780761366.8237433,7,71.546875,1210.5
1780761366.8237433,15,72.828125,1205.25
1780761366.8237433,15,74.1875,1199.25
1780761366.8237433,15,75.515625,1197.75
1780761366.8237433,15,76.859375,1209.25
1780761366.8237433,15,78.140625,1224.0
1780761366.8237433,15,79.5,1236.0
1780761366.8237433,15,80.828125,1237.0
1780761366.8237433,3,82.125,1250.25
1780761366.8237433,15,83.359375,1280.25
1780761366.8237433,15,86.0,1380.25
1780761366.8237433,7,91.640625,1090.0
1780761366.8237433,15,92.984375,1081.0
1780761366.8237433,6,94.28125,1081.0
1780761366.8237433,15,95.59375,1082.0
1780761366.8237433,15,96.921875,1099.25
1780761366.8237433,15,103.328125,301.25
1780761366.8237433,15,104.59375,300.0
1780761366.8237433,15,106.34375,302.0
1780761366.8237433,15,114.34375,253.5
1780761366.8237433,15,115.0,252.0
1780761366.8237433,15,123.921875,147.0
1780761366.8237433,15,125.25,144.0
1780761366.8237433,15,127.90625,137.75
1780761366.8237433,15,136.6875,114.75
1780761366.8237433,15,138.625,112.5
1780761366.8237433,15,140.953125,112.0
1780761366.8237433,15,141.484375,111.0
1780761366.8237433,15,143.71875,110.25
1780761366.8237433,15,145.015625,109.75
1780761366.8237433,15,145.5,109.0
1780761366.8237433,15,147.96875,108.0
1780761366.8237433,15,148.671875,107.75
1780761366.8237433,15,150.046875,107.25
1780761366.8237433,15,151.484375,105.5
1780761366.8237433,15,211.9375,101.5
1780761366.8237433,15,256.78125,310.0
1780761366.8237433,15,271.171875,933.25
1780761366.8237433,15,272.46875,925.0
1780761366.8237433,9,273.796875,930.25
1780761366.8237433,15,275.234375,943.5
1780761366.8237433,15,284.859375,765.25
1780761366.8237433,15,286.171875,771.5
1780761366.8237433,15,287.453125,776.75
1780761366.8237433,15,288.796875,782.25
1780761366.8237433,15,290.046875,788.25
1780761366.8237433,15,291.375,794.5
1780761366.8237433,15,292.640625,801.75
1780761366.8237433,15,294.09375,808.75
1780761366.8237433,15,295.421875,815.25
1780761366.8237433,15,296.609375,825.5
1780761366.8237433,15,297.90625,837.25
1780761366.8237433,15,299.234375,847.75
1780761366.8237433,15,300.671875,858.25
1780761366.8237433,15,302.0,869.5
1780761366.8237433,15,303.34375,881.5
1780761366.8237433,15,304.640625,894.0
1780761366.8237433,15,306.0625,907.5
1780761366.8237433,15,307.28125,921.25
1780761366.8237433,15,308.640625,936.0
1780761366.8237433,15,309.921875,951.75
1780761366.8237433,15,311.25,968.0
1780761366.8237433,15,312.625,987.75
1780761366.8237433,15,313.921875,1008.0
1780761366.8237433,15,315.1875,1024.5
1780761366.8237433,15,316.546875,1042.75
1780761366.8237433,7,317.875,1067.5
1780761366.8237433,15,319.125,1099.5
1780761366.8237433,15,320.484375,1131.25
1780761366.8237433,9,321.71875,1161.0
1780761366.8237433,4,323.09375,1192.25
1780761366.8237433,15,324.34375,1225.5
1780761366.8237433,15,325.734375,1249.5
1780761366.8237433,7,328.46875,1181.5
1780761366.8237433,15,329.84375,1157.0
1780761366.8237433,15,331.234375,1146.25
1780761366.9610476,1,25.890625,1324.75
1780761366.9610476,15,27.25,1312.0
1780761366.9610476,15,45.328125,856.75
1780761366.9610476,15,52.484375,1771.0
1780761366.9610476,6,53.890625,1733.5
1780761366.9610476,15,55.203125,1707.75
1780761366.9610476,15,56.609375,1684.25
1780761366.9610476,15,57.90625,1660.75
1780761366.9610476,15,60.640625,1591.0
1780761366.9610476,15,61.9375,1588.5
1780761366.9610476,15,63.296875,1568.0
1780761366.9610476,15,68.9375,1237.75
1780761366.9610476,15,70.234375,1221.25
1780761366.9610476,15,71.609375,1213.75
1780761366.9610476,15,72.96875,1205.25
1780761366.9610476,15,74.328125,1199.25
1780761366.9610476,15,75.59375,1207.5
1780761366.9610476,15,76.9375,1221.5
1780761366.9610476,15,78.28125,1226.75
1780761366.9610476,15,79.65625,1236.75
1780761366.9610476,7,80.9375,1238.0
1780761366.9610476,3,82.265625,1250.5
1780761366.9610476,15,83.625,1263.25
1780761366.9610476,15,86.125,1381.0
1780761366.9610476,15,90.5,1100.75
1780761366.9610476,8,91.828125,1082.75
1780761366.9610476,5,93.1875,1080.25
1780761366.9610476,7,94.515625,1082.25
1780761366.9610476,15,95.828125,1083.25
1780761366.9610476,15,97.109375,1095.5
1780761366.9610476,15,103.75,301.25
1780761366.9610476,15,105.328125,299.5
1780761366.9610476,15,106.03125,299.5
1780761366.9610476,15,107.640625,296.5
1780761366.9610476,15,109.75,288.25
1780761366.9610476,15,114.125,251.75
1780761366.9610476,15,124.171875,145.5
1780761366.9610476,15,125.515625,142.75
1780761366.9610476,15,126.828125,139.25
1780761366.9610476,15,128.15625,137.5
1780761366.9610476,15,136.640625,114.25
1780761366.9610476,15,139.640625,112.5
1780761366.9610476,15,140.5625,111.75
1780761366.9610476,15,141.1875,110.75
1780761366.9610476,15,143.4375,110.0
1780761366.9610476,15,144.53125,109.5
1780761366.9610476,15,145.796875,109.0
1780761366.9610476,15,148.6875,108.0
1780761366.9610476,15,149.984375,108.25
1780761366.9610476,15,257.796875,311.0
1780761366.9610476,15,269.0,970.75
1780761366.9610476,15,270.40625,944.75
1780761366.9610476,15,271.734375,930.0
1780761366.9610476,15,273.171875,926.75
1780761366.9610476,15,275.625,975.5
1780761366.9610476,9,277.015625,993.5
1780761366.9610476,15,282.84375,731.75
1780761366.9610476,15,285.359375,770.75
1780761366.9610476,15,286.734375,775.0
1780761366.9610476,15,288.15625,780.0
1780761366.9610476,15,289.4375,785.0
1780761366.9610476,15,290.765625,790.5
1780761366.9610476,15,292.09375,797.0
1780761366.9610476,15,293.40625,806.75
1780761366.9610476,15,294.78125,813.25
1780761366.9610476,15,296.0,820.25
1780761366.9610476,15,297.28125,832.0
1780761366.9610476,15,298.609375,843.0
1780761366.9610476,15,300.078125,852.75
1780761366.9610476,15,301.375,862.25
1780761366.9610476,15,302.6875,873.5
1780761366.9610476,15,303.984375,887.5
1780761366.9610476,15,305.296875,900.5
1780761366.9610476,15,306.734375,913.25
1780761366.9610476,15,307.953125,928.5
1780761366.9610476,14,309.28125,945.5
1780761366.9610476,15,310.640625,962.0
1780761366.9610476,15,311.96875,979.5
1780761366.9610476,15,313.328125,997.25
1780761366.9610476,15,314.5625,1015.5
1780761366.9610476,15,315.859375,1034.5
1780761366.9610476,15,318.484375,1093.25
1780761366.9610476,15,321.1875,1146.0
1780761366.9610476,15,323.75,1213.75
1780761366.9610476,6,325.046875,1238.75
1780761366.9610476,15,327.84375,1191.5
1780761366.9610476,15,329.171875,1175.75
1780761366.9610476,15,330.5625,1155.75
1780761366.9610476,15,331.890625,1156.25
1780761367.0987325,15,25.40625,1338.0
1780761367.0987325,15,26.8125,1326.25
1780761367.0987325,15,28.078125,1314.5
1780761367.0987325,3,30.1875,2808.5
1780761367.0987325,15,44.9375,852.5
1780761367.0987325,15,54.796875,1723.5
1780761367.0987325,15,56.15625,1686.25
1780761367.0987325,15,57.515625,1661.5
1780761367.0987325,15,60.203125,1594.5
1780761367.0987325,15,61.578125,1589.0
1780761367.0987325,15,62.96875,1568.75
1780761367.0987325,15,68.59375,1237.75
1780761367.0987325,15,69.921875,1219.0
1780761367.0987325,15,71.296875,1212.5
1780761367.0987325,15,72.609375,1207.25
1780761367.0987325,5,73.953125,1204.0
1780761367.0987325,15,75.296875,1201.0
1780761367.0987325,15,76.640625,1209.5
1780761367.0987325,15,77.984375,1225.0
1780761367.0987325,15,79.34375,1229.25
1780761367.0987325,15,80.6875,1230.75
1780761367.0987325,2,81.9375,1250.5
1780761367.0987325,15,83.203125,1267.25
1780761367.0987325,15,85.859375,1379.0
1780761367.0987325,7,91.453125,1090.5
1780761367.0987325,6,92.890625,1081.75
1780761367.0987325,15,94.203125,1081.5
1780761367.0987325,15,95.546875,1081.75
1780761367.0987325,15,96.828125,1095.0
1780761367.0987325,15,103.40625,301.5
1780761367.0987325,15,104.453125,300.0
1780761367.0987325,15,105.9375,301.75
1780761367.0987325,15,114.0625,253.25
1780761367.0987325,15,114.984375,251.75
1780761367.0987325,15,124.0,146.75
1780761367.0987325,15,125.34375,144.0
1780761367.0987325,15,128.0,137.5
1780761367.0987325,15,138.6875,114.75
1780761367.0987325,15,139.265625,112.5
1780761367.0987325,15,141.5625,111.75
1780761367.0987325,15,142.421875,111.25
1780761367.0987325,15,142.4375,110.5
1780761367.0987325,15,145.625,109.75
1780761367.0987325,15,147.0625,109.25
1780761367.0987325,15,146.6875,108.25
1780761367.0987325,15,149.671875,107.75
1780761367.0987325,15,149.953125,107.25
1780761367.0987325,15,152.90625,105.75
1780761367.0987325,15,211.8125,101.25
1780761367.0987325,15,213.5,101.5
1780761367.0987325,15,257.375,311.0
1780761367.0987325,15,268.96875,970.5
1780761367.0987325,15,270.4375,946.75
1780761367.0987325,15,271.78125,932.0
1780761367.0987325,15,273.125,926.25
1780761367.0987325,15,275.6875,973.0
1780761367.0987325,10,277.0,993.25
1780761367.0987325,15,282.9375,732.25
1780761367.0987325,15,285.421875,769.5
1780761367.0987325,15,286.765625,774.75
1780761367.0987325,15,288.078125,779.75
1780761367.0987325,15,289.46875,785.0
1780761367.0987325,15,290.828125,791.75
1780761367.0987325,15,292.21875,799.5
1780761367.0987325,15,293.390625,807.5
1780761367.0987325,15,294.8125,813.25
1780761367.0987325,15,296.078125,820.5
1780761367.0987325,15,297.5,831.0
1780761367.0987325,15,298.734375,842.0
1780761367.0987325,15,300.046875,853.0
1780761367.0987325,15,301.40625,862.5
1780761367.0987325,15,302.796875,873.75
1780761367.0987325,15,304.0,887.5
1780761367.0987325,15,305.359375,900.5
1780761367.0987325,15,306.75,913.0
1780761367.0987325,15,308.0,928.25
1780761367.0987325,12,309.328125,945.25
1780761367.0987325,15,310.65625,961.75
1780761367.0987325,15,311.921875,979.25
1780761367.0987325,15,313.328125,997.75
1780761367.0987325,15,314.59375,1016.25
1780761367.0987325,15,315.953125,1035.75
1780761367.0987325,15,317.21875,1063.0
1780761367.0987325,15,318.5,1093.25
1780761367.0987325,15,321.15625,1146.0
1780761367.0987325,15,323.796875,1213.75
1780761367.0987325,15,325.09375,1243.25
1780761367.0987325,15,327.875,1186.75
1780761367.0987325,15,329.234375,1163.75
1780761367.0987325,15,330.53125,1148.5
1780761367.0987325,15,331.875,1156.0
1780761367.2367418,15,25.5,1340.25
1780761367.2367418,15,26.84375,1328.25
1780761367.2367418,15,28.1875,1314.25
1780761367.2367418,3,30.3125,2808.5
1780761367.2367418,15,45.0,855.25
1780761367.2367418,15,52.234375,1772.0
1780761367.2367418,15,53.546875,1747.0
1780761367.2367418,3,54.953125,1722.25
1780761367.2367418,15,56.265625,1685.5
1780761367.2367418,15,57.609375,1661.25
1780761367.2367418,15,58.953125,1630.0
1780761367.2367418,15,60.34375,1600.0
1780761367.2367418,15,61.703125,1579.0
1780761367.2367418,15,62.984375,1567.5
1780761367.2367418,15,70.046875,1220.0
1780761367.2367418,15,71.390625,1212.5
1780761367.2367418,15,72.671875,1207.5
1780761367.2367418,15,74.09375,1199.75
1780761367.2367418,15,75.375,1200.5
1780761367.2367418,15,76.703125,1212.0
1780761367.2367418,15,78.109375,1223.75
1780761367.2367418,15,79.375,1231.5
1780761367.2367418,15,80.734375,1232.5
1780761367.2367418,2,82.03125,1250.25
1780761367.2367418,1,83.34375,1277.5
1780761367.2367418,15,85.921875,1379.5
1780761367.2367418,7,91.6875,1090.0
1780761367.2367418,15,93.015625,1080.75
1780761367.2367418,7,94.328125,1081.75
1780761367.2367418,15,95.71875,1083.0
1780761367.2367418,15,96.921875,1095.25
1780761367.2367418,15,103.140625,301.25
1780761367.2367418,15,104.5,298.75
1780761367.2367418,15,106.0625,300.0
1780761367.2367418,15,114.9375,252.25
1780761367.2367418,15,125.03125,146.25
1780761367.2367418,15,126.484375,142.75
1780761367.2367418,15,126.765625,139.25
1780761367.2367418,15,129.8125,137.5
1780761367.2367418,15,136.859375,118.25
1780761367.2367418,15,137.28125,114.75
1780761367.2367418,15,138.96875,112.75
1780761367.2367418,15,141.046875,111.75
1780761367.2367418,15,141.078125,111.0
1780761367.2367418,15,144.203125,110.5
1780761367.2367418,15,143.8125,110.0
1780761367.2367418,15,146.5625,109.0
1780761367.2367418,15,147.546875,108.0
1780761367.2367418,15,149.796875,108.25
1780761367.2367418,15,149.90625,107.25
1780761367.2367418,15,152.515625,106.25
1780761367.2367418,15,214.515625,101.0
1780761367.2367418,15,257.96875,311.0
1780761367.2367418,15,269.0625,969.25
1780761367.2367418,15,271.828125,923.25
1780761367.2367418,15,273.15625,923.25
1780761367.2367418,10,274.546875,937.5
1780761367.2367418,15,275.765625,965.0
1780761367.2367418,10,277.09375,993.25
1780761367.2367418,15,282.984375,734.25
1780761367.2367418,15,285.578125,769.25
1780761367.2367418,15,287.0,774.0
1780761367.2367418,15,288.25,779.0
1780761367.2367418,15,289.640625,784.75
1780761367.2367418,15,291.0,791.0
1780761367.2367418,15,292.21875,798.75
1780761367.2367418,15,293.65625,806.5
1780761367.2367418,15,294.953125,813.0
1780761367.2367418,15,296.15625,821.75
1780761367.2367418,15,297.5,832.0
1780761367.2367418,15,298.84375,842.75
1780761367.2367418,15,300.296875,854.25
1780761367.2367418,15,301.484375,863.75
1780761367.2367418,15,302.875,875.25
1780761367.2367418,15,304.15625,889.0
1780761367.2367418,15,305.53125,902.5
1780761367.2367418,15,306.8125,915.0
1780761367.2367418,15,308.140625,929.0
1780761367.2367418,15,309.546875,946.25
1780761367.2367418,15,310.765625,962.75
1780761367.2367418,15,312.078125,980.25
1780761367.2367418,9,313.40625,998.75
1780761367.2367418,15,314.8125,1017.5
1780761367.2367418,15,316.078125,1037.0
1780761367.2367418,15,317.4375,1063.5
1780761367.2367418,15,320.046875,1130.75
1780761367.2367418,15,321.328125,1148.25
1780761367.2367418,15,323.96875,1214.0
1780761367.2367418,5,325.296875,1243.5
1780761367.2367418,15,328.078125,1186.5
1780761367.2367418,15,329.515625,1163.25
1780761367.2367418,15,330.8125,1148.0
1780761367.2367418,7,332.1875,1156.5
1780761367.3737385,15,25.796875,1348.0
1780761367.3737385,15,45.25,853.75
1780761367.3737385,15,52.421875,1771.25
1780761367.3737385,15,55.203125,1721.75
1780761367.3737385,15,56.5,1683.75
1780761367.3737385,15,57.90625,1660.5
1780761367.3737385,15,59.234375,1630.0
1780761367.3737385,15,60.609375,1600.0
1780761367.3737385,15,61.921875,1588.25
1780761367.3737385,15,63.34375,1568.0
1780761367.3737385,15,68.953125,1232.75
1780761367.3737385,15,70.3125,1221.5
1780761367.3737385,15,71.609375,1216.75
1780761367.3737385,15,73.0625,1208.25
1780761367.3737385,15,74.328125,1198.75
1780761367.3737385,15,75.65625,1207.25
1780761367.3737385,15,77.0625,1221.5
1780761367.3737385,15,78.375,1226.5
1780761367.3737385,15,79.671875,1228.5
1780761367.3737385,7,81.015625,1231.75
1780761367.3737385,15,82.4375,1246.75
1780761367.3737385,15,83.71875,1273.5
1780761367.3737385,15,86.34375,1380.0
1780761367.3737385,15,90.640625,1096.0
1780761367.3737385,15,92.0625,1081.0
1780761367.3737385,7,93.390625,1079.5
1780761367.3737385,15,94.671875,1081.25
1780761367.3737385,15,96.03125,1082.75
1780761367.3737385,15,104.125,302.0
1780761367.3737385,15,105.203125,299.75
1780761367.3737385,15,106.171875,297.5
1780761367.3737385,15,108.25,294.5
1780761367.3737385,15,114.125,251.75
1780761367.3737385,15,125.015625,145.25
1780761367.3737385,15,127.109375,139.0
1780761367.3737385,15,129.5625,138.0
1780761367.3737385,15,135.640625,117.25
1780761367.3737385,15,137.453125,114.25
1780761367.3737385,15,139.65625,112.5
1780761367.3737385,15,141.203125,111.75
1780761367.3737385,15,142.375,110.75
1780761367.3737385,15,143.515625,110.25
1780761367.3737385,15,145.9375,109.75
1780761367.3737385,15,147.109375,109.25
1780761367.3737385,15,148.921875,108.0
1780761367.3737385,15,150.140625,107.75
1780761367.3737385,15,150.46875,106.5
1780761367.3737385,15,153.328125,105.0
1780761367.3737385,6,269.421875,963.5
1780761367.3737385,15,272.125,921.0
1780761367.3737385,15,273.515625,926.25
1780761367.3737385,15,274.8125,939.5
1780761367.3737385,15,283.21875,738.0
1780761367.3737385,15,285.84375,770.5
1780761367.3737385,15,287.25,775.25
1780761367.3737385,15,288.453125,780.5
1780761367.3737385,15,289.828125,786.0
1780761367.3737385,15,291.234375,792.5
1780761367.3737385,15,292.515625,800.25
1780761367.3737385,15,293.890625,807.25
1780761367.3737385,15,295.203125,814.5
1780761367.3737385,15,296.40625,823.0
1780761367.3737385,15,297.75,832.75
1780761367.3737385,15,299.125,844.75
1780761367.3737385,15,300.46875,857.5
1780761367.3737385,15,301.8125,867.5
1780761367.3737385,15,303.078125,878.25
1780761367.3737385,15,304.4375,891.5
1780761367.3737385,15,305.6875,904.25
1780761367.3737385,15,307.046875,917.75
1780761367.3737385,15,308.328125,932.75
1780761367.3737385,15,309.6875,949.0
1780761367.3737385,15,311.046875,965.0
1780761367.3737385,15,312.375,983.0
1780761367.3737385,10,313.65625,1002.5
1780761367.3737385,15,314.9375,1021.25
1780761367.3737385,15,316.265625,1040.0
1780761367.3737385,7,317.5625,1065.0
1780761367.3737385,15,318.875,1095.25
1780761367.3737385,8,321.5625,1157.5
1780761367.3737385,15,322.84375,1182.25
1780761367.3737385,15,325.421875,1249.5
1780761367.3737385,8,328.234375,1186.0
1780761367.3737385,15,329.578125,1161.5
1780761367.3737385,15,330.90625,1146.75
1780761367.3737385,6,332.234375,1161.25
1780761367.5117285,15,25.90625,1340.75
1780761367.5117285,15,45.359375,854.5
1780761367.5117285,15,52.53125,1771.0
1780761367.5117285,5,53.953125,1733.5
1780761367.5117285,15,56.640625,1695.75
1780761367.5117285,15,58.03125,1651.25
1780761367.5117285,15,59.359375,1610.75
1780761367.5117285,15,60.75,1590.0
1780761367.5117285,15,62.046875,1580.0
1780761367.5117285,15,63.4375,1559.75
1780761367.5117285,15,69.03125,1233.0
1780761367.5117285,15,70.421875,1220.0
1780761367.5117285,15,71.796875,1215.25
1780761367.5117285,15,73.140625,1208.25
1780761367.5117285,15,74.40625,1198.0
1780761367.5117285,15,75.734375,1206.75
1780761367.5117285,15,77.140625,1221.0
1780761367.5117285,15,78.421875,1226.0
1780761367.5117285,15,79.734375,1237.0
1780761367.5117285,7,81.15625,1240.25
1780761367.5117285,15,82.46875,1238.5
1780761367.5117285,15,86.359375,1379.75
1780761367.5117285,7,90.6875,1095.0
1780761367.5117285,9,92.015625,1080.5
1780761367.5117285,6,93.375,1079.75
1780761367.5117285,10,94.765625,1081.25
1780761367.5117285,15,96.125,1082.75
1780761367.5117285,15,103.578125,302.0
1780761367.5117285,15,105.03125,300.0
1780761367.5117285,15,106.5625,297.75
1780761367.5117285,15,108.546875,294.25
1780761367.5117285,15,114.96875,250.75
1780761367.5117285,15,124.53125,145.25
1780761367.5117285,15,128.1875,139.0
1780761367.5117285,15,128.53125,138.0
1780761367.5117285,15,138.078125,114.0
1780761367.5117285,15,139.15625,112.25
1780761367.5117285,15,139.96875,111.75
1780761367.5117285,15,141.78125,111.0
1780761367.5117285,15,144.890625,110.25
1780761367.5117285,15,144.578125,109.5
1780761367.5117285,15,147.578125,109.0
1780761367.5117285,15,147.5625,108.25
1780761367.5117285,15,150.359375,108.0
1780761367.5117285,15,150.953125,106.75
1780761367.5117285,15,153.34375,105.75
1780761367.5117285,15,219.5625,112.75
1780761367.5117285,15,219.71875,114.5
1780761367.5117285,8,269.546875,965.25
1780761367.5117285,15,272.234375,922.0
1780761367.5117285,15,273.59375,930.0
1780761367.5117285,15,274.90625,942.25
1780761367.5117285,15,283.375,739.0
1780761367.5117285,15,285.921875,770.0
1780761367.5117285,15,287.1875,776.75
1780761367.5117285,15,288.59375,782.0
1780761367.5117285,15,289.890625,786.0
1780761367.5117285,15,291.265625,792.25
1780761367.5117285,15,292.53125,800.0
1780761367.5117285,15,293.828125,807.25
1780761367.5117285,15,295.25,814.25
1780761367.5117285,15,296.53125,823.0
1780761367.5117285,15,297.890625,833.0
1780761367.5117285,15,299.15625,845.5
1780761367.5117285,15,300.5625,857.75
1780761367.5117285,15,301.859375,867.5
1780761367.5117285,15,303.171875,878.75
1780761367.5117285,15,304.484375,891.25
1780761367.5117285,15,305.734375,903.75
1780761367.5117285,15,307.171875,915.25
1780761367.5117285,15,308.46875,930.25
1780761367.5117285,15,309.765625,948.5
1780761367.5117285,15,311.09375,964.75
1780761367.5117285,15,312.3125,982.75
1780761367.5117285,10,313.65625,1001.75
1780761367.5117285,15,315.015625,1020.5
1780761367.5117285,15,316.265625,1039.25
1780761367.5117285,8,317.609375,1064.5
1780761367.5117285,15,318.90625,1094.75
1780761367.5117285,9,321.5,1156.25
1780761367.5117285,15,322.890625,1181.5
1780761367.5117285,15,325.546875,1249.0
1780761367.5117285,15,328.28125,1186.25
1780761367.5117285,15,329.671875,1162.5
1780761367.5117285,15,331.015625,1147.5
1780761367.5117285,15,332.359375,1161.25
1780761367.6458163,13,358.46875,2589.5
1780761367.6458163,9,359.828125,2582.75
1780761367.6458163,15,2.53125,2583.25
1780761367.6458163,10,3.875,2583.5
1780761367.6458163,15,22.5,2845.25
1780761367.6458163,4,25.765625,1332.0
1780761367.6458163,15,27.125,1309.5
1780761367.6458163,15,45.234375,851.5
1780761367.6458163,15,52.390625,1771.25
1780761367.6458163,5,53.796875,1733.5
1780761367.6458163,4,55.140625,1708.0
1780761367.6458163,15,56.453125,1684.0
1780761367.6458163,15,57.828125,1660.5
1780761367.6458163,15,60.59375,1591.5
1780761367.6458163,15,61.921875,1588.5
1780761367.6458163,15,63.28125,1568.0
1780761367.6458163,9,68.9375,1237.5
1780761367.6458163,15,70.3125,1220.5
1780761367.6458163,15,71.671875,1215.5
1780761367.6458163,8,72.953125,1207.75
1780761367.6458163,15,74.328125,1199.0
1780761367.6458163,15,75.6875,1207.5
1780761367.6458163,15,76.984375,1221.25
1780761367.6458163,15,78.3125,1226.5
1780761367.6458163,15,79.671875,1247.75
1780761367.6458163,8,80.984375,1250.5
1780761367.6458163,15,82.28125,1252.25
1780761367.6458163,15,83.625,1263.5
1780761367.6458163,15,86.25,1381.25
1780761367.6458163,15,90.5,1100.0
1780761367.6458163,8,91.9375,1081.75
1780761367.6458163,7,93.234375,1080.0
1780761367.6458163,7,94.59375,1080.5
1780761367.6458163,15,95.875,1081.5
1780761367.6458163,15,97.21875,1095.25
1780761367.6458163,15,103.34375,301.75
1780761367.6458163,15,104.875,299.5
1780761367.6458163,15,106.53125,300.0
1780761367.6458163,15,107.5,298.0
1780761367.6458163,15,114.4375,252.25
1780761367.6458163,15,124.25,146.5
1780761367.6458163,15,125.59375,142.75
1780761367.6458163,15,126.90625,139.25
1780761367.6458163,15,128.234375,137.25
1780761367.6458163,15,138.4375,114.0
1780761367.6458163,15,139.640625,112.0
1780761367.6458163,15,140.75,111.5
1780761367.6458163,15,142.28125,110.75
1780761367.6458163,15,144.4375,110.0
1780761367.6458163,15,145.359375,109.5
1780761367.6458163,15,147.09375,109.0
1780761367.6458163,15,148.25,108.25
1780761367.6458163,15,149.640625,108.0
1780761367.6458163,15,151.265625,107.5
1780761367.6458163,15,152.390625,106.5
1780761367.6458163,15,257.578125,311.0
1780761367.6458163,15,268.984375,975.25
1780761367.6458163,15,271.671875,930.5
1780761367.6458163,15,273.03125,926.0
1780761367.6458163,15,274.375,934.75
1780761367.6458163,12,275.53125,951.0
1780761367.6458163,15,282.765625,731.5
1780761367.6458163,15,285.3125,768.5
1780761367.6458163,15,286.65625,773.25
1780761367.6458163,15,287.953125,778.25
1780761367.6458163,15,289.25,783.5
1780761367.6458163,15,290.578125,788.75
1780761367.6458163,15,291.921875,796.25
1780761367.6458163,15,293.265625,804.75
1780761367.6458163,15,294.484375,810.5
1780761367.6458163,15,295.828125,818.25
1780761367.6458163,15,297.078125,829.25
1780761367.6458163,15,298.5,840.25
1780761367.6458163,15,299.828125,850.25
1780761367.6458163,15,301.109375,859.25
1780761367.6458163,15,302.484375,870.25
1780761367.6458163,15,303.78125,884.0
1780761367.6458163,15,305.15625,897.25
1780761367.6458163,15,306.328125,911.0
1780761367.6458163,15,307.71875,927.25
1780761367.6458163,10,309.0,941.5
1780761367.6458163,15,310.390625,956.75
1780761367.6458163,15,311.703125,971.75
1780761367.6458163,15,312.953125,990.0
1780761367.6458163,15,314.21875,1010.5
1780761367.6458163,15,315.546875,1029.25
1780761367.6458163,15,316.84375,1055.25
1780761367.6458163,15,318.1875,1084.25
1780761367.6458163,15,319.46875,1114.75
1780761367.6458163,15,320.828125,1138.25
1780761367.6458163,15,323.5,1198.0
1780761367.6458163,15,324.796875,1226.25
1780761367.6458163,15,327.546875,1186.5
1780761367.6458163,15,328.921875,1180.5
1780761367.6458163,15,330.234375,1156.0
1780761367.6458163,15,331.546875,1148.0
1780761367.783151,2,20.34375,2808.5
1780761367.783151,15,44.375,858.25
1780761367.783151,15,52.953125,1759.5
1780761367.783151,15,54.328125,1733.25
1780761367.783151,15,58.390625,1626.5
1780761367.783151,15,59.796875,1597.0
1780761367.783151,15,61.09375,1590.5
1780761367.783151,7,62.53125,1569.5
1780761367.783151,15,63.828125,1549.0
1780761367.783151,15,66.578125,1427.75
1780761367.783151,15,69.453125,1233.0
1780761367.783151,15,70.84375,1220.25
1780761367.783151,15,72.171875,1218.25
1780761367.783151,15,73.484375,1214.0
1780761367.783151,15,74.84375,1200.75
1780761367.783151,5,76.21875,1202.75
1780761367.783151,15,77.578125,1213.5
1780761367.783151,15,78.875,1223.0
1780761367.783151,15,80.265625,1231.0
1780761367.783151,7,81.59375,1238.25
1780761367.783151,1,82.828125,1264.0
1780761367.783151,15,84.140625,1296.5
1780761367.783151,15,86.6875,1393.5
1780761367.783151,8,92.359375,1081.0
1780761367.783151,6,93.6875,1080.75
1780761367.783151,9,95.109375,1081.25
1780761367.783151,15,96.421875,1083.25
1780761367.783151,15,104.28125,301.5
1780761367.783151,15,105.734375,301.0
1780761367.783151,15,106.765625,298.5
1780761367.783151,15,107.953125,294.25
1780761367.783151,15,114.515625,251.75
1780761367.783151,15,124.796875,145.25
1780761367.783151,15,127.4375,138.5
1780761367.783151,15,128.78125,136.75
1780761367.783151,15,138.03125,112.75
1780761367.783151,15,140.921875,111.5
1780761367.783151,15,141.15625,111.0
1780761367.783151,15,143.1875,110.25
1780761367.783151,15,144.671875,109.75
1780761367.783151,15,145.21875,108.75
1780761367.783151,15,147.8125,107.75
1780761367.783151,15,148.84375,107.75
1780761367.783151,15,149.453125,107.75
1780761367.783151,15,151.96875,106.75
1780761367.783151,15,153.8125,105.0
1780761367.783151,15,228.03125,120.75
1780761367.783151,15,257.140625,308.25
1780761367.783151,15,258.28125,312.0
1780761367.783151,7,269.65625,964.75
1780761367.783151,15,272.40625,925.25
1780761367.783151,15,273.71875,929.75
1780761367.783151,15,275.0,942.75
1780761367.783151,15,283.359375,744.25
1780761367.783151,15,284.5625,760.5
1780761367.783151,15,285.984375,770.25
1780761367.783151,15,287.34375,776.25
1780761367.783151,15,288.546875,781.75
1780761367.783151,15,289.921875,787.25
1780761367.783151,15,291.3125,793.0
1780761367.783151,15,292.53125,799.75
1780761367.783151,15,293.96875,807.5
1780761367.783151,15,295.234375,814.25
1780761367.783151,15,296.5625,823.0
1780761367.783151,15,297.8125,833.0
1780761367.783151,15,299.125,845.5
1780761367.783151,15,300.640625,857.75
1780761367.783151,15,301.921875,867.5
1780761367.783151,15,303.203125,879.5
1780761367.783151,15,304.578125,892.25
1780761367.783151,15,305.828125,904.0
1780761367.783151,15,307.15625,917.75
1780761367.783151,15,308.4375,932.5
1780761367.783151,15,309.78125,948.75
1780761367.783151,15,311.1875,965.0
1780761367.783151,15,312.46875,983.0
1780761367.783151,12,313.828125,1002.0
1780761367.783151,15,315.0625,1021.25
1780761367.783151,9,316.4375,1040.5
1780761367.783151,8,317.65625,1065.5
1780761367.783151,15,318.96875,1099.25
1780761367.783151,15,320.328125,1131.25
1780761367.783151,10,321.59375,1154.75
1780761367.783151,15,322.953125,1180.25
1780761367.783151,15,325.53125,1249.0
1780761367.783151,9,328.359375,1186.25
1780761367.783151,15,329.6875,1162.5
1780761367.783151,15,331.0,1147.5
