timestamp,quality,angle_deg,distance_mm
1780761474.9141781,15,73.46875,785.0
1780761474.9141781,15,74.734375,778.0
1780761474.9141781,15,76.078125,772.0
1780761474.9141781,15,77.484375,766.25
1780761474.9141781,15,78.90625,760.75
1780761474.9141781,15,80.328125,756.0
1780761474.9141781,15,81.671875,751.75
1780761474.9141781,15,83.046875,748.0
1780761474.9141781,15,84.203125,744.5
1780761474.9141781,15,85.609375,741.25
1780761474.9141781,15,86.90625,738.5
1780761474.9141781,15,88.359375,736.75
1780761474.9141781,15,89.578125,736.25
1780761474.9141781,15,90.9375,735.75
1780761474.9141781,15,92.328125,735.25
1780761474.9141781,15,93.65625,735.0
1780761474.9141781,15,94.984375,735.75
1780761474.9141781,15,96.265625,736.75
1780761474.9141781,15,97.609375,737.0
1780761474.9141781,15,99.0625,738.25
1780761474.9141781,15,100.4375,739.5
1780761474.9141781,15,101.609375,742.0
1780761474.9141781,15,103.078125,746.0
1780761474.9141781,15,104.390625,750.0
1780761474.9141781,15,105.78125,753.5
1780761474.9141781,15,107.09375,757.0
1780761474.9141781,15,108.375,761.25
1780761474.9141781,15,109.578125,766.5
1780761474.9141781,15,111.0625,772.25
1780761474.9141781,15,112.21875,778.5
1780761474.9141781,15,113.671875,784.75
1780761474.9141781,15,114.9375,790.25
1780761474.9141781,15,116.25,797.75
1780761474.9141781,15,117.578125,807.25
1780761474.9141781,15,118.984375,814.5
1780761474.9141781,15,120.3125,823.5
1780761474.9141781,15,121.5,834.75
1780761474.9141781,15,122.890625,847.25
1780761474.9141781,15,124.203125,858.25
1780761474.9141781,15,125.515625,869.0
1780761474.9141781,15,126.78125,881.75
1780761474.9141781,15,128.203125,895.25
1780761474.9141781,15,129.40625,910.5
1780761474.9141781,15,130.828125,924.25
1780761474.9141781,15,132.140625,938.0
1780761474.9141781,15,133.484375,955.0
1780761474.9141781,15,134.75,970.25
1780761474.9141781,15,136.140625,989.75
1780761474.9141781,15,137.34375,1010.5
1780761474.9141781,15,138.6875,1026.5
1780761474.9141781,15,141.3125,1078.75
1780761474.9141781,11,145.609375,954.75
1780761474.9141781,15,146.90625,944.0
1780761474.9141781,15,148.234375,955.25
1780761474.9141781,15,164.953125,2218.0
1780761474.9141781,15,170.28125,2293.25
1780761474.9141781,15,171.65625,2293.0
1780761474.9141781,15,191.828125,2292.75
1780761474.9141781,15,193.140625,2294.0
1780761474.9141781,15,204.59375,1132.5
1780761474.9141781,15,205.859375,1130.75
1780761474.9141781,15,207.234375,1124.75
1780761474.9141781,15,208.640625,1123.25
1780761474.9141781,15,209.984375,1122.25
1780761474.9141781,15,211.34375,1117.5
1780761474.9141781,15,212.609375,1112.75
1780761474.9141781,15,213.953125,1108.25
1780761474.9141781,15,215.375,1112.0
1780761474.9141781,15,233.71875,1795.75
1780761474.9141781,15,235.109375,1760.0
1780761474.9141781,5,236.484375,1734.5
1780761474.9141781,15,241.953125,617.5
1780761474.9141781,15,243.4375,621.0
1780761474.9141781,15,244.734375,625.75
1780761474.9141781,15,246.03125,632.5
1780761474.9141781,15,247.265625,638.75
1780761474.9141781,15,248.6875,644.75
1780761474.9141781,15,252.78125,1483.0
1780761474.9141781,15,254.125,1466.0
1780761474.9141781,15,255.484375,1450.25
1780761474.9141781,15,256.8125,1442.0
1780761474.9141781,6,258.203125,1440.25
1780761474.9141781,15,259.53125,1431.5
1780761474.9141781,15,260.921875,1417.75
1780761474.9141781,15,265.171875,592.75
1780761474.9141781,15,266.484375,591.75
1780761474.9141781,15,275.796875,1208.25
1780761474.9141781,15,277.140625,1186.5
1780761474.9141781,15,278.484375,1176.25
1780761474.9141781,15,279.8125,1179.75
1780761474.9141781,15,281.140625,1187.0
1780761474.9141781,15,282.46875,1190.25
1780761474.9141781,15,283.78125,1200.25
1780761474.9141781,15,285.171875,1220.5
1780761474.9141781,15,286.46875,1239.25
1780761474.9141781,15,289.046875,1320.0
1780761474.9141781,15,291.6875,1449.75
1780761474.9141781,15,294.40625,1320.0
1780761474.9141781,15,298.515625,1226.0
1780761474.9141781,15,300.0,1220.25
1780761474.9141781,15,301.328125,1230.75
1780761474.9141781,15,302.65625,1247.75
1780761474.9141781,4,303.96875,1260.5
1780761474.9141781,6,313.6875,1034.5
1780761474.9141781,15,315.03125,1013.0
1780761474.9141781,15,316.484375,991.5
1780761474.9141781,15,317.796875,976.0
1780761474.9141781,15,319.1875,973.25
1780761474.9141781,15,320.4375,978.25
1780761474.9141781,15,325.640625,1211.75
1780761474.9141781,15,327.046875,1188.75
1780761474.9141781,12,328.4375,1165.0
1780761474.9141781,15,329.84375,1152.25
1780761474.9141781,15,331.203125,1141.25
1780761474.9141781,15,332.484375,1127.75
1780761474.9141781,15,336.140625,701.5
1780761474.9141781,15,337.453125,698.75
1780761474.9141781,15,338.625,711.25
1780761474.9141781,15,340.09375,714.75
1780761474.9141781,15,341.4375,707.75
1780761474.9141781,15,342.671875,709.25
1780761474.9141781,15,344.015625,713.0
1780761474.9141781,15,346.828125,689.25
1780761474.9141781,15,348.171875,678.75
1780761474.9141781,15,349.578125,667.0
1780761474.9141781,15,351.03125,664.75
1780761474.9141781,15,352.328125,665.0
1780761475.0519114,15,353.703125,664.5
1780761475.0519114,15,355.046875,662.75
1780761475.0519114,15,356.453125,662.25
1780761475.0519114,15,357.765625,662.0
1780761475.0519114,15,359.046875,659.25
1780761475.0519114,15,0.375,662.0
1780761475.0519114,15,1.6875,662.0
1780761475.0519114,15,3.234375,653.75
1780761475.0519114,15,4.421875,650.5
1780761475.0519114,15,5.90625,651.25
1780761475.0519114,15,7.28125,650.75
1780761475.0519114,15,8.609375,650.75
1780761475.0519114,15,9.859375,654.75
1780761475.0519114,15,11.15625,665.75
1780761475.0519114,15,12.5,669.5
1780761475.0519114,15,13.84375,667.0
1780761475.0519114,15,15.234375,669.75
1780761475.0519114,15,16.65625,672.5
1780761475.0519114,15,17.875,674.5
1780761475.0519114,15,19.203125,677.25
1780761475.0519114,15,20.625,680.25
1780761475.0519114,15,21.875,685.25
1780761475.0519114,15,23.265625,689.75
1780761475.0519114,15,24.59375,689.75
1780761475.0519114,15,25.84375,697.5
1780761475.0519114,15,29.90625,700.75
1780761475.0519114,15,31.265625,709.0
1780761475.0519114,15,40.84375,1735.25
1780761475.0519114,15,45.390625,1050.5
1780761475.0519114,15,46.75,1057.5
1780761475.0519114,15,50.609375,1205.25
1780761475.0519114,15,51.953125,1203.0
1780761475.0519114,15,57.25,1320.0
1780761475.0519114,15,58.609375,1319.75
1780761475.0519114,15,64.6875,831.0
1780761475.0519114,15,66.015625,831.0
1780761475.0519114,15,67.421875,820.0
1780761475.0519114,15,68.703125,810.25
1780761475.0519114,15,70.140625,802.0
1780761475.0519114,15,71.5625,793.25
1780761475.0519114,15,72.875,785.75
1780761475.0519114,15,74.1875,779.5
1780761475.0519114,15,75.53125,773.5
1780761475.0519114,15,76.875,767.25
1780761475.0519114,15,78.28125,761.25
1780761475.0519114,15,79.671875,756.75
1780761475.0519114,15,81.0625,753.5
1780761475.0519114,15,82.46875,749.25
1780761475.0519114,15,83.828125,744.75
1780761475.0519114,15,84.984375,741.25
1780761475.0519114,15,86.296875,738.75
1780761475.0519114,15,87.609375,737.5
1780761475.0519114,15,89.0,736.5
1780761475.0519114,15,90.453125,735.5
1780761475.0519114,15,91.734375,734.25
1780761475.0519114,15,93.0625,734.5
1780761475.0519114,15,94.421875,735.0
1780761475.0519114,15,95.75,735.5
1780761475.0519114,15,97.09375,736.25
1780761475.0519114,15,98.46875,737.0
1780761475.0519114,15,99.765625,738.5
1780761475.0519114,15,101.125,740.75
1780761475.0519114,15,102.484375,744.25
1780761475.0519114,15,103.703125,747.5
1780761475.0519114,15,105.0625,750.25
1780761475.0519114,15,106.4375,754.25
1780761475.0519114,15,107.671875,758.25
1780761475.0519114,15,109.125,763.25
1780761475.0519114,15,110.421875,769.0
1780761475.0519114,15,111.765625,774.75
1780761475.0519114,15,112.96875,780.0
1780761475.0519114,15,114.328125,786.0
1780761475.0519114,15,115.578125,794.0
1780761475.0519114,15,116.96875,802.75
1780761475.0519114,15,118.296875,810.75
1780761475.0519114,15,119.671875,817.25
1780761475.0519114,15,120.890625,827.75
1780761475.0519114,15,122.28125,841.5
1780761475.0519114,15,123.5,853.5
1780761475.0519114,15,124.953125,863.5
1780761475.0519114,15,126.265625,874.75
1780761475.0519114,15,127.484375,889.25
1780761475.0519114,15,128.765625,903.0
1780761475.0519114,15,130.125,916.5
1780761475.0519114,15,131.421875,931.75
1780761475.0519114,15,132.875,947.75
1780761475.0519114,15,134.125,964.5
1780761475.0519114,15,135.515625,982.0
1780761475.0519114,11,136.75,1001.5
1780761475.0519114,15,138.09375,1021.25
1780761475.0519114,10,139.359375,1040.75
1780761475.0519114,8,140.75,1066.0
1780761475.0519114,15,143.640625,935.5
1780761475.0519114,15,145.0,922.75
1780761475.0519114,15,146.375,923.5
1780761475.0519114,15,147.546875,943.75
1780761475.0519114,15,169.625,2292.5
1780761475.0519114,15,170.96875,2292.5
1780761475.0519114,15,192.453125,2293.25
1780761475.0519114,15,193.796875,2294.25
1780761475.0519114,15,205.375,1090.5
1780761475.0519114,15,206.703125,1082.0
1780761475.0519114,9,208.015625,1081.75
1780761475.0519114,8,209.40625,1079.75
1780761475.0519114,8,210.75,1077.75
1780761475.0519114,15,212.0625,1076.0
1780761475.0519114,15,213.375,1075.0
1780761475.0519114,7,214.71875,1075.75
1780761475.0519114,6,216.125,1084.75
1780761475.0519114,15,233.109375,1832.75
1780761475.0519114,15,237.21875,1733.25
1780761475.0519114,15,245.5625,601.5
1780761475.0519114,15,246.84375,606.25
1780761475.0519114,15,248.265625,612.0
1780761475.0519114,15,249.5,618.25
1780761475.0519114,15,250.9375,625.25
1780761475.0519114,15,252.140625,631.75
1780761475.0519114,15,254.859375,1450.0
1780761475.0519114,15,256.21875,1457.0
1780761475.0519114,15,257.59375,1442.0
1780761475.0519114,7,258.984375,1426.25
1780761475.0519114,15,260.328125,1417.75
1780761475.0519114,15,261.671875,1410.75
1780761475.0519114,15,263.015625,1410.5
1780761475.0519114,15,264.359375,1409.75
1780761475.0519114,15,268.53125,589.75
1780761475.0519114,15,269.71875,589.5
1780761475.0519114,15,279.265625,1189.5
1780761475.0519114,15,280.625,1184.75
1780761475.0519114,15,281.984375,1188.75
1780761475.0519114,15,283.28125,1191.25
1780761475.0519114,15,284.65625,1194.25
1780761475.0519114,15,285.953125,1214.0
1780761475.0519114,15,287.21875,1231.25
1780761475.0519114,15,300.71875,1242.25
1780761475.0519114,15,302.09375,1242.5
1780761475.0519114,15,303.390625,1254.5
1780761475.0519114,15,304.703125,1267.25
1780761475.0519114,15,317.1875,1023.75
1780761475.0519114,8,318.46875,1009.5
1780761475.0519114,15,319.875,1001.5
1780761475.0519114,15,321.171875,1005.0
1780761475.0519114,15,326.40625,1227.25
1780761475.0519114,15,327.8125,1205.5
1780761475.0519114,15,329.15625,1199.25
1780761475.0519114,15,330.46875,1183.75
1780761475.0519114,11,331.859375,1163.5
1780761475.0519114,8,333.21875,1150.5
1780761475.0519114,15,336.734375,739.25
1780761475.0519114,15,338.0,733.25
1780761475.0519114,15,339.34375,744.25
1780761475.0519114,15,340.65625,753.75
1780761475.0519114,15,342.078125,746.25
1780761475.0519114,15,343.4375,744.25
1780761475.0519114,15,344.703125,753.5
1780761475.0519114,15,346.03125,746.5
1780761475.0519114,15,347.4375,740.5
1780761475.0519114,15,350.125,705.25
1780761475.0519114,15,351.46875,701.5
1780761475.1892152,15,352.828125,700.75
1780761475.1892152,15,354.203125,699.75
1780761475.1892152,15,355.546875,700.0
1780761475.1892152,15,356.984375,701.0
1780761475.1892152,15,358.359375,698.5
1780761475.1892152,15,359.703125,693.5
1780761475.1892152,15,1.0625,691.0
1780761475.1892152,15,2.40625,694.0
1780761475.1892152,15,3.765625,695.25
1780761475.1892152,15,5.125,693.0
1780761475.1892152,15,6.328125,691.5
1780761475.1892152,15,7.84375,689.5
1780761475.1892152,15,9.109375,689.5
1780761475.1892152,15,10.34375,696.0
1780761475.1892152,15,11.84375,700.75
1780761475.1892152,15,13.15625,701.5
1780761475.1892152,15,14.375,705.5
1780761475.1892152,15,15.734375,707.75
1780761475.1892152,15,17.15625,708.5
1780761475.1892152,15,18.359375,713.0
1780761475.1892152,15,19.8125,718.75
1780761475.1892152,15,21.171875,720.5
1780761475.1892152,15,22.53125,719.25
1780761475.1892152,15,23.765625,727.0
1780761475.1892152,15,25.125,742.0
1780761475.1892152,15,26.375,740.0
1780761475.1892152,15,27.71875,732.0
1780761475.1892152,15,29.09375,738.25
1780761475.1892152,15,30.421875,755.0
1780761475.1892152,15,38.84375,1760.0
1780761475.1892152,15,43.375,1075.5
1780761475.1892152,15,44.78125,1076.5
1780761475.1892152,15,48.65625,1230.5
1780761475.1892152,15,49.96875,1228.25
1780761475.1892152,15,56.640625,1326.5
1780761475.1892152,15,58.0,1326.25
1780761475.1892152,15,66.78125,819.0
1780761475.1892152,15,68.203125,810.25
1780761475.1892152,15,69.5625,802.75
1780761475.1892152,15,70.84375,794.0
1780761475.1892152,15,72.265625,785.25
1780761475.1892152,15,73.71875,778.25
1780761475.1892152,15,75.09375,773.25
1780761475.1892152,15,76.375,767.5
1780761475.1892152,15,77.78125,761.75
1780761475.1892152,15,79.171875,757.0
1780761475.1892152,15,80.46875,752.5
1780761475.1892152,15,81.859375,748.0
1780761475.1892152,15,83.15625,743.75
1780761475.1892152,15,84.375,740.25
1780761475.1892152,15,85.859375,738.0
1780761475.1892152,15,87.078125,737.25
1780761475.1892152,15,88.515625,735.5
1780761475.1892152,15,89.84375,734.25
1780761475.1892152,15,91.125,733.75
1780761475.1892152,15,92.453125,733.25
1780761475.1892152,15,93.890625,734.25
1780761475.1892152,15,95.203125,733.5
1780761475.1892152,15,96.5625,733.75
1780761475.1892152,15,97.90625,735.75
1780761475.1892152,15,99.296875,736.75
1780761475.1892152,15,100.5625,738.5
1780761475.1892152,15,101.9375,741.5
1780761475.1892152,15,103.28125,743.5
1780761475.1892152,15,104.5,747.25
1780761475.1892152,15,105.890625,752.25
1780761475.1892152,15,107.21875,756.0
1780761475.1892152,15,108.578125,760.0
1780761475.1892152,15,109.859375,765.5
1780761475.1892152,15,111.296875,771.0
1780761475.1892152,15,112.59375,776.0
1780761475.1892152,15,113.90625,782.5
1780761475.1892152,15,115.203125,789.5
1780761475.1892152,15,116.59375,797.5
1780761475.1892152,15,117.90625,807.0
1780761475.1892152,15,119.15625,814.25
1780761475.1892152,15,120.484375,823.25
1780761475.1892152,15,121.828125,834.75
1780761475.1892152,15,123.109375,846.25
1780761475.1892152,15,124.46875,857.75
1780761475.1892152,15,125.75,870.0
1780761475.1892152,15,127.015625,882.75
1780761475.1892152,15,128.375,896.5
1780761475.1892152,15,129.640625,911.25
1780761475.1892152,15,131.078125,924.75
1780761475.1892152,11,132.359375,940.5
1780761475.1892152,15,133.6875,957.5
1780761475.1892152,15,135.0,974.75
1780761475.1892152,15,136.3125,993.75
1780761475.1892152,15,137.65625,1010.0
1780761475.1892152,15,138.921875,1031.5
1780761475.1892152,15,140.1875,1059.5
1780761475.1892152,15,143.1875,896.5
1780761475.1892152,15,144.515625,892.25
1780761475.1892152,15,145.828125,909.5
1780761475.1892152,15,150.65625,1326.5
1780761475.1892152,15,153.328125,1433.25
1780761475.1892152,15,167.671875,2275.25
1780761475.1892152,15,168.984375,2275.25
1780761475.1892152,15,170.328125,2294.25
1780761475.1892152,15,171.65625,2293.25
1780761475.1892152,15,191.78125,2293.0
1780761475.1892152,15,193.109375,2293.5
1780761475.1892152,15,206.015625,1048.25
1780761475.1892152,15,207.390625,1047.75
1780761475.1892152,15,208.6875,1045.0
1780761475.1892152,15,210.078125,1043.0
1780761475.1892152,15,211.40625,1042.75
1780761475.1892152,15,212.8125,1041.75
1780761475.1892152,15,214.078125,1041.5
1780761475.1892152,15,215.5,1041.5
1780761475.1892152,15,216.78125,1041.5
1780761475.1892152,15,237.78125,1723.5
1780761475.1892152,15,240.4375,1674.25
1780761475.1892152,15,241.84375,1630.25
1780761475.1892152,15,247.46875,593.5
1780761475.1892152,15,248.828125,587.5
1780761475.1892152,15,250.078125,593.25
1780761475.1892152,15,251.5,598.75
1780761475.1892152,15,252.71875,605.5
1780761475.1892152,15,254.15625,613.0
1780761475.1892152,15,255.265625,620.25
1780761475.1892152,15,258.0625,1434.75
1780761475.1892152,8,259.4375,1426.75
1780761475.1892152,15,260.75,1411.75
1780761475.1892152,15,262.09375,1411.0
1780761475.1892152,15,263.46875,1410.75
1780761475.1892152,15,264.8125,1409.75
1780761475.1892152,15,266.203125,1398.0
1780761475.1892152,15,267.53125,1387.5
1780761475.1892152,15,271.671875,591.0
1780761475.1892152,15,272.9375,589.25
1780761475.1892152,15,279.765625,1214.0
1780761475.1892152,15,281.078125,1192.75
1780761475.1892152,15,282.484375,1188.25
1780761475.1892152,15,283.78125,1193.5
1780761475.1892152,15,285.125,1204.0
1780761475.1892152,15,286.46875,1207.0
1780761475.1892152,15,287.796875,1223.75
1780761475.1892152,15,292.953125,1471.25
1780761475.1892152,15,303.984375,1245.0
1780761475.1892152,15,317.578125,1052.5
1780761475.1892152,15,319.03125,1040.0
1780761475.1892152,15,320.375,1030.75
1780761475.1892152,15,321.65625,1021.75
1780761475.1892152,15,323.03125,1025.75
1780761475.1892152,15,328.25,1244.25
1780761475.1892152,15,329.578125,1232.0
1780761475.1892152,15,330.96875,1214.75
1780761475.1892152,15,332.375,1202.25
1780761475.1892152,15,333.6875,1184.75
1780761475.1892152,12,335.0,1168.75
1780761475.1892152,15,338.484375,768.5
1780761475.1892152,15,339.703125,772.25
1780761475.1892152,15,341.09375,784.5
1780761475.1892152,15,342.375,784.75
1780761475.1892152,15,343.765625,775.5
1780761475.1892152,15,345.21875,775.0
1780761475.1892152,15,346.4375,776.0
1780761475.1892152,15,347.953125,766.25
1780761475.1892152,15,349.203125,754.0
1780761475.1892152,15,350.515625,745.0
1780761475.1892152,15,351.921875,740.5
1780761475.3268874,15,353.3125,737.75
1780761475.3268874,15,354.625,736.75
1780761475.3268874,15,355.984375,738.5
1780761475.3268874,15,357.28125,741.25
1780761475.3268874,15,358.625,737.5
1780761475.3268874,15,0.046875,727.0
1780761475.3268874,15,1.484375,730.25
1780761475.3268874,15,2.84375,736.75
1780761475.3268874,15,4.15625,730.0
1780761475.3268874,15,5.390625,727.5
1780761475.3268874,15,6.859375,731.5
1780761475.3268874,15,8.03125,737.25
1780761475.3268874,15,9.484375,735.25
1780761475.3268874,15,10.875,732.25
1780761475.3268874,15,12.234375,738.25
1780761475.3268874,15,13.453125,741.75
1780761475.3268874,15,14.796875,744.5
1780761475.3268874,15,16.234375,746.25
1780761475.3268874,15,17.578125,750.25
1780761475.3268874,15,18.859375,755.5
1780761475.3268874,15,20.28125,756.0
1780761475.3268874,15,21.65625,755.0
1780761475.3268874,15,22.953125,762.5
1780761475.3268874,15,24.1875,777.25
1780761475.3268874,15,25.609375,772.75
1780761475.3268874,15,26.890625,765.75
1780761475.3268874,15,28.234375,775.5
1780761475.3268874,15,29.578125,794.25
1780761475.3268874,15,30.828125,819.5
1780761475.3268874,15,38.046875,1795.75
1780761475.3268874,15,42.671875,1100.0
1780761475.3268874,15,44.0,1103.25
1780761475.3268874,15,47.84375,1251.5
1780761475.3268874,15,49.203125,1246.0
1780761475.3268874,15,55.921875,1333.0
1780761475.3268874,15,61.828125,861.0
1780761475.3268874,15,63.140625,848.25
1780761475.3268874,15,64.59375,835.5
1780761475.3268874,15,65.953125,822.75
1780761475.3268874,15,67.375,814.0
1780761475.3268874,15,68.734375,806.5
1780761475.3268874,15,70.015625,797.25
1780761475.3268874,15,71.4375,788.5
1780761475.3268874,15,72.703125,781.75
1780761475.3268874,15,74.171875,775.5
1780761475.3268874,15,75.59375,768.25
1780761475.3268874,15,76.9375,762.0
1780761475.3268874,15,78.28125,757.75
1780761475.3268874,15,79.546875,753.25
1780761475.3268874,15,81.0,748.25
1780761475.3268874,15,82.328125,744.5
1780761475.3268874,15,83.6875,740.75
1780761475.3268874,15,85.0,737.5
1780761475.3268874,15,86.296875,735.0
1780761475.3268874,15,87.65625,735.0
1780761475.3268874,15,89.015625,734.25
1780761475.3268874,15,90.40625,732.25
1780761475.3268874,15,91.6875,732.75
1780761475.3268874,15,92.96875,732.25
1780761475.3268874,15,94.421875,732.5
1780761475.3268874,15,95.796875,733.0
1780761475.3268874,15,97.0625,733.75
1780761475.3268874,15,98.4375,734.75
1780761475.3268874,15,99.65625,735.25
1780761475.3268874,15,101.125,738.75
1780761475.3268874,15,102.46875,741.75
1780761475.3268874,15,103.71875,743.75
1780761475.3268874,15,105.140625,746.5
1780761475.3268874,15,106.40625,750.25
1780761475.3268874,15,107.71875,755.0
1780761475.3268874,15,109.171875,759.5
1780761475.3268874,15,110.515625,765.0
1780761475.3268874,15,111.734375,771.25
1780761475.3268874,15,113.03125,778.25
1780761475.3268874,15,114.359375,785.5
1780761475.3268874,15,115.703125,791.0
1780761475.3268874,15,117.09375,798.0
1780761475.3268874,15,118.34375,807.25
1780761475.3268874,15,119.6875,815.5
1780761475.3268874,15,121.046875,826.0
1780761475.3268874,15,122.4375,837.25
1780761475.3268874,15,123.65625,848.5
1780761475.3268874,15,124.96875,859.5
1780761475.3268874,15,126.265625,871.25
1780761475.3268874,15,127.71875,884.75
1780761475.3268874,15,129.015625,899.0
1780761475.3268874,15,130.3125,913.0
1780761475.3268874,15,131.59375,926.25
1780761475.3268874,13,132.890625,944.25
1780761475.3268874,15,134.203125,963.75
1780761475.3268874,15,135.484375,980.0
1780761475.3268874,10,136.828125,997.75
1780761475.3268874,15,138.109375,1016.75
1780761475.3268874,15,141.09375,877.25
1780761475.3268874,15,142.484375,860.75
1780761475.3268874,15,143.71875,864.5
1780761475.3268874,15,146.421875,920.5
1780761475.3268874,15,162.953125,2111.0
1780761475.3268874,15,164.3125,2093.25
1780761475.3268874,15,166.953125,2272.5
1780761475.3268874,15,168.265625,2271.5
1780761475.3268874,15,169.609375,2292.0
1780761475.3268874,15,170.96875,2292.25
1780761475.3268874,15,192.53125,2293.25
1780761475.3268874,15,193.890625,2293.75
1780761475.3268874,15,206.796875,1027.5
1780761475.3268874,15,208.140625,1021.75
1780761475.3268874,15,209.421875,1017.5
1780761475.3268874,15,210.859375,1017.0
1780761475.3268874,15,212.1875,1019.5
1780761475.3268874,15,213.484375,1019.75
1780761475.3268874,15,214.890625,1017.0
1780761475.3268874,15,216.15625,1017.75
1780761475.3268874,15,217.5625,1020.75
1780761475.3268874,15,218.9375,1019.5
1780761475.3268874,15,234.390625,1795.75
1780761475.3268874,15,235.734375,1759.5
1780761475.3268874,15,237.09375,1733.25
1780761475.3268874,15,241.15625,1649.5
1780761475.3268874,15,243.84375,1592.0
1780761475.3268874,15,245.28125,1580.0
1780761475.3268874,15,250.84375,578.0
1780761475.3268874,15,252.109375,574.25
1780761475.3268874,15,253.546875,580.5
1780761475.3268874,15,254.78125,588.0
1780761475.3268874,15,256.0625,595.5
1780761475.3268874,15,257.390625,603.5
1780761475.3268874,15,258.859375,612.75
1780761475.3268874,15,261.5,1418.0
1780761475.3268874,15,262.796875,1410.75
1780761475.3268874,15,264.1875,1410.25
1780761475.3268874,15,265.484375,1409.5
1780761475.3268874,15,266.828125,1408.75
1780761475.3268874,15,268.234375,1396.75
1780761475.3268874,15,269.5625,1396.5
1780761475.3268874,15,270.921875,1396.75
1780761475.3268874,15,275.109375,595.0
1780761475.3268874,15,276.421875,591.5
1780761475.3268874,15,283.09375,1193.25
1780761475.3268874,15,284.46875,1196.5
1780761475.3268874,15,285.78125,1198.25
1780761475.3268874,15,287.09375,1203.75
1780761475.3268874,15,288.421875,1223.5
1780761475.3268874,15,289.765625,1240.75
1780761475.3268874,3,291.0625,1254.75
1780761475.3268874,15,297.65625,1417.25
1780761475.3268874,15,304.578125,1256.75
1780761475.3268874,15,307.21875,1320.0
1780761475.3268874,15,319.546875,1089.25
1780761475.3268874,15,321.0,1065.0
1780761475.3268874,15,322.328125,1048.75
1780761475.3268874,15,323.609375,1051.25
1780761475.3268874,15,328.8125,1271.0
1780761475.3268874,9,330.15625,1260.0
1780761475.3268874,15,331.5,1244.0
1780761475.3268874,15,332.875,1231.5
1780761475.3268874,15,334.28125,1214.5
1780761475.3268874,15,335.5625,1202.75
1780761475.3268874,15,338.9375,807.5
1780761475.3268874,15,340.140625,805.0
1780761475.3268874,15,341.546875,813.75
1780761475.3268874,15,342.859375,816.25
1780761475.3268874,15,344.296875,807.75
1780761475.3268874,15,345.671875,804.5
1780761475.3268874,15,346.953125,814.0
1780761475.3268874,15,348.125,811.75
1780761475.3268874,15,349.546875,805.5
1780761475.464896,15,352.359375,778.5
1780761475.464896,15,353.703125,772.75
1780761475.464896,15,355.0,771.5
1780761475.464896,15,356.28125,774.75
1780761475.464896,15,357.703125,776.5
1780761475.464896,15,358.984375,770.5
1780761475.464896,15,0.28125,768.75
1780761475.464896,15,1.703125,769.5
1780761475.464896,15,3.0625,766.75
1780761475.464896,15,4.453125,765.25
1780761475.464896,15,5.703125,762.75
1780761475.464896,15,6.984375,764.75
1780761475.464896,15,8.328125,767.0
1780761475.464896,15,9.734375,770.75
1780761475.464896,15,11.0625,773.25
1780761475.464896,15,12.390625,773.25
1780761475.464896,15,13.796875,775.5
1780761475.464896,15,15.015625,778.25
1780761475.464896,15,16.359375,782.75
1780761475.464896,15,17.625,788.0
1780761475.464896,15,19.078125,790.5
1780761475.464896,15,20.328125,787.75
1780761475.464896,15,21.734375,795.0
1780761475.464896,15,23.0625,810.5
1780761475.464896,15,24.390625,804.0
1780761475.464896,15,25.734375,794.0
1780761475.464896,15,26.953125,801.25
1780761475.464896,15,28.28125,819.75
1780761475.464896,15,41.3125,1123.75
1780761475.464896,15,42.625,1124.5
1780761475.464896,15,46.515625,1281.75
1780761475.464896,15,47.78125,1272.25
1780761475.464896,15,51.71875,1401.25
1780761475.464896,15,53.109375,1392.25
1780761475.464896,15,54.421875,1376.75
1780761475.464896,15,60.453125,869.75
1780761475.464896,15,61.71875,858.25
1780761475.464896,15,63.171875,846.5
1780761475.464896,15,64.5625,833.75
1780761475.464896,15,65.9375,822.0
1780761475.464896,15,67.234375,813.0
1780761475.464896,15,68.609375,805.25
1780761475.464896,15,69.890625,795.75
1780761475.464896,15,71.296875,787.25
1780761475.464896,15,72.671875,779.25
1780761475.464896,15,74.0,773.0
1780761475.464896,15,75.3125,766.75
1780761475.464896,15,76.671875,761.25
1780761475.464896,15,78.109375,756.5
1780761475.464896,15,79.453125,752.25
1780761475.464896,15,80.890625,747.0
1780761475.464896,15,82.21875,743.0
1780761475.464896,15,83.578125,739.0
1780761475.464896,15,84.875,736.25
1780761475.464896,15,86.21875,735.75
1780761475.464896,15,87.625,733.5
1780761475.464896,15,88.984375,731.75
1780761475.464896,15,90.34375,731.25
1780761475.464896,15,91.609375,730.25
1780761475.464896,15,92.953125,729.75
1780761475.464896,15,94.265625,729.75
1780761475.464896,15,95.625,731.0
1780761475.464896,15,96.953125,732.25
1780761475.464896,15,98.28125,733.0
1780761475.464896,15,99.625,734.5
1780761475.464896,15,100.875,736.75
1780761475.464896,15,102.296875,738.75
1780761475.464896,15,103.640625,740.5
1780761475.464896,15,105.0,744.0
1780761475.464896,15,106.234375,749.25
1780761475.464896,15,107.671875,754.0
1780761475.464896,15,108.875,757.5
1780761475.464896,15,110.265625,762.25
1780761475.464896,15,111.578125,768.5
1780761475.464896,15,112.84375,775.25
1780761475.464896,15,114.203125,782.0
1780761475.464896,15,115.59375,788.5
1780761475.464896,15,116.953125,796.0
1780761475.464896,15,118.125,805.0
1780761475.464896,15,119.484375,812.75
1780761475.464896,15,120.90625,821.75
1780761475.464896,15,122.109375,832.5
1780761475.464896,15,123.53125,844.75
1780761475.464896,15,124.75,857.5
1780761475.464896,15,126.109375,869.0
1780761475.464896,15,127.390625,881.25
1780761475.464896,15,128.703125,894.75
1780761475.464896,15,130.03125,910.25
1780761475.464896,15,131.390625,924.25
1780761475.464896,15,132.546875,938.0
1780761475.464896,15,133.859375,954.75
1780761475.464896,15,135.203125,971.0
1780761475.464896,15,136.546875,990.5
1780761475.464896,15,139.4375,851.25
1780761475.464896,15,140.765625,832.25
1780761475.464896,15,142.125,833.5
1780761475.464896,15,143.40625,857.75
1780761475.464896,15,150.875,1319.75
1780761475.464896,15,153.46875,1433.5
1780761475.464896,15,157.34375,1594.25
1780761475.464896,15,163.8125,2090.25
1780761475.464896,15,169.078125,2252.75
1780761475.464896,15,170.4375,2254.5
1780761475.464896,15,193.21875,2255.0
1780761475.464896,15,194.578125,2255.75
1780761475.464896,15,208.78125,997.0
1780761475.464896,15,210.171875,994.5
1780761475.464896,15,211.4375,993.75
1780761475.464896,15,212.765625,993.0
1780761475.464896,15,214.15625,991.75
1780761475.464896,15,215.546875,991.75
1780761475.464896,15,216.890625,991.75
1780761475.464896,15,218.203125,992.75
1780761475.464896,15,219.46875,995.5
1780761475.464896,15,233.515625,1832.25
1780761475.464896,15,236.25,1747.25
1780761475.464896,3,237.578125,1722.0
1780761475.464896,15,240.265625,1673.75
1780761475.464896,15,241.6875,1630.25
1780761475.464896,15,242.96875,1601.0
1780761475.464896,15,244.34375,1590.25
1780761475.464896,15,245.734375,1570.0
1780761475.464896,15,247.0,1549.75
1780761475.464896,15,248.375,1539.75
1780761475.464896,15,254.125,565.5
1780761475.464896,15,255.40625,560.75
1780761475.464896,15,256.546875,568.75
1780761475.464896,15,257.890625,577.5
1780761475.464896,15,259.3125,586.0
1780761475.464896,15,260.65625,596.25
1780761475.464896,15,261.8125,605.5
1780761475.464896,15,264.484375,1416.5
1780761475.464896,15,265.890625,1400.5
1780761475.464896,15,267.1875,1399.75
1780761475.464896,15,268.546875,1399.0
1780761475.464896,15,269.859375,1398.75
1780761475.464896,15,271.15625,1408.5
1780761475.464896,15,272.484375,1408.5
1780761475.464896,15,273.890625,1397.5
1780761475.464896,15,278.078125,601.0
1780761475.464896,15,279.234375,597.0
1780761475.464896,12,280.6875,604.75
1780761475.464896,15,283.453125,1197.75
1780761475.464896,15,284.734375,1197.5
1780761475.464896,15,286.078125,1201.25
1780761475.464896,9,287.421875,1206.5
1780761475.464896,15,288.765625,1216.0
1780761475.464896,15,290.109375,1233.5
1780761475.464896,4,291.375,1255.25
1780761475.464896,15,296.546875,1530.0
1780761475.464896,15,299.34375,1426.75
1780761475.464896,15,304.78125,1275.25
1780761475.464896,15,306.140625,1301.0
1780761475.464896,15,307.421875,1319.75
1780761475.464896,15,319.71875,1121.75
1780761475.464896,15,321.046875,1112.0
1780761475.464896,15,322.390625,1094.0
1780761475.464896,7,323.8125,1079.25
1780761475.464896,4,325.171875,1088.5
1780761475.464896,15,330.28125,1291.5
1780761475.464896,15,331.609375,1278.25
1780761475.464896,8,332.984375,1259.75
1780761475.464896,15,334.3125,1244.0
1780761475.464896,15,335.71875,1232.75
1780761475.464896,15,340.296875,834.75
1780761475.464896,15,341.546875,842.75
1780761475.464896,15,342.875,852.5
1780761475.464896,15,344.34375,849.0
1780761475.464896,15,345.59375,845.25
1780761475.464896,15,346.984375,852.25
1780761475.464896,15,349.734375,840.75
1780761475.6019273,15,352.46875,807.75
1780761475.6019273,15,353.828125,806.75
1780761475.6019273,15,355.265625,807.75
1780761475.6019273,15,356.484375,810.25
1780761475.6019273,15,357.859375,810.0
1780761475.6019273,15,359.15625,806.75
1780761475.6019273,15,0.59375,801.5
1780761475.6019273,15,1.859375,798.5
1780761475.6019273,15,3.265625,800.5
1780761475.6019273,15,4.609375,803.5
1780761475.6019273,15,5.890625,803.75
1780761475.6019273,15,7.203125,806.0
1780761475.6019273,15,8.625,809.25
1780761475.6019273,15,10.046875,807.5
1780761475.6019273,15,11.28125,806.75
1780761475.6019273,15,12.640625,811.0
1780761475.6019273,15,13.984375,813.75
1780761475.6019273,15,15.359375,817.5
1780761475.6019273,15,16.78125,821.5
1780761475.6019273,15,18.109375,824.0
1780761475.6019273,15,19.375,822.75
1780761475.6019273,15,20.625,827.0
1780761475.6019273,15,21.953125,846.5
1780761475.6019273,15,24.703125,830.25
1780761475.6019273,15,26.109375,838.25
1780761475.6019273,15,28.703125,893.5
1780761475.6019273,15,29.9375,921.75
1780761475.6019273,15,40.4375,1151.75
1780761475.6019273,15,45.671875,1298.0
1780761475.6019273,15,46.96875,1291.0
1780761475.6019273,15,52.234375,1415.25
1780761475.6019273,15,58.21875,890.75
1780761475.6019273,15,59.640625,876.25
1780761475.6019273,15,61.046875,863.25
1780761475.6019273,15,62.34375,852.0
1780761475.6019273,15,63.75,837.5
1780761475.6019273,15,65.09375,824.5
1780761475.6019273,15,66.515625,815.5
1780761475.6019273,15,67.75,808.5
1780761475.6019273,15,69.109375,798.75
1780761475.6019273,15,70.578125,789.25
1780761475.6019273,15,71.875,782.25
1780761475.6019273,15,73.3125,775.5
1780761475.6019273,15,74.671875,769.75
1780761475.6019273,15,76.0625,763.0
1780761475.6019273,15,77.28125,756.25
1780761475.6019273,15,78.65625,752.0
1780761475.6019273,15,79.984375,748.25
1780761475.6019273,15,81.484375,744.0
1780761475.6019273,15,82.6875,740.75
1780761475.6019273,15,84.1875,738.25
1780761475.6019273,15,85.421875,735.75
1780761475.6019273,15,86.84375,734.0
1780761475.6019273,15,88.09375,732.75
1780761475.6019273,15,89.5625,731.25
1780761475.6019273,15,90.84375,730.5
1780761475.6019273,15,92.28125,729.5
1780761475.6019273,15,93.578125,728.75
1780761475.6019273,15,95.0,729.5
1780761475.6019273,15,96.328125,730.0
1780761475.6019273,15,97.578125,731.0
1780761475.6019273,15,99.0,732.5
1780761475.6019273,15,100.34375,734.75
1780761475.6019273,15,101.578125,737.75
1780761475.6019273,15,102.96875,739.5
1780761475.6019273,15,104.25,741.5
1780761475.6019273,15,105.53125,745.5
1780761475.6019273,15,107.046875,750.25
1780761475.6019273,15,108.25,754.75
1780761475.6019273,15,109.5,759.75
1780761475.6019273,15,110.84375,765.5
1780761475.6019273,15,112.203125,771.75
1780761475.6019273,15,113.546875,777.0
1780761475.6019273,15,114.921875,783.0
1780761475.6019273,15,116.1875,790.25
1780761475.6019273,15,117.53125,799.75
1780761475.6019273,15,118.75,809.25
1780761475.6019273,15,120.21875,816.0
1780761475.6019273,15,121.515625,826.75
1780761475.6019273,15,122.828125,840.0
1780761475.6019273,15,124.078125,850.75
1780761475.6019273,15,125.359375,861.0
1780761475.6019273,15,126.796875,873.0
1780761475.6019273,15,128.109375,886.75
1780761475.6019273,15,129.40625,901.0
1780761475.6019273,15,130.671875,914.75
1780761475.6019273,15,131.875,929.5
1780761475.6019273,15,133.171875,947.0
1780761475.6019273,15,134.515625,964.75
1780761475.6019273,15,137.484375,824.75
1780761475.6019273,15,138.953125,807.5
1780761475.6019273,15,140.1875,805.25
1780761475.6019273,15,141.4375,825.25
1780761475.6019273,15,142.71875,850.25
1780761475.6019273,15,144.0625,877.25
1780761475.6019273,15,161.9375,2031.75
1780761475.6019273,15,163.265625,2028.75
1780761475.6019273,15,169.921875,2253.5
1780761475.6019273,15,171.234375,2273.25
1780761475.6019273,15,192.765625,2272.75
1780761475.6019273,15,194.109375,2253.0
1780761475.6019273,15,208.328125,963.5
1780761475.6019273,15,209.703125,969.0
1780761475.6019273,15,211.0,968.75
1780761475.6019273,15,212.359375,966.75
1780761475.6019273,15,213.796875,964.75
1780761475.6019273,15,215.125,964.5
1780761475.6019273,15,216.4375,964.0
1780761475.6019273,15,217.828125,964.5
1780761475.6019273,15,219.078125,966.25
1780761475.6019273,15,220.40625,968.5
1780761475.6019273,15,233.140625,1832.75
1780761475.6019273,15,234.53125,1795.75
1780761475.6019273,15,235.890625,1759.5
1780761475.6019273,15,237.25,1733.25
1780761475.6019273,15,241.3125,1639.75
1780761475.6019273,15,242.703125,1611.25
1780761475.6019273,15,244.015625,1591.25
1780761475.6019273,15,245.40625,1580.0
1780761475.6019273,15,246.765625,1559.75
1780761475.6019273,15,248.109375,1539.75
1780761475.6019273,15,249.421875,1530.5
1780761475.6019273,7,250.8125,1513.0
1780761475.6019273,15,257.859375,553.5
1780761475.6019273,15,259.140625,553.75
1780761475.6019273,15,260.40625,562.0
1780761475.6019273,15,261.859375,572.0
1780761475.6019273,15,263.171875,582.0
1780761475.6019273,15,264.34375,593.0
1780761475.6019273,15,268.375,1409.0
1780761475.6019273,15,269.765625,1398.0
1780761475.6019273,15,271.03125,1397.75
1780761475.6019273,15,272.375,1408.5
1780761475.6019273,15,273.75,1396.5
1780761475.6019273,15,275.078125,1385.75
1780761475.6019273,15,276.40625,1397.5
1780761475.6019273,15,281.75,602.25
1780761475.6019273,15,283.25,602.0
1780761475.6019273,15,287.34375,1207.25
1780761475.6019273,15,288.671875,1211.5
1780761475.6019273,15,290.0,1228.75
1780761475.6019273,15,300.546875,1427.0
1780761475.6019273,15,306.046875,1319.75
1780761475.6019273,15,307.375,1325.75
1780761475.6019273,15,322.375,1134.75
1780761475.6019273,15,323.765625,1116.75
1780761475.6019273,15,325.015625,1113.25
1780761475.6019273,15,326.328125,1121.5
1780761475.6019273,15,331.515625,1338.75
1780761475.6019273,15,334.265625,1270.0
1780761475.6019273,15,335.703125,1264.0
1780761475.6019273,8,336.96875,1246.0
1780761475.6019273,15,341.46875,874.5
1780761475.6019273,15,342.8125,882.75
1780761475.6019273,15,344.265625,887.5
1780761475.6019273,15,345.53125,881.5
1780761475.6019273,15,346.96875,881.0
1780761475.6019273,15,348.25,880.75
1780761475.6019273,15,349.671875,881.0
1780761475.6019273,15,351.046875,871.0
1780761475.7399044,15,352.484375,851.0
1780761475.7399044,15,353.703125,847.0
1780761475.7399044,15,355.171875,847.75
1780761475.7399044,15,356.4375,846.0
1780761475.7399044,15,357.734375,849.5
1780761475.7399044,15,359.15625,847.5
1780761475.7399044,15,0.46875,844.0
1780761475.7399044,15,1.859375,840.5
1780761475.7399044,15,3.25,837.5
1780761475.7399044,15,4.546875,838.25
1780761475.7399044,15,5.859375,841.0
1780761475.7399044,15,7.203125,845.0
1780761475.7399044,15,8.609375,845.25
1780761475.7399044,15,9.875,846.75
1780761475.7399044,15,11.28125,847.5
1780761475.7399044,15,12.546875,850.25
1780761475.7399044,15,13.890625,852.75
1780761475.7399044,15,15.171875,856.0
1780761475.7399044,15,16.46875,862.25
1780761475.7399044,15,17.890625,861.0
1780761475.7399044,15,19.203125,858.5
1780761475.7399044,15,20.5,872.25
1780761475.7399044,15,21.890625,877.5
1780761475.7399044,15,23.21875,869.75
1780761475.7399044,15,24.53125,874.5
1780761475.7399044,15,25.875,890.25
1780761475.7399044,15,27.15625,912.25
1780761475.7399044,15,28.421875,938.75
1780761475.7399044,15,38.953125,1176.5
1780761475.7399044,10,40.28125,1183.5
1780761475.7399044,15,44.265625,1328.5
1780761475.7399044,15,45.59375,1317.25
1780761475.7399044,15,49.5,1435.0
1780761475.7399044,15,56.859375,903.25
1780761475.7399044,15,58.203125,888.5
1780761475.7399044,15,59.671875,874.0
1780761475.7399044,15,60.921875,862.5
1780761475.7399044,15,62.28125,851.0
1780761475.7399044,15,63.71875,837.0
1780761475.7399044,15,65.0625,824.0
1780761475.7399044,15,66.515625,815.0
1780761475.7399044,15,67.90625,805.75
1780761475.7399044,15,69.265625,796.25
1780761475.7399044,15,70.5625,788.75
1780761475.7399044,15,71.9375,781.75
1780761475.7399044,15,73.265625,775.0
1780761475.7399044,15,74.625,769.0
1780761475.7399044,15,76.0625,762.5
1780761475.7399044,15,77.3125,756.0
1780761475.7399044,15,78.734375,751.0
1780761475.7399044,15,80.15625,747.0
1780761475.7399044,15,81.4375,743.25
1780761475.7399044,15,82.859375,740.0
1780761475.7399044,15,84.0625,737.75
1780761475.7399044,15,85.40625,735.25
1780761475.7399044,15,86.75,733.5
1780761475.7399044,15,88.09375,732.0
1780761475.7399044,15,89.4375,730.5
1780761475.7399044,15,90.796875,728.25
1780761475.7399044,15,92.265625,727.25
1780761475.7399044,15,93.609375,726.5
1780761475.7399044,15,94.90625,727.5
1780761475.7399044,15,96.296875,729.5
1780761475.7399044,15,97.640625,730.25
1780761475.7399044,15,98.84375,732.0
1780761475.7399044,15,100.265625,734.25
1780761475.7399044,15,101.546875,736.0
1780761475.7399044,15,102.953125,738.0
1780761475.7399044,15,104.21875,741.0
1780761475.7399044,15,105.625,743.75
1780761475.7399044,15,106.84375,748.5
1780761475.7399044,15,108.203125,754.0
1780761475.7399044,15,109.578125,759.0
1780761475.7399044,15,110.890625,764.75
1780761475.7399044,15,112.203125,771.0
1780761475.7399044,15,113.5,776.5
1780761475.7399044,15,114.765625,782.75
1780761475.7399044,15,116.140625,789.75
1780761475.7399044,15,117.5,797.75
1780761475.7399044,15,118.734375,807.25
1780761475.7399044,15,120.109375,814.5
1780761475.7399044,15,121.453125,823.5
1780761475.7399044,15,122.71875,835.25
1780761475.7399044,15,124.140625,848.0
1780761475.7399044,15,125.453125,860.5
1780761475.7399044,15,126.671875,872.5
1780761475.7399044,15,127.96875,886.5
1780761475.7399044,15,129.375,900.75
1780761475.7399044,15,130.625,914.25
1780761475.7399044,15,132.0,926.75
1780761475.7399044,12,133.28125,944.25
1780761475.7399044,15,136.34375,790.75
1780761475.7399044,15,137.578125,778.0
1780761475.7399044,15,138.890625,785.0
1780761475.7399044,15,140.265625,805.25
1780761475.7399044,15,141.578125,826.5
1780761475.7399044,15,142.78125,851.75
1780761475.7399044,15,147.6875,1225.0
1780761475.7399044,15,148.9375,1255.25
1780761475.7399044,15,160.71875,2013.25
1780761475.7399044,15,162.0625,1999.0
1780761475.7399044,9,170.09375,2243.75
1780761475.7399044,15,179.59375,1819.75
1780761475.7399044,15,180.9375,1819.75
1780761475.7399044,15,184.953125,1819.75
1780761475.7399044,15,187.640625,1819.75
1780761475.7399044,15,209.90625,946.0
1780761475.7399044,15,211.359375,934.5
1780761475.7399044,15,212.65625,934.25
1780761475.7399044,15,214.015625,933.5
1780761475.7399044,15,215.328125,934.0
1780761475.7399044,15,216.671875,932.5
1780761475.7399044,15,217.984375,932.5
1780761475.7399044,15,219.359375,935.75
1780761475.7399044,15,220.6875,939.75
1780761475.7399044,15,222.0625,940.5
1780761475.7399044,15,234.6875,1795.75
1780761475.7399044,15,236.03125,1759.5
1780761475.7399044,15,237.390625,1733.25
1780761475.7399044,15,241.453125,1639.5
1780761475.7399044,15,242.84375,1611.75
1780761475.7399044,15,244.140625,1591.75
1780761475.7399044,15,245.515625,1580.0
1780761475.7399044,15,246.84375,1559.75
1780761475.7399044,15,248.203125,1540.0
1780761475.7399044,7,249.59375,1530.25
1780761475.7399044,15,253.65625,1482.5
1780761475.7399044,15,262.1875,545.25
1780761475.7399044,15,263.3125,549.5
1780761475.7399044,15,264.734375,558.75
1780761475.7399044,15,265.875,570.0
1780761475.7399044,15,267.171875,581.75
1780761475.7399044,15,268.65625,595.75
1780761475.7399044,15,272.546875,1408.5
1780761475.7399044,15,273.90625,1397.25
1780761475.7399044,15,275.078125,1397.5
1780761475.7399044,15,276.421875,1399.5
1780761475.7399044,15,277.78125,1399.75
1780761475.7399044,15,284.421875,615.5
1780761475.7399044,15,285.78125,612.75
1780761475.7399044,15,287.0625,618.75
1780761475.7399044,15,289.984375,1216.75
1780761475.7399044,15,291.3125,1232.75
1780761475.7399044,15,295.1875,1320.0
1780761475.7399044,15,299.15625,1542.25
1780761475.7399044,15,301.90625,1442.75
1780761475.7399044,3,303.21875,1425.75
1780761475.7399044,15,307.34375,1332.5
1780761475.7399044,15,308.625,1339.25
1780761475.7399044,15,322.234375,1163.0
1780761475.7399044,15,323.65625,1147.75
1780761475.7399044,15,324.96875,1141.0
1780761475.7399044,15,326.359375,1140.75
1780761475.7399044,15,332.828125,1358.0
1780761475.7399044,15,334.265625,1343.5
1780761475.7399044,15,335.546875,1332.0
1780761475.7399044,15,338.265625,1281.5
1780761475.7399044,15,341.546875,909.75
1780761475.7399044,15,342.78125,907.0
1780761475.7399044,15,344.0625,920.25
1780761475.7399044,15,345.46875,918.25
1780761475.7399044,15,346.875,912.0
1780761475.7399044,15,348.125,915.0
1780761475.7399044,15,349.609375,911.0
1780761475.7399044,15,350.890625,897.0
1780761475.873983,15,352.28125,886.25
1780761475.873983,15,353.640625,885.0
1780761475.873983,15,354.953125,885.5
1780761475.873983,15,356.28125,884.5
1780761475.873983,15,357.609375,885.25
1780761475.873983,15,358.921875,884.5
1780761475.873983,15,0.28125,884.0
1780761475.873983,15,1.6875,881.75
1780761475.873983,15,3.09375,877.25
1780761475.873983,15,4.421875,878.75
1780761475.873983,15,5.765625,881.25
1780761475.873983,15,7.09375,882.5
1780761475.873983,15,8.453125,883.75
1780761475.873983,15,9.734375,882.0
1780761475.873983,15,11.046875,883.25
1780761475.873983,15,12.375,889.5
1780761475.873983,15,13.765625,889.75
1780761475.873983,15,15.109375,890.75
1780761475.873983,15,16.4375,895.0
1780761475.873983,15,17.75,893.0
1780761475.873983,15,19.109375,898.25
1780761475.873983,15,20.484375,913.75
1780761475.873983,15,21.75,910.5
1780761475.873983,15,23.203125,902.25
1780761475.873983,15,24.515625,910.25
1780761475.873983,15,27.046875,960.75
1780761475.873983,15,37.5,1209.75
1780761475.873983,15,38.8125,1206.25
1780761475.873983,15,44.140625,1347.0
1780761475.873983,15,52.671875,942.75
1780761475.873983,15,53.953125,934.5
1780761475.873983,15,55.359375,918.0
1780761475.873983,15,56.78125,903.75
1780761475.873983,15,58.140625,889.25
1780761475.873983,15,59.4375,874.5
1780761475.873983,15,60.90625,862.5
1780761475.873983,15,62.3125,849.0
1780761475.873983,15,63.71875,835.0
1780761475.873983,15,65.078125,822.75
1780761475.873983,15,66.40625,813.75
1780761475.873983,15,67.78125,805.25
1780761475.873983,15,69.078125,795.5
1780761475.873983,15,70.421875,786.75
1780761475.873983,15,71.90625,780.0
1780761475.873983,15,73.3125,773.75
1780761475.873983,15,74.625,767.75
1780761475.873983,15,75.984375,761.5
1780761475.873983,15,77.359375,755.5
1780761475.873983,15,78.765625,750.25
1780761475.873983,15,80.109375,746.0
1780761475.873983,15,81.328125,743.0
1780761475.873983,15,82.703125,740.0
1780761475.873983,15,84.015625,737.25
1780761475.873983,15,85.46875,734.5
1780761475.873983,15,86.65625,732.75
1780761475.873983,15,88.109375,730.75
1780761475.873983,15,89.46875,729.25
1780761475.873983,15,90.6875,728.0
1780761475.873983,15,92.03125,726.75
1780761475.873983,15,93.546875,726.5
1780761475.873983,15,94.796875,727.25
1780761475.873983,15,96.046875,728.5
1780761475.873983,15,97.484375,729.5
1780761475.873983,15,98.78125,730.5
1780761475.873983,15,100.1875,731.25
1780761475.873983,15,101.546875,734.25
1780761475.873983,15,102.75,736.5
1780761475.873983,15,104.1875,739.5
1780761475.873983,15,105.515625,743.25
1780761475.873983,15,106.78125,748.0
1780761475.873983,15,108.109375,753.25
1780761475.873983,15,109.421875,758.0
1780761475.873983,15,110.8125,762.0
1780761475.873983,15,112.1875,767.5
1780761475.873983,15,113.375,774.75
1780761475.873983,15,114.703125,780.75
1780761475.873983,15,116.015625,788.0
1780761475.873983,15,117.328125,796.75
1780761475.873983,15,118.796875,804.5
1780761475.873983,15,120.0625,812.5
1780761475.873983,15,121.3125,823.25
1780761475.873983,15,122.71875,834.75
1780761475.873983,15,124.015625,846.25
1780761475.873983,15,125.234375,858.75
1780761475.873983,15,126.640625,870.5
1780761475.873983,15,127.90625,882.25
1780761475.873983,15,129.21875,896.75
1780761475.873983,15,130.5625,912.5
1780761475.873983,15,131.796875,927.0
1780761475.873983,15,134.90625,757.25
1780761475.873983,15,136.21875,751.5
1780761475.873983,15,137.578125,763.5
1780761475.873983,15,138.8125,783.5
1780761475.873983,15,140.046875,804.0
1780761475.873983,15,141.40625,826.0
1780761475.873983,15,147.53125,1224.75
1780761475.873983,15,148.84375,1255.0
1780761475.873983,15,179.40625,1795.75
1780761475.873983,15,180.75,1795.5
1780761475.873983,15,182.09375,1795.5
1780761475.873983,15,184.796875,1783.5
1780761475.873983,15,187.421875,1795.75
1780761475.873983,15,188.78125,1819.75
1780761475.873983,15,211.140625,920.25
1780761475.873983,15,212.5,908.5
1780761475.873983,15,213.875,907.5
1780761475.873983,15,215.15625,906.75
1780761475.873983,15,216.4375,907.75
1780761475.873983,15,217.828125,908.5
1780761475.873983,15,219.1875,911.5
1780761475.873983,15,220.5,915.75
1780761475.873983,15,221.90625,916.75
1780761475.873983,15,223.234375,917.5
1780761475.873983,15,224.546875,921.0
1780761475.873983,15,235.9375,1759.5
1780761475.873983,15,237.296875,1733.25
1780761475.873983,15,241.375,1639.5
1780761475.873983,15,242.75,1619.75
1780761475.873983,15,244.109375,1599.75
1780761475.873983,15,245.46875,1580.0
1780761475.873983,15,246.8125,1559.75
1780761475.873983,15,248.140625,1540.25
1780761475.873983,15,249.53125,1530.5
1780761475.873983,7,250.890625,1528.75
1780761475.873983,15,252.21875,1506.0
1780761475.873983,15,253.59375,1480.25
1780761475.873983,15,254.984375,1467.75
1780761475.873983,15,256.265625,1458.0
1780761475.873983,15,257.625,1456.75
1780761475.873983,15,264.6875,546.75
1780761475.873983,15,266.015625,540.25
1780761475.873983,15,267.328125,546.75
1780761475.873983,15,268.734375,557.25
1780761475.873983,15,269.90625,569.5
1780761475.873983,15,271.203125,583.5
1780761475.873983,15,272.390625,598.75
1780761475.873983,15,275.0625,1408.5
1780761475.873983,15,276.390625,1409.0
1780761475.873983,15,277.734375,1409.25
1780761475.873983,15,279.125,1409.5
1780761475.873983,15,288.46875,624.5
1780761475.873983,15,289.765625,624.75
1780761475.873983,15,296.578125,1320.0
1780761475.873983,15,300.515625,1578.0
1780761475.873983,15,303.296875,1442.75
1780761475.873983,15,304.640625,1442.75
1780761475.873983,15,308.734375,1346.75
1780761475.873983,15,310.125,1333.75
1780761475.873983,15,323.75,1208.25
1780761475.873983,8,325.09375,1181.5
1780761475.873983,9,326.484375,1159.25
1780761475.873983,15,327.71875,1164.0
1780761475.873983,15,332.953125,1422.0
1780761475.873983,15,334.28125,1388.5
1780761475.873983,15,335.6875,1364.75
1780761475.873983,15,337.0,1352.75
1780761475.873983,15,338.359375,1338.75
1780761475.873983,15,342.875,945.5
1780761475.873983,15,344.15625,948.5
1780761475.873983,15,345.59375,955.75
1780761475.873983,15,346.984375,951.0
1780761475.873983,15,348.234375,946.0
1780761475.873983,15,349.453125,947.5
1780761475.873983,15,350.953125,944.0
1780761476.0113897,15,352.21875,930.5
1780761476.0113897,15,353.59375,920.0
1780761476.0113897,15,354.984375,918.75
1780761476.0113897,15,356.265625,918.75
1780761476.0113897,15,357.6875,915.25
1780761476.0113897,15,358.9375,913.25
1780761476.0113897,15,0.3125,918.0
1780761476.0113897,15,1.6875,913.25
1780761476.0113897,15,2.953125,907.25
1780761476.0113897,15,4.265625,910.0
1780761476.0113897,15,5.671875,913.0
1780761476.0113897,15,7.03125,916.5
1780761476.0113897,15,8.3125,914.75
1780761476.0113897,15,9.6875,914.75
1780761476.0113897,15,10.96875,919.0
1780761476.0113897,15,12.3125,923.25
1780761476.0113897,15,13.671875,924.0
1780761476.0113897,15,14.96875,924.25
1780761476.0113897,15,16.296875,926.5
1780761476.0113897,15,17.625,929.5
1780761476.0113897,15,18.984375,938.0
1780761476.0113897,15,20.234375,944.5
1780761476.0113897,15,21.6875,938.25
1780761476.0113897,15,22.90625,936.75
1780761476.0113897,15,24.265625,956.5
1780761476.0113897,15,25.515625,981.0
1780761476.0113897,15,26.890625,1005.5
1780761476.0113897,15,37.40625,1233.75
1780761476.0113897,15,42.65625,1375.25
1780761476.0113897,15,55.34375,914.25
1780761476.0113897,15,56.609375,900.5
1780761476.0113897,15,57.984375,886.25
1780761476.0113897,15,59.46875,873.5
1780761476.0113897,15,60.875,861.75
1780761476.0113897,15,62.15625,848.5
1780761476.0113897,15,63.625,834.5
1780761476.0113897,15,64.953125,822.25
1780761476.0113897,15,66.296875,812.0
1780761476.0113897,15,67.625,803.75
1780761476.0113897,15,69.0,794.0
1780761476.0113897,15,70.390625,785.5
1780761476.0113897,15,71.75,778.75
1780761476.0113897,15,73.078125,772.5
1780761476.0113897,15,74.5625,766.25
1780761476.0113897,15,75.875,760.25
1780761476.0113897,15,77.234375,754.75
1780761476.0113897,15,78.625,749.25
1780761476.0113897,15,80.03125,744.5
1780761476.0113897,15,81.21875,740.0
1780761476.0113897,15,82.59375,737.0
1780761476.0113897,15,83.921875,735.5
1780761476.0113897,15,85.421875,733.75
1780761476.0113897,15,86.71875,730.75
1780761476.0113897,15,88.125,729.0
1780761476.0113897,15,89.40625,727.0
1780761476.0113897,15,90.671875,725.75
1780761476.0113897,15,92.03125,725.25
1780761476.0113897,15,93.453125,725.25
1780761476.0113897,15,94.734375,725.75
1780761476.0113897,15,96.125,726.75
1780761476.0113897,15,97.40625,727.0
1780761476.0113897,15,98.71875,728.25
1780761476.0113897,15,100.0625,731.0
1780761476.0113897,15,101.515625,732.0
1780761476.0113897,15,102.828125,734.5
1780761476.0113897,15,104.171875,739.0
1780761476.0113897,15,105.484375,742.75
1780761476.0113897,15,106.765625,745.75
1780761476.0113897,15,108.046875,749.5
1780761476.0113897,15,109.40625,755.5
1780761476.0113897,15,110.859375,761.5
1780761476.0113897,15,112.0625,767.25
1780761476.0113897,15,113.390625,773.0
1780761476.0113897,15,114.8125,779.25
1780761476.0113897,15,116.078125,786.25
1780761476.0113897,15,117.40625,794.75
1780761476.0113897,15,118.734375,804.0
1780761476.0113897,15,120.109375,812.0
1780761476.0113897,15,121.453125,820.75
1780761476.0113897,15,122.640625,832.25
1780761476.0113897,15,124.078125,845.5
1780761476.0113897,15,125.265625,857.75
1780761476.0113897,15,126.703125,869.75
1780761476.0113897,15,128.046875,882.25
1780761476.0113897,15,129.328125,896.5
1780761476.0113897,15,132.359375,738.0
1780761476.0113897,15,133.84375,725.25
1780761476.0113897,15,135.046875,730.25
1780761476.0113897,15,136.359375,746.5
1780761476.0113897,15,137.59375,764.25
1780761476.0113897,15,139.015625,785.0
1780761476.0113897,8,145.0625,1150.0
1780761476.0113897,15,149.03125,1255.0
1780761476.0113897,15,160.765625,1952.0
1780761476.0113897,15,166.046875,2061.0
1780761476.0113897,15,179.546875,1759.75
1780761476.0113897,15,180.921875,1759.75
1780761476.0113897,15,182.234375,1747.75
1780761476.0113897,15,183.5625,1747.75
1780761476.0113897,15,184.890625,1747.75
1780761476.0113897,15,186.25,1747.75
1780761476.0113897,15,187.59375,1759.75
1780761476.0113897,15,188.9375,1771.75
1780761476.0113897,15,212.640625,878.0
1780761476.0113897,15,214.015625,876.75
1780761476.0113897,15,215.359375,876.5
1780761476.0113897,15,216.765625,877.75
1780761476.0113897,15,218.046875,879.0
1780761476.0113897,15,219.34375,881.0
1780761476.0113897,15,220.75,882.75
1780761476.0113897,15,222.015625,884.25
1780761476.0113897,15,223.40625,887.5
1780761476.0113897,15,224.71875,890.75
1780761476.0113897,15,226.09375,900.25
1780761476.0113897,15,237.46875,1733.25
1780761476.0113897,15,241.5625,1639.5
1780761476.0113897,15,242.921875,1610.75
1780761476.0113897,15,244.28125,1590.75
1780761476.0113897,15,245.65625,1579.75
1780761476.0113897,15,247.03125,1559.5
1780761476.0113897,15,248.359375,1547.75
1780761476.0113897,15,249.703125,1538.5
1780761476.0113897,8,251.0625,1529.25
1780761476.0113897,15,252.40625,1510.5
1780761476.0113897,15,253.75,1483.0
1780761476.0113897,15,255.140625,1465.75
1780761476.0113897,15,256.46875,1457.75
1780761476.0113897,15,257.78125,1456.5
1780761476.0113897,15,259.171875,1448.5
1780761476.0113897,15,260.5,1432.75
1780761476.0113897,15,267.65625,552.5
1780761476.0113897,15,268.875,540.25
1780761476.0113897,15,270.234375,539.25
1780761476.0113897,15,271.65625,550.0
1780761476.0113897,15,272.71875,562.25
1780761476.0113897,15,274.03125,577.0
1780761476.0113897,15,279.265625,1410.0
1780761476.0113897,15,280.609375,1410.5
1780761476.0113897,15,284.625,1417.75
1780761476.0113897,15,287.46875,1255.0
1780761476.0113897,15,291.296875,636.0
1780761476.0113897,15,292.53125,635.0
1780761476.0113897,15,296.765625,1322.0
1780761476.0113897,15,298.140625,1320.5
1780761476.0113897,15,306.25,1442.75
1780761476.0113897,15,310.265625,1425.0
1780761476.0113897,15,311.578125,1417.25
1780761476.0113897,15,312.984375,1434.75
1780761476.0113897,15,325.328125,1211.25
1780761476.0113897,15,326.703125,1202.75
1780761476.0113897,15,328.0625,1197.0
1780761476.0113897,6,333.25,1426.0
1780761476.0113897,15,334.625,1416.75
1780761476.0113897,15,335.9375,1408.25
1780761476.0113897,6,337.328125,1390.5
1780761476.0113897,15,338.71875,1367.0
1780761476.0113897,15,340.046875,1358.0
1780761476.0113897,15,343.140625,975.75
1780761476.0113897,15,344.546875,973.5
1780761476.0113897,15,345.828125,986.0
1780761476.0113897,15,347.25,987.75
1780761476.0113897,15,348.46875,986.0
1780761476.0113897,15,349.8125,979.0
1780761476.0113897,15,351.140625,978.0
1780761476.1489892,15,352.59375,972.5
1780761476.1489892,15,353.96875,955.5
1780761476.1489892,15,355.21875,951.25
1780761476.1489892,15,356.5625,951.75
1780761476.1489892,15,357.984375,951.0
1780761476.1489892,15,359.265625,951.25
1780761476.1489892,15,0.6875,949.25
1780761476.1489892,15,1.984375,952.5
1780761476.1489892,15,3.296875,953.0
1780761476.1489892,15,4.71875,947.25
1780761476.1489892,15,6.046875,945.25
1780761476.1489892,15,7.40625,939.75
1780761476.1489892,15,8.703125,945.25
1780761476.1489892,15,10.109375,954.25
1780761476.1489892,15,11.421875,956.25
1780761476.1489892,15,12.71875,958.0
1780761476.1489892,15,14.015625,958.75
1780761476.1489892,15,15.328125,963.0
1780761476.1489892,15,16.6875,962.0
1780761476.1489892,15,17.96875,968.0
1780761476.1489892,15,19.34375,990.5
1780761476.1489892,15,22.046875,972.25
1780761476.1489892,15,23.328125,988.25
1780761476.1489892,15,24.65625,1015.5
1780761476.1489892,15,25.90625,1042.5
1780761476.1489892,15,36.625,1262.0
1780761476.1489892,15,41.859375,1407.0
1780761476.1489892,15,49.015625,988.5
1780761476.1489892,15,50.40625,981.25
1780761476.1489892,12,51.796875,962.0
1780761476.1489892,15,53.140625,943.75
1780761476.1489892,15,54.546875,926.75
1780761476.1489892,15,55.953125,910.5
1780761476.1489892,15,57.3125,894.25
1780761476.1489892,15,58.65625,880.0
1780761476.1489892,15,60.046875,867.25
1780761476.1489892,15,61.34375,854.5
1780761476.1489892,15,62.75,841.25
1780761476.1489892,15,64.125,828.5
1780761476.1489892,15,65.5,817.25
1780761476.1489892,15,66.796875,808.0
1780761476.1489892,15,68.265625,798.0
1780761476.1489892,15,69.625,788.75
1780761476.1489892,15,70.953125,782.0
1780761476.1489892,15,72.34375,775.75
1780761476.1489892,15,73.734375,769.5
1780761476.1489892,15,75.0,762.5
1780761476.1489892,15,76.421875,756.5
1780761476.1489892,15,77.640625,751.75
1780761476.1489892,15,79.15625,746.75
1780761476.1489892,15,80.515625,742.25
1780761476.1489892,15,81.875,738.25
1780761476.1489892,15,83.203125,735.5
1780761476.1489892,15,84.5,733.0
1780761476.1489892,15,85.765625,730.5
1780761476.1489892,15,87.265625,728.5
1780761476.1489892,15,88.625,727.5
1780761476.1489892,15,89.96875,726.25
1780761476.1489892,15,91.203125,725.25
1780761476.1489892,15,92.5,724.5
1780761476.1489892,15,93.984375,724.0
1780761476.1489892,15,95.234375,725.5
1780761476.1489892,15,96.5625,726.75
1780761476.1489892,15,97.9375,727.25
1780761476.1489892,15,99.296875,729.0
1780761476.1489892,15,100.625,731.0
1780761476.1489892,15,101.890625,733.25
1780761476.1489892,15,103.296875,735.75
1780761476.1489892,15,104.53125,738.75
1780761476.1489892,15,106.0,742.0
1780761476.1489892,15,107.25,745.75
1780761476.1489892,15,108.609375,750.5
1780761476.1489892,15,110.0,755.5
1780761476.1489892,15,111.359375,761.25
1780761476.1489892,15,112.5625,767.25
1780761476.1489892,15,113.859375,774.0
1780761476.1489892,15,115.34375,781.25
1780761476.1489892,15,116.59375,788.0
1780761476.1489892,15,117.921875,796.0
1780761476.1489892,15,119.265625,805.5
1780761476.1489892,15,120.609375,813.5
1780761476.1489892,15,121.953125,823.25
1780761476.1489892,15,123.15625,835.75
1780761476.1489892,15,124.5,848.5
1780761476.1489892,15,125.78125,859.75
1780761476.1489892,15,127.203125,871.75
1780761476.1489892,15,130.34375,714.0
1780761476.1489892,15,131.5625,702.25
1780761476.1489892,15,133.03125,707.0
1780761476.1489892,15,134.171875,721.0
1780761476.1489892,15,135.578125,737.25
1780761476.1489892,15,136.78125,755.5
1780761476.1489892,15,138.09375,775.75
1780761476.1489892,15,142.984375,1100.25
1780761476.1489892,15,144.234375,1131.5
1780761476.1489892,15,146.90625,1198.25
1780761476.1489892,15,148.15625,1226.75
1780761476.1489892,15,150.796875,1326.25
1780761476.1489892,15,214.6875,848.0
1780761476.1489892,15,216.03125,848.5
1780761476.1489892,15,217.28125,850.25
1780761476.1489892,15,218.65625,851.5
1780761476.1489892,15,219.9375,853.0
1780761476.1489892,15,221.359375,854.25
1780761476.1489892,15,222.765625,855.75
1780761476.1489892,15,223.984375,858.0
1780761476.1489892,15,225.40625,861.75
1780761476.1489892,15,226.765625,865.75
1780761476.1489892,15,237.921875,1733.0
1780761476.1489892,15,241.984375,1639.5
1780761476.1489892,15,243.375,1610.25
1780761476.1489892,15,244.6875,1590.25
1780761476.1489892,15,246.09375,1580.0
1780761476.1489892,15,247.421875,1560.0
1780761476.1489892,15,248.78125,1540.25
1780761476.1489892,6,250.078125,1530.25
1780761476.1489892,15,252.84375,1462.75
1780761476.1489892,15,254.203125,1471.5
1780761476.1489892,15,255.5625,1459.25
1780761476.1489892,15,256.9375,1457.5
1780761476.1489892,15,258.28125,1447.75
1780761476.1489892,6,259.59375,1439.25
1780761476.1489892,7,260.953125,1425.25
1780761476.1489892,15,262.296875,1411.25
1780761476.1489892,15,263.671875,1410.75
1780761476.1489892,15,264.984375,1410.5
1780761476.1489892,15,269.28125,575.75
1780761476.1489892,15,270.78125,560.25
1780761476.1489892,15,272.15625,547.75
1780761476.1489892,15,273.328125,539.5
1780761476.1489892,15,274.734375,542.75
1780761476.1489892,15,276.109375,555.25
1780761476.1489892,15,278.453125,590.25
1780761476.1489892,15,282.359375,1411.0
1780761476.1489892,15,286.296875,1434.5
1780761476.1489892,15,289.1875,1260.75
1780761476.1489892,15,290.484375,1248.25
1780761476.1489892,15,294.34375,650.5
1780761476.1489892,15,295.609375,649.5
1780761476.1489892,15,310.53125,1433.0
1780761476.1489892,6,311.875,1423.5
1780761476.1489892,15,313.25,1433.25
1780761476.1489892,15,325.53125,1254.5
1780761476.1489892,15,326.859375,1237.0
1780761476.1489892,15,328.265625,1221.75
1780761476.1489892,15,329.484375,1222.0
1780761476.1489892,15,333.390625,1466.75
1780761476.1489892,15,334.71875,1442.75
1780761476.1489892,15,336.046875,1427.5
1780761476.1489892,15,337.40625,1418.75
1780761476.1489892,15,338.796875,1409.0
1780761476.1489892,15,340.09375,1407.5
1780761476.1489892,15,344.53125,1004.75
1780761476.1489892,15,345.953125,1020.25
1780761476.1489892,15,347.3125,1020.75
1780761476.1489892,15,348.5,1008.25
1780761476.1489892,15,349.796875,1013.0
1780761476.1489892,15,351.140625,1026.0
1780761476.286996,15,353.890625,993.0
1780761476.286996,15,355.265625,992.0
1780761476.286996,15,356.546875,988.75
1780761476.286996,15,357.921875,991.0
1780761476.286996,15,359.3125,989.5
1780761476.286996,15,0.59375,985.25
1780761476.286996,15,1.921875,987.75
1780761476.286996,15,3.3125,985.25
1780761476.286996,15,4.578125,980.75
1780761476.286996,15,6.0,984.75
1780761476.286996,15,7.28125,987.0
1780761476.286996,15,8.59375,981.5
1780761476.286996,15,9.984375,982.5
1780761476.286996,15,11.265625,989.75
1780761476.286996,15,12.546875,991.25
1780761476.286996,15,13.9375,991.75
1780761476.286996,15,15.234375,993.0
1780761476.286996,15,16.578125,997.25
1780761476.286996,15,17.890625,1007.5
1780761476.286996,15,19.203125,1004.5
1780761476.286996,15,20.59375,1000.5
1780761476.286996,15,21.875,1010.75
1780761476.286996,15,24.484375,1064.25
1780761476.286996,15,34.984375,1286.0
1780761476.286996,15,40.28125,1435.75
1780761476.286996,15,41.578125,1430.75
1780761476.286996,15,47.375,1008.25
1780761476.286996,15,48.765625,1002.0
1780761476.286996,15,50.15625,980.25
1780761476.286996,11,51.5,961.0
1780761476.286996,15,52.84375,941.75
1780761476.286996,15,54.25,924.5
1780761476.286996,15,55.671875,909.75
1780761476.286996,15,57.0,893.75
1780761476.286996,15,58.3125,879.5
1780761476.286996,15,59.78125,865.75
1780761476.286996,15,61.015625,852.75
1780761476.286996,15,62.390625,841.0
1780761476.286996,15,63.84375,826.5
1780761476.286996,15,65.125,815.0
1780761476.286996,15,66.5625,806.75
1780761476.286996,15,67.8125,797.25
1780761476.286996,15,69.203125,789.0
1780761476.286996,15,70.65625,782.5
1780761476.286996,15,71.890625,775.0
1780761476.286996,15,73.390625,767.0
1780761476.286996,15,74.71875,760.5
1780761476.286996,15,75.984375,756.0
1780761476.286996,15,77.4375,751.0
1780761476.286996,15,78.75,745.0
1780761476.286996,15,80.15625,740.75
1780761476.286996,15,81.484375,736.75
1780761476.286996,15,82.71875,733.5
1780761476.286996,15,84.078125,732.0
1780761476.286996,15,85.421875,730.25
1780761476.286996,15,86.84375,727.25
1780761476.286996,15,88.09375,724.75
1780761476.286996,15,89.546875,723.25
1780761476.286996,15,90.75,721.75
1780761476.286996,15,92.203125,721.0
1780761476.286996,15,93.40625,723.0
1780761476.286996,15,94.90625,723.5
1780761476.286996,15,96.09375,723.25
1780761476.286996,15,97.515625,724.25
1780761476.286996,15,98.796875,725.5
1780761476.286996,15,100.140625,728.0
1780761476.286996,15,101.4375,730.25
1780761476.286996,15,102.8125,732.75
1780761476.286996,15,104.109375,735.0
1780761476.286996,15,105.40625,738.0
1780761476.286996,15,106.828125,741.25
1780761476.286996,15,108.09375,745.5
1780761476.286996,15,109.453125,751.0
1780761476.286996,15,110.75,756.25
1780761476.286996,15,112.21875,761.75
1780761476.286996,15,113.5,769.5
1780761476.286996,15,114.828125,777.0
1780761476.286996,15,116.078125,782.5
1780761476.286996,15,117.453125,789.0
1780761476.286996,15,118.84375,797.25
1780761476.286996,15,120.03125,807.25
1780761476.286996,15,121.4375,816.25
1780761476.286996,15,122.75,827.25
1780761476.286996,15,124.09375,840.25
1780761476.286996,15,127.15625,699.5
1780761476.286996,15,129.90625,674.75
1780761476.286996,15,131.171875,684.25
1780761476.286996,15,132.421875,699.0
1780761476.286996,15,133.65625,714.5
1780761476.286996,15,135.0,730.25
1780761476.286996,15,136.15625,747.75
1780761476.286996,15,137.515625,768.5
1780761476.286996,15,139.671875,1031.5
1780761476.286996,15,140.984375,1060.75
1780761476.286996,15,142.265625,1091.75
1780761476.286996,15,143.53125,1124.25
1780761476.286996,15,144.90625,1145.5
1780761476.286996,15,147.46875,1214.0
1780761476.286996,4,148.796875,1243.75
1780761476.286996,15,151.453125,1321.0
1780761476.286996,12,152.75,1317.25
1780761476.286996,15,160.515625,1825.5
1780761476.286996,7,161.8125,1818.0
1780761476.286996,15,165.78125,1998.75
1780761476.286996,15,168.421875,2078.75
1780761476.286996,15,169.796875,2061.25
1780761476.286996,15,195.28125,2060.75
1780761476.286996,15,215.21875,814.75
1780761476.286996,15,216.578125,814.5
1780761476.286996,15,217.8125,815.25
1780761476.286996,15,219.265625,816.0
1780761476.286996,15,220.59375,818.5
1780761476.286996,15,221.859375,821.0
1780761476.286996,15,223.21875,821.75
1780761476.286996,15,224.59375,826.25
1780761476.286996,15,225.828125,830.25
1780761476.286996,15,227.171875,832.5
1780761476.286996,15,228.5625,837.5
1780761476.286996,3,238.328125,1708.5
1780761476.286996,15,241.015625,1673.5
1780761476.286996,15,242.421875,1630.25
1780761476.286996,15,243.734375,1601.0
1780761476.286996,15,245.078125,1581.0
1780761476.286996,6,246.453125,1569.0
1780761476.286996,15,247.765625,1558.0
1780761476.286996,6,249.140625,1539.25
1780761476.286996,6,250.515625,1529.5
1780761476.286996,15,251.859375,1512.0
1780761476.286996,15,253.203125,1493.0
1780761476.286996,15,254.53125,1475.0
1780761476.286996,15,255.890625,1458.0
1780761476.286996,15,257.234375,1449.5
1780761476.286996,15,258.53125,1441.5
1780761476.286996,6,259.90625,1433.5
1780761476.286996,15,261.234375,1418.75
1780761476.286996,15,262.578125,1411.75
1780761476.286996,15,263.953125,1411.0
1780761476.286996,15,265.28125,1410.25
1780761476.286996,15,266.59375,1410.0
1780761476.286996,15,267.9375,1409.75
1780761476.286996,15,272.1875,578.75
1780761476.286996,15,273.625,565.5
1780761476.286996,15,274.828125,553.5
1780761476.286996,15,276.234375,543.5
1780761476.286996,15,277.625,542.25
1780761476.286996,15,278.984375,552.75
1780761476.286996,15,287.96875,1452.75
1780761476.286996,15,292.125,1261.0
1780761476.286996,10,293.5,1243.0
1780761476.286996,15,297.15625,674.0
1780761476.286996,12,298.484375,675.25
1780761476.286996,15,312.203125,1427.25
1780761476.286996,15,313.59375,1435.0
1780761476.286996,7,327.140625,1257.5
1780761476.286996,15,328.515625,1245.5
1780761476.286996,6,329.828125,1244.75
1780761476.286996,15,335.078125,1459.5
1780761476.286996,15,336.390625,1459.25
1780761476.286996,15,337.765625,1442.0
1780761476.286996,15,339.125,1434.25
1780761476.286996,15,340.4375,1418.5
1780761476.286996,15,344.84375,1040.75
1780761476.286996,15,346.234375,1051.0
1780761476.286996,15,347.53125,1053.0
1780761476.286996,15,348.84375,1043.5
1780761476.286996,15,350.21875,1045.0
1780761476.286996,15,351.546875,1043.25
1780761476.4240174,15,352.84375,1028.0
1780761476.4240174,15,354.21875,1020.5
1780761476.4240174,15,355.59375,1019.25
1780761476.4240174,15,356.953125,1022.0
1780761476.4240174,15,358.203125,1027.25
1780761476.4240174,15,359.65625,1016.5
1780761476.4240174,15,0.953125,1012.75
1780761476.4240174,15,2.359375,1015.5
1780761476.4240174,15,3.65625,1012.0
1780761476.4240174,15,4.953125,1013.75
1780761476.4240174,15,6.296875,1010.75
1780761476.4240174,15,7.6875,1014.0
1780761476.4240174,15,9.0625,1015.75
1780761476.4240174,15,10.328125,1018.5
1780761476.4240174,15,11.71875,1022.25
1780761476.4240174,15,13.046875,1021.75
1780761476.4240174,15,14.40625,1021.0
1780761476.4240174,15,15.78125,1023.0
1780761476.4240174,15,17.140625,1028.75
1780761476.4240174,15,18.484375,1024.0
1780761476.4240174,15,19.765625,1023.25
1780761476.4240174,15,21.078125,1037.25
1780761476.4240174,15,22.4375,1062.25
1780761476.4240174,15,23.75,1094.75
1780761476.4240174,15,34.296875,1319.25
1780761476.4240174,15,39.515625,1462.25
1780761476.4240174,15,40.8125,1457.25
1780761476.4240174,15,50.71875,967.5
1780761476.4240174,15,52.15625,949.5
1780761476.4240174,15,53.515625,932.25
1780761476.4240174,15,54.828125,916.5
1780761476.4240174,15,56.25,901.5
1780761476.4240174,15,57.5625,886.25
1780761476.4240174,15,58.890625,871.5
1780761476.4240174,15,60.375,859.0
1780761476.4240174,15,61.71875,846.0
1780761476.4240174,15,63.0625,833.0
1780761476.4240174,15,64.515625,821.0
1780761476.4240174,15,65.828125,811.0
1780761476.4240174,15,67.140625,803.0
1780761476.4240174,15,68.46875,793.5
1780761476.4240174,15,69.9375,785.0
1780761476.4240174,15,71.28125,778.0
1780761476.4240174,15,72.546875,771.25
1780761476.4240174,15,73.96875,765.0
1780761476.4240174,15,75.359375,759.0
1780761476.4240174,15,76.609375,753.25
1780761476.4240174,15,77.9375,747.75
1780761476.4240174,15,79.34375,742.5
1780761476.4240174,15,80.734375,738.0
1780761476.4240174,15,82.09375,734.75
1780761476.4240174,15,83.421875,732.75
1780761476.4240174,15,84.8125,730.0
1780761476.4240174,15,86.15625,728.0
1780761476.4240174,15,87.515625,726.5
1780761476.4240174,15,88.828125,724.25
1780761476.4240174,15,90.140625,722.25
1780761476.4240174,15,91.53125,721.5
1780761476.4240174,15,92.828125,721.0
1780761476.4240174,15,94.125,720.75
1780761476.4240174,15,95.546875,721.25
1780761476.4240174,15,96.90625,721.75
1780761476.4240174,15,98.15625,723.5
1780761476.4240174,15,99.421875,727.0
1780761476.4240174,15,100.875,728.75
1780761476.4240174,15,102.171875,730.25
1780761476.4240174,15,103.546875,733.0
1780761476.4240174,15,104.734375,735.75
1780761476.4240174,15,106.21875,739.25
1780761476.4240174,15,107.5625,743.25
1780761476.4240174,15,108.921875,749.0
1780761476.4240174,15,110.1875,754.5
1780761476.4240174,15,111.453125,760.0
1780761476.4240174,15,112.875,766.75
1780761476.4240174,15,114.203125,773.0
1780761476.4240174,15,115.53125,779.5
1780761476.4240174,15,116.75,786.25
1780761476.4240174,15,118.046875,794.75
1780761476.4240174,15,119.46875,804.25
1780761476.4240174,15,120.703125,812.0
1780761476.4240174,15,122.03125,822.5
1780761476.4240174,15,126.671875,655.25
1780761476.4240174,15,127.8125,655.25
1780761476.4240174,15,129.15625,667.5
1780761476.4240174,15,130.421875,680.75
1780761476.4240174,15,131.765625,695.0
1780761476.4240174,15,132.90625,711.0
1780761476.4240174,15,134.328125,728.0
1780761476.4240174,15,135.515625,747.25
1780761476.4240174,10,137.765625,1001.75
1780761476.4240174,15,138.96875,1021.25
1780761476.4240174,10,140.390625,1041.25
1780761476.4240174,7,141.6875,1066.25
1780761476.4240174,15,144.234375,1131.25
1780761476.4240174,8,145.484375,1161.0
1780761476.4240174,15,146.875,1193.25
1780761476.4240174,15,148.125,1226.75
1780761476.4240174,7,158.484375,1826.0
1780761476.4240174,15,159.765625,1812.75
1780761476.4240174,15,165.0625,1983.25
1780761476.4240174,15,166.40625,1998.5
1780761476.4240174,15,167.734375,2045.0
1780761476.4240174,15,169.046875,2029.75
1780761476.4240174,15,178.578125,1650.0
1780761476.4240174,15,180.0,1650.0
1780761476.4240174,15,181.359375,1639.75
1780761476.4240174,15,185.390625,1639.5
1780761476.4240174,15,186.734375,1639.5
1780761476.4240174,15,189.390625,1639.75
1780761476.4240174,15,194.59375,1999.25
1780761476.4240174,15,195.96875,2014.5
1780761476.4240174,15,215.78125,781.5
1780761476.4240174,15,217.203125,787.5
1780761476.4240174,15,218.59375,787.5
1780761476.4240174,15,219.8125,789.25
1780761476.4240174,15,221.21875,791.75
1780761476.4240174,15,222.5625,793.5
1780761476.4240174,15,223.859375,795.5
1780761476.4240174,15,225.234375,798.0
1780761476.4240174,15,226.515625,802.5
1780761476.4240174,15,227.796875,807.5
1780761476.4240174,15,229.21875,812.0
1780761476.4240174,15,230.546875,816.75
1780761476.4240174,15,236.25,1747.25
1780761476.4240174,15,241.703125,1639.5
1780761476.4240174,15,243.09375,1611.0
1780761476.4240174,15,244.421875,1582.0
1780761476.4240174,15,245.765625,1571.0
1780761476.4240174,15,247.109375,1559.75
1780761476.4240174,15,248.4375,1540.25
1780761476.4240174,6,249.828125,1530.5
1780761476.4240174,15,251.171875,1512.5
1780761476.4240174,15,252.515625,1494.0
1780761476.4240174,15,253.875,1485.5
1780761476.4240174,15,255.203125,1468.25
1780761476.4240174,15,256.5625,1457.75
1780761476.4240174,15,257.90625,1449.25
1780761476.4240174,15,259.265625,1434.5
1780761476.4240174,8,260.640625,1426.25
1780761476.4240174,15,261.96875,1417.75
1780761476.4240174,15,263.3125,1411.5
1780761476.4240174,15,264.65625,1411.5
1780761476.4240174,15,265.953125,1410.5
1780761476.4240174,15,267.328125,1410.0
1780761476.4240174,15,268.625,1409.75
1780761476.4240174,15,270.0,1409.25
1780761476.4240174,15,271.3125,1409.25
1780761476.4240174,15,275.453125,583.75
1780761476.4240174,15,276.796875,572.75
1780761476.4240174,15,278.359375,560.5
1780761476.4240174,15,279.765625,551.25
1780761476.4240174,15,280.984375,547.25
1780761476.4240174,15,282.296875,555.5
1780761476.4240174,2,292.859375,1267.75
1780761476.4240174,15,294.1875,1257.0
1780761476.4240174,15,295.578125,1259.5
1780761476.4240174,15,300.5625,687.5
1780761476.4240174,15,312.84375,1442.75
1780761476.4240174,15,314.1875,1442.75
1780761476.4240174,15,326.3125,1320.0
1780761476.4240174,15,329.046875,1274.25
1780761476.4240174,15,330.40625,1262.25
1780761476.4240174,6,335.546875,1530.0
1780761476.4240174,15,338.296875,1453.25
1780761476.4240174,15,339.609375,1460.75
1780761476.4240174,15,341.0,1449.75
1780761476.4240174,15,345.375,1074.25
1780761476.4240174,15,346.71875,1084.0
1780761476.4240174,15,347.96875,1087.0
1780761476.4240174,15,349.359375,1074.75
1780761476.4240174,15,350.734375,1071.5
1780761476.562002,15,352.078125,1068.5
1780761476.562002,15,353.4375,1056.75
1780761476.562002,15,354.703125,1054.0
1780761476.562002,15,356.03125,1059.75
1780761476.562002,15,357.359375,1061.0
1780761476.562002,15,358.796875,1054.25
1780761476.562002,15,0.03125,1052.5
1780761476.562002,15,1.4375,1048.75
1780761476.562002,15,2.75,1043.75
1780761476.562002,15,4.125,1045.5
1780761476.562002,15,5.484375,1054.5
1780761476.562002,15,6.71875,1061.0
1780761476.562002,15,8.140625,1056.5
1780761476.562002,15,9.4375,1054.5
1780761476.562002,15,10.78125,1055.25
1780761476.562002,15,12.109375,1061.0
1780761476.562002,15,13.390625,1064.25
1780761476.562002,15,14.75,1058.0
1780761476.562002,15,16.015625,1060.5
1780761476.562002,15,17.390625,1062.5
1780761476.562002,15,18.8125,1057.0
1780761476.562002,15,20.0625,1064.25
1780761476.562002,15,21.34375,1087.0
1780761476.562002,15,23.984375,1152.5
1780761476.562002,15,33.171875,1353.5
1780761476.562002,15,38.4375,1468.0
1780761476.562002,15,39.75,1483.25
1780761476.562002,15,45.5,1025.25
1780761476.562002,15,46.84375,1025.0
1780761476.562002,15,48.21875,1004.75
1780761476.562002,15,49.640625,983.0
1780761476.562002,15,50.984375,964.0
1780761476.562002,15,52.40625,943.5
1780761476.562002,15,53.703125,925.5
1780761476.562002,15,55.0625,911.0
1780761476.562002,15,56.40625,895.5
1780761476.562002,15,57.828125,880.5
1780761476.562002,15,59.109375,867.5
1780761476.562002,15,60.546875,856.25
1780761476.562002,15,61.859375,843.25
1780761476.562002,15,63.234375,829.75
1780761476.562002,15,64.546875,818.75
1780761476.562002,15,65.96875,808.5
1780761476.562002,15,67.40625,798.5
1780761476.562002,15,68.734375,789.5
1780761476.562002,15,70.0625,782.25
1780761476.562002,15,71.390625,775.0
1780761476.562002,15,72.8125,768.0
1780761476.562002,15,74.109375,760.5
1780761476.562002,15,75.484375,754.0
1780761476.562002,15,76.734375,748.75
1780761476.562002,15,78.1875,744.25
1780761476.562002,15,79.546875,740.25
1780761476.562002,15,80.90625,736.75
1780761476.562002,15,82.140625,733.25
1780761476.562002,15,83.53125,730.75
1780761476.562002,15,84.90625,728.75
1780761476.562002,15,86.359375,726.25
1780761476.562002,15,87.59375,723.75
1780761476.562002,15,88.90625,721.75
1780761476.562002,15,90.21875,720.5
1780761476.562002,15,91.609375,719.25
1780761476.562002,15,92.90625,719.0
1780761476.562002,15,94.34375,719.5
1780761476.562002,15,95.578125,719.75
1780761476.562002,15,97.015625,720.75
1780761476.562002,15,98.34375,722.75
1780761476.562002,15,99.71875,725.0
1780761476.562002,15,101.015625,727.0
1780761476.562002,15,102.375,729.75
1780761476.562002,15,103.703125,732.25
1780761476.562002,15,105.0,734.75
1780761476.562002,15,106.359375,738.25
1780761476.562002,15,107.640625,741.75
1780761476.562002,15,108.90625,746.25
1780761476.562002,15,110.203125,752.5
1780761476.562002,15,111.484375,759.25
1780761476.562002,15,112.90625,766.0
1780761476.562002,15,114.171875,772.25
1780761476.562002,15,115.515625,779.0
1780761476.562002,15,116.84375,786.0
1780761476.562002,15,118.15625,794.25
1780761476.562002,15,119.421875,803.5
1780761476.562002,15,123.84375,633.0
1780761476.562002,15,125.15625,632.25
1780761476.562002,15,126.625,643.25
1780761476.562002,15,127.875,655.0
1780761476.562002,15,129.203125,667.5
1780761476.562002,15,130.328125,680.75
1780761476.562002,15,131.6875,695.5
1780761476.562002,15,132.953125,712.75
1780761476.562002,9,137.6875,1001.5
1780761476.562002,15,138.96875,1019.5
1780761476.562002,15,141.671875,1071.5
1780761476.562002,15,144.21875,1131.0
1780761476.562002,8,145.46875,1160.75
1780761476.562002,15,146.765625,1193.0
1780761476.562002,15,148.140625,1226.25
1780761476.562002,15,150.734375,1312.5
1780761476.562002,15,158.421875,1808.75
1780761476.562002,15,159.8125,1792.0
1780761476.562002,15,161.15625,1765.0
1780761476.562002,15,169.015625,1998.25
1780761476.562002,15,178.546875,1629.25
1780761476.562002,15,179.984375,1619.75
1780761476.562002,15,181.296875,1604.5
1780761476.562002,15,182.640625,1614.0
1780761476.562002,15,185.3125,1629.25
1780761476.562002,15,186.65625,1629.25
1780761476.562002,15,187.984375,1629.25
1780761476.562002,15,189.328125,1629.25
1780761476.562002,15,190.65625,1629.25
1780761476.562002,15,195.84375,1998.75
1780761476.562002,15,217.09375,747.75
1780761476.562002,15,218.359375,754.0
1780761476.562002,15,219.703125,756.5
1780761476.562002,15,221.109375,759.5
1780761476.562002,15,222.390625,761.0
1780761476.562002,15,223.8125,762.75
1780761476.562002,15,225.03125,765.0
1780761476.562002,15,226.34375,769.0
1780761476.562002,15,227.796875,774.0
1780761476.562002,15,229.109375,777.75
1780761476.562002,15,230.359375,781.75
1780761476.562002,15,231.640625,787.25
1780761476.562002,15,233.03125,782.5
1780761476.562002,15,236.0625,1759.5
1780761476.562002,15,237.40625,1733.25
1780761476.562002,15,240.109375,1695.5
1780761476.562002,15,241.421875,1660.75
1780761476.562002,15,242.796875,1630.0
1780761476.562002,15,244.140625,1599.75
1780761476.562002,15,245.515625,1580.0
1780761476.562002,7,246.84375,1569.0
1780761476.562002,5,248.21875,1549.25
1780761476.562002,15,249.5625,1530.5
1780761476.562002,8,250.953125,1529.0
1780761476.562002,15,252.328125,1506.5
1780761476.562002,15,253.6875,1479.75
1780761476.562002,15,255.046875,1466.75
1780761476.562002,15,256.328125,1458.25
1780761476.562002,15,257.71875,1456.75
1780761476.562002,15,259.0,1448.5
1780761476.562002,15,260.359375,1434.25
1780761476.562002,7,261.71875,1420.0
1780761476.562002,15,263.09375,1412.0
1780761476.562002,15,264.4375,1411.25
1780761476.562002,15,265.765625,1410.75
1780761476.562002,15,267.0625,1410.75
1780761476.562002,15,268.40625,1410.0
1780761476.562002,15,269.78125,1409.5
1780761476.562002,15,271.078125,1409.0
1780761476.562002,15,272.484375,1399.25
1780761476.562002,15,273.796875,1399.5
1780761476.562002,15,275.03125,1409.5
1780761476.562002,15,279.203125,587.25
1780761476.562002,15,280.484375,577.75
1780761476.562002,15,281.984375,567.5
1780761476.562002,15,283.21875,558.5
1780761476.562002,15,284.703125,553.75
1780761476.562002,15,296.5625,1273.25
1780761476.562002,15,299.171875,1327.5
1780761476.562002,15,302.78125,709.0
1780761476.562002,15,304.09375,717.75
1780761476.562002,15,315.125,1443.5
1780761476.562002,15,328.671875,1332.25
1780761476.562002,15,330.0,1325.75
1780761476.562002,15,331.28125,1319.75
1780761476.562002,15,336.5,1549.25
1780761476.562002,15,337.859375,1531.0
1780761476.562002,15,340.609375,1444.25
1780761476.562002,15,341.90625,1459.0
1780761476.562002,15,344.921875,1113.0
1780761476.562002,15,346.265625,1105.25
1780761476.562002,15,347.65625,1117.25
1780761476.562002,15,348.90625,1117.5
1780761476.562002,15,350.359375,1111.25
1780761476.699186,15,351.65625,1120.5
1780761476.699186,15,354.375,1091.25
1780761476.699186,15,355.640625,1091.75
1780761476.699186,15,356.984375,1095.0
1780761476.699186,15,358.328125,1094.75
1780761476.699186,15,359.6875,1084.75
1780761476.699186,15,1.0,1077.75
1780761476.699186,15,2.375,1080.5
1780761476.699186,15,3.703125,1079.0
1780761476.699186,15,5.09375,1083.75
1780761476.699186,15,6.390625,1088.25
1780761476.699186,15,7.75,1087.75
1780761476.699186,15,9.046875,1087.75
1780761476.699186,15,10.453125,1085.75
1780761476.699186,15,11.71875,1085.0
1780761476.699186,15,13.0625,1091.75
1780761476.699186,15,14.453125,1095.25
1780761476.699186,15,15.734375,1106.0
1780761476.699186,15,18.453125,1085.5
1780761476.699186,15,19.8125,1102.25
1780761476.699186,15,21.109375,1128.25
1780761476.699186,15,22.421875,1161.75
1780761476.699186,15,32.921875,1379.0
1780761476.699186,15,38.234375,1512.0
1780761476.699186,15,46.8125,1025.0
1780761476.699186,15,48.171875,1006.0
1780761476.699186,15,49.46875,984.25
1780761476.699186,15,50.859375,965.25
1780761476.699186,15,52.28125,947.75
1780761476.699186,15,53.625,928.5
1780761476.699186,15,54.984375,911.5
1780761476.699186,15,56.328125,895.5
1780761476.699186,15,57.78125,880.75
1780761476.699186,15,59.0625,867.5
1780761476.699186,15,60.515625,854.25
1780761476.699186,15,61.796875,841.25
1780761476.699186,15,63.234375,827.5
1780761476.699186,15,64.5,816.5
1780761476.699186,15,65.859375,808.25
1780761476.699186,15,67.3125,798.0
1780761476.699186,15,68.71875,789.25
1780761476.699186,15,70.0,782.0
1780761476.699186,15,71.4375,774.75
1780761476.699186,15,72.703125,767.75
1780761476.699186,15,74.0,760.5
1780761476.699186,15,75.359375,753.75
1780761476.699186,15,76.6875,748.5
1780761476.699186,15,78.078125,744.25
1780761476.699186,15,79.421875,740.0
1780761476.699186,15,80.796875,736.5
1780761476.699186,15,82.25,732.75
1780761476.699186,15,83.5,730.25
1780761476.699186,15,84.890625,728.5
1780761476.699186,15,86.28125,726.0
1780761476.699186,15,87.5625,723.0
1780761476.699186,15,88.9375,721.0
1780761476.699186,15,90.171875,720.75
1780761476.699186,15,91.59375,719.75
1780761476.699186,15,92.953125,718.75
1780761476.699186,15,94.234375,719.25
1780761476.699186,15,95.5625,719.75
1780761476.699186,15,96.921875,720.5
1780761476.699186,15,98.234375,722.25
1780761476.699186,15,99.5625,723.75
1780761476.699186,15,100.9375,725.75
1780761476.699186,15,102.375,729.25
1780761476.699186,15,103.640625,731.75
1780761476.699186,15,105.0,734.5
1780761476.699186,15,106.375,738.0
1780761476.699186,15,107.640625,741.5
1780761476.699186,15,108.90625,746.0
1780761476.699186,15,110.28125,750.0
1780761476.699186,15,111.578125,756.5
1780761476.699186,15,112.796875,763.75
1780761476.699186,15,114.21875,770.25
1780761476.699186,15,115.484375,778.25
1780761476.699186,15,116.875,785.25
1780761476.699186,15,121.3125,612.0
1780761476.699186,15,122.6875,613.75
1780761476.699186,15,123.859375,622.25
1780761476.699186,15,125.171875,632.5
1780761476.699186,15,126.59375,643.5
1780761476.699186,15,127.765625,655.5
1780761476.699186,15,129.171875,669.5
1780761476.699186,15,130.40625,684.5
1780761476.699186,15,135.09375,960.75
1780761476.699186,15,136.484375,980.5
1780761476.699186,9,137.71875,1001.0
1780761476.699186,15,139.078125,1019.0
1780761476.699186,15,140.296875,1037.5
1780761476.699186,15,141.640625,1064.25
1780761476.699186,15,144.21875,1130.75
1780761476.699186,9,145.5,1160.75
1780761476.699186,15,146.875,1192.75
1780761476.699186,15,148.15625,1226.25
1780761476.699186,15,150.71875,1335.0
1780761476.699186,15,155.8125,1795.75
1780761476.699186,15,157.15625,1783.0
1780761476.699186,15,158.515625,1768.75
1780761476.699186,15,159.875,1757.25
1780761476.699186,15,178.65625,1571.5
1780761476.699186,15,180.0625,1571.25
1780761476.699186,15,181.375,1571.0
1780761476.699186,15,185.359375,1571.0
1780761476.699186,15,186.734375,1571.0
1780761476.699186,15,188.0625,1571.25
1780761476.699186,15,189.421875,1571.25
1780761476.699186,15,190.765625,1571.25
1780761476.699186,15,220.03125,725.75
1780761476.699186,15,221.3125,727.0
1780761476.699186,15,222.625,730.0
1780761476.699186,15,223.90625,732.75
1780761476.699186,15,225.234375,735.75
1780761476.699186,15,226.546875,739.5
1780761476.699186,15,227.859375,743.0
1780761476.699186,15,229.21875,747.25
1780761476.699186,15,230.640625,751.75
1780761476.699186,15,231.984375,756.0
1780761476.699186,15,233.234375,761.5
1780761476.699186,15,234.46875,767.75
1780761476.699186,15,235.96875,770.75
1780761476.699186,15,244.296875,1591.25
1780761476.699186,15,245.59375,1580.0
1780761476.699186,6,246.953125,1569.0
1780761476.699186,15,248.34375,1549.25
1780761476.699186,6,249.671875,1530.5
1780761476.699186,7,251.0625,1529.25
1780761476.699186,15,252.46875,1510.75
1780761476.699186,15,253.796875,1486.0
1780761476.699186,15,255.140625,1475.0
1780761476.699186,15,256.46875,1464.25
1780761476.699186,15,257.859375,1457.0
1780761476.699186,15,259.15625,1448.75
1780761476.699186,15,260.5,1433.25
1780761476.699186,8,261.859375,1419.0
1780761476.699186,15,263.234375,1412.0
1780761476.699186,15,264.578125,1411.0
1780761476.699186,15,265.921875,1410.5
1780761476.699186,15,267.265625,1410.0
1780761476.699186,15,268.5625,1409.75
1780761476.699186,15,269.9375,1409.5
1780761476.699186,15,271.25,1409.5
1780761476.699186,15,272.625,1409.5
1780761476.699186,15,273.921875,1409.0
1780761476.699186,15,275.1875,1408.75
1780761476.699186,15,276.5625,1409.25
1780761476.699186,15,277.859375,1409.75
1780761476.699186,15,279.25,1410.5
1780761476.699186,15,283.46875,590.75
1780761476.699186,15,284.640625,582.5
1780761476.699186,15,286.203125,575.0
1780761476.699186,15,287.34375,567.5
1780761476.699186,15,288.90625,567.25
1780761476.699186,15,295.3125,1321.5
1780761476.699186,15,296.640625,1321.5
1780761476.699186,15,297.984375,1320.25
1780761476.699186,15,299.421875,1326.5
1780761476.699186,15,300.6875,1344.25
1780761476.699186,15,305.734375,727.0
1780761476.699186,15,330.1875,1353.75
1780761476.699186,15,331.59375,1339.5
1780761476.699186,15,336.75,1580.75
1780761476.699186,15,338.140625,1570.5
1780761476.699186,15,339.5,1550.75
1780761476.699186,15,340.796875,1531.5
1780761476.699186,6,342.1875,1530.25
1780761476.699186,15,346.546875,1138.0
1780761476.699186,15,347.796875,1148.75
1780761476.699186,15,349.234375,1150.25
1780761476.8370373,15,353.25,1134.75
1780761476.8370373,15,354.609375,1128.75
1780761476.8370373,15,355.921875,1124.25
1780761476.8370373,15,357.28125,1122.75
1780761476.8370373,15,358.625,1124.25
1780761476.8370373,15,359.921875,1115.0
1780761476.8370373,15,1.265625,1108.25
1780761476.8370373,15,2.625,1115.0
1780761476.8370373,15,3.96875,1117.25
1780761476.8370373,15,5.28125,1120.25
1780761476.8370373,15,6.609375,1121.75
1780761476.8370373,15,8.0,1118.25
1780761476.8370373,15,9.34375,1122.25
1780761476.8370373,15,10.671875,1124.75
1780761476.8370373,15,11.90625,1122.25
1780761476.8370373,15,13.25,1122.75
1780761476.8370373,15,14.609375,1130.5
1780761476.8370373,15,15.875,1138.5
1780761476.8370373,15,17.265625,1135.25
1780761476.8370373,15,18.5625,1132.25
1780761476.8370373,15,19.90625,1149.75
1780761476.8370373,15,21.203125,1177.25
1780761476.8370373,15,22.4375,1205.75
1780761476.8370373,15,31.640625,1410.5
1780761476.8370373,15,36.984375,1549.0
1780761476.8370373,15,44.0625,1075.5
1780761476.8370373,9,46.84375,1021.5
1780761476.8370373,15,48.21875,1001.25
1780761476.8370373,15,49.59375,982.0
1780761476.8370373,12,51.0,961.25
1780761476.8370373,15,52.375,940.75
1780761476.8370373,15,53.640625,924.5
1780761476.8370373,15,55.0625,909.0
1780761476.8370373,15,56.421875,891.25
1780761476.8370373,15,57.828125,876.25
1780761476.8370373,15,59.109375,863.5
1780761476.8370373,15,60.546875,851.0
1780761476.8370373,15,61.953125,839.5
1780761476.8370373,15,63.25,826.0
1780761476.8370373,15,64.640625,814.75
1780761476.8370373,15,65.96875,806.25
1780761476.8370373,15,67.4375,796.0
1780761476.8370373,15,68.71875,787.25
1780761476.8370373,15,70.09375,780.0
1780761476.8370373,15,71.484375,772.5
1780761476.8370373,15,72.828125,765.5
1780761476.8370373,15,74.21875,759.25
1780761476.8370373,15,75.640625,752.75
1780761476.8370373,15,76.9375,746.25
1780761476.8370373,15,78.296875,740.75
1780761476.8370373,15,79.6875,738.0
1780761476.8370373,15,80.9375,735.0
1780761476.8370373,15,82.34375,731.5
1780761476.8370373,15,83.578125,728.5
1780761476.8370373,15,84.921875,724.75
1780761476.8370373,15,86.296875,721.25
1780761476.8370373,15,87.703125,719.5
1780761476.8370373,15,88.9375,719.5
1780761476.8370373,15,90.28125,718.25
1780761476.8370373,15,91.625,717.5
1780761476.8370373,15,92.96875,718.0
1780761476.8370373,15,94.3125,718.5
1780761476.8370373,15,95.75,717.75
1780761476.8370373,15,96.9375,718.75
1780761476.8370373,15,98.359375,720.25
1780761476.8370373,15,99.71875,720.75
1780761476.8370373,15,101.046875,723.0
1780761476.8370373,15,102.40625,725.75
1780761476.8370373,15,103.609375,729.75
1780761476.8370373,15,105.0,734.0
1780761476.8370373,15,106.390625,736.0
1780761476.8370373,15,107.625,739.75
1780761476.8370373,15,108.9375,744.75
1780761476.8370373,15,110.28125,749.0
1780761476.8370373,15,111.640625,754.75
1780761476.8370373,15,112.875,762.0
1780761476.8370373,15,114.234375,770.0
1780761476.8370373,15,118.75,589.75
1780761476.8370373,15,120.28125,598.25
1780761476.8370373,15,121.53125,606.5
1780761476.8370373,15,122.75,614.0
1780761476.8370373,15,124.0625,623.5
1780761476.8370373,15,125.328125,634.25
1780761476.8370373,15,126.671875,646.25
1780761476.8370373,15,128.015625,660.75
1780761476.8370373,15,132.703125,925.0
1780761476.8370373,12,133.953125,940.0
1780761476.8370373,15,135.296875,959.5
1780761476.8370373,15,136.609375,979.5
1780761476.8370373,15,137.953125,998.5
1780761476.8370373,15,139.15625,1019.25
1780761476.8370373,15,140.484375,1039.75
1780761476.8370373,15,143.046875,1099.75
1780761476.8370373,15,144.46875,1131.25
1780761476.8370373,9,145.75,1161.0
1780761476.8370373,15,147.015625,1192.5
1780761476.8370373,15,148.359375,1226.0
1780761476.8370373,15,149.65625,1228.5
1780761476.8370373,15,156.046875,1768.5
1780761476.8370373,6,157.390625,1754.0
1780761476.8370373,15,158.71875,1731.0
1780761476.8370373,15,160.03125,1706.75
1780761476.8370373,15,168.0,1876.0
1780761476.8370373,5,178.90625,1541.0
1780761476.8370373,15,180.234375,1540.5
1780761476.8370373,15,181.546875,1531.25
1780761476.8370373,15,185.5625,1531.25
1780761476.8370373,5,186.875,1532.0
1780761476.8370373,15,188.203125,1532.0
1780761476.8370373,15,190.890625,1551.25
1780761476.8370373,15,221.359375,698.25
1780761476.8370373,15,222.84375,698.75
1780761476.8370373,15,224.140625,701.75
1780761476.8370373,15,225.390625,703.5
1780761476.8370373,15,226.828125,707.25
1780761476.8370373,15,228.171875,711.25
1780761476.8370373,15,229.390625,715.25
1780761476.8370373,15,230.8125,720.25
1780761476.8370373,15,232.015625,724.5
1780761476.8370373,15,233.453125,727.5
1780761476.8370373,15,234.75,733.5
1780761476.8370373,15,236.140625,741.25
1780761476.8370373,15,237.3125,748.0
1780761476.8370373,15,244.390625,1591.75
1780761476.8370373,15,245.734375,1580.0
1780761476.8370373,6,247.125,1559.75
1780761476.8370373,15,248.40625,1540.25
1780761476.8370373,15,249.765625,1530.75
1780761476.8370373,7,251.0625,1529.25
1780761476.8370373,15,252.46875,1510.75
1780761476.8370373,15,253.765625,1486.0
1780761476.8370373,15,255.125,1469.5
1780761476.8370373,15,256.46875,1458.75
1780761476.8370373,15,257.828125,1457.0
1780761476.8370373,15,259.15625,1448.75
1780761476.8370373,15,260.515625,1441.0
1780761476.8370373,15,261.84375,1432.75
1780761476.8370373,15,263.21875,1418.0
1780761476.8370373,15,264.5625,1411.0
1780761476.8370373,15,265.890625,1410.75
1780761476.8370373,15,267.1875,1410.25
1780761476.8370373,15,268.5625,1409.75
1780761476.8370373,15,269.859375,1409.5
1780761476.8370373,15,271.234375,1409.5
1780761476.8370373,15,272.53125,1409.5
1780761476.8370373,15,273.875,1409.0
1780761476.8370373,15,275.125,1409.0
1780761476.8370373,15,276.453125,1409.5
1780761476.8370373,15,277.828125,1410.0
1780761476.8370373,15,279.171875,1410.25
1780761476.8370373,15,280.453125,1411.0
1780761476.8370373,7,281.78125,1411.75
1780761476.8370373,15,285.96875,603.75
1780761476.8370373,15,287.28125,597.0
1780761476.8370373,15,288.515625,590.5
1780761476.8370373,15,289.890625,584.0
1780761476.8370373,15,291.296875,577.75
1780761476.8370373,15,297.828125,1320.0
1780761476.8370373,15,299.28125,1320.0
1780761476.8370373,7,301.921875,1368.5
1780761476.8370373,6,303.296875,1375.75
1780761476.8370373,15,306.890625,748.0
1780761476.8370373,15,308.21875,749.0
1780761476.8370373,15,328.765625,1432.75
1780761476.8370373,4,330.171875,1407.75
1780761476.8370373,15,331.484375,1391.75
1780761476.8370373,3,332.8125,1391.75
1780761476.8370373,15,336.703125,1613.75
1780761476.8370373,15,338.078125,1593.75
1780761476.8370373,15,339.40625,1581.0
1780761476.8370373,15,340.78125,1571.25
1780761476.8370373,7,342.125,1560.75
1780761476.8370373,15,346.421875,1180.25
1780761476.8370373,15,347.765625,1184.75
1780761476.8370373,15,349.078125,1186.75
1780761476.8370373,15,350.4375,1178.75
1780761476.974259,15,351.796875,1179.0
1780761476.974259,15,353.15625,1173.25
1780761476.974259,15,354.46875,1163.25
1780761476.974259,15,355.796875,1159.25
1780761476.974259,15,357.21875,1162.25
1780761476.974259,15,358.5625,1165.75
1780761476.974259,15,359.890625,1162.0
1780761476.974259,15,1.234375,1151.75
1780761476.974259,15,2.59375,1147.25
1780761476.974259,15,3.90625,1148.75
1780761476.974259,15,5.28125,1150.25
1780761476.974259,15,6.609375,1152.0
1780761476.974259,15,7.984375,1154.75
1780761476.974259,15,9.296875,1155.75
1780761476.974259,15,10.5625,1156.5
1780761476.974259,15,11.953125,1160.25
1780761476.974259,15,13.296875,1160.5
1780761476.974259,15,14.609375,1169.75
1780761476.974259,15,15.9375,1167.5
1780761476.974259,15,17.359375,1158.25
1780761476.974259,15,18.640625,1171.75
1780761476.974259,15,19.90625,1194.75
1780761476.974259,15,21.296875,1227.25
1780761476.974259,15,27.421875,2274.0
1780761476.974259,15,31.84375,1435.0
1780761476.974259,15,37.125,1567.75
1780761476.974259,15,45.671875,1037.0
1780761476.974259,15,47.109375,1016.0
1780761476.974259,15,48.484375,994.75
1780761476.974259,15,49.890625,972.75
1780761476.974259,15,51.25,952.75
1780761476.974259,15,52.53125,936.25
1780761476.974259,15,53.90625,920.0
1780761476.974259,15,55.34375,903.25
1780761476.974259,15,56.6875,888.25
1780761476.974259,15,58.0625,873.0
1780761476.974259,15,59.40625,859.75
1780761476.974259,15,60.859375,846.5
1780761476.974259,15,62.15625,833.0
1780761476.974259,15,63.609375,820.75
1780761476.974259,15,64.90625,810.5
1780761476.974259,15,66.296875,800.5
1780761476.974259,15,67.640625,790.75
1780761476.974259,15,69.046875,782.5
1780761476.974259,15,70.34375,775.5
1780761476.974259,15,71.671875,768.75
1780761476.974259,15,73.046875,761.0
1780761476.974259,15,74.546875,755.0
1780761476.974259,15,75.765625,749.0
1780761476.974259,15,77.21875,743.25
1780761476.974259,15,78.453125,738.5
1780761476.974259,15,79.859375,735.0
1780761476.974259,15,81.21875,732.25
1780761476.974259,15,82.609375,729.0
1780761476.974259,15,84.0,725.25
1780761476.974259,15,85.328125,721.75
1780761476.974259,15,86.609375,719.25
1780761476.974259,15,87.953125,717.75
1780761476.974259,15,89.328125,717.0
1780761476.974259,15,90.6875,716.25
1780761476.974259,15,91.890625,715.25
1780761476.974259,15,93.3125,715.25
1780761476.974259,15,94.703125,715.5
1780761476.974259,15,95.890625,716.5
1780761476.974259,15,97.25,717.5
1780761476.974259,15,98.59375,718.5
1780761476.974259,15,100.03125,720.75
1780761476.974259,15,101.265625,723.25
1780761476.974259,15,102.671875,726.0
1780761476.974259,15,104.0,729.25
1780761476.974259,15,105.375,732.0
1780761476.974259,15,106.609375,735.5
1780761476.974259,15,107.984375,740.0
1780761476.974259,15,109.3125,744.5
1780761476.974259,15,110.578125,749.75
1780761476.974259,15,115.3125,574.25
1780761476.974259,15,116.46875,579.5
1780761476.974259,15,117.84375,586.0
1780761476.974259,15,119.0625,593.25
1780761476.974259,15,120.390625,601.75
1780761476.974259,15,121.671875,610.0
1780761476.974259,15,122.984375,619.0
1780761476.974259,15,124.390625,630.5
1780761476.974259,15,125.640625,642.5
1780761476.974259,15,130.421875,898.75
1780761476.974259,15,131.65625,913.5
1780761476.974259,15,133.03125,929.0
1780761476.974259,15,134.3125,947.0
1780761476.974259,15,135.71875,957.25
1780761476.974259,15,138.265625,1003.0
1780761476.974259,15,139.625,1022.5
1780761476.974259,15,142.15625,1083.75
1780761476.974259,15,143.5625,1108.0
1780761476.974259,15,144.859375,1133.0
1780761476.974259,15,153.796875,1741.5
1780761476.974259,15,155.140625,1733.5
1780761476.974259,15,156.484375,1701.75
1780761476.974259,5,157.859375,1680.0
1780761476.974259,15,159.203125,1662.5
1780761476.974259,15,168.5,1837.25
1780761476.974259,15,178.125,1448.5
1780761476.974259,15,179.5,1446.25
1780761476.974259,15,180.8125,1446.0
1780761476.974259,15,182.15625,1446.5
1780761476.974259,15,183.515625,1451.5
1780761476.974259,15,186.171875,1451.5
1780761476.974259,15,187.53125,1447.75
1780761476.974259,15,190.15625,1528.25
1780761476.974259,15,204.703125,1833.75
1780761476.974259,15,223.515625,668.75
1780761476.974259,15,224.8125,670.25
1780761476.974259,15,226.109375,673.0
1780761476.974259,15,227.640625,676.0
1780761476.974259,15,228.96875,680.25
1780761476.974259,15,230.21875,685.75
1780761476.974259,15,231.65625,690.0
1780761476.974259,15,232.84375,694.5
1780761476.974259,15,234.3125,699.75
1780761476.974259,15,235.59375,706.0
1780761476.974259,15,236.8125,713.25
1780761476.974259,15,238.28125,720.0
1780761476.974259,15,239.5,726.25
1780761476.974259,15,240.78125,734.5
1780761476.974259,15,245.171875,1609.0
1780761476.974259,15,246.515625,1578.5
1780761476.974259,15,247.875,1558.5
1780761476.974259,15,249.234375,1539.5
1780761476.974259,6,250.53125,1530.0
1780761476.974259,15,251.828125,1528.75
1780761476.974259,15,253.171875,1509.5
1780761476.974259,15,254.546875,1485.25
1780761476.974259,15,255.90625,1468.25
1780761476.974259,15,257.21875,1457.5
1780761476.974259,15,258.59375,1449.5
1780761476.974259,15,259.90625,1441.5
1780761476.974259,6,261.3125,1433.5
1780761476.974259,15,262.609375,1424.75
1780761476.974259,15,263.984375,1417.5
1780761476.974259,15,265.28125,1410.5
1780761476.974259,15,266.625,1410.25
1780761476.974259,15,267.96875,1410.0
1780761476.974259,15,269.34375,1410.0
1780761476.974259,15,270.671875,1410.0
1780761476.974259,15,272.015625,1409.5
1780761476.974259,15,273.328125,1409.75
1780761476.974259,15,274.65625,1410.0
1780761476.974259,15,275.890625,1410.25
1780761476.974259,15,277.265625,1410.5
1780761476.974259,15,278.5625,1410.5
1780761476.974259,15,279.9375,1410.75
1780761476.974259,15,281.28125,1410.75
1780761476.974259,15,282.578125,1419.0
1780761476.974259,15,283.90625,1434.0
1780761476.974259,15,285.25,1441.0
1780761476.974259,15,289.25,614.75
1780761476.974259,15,290.609375,608.25
1780761476.974259,15,292.0625,601.5
1780761476.974259,15,293.390625,596.25
1780761476.974259,15,294.6875,592.25
1780761476.974259,7,302.796875,1371.25
1780761476.974259,15,304.09375,1390.0
1780761476.974259,15,310.328125,768.0
1780761476.974259,15,329.578125,1435.25
1780761476.974259,15,330.859375,1427.25
1780761476.974259,15,332.21875,1425.0
1780761476.974259,15,333.59375,1424.75
1780761476.974259,15,338.828125,1629.25
1780761476.974259,15,340.171875,1612.5
1780761476.974259,15,341.546875,1593.25
1780761476.974259,15,342.875,1590.0
1780761476.974259,15,347.203125,1199.75
1780761476.974259,15,348.5,1212.5
1780761476.974259,15,349.828125,1217.75
1780761476.974259,15,351.109375,1225.0
1780761477.11204,15,352.5,1237.0
1780761477.11204,15,355.21875,1185.25
1780761477.11204,15,356.53125,1191.5
1780761477.11204,15,357.921875,1191.5
1780761477.11204,15,359.234375,1185.25
1780761477.11204,15,0.53125,1191.75
1780761477.11204,15,1.953125,1190.75
1780761477.11204,15,3.21875,1185.0
1780761477.11204,15,4.546875,1194.75
1780761477.11204,15,5.921875,1200.75
1780761477.11204,15,7.234375,1193.5
1780761477.11204,15,8.640625,1186.0
1780761477.11204,15,9.984375,1183.75
1780761477.11204,15,11.265625,1189.0
1780761477.11204,15,12.578125,1190.75
1780761477.11204,15,13.9375,1194.75
1780761477.11204,15,15.3125,1195.25
1780761477.11204,15,16.65625,1188.0
1780761477.11204,15,17.921875,1201.0
1780761477.11204,15,19.21875,1231.5
1780761477.11204,15,20.5625,1263.25
1780761477.11204,15,26.71875,2294.25
1780761477.11204,15,31.140625,1462.0
1780761477.11204,15,36.46875,1603.5
1780761477.11204,10,39.5625,1163.75
1780761477.11204,15,40.859375,1149.5
1780761477.11204,15,42.3125,1121.0
1780761477.11204,15,46.453125,1022.25
1780761477.11204,15,47.828125,1002.75
1780761477.11204,15,49.171875,982.25
1780761477.11204,15,50.59375,961.75
1780761477.11204,15,51.953125,942.0
1780761477.11204,15,53.265625,924.5
1780761477.11204,15,54.65625,910.25
1780761477.11204,15,55.984375,894.25
1780761477.11204,15,57.40625,879.5
1780761477.11204,15,58.84375,865.75
1780761477.11204,15,60.125,852.25
1780761477.11204,15,61.421875,838.0
1780761477.11204,15,62.796875,824.0
1780761477.11204,15,64.265625,814.0
1780761477.11204,15,65.5625,805.75
1780761477.11204,15,66.96875,795.25
1780761477.11204,15,68.21875,786.0
1780761477.11204,15,69.6875,778.5
1780761477.11204,15,71.09375,771.25
1780761477.11204,15,72.390625,763.5
1780761477.11204,15,73.65625,756.5
1780761477.11204,15,75.125,751.0
1780761477.11204,15,76.453125,745.25
1780761477.11204,15,77.734375,740.0
1780761477.11204,15,79.109375,735.25
1780761477.11204,15,80.53125,732.0
1780761477.11204,15,81.8125,729.5
1780761477.11204,15,83.25,726.0
1780761477.11204,15,84.4375,722.5
1780761477.11204,15,85.8125,719.75
1780761477.11204,15,87.109375,717.25
1780761477.11204,15,88.5625,715.75
1780761477.11204,15,89.78125,715.0
1780761477.11204,15,91.109375,714.25
1780761477.11204,15,92.53125,713.75
1780761477.11204,15,93.765625,713.25
1780761477.11204,15,95.09375,713.5
1780761477.11204,15,96.421875,714.5
1780761477.11204,15,97.78125,715.75
1780761477.11204,15,99.125,717.25
1780761477.11204,15,100.4375,719.25
1780761477.11204,15,101.828125,722.25
1780761477.11204,15,103.171875,724.75
1780761477.11204,15,104.5,728.0
1780761477.11204,15,105.78125,731.5
1780761477.11204,15,107.125,735.0
1780761477.11204,15,111.890625,558.75
1780761477.11204,15,113.0625,562.0
1780761477.11204,15,114.359375,569.0
1780761477.11204,15,115.6875,575.5
1780761477.11204,15,117.03125,582.0
1780761477.11204,15,118.46875,589.0
1780761477.11204,15,119.546875,597.25
1780761477.11204,15,120.984375,605.75
1780761477.11204,15,122.28125,615.25
1780761477.11204,15,123.640625,627.5
1780761477.11204,15,125.5625,849.25
1780761477.11204,15,126.875,861.25
1780761477.11204,15,128.21875,873.25
1780761477.11204,15,129.515625,888.0
1780761477.11204,15,130.90625,903.75
1780761477.11204,15,132.34375,920.0
1780761477.11204,15,133.578125,934.25
1780761477.11204,15,134.921875,949.5
1780761477.11204,15,136.234375,967.0
1780761477.11204,15,137.5,987.0
1780761477.11204,15,138.8125,1008.25
1780761477.11204,15,140.21875,1028.25
1780761477.11204,15,142.828125,1081.0
1780761477.11204,15,145.375,1147.25
1780761477.11204,15,148.03125,1210.25
1780761477.11204,15,153.046875,1725.0
1780761477.11204,3,154.390625,1700.0
1780761477.11204,15,155.640625,1685.0
1780761477.11204,15,157.015625,1651.75
1780761477.11204,15,158.3125,1640.25
1780761477.11204,15,159.6875,1639.25
1780761477.11204,15,167.546875,1849.0
1780761477.11204,15,178.4375,1463.25
1780761477.11204,15,179.796875,1446.25
1780761477.11204,15,181.09375,1445.25
1780761477.11204,15,182.515625,1445.5
1780761477.11204,15,183.828125,1444.0
1780761477.11204,15,185.140625,1457.75
1780761477.11204,15,186.484375,1444.25
1780761477.11204,15,187.84375,1447.5
1780761477.11204,15,189.171875,1453.25
1780761477.11204,15,190.515625,1442.75
1780761477.11204,15,196.90625,1846.25
1780761477.11204,15,205.03125,1833.75
1780761477.11204,15,210.6875,1320.5
1780761477.11204,15,225.3125,637.75
1780761477.11204,15,226.703125,642.25
1780761477.11204,15,227.953125,645.25
1780761477.11204,15,229.234375,648.75
1780761477.11204,15,230.671875,653.5
1780761477.11204,15,231.9375,658.25
1780761477.11204,15,233.265625,663.25
1780761477.11204,15,234.484375,669.0
1780761477.11204,15,235.8125,674.75
1780761477.11204,15,237.109375,681.25
1780761477.11204,15,238.40625,688.75
1780761477.11204,15,239.75,696.25
1780761477.11204,15,241.078125,703.75
1780761477.11204,15,249.375,1539.75
1780761477.11204,7,250.734375,1529.5
1780761477.11204,15,252.09375,1528.0
1780761477.11204,15,253.40625,1510.25
1780761477.11204,15,254.828125,1485.5
1780761477.11204,15,256.15625,1468.75
1780761477.11204,15,257.484375,1458.75
1780761477.11204,15,258.84375,1456.75
1780761477.11204,15,260.1875,1442.0
1780761477.11204,15,261.53125,1434.0
1780761477.11204,7,262.890625,1432.75
1780761477.11204,15,264.171875,1417.75
1780761477.11204,15,265.515625,1410.75
1780761477.11204,15,266.859375,1410.0
1780761477.11204,15,268.234375,1409.75
1780761477.11204,15,269.578125,1409.5
1780761477.11204,15,270.90625,1409.25
1780761477.11204,15,272.25,1410.25
1780761477.11204,15,273.578125,1410.25
1780761477.11204,15,274.921875,1410.0
1780761477.11204,15,276.171875,1410.25
1780761477.11204,15,277.515625,1410.75
1780761477.11204,15,278.859375,1411.0
1780761477.11204,15,280.140625,1411.5
1780761477.11204,7,281.46875,1412.0
1780761477.11204,15,282.84375,1420.0
1780761477.11204,15,284.125,1428.0
1780761477.11204,15,285.46875,1437.0
1780761477.11204,15,286.765625,1451.5
1780761477.11204,15,288.171875,1457.75
1780761477.11204,15,293.46875,624.25
1780761477.11204,15,294.859375,617.25
1780761477.11204,15,296.21875,612.75
1780761477.11204,15,297.5625,610.0
1780761477.11204,5,303.015625,1375.0
1780761477.11204,15,304.34375,1386.0
1780761477.11204,15,305.71875,1404.5
1780761477.11204,15,311.90625,799.5
1780761477.11204,15,331.28125,1442.75
1780761477.11204,15,332.578125,1435.25
1780761477.11204,15,333.96875,1435.25
1780761477.11204,15,339.203125,1686.25
1780761477.11204,15,340.515625,1660.75
1780761477.11204,15,341.859375,1649.5
1780761477.11204,15,343.25,1624.5
1780761477.11204,15,347.546875,1234.5
1780761477.11204,15,348.90625,1241.75
1780761477.11204,15,350.203125,1247.5
1780761477.2493913,15,351.484375,1252.75
1780761477.2493913,15,352.90625,1255.0
1780761477.2493913,15,354.25,1235.0
1780761477.2493913,15,355.53125,1221.5
1780761477.2493913,15,356.96875,1222.5
1780761477.2493913,15,358.25,1231.0
1780761477.2493913,15,359.578125,1224.5
1780761477.2493913,15,1.015625,1213.5
1780761477.2493913,15,2.296875,1211.25
1780761477.2493913,15,3.6875,1212.0
1780761477.2493913,15,5.015625,1216.0
1780761477.2493913,15,6.375,1218.75
1780761477.2493913,15,7.609375,1222.25
1780761477.2493913,15,9.015625,1219.75
1780761477.2493913,15,10.375,1216.0
1780761477.2493913,15,11.71875,1215.0
1780761477.2493913,15,13.09375,1223.25
1780761477.2493913,15,17.125,1228.5
1780761477.2493913,15,18.4375,1254.5
1780761477.2493913,15,19.75,1284.25
1780761477.2493913,15,27.296875,2294.25
1780761477.2493913,15,30.296875,1501.5
1780761477.2493913,15,35.765625,1628.25
1780761477.2493913,15,38.8125,1182.0
1780761477.2493913,15,41.578125,1131.0
1780761477.2493913,15,45.6875,1039.25
1780761477.2493913,15,47.15625,1018.25
1780761477.2493913,15,48.453125,994.5
1780761477.2493913,15,49.796875,971.25
1780761477.2493913,15,51.21875,951.25
1780761477.2493913,15,52.59375,929.5
1780761477.2493913,15,54.046875,916.0
1780761477.2493913,15,55.4375,904.5
1780761477.2493913,15,56.78125,886.5
1780761477.2493913,15,58.1875,872.25
1780761477.2493913,15,59.46875,859.25
1780761477.2493913,15,60.859375,846.25
1780761477.2493913,15,62.171875,833.0
1780761477.2493913,15,63.5,820.75
1780761477.2493913,15,64.84375,810.25
1780761477.2493913,15,66.21875,800.25
1780761477.2493913,15,67.640625,790.5
1780761477.2493913,15,69.109375,782.25
1780761477.2493913,15,70.40625,775.0
1780761477.2493913,15,71.765625,768.25
1780761477.2493913,15,73.15625,760.5
1780761477.2493913,15,74.484375,754.25
1780761477.2493913,15,75.890625,747.75
1780761477.2493913,15,77.203125,742.0
1780761477.2493913,15,78.53125,738.0
1780761477.2493913,15,79.90625,734.5
1780761477.2493913,15,81.328125,731.5
1780761477.2493913,15,82.703125,728.25
1780761477.2493913,15,84.015625,724.75
1780761477.2493913,15,85.21875,721.25
1780761477.2493913,15,86.546875,718.75
1780761477.2493913,15,87.953125,716.5
1780761477.2493913,15,89.359375,715.75
1780761477.2493913,15,90.71875,714.5
1780761477.2493913,15,91.953125,713.5
1780761477.2493913,15,93.453125,714.75
1780761477.2493913,15,94.78125,715.0
1780761477.2493913,15,96.015625,716.0
1780761477.2493913,15,97.40625,717.25
1780761477.2493913,15,98.75,718.0
1780761477.2493913,15,100.03125,719.0
1780761477.2493913,15,101.359375,721.5
1780761477.2493913,15,102.84375,725.25
1780761477.2493913,15,104.109375,728.75
1780761477.2493913,15,108.84375,548.5
1780761477.2493913,15,110.15625,552.25
1780761477.2493913,15,111.421875,556.5
1780761477.2493913,15,112.625,562.75
1780761477.2493913,15,114.03125,569.5
1780761477.2493913,15,115.4375,575.75
1780761477.2493913,15,116.625,582.5
1780761477.2493913,15,117.96875,590.5
1780761477.2493913,15,119.203125,599.0
1780761477.2493913,15,120.6875,607.75
1780761477.2493913,15,122.625,821.25
1780761477.2493913,15,124.0,832.25
1780761477.2493913,15,125.21875,845.25
1780761477.2493913,15,126.625,857.75
1780761477.2493913,15,128.0,869.25
1780761477.2493913,15,129.25,883.25
1780761477.2493913,15,130.578125,898.25
1780761477.2493913,15,131.765625,913.0
1780761477.2493913,15,133.171875,926.5
1780761477.2493913,11,134.40625,944.5
1780761477.2493913,15,135.703125,964.25
1780761477.2493913,15,137.015625,982.75
1780761477.2493913,10,138.359375,1002.5
1780761477.2493913,15,139.75,1022.0
1780761477.2493913,15,140.984375,1042.75
1780761477.2493913,15,143.5625,1114.5
1780761477.2493913,15,144.9375,1139.0
1780761477.2493913,6,152.53125,1687.0
1780761477.2493913,15,155.296875,1656.0
1780761477.2493913,15,156.65625,1619.0
1780761477.2493913,15,157.984375,1597.75
1780761477.2493913,15,167.328125,1822.0
1780761477.2493913,15,178.25,1427.25
1780761477.2493913,15,179.609375,1427.25
1780761477.2493913,15,180.921875,1427.25
1780761477.2493913,15,182.28125,1427.0
1780761477.2493913,15,183.609375,1435.0
1780761477.2493913,15,184.953125,1443.0
1780761477.2493913,15,186.3125,1435.0
1780761477.2493913,15,187.625,1427.25
1780761477.2493913,15,188.96875,1435.0
1780761477.2493913,15,190.359375,1435.0
1780761477.2493913,15,191.6875,1427.5
1780761477.2493913,15,196.859375,1775.25
1780761477.2493913,15,210.671875,1320.75
1780761477.2493913,15,228.15625,615.75
1780761477.2493913,15,229.296875,617.25
1780761477.2493913,15,230.703125,621.0
1780761477.2493913,15,232.109375,627.25
1780761477.2493913,15,233.3125,632.5
1780761477.2493913,15,234.578125,636.75
1780761477.2493913,15,236.09375,642.0
1780761477.2493913,15,237.40625,648.0
1780761477.2493913,15,238.625,654.75
1780761477.2493913,15,239.953125,662.0
1780761477.2493913,15,241.203125,669.75
1780761477.2493913,15,242.5625,677.75
1780761477.2493913,15,243.9375,686.5
1780761477.2493913,15,245.359375,686.25
1780761477.2493913,15,249.40625,1539.5
1780761477.2493913,6,250.78125,1529.25
1780761477.2493913,15,253.453125,1463.0
1780761477.2493913,15,254.8125,1479.75
1780761477.2493913,15,256.203125,1472.75
1780761477.2493913,15,257.484375,1463.25
1780761477.2493913,15,258.890625,1457.25
1780761477.2493913,15,260.21875,1449.0
1780761477.2493913,15,261.5625,1434.25
1780761477.2493913,6,262.921875,1419.5
1780761477.2493913,15,264.265625,1411.25
1780761477.2493913,15,265.5625,1410.75
1780761477.2493913,15,266.9375,1410.0
1780761477.2493913,15,268.25,1409.25
1780761477.2493913,15,269.578125,1409.0
1780761477.2493913,15,270.953125,1408.75
1780761477.2493913,15,272.3125,1409.5
1780761477.2493913,15,273.640625,1409.5
1780761477.2493913,15,274.953125,1409.5
1780761477.2493913,15,276.296875,1410.0
1780761477.2493913,15,277.671875,1410.75
1780761477.2493913,15,279.015625,1411.25
1780761477.2493913,15,280.3125,1411.5
1780761477.2493913,7,281.703125,1418.25
1780761477.2493913,15,282.984375,1433.0
1780761477.2493913,15,284.34375,1441.0
1780761477.2493913,15,285.65625,1448.75
1780761477.2493913,15,286.96875,1457.0
1780761477.2493913,15,288.375,1458.0
1780761477.2493913,15,289.625,1467.75
1780761477.2493913,15,291.015625,1479.5
1780761477.2493913,7,292.3125,1505.5
1780761477.2493913,15,296.28125,639.75
1780761477.2493913,15,297.765625,634.0
1780761477.2493913,15,298.96875,629.75
1780761477.2493913,15,300.46875,626.0
1780761477.2493913,15,305.8125,1393.75
1780761477.2493913,15,307.15625,1407.75
1780761477.2493913,15,313.296875,826.5
1780761477.2493913,15,332.640625,1443.25
1780761477.2493913,15,333.984375,1442.75
1780761477.2493913,15,344.546875,1650.0
1780761477.2493913,15,347.53125,1271.75
1780761477.2493913,15,348.765625,1283.75
1780761477.2493913,15,350.140625,1288.5
1780761477.3870602,15,351.53125,1285.25
1780761477.3870602,15,352.796875,1289.0
1780761477.3870602,15,354.1875,1279.5
1780761477.3870602,15,355.515625,1264.5
1780761477.3870602,15,356.859375,1262.0
1780761477.3870602,15,358.234375,1260.75
1780761477.3870602,15,359.53125,1260.75
1780761477.3870602,15,0.875,1253.25
1780761477.3870602,15,2.234375,1248.0
1780761477.3870602,15,3.578125,1250.25
1780761477.3870602,15,4.9375,1250.25
1780761477.3870602,15,6.21875,1256.75
1780761477.3870602,15,7.59375,1259.25
1780761477.3870602,15,8.96875,1255.0
1780761477.3870602,15,10.296875,1255.75
1780761477.3870602,15,11.59375,1258.5
1780761477.3870602,15,12.9375,1263.5
1780761477.3870602,15,14.21875,1264.75
1780761477.3870602,15,15.625,1254.25
1780761477.3870602,15,16.9375,1262.75
1780761477.3870602,15,18.234375,1286.25
1780761477.3870602,13,34.0625,1661.5
1780761477.3870602,15,37.09375,1219.0
1780761477.3870602,15,41.125,1131.75
1780761477.3870602,15,45.28125,1040.75
1780761477.3870602,15,46.625,1019.75
1780761477.3870602,15,48.0625,995.75
1780761477.3870602,15,49.484375,975.5
1780761477.3870602,15,50.828125,953.0
1780761477.3870602,15,52.109375,934.5
1780761477.3870602,15,53.515625,920.0
1780761477.3870602,15,54.84375,903.25
1780761477.3870602,15,56.25,888.0
1780761477.3870602,15,57.578125,873.0
1780761477.3870602,15,59.015625,860.0
1780761477.3870602,15,60.296875,846.75
1780761477.3870602,15,61.6875,833.5
1780761477.3870602,15,63.125,820.75
1780761477.3870602,15,64.453125,810.0
1780761477.3870602,15,65.859375,800.75
1780761477.3870602,15,67.25,790.75
1780761477.3870602,15,68.53125,781.75
1780761477.3870602,15,69.8125,773.75
1780761477.3870602,15,71.296875,766.0
1780761477.3870602,15,72.65625,759.25
1780761477.3870602,15,74.046875,753.0
1780761477.3870602,15,75.359375,746.5
1780761477.3870602,15,76.671875,741.5
1780761477.3870602,15,78.03125,736.75
1780761477.3870602,15,79.390625,732.5
1780761477.3870602,15,80.6875,729.25
1780761477.3870602,15,82.078125,725.75
1780761477.3870602,15,83.421875,722.75
1780761477.3870602,15,84.828125,718.75
1780761477.3870602,15,86.09375,715.75
1780761477.3870602,15,87.421875,714.25
1780761477.3870602,15,88.71875,712.5
1780761477.3870602,15,90.171875,711.75
1780761477.3870602,15,91.484375,712.25
1780761477.3870602,15,92.734375,711.25
1780761477.3870602,15,94.0625,710.75
1780761477.3870602,15,95.46875,711.0
1780761477.3870602,15,96.78125,711.75
1780761477.3870602,15,98.109375,713.75
1780761477.3870602,15,99.46875,715.0
1780761477.3870602,15,100.8125,717.25
1780761477.3870602,15,105.390625,538.0
1780761477.3870602,15,106.796875,542.25
1780761477.3870602,15,108.203125,546.0
1780761477.3870602,15,109.59375,550.0
1780761477.3870602,15,110.78125,553.75
1780761477.3870602,15,112.09375,559.0
1780761477.3870602,15,113.453125,566.0
1780761477.3870602,15,114.75,573.5
1780761477.3870602,15,116.125,580.75
1780761477.3870602,15,117.40625,588.0
1780761477.3870602,15,122.140625,811.75
1780761477.3870602,15,123.328125,822.5
1780761477.3870602,15,124.734375,835.0
1780761477.3870602,15,125.96875,848.0
1780761477.3870602,15,127.34375,860.75
1780761477.3870602,15,128.609375,873.5
1780761477.3870602,15,129.921875,887.75
1780761477.3870602,15,131.34375,906.25
1780761477.3870602,15,132.546875,920.0
1780761477.3870602,15,133.890625,931.25
1780761477.3870602,15,135.171875,951.5
1780761477.3870602,15,136.5,969.25
1780761477.3870602,15,137.71875,988.75
1780761477.3870602,15,139.046875,1009.5
1780761477.3870602,15,140.375,1027.25
1780761477.3870602,15,143.0,1092.0
1780761477.3870602,15,153.28125,1646.0
1780761477.3870602,5,155.96875,1582.0
1780761477.3870602,15,157.296875,1572.75
1780761477.3870602,15,165.171875,1769.0
1780761477.3870602,15,166.484375,1783.0
1780761477.3870602,15,167.828125,1769.0
1780761477.3870602,15,177.375,1408.75
1780761477.3870602,15,178.71875,1408.75
1780761477.3870602,15,180.15625,1408.75
1780761477.3870602,15,181.53125,1408.5
1780761477.3870602,15,182.875,1408.5
1780761477.3870602,15,184.21875,1408.5
1780761477.3870602,15,185.515625,1408.75
1780761477.3870602,15,186.90625,1408.75
1780761477.3870602,15,188.203125,1409.0
1780761477.3870602,15,189.546875,1409.25
1780761477.3870602,15,190.890625,1409.5
1780761477.3870602,15,192.203125,1418.25
1780761477.3870602,15,197.40625,1759.0
1780761477.3870602,15,205.5,1759.0
1780761477.3870602,15,206.859375,1746.75
1780761477.3870602,15,215.3125,1173.75
1780761477.3870602,15,229.90625,586.0
1780761477.3870602,15,231.140625,591.75
1780761477.3870602,15,232.65625,595.25
1780761477.3870602,15,233.921875,600.0
1780761477.3870602,15,235.203125,605.5
1780761477.3870602,15,236.5,610.25
1780761477.3870602,15,237.8125,615.5
1780761477.3870602,15,239.21875,622.0
1780761477.3870602,15,240.34375,629.75
1780761477.3870602,15,241.703125,637.0
1780761477.3870602,15,243.0,644.5
1780761477.3870602,15,244.390625,653.5
1780761477.3870602,15,245.59375,663.25
1780761477.3870602,6,251.109375,1538.25
1780761477.3870602,15,252.46875,1528.0
1780761477.3870602,15,253.828125,1510.0
1780761477.3870602,15,255.1875,1484.0
1780761477.3870602,15,256.546875,1466.75
1780761477.3870602,15,257.859375,1457.0
1780761477.3870602,15,259.21875,1448.75
1780761477.3870602,15,260.53125,1441.0
1780761477.3870602,15,261.859375,1433.0
1780761477.3870602,15,263.25,1424.75
1780761477.3870602,15,264.546875,1417.5
1780761477.3870602,15,265.890625,1410.5
1780761477.3870602,15,267.234375,1410.25
1780761477.3870602,15,268.5625,1410.0
1780761477.3870602,15,269.9375,1409.5
1780761477.3870602,15,271.25,1401.75
1780761477.3870602,15,272.578125,1401.75
1780761477.3870602,15,273.90625,1409.25
1780761477.3870602,15,275.234375,1410.0
1780761477.3870602,15,276.609375,1410.25
1780761477.3870602,15,277.90625,1410.0
1780761477.3870602,15,279.234375,1410.5
1780761477.3870602,15,280.625,1411.25
1780761477.3870602,7,281.96875,1418.5
1780761477.3870602,15,283.25,1433.25
1780761477.3870602,15,284.609375,1448.75
1780761477.3870602,15,285.921875,1456.75
1780761477.3870602,15,287.265625,1457.25
1780761477.3870602,15,288.5625,1464.0
1780761477.3870602,15,289.90625,1476.0
1780761477.3870602,15,291.25,1483.75
1780761477.3870602,8,292.515625,1507.5
1780761477.3870602,15,293.859375,1529.75
1780761477.3870602,15,299.265625,656.75
1780761477.3870602,15,300.46875,652.25
1780761477.3870602,15,301.84375,648.75
1780761477.3870602,15,303.234375,646.0
1780761477.3870602,15,307.328125,1436.75
1780761477.3870602,15,308.71875,1441.25
1780761477.3870602,15,316.09375,852.5
1780761477.3870602,15,339.375,1747.75
1780761477.3870602,15,342.0625,1733.25
1780761477.3870602,3,343.40625,1708.25
1780761477.3870602,15,347.734375,1310.25
1780761477.3870602,15,349.0,1315.25
1780761477.3870602,15,350.40625,1325.25
1780761477.524478,15,351.671875,1320.75
1780761477.524478,15,353.015625,1326.25
1780761477.524478,15,355.734375,1286.5
1780761477.524478,15,357.125,1291.25
1780761477.524478,15,358.40625,1297.5
1780761477.524478,15,359.765625,1296.25
1780761477.524478,15,1.09375,1294.5
1780761477.524478,15,2.5,1292.5
1780761477.524478,15,3.796875,1287.5
1780761477.524478,15,5.125,1288.0
1780761477.524478,15,6.46875,1292.5
1780761477.524478,15,7.828125,1294.0
1780761477.524478,15,9.140625,1289.5
1780761477.524478,15,10.453125,1295.0
1780761477.524478,15,11.921875,1296.0
1780761477.524478,15,13.328125,1279.75
1780761477.524478,15,14.59375,1281.75
1780761477.524478,15,16.0,1294.0
1780761477.524478,15,17.265625,1310.25
1780761477.524478,15,29.1875,1561.5
1780761477.524478,15,36.140625,1231.5
1780761477.524478,15,37.46875,1225.25
1780761477.524478,15,40.21875,1160.5
1780761477.524478,15,43.046875,1094.25
1780761477.524478,15,45.71875,1028.0
1780761477.524478,15,47.1875,1008.75
1780761477.524478,15,48.453125,987.25
1780761477.524478,15,49.84375,966.75
1780761477.524478,15,51.28125,947.0
1780761477.524478,15,52.546875,928.75
1780761477.524478,15,53.9375,914.5
1780761477.524478,15,55.375,899.5
1780761477.524478,15,56.75,884.0
1780761477.524478,15,58.109375,868.5
1780761477.524478,15,59.453125,855.25
1780761477.524478,15,60.875,841.75
1780761477.524478,15,62.171875,827.25
1780761477.524478,15,63.5,816.75
1780761477.524478,15,64.96875,808.0
1780761477.524478,15,66.234375,796.5
1780761477.524478,15,67.703125,786.75
1780761477.524478,15,69.03125,780.0
1780761477.524478,15,70.453125,772.5
1780761477.524478,15,71.796875,764.0
1780761477.524478,15,73.125,757.0
1780761477.524478,15,74.40625,750.25
1780761477.524478,15,75.859375,744.0
1780761477.524478,15,77.21875,739.0
1780761477.524478,15,78.4375,735.75
1780761477.524478,15,79.953125,732.0
1780761477.524478,15,81.28125,726.5
1780761477.524478,15,82.640625,723.25
1780761477.524478,15,83.875,720.75
1780761477.524478,15,85.28125,718.75
1780761477.524478,15,86.703125,716.0
1780761477.524478,15,87.9375,713.75
1780761477.524478,15,89.4375,713.0
1780761477.524478,15,90.765625,712.0
1780761477.524478,15,92.078125,711.75
1780761477.524478,15,93.34375,711.25
1780761477.524478,15,96.015625,712.0
1780761477.524478,15,97.390625,712.75
1780761477.524478,15,102.046875,530.75
1780761477.524478,15,103.515625,534.25
1780761477.524478,15,104.765625,537.75
1780761477.524478,15,106.1875,541.0
1780761477.524478,15,107.46875,544.75
1780761477.524478,15,108.59375,548.75
1780761477.524478,15,109.96875,552.5
1780761477.524478,15,111.21875,557.75
1780761477.524478,15,112.609375,564.75
1780761477.524478,15,113.828125,572.25
1780761477.524478,15,118.5,786.75
1780761477.524478,15,119.859375,796.0
1780761477.524478,15,121.203125,806.25
1780761477.524478,15,122.578125,814.75
1780761477.524478,15,123.828125,826.0
1780761477.524478,15,125.140625,837.5
1780761477.524478,15,126.453125,850.25
1780761477.524478,15,127.828125,865.5
1780761477.524478,15,129.125,875.75
1780761477.524478,15,130.375,890.25
1780761477.524478,15,131.71875,907.5
1780761477.524478,15,133.046875,921.5
1780761477.524478,10,134.375,938.75
1780761477.524478,15,135.625,957.5
1780761477.524478,15,136.921875,977.5
1780761477.524478,8,138.21875,997.75
1780761477.524478,15,139.5625,1017.5
1780761477.524478,15,140.828125,1038.5
1780761477.524478,6,142.15625,1065.5
1780761477.524478,15,151.0625,1628.25
1780761477.524478,15,152.390625,1615.0
1780761477.524478,15,155.140625,1559.75
1780761477.524478,15,156.53125,1555.75
1780761477.524478,15,157.875,1554.25
1780761477.524478,15,165.75,1757.5
1780761477.524478,6,167.09375,1744.5
1780761477.524478,15,178.109375,1363.5
1780761477.524478,15,179.421875,1363.25
1780761477.524478,15,180.703125,1363.25
1780761477.524478,15,182.078125,1364.75
1780761477.524478,15,186.140625,1362.25
1780761477.524478,15,187.40625,1361.0
1780761477.524478,15,188.78125,1364.75
1780761477.524478,15,190.140625,1369.0
1780761477.524478,6,191.421875,1372.25
1780761477.524478,15,196.578125,1730.5
1780761477.524478,15,197.9375,1744.0
1780761477.524478,3,207.40625,1722.0
1780761477.524478,15,213.046875,1249.0
1780761477.524478,15,226.3125,1435.25
1780761477.524478,15,233.171875,563.25
1780761477.524478,15,234.640625,568.75
1780761477.524478,15,235.828125,574.5
1780761477.524478,15,237.1875,581.0
1780761477.524478,15,238.359375,586.25
1780761477.524478,15,239.84375,592.0
1780761477.524478,15,241.03125,599.0
1780761477.524478,15,242.296875,606.5
1780761477.524478,15,243.734375,613.75
1780761477.524478,15,245.03125,622.0
1780761477.524478,15,246.328125,630.75
1780761477.524478,15,247.609375,638.75
1780761477.524478,15,248.84375,649.0
1780761477.524478,15,250.25,661.25
1780761477.524478,15,251.546875,669.75
1780761477.524478,15,255.859375,1475.0
1780761477.524478,15,257.15625,1458.0
1780761477.524478,15,258.546875,1457.25
1780761477.524478,15,259.828125,1449.0
1780761477.524478,15,261.25,1441.0
1780761477.524478,7,262.59375,1432.5
1780761477.524478,7,263.890625,1417.75
1780761477.524478,15,265.28125,1410.5
1780761477.524478,15,266.578125,1411.0
1780761477.524478,15,267.921875,1410.75
1780761477.524478,15,269.265625,1410.5
1780761477.524478,15,270.609375,1410.25
1780761477.524478,15,272.0,1409.75
1780761477.524478,15,273.328125,1409.75
1780761477.524478,15,274.640625,1410.0
1780761477.524478,15,275.96875,1410.25
1780761477.524478,15,277.3125,1410.5
1780761477.524478,15,278.59375,1410.75
1780761477.524478,15,279.984375,1411.0
1780761477.524478,7,281.28125,1418.25
1780761477.524478,6,282.671875,1425.25
1780761477.524478,15,283.96875,1433.0
1780761477.524478,15,285.28125,1448.5
1780761477.524478,15,286.640625,1457.0
1780761477.524478,15,288.0,1458.25
1780761477.524478,15,289.265625,1468.5
1780761477.524478,15,290.625,1480.75
1780761477.524478,15,291.953125,1485.75
1780761477.524478,7,293.296875,1508.75
1780761477.524478,15,294.59375,1530.5
1780761477.524478,15,295.953125,1539.75
1780761477.524478,15,301.15625,678.0
1780761477.524478,15,302.578125,675.0
1780761477.524478,15,303.828125,671.5
1780761477.524478,15,305.296875,668.75
1780761477.524478,15,306.5,670.25
1780761477.524478,15,334.921875,1550.75
1780761477.524478,15,340.234375,1771.75
1780761477.524478,15,341.578125,1748.25
1780761477.524478,15,342.90625,1747.5
1780761477.524478,15,344.25,1746.5
1780761477.524478,15,348.53125,1354.25
1780761477.524478,15,349.828125,1356.0
1780761477.524478,15,351.140625,1358.0
1780761477.6620798,15,352.5,1357.75
1780761477.6620798,15,353.84375,1352.5
1780761477.6620798,15,355.25,1339.0
1780761477.6620798,15,356.546875,1330.75
1780761477.6620798,15,357.953125,1331.75
1780761477.6620798,15,359.21875,1329.75
1780761477.6620798,15,0.625,1331.25
1780761477.6620798,15,1.921875,1329.0
1780761477.6620798,15,3.296875,1317.5
1780761477.6620798,15,4.65625,1320.25
1780761477.6620798,15,5.96875,1324.75
1780761477.6620798,15,7.265625,1327.25
1780761477.6620798,15,8.625,1329.0
1780761477.6620798,15,9.984375,1331.0
1780761477.6620798,15,11.28125,1334.0
1780761477.6620798,15,12.5625,1336.5
1780761477.6620798,15,13.90625,1325.5
1780761477.6620798,15,15.25,1317.5
1780761477.6620798,15,16.546875,1337.75
1780761477.6620798,15,19.171875,1412.5
1780761477.6620798,15,28.453125,1594.75
1780761477.6620798,15,38.125,1213.75
1780761477.6620798,15,40.796875,1140.5
1780761477.6620798,9,43.625,1073.0
1780761477.6620798,9,46.328125,1017.5
1780761477.6620798,15,47.625,1003.75
1780761477.6620798,15,50.40625,958.0
1780761477.6620798,15,51.828125,938.0
1780761477.6620798,15,53.1875,923.75
1780761477.6620798,15,54.484375,909.0
1780761477.6620798,15,55.859375,890.75
1780761477.6620798,15,57.296875,874.5
1780761477.6620798,15,58.578125,861.25
1780761477.6620798,15,60.015625,847.75
1780761477.6620798,15,61.328125,834.5
1780761477.6620798,15,62.703125,821.25
1780761477.6620798,15,64.09375,810.0
1780761477.6620798,15,65.5,800.25
1780761477.6620798,15,66.734375,790.0
1780761477.6620798,15,68.09375,781.0
1780761477.6620798,15,69.5625,773.5
1780761477.6620798,15,70.9375,765.75
1780761477.6620798,15,72.28125,758.25
1780761477.6620798,15,73.5,751.5
1780761477.6620798,15,74.96875,745.25
1780761477.6620798,15,76.359375,740.0
1780761477.6620798,15,77.6875,735.0
1780761477.6620798,15,78.921875,730.5
1780761477.6620798,15,80.34375,727.5
1780761477.6620798,15,81.625,723.75
1780761477.6620798,15,83.046875,720.25
1780761477.6620798,15,84.375,717.25
1780761477.6620798,15,85.734375,715.0
1780761477.6620798,15,87.046875,713.0
1780761477.6620798,15,88.375,711.5
1780761477.6620798,15,89.84375,710.25
1780761477.6620798,15,93.796875,708.75
1780761477.6620798,15,97.15625,522.25
1780761477.6620798,15,98.625,525.0
1780761477.6620798,15,99.953125,526.75
1780761477.6620798,15,101.171875,529.25
1780761477.6620798,15,102.421875,532.25
1780761477.6620798,15,103.84375,535.0
1780761477.6620798,15,105.171875,538.75
1780761477.6620798,15,106.578125,543.0
1780761477.6620798,15,107.90625,547.0
1780761477.6620798,15,109.21875,551.25
1780761477.6620798,15,110.4375,556.5
1780761477.6620798,15,111.75,566.5
1780761477.6620798,15,113.671875,755.75
1780761477.6620798,15,115.109375,763.25
1780761477.6620798,15,116.296875,771.0
1780761477.6620798,15,117.671875,779.25
1780761477.6620798,15,119.0625,787.25
1780761477.6620798,15,120.234375,795.5
1780761477.6620798,15,121.53125,806.25
1780761477.6620798,15,122.9375,815.25
1780761477.6620798,15,124.171875,825.0
1780761477.6620798,15,125.515625,839.25
1780761477.6620798,15,126.78125,853.25
1780761477.6620798,15,128.171875,866.0
1780761477.6620798,15,129.4375,879.0
1780761477.6620798,15,130.71875,894.25
1780761477.6620798,15,132.046875,910.75
1780761477.6620798,15,133.421875,924.75
1780761477.6620798,11,134.65625,941.0
1780761477.6620798,15,135.9375,960.5
1780761477.6620798,15,137.28125,980.75
1780761477.6620798,8,138.546875,1001.25
1780761477.6620798,15,139.9375,1021.0
1780761477.6620798,15,141.234375,1041.5
1780761477.6620798,15,142.421875,1068.75
1780761477.6620798,15,147.390625,1651.75
1780761477.6620798,15,148.71875,1616.75
1780761477.6620798,15,150.0625,1597.75
1780761477.6620798,15,151.40625,1578.75
1780761477.6620798,15,152.765625,1560.25
1780761477.6620798,15,154.09375,1550.5
1780761477.6620798,15,166.140625,1721.0
1780761477.6620798,15,167.515625,1698.75
1780761477.6620798,15,177.140625,1340.0
1780761477.6620798,15,178.4375,1332.25
1780761477.6620798,15,179.765625,1332.0
1780761477.6620798,15,181.078125,1332.0
1780761477.6620798,15,182.46875,1331.75
1780761477.6620798,15,183.765625,1325.75
1780761477.6620798,15,185.109375,1320.0
1780761477.6620798,15,186.4375,1326.0
1780761477.6620798,15,187.78125,1332.25
1780761477.6620798,15,189.140625,1332.25
1780761477.6620798,15,190.5,1332.25
1780761477.6620798,15,191.84375,1339.0
1780761477.6620798,15,198.296875,1697.5
1780761477.6620798,15,207.640625,1695.75
1780761477.6620798,15,213.34375,1242.25
1780761477.6620798,15,216.140625,1151.5
1780761477.6620798,15,236.125,538.75
1780761477.6620798,15,237.609375,545.75
1780761477.6620798,15,239.0,551.0
1780761477.6620798,15,240.265625,556.75
1780761477.6620798,15,241.546875,563.0
1780761477.6620798,15,242.671875,571.0
1780761477.6620798,15,244.140625,579.0
1780761477.6620798,15,245.421875,585.75
1780761477.6620798,15,246.640625,594.0
1780761477.6620798,15,247.953125,603.0
1780761477.6620798,15,249.375,612.0
1780761477.6620798,15,250.59375,623.5
1780761477.6620798,15,251.984375,634.25
1780761477.6620798,15,253.234375,644.5
1780761477.6620798,15,254.59375,653.5
1780761477.6620798,15,257.328125,1450.0
1780761477.6620798,15,258.640625,1457.0
1780761477.6620798,15,259.96875,1449.25
1780761477.6620798,15,261.296875,1441.0
1780761477.6620798,6,262.6875,1433.0
1780761477.6620798,15,264.046875,1418.25
1780761477.6620798,15,265.34375,1410.25
1780761477.6620798,15,266.6875,1410.0
1780761477.6620798,15,268.015625,1410.25
1780761477.6620798,15,269.40625,1410.25
1780761477.6620798,15,270.75,1410.25
1780761477.6620798,15,272.046875,1410.25
1780761477.6620798,15,273.375,1410.25
1780761477.6620798,15,274.71875,1410.25
1780761477.6620798,15,276.0,1410.5
1780761477.6620798,15,277.296875,1410.5
1780761477.6620798,15,278.671875,1410.75
1780761477.6620798,15,279.96875,1411.0
1780761477.6620798,15,281.3125,1418.5
1780761477.6620798,15,282.625,1433.25
1780761477.6620798,15,283.921875,1440.75
1780761477.6620798,15,285.328125,1448.5
1780761477.6620798,15,286.59375,1457.0
1780761477.6620798,15,287.96875,1458.25
1780761477.6620798,15,289.25,1468.75
1780761477.6620798,15,290.625,1481.25
1780761477.6620798,9,291.9375,1490.0
1780761477.6620798,15,293.21875,1513.0
1780761477.6620798,15,294.53125,1530.5
1780761477.6620798,15,295.890625,1539.75
1780761477.6620798,6,297.21875,1558.0
1780761477.6620798,15,303.8125,698.0
1780761477.6620798,15,305.09375,696.5
1780761477.6620798,15,306.375,694.75
1780761477.6620798,15,307.859375,692.25
1780761477.6620798,15,309.03125,694.75
1780761477.6620798,15,319.28125,896.5
1780761477.6620798,15,339.828125,1819.75
1780761477.6620798,15,341.1875,1807.75
1780761477.6620798,15,342.5625,1772.0
1780761477.6620798,15,343.890625,1748.25
1780761477.6620798,15,345.21875,1748.0
1780761477.6620798,15,348.203125,1402.25
1780761477.6620798,15,349.515625,1404.0
1780761477.6620798,15,350.875,1407.5
1780761477.8000994,15,352.21875,1397.25
1780761477.8000994,15,353.546875,1394.25
1780761477.8000994,15,354.921875,1379.75
1780761477.8000994,15,356.21875,1363.5
1780761477.8000994,15,357.53125,1369.5
1780761477.8000994,15,358.921875,1372.75
1780761477.8000994,15,0.296875,1357.75
1780761477.8000994,15,1.625,1355.25
1780761477.8000994,15,2.921875,1360.5
1780761477.8000994,15,4.234375,1357.5
1780761477.8000994,15,5.640625,1358.25
1780761477.8000994,15,6.90625,1361.0
1780761477.8000994,15,8.296875,1363.0
1780761477.8000994,15,9.640625,1363.75
1780761477.8000994,15,10.96875,1369.75
1780761477.8000994,15,12.25,1372.5
1780761477.8000994,15,13.609375,1358.75
1780761477.8000994,15,14.953125,1353.25
1780761477.8000994,15,16.234375,1372.0
1780761477.8000994,15,18.84375,1460.5
1780761477.8000994,15,35.0625,1264.0
1780761477.8000994,15,36.46875,1255.0
1780761477.8000994,15,40.578125,1146.5
1780761477.8000994,15,43.390625,1080.75
1780761477.8000994,15,46.0625,1017.25
1780761477.8000994,15,47.484375,997.5
1780761477.8000994,15,48.828125,981.0
1780761477.8000994,12,50.1875,961.5
1780761477.8000994,15,51.578125,941.75
1780761477.8000994,15,52.984375,924.0
1780761477.8000994,15,54.234375,909.0
1780761477.8000994,15,55.609375,892.75
1780761477.8000994,15,57.078125,875.75
1780761477.8000994,15,58.390625,861.5
1780761477.8000994,15,59.796875,849.25
1780761477.8000994,15,61.203125,835.5
1780761477.8000994,15,62.546875,821.75
1780761477.8000994,15,63.90625,811.5
1780761477.8000994,15,65.28125,802.25
1780761477.8000994,15,66.546875,791.25
1780761477.8000994,15,68.0,782.75
1780761477.8000994,15,69.28125,775.25
1780761477.8000994,15,70.765625,767.0
1780761477.8000994,15,71.953125,760.25
1780761477.8000994,15,73.421875,754.0
1780761477.8000994,15,74.65625,747.5
1780761477.8000994,15,76.109375,740.75
1780761477.8000994,15,77.5,735.5
1780761477.8000994,15,78.765625,732.0
1780761477.8000994,15,80.234375,728.5
1780761477.8000994,15,81.484375,724.5
1780761477.8000994,15,82.75,720.5
1780761477.8000994,15,84.0625,717.25
1780761477.8000994,15,85.53125,714.75
1780761477.8000994,15,86.734375,712.75
1780761477.8000994,15,88.109375,711.25
1780761477.8000994,15,90.703125,713.0
1780761477.8000994,15,94.203125,521.75
1780761477.8000994,15,95.5625,523.0
1780761477.8000994,15,96.796875,524.0
1780761477.8000994,15,98.328125,525.25
1780761477.8000994,15,99.5,527.5
1780761477.8000994,15,100.890625,530.5
1780761477.8000994,15,102.25,533.0
1780761477.8000994,15,103.578125,536.5
1780761477.8000994,15,104.875,541.0
1780761477.8000994,15,106.0625,545.0
1780761477.8000994,15,107.4375,549.25
1780761477.8000994,15,112.09375,747.75
1780761477.8000994,15,113.296875,754.0
1780761477.8000994,15,114.65625,761.25
1780761477.8000994,15,115.9375,768.25
1780761477.8000994,15,117.203125,777.0
1780761477.8000994,15,118.578125,786.0
1780761477.8000994,15,119.84375,793.5
1780761477.8000994,15,121.1875,802.25
1780761477.8000994,15,122.53125,811.25
1780761477.8000994,15,123.859375,821.0
1780761477.8000994,15,125.171875,821.25
1780761477.8000994,15,127.6875,859.25
1780761477.8000994,15,129.046875,872.0
1780761477.8000994,15,130.40625,887.5
1780761477.8000994,15,131.546875,903.25
1780761477.8000994,15,132.890625,920.25
1780761477.8000994,15,134.125,936.0
1780761477.8000994,15,135.515625,951.75
1780761477.8000994,15,136.71875,970.25
1780761477.8000994,15,138.078125,991.75
1780761477.8000994,15,139.328125,1014.25
1780761477.8000994,15,140.609375,1036.25
1780761477.8000994,15,142.015625,1063.0
1780761477.8000994,15,143.3125,1082.75
1780761477.8000994,15,148.15625,1600.0
1780761477.8000994,6,149.5,1570.25
1780761477.8000994,15,150.84375,1549.25
1780761477.8000994,15,152.21875,1539.25
1780761477.8000994,3,153.53125,1530.0
1780761477.8000994,6,156.3125,1465.75
1780761477.8000994,15,157.59375,1456.0
1780761477.8000994,15,165.453125,1686.75
1780761477.8000994,15,177.71875,1257.25
1780761477.8000994,15,179.03125,1268.0
1780761477.8000994,15,180.484375,1266.75
1780761477.8000994,15,181.75,1265.0
1780761477.8000994,15,184.4375,1319.75
1780761477.8000994,15,187.109375,1257.5
1780761477.8000994,15,188.46875,1263.25
1780761477.8000994,15,197.5,1660.75
1780761477.8000994,15,198.84375,1673.25
1780761477.8000994,15,206.890625,1652.0
1780761477.8000994,15,208.203125,1639.0
1780761477.8000994,15,211.109375,1319.75
1780761477.8000994,15,216.671875,1131.0
1780761477.8000994,15,228.40625,1416.25
1780761477.8000994,15,231.15625,1339.5
1780761477.8000994,15,239.65625,518.5
1780761477.8000994,15,240.9375,525.75
1780761477.8000994,15,242.078125,531.75
1780761477.8000994,15,243.359375,539.25
1780761477.8000994,15,244.890625,546.75
1780761477.8000994,15,245.953125,554.25
1780761477.8000994,15,247.28125,561.75
1780761477.8000994,15,248.765625,570.5
1780761477.8000994,15,250.0625,580.5
1780761477.8000994,15,251.3125,589.75
1780761477.8000994,15,252.625,600.0
1780761477.8000994,15,253.9375,611.0
1780761477.8000994,15,255.0625,623.25
1780761477.8000994,15,256.359375,636.25
1780761477.8000994,15,257.796875,645.5
1780761477.8000994,15,260.484375,1441.25
1780761477.8000994,15,261.8125,1433.25
1780761477.8000994,15,263.171875,1426.5
1780761477.8000994,15,264.484375,1419.0
1780761477.8000994,15,265.828125,1410.75
1780761477.8000994,15,267.171875,1410.75
1780761477.8000994,15,268.546875,1410.25
1780761477.8000994,15,269.828125,1409.75
1780761477.8000994,15,271.203125,1410.0
1780761477.8000994,15,272.515625,1410.5
1780761477.8000994,15,273.84375,1410.0
1780761477.8000994,15,275.078125,1409.5
1780761477.8000994,15,276.453125,1409.75
1780761477.8000994,15,277.78125,1410.5
1780761477.8000994,7,279.109375,1410.75
1780761477.8000994,6,280.453125,1418.25
1780761477.8000994,6,281.71875,1432.0
1780761477.8000994,15,283.078125,1439.75
1780761477.8000994,15,284.390625,1448.75
1780761477.8000994,15,285.71875,1457.0
1780761477.8000994,15,287.0625,1457.5
1780761477.8000994,15,288.390625,1459.5
1780761477.8000994,15,289.71875,1476.25
1780761477.8000994,15,291.03125,1492.5
1780761477.8000994,8,292.296875,1511.0
1780761477.8000994,15,293.671875,1529.75
1780761477.8000994,15,295.0,1539.25
1780761477.8000994,15,296.265625,1548.5
1780761477.8000994,15,297.59375,1560.25
1780761477.8000994,15,301.671875,1595.25
1780761477.8000994,15,306.703125,720.0
1780761477.8000994,15,308.078125,716.25
1780761477.8000994,15,309.40625,714.25
1780761477.8000994,15,310.734375,714.25
1780761477.8000994,15,335.125,1619.5
1780761477.8000994,15,336.4375,1619.25
1780761477.8000994,15,343.0,1832.25
1780761477.8000994,15,344.359375,1807.75
1780761477.8000994,15,345.75,1784.0
1780761477.8000994,15,348.5625,1412.25
1780761477.8000994,15,349.84375,1427.0
1780761477.8000994,15,351.15625,1431.75
1780761477.9372182,15,352.546875,1424.25
1780761477.9372182,15,353.84375,1418.5
1780761477.9372182,15,355.1875,1410.25
1780761477.9372182,15,356.5625,1404.5
1780761477.9372182,15,357.890625,1413.75
1780761477.9372182,15,359.203125,1412.25
1780761477.9372182,15,0.5625,1407.0
1780761477.9372182,15,1.859375,1407.25
1780761477.9372182,15,3.234375,1403.0
1780761477.9372182,15,4.5625,1404.75
1780761477.9372182,15,5.890625,1405.5
1780761477.9372182,15,7.1875,1401.5
1780761477.9372182,15,8.5625,1402.25
1780761477.9372182,15,9.859375,1411.75
1780761477.9372182,15,11.1875,1409.5
1780761477.9372182,15,15.125,1405.5
1780761477.9372182,15,16.4375,1426.25
1780761477.9372182,11,26.96875,1660.75
1780761477.9372182,15,33.8125,1332.25
1780761477.9372182,15,36.625,1243.5
1780761477.9372182,15,40.796875,1131.5
1780761477.9372182,6,42.15625,1099.75
1780761477.9372182,15,44.859375,1038.0
1780761477.9372182,9,46.28125,1017.5
1780761477.9372182,15,47.609375,991.25
1780761477.9372182,15,49.046875,969.0
1780761477.9372182,15,50.40625,950.75
1780761477.9372182,15,51.671875,932.75
1780761477.9372182,15,53.109375,916.75
1780761477.9372182,15,54.5,900.75
1780761477.9372182,15,55.8125,885.75
1780761477.9372182,15,57.1875,870.0
1780761477.9372182,15,58.546875,858.0
1780761477.9372182,15,59.984375,845.25
1780761477.9372182,15,61.40625,830.0
1780761477.9372182,15,62.75,818.0
1780761477.9372182,15,64.0,807.0
1780761477.9372182,15,65.34375,796.25
1780761477.9372182,15,66.796875,787.25
1780761477.9372182,15,68.1875,780.25
1780761477.9372182,15,69.53125,772.75
1780761477.9372182,15,70.765625,765.25
1780761477.9372182,15,72.296875,756.75
1780761477.9372182,15,73.640625,750.0
1780761477.9372182,15,74.890625,743.25
1780761477.9372182,15,76.28125,736.5
1780761477.9372182,15,77.65625,733.0
1780761477.9372182,15,79.015625,730.0
1780761477.9372182,15,80.34375,725.0
1780761477.9372182,15,81.71875,720.5
1780761477.9372182,15,83.109375,717.5
1780761477.9372182,15,84.25,714.5
1780761477.9372182,15,85.703125,712.25
1780761477.9372182,15,89.125,515.75
1780761477.9372182,15,90.515625,520.0
1780761477.9372182,15,91.890625,521.25
1780761477.9372182,15,93.09375,521.5
1780761477.9372182,15,94.484375,521.25
1780761477.9372182,15,95.828125,522.25
1780761477.9372182,15,97.109375,524.25
1780761477.9372182,15,98.265625,526.5
1780761477.9372182,15,99.796875,529.25
1780761477.9372182,15,100.875,532.25
1780761477.9372182,15,102.46875,536.0
1780761477.9372182,15,103.703125,540.25
1780761477.9372182,15,108.21875,732.0
1780761477.9372182,15,109.484375,736.5
1780761477.9372182,15,110.90625,741.5
1780761477.9372182,15,112.265625,746.75
1780761477.9372182,15,113.484375,753.75
1780761477.9372182,15,114.78125,761.25
1780761477.9372182,15,116.09375,768.75
1780761477.9372182,15,117.484375,775.75
1780761477.9372182,15,118.84375,783.0
1780761477.9372182,15,120.03125,792.75
1780761477.9372182,15,121.40625,803.0
1780761477.9372182,15,122.625,812.75
1780761477.9372182,15,123.921875,823.0
1780761477.9372182,15,125.34375,834.5
1780761477.9372182,15,126.609375,848.0
1780761477.9372182,15,127.84375,860.5
1780761477.9372182,15,129.25,874.5
1780761477.9372182,15,130.46875,892.0
1780761477.9372182,15,131.921875,910.0
1780761477.9372182,15,133.1875,925.75
1780761477.9372182,13,134.4375,939.25
1780761477.9372182,15,135.84375,956.25
1780761477.9372182,15,137.046875,978.5
1780761477.9372182,15,138.4375,1000.5
1780761477.9372182,15,139.75,1019.0
1780761477.9372182,15,147.234375,1552.25
1780761477.9372182,15,148.53125,1540.75
1780761477.9372182,15,149.921875,1538.25
1780761477.9372182,15,152.625,1473.75
1780761477.9372182,15,153.96875,1466.75
1780761477.9372182,15,155.25,1442.0
1780761477.9372182,15,156.625,1427.5
1780761477.9372182,15,161.84375,1580.5
1780761477.9372182,15,165.828125,1634.0
1780761477.9372182,15,167.171875,1624.5
1780761477.9372182,7,176.796875,1244.75
1780761477.9372182,6,178.0625,1244.75
1780761477.9372182,15,179.40625,1244.25
1780761477.9372182,15,180.796875,1244.0
1780761477.9372182,15,182.109375,1244.0
1780761477.9372182,15,183.46875,1243.0
1780761477.9372182,15,186.046875,1243.25
1780761477.9372182,6,187.390625,1244.5
1780761477.9372182,6,188.71875,1244.75
1780761477.9372182,15,190.046875,1244.25
1780761477.9372182,8,191.375,1245.0
1780761477.9372182,15,196.46875,1600.75
1780761477.9372182,15,197.84375,1592.0
1780761477.9372182,15,207.234375,1625.25
1780761477.9372182,15,208.515625,1598.25
1780761477.9372182,15,212.875,1249.75
1780761477.9372182,15,219.75,1045.5
1780761477.9372182,15,223.71875,1028.5
1780761477.9372182,15,231.421875,1345.0
1780761477.9372182,15,242.671875,495.75
1780761477.9372182,15,243.859375,504.5
1780761477.9372182,15,245.25,511.0
1780761477.9372182,15,246.640625,518.5
1780761477.9372182,15,247.796875,526.0
1780761477.9372182,15,249.03125,534.75
1780761477.9372182,15,250.40625,544.25
1780761477.9372182,15,251.5625,553.5
1780761477.9372182,15,253.109375,562.75
1780761477.9372182,15,254.359375,574.0
1780761477.9372182,15,255.515625,585.5
1780761477.9372182,15,256.890625,596.75
1780761477.9372182,15,258.0625,609.25
1780761477.9372182,7,263.515625,1426.75
1780761477.9372182,15,264.8125,1418.75
1780761477.9372182,15,266.140625,1411.75
1780761477.9372182,15,267.515625,1411.25
1780761477.9372182,15,268.8125,1411.25
1780761477.9372182,15,270.203125,1411.25
1780761477.9372182,15,271.53125,1411.0
1780761477.9372182,15,272.828125,1411.0
1780761477.9372182,15,274.171875,1411.0
1780761477.9372182,15,275.46875,1409.75
1780761477.9372182,15,276.84375,1409.75
1780761477.9372182,15,278.125,1411.25
1780761477.9372182,7,279.515625,1418.25
1780761477.9372182,15,280.8125,1432.75
1780761477.9372182,15,282.125,1434.5
1780761477.9372182,15,283.484375,1435.0
1780761477.9372182,15,284.796875,1449.0
1780761477.9372182,15,286.140625,1457.0
1780761477.9372182,15,287.453125,1463.0
1780761477.9372182,15,288.8125,1473.5
1780761477.9372182,15,290.140625,1485.5
1780761477.9372182,15,291.46875,1510.0
1780761477.9372182,15,292.765625,1529.0
1780761477.9372182,15,294.09375,1538.75
1780761477.9372182,15,295.453125,1547.75
1780761477.9372182,7,296.78125,1549.75
1780761477.9372182,15,298.09375,1569.75
1780761477.9372182,15,299.453125,1589.5
1780761477.9372182,15,308.609375,742.75
1780761477.9372182,15,309.859375,740.75
1780761477.9372182,15,311.203125,739.5
1780761477.9372182,15,312.515625,739.25
1780761477.9372182,15,321.46875,950.0
1780761477.9372182,15,344.90625,1845.0
1780761477.9372182,15,346.25,1832.0
1780761477.9372182,15,349.109375,1442.75
1780761477.9372182,13,350.421875,1460.25
1780761478.0751338,14,351.828125,1462.5
1780761478.0751338,13,353.109375,1465.0
1780761478.0751338,15,355.84375,1432.75
1780761478.0751338,15,357.15625,1439.0
1780761478.0751338,15,358.484375,1447.5
1780761478.0751338,15,359.78125,1448.5
1780761478.0751338,15,1.125,1443.75
1780761478.0751338,15,2.515625,1442.5
1780761478.0751338,15,3.859375,1437.75
1780761478.0751338,15,5.171875,1430.75
1780761478.0751338,15,6.5,1431.5
1780761478.0751338,15,7.890625,1433.25
1780761478.0751338,15,9.171875,1436.5
1780761478.0751338,15,10.53125,1432.75
1780761478.0751338,15,11.875,1435.25
1780761478.0751338,15,13.234375,1438.0
1780761478.0751338,15,14.625,1437.25
1780761478.0751338,15,15.90625,1463.5
1780761478.0751338,15,17.25,1500.0
1780761478.0751338,8,26.546875,1686.5
1780761478.0751338,15,36.28125,1255.0
1780761478.0751338,15,40.40625,1139.5
1780761478.0751338,15,43.25,1072.5
1780761478.0751338,15,44.59375,1046.0
1780761478.0751338,9,45.984375,1020.5
1780761478.0751338,15,47.328125,999.5
1780761478.0751338,15,48.703125,979.5
1780761478.0751338,15,50.03125,957.75
1780761478.0751338,15,51.484375,938.25
1780761478.0751338,15,52.84375,923.5
1780761478.0751338,15,54.21875,907.25
1780761478.0751338,15,55.578125,890.75
1780761478.0751338,15,56.890625,874.25
1780761478.0751338,15,58.375,860.25
1780761478.0751338,15,59.734375,847.5
1780761478.0751338,15,61.03125,832.5
1780761478.0751338,15,62.390625,820.5
1780761478.0751338,15,63.734375,809.25
1780761478.0751338,15,65.0625,798.0
1780761478.0751338,15,66.5,788.25
1780761478.0751338,15,67.828125,779.75
1780761478.0751338,15,69.171875,772.0
1780761478.0751338,15,70.546875,765.75
1780761478.0751338,15,72.0,758.0
1780761478.0751338,15,73.234375,749.5
1780761478.0751338,15,74.578125,742.75
1780761478.0751338,15,76.03125,737.75
1780761478.0751338,15,77.34375,734.25
1780761478.0751338,15,78.6875,730.5
1780761478.0751338,15,80.015625,725.5
1780761478.0751338,15,81.390625,721.25
1780761478.0751338,15,82.71875,717.5
1780761478.0751338,15,86.140625,522.0
1780761478.0751338,15,87.671875,520.5
1780761478.0751338,15,88.984375,519.5
1780761478.0751338,15,90.15625,520.0
1780761478.0751338,15,91.421875,520.5
1780761478.0751338,15,92.90625,522.0
1780761478.0751338,15,94.3125,522.75
1780761478.0751338,15,95.453125,523.25
1780761478.0751338,15,96.96875,525.5
1780761478.0751338,15,98.28125,528.75
1780761478.0751338,15,99.40625,532.25
1780761478.0751338,15,100.703125,541.5
1780761478.0751338,15,102.75,715.25
1780761478.0751338,15,104.203125,718.0
1780761478.0751338,15,105.421875,721.25
1780761478.0751338,15,106.796875,726.5
1780761478.0751338,15,108.03125,730.75
1780761478.0751338,15,109.3125,734.0
1780761478.0751338,15,110.6875,739.75
1780761478.0751338,15,112.046875,745.75
1780761478.0751338,15,113.296875,752.25
1780761478.0751338,15,114.625,759.0
1780761478.0751338,15,116.0,765.75
1780761478.0751338,15,117.3125,773.5
1780761478.0751338,15,118.640625,780.5
1780761478.0751338,15,119.921875,788.75
1780761478.0751338,15,121.234375,798.75
1780761478.0751338,15,122.5625,809.75
1780761478.0751338,15,123.78125,820.5
1780761478.0751338,15,125.125,831.75
1780761478.0751338,15,126.40625,845.5
1780761478.0751338,15,127.84375,859.5
1780761478.0751338,15,129.125,872.25
1780761478.0751338,15,130.359375,887.0
1780761478.0751338,15,131.71875,902.0
1780761478.0751338,15,133.03125,917.25
1780761478.0751338,15,134.40625,936.25
1780761478.0751338,15,135.6875,956.5
1780761478.0751338,15,136.9375,974.75
1780761478.0751338,15,138.3125,995.0
1780761478.0751338,15,139.609375,1016.5
1780761478.0751338,15,140.890625,1026.0
1780761478.0751338,15,145.859375,1550.0
1780761478.0751338,5,147.203125,1530.5
1780761478.0751338,15,149.921875,1467.25
1780761478.0751338,15,151.265625,1444.5
1780761478.0751338,15,152.640625,1408.25
1780761478.0751338,15,153.953125,1399.75
1780761478.0751338,15,155.3125,1407.75
1780761478.0751338,15,156.625,1416.25
1780761478.0751338,15,163.171875,1596.25
1780761478.0751338,15,164.5625,1605.75
1780761478.0751338,15,165.890625,1589.5
1780761478.0751338,15,167.1875,1588.75
1780761478.0751338,15,176.875,1230.25
1780761478.0751338,15,178.171875,1219.5
1780761478.0751338,15,179.546875,1214.75
1780761478.0751338,15,180.875,1210.0
1780761478.0751338,15,182.21875,1209.75
1780761478.0751338,15,183.5625,1215.25
1780761478.0751338,15,184.890625,1220.75
1780761478.0751338,15,186.25,1215.75
1780761478.0751338,15,187.515625,1215.25
1780761478.0751338,15,188.859375,1221.25
1780761478.0751338,15,190.1875,1227.0
1780761478.0751338,15,191.609375,1228.25
1780761478.0751338,15,192.90625,1226.0
1780761478.0751338,15,197.984375,1571.0
1780761478.0751338,15,199.265625,1582.75
1780761478.0751338,15,208.859375,1581.0
1780761478.0751338,15,210.203125,1570.75
1780761478.0751338,15,213.125,1249.0
1780761478.0751338,15,220.0,1043.0
1780761478.0751338,15,221.484375,1023.25
1780761478.0751338,15,225.546875,1002.0
1780761478.0751338,15,231.84375,1339.0
1780761478.0751338,15,234.625,1258.25
1780761478.0751338,15,245.875,483.25
1780761478.0751338,15,247.171875,483.25
1780761478.0751338,15,248.34375,492.5
1780761478.0751338,15,249.65625,499.75
1780761478.0751338,15,251.15625,507.5
1780761478.0751338,15,252.234375,516.75
1780761478.0751338,15,253.4375,527.5
1780761478.0751338,15,254.90625,537.75
1780761478.0751338,15,256.25,548.0
1780761478.0751338,15,257.328125,558.5
1780761478.0751338,15,258.84375,571.0
1780761478.0751338,15,259.953125,584.75
1780761478.0751338,15,261.359375,598.5
1780761478.0751338,15,262.59375,613.5
1780761478.0751338,15,263.796875,631.25
1780761478.0751338,15,267.96875,1411.0
1780761478.0751338,15,269.265625,1410.5
1780761478.0751338,15,270.640625,1410.5
1780761478.0751338,15,271.984375,1410.0
1780761478.0751338,15,273.28125,1410.0
1780761478.0751338,15,274.671875,1410.25
1780761478.0751338,15,275.953125,1410.25
1780761478.0751338,15,277.25,1410.5
1780761478.0751338,15,278.578125,1410.75
1780761478.0751338,7,279.953125,1411.0
1780761478.0751338,15,281.28125,1418.75
1780761478.0751338,15,282.578125,1433.75
1780761478.0751338,15,283.953125,1449.0
1780761478.0751338,15,285.25,1449.25
1780761478.0751338,15,286.640625,1450.0
1780761478.0751338,15,287.96875,1465.5
1780761478.0751338,15,289.296875,1476.0
1780761478.0751338,15,290.5625,1486.0
1780761478.0751338,8,291.9375,1511.0
1780761478.0751338,15,293.25,1529.0
1780761478.0751338,4,294.609375,1530.25
1780761478.0751338,15,295.90625,1539.5
1780761478.0751338,7,297.25,1550.0
1780761478.0751338,15,298.515625,1570.75
1780761478.0751338,15,299.96875,1590.5
1780761478.0751338,15,301.3125,1599.25
1780761478.0751338,15,303.96875,1631.5
1780761478.0751338,15,311.65625,765.0
1780761478.0751338,15,313.078125,764.5
1780761478.0751338,15,314.390625,764.0
1780761478.0751338,15,315.703125,772.75
1780761478.0751338,13,349.578125,1497.25
1780761478.0751338,15,350.9375,1497.25
1780761478.2123063,13,352.265625,1498.25
1780761478.2123063,15,353.578125,1492.5
1780761478.2123063,14,354.953125,1486.75
1780761478.2123063,15,356.28125,1471.25
1780761478.2123063,15,357.640625,1467.75
1780761478.2123063,15,358.921875,1482.0
1780761478.2123063,15,0.359375,1477.0
1780761478.2123063,12,1.65625,1462.25
1780761478.2123063,15,3.0,1462.5
1780761478.2123063,15,4.359375,1461.25
1780761478.2123063,15,5.640625,1467.0
1780761478.2123063,12,7.015625,1477.0
1780761478.2123063,12,8.3125,1479.25
1780761478.2123063,15,9.703125,1470.0
1780761478.2123063,15,10.96875,1474.5
1780761478.2123063,15,12.265625,1477.75
1780761478.2123063,15,13.609375,1468.0
1780761478.2123063,15,14.953125,1480.5
1780761478.2123063,15,25.453125,1726.25
1780761478.2123063,15,33.703125,1321.0
1780761478.2123063,15,36.671875,1243.25
1780761478.2123063,15,40.765625,1131.5
1780761478.2123063,15,44.953125,1037.25
1780761478.2123063,15,46.3125,1016.5
1780761478.2123063,15,47.703125,991.0
1780761478.2123063,15,49.0625,968.5
1780761478.2123063,15,50.46875,950.25
1780761478.2123063,15,51.78125,930.25
1780761478.2123063,15,53.28125,914.0
1780761478.2123063,15,54.546875,898.25
1780761478.2123063,15,56.0,882.25
1780761478.2123063,15,57.34375,868.25
1780761478.2123063,15,58.75,855.25
1780761478.2123063,15,60.046875,839.75
1780761478.2123063,15,61.40625,826.5
1780761478.2123063,15,62.671875,816.5
1780761478.2123063,15,64.0625,805.75
1780761478.2123063,15,65.453125,795.5
1780761478.2123063,15,66.875,784.5
1780761478.2123063,15,68.15625,776.0
1780761478.2123063,15,69.609375,768.0
1780761478.2123063,15,70.984375,760.25
1780761478.2123063,15,72.203125,753.5
1780761478.2123063,15,73.625,746.25
1780761478.2123063,15,75.0625,738.75
1780761478.2123063,15,76.359375,734.75
1780761478.2123063,15,77.71875,732.5
1780761478.2123063,15,81.125,524.0
1780761478.2123063,15,82.5625,526.75
1780761478.2123063,15,83.828125,525.25
1780761478.2123063,15,85.140625,523.25
1780761478.2123063,15,86.375,521.75
1780761478.2123063,15,87.78125,520.0
1780761478.2123063,15,89.1875,519.75
1780761478.2123063,15,90.390625,522.5
1780761478.2123063,15,91.6875,523.75
1780761478.2123063,15,93.0625,523.75
1780761478.2123063,15,94.5,525.25
1780761478.2123063,15,95.921875,527.5
1780761478.2123063,15,100.328125,710.5
1780761478.2123063,15,101.703125,712.5
1780761478.2123063,15,103.171875,714.5
1780761478.2123063,15,104.453125,717.25
1780761478.2123063,15,105.765625,721.25
1780761478.2123063,15,107.046875,726.25
1780761478.2123063,15,108.515625,730.5
1780761478.2123063,15,109.796875,734.5
1780761478.2123063,15,111.140625,739.25
1780761478.2123063,15,112.46875,745.0
1780761478.2123063,15,113.8125,751.75
1780761478.2123063,15,114.984375,757.75
1780761478.2123063,15,116.375,765.5
1780761478.2123063,15,117.734375,774.0
1780761478.2123063,15,118.984375,781.75
1780761478.2123063,15,120.4375,789.75
1780761478.2123063,15,121.640625,799.75
1780761478.2123063,15,122.921875,810.5
1780761478.2123063,15,124.28125,821.5
1780761478.2123063,15,125.5625,834.0
1780761478.2123063,15,126.890625,847.5
1780761478.2123063,15,128.234375,860.25
1780761478.2123063,15,129.59375,873.75
1780761478.2123063,15,130.90625,890.25
1780761478.2123063,15,132.109375,908.0
1780761478.2123063,15,133.453125,923.75
1780761478.2123063,12,134.71875,938.25
1780761478.2123063,15,136.046875,958.25
1780761478.2123063,15,137.34375,978.75
1780761478.2123063,15,144.890625,1528.25
1780761478.2123063,15,147.5625,1439.0
1780761478.2123063,15,148.890625,1431.0
1780761478.2123063,15,150.234375,1426.75
1780761478.2123063,15,151.578125,1418.25
1780761478.2123063,6,152.984375,1395.5
1780761478.2123063,15,154.328125,1376.5
1780761478.2123063,4,155.609375,1386.25
1780761478.2123063,15,156.953125,1422.0
1780761478.2123063,1,162.25,1462.25
1780761478.2123063,15,164.90625,1570.0
1780761478.2123063,15,166.21875,1550.25
1780761478.2123063,15,177.25,1187.5
1780761478.2123063,15,178.515625,1187.25
1780761478.2123063,15,179.8125,1187.0
1780761478.2123063,15,181.171875,1186.75
1780761478.2123063,15,182.5,1182.0
1780761478.2123063,5,183.8125,1177.0
1780761478.2123063,5,185.15625,1176.5
1780761478.2123063,15,186.484375,1181.5
1780761478.2123063,15,187.8125,1187.0
1780761478.2123063,15,189.1875,1187.5
1780761478.2123063,15,190.484375,1187.75
1780761478.2123063,15,191.890625,1192.25
1780761478.2123063,15,193.171875,1197.5
1780761478.2123063,15,198.234375,1547.75
1780761478.2123063,15,199.5625,1559.0
1780761478.2123063,6,209.078125,1551.25
1780761478.2123063,15,210.390625,1531.75
1780761478.2123063,15,213.28125,1249.0
1780761478.2123063,15,220.28125,1038.0
1780761478.2123063,15,221.578125,1011.5
1780761478.2123063,12,222.96875,1000.25
1780761478.2123063,15,227.046875,953.75
1780761478.2123063,15,234.640625,1258.25
1780761478.2123063,12,236.015625,1256.0
1780761478.2123063,15,250.171875,467.25
1780761478.2123063,15,251.21875,470.5
1780761478.2123063,15,252.546875,480.25
1780761478.2123063,15,253.9375,488.75
1780761478.2123063,15,255.265625,497.5
1780761478.2123063,15,256.25,507.5
1780761478.2123063,15,257.65625,518.5
1780761478.2123063,15,258.78125,530.25
1780761478.2123063,15,260.1875,542.75
1780761478.2123063,15,261.390625,555.75
1780761478.2123063,15,262.703125,569.75
1780761478.2123063,15,264.09375,584.5
1780761478.2123063,15,265.34375,600.5
1780761478.2123063,15,266.46875,618.25
1780761478.2123063,15,267.8125,636.25
1780761478.2123063,15,270.578125,1411.0
1780761478.2123063,15,271.875,1410.5
1780761478.2123063,15,273.21875,1410.75
1780761478.2123063,15,274.546875,1410.75
1780761478.2123063,15,275.9375,1410.5
1780761478.2123063,15,277.234375,1410.75
1780761478.2123063,15,278.578125,1410.75
1780761478.2123063,15,279.90625,1411.25
1780761478.2123063,15,281.21875,1426.5
1780761478.2123063,15,282.609375,1441.5
1780761478.2123063,15,283.90625,1449.0
1780761478.2123063,15,285.21875,1456.75
1780761478.2123063,15,286.59375,1457.75
1780761478.2123063,15,287.859375,1466.0
1780761478.2123063,15,289.265625,1477.75
1780761478.2123063,10,290.53125,1486.75
1780761478.2123063,9,291.890625,1510.25
1780761478.2123063,15,293.21875,1529.0
1780761478.2123063,15,294.515625,1530.25
1780761478.2123063,15,295.859375,1539.5
1780761478.2123063,15,297.203125,1550.25
1780761478.2123063,15,298.53125,1571.0
1780761478.2123063,15,299.96875,1590.75
1780761478.2123063,15,301.25,1600.0
1780761478.2123063,15,305.28125,1613.0
1780761478.2123063,15,312.890625,789.75
1780761478.2123063,15,314.25,788.0
1780761478.2123063,15,315.625,788.0
1780761478.2123063,15,316.90625,788.5
1780761478.2123063,15,337.3125,1732.75
1780761478.2123063,15,349.546875,1517.75
1780761478.2123063,15,350.859375,1529.0
1780761478.3501353,15,352.171875,1535.75
1780761478.3501353,15,353.53125,1531.0
1780761478.3501353,15,354.84375,1526.0
1780761478.3501353,15,356.203125,1512.0
1780761478.3501353,15,357.5625,1505.75
1780761478.3501353,15,358.921875,1511.0
1780761478.3501353,15,0.203125,1528.0
1780761478.3501353,15,1.59375,1517.75
1780761478.3501353,15,2.921875,1501.75
1780761478.3501353,15,4.25,1499.75
1780761478.3501353,15,5.640625,1497.0
1780761478.3501353,15,6.9375,1505.75
1780761478.3501353,15,8.28125,1512.25
1780761478.3501353,15,9.625,1510.75
1780761478.3501353,15,11.015625,1513.75
1780761478.3501353,15,12.359375,1510.0
1780761478.3501353,15,13.703125,1502.5
1780761478.3501353,15,15.0,1515.75
1780761478.3501353,15,16.34375,1548.5
1780761478.3501353,15,31.15625,1425.75
1780761478.3501353,15,33.9375,1320.0
1780761478.3501353,15,36.75,1226.25
1780761478.3501353,15,38.109375,1193.0
1780761478.3501353,15,39.515625,1160.75
1780761478.3501353,15,40.890625,1130.5
1780761478.3501353,15,45.078125,1032.0
1780761478.3501353,15,46.484375,1011.0
1780761478.3501353,15,47.859375,985.75
1780761478.3501353,15,49.1875,964.5
1780761478.3501353,15,50.515625,947.75
1780761478.3501353,15,51.96875,929.0
1780761478.3501353,15,53.28125,911.0
1780761478.3501353,15,54.625,895.0
1780761478.3501353,15,56.0,880.75
1780761478.3501353,15,57.375,866.5
1780761478.3501353,15,58.78125,851.25
1780761478.3501353,15,60.09375,837.25
1780761478.3501353,15,61.453125,823.0
1780761478.3501353,15,62.953125,811.5
1780761478.3501353,15,64.203125,801.5
1780761478.3501353,15,65.5625,791.25
1780761478.3501353,15,67.0,781.75
1780761478.3501353,15,68.34375,773.25
1780761478.3501353,15,69.703125,764.5
1780761478.3501353,15,71.03125,756.75
1780761478.3501353,15,72.484375,749.75
1780761478.3501353,15,73.765625,743.5
1780761478.3501353,15,78.578125,534.25
1780761478.3501353,15,80.109375,532.0
1780761478.3501353,15,81.171875,529.0
1780761478.3501353,15,82.78125,527.0
1780761478.3501353,15,84.109375,525.25
1780761478.3501353,15,85.203125,523.75
1780761478.3501353,15,86.71875,522.5
1780761478.3501353,15,88.046875,523.0
1780761478.3501353,15,89.296875,524.25
1780761478.3501353,15,90.578125,524.5
1780761478.3501353,15,92.0,526.5
1780761478.3501353,15,96.6875,704.0
1780761478.3501353,15,98.03125,705.75
1780761478.3501353,15,99.328125,707.25
1780761478.3501353,15,100.625,709.0
1780761478.3501353,15,102.09375,711.5
1780761478.3501353,15,103.328125,714.25
1780761478.3501353,15,104.609375,717.25
1780761478.3501353,15,106.03125,720.5
1780761478.3501353,15,107.375,726.0
1780761478.3501353,15,108.59375,731.0
1780761478.3501353,15,109.921875,734.5
1780761478.3501353,15,111.359375,739.0
1780761478.3501353,15,112.59375,744.5
1780761478.3501353,15,113.984375,751.75
1780761478.3501353,15,115.203125,759.25
1780761478.3501353,15,116.59375,766.25
1780761478.3501353,15,118.0,773.75
1780761478.3501353,15,119.1875,782.5
1780761478.3501353,15,120.53125,791.75
1780761478.3501353,15,121.90625,801.5
1780761478.3501353,15,123.171875,811.5
1780761478.3501353,15,124.515625,822.75
1780761478.3501353,15,125.875,835.75
1780761478.3501353,15,127.140625,849.25
1780761478.3501353,15,128.421875,863.75
1780761478.3501353,15,129.6875,878.0
1780761478.3501353,15,131.125,893.5
1780761478.3501353,15,132.34375,909.75
1780761478.3501353,15,133.640625,925.5
1780761478.3501353,13,134.859375,943.25
1780761478.3501353,15,138.890625,966.25
1780761478.3501353,15,143.734375,1508.25
1780761478.3501353,5,145.03125,1482.75
1780761478.3501353,15,147.796875,1408.75
1780761478.3501353,15,149.09375,1384.5
1780761478.3501353,15,150.453125,1379.5
1780761478.3501353,15,151.8125,1370.75
1780761478.3501353,15,153.1875,1364.5
1780761478.3501353,15,154.484375,1350.0
1780761478.3501353,15,163.671875,1557.75
1780761478.3501353,15,165.0625,1538.75
1780761478.3501353,4,166.34375,1530.25
1780761478.3501353,15,175.96875,1151.0
1780761478.3501353,15,177.34375,1151.0
1780761478.3501353,15,178.71875,1147.0
1780761478.3501353,15,180.140625,1146.75
1780761478.3501353,15,181.5,1146.25
1780761478.3501353,15,182.796875,1146.25
1780761478.3501353,15,184.09375,1147.25
1780761478.3501353,15,185.484375,1156.75
1780761478.3501353,15,186.828125,1155.75
1780761478.3501353,15,188.171875,1146.75
1780761478.3501353,15,189.53125,1147.5
1780761478.3501353,15,190.8125,1153.0
1780761478.3501353,15,192.171875,1159.5
1780761478.3501353,9,193.46875,1164.75
1780761478.3501353,15,199.875,1538.5
1780761478.3501353,15,201.265625,1549.5
1780761478.3501353,15,216.265625,1154.5
1780761478.3501353,15,220.375,1032.5
1780761478.3501353,15,221.796875,1005.5
1780761478.3501353,15,223.125,981.0
1780761478.3501353,15,228.53125,939.5
1780761478.3501353,15,234.890625,1251.5
1780761478.3501353,15,236.1875,1244.75
1780761478.3501353,15,237.578125,1242.5
1780761478.3501353,15,254.421875,455.25
1780761478.3501353,15,255.625,461.0
1780761478.3501353,15,257.0625,471.0
1780761478.3501353,15,258.328125,481.0
1780761478.3501353,15,259.5,491.5
1780761478.3501353,15,260.828125,502.25
1780761478.3501353,15,262.0625,514.5
1780761478.3501353,15,263.40625,528.25
1780761478.3501353,15,264.40625,542.75
1780761478.3501353,15,265.90625,557.25
1780761478.3501353,15,268.375,592.75
1780761478.3501353,15,269.640625,611.0
1780761478.3501353,15,270.921875,627.25
1780761478.3501353,15,273.609375,1417.25
1780761478.3501353,15,275.0,1410.25
1780761478.3501353,15,276.265625,1417.0
1780761478.3501353,15,277.609375,1417.5
1780761478.3501353,7,278.984375,1411.25
1780761478.3501353,15,280.265625,1418.5
1780761478.3501353,15,281.625,1433.25
1780761478.3501353,15,282.9375,1441.25
1780761478.3501353,15,284.3125,1449.25
1780761478.3501353,15,285.625,1456.75
1780761478.3501353,15,287.0,1457.25
1780761478.3501353,15,288.3125,1468.5
1780761478.3501353,15,289.59375,1485.5
1780761478.3501353,15,290.9375,1509.75
1780761478.3501353,6,292.296875,1528.25
1780761478.3501353,15,293.640625,1529.75
1780761478.3501353,15,294.9375,1539.75
1780761478.3501353,15,296.3125,1549.25
1780761478.3501353,15,297.625,1560.25
1780761478.3501353,15,299.015625,1580.75
1780761478.3501353,15,300.296875,1592.25
1780761478.3501353,15,303.0,1649.75
1780761478.3501353,15,315.90625,813.25
1780761478.3501353,15,317.28125,814.75
1780761478.3501353,15,318.59375,816.75
1780761478.3501353,15,336.484375,1759.75
1780761478.3501353,15,337.8125,1747.5
1780761478.3501353,15,341.75,1999.25
1780761478.3501353,15,343.09375,1999.5
1780761478.3501353,15,349.9375,1560.25
1780761478.4874525,15,351.328125,1569.0
1780761478.4874525,15,352.65625,1565.25
1780761478.4874525,15,353.96875,1565.25
1780761478.4874525,15,355.359375,1560.25
1780761478.4874525,15,356.71875,1544.75
1780761478.4874525,15,358.015625,1542.25
1780761478.4874525,15,359.34375,1546.75
1780761478.4874525,15,0.6875,1546.0
1780761478.4874525,15,2.046875,1543.25
1780761478.4874525,15,3.390625,1549.0
1780761478.4874525,15,4.6875,1546.75
1780761478.4874525,15,6.078125,1545.75
1780761478.4874525,15,7.390625,1546.0
1780761478.4874525,15,8.71875,1543.0
1780761478.4874525,15,10.109375,1540.5
1780761478.4874525,15,12.8125,1569.25
1780761478.4874525,15,14.109375,1558.25
1780761478.4874525,15,15.453125,1582.5
1780761478.4874525,15,24.734375,1782.75
1780761478.4874525,15,30.34375,1435.75
1780761478.4874525,3,31.671875,1410.75
1780761478.4874525,15,35.84375,1255.0
1780761478.4874525,15,39.984375,1140.5
1780761478.4874525,15,42.765625,1075.25
1780761478.4874525,10,45.5625,1020.25
1780761478.4874525,15,46.953125,999.25
1780761478.4874525,15,48.328125,979.25
1780761478.4874525,15,49.71875,957.0
1780761478.4874525,15,51.0625,937.25
1780761478.4874525,15,52.40625,920.25
1780761478.4874525,15,53.8125,903.5
1780761478.4874525,15,55.15625,888.0
1780761478.4874525,15,56.515625,871.5
1780761478.4874525,15,57.96875,857.25
1780761478.4874525,15,59.3125,844.25
1780761478.4874525,15,60.640625,830.25
1780761478.4874525,15,62.0,817.5
1780761478.4874525,15,63.390625,806.5
1780761478.4874525,15,64.71875,796.0
1780761478.4874525,15,66.125,786.5
1780761478.4874525,15,67.375,778.25
1780761478.4874525,15,68.84375,769.0
1780761478.4874525,15,70.109375,760.5
1780761478.4874525,15,73.671875,545.5
1780761478.4874525,15,74.84375,543.0
1780761478.4874525,15,76.25,539.75
1780761478.4874525,15,77.609375,536.75
1780761478.4874525,15,78.9375,533.5
1780761478.4874525,15,80.40625,531.5
1780761478.4874525,15,81.84375,529.5
1780761478.4874525,15,83.0,527.25
1780761478.4874525,15,84.59375,525.0
1780761478.4874525,15,85.765625,526.25
1780761478.4874525,15,87.203125,528.25
1780761478.4874525,15,88.390625,528.75
1780761478.4874525,15,93.09375,701.75
1780761478.4874525,15,94.5,701.75
1780761478.4874525,15,95.890625,702.0
1780761478.4874525,15,97.1875,703.0
1780761478.4874525,15,98.390625,705.0
1780761478.4874525,15,99.875,707.0
1780761478.4874525,15,101.15625,709.0
1780761478.4874525,15,102.53125,711.5
1780761478.4874525,15,103.765625,713.25
1780761478.4874525,15,105.171875,716.25
1780761478.4874525,15,106.40625,720.75
1780761478.4874525,15,107.828125,726.0
1780761478.4874525,15,109.109375,730.5
1780761478.4874525,15,110.34375,734.5
1780761478.4874525,15,111.734375,739.5
1780761478.4874525,15,113.109375,745.75
1780761478.4874525,15,114.375,753.0
1780761478.4874525,15,115.65625,759.75
1780761478.4874525,15,116.921875,767.25
1780761478.4874525,15,118.390625,775.5
1780761478.4874525,15,119.65625,783.5
1780761478.4874525,15,121.015625,793.5
1780761478.4874525,15,122.21875,804.75
1780761478.4874525,15,123.609375,814.25
1780761478.4874525,15,124.890625,824.25
1780761478.4874525,15,126.140625,839.25
1780761478.4874525,15,127.59375,854.25
1780761478.4874525,15,128.90625,867.0
1780761478.4874525,15,130.125,881.75
1780761478.4874525,15,131.5,897.25
1780761478.4874525,15,132.796875,912.75
1780761478.4874525,15,134.125,927.25
1780761478.4874525,15,142.921875,1446.5
1780761478.4874525,15,144.265625,1443.75
1780761478.4874525,15,145.578125,1432.25
1780761478.4874525,15,148.359375,1377.5
1780761478.4874525,15,149.640625,1370.0
1780761478.4874525,15,151.046875,1354.5
1780761478.4874525,15,152.40625,1338.0
1780761478.4874525,15,153.734375,1325.5
1780761478.4874525,15,155.03125,1319.75
1780761478.4874525,15,160.34375,1442.5
1780761478.4874525,15,164.34375,1485.0
1780761478.4874525,15,165.671875,1480.0
1780761478.4874525,15,176.671875,1131.25
1780761478.4874525,15,178.03125,1129.25
1780761478.4874525,15,179.46875,1128.5
1780761478.4874525,15,180.8125,1124.25
1780761478.4874525,15,182.140625,1123.75
1780761478.4874525,15,183.46875,1121.5
1780761478.4874525,15,184.859375,1116.25
1780761478.4874525,15,186.15625,1116.25
1780761478.4874525,15,187.4375,1121.75
1780761478.4874525,15,188.84375,1128.75
1780761478.4874525,15,190.171875,1130.75
1780761478.4874525,15,191.5,1132.5
1780761478.4874525,15,192.84375,1134.0
1780761478.4874525,15,194.21875,1139.75
1780761478.4874525,15,199.25,1471.0
1780761478.4874525,9,200.625,1481.25
1780761478.4874525,15,211.390625,1438.0
1780761478.4874525,15,212.671875,1455.0
1780761478.4874525,15,217.0625,1131.0
1780761478.4874525,8,221.203125,1021.0
1780761478.4874525,15,222.515625,992.0
1780761478.4874525,15,223.96875,966.5
1780761478.4874525,15,225.265625,947.0
1780761478.4874525,10,235.5625,1248.0
1780761478.4874525,15,236.921875,1243.75
1780761478.4874525,15,238.21875,1225.5
1780761478.4874525,15,244.703125,1583.0
1780761478.4874525,15,246.0625,1559.5
1780761478.4874525,15,253.34375,491.5
1780761478.4874525,15,254.875,476.75
1780761478.4874525,15,256.5625,462.75
1780761478.4874525,15,257.859375,450.25
1780761478.4874525,15,259.140625,445.25
1780761478.4874525,15,260.375,452.5
1780761478.4874525,15,261.609375,464.5
1780761478.4874525,15,262.921875,476.25
1780761478.4874525,15,264.15625,488.25
1780761478.4874525,15,265.265625,501.25
1780761478.4874525,15,266.796875,514.5
1780761478.4874525,15,267.828125,529.5
1780761478.4874525,15,274.15625,626.25
1780761478.4874525,15,276.84375,1418.0
1780761478.4874525,15,278.1875,1411.25
1780761478.4874525,15,279.515625,1426.25
1780761478.4874525,15,280.84375,1434.75
1780761478.4874525,15,282.203125,1435.0
1780761478.4874525,15,283.53125,1441.75
1780761478.4874525,15,284.875,1449.25
1780761478.4874525,15,286.203125,1457.5
1780761478.4874525,15,287.484375,1467.0
1780761478.4874525,15,288.8125,1477.5
1780761478.4874525,15,290.15625,1486.5
1780761478.4874525,7,291.5,1510.75
1780761478.4874525,15,292.828125,1529.25
1780761478.4874525,15,294.140625,1538.75
1780761478.4874525,15,295.453125,1547.75
1780761478.4874525,15,296.828125,1559.75
1780761478.4874525,15,298.09375,1579.75
1780761478.4874525,15,299.484375,1589.75
1780761478.4874525,15,300.765625,1595.25
1780761478.4874525,15,302.09375,1625.25
1780761478.4874525,15,303.421875,1661.5
1780761478.4874525,11,307.40625,1652.75
1780761478.4874525,15,317.703125,844.25
1780761478.4874525,15,318.90625,846.0
1780761478.4874525,15,320.28125,849.0
1780761478.4874525,15,338.1875,1771.75
1780761478.4874525,15,343.4375,1999.25
1780761478.4874525,15,344.765625,1999.25
1780761478.4874525,15,346.109375,1999.25
1780761478.4874525,15,350.453125,1597.75
1780761478.6251569,15,351.796875,1603.75
1780761478.6251569,15,353.125,1602.25
1780761478.6251569,15,354.453125,1590.0
1780761478.6251569,15,355.828125,1586.75
1780761478.6251569,15,357.140625,1586.25
1780761478.6251569,15,358.53125,1583.75
1780761478.6251569,15,359.875,1587.5
1780761478.6251569,15,1.21875,1578.0
1780761478.6251569,15,2.546875,1569.0
1780761478.6251569,15,3.921875,1566.5
1780761478.6251569,15,5.21875,1578.5
1780761478.6251569,10,6.578125,1589.0
1780761478.6251569,15,7.921875,1579.25
1780761478.6251569,15,9.234375,1578.25
1780761478.6251569,15,10.578125,1597.5
1780761478.6251569,15,11.890625,1598.0
1780761478.6251569,15,13.28125,1590.75
1780761478.6251569,15,14.546875,1609.25
1780761478.6251569,15,15.890625,1644.5
1780761478.6251569,2,19.53125,2808.5
1780761478.6251569,15,36.359375,1243.25
1780761478.6251569,6,41.90625,1094.75
1780761478.6251569,15,44.625,1032.5
1780761478.6251569,15,46.046875,1010.5
1780761478.6251569,15,47.421875,988.5
1780761478.6251569,15,48.8125,965.75
1780761478.6251569,15,50.15625,947.75
1780761478.6251569,15,51.46875,929.0
1780761478.6251569,15,52.90625,912.0
1780761478.6251569,15,54.328125,895.5
1780761478.6251569,15,55.703125,879.25
1780761478.6251569,15,56.984375,865.25
1780761478.6251569,15,58.359375,851.25
1780761478.6251569,15,59.71875,836.5
1780761478.6251569,15,61.203125,822.0
1780761478.6251569,15,62.578125,811.0
1780761478.6251569,15,63.828125,799.75
1780761478.6251569,15,65.1875,789.25
1780761478.6251569,15,66.671875,781.25
1780761478.6251569,15,70.125,556.5
1780761478.6251569,15,71.515625,553.0
1780761478.6251569,15,72.921875,549.75
1780761478.6251569,15,74.140625,546.5
1780761478.6251569,15,75.640625,543.0
1780761478.6251569,15,76.875,540.0
1780761478.6251569,15,78.234375,537.0
1780761478.6251569,15,79.6875,534.5
1780761478.6251569,15,80.84375,533.0
1780761478.6251569,15,82.171875,530.75
1780761478.6251569,15,83.640625,528.0
1780761478.6251569,15,89.65625,702.0
1780761478.6251569,15,90.984375,701.25
1780761478.6251569,15,92.375,701.0
1780761478.6251569,15,93.640625,701.75
1780761478.6251569,15,94.984375,701.5
1780761478.6251569,15,96.25,701.5
1780761478.6251569,15,97.703125,702.75
1780761478.6251569,15,99.046875,704.5
1780761478.6251569,15,100.34375,706.25
1780761478.6251569,15,101.671875,708.75
1780761478.6251569,15,103.078125,711.25
1780761478.6251569,15,104.28125,714.25
1780761478.6251569,15,105.640625,718.25
1780761478.6251569,15,106.921875,721.5
1780761478.6251569,15,108.296875,727.25
1780761478.6251569,15,109.734375,732.5
1780761478.6251569,15,110.890625,737.25
1780761478.6251569,15,112.21875,742.5
1780761478.6251569,15,113.65625,746.5
1780761478.6251569,15,114.9375,753.5
1780761478.6251569,15,116.21875,762.0
1780761478.6251569,15,117.5625,770.0
1780761478.6251569,15,118.890625,778.5
1780761478.6251569,15,120.21875,787.75
1780761478.6251569,15,121.53125,798.0
1780761478.6251569,15,122.8125,808.75
1780761478.6251569,15,124.21875,817.5
1780761478.6251569,15,125.421875,830.75
1780761478.6251569,15,126.703125,846.25
1780761478.6251569,15,128.078125,857.5
1780761478.6251569,15,129.34375,870.5
1780761478.6251569,15,130.765625,886.0
1780761478.6251569,15,131.921875,904.5
1780761478.6251569,15,133.1875,920.5
1780761478.6251569,15,134.578125,932.25
1780761478.6251569,15,135.828125,934.5
1780761478.6251569,15,142.0,1421.25
1780761478.6251569,15,143.375,1412.5
1780761478.6251569,6,144.671875,1406.5
1780761478.6251569,15,146.078125,1387.0
1780761478.6251569,8,147.375,1369.75
1780761478.6251569,15,148.71875,1350.0
1780761478.6251569,15,151.5,1266.0
1780761478.6251569,15,152.78125,1256.5
1780761478.6251569,9,160.84375,1431.5
1780761478.6251569,15,162.125,1459.25
1780761478.6251569,15,163.515625,1469.25
1780761478.6251569,15,164.859375,1448.5
1780761478.6251569,7,175.875,1081.25
1780761478.6251569,8,177.1875,1079.0
1780761478.6251569,7,178.609375,1077.25
1780761478.6251569,9,179.921875,1076.75
1780761478.6251569,15,181.234375,1076.5
1780761478.6251569,15,182.625,1076.5
1780761478.6251569,15,186.609375,1077.25
1780761478.6251569,9,187.921875,1078.0
1780761478.6251569,7,189.328125,1079.75
1780761478.6251569,8,190.65625,1081.75
1780761478.6251569,15,191.953125,1083.0
1780761478.6251569,15,193.234375,1088.75
1780761478.6251569,15,194.625,1093.75
1780761478.6251569,15,200.984375,1454.75
1780761478.6251569,15,210.328125,1448.75
1780761478.6251569,15,211.6875,1428.0
1780761478.6251569,15,213.03125,1427.5
1780761478.6251569,15,221.484375,1017.5
1780761478.6251569,15,222.890625,989.75
1780761478.6251569,12,224.25,964.25
1780761478.6251569,15,225.578125,941.5
1780761478.6251569,15,227.03125,922.75
1780761478.6251569,15,232.40625,888.5
1780761478.6251569,15,237.28125,1234.75
1780761478.6251569,15,238.609375,1214.25
1780761478.6251569,15,246.40625,1551.5
1780761478.6251569,15,247.75,1531.25
1780761478.6251569,15,256.578125,493.25
1780761478.6251569,15,257.921875,480.25
1780761478.6251569,15,259.515625,468.0
1780761478.6251569,15,261.0,456.75
1780761478.6251569,15,262.34375,446.25
1780761478.6251569,15,267.203125,471.5
1780761478.6251569,15,268.75,486.0
1780761478.6251569,15,269.90625,501.0
1780761478.6251569,15,281.234375,1440.25
1780761478.6251569,15,282.625,1448.5
1780761478.6251569,15,283.90625,1456.25
1780761478.6251569,15,285.265625,1457.0
1780761478.6251569,15,286.5625,1464.25
1780761478.6251569,15,287.9375,1472.75
1780761478.6251569,15,289.265625,1483.75
1780761478.6251569,15,293.265625,1529.25
1780761478.6251569,15,294.5625,1539.25
1780761478.6251569,15,295.875,1548.5
1780761478.6251569,15,297.234375,1568.0
1780761478.6251569,15,298.578125,1588.5
1780761478.6251569,15,299.890625,1591.0
1780761478.6251569,15,301.21875,1610.75
1780761478.6251569,15,302.53125,1649.75
1780761478.6251569,15,305.171875,1684.5
1780761478.6251569,15,314.5625,1604.75
1780761478.6251569,15,319.359375,871.5
1780761478.6251569,15,320.65625,873.0
1780761478.6251569,15,322.03125,875.5
1780761478.6251569,15,338.75,1808.0
1780761478.6251569,15,346.703125,1999.5
1780761478.6251569,15,350.84375,1636.0
1780761478.763166,15,352.203125,1638.25
1780761478.763166,13,353.53125,1645.75
1780761478.763166,15,354.859375,1651.5
1780761478.763166,15,356.234375,1628.0
1780761478.763166,15,357.59375,1621.5
1780761478.763166,15,358.875,1626.0
1780761478.763166,15,0.25,1614.75
1780761478.763166,15,1.625,1610.25
1780761478.763166,15,2.921875,1617.75
1780761478.763166,15,4.234375,1625.5
1780761478.763166,15,5.625,1620.75
1780761478.763166,15,6.921875,1617.0
1780761478.763166,15,8.296875,1623.5
1780761478.763166,15,9.625,1622.0
1780761478.763166,15,10.953125,1633.0
1780761478.763166,15,12.140625,1631.0
1780761478.763166,15,13.484375,1628.5
1780761478.763166,12,14.8125,1653.75
1780761478.763166,1,19.734375,2808.5
1780761478.763166,1,21.0625,2808.5
1780761478.763166,15,30.859375,1434.75
1780761478.763166,15,33.609375,1320.0
1780761478.763166,15,36.453125,1236.75
1780761478.763166,15,39.25,1160.5
1780761478.763166,15,42.0,1093.5
1780761478.763166,15,44.796875,1026.0
1780761478.763166,15,46.09375,1006.25
1780761478.763166,15,47.515625,983.5
1780761478.763166,15,48.9375,963.75
1780761478.763166,15,50.203125,943.75
1780761478.763166,15,51.609375,925.0
1780761478.763166,15,53.0,911.25
1780761478.763166,15,54.3125,893.75
1780761478.763166,15,55.765625,875.25
1780761478.763166,15,57.046875,860.5
1780761478.763166,15,58.46875,847.25
1780761478.763166,15,59.875,833.5
1780761478.763166,15,61.21875,820.75
1780761478.763166,15,62.53125,808.75
1780761478.763166,15,63.890625,797.75
1780761478.763166,15,67.46875,570.25
1780761478.763166,15,68.765625,564.5
1780761478.763166,15,70.0625,558.0
1780761478.763166,15,71.5625,553.0
1780761478.763166,15,72.921875,549.75
1780761478.763166,15,74.109375,546.5
1780761478.763166,15,75.40625,543.25
1780761478.763166,15,76.90625,541.5
1780761478.763166,15,78.3125,538.5
1780761478.763166,15,79.6875,536.5
1780761478.763166,15,86.921875,701.75
1780761478.763166,15,88.359375,701.25
1780761478.763166,15,89.59375,700.0
1780761478.763166,15,90.921875,699.0
1780761478.763166,15,92.296875,699.25
1780761478.763166,15,93.5625,698.5
1780761478.763166,15,95.046875,699.25
1780761478.763166,15,96.359375,700.25
1780761478.763166,15,97.703125,701.75
1780761478.763166,15,98.9375,703.5
1780761478.763166,15,100.25,705.25
1780761478.763166,15,101.703125,708.25
1780761478.763166,15,102.90625,711.0
1780761478.763166,15,104.3125,714.0
1780761478.763166,15,105.609375,717.25
1780761478.763166,15,106.828125,720.75
1780761478.763166,15,108.34375,725.75
1780761478.763166,15,109.53125,730.75
1780761478.763166,15,110.84375,735.0
1780761478.763166,15,112.171875,740.5
1780761478.763166,15,113.46875,746.25
1780761478.763166,15,114.921875,753.5
1780761478.763166,15,116.28125,761.75
1780761478.763166,15,117.5,770.0
1780761478.763166,15,118.890625,778.25
1780761478.763166,15,120.109375,786.25
1780761478.763166,15,121.390625,797.0
1780761478.763166,15,122.75,807.75
1780761478.763166,15,124.125,816.5
1780761478.763166,15,125.375,830.25
1780761478.763166,15,126.6875,845.5
1780761478.763166,15,127.953125,857.25
1780761478.763166,15,129.25,871.0
1780761478.763166,15,130.578125,886.5
1780761478.763166,15,136.59375,1529.75
1780761478.763166,15,139.359375,1445.25
1780761478.763166,15,140.75,1407.75
1780761478.763166,15,142.03125,1395.25
1780761478.763166,15,143.390625,1381.5
1780761478.763166,15,147.46875,1277.75
1780761478.763166,15,148.828125,1282.0
1780761478.763166,15,151.515625,1232.0
1780761478.763166,6,152.875,1237.75
1780761478.763166,10,158.265625,1378.75
1780761478.763166,15,160.828125,1442.0
1780761478.763166,15,163.609375,1411.25
1780761478.763166,6,164.90625,1410.75
1780761478.763166,15,176.015625,1042.5
1780761478.763166,15,177.375,1041.0
1780761478.763166,15,178.734375,1040.75
1780761478.763166,15,179.984375,1040.25
1780761478.763166,15,181.390625,1038.25
1780761478.763166,15,182.71875,1037.75
1780761478.763166,15,184.078125,1038.5
1780761478.763166,5,185.328125,1042.5
1780761478.763166,15,186.75,1043.5
1780761478.763166,15,188.046875,1041.25
1780761478.763166,15,189.390625,1042.75
1780761478.763166,15,190.703125,1044.0
1780761478.763166,15,192.078125,1045.0
1780761478.763166,9,193.375,1054.75
1780761478.763166,15,194.75,1064.5
1780761478.763166,15,201.0625,1411.0
1780761478.763166,15,202.40625,1427.0
1780761478.763166,15,211.796875,1425.5
1780761478.763166,15,213.15625,1418.0
1780761478.763166,15,220.25,1041.5
1780761478.763166,15,223.046875,986.0
1780761478.763166,10,224.359375,960.25
1780761478.763166,15,225.796875,938.25
1780761478.763166,15,227.171875,917.25
1780761478.763166,15,228.5,899.0
1780761478.763166,15,240.1875,1198.5
1780761478.763166,6,248.015625,1539.75
1780761478.763166,15,249.390625,1530.25
1780761478.763166,8,253.40625,1509.25
1780761478.763166,15,258.15625,508.5
1780761478.763166,15,259.484375,495.5
1780761478.763166,15,260.859375,483.75
1780761478.763166,15,262.3125,472.75
1780761478.763166,15,263.71875,462.25
1780761478.763166,15,265.171875,452.5
1780761478.763166,15,266.6875,444.25
1780761478.763166,15,280.21875,614.5
1780761478.763166,15,284.265625,1456.5
1780761478.763166,15,285.640625,1457.0
1780761478.763166,15,286.953125,1457.75
1780761478.763166,15,288.25,1469.25
1780761478.763166,15,289.578125,1486.25
1780761478.763166,7,290.875,1510.25
1780761478.763166,15,292.265625,1529.5
1780761478.763166,15,293.609375,1539.0
1780761478.763166,15,294.953125,1548.0
1780761478.763166,7,296.265625,1549.25
1780761478.763166,15,297.546875,1569.25
1780761478.763166,15,298.9375,1589.75
1780761478.763166,15,300.3125,1593.0
1780761478.763166,15,302.96875,1660.75
1780761478.763166,3,304.25,1684.75
1780761478.763166,15,305.609375,1708.25
1780761478.763166,15,315.046875,1629.25
1780761478.763166,15,319.84375,898.75
1780761478.763166,15,321.140625,899.25
1780761478.763166,15,322.453125,902.75
1780761478.763166,15,345.921875,2060.25
1780761478.763166,13,350.140625,1681.5
1780761478.9001596,15,351.453125,1671.75
1780761478.9001596,15,352.796875,1683.5
1780761478.9001596,15,354.125,1678.0
1780761478.9001596,9,355.5,1666.0
1780761478.9001596,10,356.859375,1657.75
1780761478.9001596,15,358.203125,1660.25
1780761478.9001596,15,359.5,1655.5
1780761478.9001596,15,0.90625,1646.5
1780761478.9001596,15,2.21875,1647.75
1780761478.9001596,15,3.59375,1647.5
1780761478.9001596,10,4.921875,1651.0
1780761478.9001596,13,6.28125,1656.5
1780761478.9001596,14,7.640625,1657.75
1780761478.9001596,15,8.96875,1660.25
1780761478.9001596,15,10.328125,1667.75
1780761478.9001596,15,11.65625,1659.5
1780761478.9001596,10,12.96875,1658.5
1780761478.9001596,15,14.28125,1690.25
1780761478.9001596,2,20.640625,2808.5
1780761478.9001596,15,37.578125,1193.75
1780761478.9001596,15,38.90625,1161.25
1780761478.9001596,15,40.34375,1131.0
1780761478.9001596,15,44.53125,1031.5
1780761478.9001596,15,45.8125,1007.5
1780761478.9001596,15,47.25,986.0
1780761478.9001596,15,48.5625,964.25
1780761478.9001596,15,50.015625,943.5
1780761478.9001596,15,51.3125,925.5
1780761478.9001596,15,52.6875,910.0
1780761478.9001596,15,54.15625,893.75
1780761478.9001596,15,55.53125,877.0
1780761478.9001596,15,56.828125,863.0
1780761478.9001596,15,58.328125,849.75
1780761478.9001596,15,59.5625,833.5
1780761478.9001596,15,63.09375,590.75
1780761478.9001596,15,64.4375,586.5
1780761478.9001596,15,65.78125,580.0
1780761478.9001596,15,67.25,573.0
1780761478.9001596,15,68.703125,566.75
1780761478.9001596,15,70.0625,561.25
1780761478.9001596,15,71.390625,556.0
1780761478.9001596,15,72.65625,553.0
1780761478.9001596,15,74.171875,550.75
1780761478.9001596,15,75.40625,548.5
1780761478.9001596,15,76.765625,548.5
1780761478.9001596,15,84.21875,706.75
1780761478.9001596,15,85.53125,703.75
1780761478.9001596,15,86.796875,702.25
1780761478.9001596,15,88.109375,701.25
1780761478.9001596,15,89.46875,699.5
1780761478.9001596,15,90.796875,699.25
1780761478.9001596,15,92.171875,699.5
1780761478.9001596,15,93.53125,699.0
1780761478.9001596,15,95.0,699.75
1780761478.9001596,15,96.171875,700.5
1780761478.9001596,15,97.515625,701.75
1780761478.9001596,15,98.953125,703.5
1780761478.9001596,15,100.3125,705.0
1780761478.9001596,15,101.53125,708.0
1780761478.9001596,15,102.953125,710.75
1780761478.9001596,15,104.34375,713.5
1780761478.9001596,15,105.671875,716.75
1780761478.9001596,15,106.984375,720.25
1780761478.9001596,15,108.34375,725.25
1780761478.9001596,15,109.53125,730.25
1780761478.9001596,15,110.859375,734.75
1780761478.9001596,15,112.34375,740.25
1780761478.9001596,15,113.546875,746.25
1780761478.9001596,15,114.9375,753.25
1780761478.9001596,15,116.171875,761.5
1780761478.9001596,15,117.5625,769.75
1780761478.9001596,15,118.859375,778.25
1780761478.9001596,15,120.109375,786.25
1780761478.9001596,15,121.453125,796.75
1780761478.9001596,15,122.84375,807.75
1780761478.9001596,15,124.046875,818.5
1780761478.9001596,15,125.359375,832.0
1780761478.9001596,15,126.8125,845.5
1780761478.9001596,15,128.09375,857.75
1780761478.9001596,15,132.109375,872.0
1780761478.9001596,15,136.890625,1440.5
1780761478.9001596,15,138.25,1432.5
1780761478.9001596,5,139.578125,1415.0
1780761478.9001596,15,142.375,1331.75
1780761478.9001596,15,145.109375,1267.5
1780761478.9001596,15,146.484375,1256.0
1780761478.9001596,15,149.25,1206.75
1780761478.9001596,15,150.53125,1207.75
1780761478.9001596,15,151.890625,1218.25
1780761478.9001596,4,153.15625,1249.25
1780761478.9001596,15,157.140625,1361.5
1780761478.9001596,15,158.53125,1357.25
1780761478.9001596,15,162.546875,1395.5
1780761478.9001596,15,163.875,1379.0
1780761478.9001596,1,165.203125,1377.0
1780761478.9001596,15,175.0,1011.5
1780761478.9001596,15,176.328125,1009.0
1780761478.9001596,10,177.734375,1006.5
1780761478.9001596,12,179.015625,1007.0
1780761478.9001596,11,180.4375,1006.0
1780761478.9001596,10,181.703125,1004.25
1780761478.9001596,15,183.046875,1004.75
1780761478.9001596,15,184.375,1009.0
1780761478.9001596,15,185.78125,1009.75
1780761478.9001596,8,187.109375,1007.0
1780761478.9001596,9,188.453125,1007.25
1780761478.9001596,11,189.734375,1008.75
1780761478.9001596,15,191.109375,1014.5
1780761478.9001596,15,192.421875,1019.5
1780761478.9001596,15,193.859375,1021.5
1780761478.9001596,15,195.1875,1024.5
1780761478.9001596,15,196.4375,1029.0
1780761478.9001596,15,201.46875,1376.75
1780761478.9001596,15,202.828125,1396.25
1780761478.9001596,5,212.15625,1407.75
1780761478.9001596,5,213.53125,1394.5
1780761478.9001596,15,214.875,1395.75
1780761478.9001596,15,220.65625,1032.5
1780761478.9001596,15,222.03125,1005.5
1780761478.9001596,15,223.34375,981.5
1780761478.9001596,15,224.796875,956.5
1780761478.9001596,15,226.140625,932.0
1780761478.9001596,15,227.59375,910.75
1780761478.9001596,15,229.09375,890.25
1780761478.9001596,15,230.375,874.0
1780761478.9001596,15,234.484375,856.5
1780761478.9001596,15,235.765625,847.0
1780761478.9001596,15,240.703125,1191.25
1780761478.9001596,15,242.046875,1176.25
1780761478.9001596,15,253.984375,1442.75
1780761478.9001596,15,255.296875,1463.25
1780761478.9001596,15,256.625,1479.25
1780761478.9001596,15,257.953125,1467.25
1780761478.9001596,15,262.515625,498.0
1780761478.9001596,15,263.984375,487.5
1780761478.9001596,15,265.328125,477.75
1780761478.9001596,15,266.796875,468.0
1780761478.9001596,15,268.390625,459.5
1780761478.9001596,15,269.6875,451.5
1780761478.9001596,15,271.171875,444.25
1780761478.9001596,15,272.53125,437.5
1780761478.9001596,15,287.4375,1467.25
1780761478.9001596,15,288.8125,1484.5
1780761478.9001596,7,290.109375,1492.25
1780761478.9001596,7,291.46875,1510.0
1780761478.9001596,15,292.8125,1529.25
1780761478.9001596,15,294.109375,1538.75
1780761478.9001596,15,295.484375,1548.0
1780761478.9001596,15,296.796875,1551.5
1780761478.9001596,15,298.109375,1571.5
1780761478.9001596,15,299.546875,1590.25
1780761478.9001596,15,300.828125,1610.25
1780761478.9001596,15,302.1875,1649.75
1780761478.9001596,15,303.515625,1671.5
1780761478.9001596,15,304.8125,1685.75
1780761478.9001596,6,306.171875,1720.75
1780761478.9001596,15,307.46875,1745.25
1780761478.9001596,15,310.203125,1747.5
1780761478.9001596,15,315.65625,1629.0
1780761478.9001596,15,321.640625,924.0
1780761478.9001596,15,323.0625,926.75
1780761478.9001596,15,324.34375,931.25
1780761478.9001596,15,347.578125,2078.0
1780761478.9001596,15,350.40625,1722.5
1780761479.0381708,15,351.71875,1711.25
1780761479.0381708,15,353.078125,1717.75
1780761479.0381708,15,354.40625,1726.5
1780761479.0381708,15,357.09375,1694.75
1780761479.0381708,15,358.4375,1704.0
1780761479.0381708,15,359.765625,1703.25
1780761479.0381708,15,1.15625,1700.5
1780761479.0381708,15,2.484375,1696.25
1780761479.0381708,15,3.8125,1701.5
1780761479.0381708,15,5.125,1695.25
1780761479.0381708,15,6.46875,1688.75
1780761479.0381708,15,7.8125,1693.0
1780761479.0381708,15,9.125,1696.25
1780761479.0381708,15,10.5,1691.25
1780761479.0381708,10,11.75,1682.75
1780761479.0381708,15,13.078125,1701.5
1780761479.0381708,15,14.390625,1744.5
1780761479.0381708,15,33.34375,1320.0
1780761479.0381708,4,36.234375,1226.75
1780761479.0381708,8,37.609375,1192.0
1780761479.0381708,15,39.0,1161.25
1780761479.0381708,15,43.1875,1055.5
1780761479.0381708,15,44.5,1028.5
1780761479.0381708,15,45.9375,1005.5
1780761479.0381708,15,47.265625,983.25
1780761479.0381708,10,48.640625,963.5
1780761479.0381708,15,50.0625,943.0
1780761479.0381708,15,51.4375,922.75
1780761479.0381708,15,52.734375,907.0
1780761479.0381708,15,54.15625,890.5
1780761479.0381708,15,55.546875,873.75
1780761479.0381708,15,56.9375,859.75
1780761479.0381708,15,60.421875,604.75
1780761479.0381708,15,61.5625,597.75
1780761479.0381708,15,63.0625,591.0
1780761479.0381708,15,64.390625,585.0
1780761479.0381708,15,65.75,578.75
1780761479.0381708,15,67.046875,572.0
1780761479.0381708,15,68.484375,566.75
1780761479.0381708,15,69.9375,561.5
1780761479.0381708,15,71.09375,557.0
1780761479.0381708,15,72.640625,553.75
1780761479.0381708,15,80.125,718.75
1780761479.0381708,15,81.4375,710.25
1780761479.0381708,15,82.765625,707.0
1780761479.0381708,15,84.046875,704.75
1780761479.0381708,15,85.34375,702.5
1780761479.0381708,15,86.75,699.75
1780761479.0381708,15,88.0625,697.25
1780761479.0381708,15,89.4375,696.0
1780761479.0381708,15,90.671875,695.25
1780761479.0381708,15,91.96875,694.5
1780761479.0381708,15,93.34375,695.25
1780761479.0381708,15,94.625,695.5
1780761479.0381708,15,96.140625,696.0
1780761479.0381708,15,97.3125,698.25
1780761479.0381708,15,98.6875,700.5
1780761479.0381708,15,100.109375,702.5
1780761479.0381708,15,101.28125,706.0
1780761479.0381708,15,102.65625,707.75
1780761479.0381708,15,103.96875,709.5
1780761479.0381708,15,105.296875,713.5
1780761479.0381708,15,106.75,716.75
1780761479.0381708,15,107.921875,721.75
1780761479.0381708,15,109.28125,727.25
1780761479.0381708,15,110.65625,731.5
1780761479.0381708,15,111.984375,736.75
1780761479.0381708,15,113.390625,742.0
1780761479.0381708,15,114.671875,749.25
1780761479.0381708,15,115.90625,756.75
1780761479.0381708,15,117.1875,765.25
1780761479.0381708,15,118.484375,775.0
1780761479.0381708,15,119.84375,783.25
1780761479.0381708,15,121.234375,792.5
1780761479.0381708,15,122.578125,803.0
1780761479.0381708,15,123.875,812.75
1780761479.0381708,15,125.15625,824.25
1780761479.0381708,15,126.4375,838.25
1780761479.0381708,15,129.125,855.5
1780761479.0381708,15,130.4375,862.25
1780761479.0381708,15,135.125,1436.25
1780761479.0381708,15,136.453125,1426.75
1780761479.0381708,15,139.203125,1351.25
1780761479.0381708,15,140.546875,1345.5
1780761479.0381708,15,143.34375,1268.75
1780761479.0381708,15,144.671875,1250.5
1780761479.0381708,15,146.03125,1232.75
1780761479.0381708,15,147.34375,1214.0
1780761479.0381708,15,148.71875,1201.25
1780761479.0381708,15,150.0625,1190.75
1780761479.0381708,15,151.34375,1197.5
1780761479.0381708,15,160.5625,1376.25
1780761479.0381708,15,161.9375,1365.75
1780761479.0381708,15,163.328125,1363.0
1780761479.0381708,15,175.703125,980.0
1780761479.0381708,15,177.0625,976.0
1780761479.0381708,15,178.40625,974.75
1780761479.0381708,15,179.859375,976.0
1780761479.0381708,15,181.1875,973.75
1780761479.0381708,15,182.453125,972.25
1780761479.0381708,15,183.90625,970.75
1780761479.0381708,15,185.203125,969.25
1780761479.0381708,15,186.484375,968.5
1780761479.0381708,15,187.90625,971.0
1780761479.0381708,15,189.1875,974.5
1780761479.0381708,15,190.5,978.5
1780761479.0381708,15,191.90625,984.5
1780761479.0381708,15,193.21875,988.0
1780761479.0381708,15,194.5625,991.0
1780761479.0381708,15,195.9375,995.0
1780761479.0381708,10,202.21875,1359.0
1780761479.0381708,15,203.53125,1378.0
1780761479.0381708,15,212.90625,1370.0
1780761479.0381708,15,214.296875,1356.5
1780761479.0381708,15,215.625,1360.0
1780761479.0381708,15,221.421875,1018.0
1780761479.0381708,15,222.8125,990.25
1780761479.0381708,15,224.125,964.75
1780761479.0381708,15,225.4375,942.25
1780761479.0381708,15,226.828125,920.0
1780761479.0381708,15,228.328125,899.25
1780761479.0381708,15,229.5625,878.75
1780761479.0381708,15,230.984375,861.0
1780761479.0381708,15,232.328125,850.0
1780761479.0381708,15,236.390625,835.0
1780761479.0381708,15,237.796875,827.5
1780761479.0381708,12,242.625,1169.75
1780761479.0381708,15,243.9375,1159.25
1780761479.0381708,15,251.6875,1446.25
1780761479.0381708,15,255.734375,1465.0
1780761479.0381708,15,257.046875,1476.0
1780761479.0381708,15,258.375,1470.0
1780761479.0381708,15,259.765625,1463.25
1780761479.0381708,15,261.125,1457.25
1780761479.0381708,15,262.390625,1456.25
1780761479.0381708,15,267.21875,491.25
1780761479.0381708,15,268.640625,482.0
1780761479.0381708,15,270.03125,473.75
1780761479.0381708,15,271.140625,466.25
1780761479.0381708,15,272.875,459.25
1780761479.0381708,15,274.0,452.5
1780761479.0381708,15,275.46875,446.5
1780761479.0381708,15,276.75,440.75
1780761479.0381708,9,290.421875,1510.75
1780761479.0381708,15,291.734375,1528.75
1780761479.0381708,5,293.078125,1529.75
1780761479.0381708,15,294.46875,1539.75
1780761479.0381708,6,295.75,1549.75
1780761479.0381708,15,297.078125,1569.75
1780761479.0381708,15,298.390625,1589.25
1780761479.0381708,15,299.890625,1591.75
1780761479.0381708,15,301.1875,1611.5
1780761479.0381708,15,302.53125,1649.75
1780761479.0381708,15,305.171875,1694.75
1780761479.0381708,15,306.515625,1733.25
1780761479.0381708,15,307.859375,1747.75
1780761479.0381708,15,323.34375,952.25
1780761479.0381708,15,324.6875,955.75
1780761479.0381708,15,325.96875,960.0
1780761479.0381708,15,350.765625,1742.25
1780761479.17523,15,352.078125,1749.5
1780761479.17523,15,353.40625,1753.75
1780761479.17523,15,354.765625,1739.75
1780761479.17523,15,356.125,1728.25
1780761479.17523,15,357.453125,1725.75
1780761479.17523,15,358.8125,1727.75
1780761479.17523,15,0.125,1721.0
1780761479.17523,15,1.484375,1718.25
1780761479.17523,15,2.828125,1723.0
1780761479.17523,15,4.1875,1729.0
1780761479.17523,15,5.46875,1729.5
1780761479.17523,15,6.828125,1722.5
1780761479.17523,15,8.171875,1719.5
1780761479.17523,15,9.546875,1719.25
1780761479.17523,15,10.890625,1718.25
1780761479.17523,15,12.28125,1718.5
1780761479.17523,15,13.578125,1741.5
1780761479.17523,15,35.46875,1254.75
1780761479.17523,15,39.609375,1139.25
1780761479.17523,15,43.78125,1040.25
1780761479.17523,9,45.140625,1017.75
1780761479.17523,15,46.484375,993.75
1780761479.17523,15,47.953125,971.25
1780761479.17523,15,49.34375,951.0
1780761479.17523,15,50.609375,933.25
1780761479.17523,15,52.0,915.75
1780761479.17523,15,53.484375,898.0
1780761479.17523,15,54.8125,882.5
1780761479.17523,15,58.1875,622.0
1780761479.17523,15,59.6875,612.5
1780761479.17523,15,60.859375,605.0
1780761479.17523,15,62.203125,597.75
1780761479.17523,15,63.546875,591.5
1780761479.17523,15,64.890625,585.25
1780761479.17523,15,66.4375,579.5
1780761479.17523,15,67.859375,574.5
1780761479.17523,15,69.140625,570.25
1780761479.17523,15,77.921875,725.0
1780761479.17523,15,79.234375,715.5
1780761479.17523,15,80.65625,712.25
1780761479.17523,15,81.96875,709.0
1780761479.17523,15,83.25,705.75
1780761479.17523,15,84.671875,704.0
1780761479.17523,15,85.890625,702.0
1780761479.17523,15,87.390625,699.0
1780761479.17523,15,88.75,696.75
1780761479.17523,15,90.0,695.75
1780761479.17523,15,91.421875,694.75
1780761479.17523,15,92.625,694.5
1780761479.17523,15,93.96875,695.0
1780761479.17523,15,95.34375,697.5
1780761479.17523,15,96.6875,699.5
1780761479.17523,15,98.0,699.75
1780761479.17523,15,99.3125,700.75
1780761479.17523,15,100.578125,703.0
1780761479.17523,15,101.96875,706.0
1780761479.17523,15,103.234375,709.25
1780761479.17523,15,104.625,711.75
1780761479.17523,15,105.9375,715.0
1780761479.17523,15,107.28125,720.0
1780761479.17523,15,108.5625,724.75
1780761479.17523,15,109.953125,729.5
1780761479.17523,15,111.234375,734.75
1780761479.17523,15,112.5625,739.75
1780761479.17523,15,113.953125,747.25
1780761479.17523,15,115.21875,754.75
1780761479.17523,15,116.609375,761.25
1780761479.17523,15,117.859375,770.0
1780761479.17523,15,119.265625,778.75
1780761479.17523,15,120.625,786.75
1780761479.17523,15,121.84375,798.25
1780761479.17523,15,123.125,810.0
1780761479.17523,15,124.46875,821.5
1780761479.17523,15,127.109375,835.0
1780761479.17523,15,128.421875,839.0
1780761479.17523,5,131.703125,1530.0
1780761479.17523,15,134.46875,1426.25
1780761479.17523,15,137.203125,1351.25
1780761479.17523,15,139.921875,1251.0
1780761479.17523,15,141.296875,1251.0
1780761479.17523,15,142.609375,1243.75
1780761479.17523,15,145.421875,1189.25
1780761479.17523,13,146.734375,1171.75
1780761479.17523,15,148.125,1156.0
1780761479.17523,15,149.453125,1147.25
1780761479.17523,15,156.015625,1277.25
1780761479.17523,15,161.328125,1352.25
1780761479.17523,15,175.203125,946.5
1780761479.17523,15,176.5,944.25
1780761479.17523,15,177.828125,942.75
1780761479.17523,15,179.1875,941.0
1780761479.17523,15,180.546875,939.5
1780761479.17523,15,181.875,938.75
1780761479.17523,15,183.25,935.75
1780761479.17523,15,184.5,933.75
1780761479.17523,15,185.90625,935.0
1780761479.17523,15,187.203125,939.25
1780761479.17523,15,188.59375,941.5
1780761479.17523,15,189.9375,943.0
1780761479.17523,10,191.203125,947.0
1780761479.17523,12,192.546875,950.75
1780761479.17523,15,193.890625,955.5
1780761479.17523,15,195.265625,958.75
1780761479.17523,15,196.53125,962.0
1780761479.17523,15,204.234375,1339.25
1780761479.17523,15,213.640625,1328.25
1780761479.17523,15,215.03125,1332.0
1780761479.17523,15,216.328125,1332.0
1780761479.17523,15,220.71875,1035.5
1780761479.17523,15,222.078125,1009.25
1780761479.17523,15,223.484375,982.25
1780761479.17523,15,224.8125,957.0
1780761479.17523,15,226.1875,932.5
1780761479.17523,15,227.53125,911.0
1780761479.17523,15,229.03125,890.75
1780761479.17523,15,230.296875,871.0
1780761479.17523,15,231.734375,853.25
1780761479.17523,15,233.09375,836.0
1780761479.17523,15,234.53125,826.75
1780761479.17523,15,239.890625,806.0
1780761479.17523,15,244.734375,1151.0
1780761479.17523,15,252.515625,1459.0
1780761479.17523,15,253.8125,1485.0
1780761479.17523,15,257.859375,1466.0
1780761479.17523,15,259.25,1457.75
1780761479.17523,15,260.59375,1457.75
1780761479.17523,15,261.875,1451.5
1780761479.17523,15,263.25,1450.75
1780761479.17523,15,264.578125,1441.25
1780761479.17523,15,265.9375,1434.0
1780761479.17523,15,270.71875,494.5
1780761479.17523,15,272.03125,487.0
1780761479.17523,15,273.5,480.25
1780761479.17523,15,274.65625,473.25
1780761479.17523,15,276.296875,466.5
1780761479.17523,15,277.484375,460.75
1780761479.17523,15,278.890625,455.25
1780761479.17523,15,280.359375,450.0
1780761479.17523,15,281.75,445.5
1780761479.17523,15,292.6875,1530.0
1780761479.17523,15,293.96875,1539.5
1780761479.17523,7,295.328125,1548.75
1780761479.17523,15,296.640625,1568.75
1780761479.17523,15,297.96875,1589.25
1780761479.17523,15,299.40625,1593.25
1780761479.17523,15,300.6875,1612.75
1780761479.17523,15,302.0625,1650.0
1780761479.17523,15,304.71875,1685.0
1780761479.17523,15,306.03125,1721.25
1780761479.17523,15,307.375,1745.75
1780761479.17523,15,308.6875,1771.75
1780761479.17523,15,324.09375,979.25
1780761479.17523,15,325.484375,981.0
1780761479.17523,15,326.828125,984.75
1780761479.17523,10,343.484375,2247.25
1780761479.3131726,15,351.609375,1770.0
1780761479.3131726,15,352.90625,1782.5
1780761479.3131726,15,354.25,1765.75
1780761479.3131726,15,355.59375,1755.0
1780761479.3131726,15,356.96875,1757.25
1780761479.3131726,15,358.265625,1757.75
1780761479.3131726,11,359.640625,1758.25
1780761479.3131726,15,0.9375,1757.5
1780761479.3131726,15,2.34375,1753.5
1780761479.3131726,15,3.65625,1755.0
1780761479.3131726,15,5.0,1761.5
1780761479.3131726,15,6.34375,1760.5
1780761479.3131726,15,7.640625,1750.0
1780761479.3131726,15,8.984375,1751.5
1780761479.3131726,15,10.375,1756.75
1780761479.3131726,15,11.6875,1749.0
1780761479.3131726,15,13.015625,1761.25
1780761479.3131726,15,33.3125,1326.25
1780761479.3131726,8,37.609375,1183.0
1780761479.3131726,15,38.96875,1156.25
1780761479.3131726,15,43.15625,1054.75
1780761479.3131726,15,44.453125,1028.0
1780761479.3131726,15,45.8125,1005.0
1780761479.3131726,15,47.25,982.75
1780761479.3131726,12,48.5625,962.75
1780761479.3131726,15,49.984375,942.75
1780761479.3131726,15,51.390625,923.25
1780761479.3131726,15,54.734375,648.5
1780761479.3131726,15,56.09375,639.75
1780761479.3131726,15,57.53125,628.75
1780761479.3131726,15,58.875,618.0
1780761479.3131726,15,60.28125,609.5
1780761479.3131726,15,61.640625,602.25
1780761479.3131726,15,63.0,595.75
1780761479.3131726,15,64.359375,590.5
1780761479.3131726,15,65.71875,585.5
1780761479.3131726,15,66.828125,591.0
1780761479.3131726,15,71.765625,742.25
1780761479.3131726,15,74.421875,733.75
1780761479.3131726,15,75.8125,726.5
1780761479.3131726,15,77.09375,722.0
1780761479.3131726,15,78.5,717.0
1780761479.3131726,15,79.796875,713.0
1780761479.3131726,15,81.234375,709.75
1780761479.3131726,15,82.625,706.25
1780761479.3131726,15,83.90625,703.0
1780761479.3131726,15,85.1875,700.75
1780761479.3131726,15,86.484375,699.25
1780761479.3131726,15,87.890625,697.0
1780761479.3131726,15,89.15625,694.75
1780761479.3131726,15,90.546875,694.0
1780761479.3131726,15,92.0,693.5
1780761479.3131726,15,93.296875,693.25
1780761479.3131726,15,94.65625,693.75
1780761479.3131726,15,97.328125,694.75
1780761479.3131726,15,98.625,696.75
1780761479.3131726,15,99.828125,699.75
1780761479.3131726,15,101.3125,702.25
1780761479.3131726,15,102.515625,705.75
1780761479.3131726,15,103.796875,709.5
1780761479.3131726,15,105.15625,712.25
1780761479.3131726,15,106.546875,715.75
1780761479.3131726,15,107.9375,719.5
1780761479.3131726,15,109.234375,725.0
1780761479.3131726,15,110.609375,730.5
1780761479.3131726,15,111.890625,735.5
1780761479.3131726,15,113.140625,741.5
1780761479.3131726,15,114.453125,748.75
1780761479.3131726,15,115.8125,756.75
1780761479.3131726,15,117.203125,765.75
1780761479.3131726,15,118.53125,774.75
1780761479.3131726,15,119.78125,782.75
1780761479.3131726,15,121.15625,792.25
1780761479.3131726,15,122.46875,803.0
1780761479.3131726,15,125.109375,814.5
1780761479.3131726,15,126.359375,816.0
1780761479.3131726,15,137.75,1261.0
1780761479.3131726,6,139.0625,1249.25
1780761479.3131726,15,140.40625,1243.0
1780761479.3131726,15,143.25,1178.5
1780761479.3131726,15,144.515625,1152.25
1780761479.3131726,15,145.921875,1137.5
1780761479.3131726,15,147.3125,1124.0
1780761479.3131726,8,148.515625,1125.25
1780761479.3131726,15,149.828125,1142.5
1780761479.3131726,15,156.5625,1235.75
1780761479.3131726,15,160.515625,1261.25
1780761479.3131726,15,161.890625,1271.25
1780761479.3131726,15,163.21875,1257.0
1780761479.3131726,15,174.328125,917.25
1780761479.3131726,15,175.71875,913.0
1780761479.3131726,15,176.984375,908.75
1780761479.3131726,15,178.390625,908.0
1780761479.3131726,15,179.765625,906.25
1780761479.3131726,15,181.015625,905.5
1780761479.3131726,15,182.453125,905.0
1780761479.3131726,15,183.703125,908.0
1780761479.3131726,15,185.0625,907.0
1780761479.3131726,15,186.453125,907.25
1780761479.3131726,15,187.78125,910.25
1780761479.3131726,15,189.046875,908.75
1780761479.3131726,15,190.40625,913.5
1780761479.3131726,15,191.703125,917.5
1780761479.3131726,15,193.078125,920.75
1780761479.3131726,15,194.421875,922.5
1780761479.3131726,15,195.765625,925.25
1780761479.3131726,15,197.09375,929.5
1780761479.3131726,15,203.3125,1274.25
1780761479.3131726,15,213.984375,1325.5
1780761479.3131726,15,216.6875,1257.25
1780761479.3131726,15,218.109375,1260.5
1780761479.3131726,15,222.4375,1003.0
1780761479.3131726,15,223.765625,979.5
1780761479.3131726,15,225.125,953.5
1780761479.3131726,15,226.484375,929.25
1780761479.3131726,15,227.9375,909.0
1780761479.3131726,15,229.3125,889.5
1780761479.3131726,15,230.625,869.75
1780761479.3131726,15,232.0,852.25
1780761479.3131726,15,233.40625,835.75
1780761479.3131726,15,234.75,818.5
1780761479.3131726,15,236.171875,801.5
1780761479.3131726,15,241.4375,793.5
1780761479.3131726,15,246.265625,1136.75
1780761479.3131726,15,254.03125,1475.25
1780761479.3131726,15,255.359375,1451.75
1780761479.3131726,15,258.03125,1456.5
1780761479.3131726,15,259.375,1466.0
1780761479.3131726,15,260.703125,1460.75
1780761479.3131726,15,262.0625,1449.0
1780761479.3131726,15,263.40625,1441.5
1780761479.3131726,15,264.734375,1441.25
1780761479.3131726,15,266.109375,1427.0
1780761479.3131726,7,267.453125,1412.75
1780761479.3131726,7,268.78125,1412.25
1780761479.3131726,6,270.140625,1418.75
1780761479.3131726,15,274.625,497.0
1780761479.3131726,15,276.203125,490.5
1780761479.3131726,15,277.359375,484.5
1780761479.3131726,15,278.921875,479.0
1780761479.3131726,15,280.40625,473.5
1780761479.3131726,15,281.5625,468.25
1780761479.3131726,15,282.921875,463.75
1780761479.3131726,15,284.484375,459.75
1780761479.3131726,15,285.578125,456.25
1780761479.3131726,6,295.421875,1557.5
1780761479.3131726,15,296.765625,1578.25
1780761479.3131726,15,298.09375,1589.0
1780761479.3131726,15,299.453125,1592.75
1780761479.3131726,15,300.734375,1613.0
1780761479.3131726,15,302.078125,1650.25
1780761479.3131726,15,304.75,1685.0
1780761479.3131726,15,306.015625,1721.5
1780761479.3131726,15,307.390625,1746.25
1780761479.3131726,15,308.6875,1771.75
1780761479.3131726,15,310.0,1807.5
1780761479.3131726,15,312.703125,1816.5
1780761479.3131726,15,325.328125,1003.0
1780761479.3131726,15,326.734375,1004.5
1780761479.3131726,15,328.046875,1010.75
1780761479.3131726,15,343.25,2274.0
1780761479.3131726,15,344.578125,2253.75
1780761479.3131726,12,345.953125,2250.0
1780761479.450389,15,351.546875,1808.75
1780761479.450389,15,352.90625,1810.75
1780761479.450389,15,354.21875,1814.25
1780761479.450389,15,355.625,1802.25
1780761479.450389,15,356.9375,1782.25
1780761479.450389,15,358.265625,1795.0
1780761479.450389,15,359.625,1795.5
1780761479.450389,15,0.984375,1785.75
1780761479.450389,15,2.296875,1781.5
1780761479.450389,15,3.671875,1780.5
1780761479.450389,15,5.03125,1783.0
1780761479.450389,15,6.34375,1781.5
1780761479.450389,15,7.671875,1794.0
1780761479.450389,9,9.015625,1789.25
1780761479.450389,15,10.40625,1770.5
1780761479.450389,15,11.734375,1782.75
1780761479.450389,15,29.359375,1427.0
1780761479.450389,15,30.703125,1425.25
1780761479.450389,15,36.375,1225.5
1780761479.450389,15,39.109375,1148.5
1780761479.450389,15,41.921875,1078.75
1780761479.450389,9,44.640625,1022.25
1780761479.450389,15,46.0625,999.25
1780761479.450389,15,47.4375,978.5
1780761479.450389,15,48.765625,957.5
1780761479.450389,15,52.1875,672.0
1780761479.450389,15,53.4375,661.75
1780761479.450389,15,54.84375,650.5
1780761479.450389,15,56.375,640.5
1780761479.450389,15,57.6875,629.75
1780761479.450389,15,59.078125,619.75
1780761479.450389,15,60.375,612.5
1780761479.450389,15,61.828125,605.25
1780761479.450389,15,63.015625,602.5
1780761479.450389,15,69.421875,756.0
1780761479.450389,15,72.03125,745.5
1780761479.450389,15,73.390625,735.5
1780761479.450389,15,74.875,729.75
1780761479.450389,15,76.21875,723.5
1780761479.450389,15,77.453125,719.0
1780761479.450389,15,78.890625,715.25
1780761479.450389,15,80.25,712.0
1780761479.450389,15,81.640625,708.5
1780761479.450389,15,83.0,704.75
1780761479.450389,15,84.234375,702.25
1780761479.450389,15,85.640625,700.0
1780761479.450389,15,86.84375,697.5
1780761479.450389,15,88.375,694.5
1780761479.450389,15,89.515625,693.25
1780761479.450389,15,90.984375,693.75
1780761479.450389,15,92.359375,694.0
1780761479.450389,15,93.578125,693.25
1780761479.450389,15,94.984375,693.0
1780761479.450389,15,96.421875,694.25
1780761479.450389,15,97.65625,695.25
1780761479.450389,15,99.015625,697.5
1780761479.450389,15,100.375,700.0
1780761479.450389,15,101.734375,702.25
1780761479.450389,15,102.9375,706.25
1780761479.450389,15,104.328125,709.5
1780761479.450389,15,105.609375,712.25
1780761479.450389,15,106.90625,715.25
1780761479.450389,15,108.171875,720.5
1780761479.450389,15,109.484375,726.25
1780761479.450389,15,110.828125,732.5
1780761479.450389,15,112.203125,738.0
1780761479.450389,15,113.609375,742.75
1780761479.450389,15,114.859375,750.0
1780761479.450389,15,116.140625,757.25
1780761479.450389,15,117.453125,765.5
1780761479.450389,15,118.765625,776.25
1780761479.450389,15,120.203125,784.25
1780761479.450389,15,122.78125,793.75
1780761479.450389,15,124.078125,795.75
1780761479.450389,15,127.25,1551.0
1780761479.450389,3,131.34375,1408.0
1780761479.450389,15,134.03125,1321.0
1780761479.450389,15,136.84375,1254.5
1780761479.450389,15,138.21875,1232.25
1780761479.450389,15,140.890625,1168.0
1780761479.450389,15,142.3125,1150.5
1780761479.450389,15,145.046875,1095.0
1780761479.450389,15,146.390625,1085.0
1780761479.450389,15,147.625,1094.5
1780761479.450389,7,150.21875,1160.25
1780761479.450389,15,154.203125,1210.75
1780761479.450389,15,155.65625,1207.5
1780761479.450389,15,158.25,1264.0
1780761479.450389,10,159.59375,1259.75
1780761479.450389,15,160.9375,1236.5
1780761479.450389,15,162.296875,1225.5
1780761479.450389,15,174.78125,876.5
1780761479.450389,15,176.1875,874.75
1780761479.450389,15,177.484375,873.75
1780761479.450389,15,178.828125,870.0
1780761479.450389,15,180.25,868.75
1780761479.450389,15,181.546875,869.25
1780761479.450389,15,182.984375,867.75
1780761479.450389,15,184.28125,869.5
1780761479.450389,15,185.65625,871.0
1780761479.450389,15,186.984375,869.0
1780761479.450389,15,188.3125,869.0
1780761479.450389,15,189.59375,872.75
1780761479.450389,15,190.890625,876.25
1780761479.450389,15,192.25,879.0
1780761479.450389,15,193.59375,883.75
1780761479.450389,15,194.984375,888.25
1780761479.450389,15,196.359375,892.5
1780761479.450389,15,197.6875,895.5
1780761479.450389,15,203.875,1234.75
1780761479.450389,15,205.15625,1258.5
1780761479.450389,15,214.609375,1263.25
1780761479.450389,7,215.953125,1249.5
1780761479.450389,6,217.265625,1245.0
1780761479.450389,15,218.5625,1246.25
1780761479.450389,15,219.90625,1246.5
1780761479.450389,15,222.921875,996.0
1780761479.450389,15,224.25,970.75
1780761479.450389,15,225.625,943.5
1780761479.450389,15,227.015625,923.75
1780761479.450389,15,228.5,905.5
1780761479.450389,15,229.796875,883.75
1780761479.450389,15,231.25,865.25
1780761479.450389,15,232.65625,847.0
1780761479.450389,15,234.0,828.25
1780761479.450389,15,235.40625,813.25
1780761479.450389,15,236.796875,798.75
1780761479.450389,15,238.171875,784.5
1780761479.450389,15,244.8125,768.75
1780761479.450389,15,249.609375,1113.0
1780761479.450389,15,256.015625,1468.25
1780761479.450389,15,260.078125,1463.5
1780761479.450389,15,261.390625,1453.25
1780761479.450389,15,262.71875,1449.25
1780761479.450389,15,264.0625,1441.75
1780761479.450389,7,265.4375,1433.75
1780761479.450389,15,266.734375,1426.5
1780761479.450389,6,268.171875,1426.25
1780761479.450389,15,269.5,1425.25
1780761479.450389,15,270.78125,1417.5
1780761479.450389,7,272.171875,1411.25
1780761479.450389,15,273.515625,1411.75
1780761479.450389,7,274.859375,1418.25
1780761479.450389,15,279.53125,498.75
1780761479.450389,15,280.984375,493.25
1780761479.450389,15,282.21875,488.5
1780761479.450389,15,283.546875,484.5
1780761479.450389,15,284.765625,480.5
1780761479.450389,15,286.203125,476.0
1780761479.450389,15,287.78125,472.0
1780761479.450389,15,289.078125,469.0
1780761479.450389,15,290.53125,466.5
1780761479.450389,15,298.921875,1589.75
1780761479.450389,15,300.234375,1600.75
1780761479.450389,15,301.59375,1630.25
1780761479.450389,15,302.9375,1660.75
1780761479.450389,3,304.203125,1685.0
1780761479.450389,6,305.53125,1720.0
1780761479.450389,15,306.890625,1745.0
1780761479.450389,15,308.21875,1760.0
1780761479.450389,15,309.546875,1796.0
1780761479.450389,15,310.90625,1833.0
1780761479.450389,15,313.578125,1842.0
1780761479.450389,15,319.015625,1748.0
1780761479.450389,15,327.59375,1033.25
1780761479.450389,15,328.90625,1037.75
1780761479.450389,15,344.21875,2275.25
1780761479.450389,15,345.59375,2255.25
1780761479.450389,15,346.953125,2253.75
1780761479.450389,15,348.265625,2253.0
1780761479.5881927,15,351.09375,1874.5
1780761479.5881927,10,352.421875,1843.75
1780761479.5881927,13,353.75,1867.25
1780761479.5881927,15,355.109375,1867.5
1780761479.5881927,15,356.453125,1834.5
1780761479.5881927,15,357.8125,1827.5
1780761479.5881927,15,359.171875,1833.75
1780761479.5881927,12,0.5,1845.25
1780761479.5881927,15,1.8125,1838.5
1780761479.5881927,15,3.1875,1829.5
1780761479.5881927,15,4.515625,1817.5
1780761479.5881927,15,5.875,1815.5
1780761479.5881927,11,7.21875,1832.75
1780761479.5881927,15,8.515625,1830.75
1780761479.5881927,15,9.859375,1822.25
1780761479.5881927,15,11.125,1822.75
1780761479.5881927,8,12.5,1844.25
1780761479.5881927,15,30.0625,1416.75
1780761479.5881927,15,32.8125,1320.5
1780761479.5881927,15,35.671875,1243.0
1780761479.5881927,15,38.453125,1161.25
1780761479.5881927,15,39.8125,1130.75
1780761479.5881927,15,43.9375,1031.75
1780761479.5881927,15,45.359375,1007.0
1780761479.5881927,15,46.75,985.0
1780761479.5881927,15,49.9375,694.25
1780761479.5881927,15,51.4375,680.75
1780761479.5881927,15,52.703125,667.25
1780761479.5881927,15,54.171875,655.0
1780761479.5881927,15,55.5625,645.0
1780761479.5881927,15,56.875,634.25
1780761479.5881927,15,58.3125,625.25
1780761479.5881927,15,59.671875,620.0
1780761479.5881927,15,65.796875,774.5
1780761479.5881927,15,67.15625,765.25
1780761479.5881927,15,68.5,758.0
1780761479.5881927,15,70.015625,750.5
1780761479.5881927,15,71.328125,742.0
1780761479.5881927,15,72.703125,735.25
1780761479.5881927,15,74.09375,729.5
1780761479.5881927,15,75.375,724.5
1780761479.5881927,15,76.65625,719.75
1780761479.5881927,15,78.125,715.25
1780761479.5881927,15,79.34375,711.5
1780761479.5881927,15,80.734375,707.5
1780761479.5881927,15,82.078125,703.5
1780761479.5881927,15,83.515625,701.0
1780761479.5881927,15,84.765625,699.25
1780761479.5881927,15,86.171875,696.5
1780761479.5881927,15,87.421875,693.75
1780761479.5881927,15,88.796875,693.0
1780761479.5881927,15,90.1875,691.0
1780761479.5881927,15,91.625,690.25
1780761479.5881927,15,92.8125,691.25
1780761479.5881927,15,94.1875,691.5
1780761479.5881927,15,95.640625,692.0
1780761479.5881927,15,96.9375,692.75
1780761479.5881927,15,98.3125,695.25
1780761479.5881927,15,99.5625,697.75
1780761479.5881927,15,100.96875,699.75
1780761479.5881927,15,102.25,702.5
1780761479.5881927,15,103.515625,705.5
1780761479.5881927,15,104.953125,709.25
1780761479.5881927,15,106.265625,712.25
1780761479.5881927,15,107.5625,716.5
1780761479.5881927,15,108.734375,721.75
1780761479.5881927,15,110.171875,726.5
1780761479.5881927,15,111.453125,732.0
1780761479.5881927,15,112.796875,737.75
1780761479.5881927,15,114.15625,744.75
1780761479.5881927,15,115.5,752.0
1780761479.5881927,15,116.828125,759.25
1780761479.5881927,15,118.109375,768.5
1780761479.5881927,15,122.046875,771.0
1780761479.5881927,15,125.171875,1551.25
1780761479.5881927,15,127.890625,1444.5
1780761479.5881927,15,129.203125,1417.75
1780761479.5881927,15,134.765625,1243.0
1780761479.5881927,15,136.0625,1225.0
1780761479.5881927,15,138.875,1160.0
1780761479.5881927,15,140.171875,1143.5
1780761479.5881927,15,141.484375,1133.25
1780761479.5881927,15,144.21875,1082.0
1780761479.5881927,15,145.625,1059.5
1780761479.5881927,15,146.953125,1062.25
1780761479.5881927,15,149.53125,1132.75
1780761479.5881927,15,153.46875,1184.75
1780761479.5881927,15,154.796875,1179.75
1780761479.5881927,9,157.625,1238.25
1780761479.5881927,6,158.96875,1224.5
1780761479.5881927,15,160.34375,1212.25
1780761479.5881927,15,174.328125,839.5
1780761479.5881927,15,175.609375,838.25
1780761479.5881927,15,177.0625,835.5
1780761479.5881927,15,178.265625,832.0
1780761479.5881927,15,179.640625,831.75
1780761479.5881927,15,180.96875,831.0
1780761479.5881927,15,182.328125,829.75
1780761479.5881927,15,183.65625,827.25
1780761479.5881927,15,184.875,828.5
1780761479.5881927,15,186.28125,830.0
1780761479.5881927,15,187.609375,832.5
1780761479.5881927,15,189.015625,834.5
1780761479.5881927,15,190.28125,835.25
1780761479.5881927,15,191.625,840.0
1780761479.5881927,15,192.890625,842.75
1780761479.5881927,15,194.328125,846.0
1780761479.5881927,15,195.5625,851.0
1780761479.5881927,15,196.84375,855.75
1780761479.5881927,15,198.203125,860.25
1780761479.5881927,15,199.65625,865.0
1780761479.5881927,15,201.78125,1193.25
1780761479.5881927,15,203.09375,1194.25
1780761479.5881927,15,204.46875,1205.25
1780761479.5881927,15,205.734375,1220.5
1780761479.5881927,15,216.40625,1235.75
1780761479.5881927,15,217.78125,1234.25
1780761479.5881927,15,219.078125,1234.75
1780761479.5881927,15,220.390625,1243.0
1780761479.5881927,11,224.84375,963.5
1780761479.5881927,15,226.15625,941.75
1780761479.5881927,15,227.46875,919.0
1780761479.5881927,15,228.828125,898.5
1780761479.5881927,15,230.21875,880.0
1780761479.5881927,15,231.625,862.5
1780761479.5881927,15,233.046875,842.25
1780761479.5881927,15,234.359375,823.5
1780761479.5881927,15,235.796875,809.5
1780761479.5881927,15,237.015625,795.75
1780761479.5881927,15,238.4375,782.0
1780761479.5881927,15,239.796875,769.75
1780761479.5881927,15,241.1875,762.75
1780761479.5881927,15,251.359375,1096.5
1780761479.5881927,15,257.703125,1457.25
1780761479.5881927,15,261.734375,1453.25
1780761479.5881927,15,263.046875,1446.0
1780761479.5881927,15,264.390625,1434.5
1780761479.5881927,7,265.765625,1434.0
1780761479.5881927,6,267.09375,1425.75
1780761479.5881927,8,268.46875,1425.0
1780761479.5881927,8,269.8125,1425.0
1780761479.5881927,7,271.109375,1417.75
1780761479.5881927,7,272.5,1418.0
1780761479.5881927,6,273.828125,1425.0
1780761479.5881927,6,275.03125,1431.75
1780761479.5881927,15,276.390625,1424.75
1780761479.5881927,15,278.984375,1426.0
1780761479.5881927,15,283.734375,505.0
1780761479.5881927,15,284.875,500.75
1780761479.5881927,15,286.34375,497.0
1780761479.5881927,15,287.59375,493.5
1780761479.5881927,15,289.078125,490.25
1780761479.5881927,15,290.4375,487.5
1780761479.5881927,15,291.734375,485.0
1780761479.5881927,15,293.21875,483.0
1780761479.5881927,15,294.53125,481.0
1780761479.5881927,15,295.75,479.25
1780761479.5881927,15,301.640625,1649.0
1780761479.5881927,15,305.578125,1731.25
1780761479.5881927,15,306.921875,1745.75
1780761479.5881927,15,308.265625,1771.75
1780761479.5881927,15,309.5625,1807.5
1780761479.5881927,15,318.9375,1798.25
1780761479.5881927,15,327.640625,1064.75
1780761479.5881927,8,328.9375,1069.25
1780761479.5881927,5,330.296875,1085.5
1780761479.5881927,15,344.34375,2294.25
1780761479.5881927,15,345.6875,2294.25
1780761479.5881927,15,347.109375,2275.0
1780761479.5881927,15,348.421875,2255.5
1780761479.7254667,13,351.21875,1882.0
1780761479.7254667,15,352.578125,1883.25
1780761479.7254667,15,353.90625,1901.75
1780761479.7254667,9,355.265625,1888.75
1780761479.7254667,10,356.609375,1868.0
1780761479.7254667,15,357.953125,1878.25
1780761479.7254667,15,359.296875,1873.25
1780761479.7254667,8,0.6875,1851.25
1780761479.7254667,15,1.984375,1851.25
1780761479.7254667,10,3.359375,1863.5
1780761479.7254667,8,4.671875,1861.0
1780761479.7254667,12,6.0,1861.75
1780761479.7254667,15,7.34375,1862.75
1780761479.7254667,15,8.703125,1865.25
1780761479.7254667,10,10.0625,1862.5
1780761479.7254667,6,11.40625,1859.5
1780761479.7254667,15,35.96875,1225.0
1780761479.7254667,8,38.734375,1148.0
1780761479.7254667,15,41.546875,1083.75
1780761479.7254667,10,44.234375,1021.0
1780761479.7254667,15,47.609375,720.5
1780761479.7254667,15,49.015625,705.0
1780761479.7254667,15,50.46875,690.25
1780761479.7254667,15,51.703125,677.75
1780761479.7254667,15,53.046875,666.0
1780761479.7254667,15,54.46875,655.0
1780761479.7254667,15,55.765625,646.0
1780761479.7254667,15,57.140625,642.75
1780761479.7254667,15,63.578125,788.5
1780761479.7254667,15,64.90625,780.25
1780761479.7254667,15,66.28125,770.75
1780761479.7254667,15,67.625,762.25
1780761479.7254667,15,69.09375,755.25
1780761479.7254667,15,70.421875,747.0
1780761479.7254667,15,71.859375,739.25
1780761479.7254667,15,73.09375,733.75
1780761479.7254667,15,74.46875,728.0
1780761479.7254667,15,75.78125,722.0
1780761479.7254667,15,77.265625,717.0
1780761479.7254667,15,78.609375,713.0
1780761479.7254667,15,79.828125,710.0
1780761479.7254667,15,81.1875,706.0
1780761479.7254667,15,82.65625,701.75
1780761479.7254667,15,84.03125,699.0
1780761479.7254667,15,85.15625,696.5
1780761479.7254667,15,89.25,690.25
1780761479.7254667,15,90.625,689.5
1780761479.7254667,15,91.890625,689.25
1780761479.7254667,15,93.296875,690.25
1780761479.7254667,15,94.578125,691.0
1780761479.7254667,15,95.890625,691.5
1780761479.7254667,15,97.34375,693.5
1780761479.7254667,15,98.59375,696.0
1780761479.7254667,15,100.0,698.0
1780761479.7254667,15,101.328125,700.75
1780761479.7254667,15,102.5625,703.75
1780761479.7254667,15,103.875,707.5
1780761479.7254667,15,105.21875,710.75
1780761479.7254667,15,106.515625,714.25
1780761479.7254667,15,107.953125,719.0
1780761479.7254667,15,109.203125,724.5
1780761479.7254667,15,110.671875,730.0
1780761479.7254667,15,111.9375,735.0
1780761479.7254667,15,113.265625,740.75
1780761479.7254667,15,114.5,748.0
1780761479.7254667,15,115.859375,756.0
1780761479.7254667,15,119.90625,759.75
1780761479.7254667,15,127.0625,1432.75
1780761479.7254667,15,131.21875,1282.25
1780761479.7254667,15,135.28125,1185.75
1780761479.7254667,15,138.078125,1138.0
1780761479.7254667,15,140.84375,1066.0
1780761479.7254667,15,142.21875,1046.5
1780761479.7254667,15,143.609375,1029.25
1780761479.7254667,15,144.875,1027.0
1780761479.7254667,15,146.234375,1041.75
1780761479.7254667,15,150.0625,1157.0
1780761479.7254667,15,152.78125,1153.0
1780761479.7254667,9,154.09375,1149.5
1780761479.7254667,6,156.734375,1210.75
1780761479.7254667,15,158.15625,1200.0
1780761479.7254667,15,159.546875,1180.25
1780761479.7254667,15,173.578125,802.75
1780761479.7254667,15,174.859375,800.75
1780761479.7254667,15,176.1875,799.25
1780761479.7254667,15,177.53125,797.0
1780761479.7254667,15,178.84375,793.75
1780761479.7254667,15,180.296875,792.0
1780761479.7254667,15,181.546875,791.5
1780761479.7254667,15,182.96875,791.25
1780761479.7254667,15,184.234375,792.25
1780761479.7254667,15,185.671875,791.75
1780761479.7254667,15,186.90625,792.5
1780761479.7254667,15,188.265625,794.5
1780761479.7254667,15,189.671875,796.0
1780761479.7254667,15,190.90625,800.0
1780761479.7254667,15,192.265625,804.25
1780761479.7254667,15,193.6875,807.75
1780761479.7254667,15,195.03125,810.25
1780761479.7254667,15,196.21875,814.0
1780761479.7254667,15,197.65625,818.25
1780761479.7254667,15,198.9375,822.25
1780761479.7254667,15,200.3125,829.75
1780761479.7254667,15,205.109375,1176.75
1780761479.7254667,15,206.4375,1198.0
1780761479.7254667,15,217.1875,1207.25
1780761479.7254667,15,218.484375,1200.25
1780761479.7254667,5,219.796875,1201.5
1780761479.7254667,15,221.15625,1205.0
1780761479.7254667,15,222.5,1207.5
1780761479.7254667,15,225.53125,950.25
1780761479.7254667,15,226.875,928.0
1780761479.7254667,15,228.359375,907.75
1780761479.7254667,15,229.625,887.5
1780761479.7254667,15,230.984375,868.25
1780761479.7254667,15,232.40625,849.75
1780761479.7254667,15,233.84375,831.5
1780761479.7254667,15,235.25,815.75
1780761479.7254667,15,236.515625,801.25
1780761479.7254667,15,237.90625,786.5
1780761479.7254667,15,239.359375,774.75
1780761479.7254667,15,240.609375,763.25
1780761479.7254667,15,242.015625,750.75
1780761479.7254667,15,243.46875,741.25
1780761479.7254667,15,248.734375,741.0
1780761479.7254667,15,250.0,746.0
1780761479.7254667,15,252.265625,1092.5
1780761479.7254667,15,257.3125,1442.0
1780761479.7254667,15,262.6875,1434.75
1780761479.7254667,15,263.96875,1441.5
1780761479.7254667,15,265.359375,1441.0
1780761479.7254667,7,266.6875,1433.5
1780761479.7254667,7,268.09375,1426.0
1780761479.7254667,15,269.375,1418.75
1780761479.7254667,6,270.78125,1411.25
1780761479.7254667,15,272.078125,1411.25
1780761479.7254667,7,273.46875,1418.5
1780761479.7254667,6,274.765625,1418.25
1780761479.7254667,15,275.984375,1419.5
1780761479.7254667,15,277.265625,1434.25
1780761479.7254667,15,278.640625,1441.0
1780761479.7254667,15,281.28125,1448.5
1780761479.7254667,15,282.640625,1456.0
1780761479.7254667,15,287.0625,515.5
1780761479.7254667,15,288.46875,512.0
1780761479.7254667,15,289.78125,509.0
1780761479.7254667,15,291.375,506.0
1780761479.7254667,15,292.5,502.75
1780761479.7254667,15,293.84375,500.25
1780761479.7254667,15,295.40625,498.5
1780761479.7254667,15,296.734375,497.0
1780761479.7254667,15,297.890625,495.75
1780761479.7254667,15,299.359375,494.75
1780761479.7254667,15,307.828125,1771.0
1780761479.7254667,15,309.171875,1807.25
1780761479.7254667,15,310.46875,1833.0
1780761479.7254667,15,328.5625,1092.25
1780761479.7254667,15,329.953125,1099.0
1780761479.7254667,15,331.234375,1114.75
1780761479.7254667,15,345.34375,2294.25
1780761479.7254667,15,346.65625,2294.25
1780761479.7254667,15,348.0,2294.25
1780761479.8631978,15,352.15625,1917.5
1780761479.8631978,8,353.5,1919.0
1780761479.8631978,15,354.828125,1916.75
1780761479.8631978,15,356.21875,1909.0
1780761479.8631978,15,357.546875,1908.5
1780761479.8631978,15,358.875,1922.5
1780761479.8631978,15,0.234375,1923.25
1780761479.8631978,15,1.578125,1906.25
1780761479.8631978,15,2.921875,1905.0
1780761479.8631978,15,4.25,1907.5
1780761479.8631978,15,5.59375,1904.0
1780761479.8631978,15,6.9375,1901.75
1780761479.8631978,15,8.265625,1906.25
1780761479.8631978,15,9.609375,1894.25
1780761479.8631978,15,10.96875,1903.0
1780761479.8631978,15,12.296875,1956.5
1780761479.8631978,15,32.78125,1320.25
1780761479.8631978,15,35.53125,1242.75
1780761479.8631978,15,38.375,1157.0
1780761479.8631978,15,41.0625,1093.75
1780761479.8631978,15,45.875,740.0
1780761479.8631978,15,47.109375,723.5
1780761479.8631978,15,48.546875,710.0
1780761479.8631978,15,49.859375,696.75
1780761479.8631978,15,51.3125,684.5
1780761479.8631978,15,52.640625,672.75
1780761479.8631978,15,53.953125,664.5
1780761479.8631978,15,55.28125,671.25
1780761479.8631978,15,60.453125,813.25
1780761479.8631978,15,61.6875,801.75
1780761479.8631978,15,63.21875,790.25
1780761479.8631978,15,64.515625,780.75
1780761479.8631978,15,65.890625,772.5
1780761479.8631978,15,67.25,764.5
1780761479.8631978,15,68.53125,754.75
1780761479.8631978,15,69.9375,746.25
1780761479.8631978,15,71.25,740.0
1780761479.8631978,15,72.625,734.75
1780761479.8631978,15,74.0,728.75
1780761479.8631978,15,75.3125,722.5
1780761479.8631978,15,76.6875,718.0
1780761479.8631978,15,78.0625,714.0
1780761479.8631978,15,79.40625,710.25
1780761479.8631978,15,80.859375,706.75
1780761479.8631978,15,82.265625,703.0
1780761479.8631978,15,83.484375,705.75
1780761479.8631978,15,84.875,701.5
1780761479.8631978,15,86.140625,693.25
1780761479.8631978,15,87.5,692.0
1780761479.8631978,15,88.9375,691.25
1780761479.8631978,15,90.171875,690.75
1780761479.8631978,15,91.53125,690.25
1780761479.8631978,15,92.90625,690.75
1780761479.8631978,15,94.296875,689.75
1780761479.8631978,15,95.546875,690.25
1780761479.8631978,15,96.828125,692.25
1780761479.8631978,15,98.203125,693.0
1780761479.8631978,15,99.515625,695.25
1780761479.8631978,15,100.9375,699.0
1780761479.8631978,15,102.21875,702.0
1780761479.8631978,15,103.5625,705.25
1780761479.8631978,15,104.78125,709.0
1780761479.8631978,15,106.125,711.75
1780761479.8631978,15,107.5,716.25
1780761479.8631978,15,108.78125,721.5
1780761479.8631978,15,110.109375,726.25
1780761479.8631978,15,111.453125,731.75
1780761479.8631978,15,112.859375,737.5
1780761479.8631978,15,116.796875,737.5
1780761479.8631978,15,125.1875,1432.75
1780761479.8631978,4,129.34375,1272.0
1780761479.8631978,15,132.1875,1202.0
1780761479.8631978,15,136.3125,1118.5
1780761479.8631978,15,137.625,1113.25
1780761479.8631978,15,141.859375,1022.5
1780761479.8631978,15,143.25,1003.25
1780761479.8631978,15,144.515625,1005.0
1780761479.8631978,15,145.859375,1026.0
1780761479.8631978,14,157.703125,1172.0
1780761479.8631978,15,159.0625,1154.25
1780761479.8631978,15,160.40625,1138.75
1780761479.8631978,15,173.046875,768.5
1780761479.8631978,15,174.390625,765.5
1780761479.8631978,15,175.890625,763.25
1780761479.8631978,15,177.15625,761.25
1780761479.8631978,15,178.5625,759.0
1780761479.8631978,15,179.78125,758.5
1780761479.8631978,15,181.09375,757.5
1780761479.8631978,15,182.5,755.25
1780761479.8631978,15,183.828125,754.5
1780761479.8631978,15,185.109375,755.0
1780761479.8631978,15,186.421875,754.75
1780761479.8631978,15,187.734375,755.5
1780761479.8631978,15,189.203125,759.25
1780761479.8631978,15,190.4375,762.25
1780761479.8631978,15,191.734375,765.5
1780761479.8631978,15,193.0625,769.5
1780761479.8631978,15,194.484375,773.25
1780761479.8631978,15,195.78125,776.75
1780761479.8631978,15,197.109375,780.5
1780761479.8631978,15,198.390625,784.5
1780761479.8631978,15,199.8125,789.0
1780761479.8631978,15,201.0,794.25
1780761479.8631978,15,205.859375,1142.25
1780761479.8631978,15,207.140625,1163.75
1780761479.8631978,15,217.828125,1186.25
1780761479.8631978,15,219.234375,1183.25
1780761479.8631978,15,220.546875,1176.5
1780761479.8631978,15,221.859375,1187.25
1780761479.8631978,15,223.171875,1192.75
1780761479.8631978,15,226.203125,941.75
1780761479.8631978,15,227.65625,920.25
1780761479.8631978,15,229.0625,900.0
1780761479.8631978,15,230.46875,879.0
1780761479.8631978,15,231.84375,862.25
1780761479.8631978,15,233.125,846.0
1780761479.8631978,15,234.5625,827.0
1780761479.8631978,15,235.90625,812.25
1780761479.8631978,15,237.328125,798.75
1780761479.8631978,15,238.609375,785.0
1780761479.8631978,15,240.09375,773.5
1780761479.8631978,15,241.328125,762.25
1780761479.8631978,15,242.75,750.5
1780761479.8631978,15,244.125,739.25
1780761479.8631978,15,245.5625,731.0
1780761479.8631978,15,246.75,738.25
1780761479.8631978,15,252.171875,740.5
1780761479.8631978,15,259.203125,1434.0
1780761479.8631978,15,264.5,1441.5
1780761479.8631978,15,265.90625,1440.75
1780761479.8631978,6,267.265625,1432.75
1780761479.8631978,7,268.59375,1425.0
1780761479.8631978,7,269.9375,1425.25
1780761479.8631978,15,271.234375,1433.0
1780761479.8631978,15,272.53125,1434.0
1780761479.8631978,6,273.875,1433.25
1780761479.8631978,7,275.171875,1432.25
1780761479.8631978,15,276.5,1433.5
1780761479.8631978,15,277.796875,1441.25
1780761479.8631978,15,279.171875,1441.25
1780761479.8631978,15,280.46875,1448.75
1780761479.8631978,15,283.140625,1457.25
1780761479.8631978,15,284.46875,1457.75
1780761479.8631978,15,285.796875,1467.25
1780761479.8631978,15,287.125,1485.0
1780761479.8631978,15,291.71875,527.25
1780761479.8631978,15,292.984375,525.0
1780761479.8631978,15,294.28125,522.75
1780761479.8631978,15,295.765625,520.25
1780761479.8631978,15,296.875,517.75
1780761479.8631978,15,298.4375,515.75
1780761479.8631978,15,299.625,514.5
1780761479.8631978,15,300.9375,513.5
1780761479.8631978,15,302.234375,513.25
1780761479.8631978,15,307.0,1747.75
1780761479.8631978,15,308.3125,1772.25
1780761479.8631978,15,309.640625,1807.75
1780761479.8631978,3,312.328125,1848.0
1780761479.8631978,15,330.296875,1134.25
1780761479.8631978,9,331.625,1136.0
1780761479.8631978,15,345.71875,2294.25
1780761479.8631978,15,347.0625,2294.25
1780761479.8631978,15,348.40625,2294.25
1780761480.0006008,15,352.546875,1954.25
1780761480.0006008,15,353.890625,1963.75
1780761480.0006008,15,355.21875,1967.5
1780761480.0006008,15,356.59375,1962.5
1780761480.0006008,15,357.890625,1946.5
1780761480.0006008,15,359.296875,1940.5
1780761480.0006008,15,0.59375,1937.25
1780761480.0006008,15,1.953125,1949.5
1780761480.0006008,15,3.296875,1944.75
1780761480.0006008,15,4.65625,1932.5
1780761480.0006008,15,5.984375,1932.25
1780761480.0006008,15,7.3125,1933.25
1780761480.0006008,4,8.671875,1931.25
1780761480.0006008,15,9.984375,1932.75
1780761480.0006008,15,11.234375,1954.5
1780761480.0006008,15,12.546875,1989.75
1780761480.0006008,15,30.203125,1443.5
1780761480.0006008,15,32.921875,1326.25
1780761480.0006008,8,37.328125,1182.5
1780761480.0006008,15,38.625,1155.25
1780761480.0006008,15,44.796875,759.5
1780761480.0006008,15,46.140625,741.5
1780761480.0006008,15,47.46875,726.25
1780761480.0006008,15,48.9375,712.5
1780761480.0006008,15,50.203125,699.75
1780761480.0006008,15,51.578125,687.75
1780761480.0006008,15,52.875,690.75
1780761480.0006008,15,57.875,838.5
1780761480.0006008,15,59.375,823.5
1780761480.0006008,15,60.609375,811.75
1780761480.0006008,15,61.984375,799.75
1780761480.0006008,15,63.34375,789.0
1780761480.0006008,15,64.703125,780.5
1780761480.0006008,15,66.03125,771.0
1780761480.0006008,15,67.5,762.0
1780761480.0006008,15,68.859375,753.5
1780761480.0006008,15,70.09375,745.75
1780761480.0006008,15,71.4375,738.75
1780761480.0006008,15,72.875,732.75
1780761480.0006008,15,74.234375,727.0
1780761480.0006008,15,75.484375,721.5
1780761480.0006008,15,76.921875,717.0
1780761480.0006008,15,78.21875,712.75
1780761480.0006008,15,79.578125,708.75
1780761480.0006008,15,80.90625,711.25
1780761480.0006008,15,82.40625,707.5
1780761480.0006008,15,83.765625,697.75
1780761480.0006008,15,84.84375,695.0
1780761480.0006008,15,86.328125,692.5
1780761480.0006008,15,87.65625,691.0
1780761480.0006008,15,88.875,691.25
1780761480.0006008,15,90.296875,690.25
1780761480.0006008,15,91.703125,688.0
1780761480.0006008,15,92.859375,688.5
1780761480.0006008,15,94.1875,689.25
1780761480.0006008,15,95.671875,690.0
1780761480.0006008,15,96.921875,692.0
1780761480.0006008,15,98.21875,693.25
1780761480.0006008,15,99.640625,695.75
1780761480.0006008,15,100.96875,699.0
1780761480.0006008,15,102.34375,701.5
1780761480.0006008,15,103.5625,705.0
1780761480.0006008,15,104.96875,708.75
1780761480.0006008,15,106.296875,711.5
1780761480.0006008,15,107.609375,716.0
1780761480.0006008,15,108.921875,722.25
1780761480.0006008,15,110.125,727.25
1780761480.0006008,15,114.34375,724.5
1780761480.0006008,15,118.390625,1782.5
1780761480.0006008,3,121.171875,1547.75
1780761480.0006008,15,128.140625,1256.25
1780761480.0006008,15,130.84375,1186.5
1780761480.0006008,15,133.609375,1109.25
1780761480.0006008,15,135.0,1102.5
1780761480.0006008,15,139.0625,1017.25
1780761480.0006008,15,140.46875,999.25
1780761480.0006008,15,141.8125,982.0
1780761480.0006008,15,143.171875,981.75
1780761480.0006008,9,144.5,1003.5
1780761480.0006008,15,151.0625,1095.0
1780761480.0006008,15,152.328125,1094.0
1780761480.0006008,15,155.03125,1155.75
1780761480.0006008,15,156.359375,1158.75
1780761480.0006008,15,157.734375,1135.5
1780761480.0006008,15,159.171875,1112.75
1780761480.0006008,15,160.421875,1116.0
1780761480.0006008,15,173.203125,733.0
1780761480.0006008,15,174.515625,730.75
1780761480.0006008,15,175.96875,728.75
1780761480.0006008,15,177.234375,727.25
1780761480.0006008,15,178.609375,725.75
1780761480.0006008,15,180.015625,724.75
1780761480.0006008,15,181.3125,724.25
1780761480.0006008,15,182.609375,724.0
1780761480.0006008,15,183.953125,722.75
1780761480.0006008,15,185.296875,722.5
1780761480.0006008,15,186.59375,722.75
1780761480.0006008,15,188.0,724.0
1780761480.0006008,15,189.296875,725.75
1780761480.0006008,15,190.578125,727.75
1780761480.0006008,15,192.03125,730.5
1780761480.0006008,15,193.25,734.25
1780761480.0006008,15,194.703125,737.75
1780761480.0006008,15,196.015625,740.25
1780761480.0006008,15,197.265625,744.5
1780761480.0006008,15,198.578125,750.75
1780761480.0006008,15,199.96875,755.5
1780761480.0006008,15,201.171875,760.5
1780761480.0006008,15,205.90625,1115.75
1780761480.0006008,15,207.25,1139.0
1780761480.0006008,15,219.265625,1169.5
1780761480.0006008,15,220.578125,1155.25
1780761480.0006008,11,221.984375,1157.5
1780761480.0006008,11,223.25,1164.75
1780761480.0006008,15,224.625,1169.25
1780761480.0006008,15,227.671875,920.25
1780761480.0006008,15,229.125,900.5
1780761480.0006008,15,230.421875,880.0
1780761480.0006008,15,231.8125,862.25
1780761480.0006008,15,233.203125,846.0
1780761480.0006008,15,234.671875,827.75
1780761480.0006008,15,236.03125,812.5
1780761480.0006008,15,237.296875,798.5
1780761480.0006008,15,238.671875,784.5
1780761480.0006008,15,240.15625,773.0
1780761480.0006008,15,241.484375,761.25
1780761480.0006008,15,242.75,749.75
1780761480.0006008,15,244.125,739.5
1780761480.0006008,15,245.484375,731.0
1780761480.0006008,15,247.0,722.5
1780761480.0006008,15,248.203125,714.0
1780761480.0006008,15,254.890625,715.75
1780761480.0006008,15,260.640625,1412.25
1780761480.0006008,15,265.953125,1440.5
1780761480.0006008,15,267.265625,1433.0
1780761480.0006008,15,268.640625,1426.0
1780761480.0006008,7,269.96875,1419.5
1780761480.0006008,7,271.3125,1425.5
1780761480.0006008,15,272.6875,1426.0
1780761480.0006008,15,273.96875,1420.25
1780761480.0006008,6,275.265625,1433.25
1780761480.0006008,15,276.578125,1440.0
1780761480.0006008,15,277.890625,1441.0
1780761480.0006008,15,279.265625,1441.5
1780761480.0006008,15,280.609375,1449.0
1780761480.0006008,15,281.875,1457.0
1780761480.0006008,15,284.5625,1457.5
1780761480.0006008,15,285.890625,1466.5
1780761480.0006008,15,287.25,1479.75
1780761480.0006008,15,288.53125,1505.5
1780761480.0006008,7,289.875,1528.25
1780761480.0006008,15,294.4375,541.5
1780761480.0006008,15,295.671875,539.5
1780761480.0006008,15,296.9375,537.5
1780761480.0006008,15,298.234375,535.5
1780761480.0006008,15,299.671875,534.0
1780761480.0006008,15,301.0,533.25
1780761480.0006008,15,302.375,532.75
1780761480.0006008,15,303.890625,532.25
1780761480.0006008,15,305.09375,532.5
1780761480.0006008,15,306.453125,534.75
1780761480.0006008,15,309.8125,1807.75
1780761480.0006008,15,315.1875,1822.0
1780761480.0006008,15,330.296875,1150.25
1780761480.0006008,15,331.59375,1158.75
1780761480.1382303,15,351.140625,2008.0
1780761480.1382303,15,352.515625,1999.25
1780761480.1382303,15,353.84375,1995.5
1780761480.1382303,15,355.171875,2000.75
1780761480.1382303,15,356.5,2013.75
1780761480.1382303,15,357.828125,1996.25
1780761480.1382303,15,359.171875,1984.0
1780761480.1382303,15,0.5,1984.25
1780761480.1382303,15,1.875,1980.75
1780761480.1382303,15,3.171875,1983.75
1780761480.1382303,15,4.515625,1988.0
1780761480.1382303,15,5.875,1974.5
1780761480.1382303,15,7.1875,1974.75
1780761480.1382303,15,8.546875,1975.0
1780761480.1382303,15,9.859375,1973.25
1780761480.1382303,15,11.234375,1999.75
1780761480.1382303,15,12.59375,2024.5
1780761480.1382303,15,30.296875,1432.75
1780761480.1382303,15,38.625,1146.25
1780761480.1382303,15,41.890625,796.5
1780761480.1382303,15,43.21875,777.5
1780761480.1382303,15,44.640625,759.25
1780761480.1382303,15,46.0,741.5
1780761480.1382303,15,47.390625,727.5
1780761480.1382303,15,48.859375,716.0
1780761480.1382303,15,50.046875,714.25
1780761480.1382303,15,55.171875,866.0
1780761480.1382303,15,56.46875,850.0
1780761480.1382303,15,57.890625,836.0
1780761480.1382303,15,59.1875,822.75
1780761480.1382303,15,60.53125,810.75
1780761480.1382303,15,61.9375,799.25
1780761480.1382303,15,63.265625,788.75
1780761480.1382303,15,64.671875,780.0
1780761480.1382303,15,66.140625,769.0
1780761480.1382303,15,67.34375,760.0
1780761480.1382303,15,68.6875,752.75
1780761480.1382303,15,70.0625,745.0
1780761480.1382303,15,71.46875,738.0
1780761480.1382303,15,72.8125,732.5
1780761480.1382303,15,74.1875,726.5
1780761480.1382303,15,75.5,721.0
1780761480.1382303,15,76.953125,716.25
1780761480.1382303,15,78.15625,710.75
1780761480.1382303,15,79.53125,705.5
1780761480.1382303,15,80.859375,701.75
1780761480.1382303,15,82.21875,699.25
1780761480.1382303,15,83.71875,697.0
1780761480.1382303,15,85.015625,694.25
1780761480.1382303,15,86.40625,692.0
1780761480.1382303,15,87.703125,690.75
1780761480.1382303,15,89.0,689.25
1780761480.1382303,15,90.34375,688.25
1780761480.1382303,15,91.703125,688.25
1780761480.1382303,15,92.96875,688.75
1780761480.1382303,15,94.3125,689.75
1780761480.1382303,15,95.640625,690.5
1780761480.1382303,15,97.0625,691.25
1780761480.1382303,15,98.40625,692.75
1780761480.1382303,15,99.796875,694.25
1780761480.1382303,15,100.984375,696.25
1780761480.1382303,15,102.3125,700.0
1780761480.1382303,15,103.671875,704.0
1780761480.1382303,15,105.09375,707.75
1780761480.1382303,15,106.375,711.5
1780761480.1382303,15,107.609375,715.25
1780761480.1382303,15,111.671875,712.5
1780761480.1382303,15,124.203125,1320.75
1780761480.1382303,15,127.0,1217.75
1780761480.1382303,15,128.34375,1195.0
1780761480.1382303,15,129.671875,1163.25
1780761480.1382303,15,132.421875,1096.75
1780761480.1382303,15,135.203125,1040.75
1780761480.1382303,8,136.59375,1018.75
1780761480.1382303,15,137.890625,997.75
1780761480.1382303,15,139.34375,979.25
1780761480.1382303,15,140.65625,958.25
1780761480.1382303,15,141.953125,958.0
1780761480.1382303,15,143.328125,980.75
1780761480.1382303,15,149.875,1068.75
1780761480.1382303,15,151.203125,1061.75
1780761480.1382303,15,155.15625,1139.5
1780761480.1382303,15,157.859375,1086.5
1780761480.1382303,13,159.234375,1079.75
1780761480.1382303,15,172.0,700.75
1780761480.1382303,15,173.34375,697.25
1780761480.1382303,15,174.65625,694.5
1780761480.1382303,15,176.03125,693.25
1780761480.1382303,15,177.40625,691.5
1780761480.1382303,15,178.765625,690.0
1780761480.1382303,15,180.015625,690.0
1780761480.1382303,15,181.484375,688.5
1780761480.1382303,15,182.75,686.5
1780761480.1382303,15,184.109375,686.0
1780761480.1382303,15,185.359375,686.0
1780761480.1382303,15,186.71875,687.25
1780761480.1382303,14,188.078125,689.75
1780761480.1382303,15,189.46875,690.0
1780761480.1382303,15,190.71875,691.75
1780761480.1382303,15,192.0625,697.0
1780761480.1382303,15,193.4375,700.0
1780761480.1382303,15,194.671875,702.25
1780761480.1382303,15,196.0,706.0
1780761480.1382303,15,197.359375,710.0
1780761480.1382303,15,198.6875,715.0
1780761480.1382303,15,200.140625,720.5
1780761480.1382303,15,201.4375,724.25
1780761480.1382303,15,202.765625,728.75
1780761480.1382303,15,207.453125,1097.5
1780761480.1382303,15,208.71875,1119.0
1780761480.1382303,15,219.4375,1136.75
1780761480.1382303,15,220.875,1140.5
1780761480.1382303,15,222.15625,1135.75
1780761480.1382303,15,223.5,1140.75
1780761480.1382303,15,224.890625,1145.5
1780761480.1382303,15,226.203125,1145.5
1780761480.1382303,15,229.09375,899.5
1780761480.1382303,15,230.46875,880.0
1780761480.1382303,15,231.890625,862.25
1780761480.1382303,15,233.3125,845.75
1780761480.1382303,15,234.6875,827.5
1780761480.1382303,15,236.046875,812.25
1780761480.1382303,15,237.390625,798.0
1780761480.1382303,15,238.734375,784.25
1780761480.1382303,15,240.09375,772.5
1780761480.1382303,15,241.5,760.75
1780761480.1382303,15,242.890625,749.5
1780761480.1382303,15,244.21875,739.25
1780761480.1382303,15,245.484375,731.0
1780761480.1382303,15,247.0,722.5
1780761480.1382303,15,248.28125,714.25
1780761480.1382303,15,249.65625,707.25
1780761480.1382303,15,250.96875,699.25
1780761480.1382303,15,257.65625,704.75
1780761480.1382303,15,260.71875,1419.5
1780761480.1382303,15,262.015625,1410.75
1780761480.1382303,15,264.71875,1393.25
1780761480.1382303,15,267.421875,1434.0
1780761480.1382303,15,268.734375,1433.5
1780761480.1382303,6,270.0625,1426.0
1780761480.1382303,15,271.390625,1426.25
1780761480.1382303,6,272.734375,1426.25
1780761480.1382303,6,274.078125,1426.0
1780761480.1382303,15,275.40625,1427.0
1780761480.1382303,15,276.71875,1434.25
1780761480.1382303,15,278.015625,1448.5
1780761480.1382303,15,279.375,1449.0
1780761480.1382303,15,280.703125,1442.0
1780761480.1382303,15,282.078125,1449.75
1780761480.1382303,15,283.375,1457.75
1780761480.1382303,15,286.109375,1450.25
1780761480.1382303,15,287.421875,1462.75
1780761480.1382303,15,288.75,1487.0
1780761480.1382303,7,290.0625,1510.25
1780761480.1382303,15,291.375,1529.0
1780761480.1382303,15,292.71875,1538.75
1780761480.1382303,15,296.953125,554.5
1780761480.1382303,15,298.40625,555.0
1780761480.1382303,15,299.84375,554.25
1780761480.1382303,15,300.984375,553.75
1780761480.1382303,15,302.5,553.25
1780761480.1382303,15,303.671875,552.75
1780761480.1382303,15,305.203125,552.75
1780761480.1382303,15,306.359375,552.75
1780761480.1382303,15,307.84375,553.5
1780761480.1382303,15,309.125,556.25
1780761480.1382303,15,331.953125,1179.5
1780761480.1382303,15,333.1875,1191.75
1780761480.2762265,15,351.5,2023.5
1780761480.2762265,15,352.859375,2036.0
1780761480.2762265,15,354.203125,2042.75
1780761480.2762265,15,355.53125,2038.0
1780761480.2762265,15,356.84375,2061.25
1780761480.2762265,15,358.203125,2045.5
1780761480.2762265,15,359.5625,2017.25
1780761480.2762265,15,0.890625,2017.75
1780761480.2762265,15,2.25,2010.0
1780761480.2762265,15,3.59375,2006.25
1780761480.2762265,15,4.953125,2010.25
1780761480.2762265,15,6.296875,2013.0
1780761480.2762265,15,7.59375,2038.5
1780761480.2762265,15,10.3125,2003.75
1780761480.2762265,15,11.671875,2035.25
1780761480.2762265,15,34.984375,1243.5
1780761480.2762265,15,36.4375,1213.5
1780761480.2762265,15,40.953125,812.5
1780761480.2762265,15,42.421875,791.75
1780761480.2762265,15,43.78125,773.25
1780761480.2762265,15,45.296875,756.0
1780761480.2762265,15,46.671875,740.75
1780761480.2762265,15,48.0,735.0
1780761480.2762265,15,49.234375,747.0
1780761480.2762265,15,54.390625,874.25
1780761480.2762265,15,55.78125,859.25
1780761480.2762265,15,57.203125,845.75
1780761480.2762265,15,58.515625,828.5
1780761480.2762265,15,59.796875,815.25
1780761480.2762265,15,61.09375,805.5
1780761480.2762265,15,62.578125,794.0
1780761480.2762265,15,63.859375,783.25
1780761480.2762265,15,65.359375,774.0
1780761480.2762265,15,66.6875,764.5
1780761480.2762265,15,67.9375,756.0
1780761480.2762265,15,69.46875,747.75
1780761480.2762265,15,70.65625,739.75
1780761480.2762265,15,72.09375,734.25
1780761480.2762265,15,73.4375,729.0
1780761480.2762265,15,74.8125,722.75
1780761480.2762265,15,76.15625,716.75
1780761480.2762265,15,77.578125,712.5
1780761480.2762265,15,78.9375,709.0
1780761480.2762265,15,80.25,704.5
1780761480.2762265,15,81.59375,700.75
1780761480.2762265,15,82.96875,697.75
1780761480.2762265,15,84.25,694.5
1780761480.2762265,15,85.5,692.25
1780761480.2762265,15,86.953125,691.5
1780761480.2762265,15,88.265625,689.5
1780761480.2762265,15,89.65625,688.0
1780761480.2762265,15,91.0625,687.5
1780761480.2762265,15,92.296875,688.25
1780761480.2762265,15,93.546875,689.75
1780761480.2762265,15,94.953125,689.5
1780761480.2762265,15,96.265625,690.25
1780761480.2762265,15,97.703125,691.75
1780761480.2762265,15,99.046875,693.25
1780761480.2762265,15,100.296875,695.5
1780761480.2762265,15,101.703125,698.5
1780761480.2762265,15,103.03125,702.0
1780761480.2762265,15,104.296875,707.25
1780761480.2762265,15,105.671875,711.5
1780761480.2762265,15,109.640625,710.5
1780761480.2762265,15,112.5,1698.25
1780761480.2762265,15,113.78125,1720.0
1780761480.2762265,15,115.125,1744.0
1780761480.2762265,15,116.5,1747.75
1780761480.2762265,15,119.375,1435.0
1780761480.2762265,15,126.234375,1198.25
1780761480.2762265,15,129.046875,1118.25
1780761480.2762265,15,133.21875,1015.0
1780761480.2762265,15,134.546875,1006.0
1780761480.2762265,11,135.890625,1001.0
1780761480.2762265,15,137.171875,981.75
1780761480.2762265,15,139.96875,934.0
1780761480.2762265,15,141.203125,943.75
1780761480.2762265,15,142.59375,965.75
1780761480.2762265,15,150.453125,1029.5
1780761480.2762265,15,153.15625,1095.5
1780761480.2762265,15,155.921875,1065.75
1780761480.2762265,15,157.234375,1054.5
1780761480.2762265,15,158.625,1045.5
1780761480.2762265,15,171.40625,661.25
1780761480.2762265,15,172.734375,659.0
1780761480.2762265,15,174.203125,656.5
1780761480.2762265,15,175.515625,654.0
1780761480.2762265,15,176.765625,652.25
1780761480.2762265,15,178.203125,651.5
1780761480.2762265,15,179.484375,650.5
1780761480.2762265,15,180.84375,649.5
1780761480.2762265,15,182.25,649.5
1780761480.2762265,15,183.546875,649.5
1780761480.2762265,15,184.921875,649.25
1780761480.2762265,15,186.40625,649.25
1780761480.2762265,15,187.71875,651.25
1780761480.2762265,15,189.09375,651.25
1780761480.2762265,15,190.265625,652.0
1780761480.2762265,15,191.6875,656.5
1780761480.2762265,15,193.09375,660.25
1780761480.2762265,15,194.359375,663.5
1780761480.2762265,15,195.71875,667.0
1780761480.2762265,15,197.0,671.25
1780761480.2762265,15,198.28125,675.0
1780761480.2762265,15,199.75,679.25
1780761480.2762265,15,201.046875,685.0
1780761480.2762265,15,202.21875,690.25
1780761480.2762265,15,203.71875,696.25
1780761480.2762265,15,208.25,1065.75
1780761480.2762265,15,209.53125,1089.5
1780761480.2762265,15,220.140625,1115.5
1780761480.2762265,15,221.484375,1123.5
1780761480.2762265,15,222.859375,1118.0
1780761480.2762265,15,224.21875,1123.75
1780761480.2762265,15,225.578125,1130.0
1780761480.2762265,15,226.90625,1132.5
1780761480.2762265,15,228.234375,1131.5
1780761480.2762265,15,231.375,870.25
1780761480.2762265,15,232.703125,853.75
1780761480.2762265,15,234.0625,836.0
1780761480.2762265,15,235.4375,819.5
1780761480.2762265,15,236.859375,805.25
1780761480.2762265,15,238.296875,790.75
1780761480.2762265,15,239.59375,778.0
1780761480.2762265,15,241.015625,766.75
1780761480.2762265,15,242.328125,755.25
1780761480.2762265,15,243.796875,745.0
1780761480.2762265,15,245.15625,736.25
1780761480.2762265,15,246.453125,728.25
1780761480.2762265,15,247.796875,719.5
1780761480.2762265,15,249.109375,711.5
1780761480.2762265,15,250.453125,704.25
1780761480.2762265,15,251.921875,696.0
1780761480.2762265,15,253.28125,690.0
1780761480.2762265,15,260.0,707.0
1780761480.2762265,6,268.296875,1433.25
1780761480.2762265,15,269.5625,1425.75
1780761480.2762265,7,270.984375,1426.0
1780761480.2762265,15,272.296875,1425.0
1780761480.2762265,15,273.609375,1419.25
1780761480.2762265,15,275.015625,1420.75
1780761480.2762265,15,276.375,1434.5
1780761480.2762265,15,277.71875,1441.0
1780761480.2762265,15,279.03125,1441.0
1780761480.2762265,15,280.421875,1448.75
1780761480.2762265,15,281.703125,1456.75
1780761480.2762265,15,283.109375,1458.0
1780761480.2762265,15,284.46875,1458.0
1780761480.2762265,15,285.75,1467.75
1780761480.2762265,8,289.78125,1528.25
1780761480.2762265,15,291.078125,1529.75
1780761480.2762265,15,292.421875,1539.25
1780761480.2762265,15,293.796875,1548.5
1780761480.2762265,6,295.09375,1558.5
1780761480.2762265,15,300.71875,574.75
1780761480.2762265,15,302.125,574.0
1780761480.2762265,15,303.546875,573.5
1780761480.2762265,15,304.84375,573.0
1780761480.2762265,15,306.15625,573.5
1780761480.2762265,15,307.546875,574.25
1780761480.2762265,15,308.875,575.5
1780761480.2762265,15,310.109375,577.0
1780761480.2762265,15,311.40625,579.25
1780761480.2762265,5,332.921875,1211.25
1780761480.4132571,15,352.5625,2071.25
1780761480.4132571,15,353.921875,2073.25
1780761480.4132571,15,355.25,2054.75
1780761480.4132571,15,356.5625,2077.0
1780761480.4132571,15,357.921875,2087.0
1780761480.4132571,15,359.265625,2061.0
1780761480.4132571,15,0.625,2063.0
1780761480.4132571,15,1.96875,2067.25
1780761480.4132571,15,3.25,2069.0
1780761480.4132571,15,4.65625,2066.75
1780761480.4132571,15,5.953125,2063.0
1780761480.4132571,15,7.34375,2068.0
1780761480.4132571,15,8.65625,2049.0
1780761480.4132571,15,9.984375,2063.0
1780761480.4132571,15,11.3125,2093.75
1780761480.4132571,15,34.609375,1255.25
1780761480.4132571,15,42.015625,798.0
1780761480.4132571,15,43.328125,781.25
1780761480.4132571,15,44.78125,764.5
1780761480.4132571,15,46.046875,761.0
1780761480.4132571,15,51.0625,911.0
1780761480.4132571,15,52.421875,894.5
1780761480.4132571,15,53.90625,879.5
1780761480.4132571,15,55.1875,865.25
1780761480.4132571,15,56.65625,847.75
1780761480.4132571,15,57.96875,833.75
1780761480.4132571,15,59.359375,820.25
1780761480.4132571,15,60.640625,806.5
1780761480.4132571,15,62.09375,796.75
1780761480.4132571,15,63.359375,785.75
1780761480.4132571,15,64.734375,775.75
1780761480.4132571,15,66.109375,765.75
1780761480.4132571,15,67.484375,756.5
1780761480.4132571,15,68.953125,748.75
1780761480.4132571,15,70.203125,741.25
1780761480.4132571,15,71.515625,735.0
1780761480.4132571,15,72.96875,728.5
1780761480.4132571,15,74.34375,722.5
1780761480.4132571,15,75.75,716.5
1780761480.4132571,15,77.03125,712.25
1780761480.4132571,15,78.328125,709.0
1780761480.4132571,15,79.796875,703.75
1780761480.4132571,15,81.09375,699.0
1780761480.4132571,15,82.390625,697.75
1780761480.4132571,15,83.84375,696.25
1780761480.4132571,15,85.1875,693.5
1780761480.4132571,15,86.453125,690.75
1780761480.4132571,15,87.859375,689.0
1780761480.4132571,15,89.078125,689.0
1780761480.4132571,15,90.421875,688.75
1780761480.4132571,15,91.921875,688.5
1780761480.4132571,15,93.265625,688.5
1780761480.4132571,15,94.5625,688.75
1780761480.4132571,15,95.9375,689.5
1780761480.4132571,15,97.125,690.25
1780761480.4132571,15,98.546875,691.75
1780761480.4132571,15,99.8125,694.25
1780761480.4132571,15,101.140625,697.25
1780761480.4132571,15,102.453125,699.5
1780761480.4132571,15,106.578125,683.25
1780761480.4132571,15,113.28125,1696.0
1780761480.4132571,7,114.640625,1731.0
1780761480.4132571,15,123.03125,1228.0
1780761480.4132571,15,125.78125,1150.75
1780761480.4132571,15,128.546875,1074.5
1780761480.4132571,15,132.765625,962.5
1780761480.4132571,15,134.078125,951.0
1780761480.4132571,15,135.484375,935.75
1780761480.4132571,15,136.890625,911.5
1780761480.4132571,15,138.09375,901.25
1780761480.4132571,15,139.4375,912.5
1780761480.4132571,15,140.8125,931.75
1780761480.4132571,15,142.109375,956.0
1780761480.4132571,15,144.6875,1021.25
1780761480.4132571,15,148.65625,996.75
1780761480.4132571,15,150.0625,1011.5
1780761480.4132571,15,152.6875,1066.75
1780761480.4132571,15,154.078125,1050.25
1780761480.4132571,15,155.34375,1027.0
1780761480.4132571,15,156.734375,1015.0
1780761480.4132571,15,158.109375,1007.25
1780761480.4132571,15,171.015625,623.5
1780761480.4132571,15,172.421875,619.75
1780761480.4132571,15,173.640625,616.75
1780761480.4132571,15,175.046875,615.5
1780761480.4132571,15,176.546875,614.5
1780761480.4132571,15,177.671875,613.0
1780761480.4132571,15,179.1875,612.0
1780761480.4132571,15,180.609375,611.5
1780761480.4132571,15,181.875,610.75
1780761480.4132571,15,183.296875,610.25
1780761480.4132571,15,184.53125,610.0
1780761480.4132571,15,186.078125,610.25
1780761480.4132571,15,187.46875,609.75
1780761480.4132571,15,188.71875,610.25
1780761480.4132571,15,190.0,613.0
1780761480.4132571,15,191.421875,616.5
1780761480.4132571,15,192.75,618.5
1780761480.4132571,15,194.109375,621.0
1780761480.4132571,15,195.296875,625.5
1780761480.4132571,15,196.6875,630.0
1780761480.4132571,15,198.0625,634.25
1780761480.4132571,15,199.328125,638.0
1780761480.4132571,15,200.59375,642.0
1780761480.4132571,15,202.03125,647.0
1780761480.4132571,15,203.359375,652.75
1780761480.4132571,15,204.546875,658.0
1780761480.4132571,15,209.140625,1023.0
1780761480.4132571,9,222.515625,1093.5
1780761480.4132571,8,223.9375,1077.25
1780761480.4132571,8,225.25,1078.25
1780761480.4132571,15,226.53125,1087.0
1780761480.4132571,15,227.875,1092.25
1780761480.4132571,15,229.15625,1091.75
1780761480.4132571,15,233.671875,842.5
1780761480.4132571,15,235.015625,824.0
1780761480.4132571,15,236.34375,810.75
1780761480.4132571,15,237.6875,797.5
1780761480.4132571,15,239.046875,784.75
1780761480.4132571,15,240.5,773.5
1780761480.4132571,15,241.890625,761.75
1780761480.4132571,15,243.125,750.5
1780761480.4132571,15,244.46875,739.75
1780761480.4132571,15,245.859375,731.0
1780761480.4132571,15,247.21875,723.0
1780761480.4132571,15,248.546875,715.5
1780761480.4132571,15,250.0625,708.0
1780761480.4132571,15,251.40625,700.75
1780761480.4132571,15,252.671875,693.75
1780761480.4132571,15,254.09375,687.5
1780761480.4132571,15,255.5,682.0
1780761480.4132571,15,256.75,676.0
1780761480.4132571,15,263.4375,703.0
1780761480.4132571,15,266.359375,1425.75
1780761480.4132571,15,269.109375,1440.75
1780761480.4132571,15,270.4375,1433.5
1780761480.4132571,15,271.734375,1427.0
1780761480.4132571,15,273.09375,1434.0
1780761480.4132571,15,274.4375,1440.5
1780761480.4132571,15,275.765625,1441.0
1780761480.4132571,15,277.125,1435.5
1780761480.4132571,15,278.4375,1435.5
1780761480.4132571,15,279.828125,1442.25
1780761480.4132571,15,281.171875,1449.5
1780761480.4132571,15,282.46875,1457.5
1780761480.4132571,15,283.8125,1458.5
1780761480.4132571,15,285.171875,1468.0
1780761480.4132571,15,286.46875,1480.0
1780761480.4132571,15,287.859375,1487.75
1780761480.4132571,6,290.453125,1511.25
1780761480.4132571,15,291.78125,1529.5
1780761480.4132571,15,293.140625,1539.0
1780761480.4132571,15,294.5,1557.75
1780761480.4132571,15,295.8125,1577.75
1780761480.4132571,15,297.171875,1588.5
1780761480.4132571,15,298.46875,1608.75
1780761480.4132571,15,304.03125,595.0
1780761480.4132571,15,305.375,595.25
1780761480.4132571,15,306.703125,595.5
1780761480.4132571,15,308.0,596.5
1780761480.4132571,15,309.421875,598.25
1780761480.4132571,15,310.734375,599.25
1780761480.4132571,15,312.015625,600.5
1780761480.4132571,15,313.5,602.5
1780761480.4132571,15,314.765625,612.0
1780761480.4132571,15,329.046875,2294.25
1780761480.4132571,15,333.65625,1236.25
1780761480.4132571,15,342.46875,2294.25
1780761480.5512314,15,351.953125,2129.5
1780761480.5512314,15,353.3125,2120.0
1780761480.5512314,15,354.65625,2112.5
1780761480.5512314,15,355.984375,2114.75
1780761480.5512314,15,357.390625,2105.75
1780761480.5512314,15,358.71875,2098.25
1780761480.5512314,15,0.0625,2100.25
1780761480.5512314,15,1.390625,2099.75
1780761480.5512314,15,2.734375,2098.5
1780761480.5512314,15,4.046875,2096.75
1780761480.5512314,15,5.390625,2100.0
1780761480.5512314,15,6.78125,2102.25
1780761480.5512314,15,8.125,2082.0
1780761480.5512314,15,9.421875,2077.0
1780761480.5512314,15,10.71875,2112.75
1780761480.5512314,15,32.578125,1320.0
1780761480.5512314,15,37.296875,878.5
1780761480.5512314,15,38.71875,856.0
1780761480.5512314,15,40.109375,832.5
1780761480.5512314,15,41.5,810.25
1780761480.5512314,15,42.890625,791.0
1780761480.5512314,15,44.265625,786.75
1780761480.5512314,15,49.3125,934.25
1780761480.5512314,15,50.734375,916.75
1780761480.5512314,15,52.09375,899.25
1780761480.5512314,15,53.5,882.75
1780761480.5512314,15,54.8125,867.75
1780761480.5512314,15,56.203125,852.5
1780761480.5512314,15,57.5,837.0
1780761480.5512314,15,59.0,821.75
1780761480.5512314,15,60.390625,809.25
1780761480.5512314,15,61.703125,797.75
1780761480.5512314,15,63.0625,786.75
1780761480.5512314,15,64.453125,778.5
1780761480.5512314,15,65.828125,769.25
1780761480.5512314,15,67.203125,760.0
1780761480.5512314,15,68.53125,751.75
1780761480.5512314,15,69.90625,744.75
1780761480.5512314,15,71.25,737.0
1780761480.5512314,15,72.71875,728.75
1780761480.5512314,15,74.03125,723.25
1780761480.5512314,15,75.28125,718.0
1780761480.5512314,15,76.75,713.75
1780761480.5512314,15,78.125,709.75
1780761480.5512314,15,79.515625,706.0
1780761480.5512314,15,80.875,702.25
1780761480.5512314,15,82.125,698.5
1780761480.5512314,15,83.5625,695.25
1780761480.5512314,15,84.90625,693.0
1780761480.5512314,15,86.171875,691.75
1780761480.5512314,15,87.5625,690.25
1780761480.5512314,15,89.0,688.25
1780761480.5512314,15,90.296875,687.5
1780761480.5512314,15,91.640625,687.75
1780761480.5512314,15,93.015625,688.0
1780761480.5512314,15,94.421875,688.5
1780761480.5512314,15,95.671875,689.25
1780761480.5512314,15,97.09375,690.0
1780761480.5512314,15,98.296875,691.5
1780761480.5512314,15,99.6875,694.0
1780761480.5512314,15,103.8125,675.75
1780761480.5512314,15,106.5625,1649.25
1780761480.5512314,15,107.796875,1660.0
1780761480.5512314,15,109.140625,1671.25
1780761480.5512314,15,110.421875,1683.75
1780761480.5512314,5,111.78125,1696.75
1780761480.5512314,15,113.109375,1708.5
1780761480.5512314,5,114.4375,1731.0
1780761480.5512314,2,118.703125,1370.0
1780761480.5512314,15,124.28125,1132.5
1780761480.5512314,15,127.078125,1048.75
1780761480.5512314,15,131.203125,939.75
1780761480.5512314,15,132.46875,925.5
1780761480.5512314,15,133.84375,905.75
1780761480.5512314,15,135.296875,887.5
1780761480.5512314,15,136.625,880.5
1780761480.5512314,15,137.890625,890.0
1780761480.5512314,15,139.171875,909.0
1780761480.5512314,15,140.5625,928.75
1780761480.5512314,15,141.765625,952.25
1780761480.5512314,15,148.453125,976.75
1780761480.5512314,15,151.03125,1034.75
1780761480.5512314,15,152.359375,1032.0
1780761480.5512314,15,153.828125,1007.75
1780761480.5512314,15,155.09375,993.5
1780761480.5512314,15,156.609375,983.25
1780761480.5512314,15,169.5625,588.75
1780761480.5512314,15,171.015625,585.25
1780761480.5512314,15,172.3125,583.5
1780761480.5512314,15,173.84375,581.5
1780761480.5512314,15,175.171875,579.5
1780761480.5512314,15,176.484375,578.75
1780761480.5512314,15,177.671875,577.0
1780761480.5512314,15,179.09375,575.25
1780761480.5512314,15,180.375,573.75
1780761480.5512314,15,181.90625,572.75
1780761480.5512314,15,183.015625,572.5
1780761480.5512314,15,184.34375,573.0
1780761480.5512314,15,185.90625,573.5
1780761480.5512314,15,187.109375,573.5
1780761480.5512314,15,188.375,573.25
1780761480.5512314,15,189.890625,575.0
1780761480.5512314,15,191.265625,577.75
1780761480.5512314,15,192.5625,580.5
1780761480.5512314,15,193.875,583.75
1780761480.5512314,15,195.1875,586.25
1780761480.5512314,15,196.421875,590.0
1780761480.5512314,15,197.6875,594.25
1780761480.5512314,15,199.15625,597.5
1780761480.5512314,15,200.328125,601.25
1780761480.5512314,15,201.671875,606.75
1780761480.5512314,15,203.015625,611.25
1780761480.5512314,15,204.40625,615.75
1780761480.5512314,15,205.6875,621.75
1780761480.5512314,15,207.03125,634.5
1780761480.5512314,15,208.828125,985.25
1780761480.5512314,15,210.140625,1005.75
1780761480.5512314,15,211.5,1026.75
1780761480.5512314,15,223.578125,1069.25
1780761480.5512314,15,224.9375,1051.5
1780761480.5512314,15,226.203125,1052.75
1780761480.5512314,15,227.53125,1065.5
1780761480.5512314,15,228.953125,1071.25
1780761480.5512314,15,230.234375,1072.5
1780761480.5512314,15,231.625,1070.5
1780761480.5512314,15,234.640625,829.25
1780761480.5512314,15,236.03125,813.75
1780761480.5512314,15,237.453125,801.25
1780761480.5512314,15,238.828125,788.0
1780761480.5512314,15,240.25,776.5
1780761480.5512314,15,241.578125,764.75
1780761480.5512314,15,242.890625,754.0
1780761480.5512314,15,244.234375,743.75
1780761480.5512314,15,245.640625,735.0
1780761480.5512314,15,247.078125,727.0
1780761480.5512314,15,248.40625,718.0
1780761480.5512314,15,249.6875,710.25
1780761480.5512314,15,251.046875,703.75
1780761480.5512314,15,252.40625,698.0
1780761480.5512314,15,253.9375,691.75
1780761480.5512314,15,255.234375,685.25
1780761480.5512314,15,256.5,680.5
1780761480.5512314,15,257.921875,675.75
1780761480.5512314,15,259.296875,671.0
1780761480.5512314,15,272.890625,1434.25
1780761480.5512314,15,274.203125,1441.0
1780761480.5512314,15,275.484375,1441.25
1780761480.5512314,15,276.859375,1441.25
1780761480.5512314,15,278.171875,1441.75
1780761480.5512314,15,279.546875,1449.25
1780761480.5512314,15,280.828125,1456.75
1780761480.5512314,15,282.171875,1457.5
1780761480.5512314,15,283.5625,1458.0
1780761480.5512314,15,284.84375,1458.0
1780761480.5512314,15,286.15625,1474.75
1780761480.5512314,15,287.53125,1492.5
1780761480.5512314,15,288.84375,1510.5
1780761480.5512314,15,291.546875,1528.75
1780761480.5512314,15,292.859375,1538.75
1780761480.5512314,15,294.1875,1548.0
1780761480.5512314,15,295.484375,1559.5
1780761480.5512314,15,296.84375,1580.0
1780761480.5512314,15,298.15625,1591.0
1780761480.5512314,15,299.5625,1611.0
1780761480.5512314,15,300.90625,1639.75
1780761480.5512314,15,306.484375,615.0
1780761480.5512314,15,307.84375,616.0
1780761480.5512314,15,309.1875,616.75
1780761480.5512314,15,310.5625,617.25
1780761480.5512314,15,311.703125,619.5
1780761480.5512314,15,313.15625,622.75
1780761480.5512314,15,314.53125,625.75
1780761480.5512314,15,315.859375,628.0
1780761480.5512314,15,317.03125,636.25
1780761480.5512314,15,342.21875,2294.25
1780761480.5512314,15,350.375,2273.25
1780761480.6853259,8,353.046875,2141.25
1780761480.6853259,10,354.421875,2156.5
1780761480.6853259,15,355.734375,2145.75
1780761480.6853259,15,357.078125,2136.5
1780761480.6853259,15,358.421875,2134.5
1780761480.6853259,15,359.765625,2133.5
1780761480.6853259,15,1.109375,2124.25
1780761480.6853259,15,2.484375,2119.5
1780761480.6853259,15,3.8125,2130.0
1780761480.6853259,15,5.171875,2116.75
1780761480.6853259,15,6.484375,2107.5
1780761480.6853259,15,7.84375,2098.25
1780761480.6853259,15,9.1875,2091.75
1780761480.6853259,12,11.84375,2198.75
1780761480.6853259,15,32.34375,1320.75
1780761480.6853259,15,38.328125,859.5
1780761480.6853259,15,39.8125,836.0
1780761480.6853259,15,41.15625,816.75
1780761480.6853259,15,42.4375,815.75
1780761480.6853259,15,47.5625,957.25
1780761480.6853259,15,48.984375,936.25
1780761480.6853259,15,50.296875,918.5
1780761480.6853259,15,51.703125,900.75
1780761480.6853259,15,53.03125,884.0
1780761480.6853259,15,54.40625,868.5
1780761480.6853259,15,55.90625,852.75
1780761480.6853259,15,57.265625,836.5
1780761480.6853259,15,58.515625,821.75
1780761480.6853259,15,60.015625,810.5
1780761480.6853259,15,61.34375,799.5
1780761480.6853259,15,62.6875,788.0
1780761480.6853259,15,64.046875,778.0
1780761480.6853259,15,65.5,768.25
1780761480.6853259,15,66.875,759.0
1780761480.6853259,15,68.1875,750.25
1780761480.6853259,15,69.5,742.5
1780761480.6853259,15,70.890625,735.75
1780761480.6853259,15,72.28125,729.5
1780761480.6853259,15,73.640625,722.75
1780761480.6853259,15,75.0625,717.5
1780761480.6853259,15,76.40625,713.5
1780761480.6853259,15,77.640625,709.25
1780761480.6853259,15,79.171875,705.25
1780761480.6853259,15,80.40625,700.5
1780761480.6853259,15,81.828125,697.75
1780761480.6853259,15,83.15625,696.0
1780761480.6853259,15,84.453125,693.0
1780761480.6853259,15,85.703125,689.25
1780761480.6853259,15,87.15625,687.5
1780761480.6853259,15,88.5,687.5
1780761480.6853259,15,89.765625,687.25
1780761480.6853259,15,91.078125,685.75
1780761480.6853259,15,92.453125,686.0
1780761480.6853259,15,93.75,686.25
1780761480.6853259,15,95.109375,686.5
1780761480.6853259,15,96.484375,688.25
1780761480.6853259,15,100.546875,669.25
1780761480.6853259,15,103.359375,1629.5
1780761480.6853259,15,104.65625,1626.0
1780761480.6853259,15,106.0,1635.75
1780761480.6853259,15,107.328125,1660.0
1780761480.6853259,15,108.609375,1671.25
1780761480.6853259,4,111.265625,1685.0
1780761480.6853259,15,112.671875,1698.25
1780761480.6853259,15,122.421875,1121.75
1780761480.6853259,15,125.234375,1030.25
1780761480.6853259,15,128.078125,962.0
1780761480.6853259,15,130.78125,912.25
1780761480.6853259,15,132.171875,894.25
1780761480.6853259,15,133.46875,871.0
1780761480.6853259,15,134.859375,859.25
1780761480.6853259,15,136.109375,863.5
1780761480.6853259,15,137.453125,880.5
1780761480.6853259,15,138.671875,902.75
1780761480.6853259,15,139.984375,925.5
1780761480.6853259,15,142.6875,976.5
1780761480.6853259,11,146.71875,945.5
1780761480.6853259,15,148.015625,965.75
1780761480.6853259,15,151.9375,976.5
1780761480.6853259,15,153.359375,969.5
1780761480.6853259,15,154.65625,957.0
1780761480.6853259,13,159.890625,1151.5
1780761480.6853259,15,169.40625,549.25
1780761480.6853259,15,170.6875,546.75
1780761480.6853259,15,172.0625,544.75
1780761480.6853259,15,173.3125,542.75
1780761480.6853259,15,174.734375,540.5
1780761480.6853259,15,176.203125,538.25
1780761480.6853259,15,177.546875,536.5
1780761480.6853259,15,178.703125,536.0
1780761480.6853259,15,180.21875,535.25
1780761480.6853259,15,181.515625,534.5
1780761480.6853259,15,182.8125,534.25
1780761480.6853259,15,184.328125,533.5
1780761480.6853259,15,185.640625,534.0
1780761480.6853259,15,186.953125,534.75
1780761480.6853259,15,188.296875,535.0
1780761480.6853259,15,189.46875,535.5
1780761480.6853259,15,191.0,537.0
1780761480.6853259,15,192.1875,539.5
1780761480.6853259,15,193.5,542.5
1780761480.6853259,15,194.828125,545.5
1780761480.6853259,15,196.046875,548.75
1780761480.6853259,15,197.5,552.0
1780761480.6853259,15,198.796875,555.25
1780761480.6853259,15,200.0,559.25
1780761480.6853259,15,201.5625,563.25
1780761480.6853259,15,202.84375,567.75
1780761480.6853259,15,204.140625,573.75
1780761480.6853259,15,205.234375,579.25
1780761480.6853259,15,206.578125,584.25
1780761480.6853259,15,207.96875,589.25
1780761480.6853259,15,211.0,967.5
1780761480.6853259,15,212.359375,987.25
1780761480.6853259,15,224.328125,1041.5
1780761480.6853259,15,225.65625,1026.25
1780761480.6853259,15,226.984375,1023.25
1780761480.6853259,15,228.421875,1028.75
1780761480.6853259,15,229.6875,1036.0
1780761480.6853259,15,231.09375,1040.25
1780761480.6853259,15,232.375,1041.25
1780761480.6853259,15,233.78125,1036.75
1780761480.6853259,15,236.8125,807.25
1780761480.6853259,15,238.1875,792.75
1780761480.6853259,15,239.609375,778.75
1780761480.6853259,15,240.90625,768.75
1780761480.6853259,15,242.265625,757.75
1780761480.6853259,15,243.625,745.75
1780761480.6853259,15,245.046875,737.0
1780761480.6853259,15,246.40625,729.25
1780761480.6853259,15,247.8125,720.0
1780761480.6853259,15,249.09375,712.0
1780761480.6853259,15,250.40625,705.75
1780761480.6853259,15,251.859375,700.0
1780761480.6853259,15,253.296875,694.5
1780761480.6853259,15,254.53125,688.75
1780761480.6853259,15,255.96875,683.5
1780761480.6853259,15,257.359375,678.5
1780761480.6853259,15,258.546875,674.0
1780761480.6853259,15,260.03125,669.5
1780761480.6853259,15,261.25,665.5
1780761480.6853259,15,262.71875,662.75
1780761480.6853259,15,274.875,1427.5
1780761480.6853259,15,276.171875,1434.75
1780761480.6853259,15,277.453125,1448.75
1780761480.6853259,15,278.84375,1456.25
1780761480.6853259,15,280.125,1457.0
1780761480.6853259,15,281.46875,1457.75
1780761480.6853259,15,282.78125,1463.5
1780761480.6853259,15,284.140625,1471.25
1780761480.6853259,15,285.484375,1476.25
1780761480.6853259,15,286.8125,1486.25
1780761480.6853259,7,288.171875,1491.5
1780761480.6853259,6,289.4375,1509.75
1780761480.6853259,15,290.796875,1530.25
1780761480.6853259,15,293.4375,1548.75
1780761480.6853259,15,294.765625,1568.5
1780761480.6853259,15,296.125,1579.75
1780761480.6853259,15,297.421875,1589.75
1780761480.6853259,15,298.765625,1594.75
1780761480.6853259,15,300.140625,1623.75
1780761480.6853259,15,301.484375,1660.5
1780761480.6853259,15,309.625,638.75
1780761480.6853259,15,310.890625,640.75
1780761480.6853259,15,312.15625,644.0
1780761480.6853259,15,313.609375,646.0
1780761480.6853259,15,314.96875,648.5
1780761480.6853259,15,316.25,652.0
1780761480.6853259,15,317.609375,656.0
1780761480.6853259,15,318.921875,660.5
1780761480.6853259,15,335.25,1325.75
1780761480.6853259,15,342.875,2294.25
1780761480.8262525,15,353.65625,2169.5
1780761480.8262525,15,355.03125,2174.25
1780761480.8262525,6,356.328125,2168.25
1780761480.8262525,8,357.71875,2165.75
1780761480.8262525,15,359.0625,2156.75
1780761480.8262525,7,0.390625,2152.5
1780761480.8262525,7,1.6875,2161.5
1780761480.8262525,15,3.078125,2159.5
1780761480.8262525,7,4.375,2159.5
1780761480.8262525,15,5.734375,2158.5
1780761480.8262525,8,7.109375,2160.5
1780761480.8262525,15,8.421875,2158.75
1780761480.8262525,5,9.796875,2171.0
1780761480.8262525,15,11.109375,2203.75
1780761480.8262525,15,28.890625,1442.75
1780761480.8262525,15,34.828125,936.25
1780761480.8262525,15,39.0625,855.75
1780761480.8262525,15,40.3125,845.0
1780761480.8262525,15,41.734375,853.75
1780761480.8262525,15,46.890625,967.0
1780761480.8262525,15,48.25,948.0
1780761480.8262525,15,49.625,928.25
1780761480.8262525,15,51.0625,910.25
1780761480.8262525,15,52.40625,893.25
1780761480.8262525,15,53.734375,875.5
1780761480.8262525,15,55.140625,860.0
1780761480.8262525,15,56.5,845.75
1780761480.8262525,15,57.859375,830.75
1780761480.8262525,15,59.171875,817.75
1780761480.8262525,15,60.578125,806.75
1780761480.8262525,15,62.03125,794.75
1780761480.8262525,15,63.46875,783.75
1780761480.8262525,15,64.84375,773.5
1780761480.8262525,15,66.15625,763.5
1780761480.8262525,15,67.5625,756.25
1780761480.8262525,15,68.84375,748.25
1780761480.8262525,15,70.25,740.5
1780761480.8262525,15,71.546875,734.25
1780761480.8262525,15,72.890625,728.0
1780761480.8262525,15,74.375,722.0
1780761480.8262525,15,75.59375,716.25
1780761480.8262525,15,77.09375,711.75
1780761480.8262525,15,78.359375,708.25
1780761480.8262525,15,79.84375,703.5
1780761480.8262525,15,81.15625,699.0
1780761480.8262525,15,82.5625,695.5
1780761480.8262525,15,83.8125,692.25
1780761480.8262525,15,84.984375,690.0
1780761480.8262525,15,86.328125,688.5
1780761480.8262525,15,87.734375,688.25
1780761480.8262525,15,89.109375,688.0
1780761480.8262525,15,90.3125,687.5
1780761480.8262525,15,91.71875,687.5
1780761480.8262525,15,93.125,688.0
1780761480.8262525,15,94.421875,687.0
1780761480.8262525,15,97.140625,660.5
1780761480.8262525,15,101.265625,1591.25
1780761480.8262525,15,102.546875,1603.5
1780761480.8262525,15,103.90625,1607.75
1780761480.8262525,15,105.203125,1611.5
1780761480.8262525,15,106.578125,1636.5
1780761480.8262525,15,107.8125,1660.0
1780761480.8262525,15,109.109375,1671.25
1780761480.8262525,15,110.453125,1683.75
1780761480.8262525,4,111.796875,1686.5
1780761480.8262525,15,124.421875,994.5
1780761480.8262525,15,128.578125,891.25
1780761480.8262525,15,131.4375,829.25
1780761480.8262525,15,132.71875,820.5
1780761480.8262525,15,134.03125,831.0
1780761480.8262525,15,135.421875,848.0
1780761480.8262525,15,136.734375,864.5
1780761480.8262525,15,137.953125,886.25
1780761480.8262525,15,140.546875,956.75
1780761480.8262525,15,143.3125,936.0
1780761480.8262525,15,144.609375,914.25
1780761480.8262525,15,145.953125,918.5
1780761480.8262525,15,148.53125,963.5
1780761480.8262525,15,149.859375,970.75
1780761480.8262525,15,152.609375,938.5
1780761480.8262525,15,153.875,924.75
1780761480.8262525,15,155.265625,912.5
1780761480.8262525,15,168.6875,512.25
1780761480.8262525,15,170.015625,510.0
1780761480.8262525,15,171.328125,506.75
1780761480.8262525,15,172.8125,504.25
1780761480.8262525,15,174.0,502.5
1780761480.8262525,15,175.453125,500.75
1780761480.8262525,15,176.8125,499.5
1780761480.8262525,15,177.984375,498.75
1780761480.8262525,15,179.40625,497.75
1780761480.8262525,15,180.6875,497.0
1780761480.8262525,15,182.265625,496.75
1780761480.8262525,15,183.40625,496.5
1780761480.8262525,15,184.921875,496.5
1780761480.8262525,15,186.265625,497.0
1780761480.8262525,15,187.5625,497.5
1780761480.8262525,15,188.859375,497.5
1780761480.8262525,15,190.1875,498.25
1780761480.8262525,15,191.484375,500.0
1780761480.8262525,15,192.90625,501.5
1780761480.8262525,15,194.125,504.25
1780761480.8262525,15,195.484375,507.75
1780761480.8262525,15,196.78125,511.0
1780761480.8262525,15,198.0625,513.75
1780761480.8262525,15,199.34375,517.5
1780761480.8262525,15,200.71875,522.75
1780761480.8262525,15,201.9375,526.75
1780761480.8262525,15,203.28125,530.25
1780761480.8262525,15,204.8125,535.25
1780761480.8262525,15,205.953125,540.75
1780761480.8262525,15,207.3125,545.75
1780761480.8262525,15,208.640625,551.25
1780761480.8262525,15,209.84375,556.75
1780761480.8262525,15,214.09375,977.5
1780761480.8262525,9,226.09375,1019.5
1780761480.8262525,15,227.484375,1005.5
1780761480.8262525,9,228.765625,1004.25
1780761480.8262525,15,230.125,1009.75
1780761480.8262525,15,231.453125,1017.75
1780761480.8262525,15,232.734375,1023.25
1780761480.8262525,15,234.078125,1024.75
1780761480.8262525,15,235.515625,1023.75
1780761480.8262525,15,238.59375,795.25
1780761480.8262525,15,239.859375,781.75
1780761480.8262525,15,241.359375,770.25
1780761480.8262525,15,242.640625,758.5
1780761480.8262525,15,244.03125,747.75
1780761480.8262525,15,245.3125,738.5
1780761480.8262525,15,246.734375,730.0
1780761480.8262525,15,248.203125,722.25
1780761480.8262525,15,249.46875,715.0
1780761480.8262525,15,250.75,708.5
1780761480.8262525,15,252.296875,701.5
1780761480.8262525,15,253.640625,694.75
1780761480.8262525,15,254.921875,689.5
1780761480.8262525,15,256.234375,683.75
1780761480.8262525,15,257.578125,679.0
1780761480.8262525,15,258.890625,676.0
1780761480.8262525,15,260.359375,671.75
1780761480.8262525,15,261.6875,667.0
1780761480.8262525,15,263.015625,663.75
1780761480.8262525,15,264.40625,660.75
1780761480.8262525,15,265.640625,658.75
1780761480.8262525,15,276.5,1434.25
1780761480.8262525,15,277.8125,1434.5
1780761480.8262525,15,279.15625,1448.75
1780761480.8262525,15,280.515625,1456.25
1780761480.8262525,15,281.859375,1456.75
1780761480.8262525,15,283.1875,1458.0
1780761480.8262525,15,284.46875,1467.5
1780761480.8262525,15,285.859375,1479.5
1780761480.8262525,15,287.140625,1488.0
1780761480.8262525,15,288.515625,1510.5
1780761480.8262525,6,289.796875,1528.25
1780761480.8262525,15,291.171875,1529.75
1780761480.8262525,15,292.46875,1539.25
1780761480.8262525,15,295.15625,1559.5
1780761480.8262525,15,296.46875,1580.5
1780761480.8262525,15,297.84375,1590.75
1780761480.8262525,15,299.234375,1610.25
1780761480.8262525,15,300.5625,1639.5
1780761480.8262525,4,303.203125,1673.75
1780761480.8262525,15,304.546875,1708.25
1780761480.8262525,15,305.890625,1733.75
1780761480.8262525,15,312.703125,665.25
1780761480.8262525,15,313.84375,668.25
1780761480.8262525,15,315.3125,671.0
1780761480.8262525,15,316.671875,673.5
1780761480.8262525,15,317.890625,676.5
1780761480.8262525,15,319.296875,680.75
1780761480.8262525,15,320.625,686.0
1780761480.8262525,15,335.640625,1345.25
1780761480.963472,15,352.546875,2212.0
1780761480.963472,10,353.90625,2205.0
1780761480.963472,15,355.25,2200.5
1780761480.963472,15,356.578125,2206.75
1780761480.963472,15,357.953125,2197.0
1780761480.963472,15,359.25,2186.25
1780761480.963472,15,0.578125,2181.75
1780761480.963472,15,1.953125,2177.0
1780761480.963472,15,3.25,2193.0
1780761480.963472,15,4.609375,2209.0
1780761480.963472,15,5.9375,2196.75
1780761480.963472,15,7.296875,2201.0
1780761480.963472,15,8.625,2196.25
1780761480.963472,5,9.96875,2193.0
1780761480.963472,15,33.5625,953.5
1780761480.963472,15,34.90625,930.0
1780761480.963472,15,36.453125,905.75
1780761480.963472,15,37.78125,881.5
1780761480.963472,15,39.046875,873.0
1780761480.963472,15,44.3125,1009.25
1780761480.963472,15,45.671875,988.25
1780761480.963472,15,47.046875,965.0
1780761480.963472,15,48.40625,945.75
1780761480.963472,15,49.8125,927.75
1780761480.963472,15,51.21875,908.75
1780761480.963472,15,52.515625,890.0
1780761480.963472,15,53.921875,872.0
1780761480.963472,15,55.328125,857.5
1780761480.963472,15,56.625,844.75
1780761480.963472,15,58.03125,827.75
1780761480.963472,15,59.34375,814.25
1780761480.963472,15,60.796875,802.0
1780761480.963472,15,62.0,800.5
1780761480.963472,15,64.921875,770.5
1780761480.963472,15,66.265625,762.5
1780761480.963472,15,67.59375,753.5
1780761480.963472,15,68.859375,745.5
1780761480.963472,15,70.34375,738.0
1780761480.963472,15,71.671875,730.75
1780761480.963472,15,72.953125,726.25
1780761480.963472,15,74.375,721.5
1780761480.963472,15,75.65625,715.75
1780761480.963472,15,77.078125,711.5
1780761480.963472,15,78.359375,708.25
1780761480.963472,15,79.875,703.5
1780761480.963472,15,81.0625,698.75
1780761480.963472,15,82.4375,695.25
1780761480.963472,15,83.78125,692.0
1780761480.963472,15,85.046875,690.0
1780761480.963472,15,86.34375,688.5
1780761480.963472,15,87.75,687.75
1780761480.963472,15,89.203125,686.25
1780761480.963472,15,90.390625,684.5
1780761480.963472,15,91.859375,685.75
1780761480.963472,15,94.59375,664.75
1780761480.963472,15,97.21875,1590.25
1780761480.963472,15,98.578125,1591.0
1780761480.963472,15,99.9375,1591.25
1780761480.963472,15,101.234375,1591.25
1780761480.963472,15,102.5625,1603.5
1780761480.963472,15,103.90625,1622.75
1780761480.963472,15,105.1875,1639.5
1780761480.963472,15,106.53125,1649.5
1780761480.963472,15,107.90625,1660.25
1780761480.963472,15,109.234375,1671.5
1780761480.963472,15,119.03125,1107.0
1780761480.963472,15,126.015625,902.5
1780761480.963472,15,131.640625,802.0
1780761480.963472,15,132.78125,815.0
1780761480.963472,15,134.078125,828.5
1780761480.963472,15,135.484375,846.25
1780761480.963472,15,143.359375,885.25
1780761480.963472,15,144.71875,893.5
1780761480.963472,15,146.0625,918.25
1780761480.963472,15,150.0,923.5
1780761480.963472,15,151.3125,910.75
1780761480.963472,15,152.796875,898.25
1780761480.963472,15,154.015625,890.75
1780761480.963472,15,167.40625,478.75
1780761480.963472,15,169.015625,475.75
1780761480.963472,15,170.40625,473.0
1780761480.963472,15,171.46875,471.25
1780761480.963472,15,172.953125,469.0
1780761480.963472,15,174.453125,467.0
1780761480.963472,15,175.796875,465.5
1780761480.963472,15,176.9375,464.5
1780761480.963472,15,178.421875,463.75
1780761480.963472,15,179.546875,462.5
1780761480.963472,15,180.953125,462.0
1780761480.963472,15,182.359375,461.75
1780761480.963472,15,183.765625,461.5
1780761480.963472,15,185.09375,462.0
1780761480.963472,15,186.484375,462.75
1780761480.963472,15,187.71875,462.5
1780761480.963472,15,188.953125,461.25
1780761480.963472,15,190.296875,462.5
1780761480.963472,15,191.78125,464.5
1780761480.963472,15,193.03125,466.75
1780761480.963472,15,194.203125,469.25
1780761480.963472,15,195.78125,471.5
1780761480.963472,15,197.03125,474.25
1780761480.963472,15,198.09375,477.75
1780761480.963472,15,199.5625,481.5
1780761480.963472,15,200.765625,485.25
1780761480.963472,15,202.296875,488.5
1780761480.963472,15,203.46875,492.25
1780761480.963472,15,204.859375,496.5
1780761480.963472,15,206.265625,501.0
1780761480.963472,15,207.609375,506.0
1780761480.963472,15,208.671875,511.0
1780761480.963472,15,210.046875,516.5
1780761480.963472,15,211.5,522.75
1780761480.963472,15,227.515625,998.25
1780761480.963472,15,228.796875,985.25
1780761480.963472,15,230.140625,983.75
1780761480.963472,15,231.46875,991.0
1780761480.963472,15,232.796875,999.0
1780761480.963472,9,234.09375,1002.75
1780761480.963472,9,235.484375,1004.5
1780761480.963472,15,236.78125,1003.75
1780761480.963472,15,238.140625,1001.25
1780761480.963472,15,241.25,770.0
1780761480.963472,15,242.671875,758.75
1780761480.963472,15,244.0625,748.0
1780761480.963472,15,245.4375,738.5
1780761480.963472,15,246.703125,730.25
1780761480.963472,15,248.09375,722.5
1780761480.963472,15,249.453125,715.25
1780761480.963472,15,250.828125,708.75
1780761480.963472,15,252.171875,702.25
1780761480.963472,15,253.453125,695.75
1780761480.963472,15,254.78125,689.75
1780761480.963472,15,256.1875,684.25
1780761480.963472,15,257.609375,679.75
1780761480.963472,15,258.859375,675.25
1780761480.963472,15,260.109375,671.25
1780761480.963472,15,261.640625,667.0
1780761480.963472,15,262.859375,664.0
1780761480.963472,15,264.3125,661.75
1780761480.963472,15,265.609375,659.25
1780761480.963472,15,266.984375,657.75
1780761480.963472,15,268.296875,655.75
1780761480.963472,15,269.5625,655.75
1780761480.963472,15,273.546875,681.5
1780761480.963472,15,280.359375,1456.5
1780761480.963472,15,281.734375,1457.0
1780761480.963472,15,283.046875,1458.0
1780761480.963472,15,284.390625,1467.75
1780761480.963472,15,285.6875,1484.25
1780761480.963472,6,289.65625,1528.5
1780761480.963472,15,291.046875,1530.25
1780761480.963472,15,292.359375,1539.25
1780761480.963472,6,293.671875,1549.0
1780761480.963472,15,296.296875,1561.0
1780761480.963472,15,297.625,1581.75
1780761480.963472,15,299.140625,1601.25
1780761480.963472,15,300.40625,1630.5
1780761480.963472,15,301.765625,1661.25
1780761480.963472,5,304.4375,1696.0
1780761480.963472,15,305.75,1733.5
1780761480.963472,15,307.078125,1759.5
1780761480.963472,15,313.671875,693.75
1780761480.963472,15,315.0,692.75
1780761480.963472,15,316.40625,696.5
1780761480.963472,15,317.671875,700.0
1780761480.963472,15,319.125,704.0
1780761480.963472,15,320.484375,707.5
1780761480.963472,15,321.796875,711.75
1780761480.963472,15,322.984375,722.25
1780761481.1012695,15,352.453125,2254.25
1780761481.1012695,15,353.8125,2237.75
1780761481.1012695,15,355.140625,2241.25
1780761481.1012695,15,356.484375,2236.0
1780761481.1012695,15,357.84375,2214.25
1780761481.1012695,15,359.1875,2217.75
1780761481.1012695,15,0.53125,2217.75
1780761481.1012695,15,1.875,2213.75
1780761481.1012695,15,3.203125,2213.75
1780761481.1012695,15,4.5625,2214.0
1780761481.1012695,15,5.859375,2214.0
1780761481.1012695,8,7.203125,2216.5
1780761481.1012695,15,8.59375,2212.25
1780761481.1012695,15,9.90625,2232.0
1780761481.1012695,15,11.25,2262.5
1780761481.1012695,15,16.59375,2289.0
1780761481.1012695,15,34.984375,933.0
1780761481.1012695,15,36.46875,910.75
1780761481.1012695,15,37.703125,902.0
1780761481.1012695,15,43.0,1031.75
1780761481.1012695,15,44.3125,1008.75
1780761481.1012695,15,45.703125,986.25
1780761481.1012695,12,47.09375,963.25
1780761481.1012695,15,48.53125,942.0
1780761481.1012695,15,49.84375,921.5
1780761481.1012695,15,51.28125,904.5
1780761481.1012695,15,52.578125,888.25
1780761481.1012695,15,54.046875,871.25
1780761481.1012695,15,55.390625,856.75
1780761481.1012695,15,56.75,841.25
1780761481.1012695,15,58.109375,824.5
1780761481.1012695,15,59.46875,811.0
1780761481.1012695,15,60.828125,798.75
1780761481.1012695,15,62.15625,788.75
1780761481.1012695,15,63.609375,779.25
1780761481.1012695,15,64.9375,770.0
1780761481.1012695,15,66.390625,760.75
1780761481.1012695,15,67.671875,752.0
1780761481.1012695,15,69.109375,743.75
1780761481.1012695,15,70.484375,736.25
1780761481.1012695,15,71.71875,730.75
1780761481.1012695,15,73.109375,724.75
1780761481.1012695,15,74.5,718.25
1780761481.1012695,15,75.84375,713.5
1780761481.1012695,15,77.25,709.75
1780761481.1012695,15,78.65625,706.0
1780761481.1012695,15,79.890625,701.75
1780761481.1012695,15,81.375,698.0
1780761481.1012695,15,82.640625,694.75
1780761481.1012695,15,83.90625,691.25
1780761481.1012695,15,85.34375,688.5
1780761481.1012695,15,86.6875,687.25
1780761481.1012695,15,87.875,686.5
1780761481.1012695,15,89.4375,676.25
1780761481.1012695,15,90.8125,661.5
1780761481.1012695,15,94.71875,1589.75
1780761481.1012695,15,96.125,1589.75
1780761481.1012695,15,98.765625,1590.5
1780761481.1012695,15,100.125,1591.0
1780761481.1012695,15,101.4375,1592.75
1780761481.1012695,15,102.796875,1603.75
1780761481.1012695,15,104.125,1616.0
1780761481.1012695,15,105.453125,1634.25
1780761481.1012695,15,106.796875,1650.0
1780761481.1012695,15,108.15625,1660.75
1780761481.1012695,15,120.8125,957.25
1780761481.1012695,15,126.375,826.75
1780761481.1012695,15,127.84375,823.0
1780761481.1012695,15,130.46875,786.75
1780761481.1012695,15,131.859375,800.25
1780761481.1012695,15,133.109375,815.0
1780761481.1012695,15,134.40625,833.0
1780761481.1012695,15,135.609375,856.0
1780761481.1012695,15,138.296875,899.5
1780761481.1012695,15,142.3125,859.5
1780761481.1012695,15,143.671875,874.0
1780761481.1012695,15,150.390625,878.25
1780761481.1012695,15,151.8125,862.75
1780761481.1012695,15,153.109375,857.25
1780761481.1012695,15,165.34375,442.5
1780761481.1012695,15,167.015625,442.5
1780761481.1012695,15,168.09375,439.25
1780761481.1012695,15,169.609375,436.25
1780761481.1012695,15,171.078125,434.25
1780761481.1012695,15,172.421875,432.5
1780761481.1012695,15,173.734375,430.75
1780761481.1012695,15,175.125,429.25
1780761481.1012695,15,176.125,428.0
1780761481.1012695,15,177.875,426.25
1780761481.1012695,15,178.859375,425.25
1780761481.1012695,15,180.3125,424.75
1780761481.1012695,15,181.65625,424.25
1780761481.1012695,15,182.890625,424.25
1780761481.1012695,15,184.453125,423.75
1780761481.1012695,15,185.8125,424.0
1780761481.1012695,15,186.859375,424.75
1780761481.1012695,15,188.53125,425.0
1780761481.1012695,15,189.5,425.5
1780761481.1012695,15,190.84375,427.0
1780761481.1012695,15,192.21875,428.0
1780761481.1012695,15,193.65625,429.75
1780761481.1012695,15,194.96875,432.5
1780761481.1012695,15,196.390625,434.75
1780761481.1012695,15,197.640625,437.75
1780761481.1012695,15,198.734375,441.25
1780761481.1012695,15,200.21875,444.5
1780761481.1012695,15,201.546875,447.5
1780761481.1012695,15,202.9375,451.5
1780761481.1012695,15,204.09375,455.75
1780761481.1012695,15,205.671875,459.5
1780761481.1012695,15,206.796875,463.75
1780761481.1012695,15,208.28125,468.5
1780761481.1012695,15,209.515625,473.0
1780761481.1012695,15,210.859375,478.5
1780761481.1012695,15,212.140625,485.0
1780761481.1012695,15,213.390625,490.5
1780761481.1012695,15,229.25,969.5
1780761481.1012695,15,230.5625,960.75
1780761481.1012695,15,232.0,961.5
1780761481.1012695,15,233.296875,969.25
1780761481.1012695,15,234.59375,979.75
1780761481.1012695,15,235.96875,986.5
1780761481.1012695,15,237.296875,988.0
1780761481.1012695,15,238.640625,988.0
1780761481.1012695,15,239.90625,985.5
1780761481.1012695,15,243.1875,757.25
1780761481.1012695,15,244.484375,748.25
1780761481.1012695,15,245.828125,738.75
1780761481.1012695,15,247.171875,730.5
1780761481.1012695,15,248.46875,723.0
1780761481.1012695,15,249.84375,715.5
1780761481.1012695,15,251.328125,709.0
1780761481.1012695,15,252.625,702.25
1780761481.1012695,15,254.03125,695.75
1780761481.1012695,15,255.25,690.25
1780761481.1012695,15,256.703125,684.5
1780761481.1012695,15,258.09375,679.75
1780761481.1012695,15,259.375,676.0
1780761481.1012695,15,260.8125,672.0
1780761481.1012695,15,262.03125,668.5
1780761481.1012695,15,263.453125,665.5
1780761481.1012695,15,264.859375,663.0
1780761481.1012695,15,266.15625,660.75
1780761481.1012695,15,267.484375,658.5
1780761481.1012695,15,268.890625,657.25
1780761481.1012695,15,270.125,656.25
1780761481.1012695,15,271.609375,655.75
1780761481.1012695,15,272.78125,656.25
1780761481.1012695,15,276.6875,686.75
1780761481.1012695,15,282.28125,1457.75
1780761481.1012695,15,283.578125,1458.25
1780761481.1012695,15,284.953125,1470.0
1780761481.1012695,15,287.640625,1438.75
1780761481.1012695,15,290.25,1529.75
1780761481.1012695,15,291.59375,1531.0
1780761481.1012695,15,292.9375,1539.75
1780761481.1012695,15,294.25,1559.25
1780761481.1012695,15,295.5625,1570.75
1780761481.1012695,15,298.21875,1590.5
1780761481.1012695,15,299.671875,1619.75
1780761481.1012695,15,301.015625,1639.75
1780761481.1012695,15,305.0,1732.75
1780761481.1012695,15,306.3125,1747.5
1780761481.1012695,15,307.65625,1760.0
1780761481.1012695,15,308.96875,1795.75
1780761481.1012695,15,317.0,718.75
1780761481.1012695,15,318.296875,722.75
1780761481.1012695,15,319.53125,726.5
1780761481.1012695,15,320.96875,730.75
1780761481.1012695,15,322.1875,735.75
1780761481.1012695,15,323.640625,741.5
1780761481.1012695,15,324.8125,750.25
1780761481.2386308,15,353.0,2273.5
1780761481.2386308,15,354.359375,2273.0
1780761481.2386308,15,355.65625,2265.0
1780761481.2386308,15,357.015625,2250.75
1780761481.2386308,15,358.359375,2252.75
1780761481.2386308,15,359.65625,2281.25
1780761481.2386308,15,1.015625,2270.0
1780761481.2386308,15,2.34375,2240.5
1780761481.2386308,15,3.6875,2240.25
1780761481.2386308,15,5.0625,2238.25
1780761481.2386308,15,6.375,2226.25
1780761481.2386308,15,7.71875,2225.5
1780761481.2386308,15,9.046875,2247.75
1780761481.2386308,15,19.6875,2476.5
1780761481.2386308,15,31.203125,1021.75
1780761481.2386308,15,34.0,956.75
1780761481.2386308,15,35.40625,933.75
1780761481.2386308,15,36.71875,931.5
1780761481.2386308,10,43.296875,1021.75
1780761481.2386308,15,44.6875,1000.5
1780761481.2386308,15,46.03125,977.75
1780761481.2386308,15,47.421875,956.25
1780761481.2386308,15,48.703125,937.0
1780761481.2386308,15,50.046875,918.25
1780761481.2386308,15,51.5,899.5
1780761481.2386308,15,52.84375,882.75
1780761481.2386308,15,54.171875,867.75
1780761481.2386308,15,55.65625,852.5
1780761481.2386308,15,57.046875,835.5
1780761481.2386308,15,58.375,820.25
1780761481.2386308,15,59.71875,809.0
1780761481.2386308,15,61.046875,796.75
1780761481.2386308,15,62.515625,785.0
1780761481.2386308,15,63.78125,776.0
1780761481.2386308,15,65.171875,767.0
1780761481.2386308,15,66.546875,757.75
1780761481.2386308,15,67.890625,749.25
1780761481.2386308,15,69.28125,741.0
1780761481.2386308,15,70.640625,734.5
1780761481.2386308,15,71.890625,728.75
1780761481.2386308,15,73.25,722.5
1780761481.2386308,15,74.625,716.75
1780761481.2386308,15,76.03125,712.5
1780761481.2386308,15,77.421875,709.0
1780761481.2386308,15,78.609375,704.75
1780761481.2386308,15,79.96875,700.5
1780761481.2386308,15,81.421875,696.25
1780761481.2386308,15,82.6875,692.75
1780761481.2386308,15,84.125,690.75
1780761481.2386308,15,85.421875,688.5
1780761481.2386308,7,88.0,667.75
1780761481.2386308,15,92.234375,1589.75
1780761481.2386308,15,93.546875,1589.75
1780761481.2386308,15,94.875,1590.0
1780761481.2386308,15,97.546875,1590.0
1780761481.2386308,15,98.890625,1590.5
1780761481.2386308,15,100.21875,1591.25
1780761481.2386308,15,101.515625,1593.0
1780761481.2386308,15,102.90625,1594.5
1780761481.2386308,15,104.203125,1612.0
1780761481.2386308,15,105.515625,1625.75
1780761481.2386308,15,106.9375,1635.0
1780761481.2386308,4,113.96875,1143.5
1780761481.2386308,15,119.625,927.75
1780761481.2386308,15,126.71875,757.75
1780761481.2386308,15,127.953125,761.5
1780761481.2386308,15,129.265625,773.25
1780761481.2386308,15,130.609375,786.25
1780761481.2386308,15,131.84375,799.0
1780761481.2386308,15,137.09375,867.75
1780761481.2386308,15,141.1875,827.5
1780761481.2386308,15,146.390625,875.25
1780761481.2386308,15,149.109375,846.75
1780761481.2386308,15,150.515625,828.75
1780761481.2386308,15,151.859375,821.75
1780761481.2386308,15,164.640625,407.75
1780761481.2386308,15,165.859375,404.25
1780761481.2386308,15,167.28125,401.75
1780761481.2386308,15,168.40625,399.5
1780761481.2386308,15,170.09375,397.0
1780761481.2386308,15,171.140625,395.25
1780761481.2386308,15,172.5625,394.0
1780761481.2386308,15,173.96875,392.5
1780761481.2386308,15,175.125,391.25
1780761481.2386308,15,176.578125,390.25
1780761481.2386308,15,178.140625,388.75
1780761481.2386308,15,179.203125,388.0
1780761481.2386308,15,180.8125,387.0
1780761481.2386308,15,182.171875,386.25
1780761481.2386308,15,183.25,386.25
1780761481.2386308,15,184.78125,386.25
1780761481.2386308,15,186.03125,386.75
1780761481.2386308,15,187.390625,387.75
1780761481.2386308,15,188.734375,387.75
1780761481.2386308,15,190.21875,387.5
1780761481.2386308,15,191.234375,388.5
1780761481.2386308,15,192.6875,389.0
1780761481.2386308,15,193.953125,390.5
1780761481.2386308,15,195.234375,393.75
1780761481.2386308,15,196.625,396.5
1780761481.2386308,15,197.859375,398.75
1780761481.2386308,15,199.265625,401.5
1780761481.2386308,15,200.65625,404.5
1780761481.2386308,15,201.8125,407.75
1780761481.2386308,15,203.234375,411.25
1780761481.2386308,15,204.5,415.0
1780761481.2386308,15,205.953125,419.0
1780761481.2386308,15,207.125,423.25
1780761481.2386308,15,208.625,427.25
1780761481.2386308,15,209.75,432.25
1780761481.2386308,15,211.125,438.25
1780761481.2386308,15,212.5,443.25
1780761481.2386308,15,213.828125,448.5
1780761481.2386308,15,215.0,454.25
1780761481.2386308,15,216.265625,461.0
1780761481.2386308,15,232.0,939.75
1780761481.2386308,15,233.359375,938.0
1780761481.2386308,9,234.71875,945.75
1780761481.2386308,15,236.0,957.0
1780761481.2386308,15,237.328125,964.75
1780761481.2386308,15,238.59375,968.5
1780761481.2386308,15,239.96875,969.0
1780761481.2386308,15,241.265625,968.0
1780761481.2386308,15,242.703125,965.0
1780761481.2386308,15,245.890625,738.5
1780761481.2386308,15,247.171875,730.5
1780761481.2386308,15,248.484375,723.0
1780761481.2386308,15,249.8125,715.5
1780761481.2386308,15,251.140625,709.5
1780761481.2386308,15,252.53125,702.75
1780761481.2386308,15,253.84375,695.75
1780761481.2386308,15,255.296875,690.75
1780761481.2386308,15,256.703125,685.0
1780761481.2386308,15,257.9375,681.0
1780761481.2386308,15,259.3125,677.25
1780761481.2386308,15,260.609375,672.75
1780761481.2386308,15,261.984375,669.75
1780761481.2386308,15,263.34375,666.0
1780761481.2386308,15,264.6875,663.0
1780761481.2386308,15,266.078125,661.0
1780761481.2386308,15,267.375,659.25
1780761481.2386308,15,268.75,658.0
1780761481.2386308,15,270.03125,657.75
1780761481.2386308,15,271.40625,657.5
1780761481.2386308,15,272.6875,656.5
1780761481.2386308,15,273.9375,657.25
1780761481.2386308,15,275.40625,657.75
1780761481.2386308,12,280.5625,699.5
1780761481.2386308,15,286.140625,1481.0
1780761481.2386308,15,287.484375,1505.75
1780761481.2386308,7,288.765625,1527.75
1780761481.2386308,15,290.140625,1529.25
1780761481.2386308,15,291.5,1530.0
1780761481.2386308,15,292.796875,1539.0
1780761481.2386308,15,294.140625,1559.5
1780761481.2386308,15,295.40625,1571.0
1780761481.2386308,15,296.75,1580.5
1780761481.2386308,15,299.46875,1609.25
1780761481.2386308,15,300.8125,1639.75
1780761481.2386308,15,302.125,1660.5
1780761481.2386308,3,303.4375,1684.5
1780761481.2386308,15,306.109375,1721.5
1780761481.2386308,15,307.421875,1770.0
1780761481.2386308,15,308.71875,1807.5
1780761481.2386308,15,317.984375,752.5
1780761481.2386308,15,319.1875,746.75
1780761481.2386308,15,320.515625,751.75
1780761481.2386308,15,321.921875,757.75
1780761481.2386308,15,323.140625,762.75
1780761481.2386308,15,324.484375,768.75
1780761481.2386308,15,325.890625,776.0
1780761481.2386308,15,338.328125,1442.75
1780761481.2386308,2,347.1875,2808.5
1780761481.3763025,15,352.640625,2279.75
1780761481.3763025,15,353.984375,2297.5
1780761481.3763025,15,355.296875,2328.75
1780761481.3763025,15,356.65625,2314.75
1780761481.3763025,15,358.0,2310.0
1780761481.3763025,15,359.3125,2306.25
1780761481.3763025,15,0.703125,2275.0
1780761481.3763025,15,2.015625,2276.25
1780761481.3763025,15,3.359375,2306.75
1780761481.3763025,15,4.671875,2303.5
1780761481.3763025,15,6.0,2300.75
1780761481.3763025,15,7.34375,2306.0
1780761481.3763025,15,8.703125,2292.25
1780761481.3763025,9,33.71875,962.5
1780761481.3763025,15,34.984375,955.5
1780761481.3763025,15,42.984375,1025.5
1780761481.3763025,15,44.453125,1003.75
1780761481.3763025,15,45.765625,981.0
1780761481.3763025,15,47.171875,960.0
1780761481.3763025,15,48.5,939.0
1780761481.3763025,15,49.828125,919.5
1780761481.3763025,15,51.296875,900.0
1780761481.3763025,15,52.640625,883.25
1780761481.3763025,15,54.078125,868.5
1780761481.3763025,15,55.3125,862.0
1780761481.3763025,15,58.171875,822.25
1780761481.3763025,15,59.53125,809.0
1780761481.3763025,15,60.96875,798.0
1780761481.3763025,15,62.28125,786.75
1780761481.3763025,15,63.578125,777.25
1780761481.3763025,15,64.96875,767.5
1780761481.3763025,15,66.3125,758.5
1780761481.3763025,15,67.734375,751.5
1780761481.3763025,15,69.09375,743.25
1780761481.3763025,15,70.359375,736.0
1780761481.3763025,15,71.734375,730.5
1780761481.3763025,15,73.109375,724.25
1780761481.3763025,15,74.453125,717.75
1780761481.3763025,15,75.921875,713.0
1780761481.3763025,15,77.265625,709.5
1780761481.3763025,15,78.53125,705.5
1780761481.3763025,15,80.0,701.0
1780761481.3763025,15,81.359375,697.25
1780761481.3763025,15,82.734375,689.75
1780761481.3763025,15,92.078125,1589.75
1780761481.3763025,15,93.4375,1589.75
1780761481.3763025,15,97.453125,1590.0
1780761481.3763025,15,98.78125,1590.5
1780761481.3763025,15,100.15625,1591.0
1780761481.3763025,15,101.515625,1592.5
1780761481.3763025,15,102.8125,1603.75
1780761481.3763025,15,104.140625,1616.0
1780761481.3763025,15,105.484375,1633.5
1780761481.3763025,5,116.765625,927.5
1780761481.3763025,5,119.53125,859.25
1780761481.3763025,15,123.859375,737.5
1780761481.3763025,15,125.21875,736.25
1780761481.3763025,15,126.53125,745.0
1780761481.3763025,15,127.703125,756.0
1780761481.3763025,15,129.0,768.5
1780761481.3763025,15,130.375,783.0
1780761481.3763025,15,138.3125,799.25
1780761481.3763025,15,139.65625,801.25
1780761481.3763025,15,140.9375,821.75
1780761481.3763025,15,147.59375,814.0
1780761481.3763025,15,148.96875,801.25
1780761481.3763025,15,150.28125,792.5
1780761481.3763025,14,155.171875,1004.0
1780761481.3763025,9,156.546875,1011.5
1780761481.3763025,15,163.140625,370.75
1780761481.3763025,15,164.453125,368.25
1780761481.3763025,15,165.78125,365.5
1780761481.3763025,15,167.078125,363.0
1780761481.3763025,15,168.328125,360.75
1780761481.3763025,15,169.875,358.75
1780761481.3763025,15,171.09375,356.75
1780761481.3763025,15,172.734375,355.0
1780761481.3763025,15,174.15625,353.75
1780761481.3763025,15,175.5625,352.5
1780761481.3763025,15,176.703125,351.25
1780761481.3763025,15,177.90625,350.5
1780761481.3763025,15,179.546875,349.75
1780761481.3763025,15,180.78125,349.0
1780761481.3763025,15,181.90625,348.5
1780761481.3763025,15,183.421875,348.25
1780761481.3763025,15,184.6875,348.25
1780761481.3763025,15,185.9375,348.25
1780761481.3763025,15,187.328125,348.5
1780761481.3763025,15,188.875,348.5
1780761481.3763025,15,190.390625,348.75
1780761481.3763025,15,191.625,348.75
1780761481.3763025,15,192.578125,349.75
1780761481.3763025,15,193.953125,351.75
1780761481.3763025,15,195.203125,353.5
1780761481.3763025,15,196.609375,355.75
1780761481.3763025,15,197.890625,358.5
1780761481.3763025,15,199.5625,361.0
1780761481.3763025,15,200.828125,363.75
1780761481.3763025,15,202.125,367.25
1780761481.3763025,15,203.359375,370.75
1780761481.3763025,15,204.6875,373.75
1780761481.3763025,15,205.921875,377.25
1780761481.3763025,15,206.875,381.5
1780761481.3763025,15,208.5,385.5
1780761481.3763025,15,209.65625,390.0
1780761481.3763025,15,210.953125,395.25
1780761481.3763025,15,212.40625,400.0
1780761481.3763025,15,213.53125,404.25
1780761481.3763025,15,214.78125,409.5
1780761481.3763025,15,216.140625,415.75
1780761481.3763025,15,217.296875,421.5
1780761481.3763025,15,218.484375,427.5
1780761481.3763025,15,219.96875,435.25
1780761481.3763025,15,232.796875,925.25
1780761481.3763025,15,234.15625,918.25
1780761481.3763025,15,235.421875,921.25
1780761481.3763025,15,236.8125,929.25
1780761481.3763025,15,238.046875,938.25
1780761481.3763025,11,239.40625,947.5
1780761481.3763025,12,240.734375,952.5
1780761481.3763025,15,242.0625,953.75
1780761481.3763025,12,243.390625,953.5
1780761481.3763025,15,244.71875,951.25
1780761481.3763025,15,246.109375,940.5
1780761481.3763025,15,249.15625,722.0
1780761481.3763025,15,250.515625,714.75
1780761481.3763025,15,252.0,707.5
1780761481.3763025,15,253.28125,701.0
1780761481.3763025,15,254.6875,695.5
1780761481.3763025,15,256.0,689.75
1780761481.3763025,15,257.40625,685.0
1780761481.3763025,15,258.65625,681.5
1780761481.3763025,15,260.0625,677.25
1780761481.3763025,15,261.359375,673.0
1780761481.3763025,15,262.734375,669.75
1780761481.3763025,15,264.203125,666.75
1780761481.3763025,15,265.453125,664.5
1780761481.3763025,15,266.71875,662.25
1780761481.3763025,15,268.0625,660.5
1780761481.3763025,15,269.5625,658.5
1780761481.3763025,15,270.90625,658.5
1780761481.3763025,15,272.203125,659.25
1780761481.3763025,15,273.421875,658.75
1780761481.3763025,15,274.859375,659.25
1780761481.3763025,15,276.234375,659.0
1780761481.3763025,15,277.5625,660.5
1780761481.3763025,15,278.875,662.75
1780761481.3763025,15,282.734375,702.25
1780761481.3763025,15,289.609375,1529.0
1780761481.3763025,15,290.953125,1530.5
1780761481.3763025,15,292.21875,1540.0
1780761481.3763025,5,293.609375,1557.75
1780761481.3763025,15,294.921875,1569.0
1780761481.3763025,15,296.28125,1571.0
1780761481.3763025,15,297.578125,1580.5
1780761481.3763025,15,298.921875,1609.5
1780761481.3763025,15,304.25,1707.75
1780761481.3763025,15,305.578125,1731.75
1780761481.3763025,15,306.921875,1746.25
1780761481.3763025,15,308.265625,1771.75
1780761481.3763025,15,309.5625,1820.25
1780761481.3763025,15,320.0,776.25
1780761481.3763025,15,321.359375,776.75
1780761481.3763025,15,322.65625,782.25
1780761481.3763025,15,323.9375,788.5
1780761481.3763025,15,325.34375,795.75
1780761481.3763025,15,326.640625,801.0
1780761481.3763025,15,327.9375,812.5
1780761481.3763025,2,346.765625,2808.5
1780761481.3763025,3,348.109375,2808.5
1780761481.3763025,2,349.453125,2808.5
1780761481.514311,15,353.609375,2348.75
1780761481.514311,15,357.609375,2340.0
1780761481.514311,15,358.953125,2341.5
1780761481.514311,15,0.265625,2317.25
1780761481.514311,15,1.609375,2314.75
1780761481.514311,15,2.96875,2334.5
1780761481.514311,15,4.28125,2334.5
1780761481.514311,15,5.625,2335.75
1780761481.514311,15,6.953125,2354.0
1780761481.514311,15,8.296875,2349.75
1780761481.514311,15,9.625,2351.5
1780761481.514311,15,31.765625,1012.0
1780761481.514311,15,33.109375,988.0
1780761481.514311,15,34.421875,987.75
1780761481.514311,15,38.3125,1135.75
1780761481.514311,15,42.390625,1038.75
1780761481.514311,10,43.796875,1016.5
1780761481.514311,15,45.203125,989.0
1780761481.514311,15,46.5625,965.25
1780761481.514311,15,47.890625,944.25
1780761481.514311,15,49.34375,925.75
1780761481.514311,15,50.734375,908.75
1780761481.514311,15,51.984375,890.75
1780761481.514311,15,53.453125,876.75
1780761481.514311,15,54.75,861.5
1780761481.514311,15,56.125,843.75
1780761481.514311,15,57.53125,826.5
1780761481.514311,15,58.921875,813.75
1780761481.514311,15,60.296875,802.25
1780761481.514311,15,61.578125,789.75
1780761481.514311,15,63.0,780.5
1780761481.514311,15,64.328125,771.25
1780761481.514311,15,65.75,761.75
1780761481.514311,15,67.015625,753.0
1780761481.514311,15,68.4375,744.5
1780761481.514311,15,69.859375,736.5
1780761481.514311,15,71.078125,731.0
1780761481.514311,15,72.546875,727.0
1780761481.514311,15,73.796875,720.75
1780761481.514311,15,75.125,714.0
1780761481.514311,15,76.484375,709.75
1780761481.514311,15,77.796875,705.5
1780761481.514311,15,79.21875,701.5
1780761481.514311,15,90.125,1590.0
1780761481.514311,15,91.4375,1589.5
1780761481.514311,15,92.78125,1589.25
1780761481.514311,15,94.125,1589.25
1780761481.514311,15,95.453125,1589.25
1780761481.514311,15,96.78125,1589.75
1780761481.514311,15,98.109375,1590.5
1780761481.514311,15,99.421875,1590.75
1780761481.514311,15,100.8125,1591.25
1780761481.514311,15,102.125,1593.25
1780761481.514311,15,103.4375,1605.75
1780761481.514311,15,104.828125,1618.75
1780761481.514311,15,120.546875,728.25
1780761481.514311,15,121.921875,717.25
1780761481.514311,15,123.328125,720.0
1780761481.514311,15,124.65625,728.25
1780761481.514311,15,125.859375,737.75
1780761481.514311,15,127.25,748.75
1780761481.514311,15,128.421875,762.5
1780761481.514311,15,136.515625,771.25
1780761481.514311,15,137.8125,774.0
1780761481.514311,15,139.015625,793.5
1780761481.514311,15,140.375,813.5
1780761481.514311,15,141.75,812.0
1780761481.514311,15,145.734375,785.25
1780761481.514311,15,147.1875,772.75
1780761481.514311,15,148.421875,761.5
1780761481.514311,15,160.359375,336.5
1780761481.514311,15,162.015625,334.25
1780761481.514311,15,162.984375,331.5
1780761481.514311,15,164.875,328.75
1780761481.514311,15,165.890625,326.5
1780761481.514311,15,167.515625,324.0
1780761481.514311,15,169.0,321.75
1780761481.514311,15,169.78125,320.0
1780761481.514311,15,171.296875,318.25
1780761481.514311,15,172.671875,316.75
1780761481.514311,15,173.84375,315.75
1780761481.514311,15,175.390625,314.5
1780761481.514311,15,177.03125,313.5
1780761481.514311,15,178.125,312.5
1780761481.514311,15,179.21875,312.0
1780761481.514311,15,180.890625,311.5
1780761481.514311,15,182.015625,311.25
1780761481.514311,15,183.78125,310.75
1780761481.514311,15,184.65625,311.0
1780761481.514311,15,186.3125,311.0
1780761481.514311,15,188.03125,311.25
1780761481.514311,15,189.4375,311.5
1780761481.514311,15,190.625,311.75
1780761481.514311,15,191.59375,312.25
1780761481.514311,15,192.75,313.0
1780761481.514311,15,194.359375,314.0
1780761481.514311,15,196.046875,315.0
1780761481.514311,15,196.5625,317.75
1780761481.514311,15,198.21875,320.25
1780761481.514311,15,199.8125,321.5
1780761481.514311,15,201.015625,324.5
1780761481.514311,15,201.96875,327.75
1780761481.514311,15,203.78125,330.75
1780761481.514311,15,204.640625,334.25
1780761481.514311,15,206.359375,337.25
1780761481.514311,15,207.265625,340.5
1780761481.514311,15,208.59375,344.75
1780761481.514311,15,210.03125,348.5
1780761481.514311,15,210.984375,352.75
1780761481.514311,15,212.53125,357.25
1780761481.514311,15,213.484375,362.5
1780761481.514311,15,214.984375,367.75
1780761481.514311,15,216.09375,372.25
1780761481.514311,15,217.359375,377.5
1780761481.514311,15,219.015625,383.25
1780761481.514311,15,220.03125,389.75
1780761481.514311,15,221.171875,396.25
1780761481.514311,15,222.515625,403.0
1780761481.514311,15,235.328125,901.25
1780761481.514311,15,236.734375,899.25
1780761481.514311,15,237.921875,906.5
1780761481.514311,15,239.3125,918.75
1780761481.514311,15,240.59375,927.25
1780761481.514311,15,241.9375,933.0
1780761481.514311,15,243.28125,935.75
1780761481.514311,15,244.671875,937.0
1780761481.514311,15,245.921875,936.0
1780761481.514311,15,247.34375,932.25
1780761481.514311,15,248.640625,924.0
1780761481.514311,15,251.90625,708.5
1780761481.514311,15,253.25,701.5
1780761481.514311,15,254.6875,695.75
1780761481.514311,15,255.96875,690.75
1780761481.514311,15,257.296875,685.75
1780761481.514311,15,258.65625,682.0
1780761481.514311,15,260.015625,678.0
1780761481.514311,15,261.40625,673.5
1780761481.514311,15,262.796875,671.25
1780761481.514311,15,264.03125,668.5
1780761481.514311,15,265.546875,664.75
1780761481.514311,15,266.765625,662.75
1780761481.514311,15,268.125,661.0
1780761481.514311,15,269.5625,660.25
1780761481.514311,15,270.8125,660.0
1780761481.514311,15,272.078125,659.25
1780761481.514311,15,273.515625,659.25
1780761481.514311,15,274.859375,659.5
1780761481.514311,15,276.1875,661.0
1780761481.514311,15,277.453125,663.0
1780761481.514311,15,278.8125,663.5
1780761481.514311,15,280.21875,664.75
1780761481.514311,15,281.453125,668.0
1780761481.514311,15,286.75,706.5
1780761481.514311,15,292.296875,1539.75
1780761481.514311,15,293.609375,1558.0
1780761481.514311,15,294.890625,1569.5
1780761481.514311,15,296.265625,1580.25
1780761481.514311,15,297.5625,1599.75
1780761481.514311,15,298.9375,1619.5
1780761481.514311,15,300.28125,1649.5
1780761481.514311,4,302.9375,1683.25
1780761481.514311,5,304.28125,1708.0
1780761481.514311,15,305.59375,1732.25
1780761481.514311,15,306.890625,1769.75
1780761481.514311,15,308.203125,1807.25
1780761481.514311,15,309.546875,1832.5
1780761481.514311,15,321.265625,815.75
1780761481.514311,15,322.609375,806.0
1780761481.514311,15,324.109375,811.5
1780761481.514311,15,325.296875,818.25
1780761481.514311,15,326.65625,824.25
1780761481.514311,15,328.046875,833.0
1780761481.514311,15,339.34375,1529.25
1780761481.514311,3,346.90625,2808.5
1780761481.514311,3,348.234375,2808.5
1780761481.514311,3,349.578125,2808.5
1780761481.651322,15,352.359375,2348.5
1780761481.651322,15,353.71875,2388.25
1780761481.651322,15,355.046875,2398.5
1780761481.651322,15,356.390625,2388.5
1780761481.651322,15,357.734375,2374.75
1780761481.651322,15,359.078125,2363.0
1780761481.651322,15,0.4375,2351.5
1780761481.651322,15,1.765625,2344.5
1780761481.651322,15,3.109375,2349.75
1780761481.651322,15,4.453125,2360.5
1780761481.651322,15,5.796875,2358.75
1780761481.651322,15,7.140625,2355.5
1780761481.651322,15,8.46875,2324.5
1780761481.651322,15,30.671875,1039.75
1780761481.651322,10,31.984375,1017.0
1780761481.651322,15,38.5625,1131.0
1780761481.651322,15,42.8125,1030.0
1780761481.651322,15,44.078125,1004.25
1780761481.651322,15,45.46875,982.25
1780761481.651322,10,46.921875,960.75
1780761481.651322,15,48.21875,940.75
1780761481.651322,15,49.625,921.75
1780761481.651322,15,51.03125,900.25
1780761481.651322,15,52.375,881.5
1780761481.651322,15,53.75,868.0
1780761481.651322,15,55.078125,853.0
1780761481.651322,15,56.453125,837.75
1780761481.651322,15,57.84375,822.5
1780761481.651322,15,59.1875,809.75
1780761481.651322,15,60.75,798.75
1780761481.651322,15,61.953125,788.25
1780761481.651322,15,63.359375,778.75
1780761481.651322,15,64.78125,768.25
1780761481.651322,15,66.1875,758.25
1780761481.651322,15,67.53125,750.25
1780761481.651322,15,68.96875,742.25
1780761481.651322,15,70.1875,735.5
1780761481.651322,15,71.671875,730.0
1780761481.651322,15,73.015625,725.75
1780761481.651322,15,74.359375,719.25
1780761481.651322,15,75.71875,713.5
1780761481.651322,15,89.203125,1589.5
1780761481.651322,15,90.546875,1589.5
1780761481.651322,15,91.921875,1589.25
1780761481.651322,15,93.265625,1589.25
1780761481.651322,15,94.578125,1589.5
1780761481.651322,15,95.9375,1589.75
1780761481.651322,15,97.25,1590.25
1780761481.651322,15,98.59375,1591.0
1780761481.651322,15,99.984375,1600.5
1780761481.651322,15,101.328125,1601.75
1780761481.651322,15,102.65625,1595.75
1780761481.651322,15,118.5,699.0
1780761481.651322,15,119.90625,697.25
1780761481.651322,15,121.21875,704.25
1780761481.651322,15,122.4375,713.0
1780761481.651322,15,123.859375,721.25
1780761481.651322,15,125.15625,732.5
1780761481.651322,15,126.40625,745.75
1780761481.651322,15,127.671875,761.5
1780761481.651322,15,130.375,802.75
1780761481.651322,15,134.5,744.25
1780761481.651322,15,135.75,746.5
1780761481.651322,15,137.046875,765.0
1780761481.651322,15,138.375,784.0
1780761481.651322,15,142.46875,781.0
1780761481.651322,15,143.890625,760.0
1780761481.651322,15,145.125,744.0
1780761481.651322,15,146.578125,732.0
1780761481.651322,15,147.953125,735.0
1780761481.651322,15,157.640625,300.5
1780761481.651322,15,159.234375,299.75
1780761481.651322,15,160.125,297.0
1780761481.651322,15,162.296875,294.25
1780761481.651322,15,163.734375,291.5
1780761481.651322,15,165.0,289.25
1780761481.651322,15,165.9375,287.0
1780761481.651322,15,167.59375,285.0
1780761481.651322,15,169.375,283.25
1780761481.651322,15,169.890625,281.5
1780761481.651322,15,171.546875,279.75
1780761481.651322,15,173.46875,278.5
1780761481.651322,15,174.890625,277.25
1780761481.651322,15,176.359375,276.25
1780761481.651322,15,177.359375,275.25
1780761481.651322,15,178.40625,274.75
1780761481.651322,15,179.9375,274.0
1780761481.651322,15,181.625,273.5
1780761481.651322,15,182.375,273.25
1780761481.651322,15,184.390625,273.0
1780761481.651322,15,185.0625,272.75
1780761481.651322,15,186.75,273.25
1780761481.651322,15,187.265625,273.75
1780761481.651322,15,189.65625,274.0
1780761481.651322,15,190.328125,274.25
1780761481.651322,15,191.625,274.75
1780761481.651322,15,192.8125,275.5
1780761481.651322,15,194.109375,276.5
1780761481.651322,15,196.296875,277.25
1780761481.651322,15,197.421875,278.25
1780761481.651322,15,198.765625,279.75
1780761481.651322,15,199.46875,281.75
1780761481.651322,15,200.421875,284.5
1780761481.651322,15,202.53125,286.0
1780761481.651322,15,203.875,288.5
1780761481.651322,15,204.671875,292.25
1780761481.651322,15,205.640625,295.5
1780761481.651322,15,207.5,298.75
1780761481.651322,15,208.8125,301.75
1780761481.651322,15,210.328125,305.25
1780761481.651322,15,211.4375,309.0
1780761481.651322,15,212.1875,313.0
1780761481.651322,15,213.5625,317.25
1780761481.651322,15,215.03125,321.5
1780761481.651322,15,216.234375,326.25
1780761481.651322,15,217.34375,331.0
1780761481.651322,15,218.65625,336.25
1780761481.651322,15,220.203125,342.0
1780761481.651322,15,221.171875,348.0
1780761481.651322,15,222.265625,354.0
1780761481.651322,15,224.078125,360.5
1780761481.651322,15,224.859375,367.5
1780761481.651322,15,226.328125,374.5
1780761481.651322,15,236.109375,888.5
1780761481.651322,15,237.46875,878.25
1780761481.651322,15,238.78125,878.75
1780761481.651322,15,240.0625,887.25
1780761481.651322,15,241.40625,900.0
1780761481.651322,15,242.78125,911.75
1780761481.651322,15,244.109375,917.75
1780761481.651322,15,245.375,919.0
1780761481.651322,15,246.796875,921.5
1780761481.651322,15,248.0625,923.25
1780761481.651322,15,249.375,920.75
1780761481.651322,15,250.828125,912.75
1780761481.651322,15,253.96875,700.5
1780761481.651322,15,255.375,695.25
1780761481.651322,15,256.65625,690.0
1780761481.651322,15,258.0625,685.0
1780761481.651322,15,259.484375,681.25
1780761481.651322,15,260.890625,677.5
1780761481.651322,15,262.1875,674.25
1780761481.651322,15,263.484375,670.75
1780761481.651322,15,264.90625,667.75
1780761481.651322,15,266.265625,666.0
1780761481.651322,15,267.59375,664.25
1780761481.651322,15,268.828125,662.75
1780761481.651322,15,270.3125,661.0
1780761481.651322,15,271.65625,661.25
1780761481.651322,15,273.03125,662.0
1780761481.651322,15,274.359375,661.5
1780761481.651322,15,275.53125,662.0
1780761481.651322,15,276.859375,663.0
1780761481.651322,15,278.1875,664.0
1780761481.651322,15,279.5,666.5
1780761481.651322,15,280.953125,668.75
1780761481.651322,15,282.125,671.5
1780761481.651322,15,283.46875,674.5
1780761481.651322,15,284.8125,677.5
1780761481.651322,15,288.65625,725.5
1780761481.651322,15,290.03125,734.75
1780761481.651322,15,295.65625,1579.5
1780761481.651322,15,296.96875,1589.0
1780761481.651322,15,298.296875,1594.75
1780761481.651322,15,299.640625,1625.0
1780761481.651322,15,300.96875,1661.0
1780761481.651322,15,302.34375,1673.0
1780761481.651322,15,306.296875,1747.5
1780761481.651322,15,307.640625,1772.0
1780761481.651322,15,308.9375,1820.25
1780761481.651322,15,323.296875,837.75
1780761481.651322,15,324.6875,835.75
1780761481.651322,15,325.890625,843.75
1780761481.651322,15,327.234375,853.25
1780761481.651322,15,328.546875,862.5
1780761481.651322,15,329.9375,869.75
1780761481.651322,4,348.8125,2808.5
1780761481.651322,3,350.140625,2808.5
1780761481.7893314,15,352.9375,2319.0
1780761481.7893314,15,358.25,2406.75
1780761481.7893314,15,359.59375,2408.25
1780761481.7893314,15,0.953125,2400.5
1780761481.7893314,15,2.265625,2392.75
1780761481.7893314,15,6.28125,2395.25
1780761481.7893314,15,7.640625,2385.25
1780761481.7893314,15,8.96875,2400.5
1780761481.7893314,15,31.125,1043.75
1780761481.7893314,15,37.671875,1154.75
1780761481.7893314,15,40.515625,1079.5
1780761481.7893314,9,43.25,1021.0
1780761481.7893314,15,44.625,999.5
1780761481.7893314,15,45.984375,977.25
1780761481.7893314,15,47.3125,953.0
1780761481.7893314,15,48.734375,930.25
1780761481.7893314,15,50.140625,911.75
1780761481.7893314,15,51.46875,894.25
1780761481.7893314,15,52.859375,877.75
1780761481.7893314,15,54.28125,862.5
1780761481.7893314,15,55.625,846.5
1780761481.7893314,15,57.0,831.5
1780761481.7893314,15,58.375,818.25
1780761481.7893314,15,59.625,807.0
1780761481.7893314,15,61.0625,794.75
1780761481.7893314,15,62.5,782.75
1780761481.7893314,15,63.890625,773.5
1780761481.7893314,15,65.25,764.25
1780761481.7893314,15,66.609375,755.25
1780761481.7893314,15,67.96875,746.75
1780761481.7893314,15,69.25,740.25
1780761481.7893314,15,70.671875,733.75
1780761481.7893314,15,72.046875,728.25
1780761481.7893314,15,74.734375,692.25
1780761481.7893314,15,86.796875,1590.5
1780761481.7893314,15,88.1875,1590.0
1780761481.7893314,15,89.5,1589.5
1780761481.7893314,15,92.1875,1589.5
1780761481.7893314,15,93.5,1589.5
1780761481.7893314,15,94.828125,1589.75
1780761481.7893314,15,96.1875,1589.75
1780761481.7893314,15,97.515625,1589.75
1780761481.7893314,15,98.8125,1590.25
1780761481.7893314,15,100.140625,1591.0
1780761481.7893314,15,101.515625,1592.0
1780761481.7893314,15,113.171875,769.0
1780761481.7893314,15,115.953125,681.25
1780761481.7893314,15,117.3125,680.0
1780761481.7893314,15,118.65625,686.5
1780761481.7893314,15,119.96875,693.75
1780761481.7893314,15,121.234375,702.75
1780761481.7893314,15,122.640625,712.25
1780761481.7893314,15,123.875,721.0
1780761481.7893314,15,133.25,719.0
1780761481.7893314,15,134.515625,733.5
1780761481.7893314,15,135.90625,748.25
1780761481.7893314,15,142.765625,723.75
1780761481.7893314,15,144.15625,709.5
1780761481.7893314,15,145.375,699.75
1780761481.7893314,15,156.65625,267.25
1780761481.7893314,15,157.046875,264.0
1780761481.7893314,15,159.21875,261.0
1780761481.7893314,15,159.96875,258.0
1780761481.7893314,15,161.734375,255.75
1780761481.7893314,15,163.140625,253.25
1780761481.7893314,15,164.21875,251.0
1780761481.7893314,15,165.34375,249.0
1780761481.7893314,15,167.78125,247.0
1780761481.7893314,15,168.140625,245.5
1780761481.7893314,15,169.28125,244.25
1780761481.7893314,15,171.671875,242.5
1780761481.7893314,15,173.921875,241.0
1780761481.7893314,15,173.71875,240.0
1780761481.7893314,15,175.109375,239.0
1780761481.7893314,15,176.28125,238.0
1780761481.7893314,15,179.28125,237.25
1780761481.7893314,15,179.21875,236.75
1780761481.7893314,15,181.390625,236.25
1780761481.7893314,15,183.296875,235.5
1780761481.7893314,15,184.640625,235.5
1780761481.7893314,15,184.171875,235.75
1780761481.7893314,15,187.296875,235.75
1780761481.7893314,15,187.125,235.75
1780761481.7893314,15,189.96875,235.75
1780761481.7893314,15,189.484375,236.5
1780761481.7893314,15,192.640625,237.0
1780761481.7893314,15,193.09375,237.25
1780761481.7893314,15,194.5625,238.25
1780761481.7893314,15,195.390625,239.5
1780761481.7893314,15,197.0,239.5
1780761481.7893314,15,198.125,239.75
1780761481.7893314,15,199.328125,241.5
1780761481.7893314,15,199.921875,243.0
1780761481.7893314,15,202.375,245.5
1780761481.7893314,15,202.90625,247.5
1780761481.7893314,15,204.34375,249.5
1780761481.7893314,15,206.25,252.25
1780761481.7893314,15,206.96875,255.25
1780761481.7893314,15,207.859375,258.0
1780761481.7893314,15,209.015625,260.75
1780761481.7893314,15,210.71875,264.0
1780761481.7893314,15,211.859375,267.25
1780761481.7893314,15,212.703125,271.0
1780761481.7893314,15,214.96875,275.0
1780761481.7893314,15,216.09375,279.0
1780761481.7893314,15,217.140625,283.0
1780761481.7893314,15,217.671875,287.5
1780761481.7893314,15,219.6875,292.5
1780761481.7893314,15,220.65625,297.75
1780761481.7893314,15,221.8125,303.5
1780761481.7893314,15,223.296875,308.5
1780761481.7893314,15,224.015625,313.75
1780761481.7893314,15,225.8125,320.25
1780761481.7893314,15,226.71875,326.5
1780761481.7893314,15,227.78125,333.25
1780761481.7893314,15,228.890625,340.75
1780761481.7893314,15,230.578125,348.5
1780761481.7893314,15,237.34375,875.5
1780761481.7893314,15,238.765625,862.5
1780761481.7893314,15,240.0625,858.25
1780761481.7893314,15,241.421875,862.25
1780761481.7893314,15,242.640625,873.5
1780761481.7893314,15,243.953125,886.75
1780761481.7893314,15,245.390625,897.0
1780761481.7893314,15,246.625,903.75
1780761481.7893314,15,247.9375,906.75
1780761481.7893314,15,249.265625,908.25
1780761481.7893314,15,250.703125,907.75
1780761481.7893314,15,252.0625,904.5
1780761481.7893314,15,253.390625,897.75
1780761481.7893314,15,256.5,686.0
1780761481.7893314,15,257.875,686.25
1780761481.7893314,15,259.265625,681.75
1780761481.7893314,15,260.515625,678.5
1780761481.7893314,15,261.875,676.0
1780761481.7893314,15,263.390625,672.25
1780761481.7893314,15,264.6875,669.25
1780761481.7893314,15,266.03125,667.25
1780761481.7893314,15,267.34375,665.75
1780761481.7893314,15,268.703125,664.5
1780761481.7893314,15,270.03125,663.5
1780761481.7893314,15,271.3125,663.0
1780761481.7893314,15,272.765625,663.0
1780761481.7893314,15,274.171875,662.5
1780761481.7893314,15,275.40625,662.75
1780761481.7893314,15,276.75,663.75
1780761481.7893314,15,278.109375,664.5
1780761481.7893314,15,279.453125,666.5
1780761481.7893314,15,280.625,669.5
1780761481.7893314,15,281.9375,672.75
1780761481.7893314,15,283.421875,675.75
1780761481.7893314,15,284.6875,679.0
1780761481.7893314,15,286.09375,682.5
1780761481.7893314,15,287.375,685.5
1780761481.7893314,15,292.515625,743.5
1780761481.7893314,15,298.125,1609.25
1780761481.7893314,15,299.515625,1639.25
1780761481.7893314,15,300.875,1650.25
1780761481.7893314,15,306.203125,1732.5
1780761481.7893314,15,307.5,1770.5
1780761481.7893314,15,308.8125,1807.5
1780761481.7893314,15,325.859375,864.75
1780761481.7893314,15,327.171875,873.25
1780761481.7893314,15,328.46875,882.25
1780761481.7893314,15,329.796875,891.25
1780761481.7893314,15,331.203125,900.75
1780761481.7893314,15,348.75,2811.5
1780761481.7893314,3,350.09375,2809.0
1780761481.9264593,5,354.21875,2437.5
1780761481.9264593,6,355.5625,2436.0
1780761481.9264593,15,359.5625,2436.25
1780761481.9264593,15,0.90625,2434.75
1780761481.9264593,15,2.25,2431.5
1780761481.9264593,15,3.59375,2428.75
1780761481.9264593,15,4.9375,2427.25
1780761481.9264593,15,6.28125,2414.25
1780761481.9264593,15,7.609375,2404.25
1780761481.9264593,8,30.96875,1075.75
1780761481.9264593,15,34.9375,1225.25
1780761481.9264593,15,37.75,1148.5
1780761481.9264593,15,40.5625,1080.75
1780761481.9264593,8,43.328125,1019.0
1780761481.9264593,15,44.625,994.5
1780761481.9264593,15,46.046875,971.5
1780761481.9264593,15,47.40625,950.25
1780761481.9264593,15,48.796875,930.0
1780761481.9264593,15,50.140625,912.0
1780761481.9264593,15,51.546875,894.75
1780761481.9264593,15,52.90625,876.5
1780761481.9264593,15,54.265625,861.25
1780761481.9264593,15,55.59375,847.0
1780761481.9264593,15,57.03125,831.5
1780761481.9264593,15,58.359375,818.25
1780761481.9264593,15,59.8125,807.0
1780761481.9264593,15,61.1875,794.5
1780761481.9264593,15,62.4375,782.75
1780761481.9264593,15,63.890625,773.25
1780761481.9264593,15,65.171875,764.25
1780761481.9264593,15,66.640625,755.25
1780761481.9264593,15,68.046875,746.5
1780761481.9264593,15,69.296875,739.75
1780761481.9264593,15,72.1875,697.5
1780761481.9264593,15,85.546875,1590.25
1780761481.9264593,15,86.890625,1590.25
1780761481.9264593,15,88.171875,1589.75
1780761481.9264593,15,89.5625,1589.5
1780761481.9264593,15,90.84375,1589.5
1780761481.9264593,15,92.203125,1581.75
1780761481.9264593,15,93.546875,1581.75
1780761481.9264593,15,94.859375,1589.75
1780761481.9264593,15,96.203125,1589.75
1780761481.9264593,15,97.578125,1580.5
1780761481.9264593,15,98.84375,1581.0
1780761481.9264593,15,100.203125,1591.0
1780761481.9264593,15,113.53125,669.25
1780761481.9264593,15,114.96875,665.25
1780761481.9264593,15,116.25,671.0
1780761481.9264593,15,117.453125,677.75
1780761481.9264593,15,118.875,686.0
1780761481.9264593,15,120.09375,694.0
1780761481.9264593,15,121.484375,703.25
1780761481.9264593,15,130.734375,694.5
1780761481.9264593,15,132.21875,704.5
1780761481.9264593,15,133.390625,718.75
1780761481.9264593,15,134.75,734.75
1780761481.9264593,15,136.0625,749.75
1780761481.9264593,15,137.421875,754.5
1780761481.9264593,15,140.3125,702.5
1780761481.9264593,15,141.734375,686.0
1780761481.9264593,15,143.03125,672.25
1780761481.9264593,15,144.421875,663.25
1780761481.9264593,15,151.875,236.75
1780761481.9264593,15,152.78125,233.25
1780761481.9264593,15,155.34375,230.0
1780761481.9264593,15,155.21875,226.75
1780761481.9264593,15,158.015625,224.0
1780761481.9264593,15,159.375,221.25
1780761481.9264593,15,159.671875,219.0
1780761481.9264593,15,162.046875,216.5
1780761481.9264593,15,163.265625,214.5
1780761481.9264593,15,163.640625,212.75
1780761481.9264593,15,166.046875,210.75
1780761481.9264593,15,166.359375,209.0
1780761481.9264593,15,168.71875,207.5
1780761481.9264593,15,169.640625,206.25
1780761481.9264593,15,171.40625,205.25
1780761481.9264593,15,172.75,204.0
1780761481.9264593,15,174.09375,202.75
1780761481.9264593,15,175.421875,201.75
1780761481.9264593,15,176.765625,200.75
1780761481.9264593,15,178.109375,200.0
1780761481.9264593,15,179.4375,199.75
1780761481.9264593,15,180.78125,199.25
1780761481.9264593,15,182.125,199.0
1780761481.9264593,15,182.671875,199.0
1780761481.9264593,15,184.796875,198.75
1780761481.9264593,15,186.109375,198.5
1780761481.9264593,15,187.453125,198.75
1780761481.9264593,15,188.796875,198.75
1780761481.9264593,15,190.140625,199.25
1780761481.9264593,15,191.46875,199.75
1780761481.9264593,15,192.8125,200.0
1780761481.9264593,15,193.65625,200.5
1780761481.9264593,15,195.484375,201.5
1780761481.9264593,15,196.0,202.25
1780761481.9264593,15,198.15625,203.5
1780761481.9264593,15,199.5,204.0
1780761481.9264593,15,200.84375,204.75
1780761481.9264593,15,202.421875,205.75
1780761481.9264593,15,203.515625,207.25
1780761481.9264593,15,204.84375,209.75
1780761481.9264593,15,206.453125,211.5
1780761481.9264593,15,207.546875,213.5
1780761481.9264593,15,207.96875,216.5
1780761481.9264593,15,209.265625,219.0
1780761481.9264593,15,211.6875,221.5
1780761481.9264593,15,213.015625,224.5
1780761481.9264593,15,212.671875,227.75
1780761481.9264593,15,214.15625,231.0
1780761481.9264593,15,216.015625,234.25
1780761481.9264593,15,218.40625,237.75
1780761481.9264593,15,218.53125,241.5
1780761481.9264593,15,218.9375,245.75
1780761481.9264593,15,220.6875,250.0
1780761481.9264593,15,240.453125,846.75
1780761481.9264593,15,241.765625,840.0
1780761481.9264593,15,243.09375,841.5
1780761481.9264593,15,244.390625,852.25
1780761481.9264593,15,245.734375,867.0
1780761481.9264593,15,247.09375,878.5
1780761481.9264593,15,248.421875,887.5
1780761481.9264593,15,249.765625,893.25
1780761481.9264593,15,251.09375,896.0
1780761481.9264593,15,252.390625,897.75
1780761481.9264593,15,253.796875,897.75
1780761481.9264593,15,255.125,891.5
1780761481.9264593,15,256.546875,879.0
1780761481.9264593,15,259.703125,680.0
1780761481.9264593,15,260.9375,679.75
1780761481.9264593,15,262.453125,676.75
1780761481.9264593,15,263.8125,673.75
1780761481.9264593,15,265.03125,671.0
1780761481.9264593,15,266.390625,668.0
1780761481.9264593,15,267.734375,666.25
1780761481.9264593,15,269.125,665.25
1780761481.9264593,15,270.453125,664.25
1780761481.9264593,15,271.765625,664.75
1780761481.9264593,15,273.203125,664.25
1780761481.9264593,15,274.453125,664.25
1780761481.9264593,15,275.828125,665.0
1780761481.9264593,15,277.046875,665.75
1780761481.9264593,15,278.5,666.25
1780761481.9264593,15,279.6875,668.5
1780761481.9264593,15,281.015625,671.75
1780761481.9264593,15,282.484375,674.5
1780761481.9264593,15,283.625,677.5
1780761481.9264593,15,285.0625,680.25
1780761481.9264593,15,286.46875,683.75
1780761481.9264593,15,287.703125,688.75
1780761481.9264593,15,289.09375,693.5
1780761481.9264593,15,290.28125,697.75
1780761481.9264593,15,294.25,748.5
1780761481.9264593,15,299.96875,1639.75
1780761481.9264593,15,301.34375,1661.25
1780761481.9264593,4,302.625,1684.5
1780761481.9264593,15,303.984375,1708.0
1780761481.9264593,15,306.65625,1745.5
1780761481.9264593,15,307.96875,1795.75
1780761481.9264593,15,309.328125,1832.5
1780761481.9264593,15,312.0,1862.0
1780761481.9264593,15,326.25,893.75
1780761481.9264593,15,327.640625,898.25
1780761481.9264593,15,328.90625,909.0
1780761481.9264593,15,330.15625,919.25
1780761481.9264593,15,331.53125,924.75
1780761481.9264593,15,350.5625,2813.5
1780761482.0643373,2,355.984375,2462.75
1780761482.0643373,14,358.703125,2315.5
1780761482.0643373,15,0.0625,2313.75
1780761482.0643373,15,1.390625,2313.5
1780761482.0643373,15,2.75,2313.5
1780761482.0643373,15,4.0625,2313.5
1780761482.0643373,15,5.4375,2311.0
1780761482.0643373,15,6.765625,2305.25
1780761482.0643373,15,8.109375,2308.75
1780761482.0643373,15,34.109375,1249.5
1780761482.0643373,15,35.53125,1213.5
1780761482.0643373,15,38.28125,1131.5
1780761482.0643373,15,42.4375,1031.75
1780761482.0643373,15,43.8125,1006.5
1780761482.0643373,15,45.265625,985.25
1780761482.0643373,10,46.640625,961.0
1780761482.0643373,15,47.921875,940.0
1780761482.0643373,15,49.359375,925.0
1780761482.0643373,15,50.671875,905.25
1780761482.0643373,15,52.078125,884.5
1780761482.0643373,15,53.46875,868.5
1780761482.0643373,15,54.84375,854.25
1780761482.0643373,15,56.21875,838.75
1780761482.0643373,15,57.609375,823.75
1780761482.0643373,15,58.953125,811.25
1780761482.0643373,15,60.203125,799.5
1780761482.0643373,15,61.640625,789.0
1780761482.0643373,15,63.046875,778.5
1780761482.0643373,15,64.453125,767.0
1780761482.0643373,15,65.734375,757.25
1780761482.0643373,15,67.015625,749.5
1780761482.0643373,15,84.765625,1591.0
1780761482.0643373,15,86.125,1590.0
1780761482.0643373,15,87.4375,1589.75
1780761482.0643373,15,88.765625,1589.75
1780761482.0643373,15,90.140625,1589.5
1780761482.0643373,15,91.484375,1589.25
1780761482.0643373,15,92.8125,1582.25
1780761482.0643373,15,94.140625,1582.25
1780761482.0643373,15,95.5,1589.25
1780761482.0643373,15,96.8125,1589.5
1780761482.0643373,15,98.140625,1590.25
1780761482.0643373,15,110.21875,653.0
1780761482.0643373,15,111.640625,648.75
1780761482.0643373,15,112.828125,652.75
1780761482.0643373,15,114.15625,658.5
1780761482.0643373,15,115.46875,664.75
1780761482.0643373,15,116.78125,672.0
1780761482.0643373,15,118.125,679.75
1780761482.0643373,15,119.515625,689.75
1780761482.0643373,15,127.578125,673.5
1780761482.0643373,15,128.953125,671.0
1780761482.0643373,15,130.21875,684.75
1780761482.0643373,15,131.46875,699.0
1780761482.0643373,15,132.890625,712.25
1780761482.0643373,15,134.15625,724.5
1780761482.0643373,15,135.421875,728.25
1780761482.0643373,15,138.390625,671.5
1780761482.0643373,15,146.609375,205.5
1780761482.0643373,15,147.9375,202.0
1780761482.0643373,15,149.28125,198.25
1780761482.0643373,15,150.625,194.75
1780761482.0643373,15,151.96875,191.75
1780761482.0643373,15,153.3125,189.0
1780761482.0643373,15,154.640625,186.25
1780761482.0643373,15,155.984375,183.5
1780761482.0643373,15,157.328125,181.0
1780761482.0643373,15,158.671875,179.0
1780761482.0643373,15,160.015625,177.0
1780761482.0643373,15,161.34375,175.25
1780761482.0643373,15,162.703125,173.5
1780761482.0643373,15,164.546875,172.0
1780761482.0643373,15,165.875,170.5
1780761482.0643373,15,167.234375,168.75
1780761482.0643373,15,168.5625,167.75
1780761482.0643373,15,169.90625,166.75
1780761482.0643373,15,171.25,165.75
1780761482.0643373,15,172.578125,164.75
1780761482.0643373,15,173.9375,163.75
1780761482.0643373,15,175.265625,162.75
1780761482.0643373,15,176.609375,162.25
1780761482.0643373,15,177.953125,161.5
1780761482.0643373,15,179.296875,161.0
1780761482.0643373,15,180.625,160.75
1780761482.0643373,15,181.96875,160.5
1780761482.0643373,15,183.3125,160.25
1780761482.0643373,15,184.65625,160.0
1780761482.0643373,15,186.0,160.0
1780761482.0643373,15,187.34375,160.25
1780761482.0643373,15,188.6875,160.25
1780761482.0643373,15,190.015625,160.5
1780761482.0643373,15,191.359375,160.75
1780761482.0643373,15,192.703125,161.0
1780761482.0643373,15,194.046875,161.5
1780761482.0643373,15,195.375,162.25
1780761482.0643373,15,196.71875,163.5
1780761482.0643373,15,198.046875,164.75
1780761482.0643373,15,199.390625,165.5
1780761482.0643373,15,200.734375,166.75
1780761482.0643373,15,202.078125,167.5
1780761482.0643373,15,203.421875,167.75
1780761482.0643373,15,204.765625,168.75
1780761482.0643373,15,245.265625,823.0
1780761482.0643373,15,246.5625,830.5
1780761482.0643373,15,247.859375,848.25
1780761482.0643373,15,249.296875,863.5
1780761482.0643373,15,250.609375,872.0
1780761482.0643373,15,251.890625,878.5
1780761482.0643373,15,253.265625,883.5
1780761482.0643373,15,254.515625,886.5
1780761482.0643373,15,255.96875,887.25
1780761482.0643373,15,257.265625,882.75
1780761482.0643373,15,258.5625,875.5
1780761482.0643373,15,259.9375,868.25
1780761482.0643373,15,263.109375,674.5
1780761482.0643373,15,264.515625,673.0
1780761482.0643373,15,265.859375,669.75
1780761482.0643373,15,267.140625,667.5
1780761482.0643373,15,268.609375,666.5
1780761482.0643373,15,269.90625,665.0
1780761482.0643373,15,271.15625,664.5
1780761482.0643373,15,272.546875,665.0
1780761482.0643373,15,273.859375,665.25
1780761482.0643373,15,275.34375,665.25
1780761482.0643373,15,276.53125,666.25
1780761482.0643373,15,277.828125,668.25
1780761482.0643373,15,279.328125,669.75
1780761482.0643373,15,280.515625,672.75
1780761482.0643373,15,281.84375,675.0
1780761482.0643373,15,283.203125,676.5
1780761482.0643373,15,284.46875,679.5
1780761482.0643373,15,285.8125,683.75
1780761482.0643373,15,287.1875,688.0
1780761482.0643373,15,288.53125,692.5
1780761482.0643373,15,289.90625,697.5
1780761482.0643373,15,291.171875,703.25
1780761482.0643373,15,292.484375,709.0
1780761482.0643373,5,297.71875,773.25
1780761482.0643373,15,306.09375,1746.75
1780761482.0643373,15,326.921875,933.75
1780761482.0643373,15,328.3125,924.75
1780761482.0643373,15,329.671875,931.0
1780761482.0643373,15,330.890625,942.75
1780761482.0643373,15,332.25,955.5
1780761482.2015798,15,351.46875,2801.75
1780761482.2015798,11,355.578125,2480.0
1780761482.2015798,15,356.90625,2502.0
1780761482.2015798,3,358.25,2488.5
1780761482.2015798,4,359.59375,2449.5
1780761482.2015798,1,0.9375,2455.5
1780761482.2015798,15,2.28125,2493.75
1780761482.2015798,15,27.296875,1161.25
1780761482.2015798,9,28.59375,1141.25
1780761482.2015798,15,33.875,1249.75
1780761482.2015798,15,35.34375,1214.0
1780761482.2015798,15,38.140625,1137.75
1780761482.2015798,15,42.296875,1035.0
1780761482.2015798,15,43.625,1010.25
1780761482.2015798,15,45.03125,985.0
1780761482.2015798,15,46.484375,963.75
1780761482.2015798,15,47.8125,942.75
1780761482.2015798,15,49.1875,924.5
1780761482.2015798,15,50.59375,907.75
1780761482.2015798,15,52.046875,887.25
1780761482.2015798,15,53.296875,869.5
1780761482.2015798,15,54.765625,855.25
1780761482.2015798,15,56.203125,839.5
1780761482.2015798,15,57.5,824.0
1780761482.2015798,15,58.828125,813.0
1780761482.2015798,15,60.140625,801.5
1780761482.2015798,15,61.53125,789.0
1780761482.2015798,15,62.875,779.5
1780761482.2015798,15,64.359375,770.25
1780761482.2015798,15,67.09375,727.0
1780761482.2015798,15,82.15625,1586.75
1780761482.2015798,15,83.4375,1591.0
1780761482.2015798,15,84.78125,1590.75
1780761482.2015798,15,88.765625,1589.5
1780761482.2015798,15,90.140625,1589.25
1780761482.2015798,15,91.4375,1589.25
1780761482.2015798,15,92.796875,1589.25
1780761482.2015798,15,94.171875,1589.25
1780761482.2015798,15,95.484375,1589.75
1780761482.2015798,15,96.84375,1590.0
1780761482.2015798,15,107.703125,636.25
1780761482.2015798,15,108.875,638.5
1780761482.2015798,15,110.1875,641.75
1780761482.2015798,15,111.578125,646.0
1780761482.2015798,15,112.90625,652.0
1780761482.2015798,15,114.15625,658.25
1780761482.2015798,15,115.5625,665.0
1780761482.2015798,15,116.84375,673.75
1780761482.2015798,15,125.046875,651.75
1780761482.2015798,15,126.3125,648.0
1780761482.2015798,15,127.609375,659.25
1780761482.2015798,15,128.984375,671.5
1780761482.2015798,15,130.203125,685.25
1780761482.2015798,15,140.359375,173.5
1780761482.2015798,15,141.6875,169.25
1780761482.2015798,15,143.03125,165.5
1780761482.2015798,15,144.359375,162.0
1780761482.2015798,15,145.703125,158.5
1780761482.2015798,15,147.046875,155.25
1780761482.2015798,15,148.390625,152.25
1780761482.2015798,15,149.71875,149.75
1780761482.2015798,15,151.046875,147.0
1780761482.2015798,15,152.390625,144.75
1780761482.2015798,15,153.71875,142.5
1780761482.2015798,15,155.046875,140.5
1780761482.2015798,15,156.375,138.75
1780761482.2015798,15,157.703125,137.25
1780761482.2015798,15,160.59375,135.75
1780761482.2015798,15,161.765625,134.25
1780761482.2015798,15,162.96875,132.5
1780761482.2015798,15,164.546875,131.0
1780761482.2015798,15,165.828125,129.5
1780761482.2015798,15,167.109375,128.5
1780761482.2015798,15,168.484375,127.75
1780761482.2015798,15,168.46875,126.75
1780761482.2015798,15,171.8125,126.0
1780761482.2015798,15,171.15625,125.75
1780761482.2015798,15,173.28125,125.25
1780761482.2015798,15,174.625,124.5
1780761482.2015798,15,176.71875,124.0
1780761482.2015798,15,177.25,123.75
1780761482.2015798,15,180.140625,123.25
1780761482.2015798,15,179.4375,123.0
1780761482.2015798,15,183.5,123.0
1780761482.2015798,15,183.28125,123.0
1780761482.2015798,15,186.078125,123.0
1780761482.2015798,15,186.265625,123.0
1780761482.2015798,15,188.671875,123.25
1780761482.2015798,15,189.515625,123.0
1780761482.2015798,15,191.421875,123.25
1780761482.2015798,15,192.265625,124.0
1780761482.2015798,15,192.078125,124.25
1780761482.2015798,15,192.625,124.75
1780761482.2015798,15,199.21875,125.75
1780761482.2015798,15,201.84375,128.25
1780761482.2015798,15,202.015625,130.0
1780761482.2015798,15,203.359375,131.0
1780761482.2015798,15,206.46875,132.25
1780761482.2015798,15,207.796875,133.25
1780761482.2015798,15,251.8125,853.5
1780761482.2015798,15,253.109375,862.75
1780761482.2015798,15,254.53125,870.0
1780761482.2015798,15,255.8125,874.5
1780761482.2015798,15,257.109375,877.75
1780761482.2015798,15,258.515625,878.25
1780761482.2015798,15,259.859375,872.5
1780761482.2015798,15,261.140625,865.5
1780761482.2015798,15,266.953125,668.75
1780761482.2015798,15,268.5,667.25
1780761482.2015798,15,269.78125,666.5
1780761482.2015798,15,271.0,666.75
1780761482.2015798,15,272.5,666.5
1780761482.2015798,15,273.859375,666.25
1780761482.2015798,15,275.109375,666.75
1780761482.2015798,15,276.4375,667.25
1780761482.2015798,15,277.8125,669.25
1780761482.2015798,15,279.15625,671.0
1780761482.2015798,15,280.421875,672.75
1780761482.2015798,15,281.90625,676.25
1780761482.2015798,15,283.140625,679.0
1780761482.2015798,15,284.578125,681.0
1780761482.2015798,15,285.828125,684.0
1780761482.2015798,15,287.171875,688.0
1780761482.2015798,15,288.46875,692.5
1780761482.2015798,15,289.859375,697.75
1780761482.2015798,15,291.171875,703.5
1780761482.2015798,15,292.390625,709.75
1780761482.2015798,15,293.734375,715.75
1780761482.2015798,15,295.140625,722.25
1780761482.2015798,15,304.703125,1732.75
1780761482.2015798,15,306.03125,1746.5
1780761482.2015798,15,307.359375,1771.0
1780761482.2015798,10,329.453125,952.25
1780761482.2015798,15,330.859375,960.75
1780761482.2015798,15,332.15625,970.25
1780761482.2015798,15,333.53125,980.0
1780761482.3393526,15,355.296875,2792.0
1780761482.3393526,15,358.0,2767.75
1780761482.3393526,15,28.203125,1169.75
1780761482.3393526,15,32.015625,1320.0
1780761482.3393526,15,34.78125,1225.0
1780761482.3393526,15,37.578125,1146.0
1780761482.3393526,9,40.359375,1075.25
1780761482.3393526,15,41.703125,1049.0
1780761482.3393526,15,43.078125,1021.75
1780761482.3393526,15,45.875,968.0
1780761482.3393526,15,47.328125,946.5
1780761482.3393526,15,48.671875,926.25
1780761482.3393526,15,50.0,911.0
1780761482.3393526,15,51.40625,893.25
1780761482.3393526,15,52.796875,875.0
1780761482.3393526,15,54.0625,860.0
1780761482.3393526,15,55.4375,845.75
1780761482.3393526,15,56.84375,828.25
1780761482.3393526,15,58.203125,814.75
1780761482.3393526,15,59.65625,804.0
1780761482.3393526,15,60.953125,792.0
1780761482.3393526,15,63.84375,743.0
1780761482.3393526,15,81.40625,1591.75
1780761482.3393526,15,82.734375,1591.25
1780761482.3393526,15,84.078125,1591.0
1780761482.3393526,15,85.4375,1590.5
1780761482.3393526,15,86.796875,1590.0
1780761482.3393526,15,88.140625,1589.75
1780761482.3393526,15,89.4375,1581.5
1780761482.3393526,15,90.78125,1581.5
1780761482.3393526,15,92.09375,1589.5
1780761482.3393526,15,93.484375,1589.5
1780761482.3393526,15,94.78125,1589.5
1780761482.3393526,15,104.34375,624.25
1780761482.3393526,15,105.515625,626.25
1780761482.3393526,15,106.8125,628.5
1780761482.3393526,15,108.3125,632.75
1780761482.3393526,15,109.59375,637.25
1780761482.3393526,15,110.953125,641.75
1780761482.3393526,15,112.140625,648.0
1780761482.3393526,15,113.5,655.0
1780761482.3393526,15,134.5,137.5
1780761482.3393526,15,134.28125,133.5
1780761482.3393526,15,137.5,129.75
1780761482.3393526,15,136.96875,126.25
1780761482.3393526,15,140.125,123.0
1780761482.3393526,15,141.875,120.5
1780761482.3393526,15,141.953125,117.75
1780761482.3393526,15,144.3125,115.25
1780761482.3393526,15,147.21875,113.0
1780761482.3393526,15,148.53125,111.0
1780761482.3393526,15,150.140625,109.0
1780761482.3393526,15,152.25,107.5
1780761482.3393526,15,153.875,106.0
1780761482.3393526,15,154.828125,104.5
1780761482.3393526,15,156.6875,103.25
1780761482.3393526,15,157.84375,102.25
1780761482.3393526,15,159.65625,101.5
1780761482.3393526,15,160.015625,100.75
1780761482.3393526,15,202.84375,100.5
1780761482.3393526,15,258.015625,864.25
1780761482.3393526,15,259.234375,867.25
1780761482.3393526,15,260.609375,871.5
1780761482.3393526,15,261.9375,870.75
1780761482.3393526,15,263.265625,865.5
1780761482.3393526,15,270.4375,667.5
1780761482.3393526,15,271.90625,666.5
1780761482.3393526,15,273.140625,665.75
1780761482.3393526,15,274.515625,665.75
1780761482.3393526,15,275.859375,665.5
1780761482.3393526,15,277.046875,666.25
1780761482.3393526,15,278.40625,667.25
1780761482.3393526,15,279.734375,669.25
1780761482.3393526,15,280.96875,671.5
1780761482.3393526,15,282.390625,674.25
1780761482.3393526,15,283.6875,677.25
1780761482.3393526,15,284.9375,680.5
1780761482.3393526,15,286.203125,684.0
1780761482.3393526,15,287.671875,686.75
1780761482.3393526,15,288.890625,691.5
1780761482.3393526,15,290.28125,696.5
1780761482.3393526,15,291.59375,701.5
1780761482.3393526,15,292.96875,707.25
1780761482.3393526,15,294.25,712.75
1780761482.3393526,15,295.453125,718.75
1780761482.3393526,15,296.859375,725.5
1780761482.3393526,15,298.09375,732.5
1780761482.3393526,15,308.890625,1795.25
1780761482.3393526,15,323.390625,2274.25
1780761482.3393526,15,330.875,969.75
1780761482.3393526,15,332.28125,975.25
1780761482.3393526,15,333.625,984.75
1780761482.3393526,15,334.890625,999.0
1780761482.4766548,15,352.65625,2801.5
1780761482.4766548,15,355.296875,2785.0
1780761482.4766548,15,1.984375,2771.0
1780761482.4766548,15,9.96875,2777.5
1780761482.4766548,2,15.3125,2798.5
1780761482.4766548,15,28.046875,1185.5
1780761482.4766548,15,29.421875,1180.75
1780761482.4766548,15,38.796875,1145.0
1780761482.4766548,15,42.875,1041.0
1780761482.4766548,15,44.359375,1017.5
1780761482.4766548,15,45.625,990.25
1780761482.4766548,15,47.078125,967.0
1780761482.4766548,15,48.453125,947.5
1780761482.4766548,15,49.859375,928.0
1780761482.4766548,15,51.171875,909.25
1780761482.4766548,15,52.515625,892.5
1780761482.4766548,15,53.828125,874.5
1780761482.4766548,15,55.25,859.0
1780761482.4766548,15,56.640625,846.0
1780761482.4766548,15,58.0625,830.25
1780761482.4766548,15,59.3125,817.0
1780761482.4766548,15,60.71875,804.5
1780761482.4766548,15,62.171875,791.25
1780761482.4766548,15,64.9375,746.5
1780761482.4766548,15,81.25,1571.25
1780761482.4766548,15,82.59375,1592.0
1780761482.4766548,15,83.875,1591.25
1780761482.4766548,15,85.234375,1591.0
1780761482.4766548,15,86.578125,1590.75
1780761482.4766548,15,87.921875,1590.0
1780761482.4766548,15,89.234375,1589.5
1780761482.4766548,15,90.609375,1589.5
1780761482.4766548,15,91.9375,1589.25
1780761482.4766548,15,93.25,1589.25
1780761482.4766548,15,94.578125,1589.5
1780761482.4766548,15,95.90625,1589.5
1780761482.4766548,15,105.3125,624.25
1780761482.4766548,15,106.625,626.0
1780761482.4766548,15,108.046875,629.0
1780761482.4766548,15,109.328125,633.5
1780761482.4766548,15,110.546875,638.25
1780761482.4766548,15,111.90625,643.0
1780761482.4766548,15,113.265625,648.5
1780761482.4766548,15,114.5625,655.75
1780761482.4766548,15,133.4375,141.5
1780761482.4766548,15,136.09375,133.5
1780761482.4766548,15,138.578125,130.0
1780761482.4766548,15,140.03125,126.75
1780761482.4766548,15,142.125,123.5
1780761482.4766548,15,142.1875,120.75
1780761482.4766548,15,144.421875,118.25
1780761482.4766548,15,146.140625,116.0
1780761482.4766548,15,147.890625,113.75
1780761482.4766548,15,149.765625,111.5
1780761482.4766548,15,149.96875,109.75
1780761482.4766548,15,152.546875,108.0
1780761482.4766548,15,154.390625,106.5
1780761482.4766548,15,155.84375,105.25
1780761482.4766548,15,157.40625,103.75
1780761482.4766548,15,157.84375,102.75
1780761482.4766548,15,159.46875,101.75
1780761482.4766548,15,162.03125,101.25
1780761482.4766548,15,162.265625,100.75
1780761482.4766548,15,204.8125,100.5
1780761482.4766548,15,258.265625,866.25
1780761482.4766548,15,259.59375,871.5
1780761482.4766548,15,260.84375,874.0
1780761482.4766548,15,262.21875,870.75
1780761482.4766548,15,263.65625,864.75
1780761482.4766548,15,269.46875,669.25
1780761482.4766548,15,270.84375,668.5
1780761482.4766548,15,272.15625,667.5
1780761482.4766548,15,273.421875,667.0
1780761482.4766548,15,274.8125,667.5
1780761482.4766548,15,276.234375,667.5
1780761482.4766548,15,277.515625,668.25
1780761482.4766548,15,278.71875,669.25
1780761482.4766548,15,280.21875,670.25
1780761482.4766548,15,281.4375,673.5
1780761482.4766548,15,282.8125,676.5
1780761482.4766548,15,284.078125,678.5
1780761482.4766548,15,285.375,681.5
1780761482.4766548,15,286.84375,684.25
1780761482.4766548,15,288.078125,687.5
1780761482.4766548,15,289.4375,692.0
1780761482.4766548,15,290.671875,697.75
1780761482.4766548,15,291.953125,704.0
1780761482.4766548,15,293.453125,709.5
1780761482.4766548,15,294.671875,714.75
1780761482.4766548,15,295.96875,721.75
1780761482.4766548,15,297.375,728.75
1780761482.4766548,15,302.5,798.0
1780761482.4766548,15,330.46875,964.0
1780761482.4766548,15,331.734375,969.25
1780761482.4766548,15,333.03125,979.25
1780761482.4766548,15,334.46875,992.25
1780761482.4766548,15,335.703125,1007.75
1780761482.4766548,1,346.875,2808.5
1780761482.6143682,15,354.96875,2799.75
1780761482.6143682,15,29.125,1179.25
1780761482.6143682,15,32.953125,1320.0
1780761482.6143682,15,38.53125,1155.75
1780761482.6143682,15,42.75,1043.25
1780761482.6143682,8,44.140625,1020.5
1780761482.6143682,15,45.46875,998.0
1780761482.6143682,15,46.8125,975.0
1780761482.6143682,15,48.265625,952.75
1780761482.6143682,15,49.65625,931.25
1780761482.6143682,15,50.9375,913.0
1780761482.6143682,15,52.3125,895.5
1780761482.6143682,15,53.640625,879.0
1780761482.6143682,15,55.03125,864.25
1780761482.6143682,15,56.46875,848.25
1780761482.6143682,15,57.78125,832.5
1780761482.6143682,15,59.171875,818.75
1780761482.6143682,15,60.65625,807.0
1780761482.6143682,15,61.96875,794.75
1780761482.6143682,15,64.71875,746.25
1780761482.6143682,15,82.46875,1591.5
1780761482.6143682,15,83.75,1590.75
1780761482.6143682,15,85.09375,1591.0
1780761482.6143682,15,86.453125,1590.5
1780761482.6143682,15,87.796875,1590.0
1780761482.6143682,15,89.109375,1589.25
1780761482.6143682,15,90.46875,1589.25
1780761482.6143682,15,91.78125,1589.5
1780761482.6143682,15,94.5,1589.0
1780761482.6143682,15,95.796875,1589.0
1780761482.6143682,15,105.265625,622.75
1780761482.6143682,15,106.53125,626.0
1780761482.6143682,15,107.84375,629.25
1780761482.6143682,15,109.234375,632.5
1780761482.6143682,15,110.578125,637.0
1780761482.6143682,15,111.9375,642.75
1780761482.6143682,15,113.140625,648.25
1780761482.6143682,15,114.65625,655.5
1780761482.6143682,15,132.640625,141.5
1780761482.6143682,15,133.984375,137.75
1780761482.6143682,15,136.671875,130.0
1780761482.6143682,15,139.484375,126.75
1780761482.6143682,15,139.875,123.75
1780761482.6143682,15,143.5,121.0
1780761482.6143682,15,144.71875,118.5
1780761482.6143682,15,144.421875,116.0
1780761482.6143682,15,148.421875,113.75
1780761482.6143682,15,148.0625,111.75
1780761482.6143682,15,150.65625,110.0
1780761482.6143682,15,151.625,108.25
1780761482.6143682,15,153.390625,106.5
1780761482.6143682,15,154.984375,105.25
1780761482.6143682,15,156.984375,103.75
1780761482.6143682,15,158.859375,102.75
1780761482.6143682,15,159.90625,101.75
1780761482.6143682,15,161.046875,101.25
1780761482.6143682,15,162.828125,100.75
1780761482.6143682,14,200.578125,100.0
1780761482.6143682,15,205.78125,100.25
1780761482.6143682,15,257.3125,865.75
1780761482.6143682,15,258.640625,867.0
1780761482.6143682,15,259.984375,870.75
1780761482.6143682,15,261.359375,873.5
1780761482.6143682,15,262.6875,869.25
1780761482.6143682,15,264.09375,862.5
1780761482.6143682,15,269.859375,668.0
1780761482.6143682,15,271.25,666.5
1780761482.6143682,15,272.59375,665.25
1780761482.6143682,15,273.96875,665.5
1780761482.6143682,15,275.203125,665.5
1780761482.6143682,15,276.5,666.75
1780761482.6143682,15,277.90625,668.5
1780761482.6143682,15,279.25,670.0
1780761482.6143682,15,280.53125,672.5
1780761482.6143682,15,281.765625,674.5
1780761482.6143682,15,283.09375,677.25
1780761482.6143682,15,284.515625,680.5
1780761482.6143682,15,285.8125,683.5
1780761482.6143682,15,287.1875,687.25
1780761482.6143682,15,288.46875,690.25
1780761482.6143682,15,289.734375,693.5
1780761482.6143682,15,291.15625,699.0
1780761482.6143682,15,292.390625,705.25
1780761482.6143682,15,293.703125,711.25
1780761482.6143682,15,295.0,717.5
1780761482.6143682,15,296.375,723.75
1780761482.6143682,15,297.625,730.25
1780761482.6143682,15,308.578125,1762.0
1780761482.6143682,15,323.203125,2274.25
1780761482.6143682,15,330.859375,965.25
1780761482.6143682,15,332.125,971.75
1780761482.6143682,15,333.515625,980.0
1780761482.6143682,15,334.765625,993.75
1780761482.6143682,7,336.15625,1012.75
1780761482.6143682,1,347.234375,2808.5
1780761482.7523801,15,1.984375,2778.75
1780761482.7523801,15,10.015625,2778.75
1780761482.7523801,1,15.34375,2798.5
1780761482.7523801,15,28.078125,1185.25
1780761482.7523801,15,38.9375,1139.25
1780761482.7523801,15,41.8125,1065.75
1780761482.7523801,15,43.109375,1040.0
1780761482.7523801,15,44.53125,1015.75
1780761482.7523801,15,45.84375,988.5
1780761482.7523801,15,47.3125,965.25
1780761482.7523801,15,48.609375,943.5
1780761482.7523801,15,50.015625,925.25
1780761482.7523801,15,51.421875,909.5
1780761482.7523801,15,52.734375,891.0
1780761482.7523801,15,54.140625,873.25
1780761482.7523801,15,55.578125,858.0
1780761482.7523801,15,56.921875,843.5
1780761482.7523801,15,58.265625,827.25
1780761482.7523801,15,59.625,813.5
1780761482.7523801,15,61.0,803.75
1780761482.7523801,15,62.4375,792.5
1780761482.7523801,15,65.203125,748.5
1780761482.7523801,15,82.9375,1591.75
1780761482.7523801,15,84.203125,1591.0
1780761482.7523801,15,85.609375,1590.0
1780761482.7523801,15,86.90625,1589.75
1780761482.7523801,15,88.25,1589.75
1780761482.7523801,15,89.59375,1589.5
1780761482.7523801,15,90.953125,1589.5
1780761482.7523801,15,92.296875,1589.0
1780761482.7523801,15,93.625,1589.0
1780761482.7523801,15,94.921875,1589.5
1780761482.7523801,15,96.265625,1589.5
1780761482.7523801,15,105.75,624.75
1780761482.7523801,15,107.0,626.5
1780761482.7523801,15,108.453125,629.5
1780761482.7523801,15,109.703125,634.0
1780761482.7523801,15,110.96875,639.25
1780761482.7523801,15,112.421875,644.5
1780761482.7523801,15,113.703125,650.0
1780761482.7523801,15,114.953125,657.75
1780761482.7523801,15,133.046875,140.5
1780761482.7523801,15,134.375,136.5
1780761482.7523801,15,135.71875,132.5
1780761482.7523801,15,137.0625,129.0
1780761482.7523801,15,138.4375,125.5
1780761482.7523801,15,142.234375,122.75
1780761482.7523801,15,142.265625,120.25
1780761482.7523801,15,146.046875,117.75
1780761482.7523801,15,146.375,115.5
1780761482.7523801,15,148.5625,113.25
1780761482.7523801,15,149.046875,111.0
1780761482.7523801,15,151.734375,109.25
1780761482.7523801,15,153.703125,107.75
1780761482.7523801,15,155.1875,106.25
1780761482.7523801,15,155.78125,104.75
1780761482.7523801,15,157.53125,103.25
1780761482.7523801,15,159.578125,102.25
1780761482.7523801,15,159.734375,101.5
1780761482.7523801,15,161.96875,101.0
1780761482.7523801,15,204.15625,100.5
1780761482.7523801,15,257.921875,865.75
1780761482.7523801,15,259.21875,871.25
1780761482.7523801,15,260.59375,873.75
1780761482.7523801,15,262.015625,870.75
1780761482.7523801,15,263.359375,865.25
1780761482.7523801,15,269.265625,661.5
1780761482.7523801,15,270.546875,667.5
1780761482.7523801,15,271.875,666.75
1780761482.7523801,15,273.125,666.0
1780761482.7523801,15,274.46875,667.0
1780761482.7523801,15,275.921875,667.0
1780761482.7523801,15,277.21875,667.0
1780761482.7523801,15,278.53125,668.75
1780761482.7523801,15,279.734375,670.75
1780761482.7523801,15,281.140625,672.5
1780761482.7523801,15,282.5,674.75
1780761482.7523801,15,283.828125,677.5
1780761482.7523801,15,285.171875,680.25
1780761482.7523801,15,286.375,684.0
1780761482.7523801,15,287.859375,688.75
1780761482.7523801,15,289.140625,692.75
1780761482.7523801,15,290.34375,697.25
1780761482.7523801,15,291.671875,703.25
1780761482.7523801,15,293.15625,709.0
1780761482.7523801,15,294.359375,714.0
1780761482.7523801,15,295.65625,720.5
1780761482.7523801,15,297.0625,727.0
1780761482.7523801,15,298.40625,733.75
1780761482.7523801,15,299.5625,745.5
1780761482.7523801,15,302.234375,792.0
1780761482.7523801,15,306.609375,1722.75
1780761482.7523801,15,307.984375,1759.75
1780761482.7523801,15,309.265625,1795.75
1780761482.7523801,15,330.21875,977.25
1780761482.7523801,15,331.515625,968.25
1780761482.7523801,15,332.828125,977.75
1780761482.7523801,9,334.15625,990.5
1780761482.7523801,15,335.578125,1006.5
1780761482.7523801,1,345.359375,2808.5
1780761482.7523801,1,346.625,2808.5
1780761482.8893921,15,357.375,2795.25
1780761482.8893921,15,1.40625,2774.5
1780761482.8893921,15,6.765625,2774.5
1780761482.8893921,8,37.109375,1192.5
1780761482.8893921,15,38.453125,1160.25
1780761482.8893921,15,41.25,1092.75
1780761482.8893921,7,44.0,1020.5
1780761482.8893921,15,45.4375,995.0
1780761482.8893921,15,46.84375,972.25
1780761482.8893921,15,48.21875,953.0
1780761482.8893921,15,49.515625,933.25
1780761482.8893921,15,50.984375,914.75
1780761482.8893921,15,52.296875,896.5
1780761482.8893921,15,53.734375,880.0
1780761482.8893921,15,55.046875,864.0
1780761482.8893921,15,56.4375,848.0
1780761482.8893921,15,57.796875,830.5
1780761482.8893921,15,59.234375,816.75
1780761482.8893921,15,60.546875,806.75
1780761482.8893921,15,61.9375,794.5
1780761482.8893921,15,64.796875,746.5
1780761482.8893921,15,82.515625,1591.75
1780761482.8893921,15,83.828125,1590.75
1780761482.8893921,15,85.1875,1590.75
1780761482.8893921,15,86.484375,1590.25
1780761482.8893921,15,87.8125,1589.75
1780761482.8893921,15,89.1875,1589.25
1780761482.8893921,15,90.546875,1589.0
1780761482.8893921,15,91.84375,1589.25
1780761482.8893921,15,94.5625,1583.0
1780761482.8893921,15,95.90625,1582.75
1780761482.8893921,15,105.375,623.0
1780761482.8893921,15,106.84375,626.0
1780761482.8893921,15,107.96875,629.25
1780761482.8893921,15,109.265625,633.5
1780761482.8893921,15,110.703125,637.75
1780761482.8893921,15,112.03125,642.5
1780761482.8893921,15,113.3125,648.0
1780761482.8893921,15,114.59375,655.5
1780761482.8893921,15,132.734375,141.75
1780761482.8893921,15,135.890625,137.75
1780761482.8893921,15,136.765625,129.75
1780761482.8893921,15,140.203125,126.5
1780761482.8893921,15,140.421875,123.5
1780761482.8893921,15,143.921875,120.75
1780761482.8893921,15,145.375,118.5
1780761482.8893921,15,147.09375,116.0
1780761482.8893921,15,148.296875,113.75
1780761482.8893921,15,148.40625,111.75
1780761482.8893921,15,150.6875,109.75
1780761482.8893921,15,152.875,108.0
1780761482.8893921,15,154.46875,106.5
1780761482.8893921,15,156.25,105.25
1780761482.8893921,15,157.78125,103.75
1780761482.8893921,15,158.53125,102.75
1780761482.8893921,15,159.46875,101.75
1780761482.8893921,15,161.46875,101.25
1780761482.8893921,15,163.546875,100.5
1780761482.8893921,15,203.984375,100.25
1780761482.8893921,15,203.84375,100.5
1780761482.8893921,15,205.953125,101.0
1780761482.8893921,15,257.703125,863.25
1780761482.8893921,15,258.90625,869.0
1780761482.8893921,15,260.359375,873.25
1780761482.8893921,15,261.65625,871.75
1780761482.8893921,15,263.0625,866.0
1780761482.8893921,15,264.375,858.25
1780761482.8893921,15,270.1875,668.25
1780761482.8893921,15,271.59375,667.5
1780761482.8893921,15,272.953125,667.0
1780761482.8893921,15,274.21875,666.75
1780761482.8893921,15,275.515625,667.0
1780761482.8893921,15,276.84375,667.5
1780761482.8893921,15,278.21875,668.5
1780761482.8893921,15,279.46875,670.75
1780761482.8893921,15,280.75,672.75
1780761482.8893921,15,282.0625,675.25
1780761482.8893921,15,283.5625,676.5
1780761482.8893921,15,284.703125,678.75
1780761482.8893921,15,286.140625,683.5
1780761482.8893921,15,287.421875,686.75
1780761482.8893921,15,288.71875,689.75
1780761482.8893921,15,290.109375,694.5
1780761482.8893921,15,291.3125,700.25
1780761482.8893921,15,292.8125,706.0
1780761482.8893921,15,294.0,712.25
1780761482.8893921,15,295.34375,718.75
1780761482.8893921,15,296.65625,725.5
1780761482.8893921,15,298.0625,732.25
1780761482.8893921,15,299.34375,740.0
1780761482.8893921,15,301.90625,792.5
1780761482.8893921,15,309.015625,1772.25
1780761482.8893921,15,323.515625,2294.25
1780761482.8893921,15,331.0625,967.25
1780761482.8893921,15,332.453125,974.5
1780761482.8893921,15,333.703125,984.75
1780761482.8893921,15,335.015625,999.5
1780761483.0237105,15,355.5625,2790.0
1780761483.0237105,15,359.546875,2778.25
1780761483.0237105,15,0.875,2777.75
1780761483.0237105,15,28.359375,1191.5
1780761483.0237105,15,34.984375,1249.75
1780761483.0237105,15,36.484375,1213.75
1780761483.0237105,15,39.25,1131.5
1780761483.0237105,15,43.453125,1032.25
1780761483.0237105,15,44.84375,1007.0
1780761483.0237105,15,46.234375,983.25
1780761483.0237105,12,47.578125,961.25
1780761483.0237105,15,48.96875,942.5
1780761483.0237105,15,50.359375,924.5
1780761483.0237105,15,51.6875,906.25
1780761483.0237105,15,53.125,886.0
1780761483.0237105,15,54.53125,868.75
1780761483.0237105,15,55.84375,854.5
1780761483.0237105,15,57.203125,838.5
1780761483.0237105,15,58.5625,822.0
1780761483.0237105,15,60.0,810.75
1780761483.0237105,15,61.296875,799.5
1780761483.0237105,15,62.75,788.25
1780761483.0237105,15,65.453125,752.25
1780761483.0237105,15,81.90625,1594.0
1780761483.0237105,15,83.1875,1592.0
1780761483.0237105,15,84.53125,1591.25
1780761483.0237105,15,87.1875,1590.25
1780761483.0237105,15,88.546875,1589.25
1780761483.0237105,15,89.875,1589.0
1780761483.0237105,15,91.25,1589.0
1780761483.0237105,15,92.578125,1589.0
1780761483.0237105,15,93.890625,1582.25
1780761483.0237105,15,95.234375,1582.75
1780761483.0237105,15,96.578125,1589.75
1780761483.0237105,15,104.765625,630.25
1780761483.0237105,15,106.140625,624.75
1780761483.0237105,15,107.453125,627.0
1780761483.0237105,15,108.859375,631.5
1780761483.0237105,15,110.171875,635.75
1780761483.0237105,15,111.484375,640.0
1780761483.0237105,15,112.640625,646.0
1780761483.0237105,15,113.984375,652.75
1780761483.0237105,15,133.53125,139.0
1780761483.0237105,15,135.6875,135.25
1780761483.0237105,15,136.21875,131.5
1780761483.0237105,15,139.4375,128.0
1780761483.0237105,15,141.625,124.75
1780761483.0237105,15,141.734375,122.0
1780761483.0237105,15,144.65625,119.5
1780761483.0237105,15,146.421875,117.25
1780761483.0237105,15,147.234375,114.75
1780761483.0237105,15,149.5625,112.5
1780761483.0237105,15,149.65625,110.5
1780761483.0237105,15,152.734375,108.75
1780761483.0237105,15,152.734375,107.25
1780761483.0237105,15,155.4375,105.75
1780761483.0237105,15,156.796875,104.25
1780761483.0237105,15,157.703125,103.25
1780761483.0237105,15,158.859375,102.25
1780761483.0237105,15,161.03125,101.5
1780761483.0237105,15,161.71875,100.75
1780761483.0237105,14,164.0625,100.25
1780761483.0237105,15,204.578125,100.25
1780761483.0237105,15,205.9375,101.0
1780761483.0237105,15,257.453125,865.0
1780761483.0237105,15,258.6875,866.5
1780761483.0237105,15,260.15625,871.0
1780761483.0237105,15,261.40625,873.5
1780761483.0237105,15,262.859375,869.0
1780761483.0237105,15,264.15625,862.0
1780761483.0237105,15,269.96875,668.25
1780761483.0237105,15,271.296875,667.25
1780761483.0237105,15,272.734375,666.5
1780761483.0237105,15,274.140625,666.25
1780761483.0237105,15,275.421875,667.0
1780761483.0237105,15,276.65625,667.5
1780761483.0237105,15,278.140625,668.5
1780761483.0237105,15,279.34375,671.0
1780761483.0237105,15,280.78125,672.5
1780761483.0237105,15,282.0,673.25
1780761483.0237105,15,283.421875,676.0
1780761483.0237105,15,284.78125,679.25
1780761483.0237105,15,286.0,682.5
1780761483.0237105,15,287.328125,685.75
1780761483.0237105,15,288.59375,690.0
1780761483.0237105,15,290.0625,695.0
1780761483.0237105,15,291.28125,700.25
1780761483.0237105,15,292.71875,707.0
1780761483.0237105,15,293.90625,713.0
1780761483.0237105,15,295.296875,718.25
1780761483.0237105,15,296.546875,725.0
1780761483.0237105,15,297.859375,731.75
1780761483.0237105,15,299.296875,739.5
1780761483.0237105,15,301.96875,792.25
1780761483.0237105,15,323.53125,2294.25
1780761483.0237105,15,331.140625,964.25
1780761483.0237105,15,332.453125,971.75
1780761483.0237105,15,333.828125,984.5
1780761483.0237105,15,335.171875,999.25
1780761483.1614695,15,359.671875,2797.0
1780761483.1614695,15,1.03125,2778.5
1780761483.1614695,15,28.5625,1185.25
1780761483.1614695,15,29.890625,1185.75
1780761483.1614695,15,35.34375,1249.25
1780761483.1614695,15,39.46875,1131.25
1780761483.1614695,15,43.59375,1025.25
1780761483.1614695,15,45.015625,1002.0
1780761483.1614695,15,46.421875,981.75
1780761483.1614695,15,47.796875,958.0
1780761483.1614695,15,49.15625,937.75
1780761483.1614695,15,50.53125,922.75
1780761483.1614695,15,51.9375,904.25
1780761483.1614695,15,53.328125,883.75
1780761483.1614695,15,54.59375,868.0
1780761483.1614695,15,55.984375,853.75
1780761483.1614695,15,57.359375,837.75
1780761483.1614695,15,58.859375,822.0
1780761483.1614695,15,60.09375,810.0
1780761483.1614695,15,61.453125,798.75
1780761483.1614695,15,65.515625,750.75
1780761483.1614695,15,82.015625,1602.75
1780761483.1614695,15,83.34375,1591.25
1780761483.1614695,15,84.71875,1590.75
1780761483.1614695,15,86.015625,1589.75
1780761483.1614695,15,87.421875,1589.5
1780761483.1614695,15,88.71875,1589.75
1780761483.1614695,15,90.0625,1589.5
1780761483.1614695,15,91.4375,1589.5
1780761483.1614695,15,92.734375,1589.25
1780761483.1614695,15,94.0625,1589.25
1780761483.1614695,15,95.453125,1589.25
1780761483.1614695,15,96.8125,1589.25
1780761483.1614695,15,104.828125,630.75
1780761483.1614695,15,106.234375,625.5
1780761483.1614695,15,107.640625,628.0
1780761483.1614695,15,108.953125,630.75
1780761483.1614695,15,110.375,635.5
1780761483.1614695,15,111.703125,641.25
1780761483.1614695,15,113.0,647.0
1780761483.1614695,15,114.375,654.0
1780761483.1614695,15,132.90625,143.5
1780761483.1614695,15,135.15625,135.0
1780761483.1614695,15,136.515625,131.25
1780761483.1614695,15,140.25,127.75
1780761483.1614695,15,140.796875,124.75
1780761483.1614695,15,141.984375,122.0
1780761483.1614695,15,145.203125,119.5
1780761483.1614695,15,145.59375,117.25
1780761483.1614695,15,148.265625,114.75
1780761483.1614695,15,149.328125,112.5
1780761483.1614695,15,151.0,110.5
1780761483.1614695,15,151.828125,108.5
1780761483.1614695,15,154.46875,107.0
1780761483.1614695,15,156.109375,105.75
1780761483.1614695,15,156.125,104.0
1780761483.1614695,15,157.796875,102.75
1780761483.1614695,15,159.28125,101.75
1780761483.1614695,15,161.265625,101.25
1780761483.1614695,14,162.828125,100.75
1780761483.1614695,15,204.34375,100.5
1780761483.1614695,15,206.234375,100.75
1780761483.1614695,15,257.46875,864.5
1780761483.1614695,15,258.75,866.5
1780761483.1614695,15,260.15625,871.25
1780761483.1614695,15,261.46875,873.75
1780761483.1614695,15,262.75,869.0
1780761483.1614695,15,264.1875,859.25
1780761483.1614695,15,269.984375,668.0
1780761483.1614695,15,271.421875,666.25
1780761483.1614695,15,272.8125,665.75
1780761483.1614695,15,274.109375,666.0
1780761483.1614695,15,275.40625,666.5
1780761483.1614695,15,276.734375,667.5
1780761483.1614695,15,278.109375,668.25
1780761483.1614695,15,279.375,670.5
1780761483.1614695,15,280.6875,672.75
1780761483.1614695,15,282.109375,674.0
1780761483.1614695,15,283.40625,675.75
1780761483.1614695,15,284.828125,678.75
1780761483.1614695,15,286.171875,683.25
1780761483.1614695,15,287.390625,686.75
1780761483.1614695,15,288.84375,690.0
1780761483.1614695,15,290.0625,694.5
1780761483.1614695,15,291.3125,700.25
1780761483.1614695,15,292.71875,706.25
1780761483.1614695,15,294.0625,712.0
1780761483.1614695,15,295.46875,718.25
1780761483.1614695,15,296.640625,725.25
1780761483.1614695,15,297.953125,732.0
1780761483.1614695,15,299.4375,739.5
1780761483.1614695,15,301.84375,790.0
1780761483.1614695,15,308.984375,1772.25
1780761483.1614695,15,323.53125,2294.25
1780761483.1614695,15,331.09375,964.5
1780761483.1614695,15,332.484375,972.0
1780761483.1614695,15,333.71875,984.5
1780761483.1614695,15,335.046875,1001.75
1780761483.298861,15,356.921875,2789.5
1780761483.298861,15,358.265625,2767.0
1780761483.298861,15,9.0,2763.0
1780761483.298861,3,15.671875,2785.5
1780761483.298861,15,28.46875,1184.75
1780761483.298861,15,35.078125,1249.75
1780761483.298861,15,36.5,1213.75
1780761483.298861,15,39.21875,1137.0
1780761483.298861,15,43.390625,1032.0
1780761483.298861,15,44.765625,1007.0
1780761483.298861,15,46.109375,983.75
1780761483.298861,13,47.53125,961.5
1780761483.298861,15,48.890625,942.25
1780761483.298861,15,50.28125,924.5
1780761483.298861,15,51.640625,906.5
1780761483.298861,15,53.046875,886.5
1780761483.298861,15,54.390625,869.25
1780761483.298861,15,55.828125,855.75
1780761483.298861,15,57.109375,842.0
1780761483.298861,15,58.546875,824.75
1780761483.298861,15,59.84375,811.25
1780761483.298861,15,61.203125,799.5
1780761483.298861,15,62.625,787.75
1780761483.298861,15,65.28125,747.5
1780761483.298861,15,81.703125,1602.0
1780761483.298861,15,83.109375,1592.25
1780761483.298861,15,84.4375,1591.25
1780761483.298861,15,87.078125,1590.25
1780761483.298861,15,88.4375,1589.5
1780761483.298861,15,89.8125,1589.25
1780761483.298861,15,91.125,1589.25
1780761483.298861,15,92.484375,1589.0
1780761483.298861,15,93.765625,1589.25
1780761483.298861,15,95.109375,1589.5
1780761483.298861,15,96.484375,1589.5
1780761483.298861,15,105.953125,625.0
1780761483.298861,15,107.359375,627.5
1780761483.298861,15,108.5625,631.75
1780761483.298861,15,109.9375,635.75
1780761483.298861,15,111.203125,640.0
1780761483.298861,15,112.65625,645.5
1780761483.298861,15,113.984375,651.5
1780761483.298861,15,115.109375,659.5
1780761483.298861,15,133.328125,142.25
1780761483.298861,15,135.875,138.0
1780761483.298861,15,137.3125,134.0
1780761483.298861,15,137.34375,130.0
1780761483.298861,15,139.65625,126.5
1780761483.298861,15,141.765625,123.5
1780761483.298861,15,143.25,121.0
1780761483.298861,15,146.140625,118.5
1780761483.298861,15,146.0,116.0
1780761483.298861,15,148.671875,113.5
1780761483.298861,15,149.15625,111.25
1780761483.298861,15,150.90625,109.25
1780761483.298861,15,152.90625,107.75
1780761483.298861,15,154.921875,106.25
1780761483.298861,15,155.765625,104.75
1780761483.298861,15,158.015625,103.5
1780761483.298861,15,159.875,102.5
1780761483.298861,15,160.984375,101.75
1780761483.298861,15,162.09375,101.0
1780761483.298861,15,256.921875,866.5
1780761483.298861,15,258.203125,865.5
1780761483.298861,15,259.625,870.75
1780761483.298861,15,260.859375,874.0
1780761483.298861,15,262.28125,870.5
1780761483.298861,15,263.65625,865.0
1780761483.298861,15,269.5,669.0
1780761483.298861,15,270.828125,668.0
1780761483.298861,15,272.1875,667.25
1780761483.298861,15,273.578125,667.25
1780761483.298861,15,274.875,667.5
1780761483.298861,15,276.234375,667.5
1780761483.298861,15,277.546875,668.0
1780761483.298861,15,278.859375,669.25
1780761483.298861,15,280.28125,670.75
1780761483.298861,15,281.484375,673.75
1780761483.298861,15,282.890625,676.25
1780761483.298861,15,284.140625,678.25
1780761483.298861,15,285.609375,681.25
1780761483.298861,15,286.84375,685.0
1780761483.298861,15,288.09375,688.25
1780761483.298861,15,289.578125,693.25
1780761483.298861,15,290.90625,698.75
1780761483.298861,15,292.09375,704.0
1780761483.298861,15,293.40625,709.75
1780761483.298861,15,294.71875,715.25
1780761483.298861,15,296.125,722.5
1780761483.298861,15,297.515625,729.0
1780761483.298861,15,307.09375,1747.75
1780761483.298861,15,308.390625,1772.0
1780761483.298861,15,330.5625,958.0
1780761483.298861,15,331.890625,970.0
1780761483.298861,15,333.234375,979.0
1780761483.298861,15,334.59375,992.75
1780761483.298861,15,335.890625,1009.25
1780761483.298861,1,347.078125,2808.5
1780761483.436474,15,355.15625,2798.25
1780761483.436474,15,357.859375,2785.75
1780761483.436474,15,9.953125,2784.25
1780761483.436474,15,28.140625,1185.0
1780761483.436474,15,38.96875,1143.5
1780761483.436474,15,41.71875,1065.75
1780761483.436474,15,43.046875,1039.75
1780761483.436474,15,44.5,1016.0
1780761483.436474,15,45.828125,988.5
1780761483.436474,15,47.1875,965.25
1780761483.436474,15,48.609375,942.75
1780761483.436474,15,49.921875,924.5
1780761483.436474,15,51.296875,909.75
1780761483.436474,15,52.734375,891.5
1780761483.436474,15,54.0625,873.25
1780761483.436474,15,55.4375,857.75
1780761483.436474,15,56.796875,841.25
1780761483.436474,15,58.265625,824.75
1780761483.436474,15,59.578125,813.5
1780761483.436474,15,61.03125,803.25
1780761483.436474,15,62.375,792.0
1780761483.436474,15,65.1875,748.0
1780761483.436474,15,84.28125,1590.75
1780761483.436474,15,85.609375,1589.5
1780761483.436474,15,86.921875,1589.25
1780761483.436474,15,88.296875,1589.5
1780761483.436474,15,89.625,1589.5
1780761483.436474,15,90.96875,1582.25
1780761483.436474,15,92.28125,1581.75
1780761483.436474,15,93.625,1588.75
1780761483.436474,15,94.984375,1589.25
1780761483.436474,15,96.34375,1589.25
1780761483.436474,15,105.84375,624.75
1780761483.436474,15,107.25,627.25
1780761483.436474,15,108.484375,630.25
1780761483.436474,15,109.796875,634.0
1780761483.436474,15,111.203125,639.25
1780761483.436474,15,112.5,644.5
1780761483.436474,15,113.671875,651.0
1780761483.436474,15,114.984375,659.0
1780761483.436474,15,134.515625,138.25
1780761483.436474,15,137.796875,134.25
1780761483.436474,15,139.546875,130.5
1780761483.436474,15,141.09375,127.0
1780761483.436474,15,140.109375,123.75
1780761483.436474,15,143.671875,121.0
1780761483.436474,15,145.234375,118.5
1780761483.436474,15,147.65625,116.25
1780761483.436474,15,148.6875,113.75
1780761483.436474,15,150.625,111.75
1780761483.436474,15,151.109375,109.75
1780761483.436474,15,153.203125,108.0
1780761483.436474,15,153.609375,106.25
1780761483.436474,15,155.71875,104.75
1780761483.436474,15,157.453125,103.25
1780761483.436474,15,158.515625,102.25
1780761483.436474,15,159.984375,101.5
1780761483.436474,15,161.546875,101.0
1780761483.436474,15,256.921875,863.75
1780761483.436474,15,258.265625,865.75
1780761483.436474,15,259.6875,870.75
1780761483.436474,15,261.015625,873.25
1780761483.436474,15,262.296875,869.75
1780761483.436474,15,263.65625,864.25
1780761483.436474,15,269.609375,668.0
1780761483.436474,15,270.96875,667.0
1780761483.436474,15,272.203125,666.5
1780761483.436474,15,273.5625,666.5
1780761483.436474,15,274.984375,666.75
1780761483.436474,15,276.296875,667.0
1780761483.436474,15,277.546875,668.0
1780761483.436474,15,279.0,669.25
1780761483.436474,15,280.265625,670.75
1780761483.436474,15,281.59375,673.5
1780761483.436474,15,282.984375,676.25
1780761483.436474,15,284.28125,678.25
1780761483.436474,15,285.546875,681.5
1780761483.436474,15,286.890625,685.25
1780761483.436474,15,288.1875,688.0
1780761483.436474,15,289.59375,693.25
1780761483.436474,15,290.765625,698.75
1780761483.436474,15,292.09375,704.0
1780761483.436474,15,293.5625,709.75
1780761483.436474,15,294.8125,715.25
1780761483.436474,15,296.0625,722.5
1780761483.436474,15,297.46875,729.5
1780761483.436474,15,307.0625,1747.5
1780761483.436474,15,308.359375,1771.75
1780761483.436474,15,322.984375,2274.0
1780761483.436474,15,330.59375,960.75
1780761483.436474,15,331.96875,969.75
1780761483.436474,15,333.21875,978.75
1780761483.436474,15,334.625,992.5
1780761483.436474,7,335.828125,1009.0
1780761483.436474,1,347.09375,2808.5
1780761483.5744662,15,357.875,2785.25
1780761483.5744662,15,9.96875,2785.0
1780761483.5744662,15,28.078125,1174.75
1780761483.5744662,15,29.4375,1180.0
1780761483.5744662,15,38.859375,1143.75
1780761483.5744662,15,41.6875,1065.75
1780761483.5744662,15,43.140625,1037.5
1780761483.5744662,15,44.421875,1013.75
1780761483.5744662,15,45.8125,988.75
1780761483.5744662,15,47.28125,965.5
1780761483.5744662,15,48.578125,945.75
1780761483.5744662,15,50.03125,927.0
1780761483.5744662,15,51.296875,909.5
1780761483.5744662,15,52.71875,891.25
1780761483.5744662,15,54.0625,873.25
1780761483.5744662,15,55.484375,858.0
1780761483.5744662,15,56.8125,843.25
1780761483.5744662,15,58.203125,826.5
1780761483.5744662,15,59.5625,813.5
1780761483.5744662,15,61.0625,801.75
1780761483.5744662,15,62.390625,790.25
1780761483.5744662,15,65.265625,747.75
1780761483.5744662,15,82.953125,1592.0
1780761483.5744662,15,84.25,1590.75
1780761483.5744662,14,85.640625,1589.75
1780761483.5744662,15,87.0,1589.25
1780761483.5744662,15,88.3125,1589.5
1780761483.5744662,15,89.640625,1589.25
1780761483.5744662,15,91.046875,1581.25
1780761483.5744662,15,92.328125,1580.75
1780761483.5744662,15,93.6875,1588.75
1780761483.5744662,15,94.984375,1589.0
1780761483.5744662,15,96.375,1589.25
1780761483.5744662,15,105.734375,624.75
1780761483.5744662,15,107.296875,627.25
1780761483.5744662,15,108.578125,630.0
1780761483.5744662,15,109.75,633.75
1780761483.5744662,15,111.21875,639.25
1780761483.5744662,15,112.46875,644.5
1780761483.5744662,15,113.796875,651.0
1780761483.5744662,15,115.109375,658.75
1780761483.5744662,15,135.90625,134.0
1780761483.5744662,15,137.25,130.25
1780761483.5744662,15,138.5625,126.75
1780761483.5744662,15,139.90625,123.75
1780761483.5744662,15,143.15625,121.0
1780761483.5744662,15,144.25,118.5
1780761483.5744662,15,147.484375,116.0
1780761483.5744662,15,149.171875,113.75
1780761483.5744662,15,149.75,111.5
1780761483.5744662,15,152.21875,109.5
1780761483.5744662,15,152.078125,108.0
1780761483.5744662,15,154.078125,106.25
1780761483.5744662,15,156.984375,104.75
1780761483.5744662,15,158.109375,103.5
1780761483.5744662,15,159.59375,102.5
1780761483.5744662,15,160.546875,101.75
1780761483.5744662,15,162.09375,101.0
1780761483.5744662,15,257.109375,865.0
1780761483.5744662,15,258.390625,866.75
1780761483.5744662,15,259.703125,871.25
1780761483.5744662,15,261.03125,874.0
1780761483.5744662,15,262.390625,869.75
1780761483.5744662,15,263.84375,864.0
1780761483.5744662,15,269.59375,668.25
1780761483.5744662,15,270.921875,667.0
1780761483.5744662,15,272.359375,666.5
1780761483.5744662,15,273.6875,666.25
1780761483.5744662,15,275.125,666.75
1780761483.5744662,15,276.3125,667.0
1780761483.5744662,15,277.75,668.75
1780761483.5744662,15,279.0,670.25
1780761483.5744662,15,280.328125,670.75
1780761483.5744662,15,281.578125,672.75
1780761483.5744662,15,283.0,675.5
1780761483.5744662,15,284.4375,678.75
1780761483.5744662,15,285.609375,682.0
1780761483.5744662,15,287.078125,685.5
1780761483.5744662,15,288.3125,689.25
1780761483.5744662,15,289.671875,693.5
1780761483.5744662,15,291.03125,699.0
1780761483.5744662,15,292.28125,705.0
1780761483.5744662,15,293.609375,710.75
1780761483.5744662,15,294.953125,716.0
1780761483.5744662,15,296.203125,722.5
1780761483.5744662,15,297.609375,729.75
1780761483.5744662,15,308.53125,1772.0
1780761483.5744662,15,317.875,2029.75
1780761483.5744662,15,323.1875,2274.25
1780761483.5744662,15,330.796875,963.75
1780761483.5744662,15,332.171875,969.75
1780761483.5744662,15,333.453125,980.0
1780761483.5744662,15,334.78125,994.0
1780761483.5744662,15,336.171875,1012.75
1780761483.5744662,1,347.28125,2810.25
