timestamp,quality,angle_deg,distance_mm
1780761521.932124,15,68.171875,1140.0
1780761521.932124,15,69.515625,1128.75
1780761521.932124,15,78.546875,1478.5
1780761521.932124,15,79.9375,1480.0
1780761521.932124,15,81.21875,1477.25
1780761521.932124,15,82.609375,1467.5
1780761521.932124,15,83.921875,1464.0
1780761521.932124,15,85.28125,1463.5
1780761521.932124,15,86.609375,1458.5
1780761521.932124,15,87.96875,1458.25
1780761521.932124,15,89.3125,1458.0
1780761521.932124,15,90.640625,1458.0
1780761521.932124,15,92.015625,1458.25
1780761521.932124,15,93.3125,1458.25
1780761521.932124,15,100.421875,538.25
1780761521.932124,15,101.75,532.5
1780761521.932124,15,103.09375,527.75
1780761521.932124,15,104.390625,524.0
1780761521.932124,15,105.859375,520.0
1780761521.932124,15,107.140625,515.75
1780761521.932124,15,108.5,512.5
1780761521.932124,15,109.859375,509.5
1780761521.932124,15,111.265625,514.25
1780761521.932124,3,118.609375,1674.0
1780761521.932124,15,119.9375,1708.25
1780761521.932124,15,121.234375,1733.25
1780761521.932124,15,122.578125,1748.0
1780761521.932124,15,123.90625,1772.25
1780761521.932124,15,125.234375,1807.75
1780761521.932124,15,126.578125,1833.25
1780761521.932124,15,143.15625,1073.25
1780761521.932124,15,144.546875,1080.0
1780761521.932124,15,159.859375,2294.25
1780761521.932124,15,161.203125,2294.25
1780761521.932124,15,162.59375,2275.0
1780761521.932124,15,168.03125,1869.25
1780761521.932124,8,169.421875,1883.0
1780761521.932124,10,170.703125,1888.0
1780761521.932124,12,172.0625,1870.5
1780761521.932124,12,173.40625,1851.5
1780761521.932124,11,174.734375,1847.75
1780761521.932124,10,176.09375,1840.75
1780761521.932124,11,177.46875,1840.0
1780761521.932124,15,178.78125,1838.5
1780761521.932124,10,180.09375,1829.75
1780761521.932124,9,181.421875,1831.75
1780761521.932124,13,182.796875,1836.0
1780761521.932124,15,184.140625,1834.25
1780761521.932124,15,185.453125,1834.5
1780761521.932124,15,186.78125,1826.75
1780761521.932124,15,210.015625,1249.75
1780761521.932124,15,211.40625,1213.75
1780761521.932124,15,214.09375,1131.5
1780761521.932124,15,218.25,1027.75
1780761521.932124,15,219.671875,1002.5
1780761521.932124,15,221.015625,977.5
1780761521.932124,15,224.453125,670.75
1780761521.932124,15,225.84375,656.75
1780761521.932124,15,227.234375,642.75
1780761521.932124,15,228.609375,629.5
1780761521.932124,15,229.90625,617.75
1780761521.932124,15,231.421875,608.75
1780761521.932124,15,232.65625,600.75
1780761521.932124,15,234.1875,595.5
1780761521.932124,15,235.375,603.0
1780761521.932124,15,240.21875,750.75
1780761521.932124,15,241.65625,740.75
1780761521.932124,15,243.09375,732.75
1780761521.932124,15,244.4375,725.0
1780761521.932124,15,245.734375,716.75
1780761521.932124,15,247.09375,709.75
1780761521.932124,15,248.546875,703.0
1780761521.932124,15,249.90625,696.25
1780761521.932124,15,251.1875,690.75
1780761521.932124,15,252.53125,685.75
1780761521.932124,15,253.875,681.5
1780761521.932124,15,255.21875,677.5
1780761521.932124,15,256.640625,673.5
1780761521.932124,15,258.09375,668.75
1780761521.932124,15,259.421875,666.0
1780761521.932124,15,260.640625,664.0
1780761521.932124,15,262.015625,661.0
1780761521.932124,15,263.453125,658.75
1780761521.932124,15,264.703125,657.25
1780761521.932124,11,266.078125,666.75
1780761521.932124,15,268.671875,654.5
1780761521.932124,15,270.125,655.0
1780761521.932124,15,271.46875,655.25
1780761521.932124,15,272.890625,655.25
1780761521.932124,15,274.03125,656.5
1780761521.932124,15,275.34375,658.75
1780761521.932124,15,276.8125,661.25
1780761521.932124,15,278.109375,662.75
1780761521.932124,15,279.359375,665.75
1780761521.932124,15,280.703125,670.5
1780761521.932124,15,282.1875,673.75
1780761521.932124,15,283.359375,676.0
1780761521.932124,15,284.828125,680.75
1780761521.932124,15,286.1875,686.25
1780761521.932124,15,287.515625,691.5
1780761521.932124,15,288.78125,697.5
1780761521.932124,15,290.140625,704.0
1780761521.932124,15,291.46875,710.5
1780761521.932124,15,292.703125,717.25
1780761521.932124,15,294.09375,724.5
1780761521.932124,15,295.390625,732.5
1780761521.932124,15,296.765625,741.0
1780761521.932124,15,305.125,1434.75
1780761521.932124,15,306.5625,1409.0
1780761521.932124,1,309.328125,1313.25
1780761521.932124,15,310.625,1275.5
1780761521.932124,15,312.0,1249.5
1780761521.932124,15,313.40625,1225.0
1780761521.932124,15,314.796875,1197.0
1780761521.932124,15,317.46875,1145.75
1780761521.932124,15,318.921875,1131.75
1780761521.932124,15,320.296875,1105.25
1780761521.932124,7,321.5625,1081.25
1780761521.932124,15,322.96875,1060.25
1780761521.932124,15,324.3125,1042.5
1780761521.932124,15,326.96875,1094.25
1780761521.932124,15,332.25,1178.25
1780761521.932124,15,333.609375,1176.5
1780761521.932124,9,336.25,1237.5
1780761521.932124,15,337.5625,1225.75
1780761521.932124,15,338.90625,1214.75
1780761521.932124,15,340.328125,1204.25
1780761521.932124,15,341.671875,1193.0
1780761521.932124,15,343.03125,1185.5
1780761521.932124,15,344.296875,1180.75
1780761521.932124,15,345.65625,1173.0
1780761521.932124,15,347.078125,1167.5
1780761521.932124,14,348.328125,1165.0
1780761521.932124,14,349.6875,1163.5
1780761522.0694203,15,352.875,854.5
1780761522.0694203,15,354.203125,854.0
1780761522.0694203,15,355.578125,853.0
1780761522.0694203,15,356.859375,852.0
1780761522.0694203,15,358.265625,852.5
1780761522.0694203,15,359.5,852.25
1780761522.0694203,15,0.890625,851.25
1780761522.0694203,15,2.21875,851.75
1780761522.0694203,15,3.609375,853.25
1780761522.0694203,11,4.953125,851.0
1780761522.0694203,15,6.15625,849.0
1780761522.0694203,15,7.546875,856.0
1780761522.0694203,15,8.90625,863.5
1780761522.0694203,15,10.28125,865.5
1780761522.0694203,15,11.625,868.0
1780761522.0694203,15,12.890625,871.5
1780761522.0694203,15,14.203125,877.75
1780761522.0694203,15,15.515625,885.0
1780761522.0694203,15,16.859375,890.0
1780761522.0694203,10,18.09375,900.75
1780761522.0694203,15,20.390625,1219.25
1780761522.0694203,15,21.734375,1223.5
1780761522.0694203,15,35.140625,1262.0
1780761522.0694203,15,36.5,1263.0
1780761522.0694203,15,37.859375,1264.25
1780761522.0694203,15,40.78125,1027.75
1780761522.0694203,15,42.140625,1004.5
1780761522.0694203,15,43.546875,981.0
1780761522.0694203,9,44.921875,958.0
1780761522.0694203,15,46.359375,938.0
1780761522.0694203,15,47.6875,920.0
1780761522.0694203,15,49.03125,901.75
1780761522.0694203,15,50.453125,884.25
1780761522.0694203,15,51.75,867.75
1780761522.0694203,15,53.109375,851.5
1780761522.0694203,15,54.515625,835.25
1780761522.0694203,15,55.9375,820.0
1780761522.0694203,15,57.328125,807.0
1780761522.0694203,15,61.328125,802.5
1780761522.0694203,15,62.703125,802.0
1780761522.0694203,15,67.421875,1137.0
1780761522.0694203,15,77.890625,1489.25
1780761522.0694203,15,79.234375,1482.25
1780761522.0694203,15,80.5625,1471.75
1780761522.0694203,15,81.9375,1468.0
1780761522.0694203,15,83.25,1466.5
1780761522.0694203,15,84.625,1459.5
1780761522.0694203,15,85.921875,1459.25
1780761522.0694203,15,87.3125,1459.25
1780761522.0694203,15,88.59375,1459.25
1780761522.0694203,15,89.953125,1463.0
1780761522.0694203,15,91.359375,1462.75
1780761522.0694203,15,95.6875,536.75
1780761522.0694203,15,97.234375,530.0
1780761522.0694203,15,98.453125,524.25
1780761522.0694203,15,99.84375,518.25
1780761522.0694203,15,101.328125,512.75
1780761522.0694203,15,102.46875,508.75
1780761522.0694203,15,104.0625,504.75
1780761522.0694203,15,105.203125,500.75
1780761522.0694203,15,113.984375,1594.75
1780761522.0694203,15,115.359375,1620.5
1780761522.0694203,15,116.65625,1657.5
1780761522.0694203,15,119.296875,1685.75
1780761522.0694203,15,120.640625,1723.0
1780761522.0694203,15,121.96875,1747.5
1780761522.0694203,15,123.296875,1760.25
1780761522.0694203,15,124.609375,1795.75
1780761522.0694203,15,142.578125,1052.25
1780761522.0694203,15,143.875,1056.5
1780761522.0694203,15,159.28125,2275.75
1780761522.0694203,15,160.640625,2274.5
1780761522.0694203,15,162.0,2254.0
1780761522.0694203,10,167.515625,1830.5
1780761522.0694203,15,171.546875,1814.75
1780761522.0694203,15,172.921875,1804.25
1780761522.0694203,15,174.265625,1801.75
1780761522.0694203,15,175.5625,1803.25
1780761522.0694203,15,176.953125,1804.25
1780761522.0694203,15,178.265625,1792.0
1780761522.0694203,15,179.609375,1795.75
1780761522.0694203,15,180.890625,1809.75
1780761522.0694203,15,182.296875,1800.25
1780761522.0694203,15,183.59375,1797.75
1780761522.0694203,15,184.9375,1811.0
1780761522.0694203,15,186.3125,1805.5
1780761522.0694203,15,187.578125,1814.5
1780761522.0694203,15,213.609375,1132.75
1780761522.0694203,15,217.84375,1031.5
1780761522.0694203,15,219.234375,1005.25
1780761522.0694203,15,220.53125,982.0
1780761522.0694203,15,221.921875,958.25
1780761522.0694203,15,223.34375,937.75
1780761522.0694203,15,226.84375,642.0
1780761522.0694203,15,228.25,629.0
1780761522.0694203,15,229.515625,616.25
1780761522.0694203,15,230.875,606.0
1780761522.0694203,15,232.171875,597.0
1780761522.0694203,15,233.484375,588.25
1780761522.0694203,15,234.890625,581.0
1780761522.0694203,15,236.328125,574.25
1780761522.0694203,15,241.171875,741.0
1780761522.0694203,15,242.484375,733.0
1780761522.0694203,15,243.859375,725.75
1780761522.0694203,15,245.1875,717.75
1780761522.0694203,15,246.5,710.5
1780761522.0694203,15,247.90625,703.0
1780761522.0694203,15,249.1875,696.5
1780761522.0694203,15,250.546875,690.75
1780761522.0694203,15,252.046875,685.0
1780761522.0694203,15,253.390625,680.5
1780761522.0694203,15,254.71875,676.25
1780761522.0694203,15,256.21875,671.25
1780761522.0694203,15,257.546875,666.75
1780761522.0694203,15,258.78125,664.0
1780761522.0694203,15,260.1875,662.25
1780761522.0694203,15,261.53125,659.75
1780761522.0694203,15,262.984375,657.5
1780761522.0694203,15,264.265625,655.75
1780761522.0694203,15,265.671875,654.5
1780761522.0694203,15,267.015625,653.5
1780761522.0694203,15,268.25,653.5
1780761522.0694203,15,269.65625,651.0
1780761522.0694203,15,270.953125,651.0
1780761522.0694203,15,272.203125,653.5
1780761522.0694203,15,273.65625,654.5
1780761522.0694203,15,274.921875,656.25
1780761522.0694203,15,276.1875,658.75
1780761522.0694203,15,277.5,660.75
1780761522.0694203,15,278.8125,663.5
1780761522.0694203,15,280.203125,666.5
1780761522.0694203,15,281.59375,670.0
1780761522.0694203,15,282.890625,674.25
1780761522.0694203,15,284.25,678.25
1780761522.0694203,15,285.59375,681.5
1780761522.0694203,15,286.84375,687.75
1780761522.0694203,15,288.140625,694.0
1780761522.0694203,15,289.53125,700.25
1780761522.0694203,15,290.875,707.25
1780761522.0694203,15,292.125,713.25
1780761522.0694203,15,293.515625,720.25
1780761522.0694203,15,294.703125,728.0
1780761522.0694203,15,296.078125,736.5
1780761522.0694203,15,297.421875,745.75
1780761522.0694203,15,298.78125,755.0
1780761522.0694203,15,302.796875,762.25
1780761522.0694203,15,308.578125,1407.0
1780761522.0694203,15,312.703125,1257.25
1780761522.0694203,15,314.046875,1244.5
1780761522.0694203,15,315.421875,1225.75
1780761522.0694203,15,316.828125,1198.0
1780761522.0694203,11,318.125,1176.25
1780761522.0694203,15,319.46875,1156.0
1780761522.0694203,15,320.828125,1140.25
1780761522.0694203,15,322.234375,1121.25
1780761522.0694203,15,323.625,1098.25
1780761522.0694203,15,324.921875,1082.5
1780761522.0694203,15,327.578125,1125.25
1780761522.0694203,15,331.546875,1211.75
1780761522.0694203,15,332.890625,1199.0
1780761522.0694203,10,338.140625,1258.75
1780761522.0694203,15,339.546875,1236.25
1780761522.0694203,15,340.859375,1225.75
1780761522.0694203,15,342.1875,1222.5
1780761522.0694203,15,343.5625,1216.75
1780761522.0694203,15,344.921875,1210.5
1780761522.0694203,15,346.1875,1204.75
1780761522.0694203,15,347.625,1196.75
1780761522.0694203,15,348.953125,1190.25
1780761522.0694203,15,350.265625,1187.0
1780761522.2071548,15,353.375,890.5
1780761522.2071548,15,354.734375,889.0
1780761522.2071548,15,356.046875,887.25
1780761522.2071548,15,357.4375,886.25
1780761522.2071548,15,358.796875,887.0
1780761522.2071548,15,0.109375,887.25
1780761522.2071548,15,1.421875,886.75
1780761522.2071548,15,2.78125,889.75
1780761522.2071548,15,4.09375,887.5
1780761522.2071548,15,5.4375,891.0
1780761522.2071548,15,6.796875,896.75
1780761522.2071548,15,8.15625,895.75
1780761522.2071548,15,9.5,900.5
1780761522.2071548,15,10.859375,904.75
1780761522.2071548,15,12.078125,910.25
1780761522.2071548,15,13.34375,915.75
1780761522.2071548,15,14.671875,919.0
1780761522.2071548,15,16.0,921.0
1780761522.2071548,15,17.359375,932.5
1780761522.2071548,15,19.640625,1255.25
1780761522.2071548,15,21.0,1267.0
1780761522.2071548,15,22.28125,1283.0
1780761522.2071548,15,32.96875,1342.5
1780761522.2071548,15,34.25,1331.25
1780761522.2071548,15,35.625,1331.5
1780761522.2071548,15,36.96875,1331.75
1780761522.2071548,15,40.03125,1038.25
1780761522.2071548,15,41.390625,1015.0
1780761522.2071548,15,42.78125,989.75
1780761522.2071548,15,44.171875,966.5
1780761522.2071548,15,45.46875,947.5
1780761522.2071548,15,46.828125,927.75
1780761522.2071548,15,48.28125,909.75
1780761522.2071548,15,49.640625,892.5
1780761522.2071548,15,50.9375,874.75
1780761522.2071548,15,52.296875,859.5
1780761522.2071548,15,53.796875,842.75
1780761522.2071548,15,55.0625,827.0
1780761522.2071548,15,60.46875,819.5
1780761522.2071548,15,65.375,1159.0
1780761522.2071548,15,77.265625,1492.5
1780761522.2071548,15,78.578125,1484.75
1780761522.2071548,15,79.9375,1480.5
1780761522.2071548,15,81.3125,1470.25
1780761522.2071548,15,82.609375,1467.25
1780761522.2071548,15,83.890625,1466.25
1780761522.2071548,15,85.1875,1464.5
1780761522.2071548,15,86.53125,1464.5
1780761522.2071548,15,87.859375,1458.75
1780761522.2071548,15,92.265625,532.75
1780761522.2071548,15,93.640625,525.0
1780761522.2071548,15,95.0625,518.25
1780761522.2071548,15,96.46875,511.75
1780761522.2071548,15,97.984375,506.0
1780761522.2071548,15,99.078125,501.25
1780761522.2071548,15,100.6875,496.75
1780761522.2071548,15,102.09375,492.25
1780761522.2071548,15,113.171875,1591.75
1780761522.2071548,15,114.515625,1610.75
1780761522.2071548,15,115.859375,1639.75
1780761522.2071548,3,118.484375,1674.0
1780761522.2071548,15,119.828125,1708.25
1780761522.2071548,15,121.15625,1733.25
1780761522.2071548,15,122.5,1748.0
1780761522.2071548,15,123.828125,1772.5
1780761522.2071548,15,125.109375,1807.75
1780761522.2071548,15,140.453125,1018.5
1780761522.2071548,15,141.796875,1020.5
1780761522.2071548,15,143.109375,1030.0
1780761522.2071548,15,159.796875,2253.5
1780761522.2071548,15,166.65625,1818.75
1780761522.2071548,15,168.015625,1802.25
1780761522.2071548,15,169.328125,1792.25
1780761522.2071548,15,170.65625,1795.75
1780761522.2071548,15,171.984375,1794.5
1780761522.2071548,15,173.34375,1780.25
1780761522.2071548,15,174.6875,1771.75
1780761522.2071548,15,176.0625,1772.0
1780761522.2071548,15,177.40625,1769.75
1780761522.2071548,15,178.71875,1774.25
1780761522.2071548,15,180.109375,1776.0
1780761522.2071548,12,181.46875,1768.75
1780761522.2071548,13,182.75,1760.25
1780761522.2071548,15,184.109375,1765.25
1780761522.2071548,15,188.109375,1793.75
1780761522.2071548,15,209.921875,1249.25
1780761522.2071548,15,212.78125,1161.5
1780761522.2071548,15,214.046875,1130.75
1780761522.2071548,9,218.21875,1020.75
1780761522.2071548,15,219.6875,996.25
1780761522.2071548,15,221.0,971.0
1780761522.2071548,15,222.421875,946.0
1780761522.2071548,15,223.734375,925.5
1780761522.2071548,15,225.140625,908.25
1780761522.2071548,15,228.640625,618.75
1780761522.2071548,15,229.984375,608.0
1780761522.2071548,15,231.328125,598.25
1780761522.2071548,15,232.796875,589.0
1780761522.2071548,15,234.21875,579.5
1780761522.2071548,15,235.640625,570.75
1780761522.2071548,15,236.90625,562.5
1780761522.2071548,15,238.328125,556.25
1780761522.2071548,15,239.703125,551.5
1780761522.2071548,15,244.40625,719.75
1780761522.2071548,15,245.78125,713.75
1780761522.2071548,15,247.125,707.75
1780761522.2071548,15,248.609375,699.75
1780761522.2071548,15,249.9375,692.75
1780761522.2071548,15,251.3125,686.75
1780761522.2071548,15,252.59375,682.5
1780761522.2071548,15,253.90625,678.25
1780761522.2071548,15,255.3125,673.75
1780761522.2071548,15,256.703125,669.5
1780761522.2071548,15,258.09375,665.25
1780761522.2071548,15,259.484375,662.5
1780761522.2071548,15,260.890625,660.0
1780761522.2071548,15,262.0625,657.75
1780761522.2071548,15,263.375,655.75
1780761522.2071548,15,264.84375,653.75
1780761522.2071548,15,266.28125,652.75
1780761522.2071548,15,267.515625,652.75
1780761522.2071548,15,268.828125,653.25
1780761522.2071548,15,270.234375,653.25
1780761522.2071548,15,271.65625,653.5
1780761522.2071548,15,272.828125,653.5
1780761522.2071548,15,274.21875,654.5
1780761522.2071548,15,275.59375,656.5
1780761522.2071548,15,276.765625,657.5
1780761522.2071548,15,278.078125,660.75
1780761522.2071548,15,279.515625,663.75
1780761522.2071548,15,280.75,668.25
1780761522.2071548,15,282.015625,673.25
1780761522.2071548,15,283.53125,675.75
1780761522.2071548,15,284.84375,680.5
1780761522.2071548,15,286.078125,685.5
1780761522.2071548,15,287.40625,690.75
1780761522.2071548,15,288.8125,696.75
1780761522.2071548,15,290.078125,703.25
1780761522.2071548,15,291.359375,709.25
1780761522.2071548,15,292.625,716.0
1780761522.2071548,15,293.953125,724.25
1780761522.2071548,15,295.28125,732.0
1780761522.2071548,15,296.625,740.5
1780761522.2071548,15,297.984375,749.0
1780761522.2071548,15,299.328125,757.75
1780761522.2071548,15,300.59375,768.5
1780761522.2071548,15,303.34375,783.75
1780761522.2071548,15,304.734375,786.5
1780761522.2071548,15,311.921875,1354.0
1780761522.2071548,15,314.6875,1258.5
1780761522.2071548,15,316.0625,1246.0
1780761522.2071548,15,317.390625,1231.75
1780761522.2071548,15,318.796875,1208.75
1780761522.2071548,15,320.140625,1185.0
1780761522.2071548,15,321.515625,1164.0
1780761522.2071548,8,322.875,1146.25
1780761522.2071548,15,324.375,1134.75
1780761522.2071548,15,325.765625,1118.25
1780761522.2071548,15,327.03125,1110.25
1780761522.2071548,15,333.703125,1233.25
1780761522.2071548,15,335.03125,1232.25
1780761522.2071548,15,336.34375,1259.0
1780761522.2071548,2,337.671875,1286.25
1780761522.2071548,15,339.03125,1285.75
1780761522.2071548,15,340.4375,1270.5
1780761522.2071548,15,341.8125,1256.5
1780761522.2071548,15,343.140625,1245.5
1780761522.2071548,10,344.515625,1237.5
1780761522.2071548,10,345.84375,1228.5
1780761522.2071548,10,347.21875,1224.5
1780761522.2071548,15,348.421875,1220.5
1780761522.2071548,15,349.78125,1218.0
1780761522.2071548,15,351.15625,1215.75
1780761522.344494,15,354.125,920.75
1780761522.344494,15,355.53125,919.75
1780761522.344494,15,356.84375,919.5
1780761522.344494,15,358.171875,921.0
1780761522.344494,15,359.546875,920.5
1780761522.344494,15,0.96875,918.75
1780761522.344494,15,2.3125,921.25
1780761522.344494,15,3.5625,926.5
1780761522.344494,15,4.9375,926.5
1780761522.344494,15,6.25,927.0
1780761522.344494,15,7.59375,930.0
1780761522.344494,15,8.890625,931.25
1780761522.344494,15,10.328125,933.75
1780761522.344494,12,11.625,937.0
1780761522.344494,12,12.890625,942.5
1780761522.344494,11,14.203125,947.75
1780761522.344494,15,15.5625,954.0
1780761522.344494,15,20.46875,1288.5
1780761522.344494,15,31.203125,1359.5
1780761522.344494,15,32.46875,1362.75
1780761522.344494,15,33.84375,1361.75
1780761522.344494,15,35.28125,1362.0
1780761522.344494,9,41.0,1021.75
1780761522.344494,15,42.375,999.75
1780761522.344494,15,43.796875,977.25
1780761522.344494,15,45.078125,955.25
1780761522.344494,15,46.453125,936.25
1780761522.344494,15,47.890625,917.25
1780761522.344494,15,49.234375,897.0
1780761522.344494,15,50.71875,878.0
1780761522.344494,15,52.03125,862.75
1780761522.344494,15,58.734375,834.25
1780761522.344494,15,63.609375,1169.25
1780761522.344494,15,70.015625,1537.75
1780761522.344494,15,71.328125,1538.0
1780761522.344494,15,74.0625,1539.0
1780761522.344494,8,75.375,1529.25
1780761522.344494,15,76.765625,1511.25
1780761522.344494,15,78.078125,1488.25
1780761522.344494,15,79.453125,1481.5
1780761522.344494,15,80.796875,1479.25
1780761522.344494,15,82.078125,1477.5
1780761522.344494,15,83.4375,1475.75
1780761522.344494,15,87.796875,535.25
1780761522.344494,15,89.25,527.0
1780761522.344494,15,90.75,519.25
1780761522.344494,15,92.03125,511.25
1780761522.344494,15,93.328125,504.25
1780761522.344494,15,94.78125,498.25
1780761522.344494,15,96.03125,492.5
1780761522.344494,15,97.640625,487.0
1780761522.344494,7,108.875,1550.75
1780761522.344494,15,110.15625,1569.75
1780761522.344494,15,111.46875,1589.25
1780761522.344494,15,112.796875,1591.5
1780761522.344494,15,114.140625,1610.5
1780761522.344494,15,115.484375,1639.75
1780761522.344494,15,116.796875,1661.25
1780761522.344494,4,118.125,1684.75
1780761522.344494,15,119.4375,1708.25
1780761522.344494,15,120.75,1732.75
1780761522.344494,15,122.09375,1747.5
1780761522.344494,15,123.40625,1772.25
1780761522.344494,15,124.734375,1807.75
1780761522.344494,15,138.828125,995.75
1780761522.344494,15,140.078125,997.5
1780761522.344494,15,141.515625,1000.5
1780761522.344494,15,163.609375,1884.0
1780761522.344494,15,166.375,1775.0
1780761522.344494,15,167.71875,1763.75
1780761522.344494,14,169.046875,1765.25
1780761522.344494,15,170.390625,1762.5
1780761522.344494,15,171.734375,1757.25
1780761522.344494,15,173.0625,1749.0
1780761522.344494,15,174.421875,1745.5
1780761522.344494,15,175.78125,1746.75
1780761522.344494,15,177.0625,1741.5
1780761522.344494,15,178.453125,1744.25
1780761522.344494,15,179.75,1738.75
1780761522.344494,15,181.109375,1737.5
1780761522.344494,15,182.4375,1742.75
1780761522.344494,15,183.765625,1741.75
1780761522.344494,9,185.109375,1743.75
1780761522.344494,15,186.46875,1743.25
1780761522.344494,15,187.75,1750.5
1780761522.344494,15,189.109375,1770.75
1780761522.344494,15,209.609375,1249.75
1780761522.344494,15,210.953125,1214.25
1780761522.344494,15,213.71875,1131.5
1780761522.344494,15,217.890625,1027.25
1780761522.344494,15,219.3125,1004.25
1780761522.344494,15,220.671875,978.0
1780761522.344494,15,222.0,952.5
1780761522.344494,15,223.4375,931.75
1780761522.344494,15,224.8125,911.5
1780761522.344494,15,226.1875,891.75
1780761522.344494,15,227.609375,873.25
1780761522.344494,15,231.09375,597.25
1780761522.344494,15,232.453125,587.75
1780761522.344494,15,233.703125,578.0
1780761522.344494,15,235.21875,569.0
1780761522.344494,15,236.65625,559.75
1780761522.344494,15,237.921875,552.75
1780761522.344494,15,239.328125,547.75
1780761522.344494,15,240.765625,542.25
1780761522.344494,15,241.953125,537.0
1780761522.344494,15,249.4375,694.0
1780761522.344494,15,252.171875,685.75
1780761522.344494,15,253.625,678.0
1780761522.344494,15,254.84375,673.5
1780761522.344494,15,256.296875,669.0
1780761522.344494,15,257.578125,665.25
1780761522.344494,15,259.015625,662.0
1780761522.344494,15,260.34375,658.75
1780761522.344494,15,261.59375,657.75
1780761522.344494,15,263.0,655.75
1780761522.344494,15,264.328125,654.25
1780761522.344494,15,265.734375,654.0
1780761522.344494,15,267.109375,653.0
1780761522.344494,15,268.28125,652.25
1780761522.344494,15,269.734375,651.0
1780761522.344494,15,270.984375,651.75
1780761522.344494,15,272.359375,653.25
1780761522.344494,15,273.75,654.25
1780761522.344494,15,275.125,655.5
1780761522.344494,15,276.453125,656.25
1780761522.344494,15,277.671875,658.25
1780761522.344494,15,278.96875,661.75
1780761522.344494,15,280.359375,664.5
1780761522.344494,15,281.703125,668.5
1780761522.344494,15,283.046875,673.5
1780761522.344494,15,284.265625,678.0
1780761522.344494,15,285.6875,681.75
1780761522.344494,15,287.078125,685.5
1780761522.344494,15,288.40625,691.25
1780761522.344494,15,289.734375,698.0
1780761522.344494,15,290.953125,704.75
1780761522.344494,15,292.328125,712.25
1780761522.344494,15,293.515625,719.75
1780761522.344494,15,294.953125,727.25
1780761522.344494,15,296.234375,735.25
1780761522.344494,15,297.53125,744.25
1780761522.344494,15,298.859375,754.25
1780761522.344494,15,300.234375,764.75
1780761522.344494,15,301.515625,775.75
1780761522.344494,15,302.90625,787.0
1780761522.344494,15,305.390625,801.5
1780761522.344494,15,306.90625,806.0
1780761522.344494,15,310.046875,1435.0
1780761522.344494,15,311.421875,1418.0
1780761522.344494,15,314.15625,1353.75
1780761522.344494,15,318.28125,1247.25
1780761522.344494,15,319.625,1242.5
1780761522.344494,15,322.28125,1197.0
1780761522.344494,15,323.703125,1181.25
1780761522.344494,15,325.109375,1161.75
1780761522.344494,15,326.453125,1145.5
1780761522.344494,15,327.796875,1140.5
1780761522.344494,15,333.09375,1271.25
1780761522.344494,15,334.390625,1256.75
1780761522.344494,15,341.109375,1297.5
1780761522.344494,15,342.4375,1286.25
1780761522.344494,15,343.78125,1277.25
1780761522.344494,15,345.1875,1274.5
1780761522.344494,15,346.453125,1270.75
1780761522.344494,15,347.75,1267.5
1780761522.344494,15,349.078125,1266.5
1780761522.344494,15,350.484375,1259.75
1780761522.4821553,15,353.53125,950.5
1780761522.4821553,15,354.875,955.75
1780761522.4821553,15,356.171875,955.75
1780761522.4821553,15,357.5,956.0
1780761522.4821553,15,358.890625,954.75
1780761522.4821553,13,0.21875,954.0
1780761522.4821553,12,1.46875,954.25
1780761522.4821553,8,2.90625,955.5
1780761522.4821553,15,4.265625,955.0
1780761522.4821553,15,5.609375,952.5
1780761522.4821553,15,6.90625,957.0
1780761522.4821553,15,8.21875,963.25
1780761522.4821553,15,9.5625,966.75
1780761522.4821553,15,10.828125,972.0
1780761522.4821553,15,12.203125,974.75
1780761522.4821553,15,13.484375,979.25
1780761522.4821553,15,14.765625,987.0
1780761522.4821553,15,19.796875,1349.25
1780761522.4821553,8,21.046875,1360.0
1780761522.4821553,15,30.421875,1379.5
1780761522.4821553,15,31.78125,1380.5
1780761522.4821553,15,33.078125,1376.75
1780761522.4821553,15,34.453125,1377.0
1780761522.4821553,15,40.328125,1035.25
1780761522.4821553,15,41.78125,1012.0
1780761522.4821553,15,43.140625,987.25
1780761522.4821553,15,44.484375,964.25
1780761522.4821553,15,45.9375,942.75
1780761522.4821553,15,47.234375,924.25
1780761522.4821553,15,48.65625,908.0
1780761522.4821553,15,50.0,889.75
1780761522.4821553,15,56.8125,855.25
1780761522.4821553,15,61.671875,1192.25
1780761522.4821553,15,62.984375,1186.5
1780761522.4821553,2,68.09375,1531.0
1780761522.4821553,9,76.15625,1528.5
1780761522.4821553,15,77.515625,1511.0
1780761522.4821553,15,78.828125,1489.0
1780761522.4821553,15,80.21875,1483.0
1780761522.4821553,15,84.71875,536.25
1780761522.4821553,15,86.015625,526.0
1780761522.4821553,15,87.484375,516.25
1780761522.4821553,15,88.734375,507.75
1780761522.4821553,15,90.078125,500.5
1780761522.4821553,15,91.34375,493.5
1780761522.4821553,15,92.90625,486.75
1780761522.4821553,15,105.46875,1539.5
1780761522.4821553,15,106.859375,1548.25
1780761522.4821553,15,108.171875,1549.75
1780761522.4821553,15,109.46875,1569.5
1780761522.4821553,15,110.765625,1588.75
1780761522.4821553,15,112.15625,1590.0
1780761522.4821553,15,113.484375,1593.25
1780761522.4821553,15,114.765625,1613.5
1780761522.4821553,15,116.109375,1651.25
1780761522.4821553,15,118.78125,1685.25
1780761522.4821553,15,121.375,1723.5
1780761522.4821553,15,122.71875,1771.25
1780761522.4821553,15,124.03125,1807.25
1780761522.4821553,15,138.09375,974.75
1780761522.4821553,15,139.5,977.75
1780761522.4821553,15,165.59375,1740.5
1780761522.4821553,15,166.875,1736.25
1780761522.4821553,9,168.21875,1738.75
1780761522.4821553,15,169.5625,1737.25
1780761522.4821553,15,170.9375,1727.25
1780761522.4821553,15,172.265625,1715.5
1780761522.4821553,15,173.59375,1718.0
1780761522.4821553,15,174.921875,1709.5
1780761522.4821553,15,176.296875,1707.75
1780761522.4821553,15,177.640625,1706.5
1780761522.4821553,15,178.953125,1706.25
1780761522.4821553,15,180.3125,1709.25
1780761522.4821553,15,181.609375,1708.75
1780761522.4821553,15,183.0,1713.75
1780761522.4821553,15,184.296875,1706.75
1780761522.4821553,15,185.625,1707.5
1780761522.4821553,15,186.96875,1714.0
1780761522.4821553,15,188.3125,1726.25
1780761522.4821553,15,189.59375,1767.5
1780761522.4821553,1,191.859375,3849.75
1780761522.4821553,15,210.140625,1237.25
1780761522.4821553,15,212.859375,1155.5
1780761522.4821553,15,217.046875,1040.5
1780761522.4821553,15,218.375,1014.75
1780761522.4821553,15,219.8125,989.0
1780761522.4821553,11,221.203125,963.25
1780761522.4821553,15,222.5625,940.75
1780761522.4821553,15,223.9375,920.0
1780761522.4821553,15,225.234375,900.5
1780761522.4821553,15,226.640625,880.0
1780761522.4821553,15,228.109375,861.5
1780761522.4821553,15,229.4375,845.75
1780761522.4821553,15,233.078125,573.5
1780761522.4821553,15,234.265625,569.75
1780761522.4821553,15,235.65625,561.0
1780761522.4821553,15,237.140625,553.0
1780761522.4821553,15,238.484375,547.0
1780761522.4821553,15,239.796875,541.0
1780761522.4821553,15,241.203125,534.5
1780761522.4821553,15,242.65625,529.5
1780761522.4821553,15,243.921875,524.75
1780761522.4821553,15,245.3125,520.0
1780761522.4821553,15,255.4375,674.5
1780761522.4821553,15,256.875,665.75
1780761522.4821553,15,258.125,663.75
1780761522.4821553,15,259.5,661.0
1780761522.4821553,15,260.90625,658.5
1780761522.4821553,15,262.1875,657.25
1780761522.4821553,15,263.578125,654.75
1780761522.4821553,15,264.84375,653.0
1780761522.4821553,15,266.171875,651.75
1780761522.4821553,15,267.671875,651.75
1780761522.4821553,15,268.90625,651.75
1780761522.4821553,15,270.359375,651.5
1780761522.4821553,15,271.6875,652.25
1780761522.4821553,15,272.859375,652.5
1780761522.4821553,15,274.21875,653.5
1780761522.4821553,15,275.65625,655.25
1780761522.4821553,15,276.828125,657.25
1780761522.4821553,15,278.3125,660.25
1780761522.4821553,15,279.640625,662.5
1780761522.4821553,15,280.859375,664.5
1780761522.4821553,15,282.328125,669.0
1780761522.4821553,15,283.484375,674.25
1780761522.4821553,15,284.984375,679.25
1780761522.4821553,15,286.1875,683.0
1780761522.4821553,15,287.5,686.5
1780761522.4821553,15,288.796875,692.25
1780761522.4821553,15,290.203125,699.75
1780761522.4821553,15,291.59375,707.0
1780761522.4821553,15,292.859375,714.25
1780761522.4821553,15,294.21875,721.75
1780761522.4821553,15,295.390625,730.5
1780761522.4821553,15,296.8125,739.25
1780761522.4821553,15,298.078125,748.0
1780761522.4821553,15,299.328125,757.75
1780761522.4821553,15,300.90625,768.25
1780761522.4821553,15,302.109375,779.0
1780761522.4821553,15,303.53125,790.0
1780761522.4821553,15,304.796875,804.25
1780761522.4821553,15,308.859375,817.5
1780761522.4821553,15,313.5,1418.0
1780761522.4821553,15,314.8125,1399.75
1780761522.4821553,15,317.609375,1338.5
1780761522.4821553,7,320.34375,1251.0
1780761522.4821553,15,321.75,1243.75
1780761522.4821553,15,323.125,1231.0
1780761522.4821553,15,324.453125,1209.0
1780761522.4821553,15,325.859375,1188.0
1780761522.4821553,15,327.171875,1173.5
1780761522.4821553,15,328.484375,1166.0
1780761522.4821553,15,331.125,1217.0
1780761522.4821553,15,335.125,1289.5
1780761522.4821553,15,339.09375,1372.5
1780761522.4821553,15,340.46875,1360.25
1780761522.4821553,15,341.828125,1356.5
1780761522.4821553,15,343.171875,1349.0
1780761522.4821553,15,344.46875,1338.0
1780761522.4821553,3,345.921875,1316.75
1780761522.4821553,15,348.46875,1277.25
1780761522.4821553,15,349.84375,1287.0
1780761522.4821553,15,351.1875,1278.25
1780761522.620152,15,354.171875,987.5
1780761522.620152,15,355.59375,990.0
1780761522.620152,15,356.890625,989.25
1780761522.620152,15,358.203125,989.25
1780761522.620152,15,359.609375,987.5
1780761522.620152,15,0.9375,988.25
1780761522.620152,15,2.328125,988.5
1780761522.620152,15,3.640625,987.0
1780761522.620152,15,4.90625,993.25
1780761522.620152,15,6.34375,996.25
1780761522.620152,15,7.59375,996.5
1780761522.620152,8,8.96875,1001.25
1780761522.620152,15,10.359375,1003.75
1780761522.620152,15,11.546875,1007.75
1780761522.620152,15,12.921875,1013.25
1780761522.620152,15,14.3125,1016.5
1780761522.620152,8,19.234375,1373.25
1780761522.620152,15,20.5625,1392.0
1780761522.620152,15,29.90625,1409.25
1780761522.620152,15,31.328125,1396.25
1780761522.620152,15,32.625,1385.0
1780761522.620152,15,33.921875,1397.5
1780761522.620152,8,41.21875,1019.0
1780761522.620152,15,42.609375,993.5
1780761522.620152,15,43.9375,970.25
1780761522.620152,15,45.28125,951.25
1780761522.620152,15,46.71875,931.0
1780761522.620152,15,48.125,912.5
1780761522.620152,15,59.78125,1213.75
1780761522.620152,15,67.578125,1551.0
1780761522.620152,15,71.671875,1539.25
1780761522.620152,15,73.015625,1546.5
1780761522.620152,15,74.3125,1537.75
1780761522.620152,8,75.671875,1529.25
1780761522.620152,15,80.125,545.5
1780761522.620152,15,81.609375,535.5
1780761522.620152,15,82.9375,523.0
1780761522.620152,15,84.265625,512.5
1780761522.620152,15,85.703125,503.5
1780761522.620152,15,87.0,495.0
1780761522.620152,15,88.359375,487.25
1780761522.620152,15,102.5,1529.25
1780761522.620152,15,103.8125,1530.5
1780761522.620152,15,105.140625,1539.0
1780761522.620152,15,106.484375,1548.0
1780761522.620152,15,107.796875,1549.5
1780761522.620152,6,109.125,1568.0
1780761522.620152,15,110.4375,1587.5
1780761522.620152,15,111.796875,1590.25
1780761522.620152,15,113.125,1592.25
1780761522.620152,15,114.484375,1607.0
1780761522.620152,15,115.78125,1635.5
1780761522.620152,3,118.46875,1674.25
1780761522.620152,15,119.765625,1719.25
1780761522.620152,15,121.140625,1743.75
1780761522.620152,15,122.453125,1748.0
1780761522.620152,15,136.59375,946.75
1780761522.620152,15,137.90625,948.75
1780761522.620152,15,165.421875,1712.0
1780761522.620152,15,166.734375,1700.5
1780761522.620152,15,168.0625,1718.5
1780761522.620152,15,169.375,1720.5
1780761522.620152,15,170.8125,1693.25
1780761522.620152,15,172.09375,1676.75
1780761522.620152,15,173.4375,1674.25
1780761522.620152,15,174.8125,1672.25
1780761522.620152,15,176.09375,1685.0
1780761522.620152,12,177.453125,1675.75
1780761522.620152,10,178.8125,1660.5
1780761522.620152,15,180.21875,1664.25
1780761522.620152,10,181.5,1666.0
1780761522.620152,12,182.890625,1669.25
1780761522.620152,13,184.21875,1663.5
1780761522.620152,15,185.53125,1673.0
1780761522.620152,11,186.875,1680.25
1780761522.620152,15,188.203125,1681.25
1780761522.620152,15,189.5625,1711.25
1780761522.620152,1,191.765625,3849.75
1780761522.620152,2,195.921875,2808.5
1780761522.620152,9,211.515625,1194.0
1780761522.620152,6,212.921875,1159.75
1780761522.620152,15,217.0625,1040.75
1780761522.620152,15,218.4375,1015.75
1780761522.620152,15,219.859375,989.5
1780761522.620152,15,221.28125,964.5
1780761522.620152,15,222.65625,942.25
1780761522.620152,15,224.0,923.0
1780761522.620152,15,225.390625,903.5
1780761522.620152,15,226.703125,882.5
1780761522.620152,15,228.046875,865.25
1780761522.620152,15,229.40625,847.0
1780761522.620152,15,230.734375,828.5
1780761522.620152,15,232.234375,814.5
1780761522.620152,15,233.609375,800.75
1780761522.620152,15,236.9375,550.75
1780761522.620152,15,238.359375,544.25
1780761522.620152,15,239.859375,536.5
1780761522.620152,15,241.3125,529.75
1780761522.620152,15,242.453125,524.25
1780761522.620152,15,243.875,519.0
1780761522.620152,15,245.3125,514.0
1780761522.620152,15,246.75,509.5
1780761522.620152,15,248.109375,506.5
1780761522.620152,15,249.53125,503.5
1780761522.620152,15,250.609375,500.5
1780761522.620152,15,259.3125,664.5
1780761522.620152,15,260.734375,656.0
1780761522.620152,15,262.0,653.75
1780761522.620152,15,263.40625,652.25
1780761522.620152,15,264.75,651.75
1780761522.620152,15,266.234375,650.75
1780761522.620152,15,267.421875,649.25
1780761522.620152,15,268.796875,649.75
1780761522.620152,15,270.09375,650.25
1780761522.620152,15,271.5625,650.5
1780761522.620152,15,272.765625,651.25
1780761522.620152,15,274.1875,652.25
1780761522.620152,15,275.515625,653.5
1780761522.620152,15,276.8125,655.5
1780761522.620152,15,278.171875,657.75
1780761522.620152,15,279.390625,661.0
1780761522.620152,15,280.65625,664.25
1780761522.620152,15,282.078125,672.25
1780761522.620152,15,283.453125,676.0
1780761522.620152,15,284.6875,674.5
1780761522.620152,15,286.0625,680.25
1780761522.620152,15,287.265625,685.75
1780761522.620152,15,288.65625,690.25
1780761522.620152,15,290.046875,696.5
1780761522.620152,15,291.234375,704.25
1780761522.620152,15,292.703125,711.25
1780761522.620152,15,293.90625,718.5
1780761522.620152,15,295.328125,727.0
1780761522.620152,15,296.546875,735.0
1780761522.620152,15,297.8125,744.25
1780761522.620152,15,299.21875,754.5
1780761522.620152,15,300.53125,765.0
1780761522.620152,15,301.828125,776.25
1780761522.620152,15,303.203125,787.75
1780761522.620152,15,304.515625,801.75
1780761522.620152,15,305.890625,814.75
1780761522.620152,15,307.09375,828.0
1780761522.620152,15,311.140625,853.75
1780761522.620152,15,315.765625,1417.5
1780761522.620152,15,318.5625,1346.75
1780761522.620152,15,319.859375,1332.0
1780761522.620152,15,322.59375,1263.75
1780761522.620152,15,324.0625,1244.75
1780761522.620152,15,325.453125,1232.75
1780761522.620152,15,326.765625,1216.75
1780761522.620152,15,328.125,1204.0
1780761522.620152,15,329.5,1196.75
1780761522.620152,15,333.34375,1339.5
1780761522.620152,15,336.015625,1351.25
1780761522.620152,15,338.703125,1408.0
1780761522.620152,15,340.03125,1396.5
1780761522.620152,15,341.4375,1379.75
1780761522.620152,9,342.734375,1375.0
1780761522.620152,15,344.109375,1370.0
1780761522.620152,15,345.4375,1365.75
1780761522.620152,15,346.828125,1361.25
1780761522.620152,15,348.078125,1356.5
1780761522.620152,15,349.453125,1354.0
1780761522.620152,15,350.8125,1352.25
1780761522.7571962,15,352.171875,1347.5
1780761522.7571962,15,355.171875,1021.75
1780761522.7571962,15,356.578125,1021.5
1780761522.7571962,15,357.8125,1019.75
1780761522.7571962,15,359.15625,1017.5
1780761522.7571962,15,0.59375,1017.25
1780761522.7571962,15,1.921875,1020.25
1780761522.7571962,4,3.140625,1027.0
1780761522.7571962,4,4.5,1030.5
1780761522.7571962,15,5.875,1030.25
1780761522.7571962,15,7.1875,1030.75
1780761522.7571962,15,8.53125,1030.0
1780761522.7571962,15,9.890625,1030.75
1780761522.7571962,15,11.296875,1037.0
1780761522.7571962,15,12.53125,1042.0
1780761522.7571962,15,13.890625,1045.0
1780761522.7571962,15,18.90625,1409.0
1780761522.7571962,15,20.203125,1425.25
1780761522.7571962,15,31.0,1435.5
1780761522.7571962,15,32.328125,1433.5
1780761522.7571962,15,35.34375,1161.0
1780761522.7571962,15,36.75,1130.5
1780761522.7571962,15,40.8125,1024.25
1780761522.7571962,15,42.265625,1002.5
1780761522.7571962,15,43.625,979.0
1780761522.7571962,15,44.953125,958.0
1780761522.7571962,15,46.296875,938.0
1780761522.7571962,15,47.734375,923.75
1780761522.7571962,15,53.125,895.5
1780761522.7571962,15,58.0625,1232.75
1780761522.7571962,6,65.828125,1578.5
1780761522.7571962,15,67.171875,1569.5
1780761522.7571962,15,71.25,1548.5
1780761522.7571962,15,72.578125,1547.5
1780761522.7571962,15,76.9375,549.25
1780761522.7571962,15,78.421875,535.75
1780761522.7571962,15,79.71875,523.0
1780761522.7571962,15,81.390625,511.5
1780761522.7571962,15,82.546875,501.0
1780761522.7571962,15,84.234375,491.5
1780761522.7571962,15,85.53125,482.75
1780761522.7571962,8,100.78125,1512.0
1780761522.7571962,15,102.09375,1529.25
1780761522.7571962,15,103.453125,1530.5
1780761522.7571962,15,104.78125,1539.0
1780761522.7571962,15,106.125,1548.0
1780761522.7571962,15,107.484375,1549.25
1780761522.7571962,15,108.84375,1550.75
1780761522.7571962,15,110.125,1570.0
1780761522.7571962,15,111.46875,1589.5
1780761522.7571962,15,112.828125,1600.75
1780761522.7571962,15,114.15625,1620.0
1780761522.7571962,15,115.453125,1639.75
1780761522.7571962,15,116.796875,1661.25
1780761522.7571962,4,118.15625,1684.75
1780761522.7571962,15,119.421875,1719.0
1780761522.7571962,15,120.765625,1744.0
1780761522.7571962,15,122.140625,1759.5
1780761522.7571962,15,134.859375,923.0
1780761522.7571962,15,136.234375,925.0
1780761522.7571962,15,137.546875,930.25
1780761522.7571962,15,160.75,2060.25
1780761522.7571962,15,164.9375,1671.75
1780761522.7571962,15,166.265625,1666.5
1780761522.7571962,15,167.59375,1674.75
1780761522.7571962,15,168.921875,1670.0
1780761522.7571962,15,170.296875,1652.25
1780761522.7571962,15,171.609375,1635.5
1780761522.7571962,15,172.921875,1641.0
1780761522.7571962,15,174.28125,1646.5
1780761522.7571962,15,175.671875,1629.75
1780761522.7571962,15,176.921875,1622.75
1780761522.7571962,13,178.28125,1646.0
1780761522.7571962,12,179.640625,1647.5
1780761522.7571962,15,181.0,1632.5
1780761522.7571962,15,182.328125,1630.25
1780761522.7571962,15,183.65625,1629.75
1780761522.7571962,15,184.984375,1634.5
1780761522.7571962,15,186.296875,1628.0
1780761522.7571962,15,187.6875,1626.25
1780761522.7571962,12,188.953125,1652.0
1780761522.7571962,2,195.28125,2808.5
1780761522.7571962,15,209.4375,1249.75
1780761522.7571962,15,212.21875,1159.75
1780761522.7571962,15,213.546875,1132.0
1780761522.7571962,15,217.734375,1027.75
1780761522.7571962,15,219.0625,1002.0
1780761522.7571962,15,220.484375,975.25
1780761522.7571962,15,221.875,950.0
1780761522.7571962,15,223.296875,927.75
1780761522.7571962,15,224.59375,910.0
1780761522.7571962,15,226.03125,891.0
1780761522.7571962,15,227.328125,871.5
1780761522.7571962,15,228.78125,855.0
1780761522.7571962,15,230.078125,838.5
1780761522.7571962,15,231.421875,821.25
1780761522.7571962,15,232.84375,806.5
1780761522.7571962,15,234.140625,792.5
1780761522.7571962,15,235.515625,779.75
1780761522.7571962,15,236.984375,767.75
1780761522.7571962,15,240.390625,530.0
1780761522.7571962,15,241.96875,523.75
1780761522.7571962,15,243.140625,518.0
1780761522.7571962,15,244.734375,513.25
1780761522.7571962,15,246.078125,508.25
1780761522.7571962,15,247.390625,503.75
1780761522.7571962,15,248.78125,500.25
1780761522.7571962,15,249.890625,497.25
1780761522.7571962,15,251.265625,495.0
1780761522.7571962,15,252.734375,493.0
1780761522.7571962,15,254.03125,491.0
1780761522.7571962,15,262.765625,652.5
1780761522.7571962,15,264.015625,651.0
1780761522.7571962,15,265.328125,649.75
1780761522.7571962,15,266.640625,648.75
1780761522.7571962,15,268.03125,648.5
1780761522.7571962,15,269.453125,649.25
1780761522.7571962,15,270.828125,649.5
1780761522.7571962,15,272.078125,649.75
1780761522.7571962,15,273.359375,650.5
1780761522.7571962,15,274.84375,651.75
1780761522.7571962,15,276.1875,653.0
1780761522.7571962,15,277.421875,655.25
1780761522.7571962,15,278.65625,658.5
1780761522.7571962,15,280.078125,661.75
1780761522.7571962,15,281.515625,664.0
1780761522.7571962,15,282.703125,667.75
1780761522.7571962,15,284.109375,673.0
1780761522.7571962,15,285.34375,685.75
1780761522.7571962,15,286.671875,690.75
1780761522.7571962,15,287.96875,688.5
1780761522.7571962,15,289.3125,693.25
1780761522.7571962,15,290.6875,698.5
1780761522.7571962,15,292.046875,704.75
1780761522.7571962,15,293.390625,712.5
1780761522.7571962,15,294.65625,720.75
1780761522.7571962,15,295.890625,729.0
1780761522.7571962,15,297.234375,737.5
1780761522.7571962,15,298.609375,746.75
1780761522.7571962,15,299.875,757.0
1780761522.7571962,15,301.28125,768.0
1780761522.7571962,15,302.5,779.0
1780761522.7571962,15,303.8125,790.5
1780761522.7571962,15,305.0625,804.75
1780761522.7571962,15,306.375,818.5
1780761522.7571962,15,307.6875,833.5
1780761522.7571962,15,309.015625,851.75
1780761522.7571962,15,312.984375,877.5
1780761522.7571962,15,317.796875,1418.25
1780761522.7571962,5,319.109375,1405.75
1780761522.7571962,15,321.90625,1339.25
1780761522.7571962,15,323.25,1318.5
1780761522.7571962,15,324.65625,1290.25
1780761522.7571962,15,326.046875,1261.0
1780761522.7571962,15,327.390625,1244.75
1780761522.7571962,15,328.75,1233.75
1780761522.7571962,15,330.0625,1219.75
1780761522.7571962,15,336.625,1369.75
1780761522.7571962,15,339.28125,1441.5
1780761522.7571962,15,342.015625,1410.5
1780761522.7571962,15,343.359375,1409.5
1780761522.7571962,15,344.703125,1408.5
1780761522.7571962,15,346.0625,1395.25
1780761522.7571962,15,347.390625,1380.75
1780761522.7571962,15,348.796875,1378.0
1780761522.7571962,8,350.140625,1375.0
1780761522.8951733,8,351.4375,1373.0
1780761522.8951733,15,354.46875,1057.75
1780761522.8951733,15,355.796875,1055.0
1780761522.8951733,15,357.125,1049.5
1780761522.8951733,15,358.5625,1047.75
1780761522.8951733,15,359.8125,1047.5
1780761522.8951733,15,1.203125,1049.0
1780761522.8951733,15,2.5,1048.5
1780761522.8951733,15,3.875,1051.25
1780761522.8951733,15,6.578125,1061.0
1780761522.8951733,15,7.859375,1068.5
1780761522.8951733,15,9.234375,1073.0
1780761522.8951733,9,11.8125,1079.0
1780761522.8951733,15,13.171875,1082.75
1780761522.8951733,15,18.203125,1426.5
1780761522.8951733,15,19.546875,1450.0
1780761522.8951733,15,30.28125,1458.25
1780761522.8951733,15,31.578125,1443.0
1780761522.8951733,15,35.90625,1147.25
1780761522.8951733,15,40.15625,1041.5
1780761522.8951733,9,41.546875,1018.25
1780761522.8951733,15,42.84375,991.75
1780761522.8951733,15,44.21875,970.0
1780761522.8951733,15,50.984375,926.75
1780761522.8951733,15,57.3125,1243.75
1780761522.8951733,15,58.65625,1242.5
1780761522.8951733,15,65.078125,1579.75
1780761522.8951733,15,69.046875,1560.75
1780761522.8951733,15,73.421875,558.0
1780761522.8951733,15,74.90625,542.5
1780761522.8951733,15,76.234375,528.75
1780761522.8951733,15,77.765625,516.0
1780761522.8951733,15,79.1875,503.25
1780761522.8951733,15,80.484375,492.5
1780761522.8951733,15,81.875,489.75
1780761522.8951733,15,83.125,499.5
1780761522.8951733,15,84.234375,515.0
1780761522.8951733,15,97.203125,1482.25
1780761522.8951733,15,98.515625,1488.25
1780761522.8951733,8,99.875,1491.75
1780761522.8951733,8,101.15625,1509.5
1780761522.8951733,15,102.53125,1529.5
1780761522.8951733,15,103.859375,1530.5
1780761522.8951733,15,105.203125,1539.25
1780761522.8951733,15,106.53125,1548.5
1780761522.8951733,15,107.9375,1550.25
1780761522.8951733,15,109.265625,1569.75
1780761522.8951733,15,110.625,1589.0
1780761522.8951733,15,111.96875,1590.75
1780761522.8951733,15,113.25,1593.25
1780761522.8951733,15,114.578125,1613.25
1780761522.8951733,15,115.90625,1651.5
1780761522.8951733,15,118.578125,1695.0
1780761522.8951733,15,119.921875,1732.75
1780761522.8951733,15,126.625,1643.25
1780761522.8951733,15,128.0,1634.75
1780761522.8951733,15,129.34375,1647.25
1780761522.8951733,15,132.671875,899.0
1780761522.8951733,15,134.078125,900.75
1780761522.8951733,15,135.375,902.25
1780761522.8951733,15,158.625,2060.5
1780761522.8951733,15,159.953125,2030.0
1780761522.8951733,15,165.515625,1636.25
1780761522.8951733,15,166.828125,1640.0
1780761522.8951733,15,168.140625,1635.75
1780761522.8951733,15,169.515625,1628.75
1780761522.8951733,15,170.890625,1617.5
1780761522.8951733,14,172.21875,1614.5
1780761522.8951733,12,173.53125,1605.5
1780761522.8951733,15,174.859375,1600.5
1780761522.8951733,11,176.1875,1600.25
1780761522.8951733,15,177.53125,1599.25
1780761522.8951733,9,178.921875,1598.5
1780761522.8951733,15,180.296875,1593.5
1780761522.8951733,15,181.59375,1591.75
1780761522.8951733,10,182.953125,1598.25
1780761522.8951733,15,184.34375,1597.5
1780761522.8951733,15,185.671875,1587.0
1780761522.8951733,15,187.015625,1588.0
1780761522.8951733,15,188.3125,1602.25
1780761522.8951733,15,189.625,1619.0
1780761522.8951733,1,195.96875,2808.5
1780761522.8951733,15,204.484375,1460.5
1780761522.8951733,15,212.796875,1155.25
1780761522.8951733,15,216.90625,1036.5
1780761522.8951733,15,218.359375,1013.0
1780761522.8951733,12,221.109375,961.25
1780761522.8951733,15,222.46875,941.5
1780761522.8951733,15,223.859375,919.75
1780761522.8951733,15,225.203125,898.0
1780761522.8951733,15,226.59375,878.5
1780761522.8951733,15,227.953125,862.0
1780761522.8951733,15,229.34375,846.0
1780761522.8951733,15,230.609375,827.75
1780761522.8951733,15,232.09375,811.75
1780761522.8951733,15,233.421875,798.0
1780761522.8951733,15,234.828125,784.75
1780761522.8951733,15,236.109375,772.0
1780761522.8951733,15,237.59375,759.5
1780761522.8951733,15,238.796875,748.5
1780761522.8951733,15,240.265625,739.0
1780761522.8951733,15,243.671875,510.5
1780761522.8951733,15,245.03125,506.0
1780761522.8951733,15,246.578125,501.5
1780761522.8951733,15,247.8125,497.5
1780761522.8951733,15,249.109375,494.25
1780761522.8951733,15,250.671875,491.0
1780761522.8951733,15,252.015625,487.75
1780761522.8951733,15,253.28125,485.75
1780761522.8951733,15,254.59375,483.75
1780761522.8951733,15,255.921875,482.5
1780761522.8951733,15,257.203125,481.75
1780761522.8951733,15,258.53125,482.25
1780761522.8951733,15,264.546875,647.75
1780761522.8951733,15,265.84375,647.0
1780761522.8951733,15,267.265625,646.5
1780761522.8951733,15,268.5625,646.25
1780761522.8951733,15,269.875,646.5
1780761522.8951733,15,271.28125,646.5
1780761522.8951733,15,272.484375,647.0
1780761522.8951733,15,273.875,648.0
1780761522.8951733,15,275.109375,649.25
1780761522.8951733,15,276.5,651.75
1780761522.8951733,15,277.859375,654.75
1780761522.8951733,15,279.09375,656.25
1780761522.8951733,15,280.453125,659.25
1780761522.8951733,15,281.84375,662.5
1780761522.8951733,15,283.15625,666.25
1780761522.8951733,15,284.4375,671.0
1780761522.8951733,15,285.828125,676.25
1780761522.8951733,15,287.109375,681.5
1780761522.8951733,15,288.359375,687.75
1780761522.8951733,15,289.671875,692.5
1780761522.8951733,15,291.015625,698.25
1780761522.8951733,15,292.28125,705.75
1780761522.8951733,15,293.75,712.5
1780761522.8951733,15,295.015625,721.0
1780761522.8951733,15,296.28125,729.25
1780761522.8951733,15,297.625,737.5
1780761522.8951733,15,298.828125,746.5
1780761522.8951733,15,300.265625,756.75
1780761522.8951733,15,301.484375,769.0
1780761522.8951733,15,302.890625,781.25
1780761522.8951733,15,304.203125,794.0
1780761522.8951733,15,305.40625,807.5
1780761522.8951733,15,306.75,821.75
1780761522.8951733,15,308.109375,837.25
1780761522.8951733,15,309.375,853.5
1780761522.8951733,15,310.734375,870.25
1780761522.8951733,15,314.6875,900.75
1780761522.8951733,15,319.421875,1419.0
1780761522.8951733,15,320.71875,1408.75
1780761522.8951733,15,322.09375,1388.0
1780761522.8951733,15,323.5,1357.25
1780761522.8951733,15,324.796875,1338.75
1780761522.8951733,15,327.546875,1279.0
1780761522.8951733,15,328.96875,1259.5
1780761522.8951733,9,330.234375,1245.0
1780761522.8951733,15,331.546875,1251.75
1780761522.8951733,15,335.4375,1409.5
1780761522.8951733,15,336.828125,1395.75
1780761522.8951733,15,340.78125,1470.0
1780761522.8951733,15,342.09375,1449.25
1780761522.8951733,15,343.46875,1434.25
1780761522.8951733,7,344.796875,1426.0
1780761522.8951733,15,346.140625,1417.75
1780761522.8951733,15,347.59375,1410.5
1780761522.8951733,15,348.90625,1410.0
1780761522.8951733,15,350.25,1399.5
1780761523.032285,15,351.59375,1389.5
1780761523.032285,15,354.578125,1096.25
1780761523.032285,15,355.9375,1092.25
1780761523.032285,15,357.25,1091.75
1780761523.032285,15,358.625,1092.25
1780761523.032285,15,359.9375,1091.5
1780761523.032285,15,1.25,1090.5
1780761523.032285,4,2.59375,1099.0
1780761523.032285,15,3.9375,1096.0
1780761523.032285,15,5.28125,1090.25
1780761523.032285,15,6.625,1101.75
1780761523.032285,15,8.03125,1108.0
1780761523.032285,15,9.375,1108.5
1780761523.032285,15,10.6875,1112.75
1780761523.032285,15,11.921875,1123.5
1780761523.032285,15,16.9375,1461.25
1780761523.032285,15,18.28125,1469.25
1780761523.032285,15,27.640625,1513.75
1780761523.032285,11,29.015625,1492.75
1780761523.032285,15,30.34375,1491.5
1780761523.032285,15,33.234375,1214.25
1780761523.032285,15,36.046875,1140.0
1780761523.032285,15,40.125,1039.0
1780761523.032285,15,41.5625,1017.75
1780761523.032285,15,42.9375,991.25
1780761523.032285,15,44.1875,971.0
1780761523.032285,15,54.640625,1263.75
1780761523.032285,7,55.96875,1257.25
1780761523.032285,15,62.46875,1609.75
1780761523.032285,15,63.765625,1581.0
1780761523.032285,15,70.875,556.0
1780761523.032285,15,72.21875,540.25
1780761523.032285,15,73.75,524.25
1780761523.032285,15,75.140625,510.0
1780761523.032285,15,76.53125,497.75
1780761523.032285,15,77.828125,497.25
1780761523.032285,15,79.140625,508.75
1780761523.032285,15,80.265625,522.75
1780761523.032285,15,81.78125,538.0
1780761523.032285,15,82.84375,553.75
1780761523.032285,15,85.484375,589.5
1780761523.032285,15,93.34375,1467.75
1780761523.032285,15,94.671875,1478.75
1780761523.032285,15,96.03125,1481.0
1780761523.032285,15,97.328125,1487.0
1780761523.032285,15,98.640625,1490.0
1780761523.032285,8,100.015625,1507.75
1780761523.032285,15,101.34375,1529.25
1780761523.032285,15,102.671875,1530.25
1780761523.032285,15,104.03125,1538.75
1780761523.032285,15,105.359375,1548.0
1780761523.032285,15,106.6875,1549.25
1780761523.032285,15,107.953125,1560.5
1780761523.032285,15,109.296875,1580.0
1780761523.032285,15,110.609375,1589.75
1780761523.032285,15,111.96875,1591.5
1780761523.032285,15,113.296875,1607.25
1780761523.032285,15,114.625,1636.25
1780761523.032285,15,115.96875,1660.75
1780761523.032285,5,117.28125,1684.0
1780761523.032285,15,118.5625,1708.0
1780761523.032285,15,131.484375,878.25
1780761523.032285,15,132.8125,878.75
1780761523.032285,15,134.046875,883.5
1780761523.032285,8,161.4375,1758.25
1780761523.032285,15,164.203125,1609.5
1780761523.032285,15,165.5,1593.25
1780761523.032285,15,169.578125,1578.5
1780761523.032285,15,170.90625,1563.0
1780761523.032285,15,172.25,1565.75
1780761523.032285,15,173.5625,1569.25
1780761523.032285,15,174.921875,1573.25
1780761523.032285,15,176.234375,1572.0
1780761523.032285,15,177.640625,1553.0
1780761523.032285,15,179.015625,1550.25
1780761523.032285,15,180.359375,1553.5
1780761523.032285,15,181.640625,1552.25
1780761523.032285,15,183.0,1569.25
1780761523.032285,15,184.34375,1569.0
1780761523.032285,15,185.640625,1573.0
1780761523.032285,15,187.0,1575.25
1780761523.032285,15,188.328125,1574.0
1780761523.032285,15,189.703125,1599.5
1780761523.032285,10,198.90625,1861.25
1780761523.032285,15,204.46875,1434.0
1780761523.032285,15,209.984375,1214.25
1780761523.032285,15,212.8125,1136.5
1780761523.032285,15,215.515625,1064.25
1780761523.032285,15,216.9375,1032.25
1780761523.032285,15,218.296875,1003.25
1780761523.032285,15,219.71875,978.25
1780761523.032285,15,221.03125,954.25
1780761523.032285,15,222.4375,930.75
1780761523.032285,15,223.796875,910.25
1780761523.032285,15,225.09375,891.5
1780761523.032285,15,226.59375,872.0
1780761523.032285,15,227.9375,852.75
1780761523.032285,15,229.359375,835.75
1780761523.032285,15,230.609375,820.5
1780761523.032285,15,232.078125,804.5
1780761523.032285,15,233.453125,790.75
1780761523.032285,15,234.765625,779.25
1780761523.032285,15,236.109375,766.75
1780761523.032285,15,237.46875,755.25
1780761523.032285,15,238.859375,745.25
1780761523.032285,15,240.3125,735.75
1780761523.032285,15,241.6875,726.5
1780761523.032285,15,242.921875,718.0
1780761523.032285,15,246.53125,496.5
1780761523.032285,15,247.796875,492.5
1780761523.032285,15,249.3125,489.0
1780761523.032285,15,250.546875,486.5
1780761523.032285,15,252.109375,483.5
1780761523.032285,15,253.34375,480.75
1780761523.032285,15,254.875,478.25
1780761523.032285,15,255.96875,476.25
1780761523.032285,15,257.609375,475.0
1780761523.032285,15,258.859375,474.0
1780761523.032285,15,260.078125,471.75
1780761523.032285,15,261.546875,472.0
1780761523.032285,15,262.84375,474.5
1780761523.032285,15,267.265625,645.75
1780761523.032285,15,268.6875,645.5
1780761523.032285,15,269.953125,645.5
1780761523.032285,15,271.375,646.25
1780761523.032285,15,272.609375,647.25
1780761523.032285,15,274.125,648.0
1780761523.032285,15,275.484375,649.0
1780761523.032285,15,276.515625,651.25
1780761523.032285,15,277.859375,654.25
1780761523.032285,15,279.3125,656.0
1780761523.032285,15,280.515625,659.0
1780761523.032285,15,281.84375,662.5
1780761523.032285,15,283.125,666.25
1780761523.032285,15,284.5,671.0
1780761523.032285,15,285.8125,676.25
1780761523.032285,15,287.25,681.0
1780761523.032285,15,288.46875,687.0
1780761523.032285,15,289.734375,692.5
1780761523.032285,15,291.0,698.25
1780761523.032285,15,292.390625,705.75
1780761523.032285,15,293.765625,713.5
1780761523.032285,15,295.0625,722.0
1780761523.032285,15,296.3125,729.25
1780761523.032285,15,297.640625,738.0
1780761523.032285,15,298.953125,747.25
1780761523.032285,15,300.265625,758.5
1780761523.032285,15,301.671875,770.75
1780761523.032285,15,302.90625,781.5
1780761523.032285,15,304.34375,794.0
1780761523.032285,15,305.671875,807.75
1780761523.032285,15,306.890625,822.0
1780761523.032285,15,308.21875,837.5
1780761523.032285,15,309.5625,854.5
1780761523.032285,15,310.84375,872.5
1780761523.032285,15,312.03125,890.25
1780761523.032285,15,314.734375,912.5
1780761523.032285,15,316.046875,926.0
1780761523.032285,15,320.84375,1427.5
1780761523.032285,15,322.203125,1418.25
1780761523.032285,6,323.65625,1406.75
1780761523.032285,15,326.328125,1353.5
1780761523.032285,15,327.71875,1339.0
1780761523.032285,15,329.046875,1313.0
1780761523.032285,15,330.40625,1285.25
1780761523.032285,15,331.75,1272.5
1780761523.032285,15,335.640625,1441.25
1780761523.032285,15,337.0625,1426.25
1780761523.032285,15,338.390625,1427.0
1780761523.032285,15,341.015625,1511.75
1780761523.032285,15,342.40625,1483.25
1780761523.032285,15,343.71875,1466.0
1780761523.032285,15,345.03125,1458.25
1780761523.032285,15,346.421875,1449.5
1780761523.032285,15,347.796875,1441.5
1780761523.032285,15,349.15625,1434.5
1780761523.032285,15,350.4375,1427.5
1780761523.170177,6,351.8125,1419.75
1780761523.170177,15,354.78125,1138.5
1780761523.170177,15,356.15625,1134.75
1780761523.170177,15,357.4375,1134.5
1780761523.170177,15,358.796875,1134.0
1780761523.170177,15,0.140625,1134.25
1780761523.170177,15,1.546875,1133.75
1780761523.170177,15,2.84375,1129.75
1780761523.170177,7,5.484375,1135.0
1780761523.170177,15,6.84375,1144.25
1780761523.170177,15,8.203125,1145.25
1780761523.170177,15,9.5625,1145.75
1780761523.170177,15,10.90625,1146.25
1780761523.170177,15,12.171875,1147.0
1780761523.170177,7,17.25,1507.75
1780761523.170177,15,18.53125,1538.75
1780761523.170177,15,26.625,1557.0
1780761523.170177,15,29.328125,1514.5
1780761523.170177,15,32.1875,1249.75
1780761523.170177,15,33.59375,1213.75
1780761523.170177,15,36.328125,1131.5
1780761523.170177,15,40.46875,1031.75
1780761523.170177,15,41.890625,1007.0
1780761523.170177,15,43.21875,995.25
1780761523.170177,4,47.25,960.5
1780761523.170177,15,52.21875,1331.75
1780761523.170177,15,54.984375,1263.5
1780761523.170177,15,61.515625,1630.5
1780761523.170177,15,62.84375,1600.25
1780761523.170177,15,73.03125,504.75
1780761523.170177,15,75.328125,520.5
1780761523.170177,15,76.625,533.25
1780761523.170177,15,78.0,547.25
1780761523.170177,15,79.3125,561.5
1780761523.170177,15,80.453125,577.0
1780761523.170177,15,81.859375,594.25
1780761523.170177,15,83.03125,612.25
1780761523.170177,15,84.25,630.5
1780761523.170177,15,87.140625,652.25
1780761523.170177,15,91.078125,1475.0
1780761523.170177,15,92.421875,1475.5
1780761523.170177,15,93.796875,1476.0
1780761523.170177,15,95.09375,1479.25
1780761523.170177,15,96.4375,1482.75
1780761523.170177,15,97.828125,1484.75
1780761523.170177,15,99.125,1507.0
1780761523.170177,8,100.4375,1528.5
1780761523.170177,15,101.8125,1529.75
1780761523.170177,15,103.140625,1530.75
1780761523.170177,15,104.5,1539.25
1780761523.170177,15,105.8125,1548.5
1780761523.170177,9,107.171875,1550.75
1780761523.170177,15,108.46875,1570.0
1780761523.170177,15,109.8125,1589.0
1780761523.170177,15,111.140625,1590.5
1780761523.170177,15,112.46875,1601.0
1780761523.170177,15,113.796875,1630.25
1780761523.170177,15,115.125,1660.25
1780761523.170177,15,116.484375,1672.5
1780761523.170177,2,117.828125,1686.0
1780761523.170177,15,120.453125,1722.75
1780761523.170177,15,124.53125,1619.0
1780761523.170177,15,129.453125,856.75
1780761523.170177,15,130.671875,856.0
1780761523.170177,15,132.0,857.0
1780761523.170177,15,151.25,1772.0
1780761523.170177,15,163.5,1570.5
1780761523.170177,15,164.84375,1565.25
1780761523.170177,15,166.203125,1566.25
1780761523.170177,15,167.5625,1556.75
1780761523.170177,15,168.875,1543.25
1780761523.170177,15,170.21875,1533.5
1780761523.170177,15,171.578125,1535.25
1780761523.170177,15,172.9375,1536.25
1780761523.170177,15,174.25,1529.5
1780761523.170177,15,175.609375,1526.5
1780761523.170177,15,176.953125,1521.75
1780761523.170177,15,178.328125,1513.0
1780761523.170177,15,179.625,1515.25
1780761523.170177,15,180.953125,1523.25
1780761523.170177,15,182.3125,1524.75
1780761523.170177,15,183.65625,1520.5
1780761523.170177,15,185.015625,1526.25
1780761523.170177,15,186.3125,1525.5
1780761523.170177,15,187.71875,1520.0
1780761523.170177,15,189.0,1544.0
1780761523.170177,15,190.34375,1583.0
1780761523.170177,15,209.390625,1249.25
1780761523.170177,15,212.15625,1157.0
1780761523.170177,15,216.28125,1042.75
1780761523.170177,8,217.71875,1016.75
1780761523.170177,15,219.15625,988.5
1780761523.170177,15,220.46875,964.0
1780761523.170177,15,221.796875,942.5
1780761523.170177,15,223.25,920.0
1780761523.170177,15,224.625,899.0
1780761523.170177,15,226.046875,880.0
1780761523.170177,15,227.4375,863.0
1780761523.170177,15,228.8125,843.75
1780761523.170177,15,230.078125,824.25
1780761523.170177,15,231.484375,810.0
1780761523.170177,15,232.8125,796.75
1780761523.170177,15,234.25,783.25
1780761523.170177,15,235.625,771.25
1780761523.170177,15,237.046875,759.0
1780761523.170177,15,238.40625,747.5
1780761523.170177,15,239.734375,737.75
1780761523.170177,15,241.171875,728.75
1780761523.170177,15,242.515625,720.25
1780761523.170177,15,243.75,712.25
1780761523.170177,15,245.125,704.25
1780761523.170177,15,246.59375,697.75
1780761523.170177,15,250.3125,484.0
1780761523.170177,15,251.390625,482.25
1780761523.170177,15,252.75,479.75
1780761523.170177,15,254.4375,476.75
1780761523.170177,15,255.640625,474.25
1780761523.170177,15,257.09375,472.25
1780761523.170177,15,258.5625,470.5
1780761523.170177,15,259.6875,469.5
1780761523.170177,15,261.0625,468.75
1780761523.170177,15,262.3125,468.5
1780761523.170177,15,263.609375,470.0
1780761523.170177,15,265.03125,470.25
1780761523.170177,15,266.359375,470.25
1780761523.170177,15,267.796875,471.75
1780761523.170177,15,270.96875,645.25
1780761523.170177,15,272.390625,645.75
1780761523.170177,15,273.671875,646.5
1780761523.170177,15,275.015625,647.5
1780761523.170177,15,276.15625,649.25
1780761523.170177,15,277.5,651.75
1780761523.170177,15,278.921875,654.25
1780761523.170177,15,280.296875,657.5
1780761523.170177,15,281.640625,661.25
1780761523.170177,15,282.8125,664.5
1780761523.170177,15,284.28125,669.0
1780761523.170177,15,285.5,673.75
1780761523.170177,15,286.796875,678.5
1780761523.170177,15,288.1875,684.0
1780761523.170177,15,289.5,690.0
1780761523.170177,15,290.875,695.75
1780761523.170177,15,292.09375,703.0
1780761523.170177,15,293.484375,711.75
1780761523.170177,15,294.78125,720.0
1780761523.170177,15,295.984375,727.0
1780761523.170177,15,297.40625,734.0
1780761523.170177,15,298.625,743.5
1780761523.170177,15,299.953125,755.0
1780761523.170177,15,301.3125,766.25
1780761523.170177,15,302.65625,776.5
1780761523.170177,15,303.984375,789.25
1780761523.170177,15,305.21875,803.25
1780761523.170177,15,306.59375,817.0
1780761523.170177,15,307.90625,832.0
1780761523.170177,15,309.15625,850.25
1780761523.170177,15,310.515625,867.75
1780761523.170177,15,311.765625,885.25
1780761523.170177,15,313.109375,906.0
1780761523.170177,15,314.359375,924.5
1780761523.170177,15,315.734375,937.75
1780761523.170177,15,317.03125,943.5
1780761523.170177,15,321.828125,1458.5
1780761523.170177,15,323.3125,1434.75
1780761523.170177,15,324.671875,1418.25
1780761523.170177,15,325.984375,1408.25
1780761523.170177,15,328.765625,1360.5
1780761523.170177,15,330.078125,1351.25
1780761523.170177,15,331.40625,1338.0
1780761523.170177,15,332.78125,1332.0
1780761523.170177,15,336.71875,1460.0
1780761523.170177,15,338.078125,1457.75
1780761523.170177,15,340.671875,1548.5
1780761523.170177,15,342.078125,1540.0
1780761523.170177,7,343.390625,1529.75
1780761523.170177,15,346.15625,1464.5
1780761523.170177,15,347.4375,1482.0
1780761523.170177,15,348.78125,1477.25
1780761523.170177,15,350.125,1475.75
1780761523.3074145,15,351.46875,1475.0
1780761523.3074145,15,352.84375,1473.5
1780761523.3074145,15,355.765625,1153.25
1780761523.3074145,15,357.125,1152.75
1780761523.3074145,10,358.46875,1156.25
1780761523.3074145,15,359.828125,1152.0
1780761523.3074145,15,1.171875,1152.5
1780761523.3074145,15,2.53125,1161.25
1780761523.3074145,15,5.140625,1165.5
1780761523.3074145,9,6.546875,1164.0
1780761523.3074145,15,7.796875,1174.0
1780761523.3074145,15,9.21875,1181.25
1780761523.3074145,15,10.546875,1181.75
1780761523.3074145,15,11.84375,1187.0
1780761523.3074145,15,16.9375,1548.5
1780761523.3074145,15,18.296875,1568.75
1780761523.3074145,15,26.359375,1579.5
1780761523.3074145,15,27.671875,1568.0
1780761523.3074145,15,29.03125,1565.75
1780761523.3074145,15,32.015625,1254.75
1780761523.3074145,15,36.125,1137.25
1780761523.3074145,15,40.359375,1035.25
1780761523.3074145,15,41.6875,1020.0
1780761523.3074145,15,45.703125,1008.0
1780761523.3074145,15,50.734375,1332.75
1780761523.3074145,15,52.140625,1338.5
1780761523.3074145,15,70.03125,518.75
1780761523.3074145,15,71.34375,529.25
1780761523.3074145,15,72.59375,540.25
1780761523.3074145,15,73.921875,552.5
1780761523.3074145,15,75.1875,565.5
1780761523.3074145,15,76.4375,579.0
1780761523.3074145,15,77.796875,594.0
1780761523.3074145,15,79.0,609.0
1780761523.3074145,15,80.328125,625.5
1780761523.3074145,15,81.453125,643.75
1780761523.3074145,15,87.0,1474.75
1780761523.3074145,15,88.359375,1474.0
1780761523.3074145,15,89.734375,1466.5
1780761523.3074145,15,91.078125,1467.75
1780761523.3074145,15,92.375,1475.75
1780761523.3074145,15,93.765625,1477.75
1780761523.3074145,15,95.0625,1481.0
1780761523.3074145,15,96.40625,1482.25
1780761523.3074145,15,97.78125,1484.0
1780761523.3074145,8,99.09375,1490.75
1780761523.3074145,7,100.390625,1512.5
1780761523.3074145,8,101.765625,1529.5
1780761523.3074145,15,103.125,1538.5
1780761523.3074145,15,104.453125,1547.25
1780761523.3074145,15,105.765625,1548.25
1780761523.3074145,7,107.140625,1550.5
1780761523.3074145,15,108.421875,1570.0
1780761523.3074145,15,109.765625,1589.0
1780761523.3074145,15,111.09375,1590.25
1780761523.3074145,15,112.46875,1593.75
1780761523.3074145,15,113.765625,1613.75
1780761523.3074145,15,115.140625,1640.75
1780761523.3074145,15,126.6875,834.0
1780761523.3074145,15,128.015625,832.75
1780761523.3074145,15,129.453125,831.0
1780761523.3074145,15,162.265625,1575.5
1780761523.3074145,15,163.640625,1543.5
1780761523.3074145,15,164.9375,1534.0
1780761523.3074145,15,166.28125,1535.25
1780761523.3074145,15,167.65625,1530.0
1780761523.3074145,15,169.0625,1511.0
1780761523.3074145,15,170.390625,1496.25
1780761523.3074145,15,171.71875,1495.25
1780761523.3074145,15,173.078125,1496.25
1780761523.3074145,15,174.4375,1496.75
1780761523.3074145,15,175.78125,1493.0
1780761523.3074145,15,177.109375,1491.0
1780761523.3074145,13,178.4375,1488.0
1780761523.3074145,15,179.8125,1488.25
1780761523.3074145,13,181.15625,1481.0
1780761523.3074145,15,182.46875,1480.5
1780761523.3074145,15,183.8125,1486.5
1780761523.3074145,15,185.15625,1487.25
1780761523.3074145,14,186.46875,1489.25
1780761523.3074145,15,187.84375,1484.5
1780761523.3074145,15,189.15625,1505.0
1780761523.3074145,15,190.5,1538.75
1780761523.3074145,15,199.796875,1794.5
1780761523.3074145,15,206.78125,1322.0
1780761523.3074145,15,211.03125,1182.25
1780761523.3074145,15,212.34375,1151.5
1780761523.3074145,15,216.53125,1032.5
1780761523.3074145,15,217.9375,1006.5
1780761523.3074145,15,219.265625,982.75
1780761523.3074145,15,220.6875,957.25
1780761523.3074145,15,222.03125,934.75
1780761523.3074145,15,223.4375,913.75
1780761523.3074145,15,224.90625,893.0
1780761523.3074145,15,226.171875,873.25
1780761523.3074145,15,227.65625,856.5
1780761523.3074145,15,229.078125,839.5
1780761523.3074145,15,230.421875,821.5
1780761523.3074145,15,231.8125,807.0
1780761523.3074145,15,233.3125,793.0
1780761523.3074145,15,234.609375,779.5
1780761523.3074145,15,236.015625,766.75
1780761523.3074145,15,237.328125,754.75
1780761523.3074145,15,238.828125,744.5
1780761523.3074145,15,240.09375,734.75
1780761523.3074145,15,241.46875,725.5
1780761523.3074145,15,242.953125,717.0
1780761523.3074145,15,244.234375,709.25
1780761523.3074145,15,245.703125,702.0
1780761523.3074145,15,247.109375,694.0
1780761523.3074145,15,248.375,687.25
1780761523.3074145,15,249.8125,681.5
1780761523.3074145,15,251.1875,676.25
1780761523.3074145,15,254.578125,472.0
1780761523.3074145,15,256.015625,471.0
1780761523.3074145,15,257.546875,469.0
1780761523.3074145,15,258.78125,467.25
1780761523.3074145,15,260.28125,465.75
1780761523.3074145,15,261.375,464.75
1780761523.3074145,15,262.953125,463.0
1780761523.3074145,15,264.0,464.25
1780761523.3074145,15,265.359375,466.5
1780761523.3074145,15,266.984375,465.25
1780761523.3074145,15,268.375,465.0
1780761523.3074145,15,269.65625,466.5
1780761523.3074145,15,270.921875,468.0
1780761523.3074145,15,272.203125,470.0
1780761523.3074145,15,275.4375,647.25
1780761523.3074145,15,276.625,649.25
1780761523.3074145,15,277.953125,650.75
1780761523.3074145,15,279.34375,654.0
1780761523.3074145,15,280.703125,657.0
1780761523.3074145,15,282.078125,660.25
1780761523.3074145,15,283.375,664.0
1780761523.3074145,15,284.640625,669.0
1780761523.3074145,15,285.96875,674.75
1780761523.3074145,15,287.34375,679.5
1780761523.3074145,15,288.625,685.0
1780761523.3074145,15,289.9375,691.0
1780761523.3074145,15,291.1875,696.75
1780761523.3074145,15,292.5625,703.5
1780761523.3074145,15,293.828125,711.75
1780761523.3074145,15,295.234375,720.0
1780761523.3074145,15,296.5625,729.75
1780761523.3074145,15,297.921875,737.75
1780761523.3074145,15,299.203125,745.5
1780761523.3074145,15,300.59375,756.0
1780761523.3074145,15,301.84375,768.5
1780761523.3074145,15,303.0625,780.75
1780761523.3074145,15,304.5,792.75
1780761523.3074145,15,305.765625,806.5
1780761523.3074145,15,307.046875,821.0
1780761523.3074145,15,308.375,836.5
1780761523.3074145,15,309.625,853.75
1780761523.3074145,15,311.0,871.5
1780761523.3074145,15,312.359375,890.0
1780761523.3074145,15,313.59375,909.5
1780761523.3074145,15,314.875,928.0
1780761523.3074145,15,316.203125,950.0
1780761523.3074145,15,317.53125,973.0
1780761523.3074145,15,318.953125,977.5
1780761523.3074145,15,323.859375,1475.0
1780761523.3074145,15,325.203125,1442.75
1780761523.3074145,15,326.53125,1425.75
1780761523.3074145,15,327.921875,1416.0
1780761523.3074145,15,329.25,1394.75
1780761523.3074145,15,330.609375,1372.0
1780761523.3074145,15,331.953125,1361.25
1780761523.3074145,15,333.328125,1339.75
1780761523.3074145,15,337.265625,1511.5
1780761523.3074145,15,338.625,1487.5
1780761523.3074145,15,342.625,1569.0
1780761523.3074145,15,344.0,1549.0
1780761523.3074145,15,345.328125,1548.0
1780761523.3074145,15,346.671875,1547.0
1780761523.3074145,15,347.953125,1546.25
1780761523.3074145,15,349.34375,1530.75
1780761523.3074145,12,350.703125,1511.5
1780761523.442268,11,352.015625,1504.75
1780761523.442268,15,355.0,1187.25
1780761523.442268,15,356.28125,1192.5
1780761523.442268,15,357.65625,1192.5
1780761523.442268,15,358.96875,1192.25
1780761523.442268,15,0.3125,1192.0
1780761523.442268,15,1.65625,1192.25
1780761523.442268,15,3.0,1197.0
1780761523.442268,15,5.703125,1202.25
1780761523.442268,15,7.046875,1207.5
1780761523.442268,15,8.390625,1208.75
1780761523.442268,15,9.765625,1209.75
1780761523.442268,15,11.125,1211.0
1780761523.442268,15,16.15625,1570.5
1780761523.442268,15,17.4375,1589.75
1780761523.442268,15,26.90625,1586.25
1780761523.442268,15,28.234375,1581.0
1780761523.442268,15,32.5625,1226.25
1780761523.442268,15,33.859375,1191.25
1780761523.442268,15,35.4375,1158.75
1780761523.442268,15,43.625,1018.5
1780761523.442268,15,51.4375,1345.75
1780761523.442268,15,52.734375,1331.75
1780761523.442268,15,66.40625,532.0
1780761523.442268,15,67.78125,544.25
1780761523.442268,15,69.15625,554.25
1780761523.442268,15,70.3125,565.25
1780761523.442268,15,71.703125,576.75
1780761523.442268,15,72.96875,589.25
1780761523.442268,15,74.203125,601.75
1780761523.442268,15,75.546875,615.75
1780761523.442268,15,76.796875,630.75
1780761523.442268,15,78.09375,647.25
1780761523.442268,15,79.328125,665.0
1780761523.442268,15,86.1875,1476.0
1780761523.442268,15,87.515625,1475.25
1780761523.442268,15,88.890625,1474.75
1780761523.442268,15,90.25,1467.5
1780761523.442268,15,91.609375,1469.25
1780761523.442268,15,92.9375,1478.0
1780761523.442268,15,94.265625,1479.0
1780761523.442268,15,95.609375,1486.0
1780761523.442268,15,96.96875,1493.0
1780761523.442268,9,98.28125,1495.0
1780761523.442268,7,99.59375,1512.5
1780761523.442268,8,100.921875,1528.5
1780761523.442268,15,102.265625,1529.75
1780761523.442268,15,103.625,1539.0
1780761523.442268,15,104.953125,1548.0
1780761523.442268,15,106.296875,1549.75
1780761523.442268,15,107.640625,1551.0
1780761523.442268,15,109.0,1570.0
1780761523.442268,15,110.359375,1589.75
1780761523.442268,15,111.71875,1592.75
1780761523.442268,15,114.359375,1649.75
1780761523.442268,15,115.703125,1661.5
1780761523.442268,15,124.578125,811.0
1780761523.442268,15,125.96875,809.0
1780761523.442268,15,127.359375,808.0
1780761523.442268,15,160.15625,1672.5
1780761523.442268,15,162.953125,1505.25
1780761523.442268,15,164.3125,1493.5
1780761523.442268,15,165.65625,1491.5
1780761523.442268,15,167.03125,1491.25
1780761523.442268,15,168.390625,1482.75
1780761523.442268,15,169.703125,1473.0
1780761523.442268,15,171.046875,1467.75
1780761523.442268,15,172.4375,1461.25
1780761523.442268,15,173.75,1465.75
1780761523.442268,15,175.140625,1468.5
1780761523.442268,15,176.484375,1462.0
1780761523.442268,15,177.8125,1453.75
1780761523.442268,15,179.09375,1448.0
1780761523.442268,15,180.5,1445.75
1780761523.442268,15,181.8125,1447.5
1780761523.442268,15,183.140625,1457.5
1780761523.442268,15,184.53125,1459.75
1780761523.442268,15,185.875,1441.25
1780761523.442268,15,187.21875,1437.0
1780761523.442268,15,188.546875,1455.75
1780761523.442268,15,189.890625,1482.5
1780761523.442268,15,206.140625,1333.0
1780761523.442268,15,208.921875,1249.5
1780761523.442268,15,211.6875,1161.0
1780761523.442268,15,213.109375,1130.25
1780761523.442268,15,215.84375,1053.0
1780761523.442268,15,218.703125,991.25
1780761523.442268,10,220.078125,965.5
1780761523.442268,15,221.390625,943.0
1780761523.442268,15,222.78125,923.0
1780761523.442268,15,224.21875,903.5
1780761523.442268,15,225.640625,880.25
1780761523.442268,15,226.984375,862.25
1780761523.442268,15,228.28125,847.0
1780761523.442268,15,229.671875,828.0
1780761523.442268,15,231.140625,811.5
1780761523.442268,15,232.390625,798.0
1780761523.442268,15,233.921875,783.75
1780761523.442268,15,235.296875,770.75
1780761523.442268,15,236.65625,758.75
1780761523.442268,15,238.03125,747.5
1780761523.442268,15,239.3125,737.5
1780761523.442268,15,240.796875,729.75
1780761523.442268,15,242.15625,721.25
1780761523.442268,15,243.4375,712.0
1780761523.442268,15,244.890625,704.0
1780761523.442268,15,246.1875,696.75
1780761523.442268,15,247.53125,690.25
1780761523.442268,15,248.875,684.0
1780761523.442268,15,250.328125,677.75
1780761523.442268,15,251.6875,672.25
1780761523.442268,15,253.0625,667.0
1780761523.442268,15,254.21875,662.25
1780761523.442268,15,255.75,658.5
1780761523.442268,15,259.375,463.0
1780761523.442268,15,260.515625,461.5
1780761523.442268,15,262.03125,461.0
1780761523.442268,15,263.53125,461.0
1780761523.442268,15,264.796875,461.75
1780761523.442268,15,265.953125,466.0
1780761523.442268,15,267.390625,465.5
1780761523.442268,15,268.859375,461.5
1780761523.442268,15,270.0625,462.0
1780761523.442268,15,271.421875,463.5
1780761523.442268,15,272.75,465.0
1780761523.442268,15,274.21875,466.75
1780761523.442268,15,275.25,469.5
1780761523.442268,15,276.84375,473.0
1780761523.442268,15,279.78125,653.25
1780761523.442268,15,281.203125,656.5
1780761523.442268,15,282.359375,660.0
1780761523.442268,15,283.734375,664.5
1780761523.442268,15,284.984375,669.5
1780761523.442268,15,286.484375,674.5
1780761523.442268,15,287.71875,679.5
1780761523.442268,15,289.109375,686.5
1780761523.442268,15,290.3125,692.75
1780761523.442268,15,291.71875,698.25
1780761523.442268,15,292.984375,705.75
1780761523.442268,15,294.40625,713.25
1780761523.442268,15,295.65625,721.0
1780761523.442268,15,296.9375,730.0
1780761523.442268,15,298.28125,739.75
1780761523.442268,15,299.515625,749.25
1780761523.442268,15,301.0,758.5
1780761523.442268,15,302.28125,770.25
1780761523.442268,15,303.546875,783.0
1780761523.442268,15,304.96875,797.25
1780761523.442268,15,306.296875,811.0
1780761523.442268,15,307.5,825.5
1780761523.442268,15,308.9375,843.0
1780761523.442268,15,310.125,860.0
1780761523.442268,15,311.46875,877.75
1780761523.442268,15,312.75,896.75
1780761523.442268,15,314.078125,915.25
1780761523.442268,15,315.46875,935.75
1780761523.442268,15,316.71875,956.0
1780761523.442268,15,318.0,979.0
1780761523.442268,15,319.375,994.5
1780761523.442268,15,320.703125,1006.0
1780761523.442268,15,322.890625,1548.75
1780761523.442268,15,325.625,1451.5
1780761523.442268,15,326.984375,1451.25
1780761523.442268,15,328.328125,1435.0
1780761523.442268,15,329.71875,1419.0
1780761523.442268,15,331.0625,1409.5
1780761523.442268,15,332.375,1408.0
1780761523.442268,7,333.765625,1393.75
1780761523.442268,15,339.046875,1539.5
1780761523.442268,15,343.046875,1592.0
1780761523.442268,15,344.4375,1580.25
1780761523.442268,15,345.75,1570.75
1780761523.442268,15,347.0625,1560.5
1780761523.442268,15,348.4375,1550.0
1780761523.442268,15,349.75,1549.5
1780761523.442268,15,351.109375,1549.0
1780761523.5793169,15,352.453125,1548.75
1780761523.5793169,15,355.40625,1236.5
1780761523.5793169,15,356.703125,1241.25
1780761523.5793169,15,358.09375,1241.25
1780761523.5793169,15,359.421875,1241.25
1780761523.5793169,15,0.75,1233.25
1780761523.5793169,15,2.09375,1228.25
1780761523.5793169,15,4.828125,1236.75
1780761523.5793169,15,6.125,1242.25
1780761523.5793169,15,7.5,1242.5
1780761523.5793169,15,8.84375,1243.0
1780761523.5793169,15,10.1875,1243.75
1780761523.5793169,15,15.234375,1591.25
1780761523.5793169,15,16.609375,1595.25
1780761523.5793169,15,26.0,1626.25
1780761523.5793169,15,27.296875,1615.75
1780761523.5793169,15,35.84375,1145.75
1780761523.5793169,15,37.15625,1124.25
1780761523.5793169,15,42.65625,1049.75
1780761523.5793169,15,50.421875,1356.0
1780761523.5793169,15,51.78125,1346.25
1780761523.5793169,15,62.828125,551.0
1780761523.5793169,15,63.953125,558.25
1780761523.5793169,15,65.359375,566.75
1780761523.5793169,15,66.71875,576.75
1780761523.5793169,15,68.015625,587.25
1780761523.5793169,15,69.3125,598.25
1780761523.5793169,15,70.5,609.5
1780761523.5793169,15,71.84375,622.5
1780761523.5793169,15,73.015625,636.5
1780761523.5793169,15,74.328125,650.0
1780761523.5793169,15,75.65625,665.5
1780761523.5793169,15,81.265625,1487.5
1780761523.5793169,15,82.578125,1481.0
1780761523.5793169,15,83.921875,1479.5
1780761523.5793169,15,85.234375,1477.0
1780761523.5793169,15,86.59375,1476.25
1780761523.5793169,15,87.90625,1478.0
1780761523.5793169,15,89.265625,1478.25
1780761523.5793169,15,90.59375,1478.25
1780761523.5793169,15,91.96875,1478.0
1780761523.5793169,15,93.296875,1477.75
1780761523.5793169,15,94.65625,1479.25
1780761523.5793169,15,95.96875,1486.5
1780761523.5793169,8,99.9375,1512.25
1780761523.5793169,5,101.296875,1529.0
1780761523.5793169,15,102.65625,1530.0
1780761523.5793169,15,103.96875,1530.75
1780761523.5793169,15,105.296875,1539.75
1780761523.5793169,15,106.671875,1549.25
1780761523.5793169,15,107.96875,1560.5
1780761523.5793169,15,109.28125,1580.0
1780761523.5793169,15,110.65625,1589.75
1780761523.5793169,15,111.953125,1600.75
1780761523.5793169,15,113.3125,1620.75
1780761523.5793169,15,114.625,1650.5
1780761523.5793169,15,122.25,791.0
1780761523.5793169,15,123.640625,788.75
1780761523.5793169,15,125.0625,787.25
1780761523.5793169,15,126.328125,792.75
1780761523.5793169,15,157.40625,1861.5
1780761523.5793169,15,162.890625,1455.75
1780761523.5793169,15,164.28125,1464.5
1780761523.5793169,15,165.609375,1472.0
1780761523.5793169,15,166.921875,1468.0
1780761523.5793169,15,168.34375,1441.25
1780761523.5793169,15,169.671875,1428.75
1780761523.5793169,15,170.96875,1428.5
1780761523.5793169,15,172.328125,1431.0
1780761523.5793169,15,173.65625,1427.75
1780761523.5793169,15,174.984375,1415.75
1780761523.5793169,15,176.359375,1413.0
1780761523.5793169,15,177.65625,1410.0
1780761523.5793169,15,179.078125,1411.5
1780761523.5793169,15,180.359375,1413.0
1780761523.5793169,15,181.734375,1412.0
1780761523.5793169,15,183.09375,1413.5
1780761523.5793169,15,184.453125,1406.0
1780761523.5793169,15,185.796875,1392.75
1780761523.5793169,15,187.0625,1398.0
1780761523.5793169,15,188.4375,1411.75
1780761523.5793169,15,189.703125,1432.0
1780761523.5793169,15,200.25,1725.25
1780761523.5793169,15,208.765625,1249.25
1780761523.5793169,15,211.53125,1160.75
1780761523.5793169,15,215.65625,1043.0
1780761523.5793169,15,217.15625,1017.5
1780761523.5793169,15,218.53125,990.0
1780761523.5793169,12,219.859375,965.0
1780761523.5793169,15,221.25,942.5
1780761523.5793169,15,222.625,922.75
1780761523.5793169,15,223.9375,902.0
1780761523.5793169,15,225.328125,878.75
1780761523.5793169,15,226.765625,861.0
1780761523.5793169,15,228.09375,845.0
1780761523.5793169,15,229.484375,827.0
1780761523.5793169,15,230.90625,811.0
1780761523.5793169,15,232.3125,797.0
1780761523.5793169,15,233.59375,783.5
1780761523.5793169,15,235.109375,771.75
1780761523.5793169,15,236.453125,759.25
1780761523.5793169,15,237.71875,747.75
1780761523.5793169,15,239.1875,737.5
1780761523.5793169,15,240.484375,728.5
1780761523.5793169,15,241.828125,720.0
1780761523.5793169,15,243.25,712.0
1780761523.5793169,15,244.65625,703.75
1780761523.5793169,15,245.90625,696.0
1780761523.5793169,15,247.4375,689.5
1780761523.5793169,15,248.65625,683.25
1780761523.5793169,15,250.015625,678.0
1780761523.5793169,15,251.515625,672.75
1780761523.5793169,15,252.734375,666.5
1780761523.5793169,15,254.078125,661.75
1780761523.5793169,15,255.515625,658.0
1780761523.5793169,15,256.96875,654.25
1780761523.5793169,15,258.28125,651.5
1780761523.5793169,15,259.671875,648.75
1780761523.5793169,15,263.40625,455.5
1780761523.5793169,15,264.6875,462.25
1780761523.5793169,15,265.75,463.25
1780761523.5793169,15,267.4375,461.5
1780761523.5793169,15,268.59375,461.25
1780761523.5793169,15,269.828125,459.75
1780761523.5793169,15,271.21875,459.5
1780761523.5793169,15,272.53125,461.25
1780761523.5793169,15,274.0,462.75
1780761523.5793169,15,275.34375,464.5
1780761523.5793169,15,276.453125,466.5
1780761523.5793169,15,277.703125,469.25
1780761523.5793169,15,278.9375,473.0
1780761523.5793169,15,280.453125,477.0
1780761523.5793169,15,283.53125,663.25
1780761523.5793169,15,284.828125,668.25
1780761523.5793169,15,286.234375,673.25
1780761523.5793169,15,287.578125,678.0
1780761523.5793169,15,288.75,683.25
1780761523.5793169,15,290.046875,690.0
1780761523.5793169,15,291.53125,696.0
1780761523.5793169,15,292.84375,703.25
1780761523.5793169,15,294.078125,711.5
1780761523.5793169,15,295.390625,719.75
1780761523.5793169,15,296.703125,728.0
1780761523.5793169,15,298.0,736.5
1780761523.5793169,15,299.328125,746.25
1780761523.5793169,15,300.90625,757.25
1780761523.5793169,15,302.0625,768.75
1780761523.5793169,15,303.421875,780.0
1780761523.5793169,15,304.734375,793.25
1780761523.5793169,15,306.078125,807.0
1780761523.5793169,15,307.359375,821.5
1780761523.5793169,15,308.734375,837.75
1780761523.5793169,15,310.078125,854.25
1780761523.5793169,15,311.328125,872.5
1780761523.5793169,15,312.671875,891.5
1780761523.5793169,15,313.953125,912.25
1780761523.5793169,15,315.296875,931.0
1780761523.5793169,15,316.5625,950.75
1780761523.5793169,15,317.84375,973.0
1780761523.5793169,8,319.21875,997.25
1780761523.5793169,15,320.546875,1019.25
1780761523.5793169,15,321.921875,1027.0
1780761523.5793169,15,324.140625,1568.25
1780761523.5793169,15,325.46875,1548.25
1780761523.5793169,15,328.21875,1460.25
1780761523.5793169,15,329.53125,1466.5
1780761523.5793169,15,330.9375,1449.5
1780761523.5793169,15,332.25,1434.25
1780761523.5793169,15,333.65625,1418.5
1780761523.5793169,15,334.984375,1418.5
1780761523.5793169,15,342.953125,1646.0
1780761523.5793169,15,344.296875,1608.5
1780761523.5793169,15,345.640625,1593.75
1780761523.5793169,15,346.921875,1591.25
1780761523.5793169,15,348.265625,1590.75
1780761523.5793169,15,349.625,1590.0
1780761523.5793169,15,350.953125,1589.25
1780761523.7172573,15,352.28125,1588.75
1780761523.7172573,15,353.609375,1580.0
1780761523.7172573,7,356.5625,1246.25
1780761523.7172573,15,357.859375,1245.75
1780761523.7172573,7,359.265625,1245.5
1780761523.7172573,6,0.546875,1246.0
1780761523.7172573,8,3.25,1248.0
1780761523.7172573,15,4.59375,1253.0
1780761523.7172573,15,5.953125,1254.5
1780761523.7172573,15,7.265625,1254.25
1780761523.7172573,15,8.609375,1258.5
1780761523.7172573,15,9.984375,1257.5
1780761523.7172573,15,11.296875,1257.25
1780761523.7172573,15,16.421875,1650.75
1780761523.7172573,4,17.734375,1674.25
1780761523.7172573,15,27.15625,1639.75
1780761523.7172573,15,30.046875,1320.0
1780761523.7172573,15,32.90625,1226.5
1780761523.7172573,15,34.265625,1193.0
1780761523.7172573,15,35.625,1160.5
1780761523.7172573,15,47.453125,1418.75
1780761523.7172573,6,48.8125,1406.75
1780761523.7172573,15,59.859375,568.25
1780761523.7172573,15,60.90625,579.5
1780761523.7172573,15,62.265625,586.5
1780761523.7172573,15,63.6875,595.25
1780761523.7172573,15,65.0,604.5
1780761523.7172573,15,66.203125,614.25
1780761523.7172573,15,67.421875,626.75
1780761523.7172573,15,68.796875,638.25
1780761523.7172573,15,70.1875,649.25
1780761523.7172573,15,71.375,663.25
1780761523.7172573,15,72.609375,678.75
1780761523.7172573,8,78.21875,1512.5
1780761523.7172573,15,79.5625,1495.0
1780761523.7172573,15,80.875,1489.25
1780761523.7172573,15,82.265625,1488.5
1780761523.7172573,15,83.546875,1486.0
1780761523.7172573,15,84.921875,1478.25
1780761523.7172573,15,86.3125,1476.25
1780761523.7172573,15,87.5625,1475.75
1780761523.7172573,15,88.9375,1476.0
1780761523.7172573,15,90.25,1478.0
1780761523.7172573,15,91.609375,1480.0
1780761523.7172573,15,92.984375,1479.5
1780761523.7172573,15,94.28125,1479.5
1780761523.7172573,15,95.609375,1482.5
1780761523.7172573,15,96.953125,1489.25
1780761523.7172573,9,98.3125,1494.25
1780761523.7172573,7,99.625,1511.75
1780761523.7172573,7,100.921875,1528.75
1780761523.7172573,15,102.265625,1529.75
1780761523.7172573,15,103.640625,1539.0
1780761523.7172573,15,104.9375,1548.0
1780761523.7172573,15,106.296875,1549.5
1780761523.7172573,15,107.671875,1560.75
1780761523.7172573,15,109.03125,1578.75
1780761523.7172573,15,110.34375,1588.5
1780761523.7172573,15,111.703125,1591.25
1780761523.7172573,15,119.34375,774.75
1780761523.7172573,15,120.671875,772.0
1780761523.7172573,15,122.015625,769.5
1780761523.7172573,15,123.46875,766.5
1780761523.7172573,15,149.25,1629.0
1780761523.7172573,15,150.578125,1629.25
1780761523.7172573,15,157.125,1845.25
1780761523.7172573,15,162.71875,1421.25
1780761523.7172573,15,164.078125,1432.0
1780761523.7172573,15,165.40625,1446.5
1780761523.7172573,15,168.09375,1406.25
1780761523.7172573,15,169.46875,1405.75
1780761523.7172573,15,170.828125,1404.25
1780761523.7172573,15,172.140625,1397.75
1780761523.7172573,15,173.4375,1399.5
1780761523.7172573,15,174.8125,1387.5
1780761523.7172573,15,176.15625,1373.25
1780761523.7172573,15,177.515625,1383.5
1780761523.7172573,15,178.859375,1389.5
1780761523.7172573,15,180.203125,1372.0
1780761523.7172573,15,181.53125,1373.0
1780761523.7172573,15,182.921875,1377.25
1780761523.7172573,15,184.25,1375.75
1780761523.7172573,15,185.5,1383.75
1780761523.7172573,15,186.875,1371.0
1780761523.7172573,15,188.21875,1364.25
1780761523.7172573,15,189.5625,1392.5
1780761523.7172573,15,190.875,1426.5
1780761523.7172573,15,210.015625,1214.0
1780761523.7172573,15,212.796875,1131.25
1780761523.7172573,15,216.984375,1019.75
1780761523.7172573,15,218.28125,994.25
1780761523.7172573,15,219.75,969.0
1780761523.7172573,15,221.171875,944.0
1780761523.7172573,15,222.40625,924.75
1780761523.7172573,15,223.796875,905.75
1780761523.7172573,15,225.203125,882.75
1780761523.7172573,15,226.671875,863.75
1780761523.7172573,15,227.984375,843.75
1780761523.7172573,15,229.390625,825.5
1780761523.7172573,15,230.71875,811.25
1780761523.7172573,15,232.125,798.0
1780761523.7172573,15,233.453125,784.0
1780761523.7172573,15,234.875,771.25
1780761523.7172573,15,236.296875,758.0
1780761523.7172573,15,237.65625,746.25
1780761523.7172573,15,238.9375,737.0
1780761523.7172573,15,240.234375,728.0
1780761523.7172573,15,241.671875,719.25
1780761523.7172573,15,243.0,710.75
1780761523.7172573,15,244.5,702.0
1780761523.7172573,15,245.734375,693.75
1780761523.7172573,15,247.15625,687.5
1780761523.7172573,15,248.46875,681.0
1780761523.7172573,15,249.953125,675.25
1780761523.7172573,15,251.3125,670.25
1780761523.7172573,15,252.546875,664.5
1780761523.7172573,15,253.984375,659.75
1780761523.7172573,15,255.359375,655.75
1780761523.7172573,15,256.71875,651.75
1780761523.7172573,15,257.984375,649.0
1780761523.7172573,15,259.265625,646.75
1780761523.7172573,15,260.78125,644.25
1780761523.7172573,15,261.96875,642.5
1780761523.7172573,15,268.265625,453.25
1780761523.7172573,15,269.59375,454.25
1780761523.7172573,15,271.203125,455.0
1780761523.7172573,15,272.34375,455.75
1780761523.7172573,15,273.609375,457.25
1780761523.7172573,15,274.890625,459.25
1780761523.7172573,15,276.375,461.0
1780761523.7172573,15,277.84375,463.0
1780761523.7172573,15,279.140625,465.5
1780761523.7172573,15,280.34375,468.75
1780761523.7172573,15,281.53125,472.25
1780761523.7172573,15,282.75,476.5
1780761523.7172573,15,284.3125,481.0
1780761523.7172573,15,285.40625,487.25
1780761523.7172573,15,287.265625,672.0
1780761523.7172573,15,288.734375,680.25
1780761523.7172573,15,289.96875,685.75
1780761523.7172573,15,291.359375,692.25
1780761523.7172573,15,292.625,701.5
1780761523.7172573,15,293.890625,709.75
1780761523.7172573,15,295.296875,716.5
1780761523.7172573,15,296.515625,725.75
1780761523.7172573,15,297.8125,735.25
1780761523.7172573,15,299.125,745.0
1780761523.7172573,15,300.46875,755.5
1780761523.7172573,15,301.75,765.5
1780761523.7172573,15,303.0625,778.0
1780761523.7172573,15,304.5,789.75
1780761523.7172573,15,305.671875,801.75
1780761523.7172573,15,306.984375,816.5
1780761523.7172573,15,308.296875,832.0
1780761523.7172573,15,309.6875,849.0
1780761523.7172573,15,310.890625,866.5
1780761523.7172573,15,312.25,885.75
1780761523.7172573,15,313.53125,906.5
1780761523.7172573,15,314.8125,924.25
1780761523.7172573,11,316.21875,944.25
1780761523.7172573,15,317.421875,966.75
1780761523.7172573,15,318.765625,991.0
1780761523.7172573,15,327.765625,1540.0
1780761523.7172573,15,329.0625,1529.75
1780761523.7172573,15,331.8125,1467.5
1780761523.7172573,15,333.140625,1450.75
1780761523.7172573,15,334.484375,1434.5
1780761523.7172573,15,335.84375,1435.0
1780761523.7172573,15,339.78125,1591.75
1780761523.7172573,15,343.78125,1672.5
1780761523.7172573,15,345.125,1671.25
1780761523.7172573,15,346.4375,1660.5
1780761523.7172573,15,347.8125,1639.5
1780761523.7172573,15,349.15625,1629.25
1780761523.7172573,15,350.5,1619.75
1780761523.854469,15,351.828125,1610.5
1780761523.854469,15,353.1875,1610.5
1780761523.854469,1,356.078125,1280.75
1780761523.854469,1,357.40625,1293.75
1780761523.854469,1,358.765625,1300.0
1780761523.854469,1,0.15625,1306.25
1780761523.854469,15,1.46875,1313.0
1780761523.854469,15,5.5,1319.75
1780761523.854469,15,6.84375,1319.75
1780761523.854469,15,8.171875,1325.75
1780761523.854469,15,9.53125,1332.0
1780761523.854469,15,10.8125,1332.25
1780761523.854469,15,16.03125,1686.25
1780761523.854469,15,29.734375,1321.25
1780761523.854469,15,32.484375,1243.5
1780761523.854469,15,36.625,1136.75
1780761523.854469,6,47.125,1426.0
1780761523.854469,15,48.484375,1416.0
1780761523.854469,15,56.703125,589.0
1780761523.854469,15,57.90625,598.5
1780761523.854469,15,59.203125,605.5
1780761523.854469,15,60.53125,613.5
1780761523.854469,15,61.8125,624.25
1780761523.854469,15,63.234375,634.25
1780761523.854469,15,64.375,643.25
1780761523.854469,15,65.859375,654.0
1780761523.854469,15,67.125,665.75
1780761523.854469,15,68.296875,677.75
1780761523.854469,15,69.734375,690.0
1780761523.854469,15,70.90625,704.5
1780761523.854469,15,75.21875,1539.25
1780761523.854469,8,76.59375,1529.75
1780761523.854469,10,77.9375,1528.5
1780761523.854469,9,79.3125,1512.25
1780761523.854469,8,80.640625,1491.75
1780761523.854469,15,81.953125,1485.25
1780761523.854469,15,83.296875,1482.5
1780761523.854469,15,84.65625,1480.5
1780761523.854469,15,85.96875,1480.0
1780761523.854469,15,87.3125,1479.5
1780761523.854469,15,88.65625,1478.75
1780761523.854469,15,89.984375,1471.0
1780761523.854469,15,91.390625,1472.25
1780761523.854469,15,92.6875,1487.25
1780761523.854469,15,94.03125,1488.0
1780761523.854469,15,95.390625,1484.25
1780761523.854469,15,96.6875,1490.25
1780761523.854469,10,98.0625,1496.0
1780761523.854469,15,99.328125,1513.25
1780761523.854469,7,100.703125,1529.5
1780761523.854469,15,102.0625,1529.75
1780761523.854469,15,103.34375,1538.75
1780761523.854469,15,104.71875,1547.75
1780761523.854469,15,106.015625,1548.25
1780761523.854469,15,107.390625,1560.0
1780761523.854469,15,108.6875,1580.25
1780761523.854469,15,110.046875,1590.0
1780761523.854469,15,111.40625,1591.25
1780761523.854469,15,117.734375,756.5
1780761523.854469,15,119.09375,752.5
1780761523.854469,15,120.546875,748.5
1780761523.854469,15,121.84375,750.5
1780761523.854469,15,147.421875,1619.5
1780761523.854469,15,148.734375,1590.75
1780761523.854469,15,153.953125,1833.0
1780761523.854469,15,155.34375,1807.75
1780761523.854469,15,156.65625,1795.5
1780761523.854469,15,160.90625,1393.75
1780761523.854469,15,162.234375,1394.25
1780761523.854469,15,163.59375,1406.0
1780761523.854469,15,164.90625,1393.0
1780761523.854469,15,166.265625,1389.0
1780761523.854469,15,167.5625,1373.75
1780761523.854469,15,168.921875,1360.75
1780761523.854469,15,170.265625,1362.5
1780761523.854469,15,171.578125,1358.5
1780761523.854469,15,172.953125,1361.75
1780761523.854469,15,174.28125,1356.5
1780761523.854469,15,175.59375,1344.5
1780761523.854469,15,176.9375,1337.75
1780761523.854469,15,178.328125,1335.0
1780761523.854469,15,179.6875,1332.5
1780761523.854469,15,181.03125,1332.5
1780761523.854469,15,182.3125,1335.0
1780761523.854469,15,183.65625,1339.75
1780761523.854469,15,185.015625,1341.25
1780761523.854469,11,186.265625,1352.75
1780761523.854469,15,187.703125,1349.25
1780761523.854469,13,188.984375,1349.0
1780761523.854469,15,190.328125,1378.5
1780761523.854469,15,191.5625,1409.75
1780761523.854469,15,204.625,2270.0
1780761523.854469,15,207.84375,1244.0
1780761523.854469,15,210.578125,1181.0
1780761523.854469,15,216.203125,1027.5
1780761523.854469,15,218.90625,972.5
1780761523.854469,15,220.3125,952.25
1780761523.854469,15,221.609375,930.25
1780761523.854469,15,222.96875,909.75
1780761523.854469,15,224.359375,889.5
1780761523.854469,15,225.75,868.75
1780761523.854469,15,227.203125,850.25
1780761523.854469,15,228.515625,832.25
1780761523.854469,15,229.84375,816.5
1780761523.854469,15,231.1875,801.75
1780761523.854469,15,232.703125,787.5
1780761523.854469,15,234.078125,774.25
1780761523.854469,15,235.4375,761.0
1780761523.854469,15,236.75,750.0
1780761523.854469,15,238.09375,739.75
1780761523.854469,15,239.390625,730.75
1780761523.854469,15,240.890625,722.25
1780761523.854469,15,242.125,713.25
1780761523.854469,15,243.609375,705.0
1780761523.854469,15,244.875,697.0
1780761523.854469,15,246.3125,689.75
1780761523.854469,15,247.625,682.75
1780761523.854469,15,248.953125,677.25
1780761523.854469,15,250.3125,671.5
1780761523.854469,15,251.8125,665.75
1780761523.854469,15,252.9375,661.0
1780761523.854469,15,254.375,656.75
1780761523.854469,15,255.71875,652.75
1780761523.854469,15,257.109375,649.5
1780761523.854469,15,258.359375,647.25
1780761523.854469,15,259.765625,645.0
1780761523.854469,15,261.15625,642.25
1780761523.854469,15,262.46875,640.75
1780761523.854469,15,263.828125,639.0
1780761523.854469,15,265.015625,636.75
1780761523.854469,15,269.078125,636.0
1780761523.854469,15,272.640625,452.75
1780761523.854469,15,274.078125,455.25
1780761523.854469,15,275.390625,457.25
1780761523.854469,15,276.875,459.0
1780761523.854469,15,278.09375,461.25
1780761523.854469,15,279.46875,463.5
1780761523.854469,15,280.671875,466.0
1780761523.854469,15,282.015625,468.5
1780761523.854469,15,283.21875,472.75
1780761523.854469,15,284.6875,477.5
1780761523.854469,15,285.75,482.0
1780761523.854469,15,287.234375,486.75
1780761523.854469,15,288.59375,492.0
1780761523.854469,15,291.640625,694.75
1780761523.854469,15,292.96875,702.5
1780761523.854469,15,294.296875,710.5
1780761523.854469,15,295.5,719.5
1780761523.854469,15,296.84375,727.5
1780761523.854469,15,298.125,735.0
1780761523.854469,15,299.40625,745.25
1780761523.854469,15,300.90625,756.5
1780761523.854469,15,302.140625,768.25
1780761523.854469,15,303.390625,779.75
1780761523.854469,15,304.78125,791.25
1780761523.854469,15,306.109375,804.25
1780761523.854469,15,307.28125,818.25
1780761523.854469,15,308.609375,834.25
1780761523.854469,15,310.0,853.25
1780761523.854469,15,311.3125,870.75
1780761523.854469,15,312.5625,888.0
1780761523.854469,15,313.84375,908.0
1780761523.854469,15,315.21875,926.25
1780761523.854469,15,316.40625,948.5
1780761523.854469,15,317.71875,971.75
1780761523.854469,15,319.03125,996.5
1780761523.854469,15,320.34375,1022.25
1780761523.854469,15,327.9375,1580.0
1780761523.854469,15,329.234375,1559.75
1780761523.854469,15,330.625,1539.75
1780761523.854469,7,331.9375,1529.75
1780761523.854469,15,334.625,1458.5
1780761523.854469,13,335.96875,1462.75
1780761523.854469,4,343.84375,1719.25
1780761523.854469,15,346.53125,1685.5
1780761523.854469,15,347.953125,1672.75
1780761523.854469,15,349.3125,1672.0
1780761523.854469,15,350.640625,1661.25
1780761523.9922938,15,352.015625,1649.25
1780761523.9922938,15,353.375,1646.5
1780761523.9922938,15,356.265625,1332.5
1780761523.9922938,15,357.609375,1338.75
1780761523.9922938,15,358.90625,1345.25
1780761523.9922938,15,0.28125,1339.0
1780761523.9922938,15,1.625,1326.25
1780761523.9922938,15,2.96875,1326.25
1780761523.9922938,15,4.265625,1332.75
1780761523.9922938,15,5.65625,1339.5
1780761523.9922938,15,6.96875,1346.5
1780761523.9922938,15,8.265625,1353.75
1780761523.9922938,15,9.640625,1360.75
1780761523.9922938,6,14.796875,1710.25
1780761523.9922938,15,16.0625,1734.0
1780761523.9922938,15,22.78125,1749.5
1780761523.9922938,15,24.109375,1746.75
1780761523.9922938,5,25.515625,1731.25
1780761523.9922938,15,35.265625,1166.5
1780761523.9922938,15,44.453125,1458.75
1780761523.9922938,15,47.140625,1425.75
1780761523.9922938,15,53.90625,611.25
1780761523.9922938,15,55.1875,621.25
1780761523.9922938,15,56.546875,629.25
1780761523.9922938,15,57.671875,636.75
1780761523.9922938,15,59.0,645.25
1780761523.9922938,15,60.28125,655.0
1780761523.9922938,15,61.734375,664.5
1780761523.9922938,15,62.921875,673.5
1780761523.9922938,15,64.28125,684.0
1780761523.9922938,15,65.625,696.0
1780761523.9922938,15,66.859375,708.5
1780761523.9922938,15,72.46875,1557.25
1780761523.9922938,15,73.84375,1539.75
1780761523.9922938,15,75.125,1530.75
1780761523.9922938,7,76.5,1529.75
1780761523.9922938,7,77.859375,1528.75
1780761523.9922938,9,79.171875,1512.25
1780761523.9922938,15,80.546875,1494.75
1780761523.9922938,15,81.890625,1489.25
1780761523.9922938,15,83.21875,1489.0
1780761523.9922938,15,84.578125,1492.5
1780761523.9922938,15,85.875,1486.25
1780761523.9922938,15,87.21875,1486.25
1780761523.9922938,15,88.5625,1485.5
1780761523.9922938,15,89.921875,1479.75
1780761523.9922938,15,91.234375,1486.5
1780761523.9922938,15,92.625,1492.25
1780761523.9922938,15,93.90625,1492.75
1780761523.9922938,15,95.234375,1510.5
1780761523.9922938,8,96.578125,1511.5
1780761523.9922938,8,97.9375,1512.0
1780761523.9922938,15,99.28125,1529.5
1780761523.9922938,15,100.609375,1530.0
1780761523.9922938,15,101.90625,1538.25
1780761523.9922938,15,103.3125,1547.25
1780761523.9922938,15,104.609375,1548.75
1780761523.9922938,6,105.953125,1558.75
1780761523.9922938,15,107.265625,1569.25
1780761523.9922938,15,108.59375,1579.5
1780761523.9922938,15,109.953125,1589.5
1780761523.9922938,15,115.0,739.5
1780761523.9922938,15,116.46875,734.75
1780761523.9922938,15,117.75,731.75
1780761523.9922938,15,129.34375,930.0
1780761523.9922938,15,147.28125,1580.5
1780761523.9922938,15,152.5,1832.75
1780761523.9922938,15,153.890625,1807.25
1780761523.9922938,15,155.28125,1771.75
1780761523.9922938,15,160.890625,1371.5
1780761523.9922938,15,162.203125,1368.5
1780761523.9922938,15,163.578125,1359.25
1780761523.9922938,15,164.921875,1349.75
1780761523.9922938,15,166.25,1340.75
1780761523.9922938,15,167.59375,1329.5
1780761523.9922938,15,168.90625,1322.0
1780761523.9922938,15,170.296875,1320.75
1780761523.9922938,15,171.640625,1316.0
1780761523.9922938,15,172.96875,1307.75
1780761523.9922938,15,174.328125,1306.75
1780761523.9922938,15,175.640625,1303.5
1780761523.9922938,15,176.953125,1302.25
1780761523.9922938,15,178.296875,1303.5
1780761523.9922938,15,179.734375,1303.0
1780761523.9922938,15,181.0625,1301.75
1780761523.9922938,15,182.390625,1297.5
1780761523.9922938,15,183.75,1300.75
1780761523.9922938,15,185.09375,1305.75
1780761523.9922938,10,186.40625,1327.25
1780761523.9922938,15,189.046875,1305.0
1780761523.9922938,15,190.375,1328.25
1780761523.9922938,15,191.671875,1360.5
1780761523.9922938,15,212.03125,1131.5
1780761523.9922938,8,216.109375,1027.25
1780761523.9922938,15,218.96875,971.75
1780761523.9922938,15,221.609375,925.5
1780761523.9922938,15,223.09375,907.75
1780761523.9922938,15,224.421875,887.25
1780761523.9922938,15,225.84375,868.0
1780761523.9922938,15,227.21875,849.75
1780761523.9922938,15,228.59375,830.0
1780761523.9922938,15,230.015625,813.0
1780761523.9922938,15,231.359375,800.0
1780761523.9922938,15,232.734375,785.5
1780761523.9922938,15,234.015625,770.5
1780761523.9922938,15,235.40625,758.75
1780761523.9922938,15,236.875,748.0
1780761523.9922938,15,238.078125,737.75
1780761523.9922938,15,239.53125,728.75
1780761523.9922938,15,240.859375,720.0
1780761523.9922938,15,242.328125,712.5
1780761523.9922938,15,243.609375,704.25
1780761523.9922938,15,245.078125,694.75
1780761523.9922938,15,246.4375,686.5
1780761523.9922938,15,247.609375,681.25
1780761523.9922938,15,249.015625,675.5
1780761523.9922938,15,250.40625,668.5
1780761523.9922938,15,251.796875,663.0
1780761523.9922938,15,253.140625,658.75
1780761523.9922938,15,254.375,654.5
1780761523.9922938,15,255.921875,650.5
1780761523.9922938,15,257.21875,647.0
1780761523.9922938,15,258.546875,644.5
1780761523.9922938,15,259.9375,642.5
1780761523.9922938,15,261.28125,640.75
1780761523.9922938,15,262.65625,638.25
1780761523.9922938,15,263.953125,636.0
1780761523.9922938,15,265.3125,634.0
1780761523.9922938,15,266.5,632.75
1780761523.9922938,15,267.96875,632.75
1780761523.9922938,15,270.5,633.75
1780761523.9922938,15,271.96875,636.0
1780761523.9922938,15,273.171875,636.75
1780761523.9922938,15,277.953125,457.5
1780761523.9922938,15,279.59375,460.0
1780761523.9922938,15,280.5625,462.5
1780761523.9922938,15,281.96875,465.5
1780761523.9922938,15,283.25,468.75
1780761523.9922938,15,284.671875,472.25
1780761523.9922938,15,285.921875,476.5
1780761523.9922938,15,287.25,481.0
1780761523.9922938,15,288.65625,486.0
1780761523.9922938,15,289.890625,491.0
1780761523.9922938,15,291.109375,497.25
1780761523.9922938,15,292.484375,504.0
1780761523.9922938,15,295.546875,716.5
1780761523.9922938,15,296.84375,725.25
1780761523.9922938,15,298.28125,734.5
1780761523.9922938,15,299.515625,744.5
1780761523.9922938,15,300.9375,755.75
1780761523.9922938,15,302.28125,767.0
1780761523.9922938,15,303.5625,778.75
1780761523.9922938,15,304.921875,790.25
1780761523.9922938,15,306.25,804.25
1780761523.9922938,15,307.421875,820.5
1780761523.9922938,15,308.796875,836.75
1780761523.9922938,15,310.03125,853.5
1780761523.9922938,15,311.359375,869.5
1780761523.9922938,15,312.734375,886.75
1780761523.9922938,15,313.984375,907.5
1780761523.9922938,15,315.28125,928.0
1780761523.9922938,15,316.640625,951.5
1780761523.9922938,15,317.96875,971.75
1780761523.9922938,15,320.546875,1022.25
1780761523.9922938,15,329.421875,1591.25
1780761523.9922938,6,330.765625,1578.5
1780761523.9922938,15,332.109375,1558.25
1780761523.9922938,15,333.5,1539.75
1780761523.9922938,6,334.8125,1530.25
1780761523.9922938,15,340.109375,1672.5
1780761523.9922938,15,344.109375,1747.0
1780761523.9922938,6,345.453125,1733.5
1780761523.9922938,15,346.75,1713.0
1780761523.9922938,15,348.109375,1702.0
1780761523.9922938,15,349.4375,1699.0
1780761523.9922938,15,350.8125,1688.5
1780761524.1295512,4,352.1875,1677.5
1780761524.1295512,6,353.46875,1677.0
1780761524.1295512,15,356.34375,1373.75
1780761524.1295512,15,0.375,1365.75
1780761524.1295512,5,4.4375,1379.5
1780761524.1295512,4,5.703125,1399.25
1780761524.1295512,4,7.078125,1406.75
1780761524.1295512,15,8.375,1407.75
1780761524.1295512,15,9.71875,1408.75
1780761524.1295512,15,13.515625,1746.5
1780761524.1295512,15,14.84375,1747.0
1780761524.1295512,15,16.140625,1760.25
1780761524.1295512,15,24.171875,1758.0
1780761524.1295512,15,32.578125,1242.5
1780761524.1295512,15,43.109375,1437.25
1780761524.1295512,15,44.46875,1447.25
1780761524.1295512,15,51.015625,635.75
1780761524.1295512,15,52.359375,643.25
1780761524.1295512,15,53.796875,650.0
1780761524.1295512,15,54.96875,658.0
1780761524.1295512,15,56.25,666.5
1780761524.1295512,15,57.609375,673.75
1780761524.1295512,15,59.0,682.25
1780761524.1295512,15,60.3125,692.75
1780761524.1295512,15,61.609375,702.5
1780761524.1295512,15,62.921875,713.0
1780761524.1295512,15,64.1875,724.0
1780761524.1295512,7,69.890625,1561.5
1780761524.1295512,15,71.234375,1549.75
1780761524.1295512,15,72.546875,1547.75
1780761524.1295512,15,73.90625,1539.5
1780761524.1295512,15,75.265625,1531.0
1780761524.1295512,15,76.609375,1530.0
1780761524.1295512,7,77.96875,1528.75
1780761524.1295512,8,79.34375,1528.25
1780761524.1295512,15,80.6875,1512.0
1780761524.1295512,15,82.015625,1489.5
1780761524.1295512,15,83.28125,1483.75
1780761524.1295512,15,84.6875,1482.0
1780761524.1295512,15,85.984375,1480.25
1780761524.1295512,15,87.28125,1486.0
1780761524.1295512,15,88.671875,1485.75
1780761524.1295512,15,89.96875,1485.75
1780761524.1295512,15,91.328125,1487.5
1780761524.1295512,15,92.6875,1482.5
1780761524.1295512,15,94.015625,1482.5
1780761524.1295512,15,95.375,1488.75
1780761524.1295512,15,96.71875,1494.75
1780761524.1295512,7,97.984375,1511.75
1780761524.1295512,8,99.328125,1529.0
1780761524.1295512,15,100.671875,1529.75
1780761524.1295512,15,101.984375,1530.0
1780761524.1295512,15,103.375,1539.0
1780761524.1295512,15,104.671875,1548.5
1780761524.1295512,7,106.046875,1549.5
1780761524.1295512,15,107.296875,1568.75
1780761524.1295512,15,108.640625,1588.25
1780761524.1295512,15,112.375,726.75
1780761524.1295512,15,113.796875,720.75
1780761524.1295512,15,115.171875,715.75
1780761524.1295512,15,128.03125,899.25
1780761524.1295512,4,146.015625,1560.25
1780761524.1295512,4,147.34375,1539.5
1780761524.1295512,15,152.546875,1771.75
1780761524.1295512,15,153.890625,1747.75
1780761524.1295512,15,160.875,1320.0
1780761524.1295512,15,162.203125,1325.25
1780761524.1295512,15,163.53125,1323.0
1780761524.1295512,15,164.921875,1319.0
1780761524.1295512,15,166.265625,1306.5
1780761524.1295512,15,167.609375,1295.0
1780761524.1295512,15,168.890625,1290.25
1780761524.1295512,15,170.203125,1289.75
1780761524.1295512,15,171.578125,1286.0
1780761524.1295512,15,172.890625,1277.75
1780761524.1295512,15,174.25,1276.75
1780761524.1295512,15,175.625,1276.0
1780761524.1295512,15,176.984375,1271.75
1780761524.1295512,15,178.234375,1267.75
1780761524.1295512,15,179.625,1262.25
1780761524.1295512,15,180.953125,1262.75
1780761524.1295512,15,182.265625,1264.5
1780761524.1295512,15,183.609375,1264.75
1780761524.1295512,15,184.90625,1269.5
1780761524.1295512,15,186.3125,1260.0
1780761524.1295512,15,187.625,1255.5
1780761524.1295512,15,188.9375,1267.75
1780761524.1295512,15,190.203125,1291.0
1780761524.1295512,10,191.578125,1319.5
1780761524.1295512,15,202.0625,1591.25
1780761524.1295512,15,209.09375,1183.75
1780761524.1295512,15,210.515625,1159.5
1780761524.1295512,15,211.890625,1132.25
1780761524.1295512,9,216.0,1027.0
1780761524.1295512,15,217.359375,1001.75
1780761524.1295512,15,218.75,975.0
1780761524.1295512,15,220.078125,947.75
1780761524.1295512,15,221.515625,925.5
1780761524.1295512,15,222.8125,907.0
1780761524.1295512,15,224.21875,885.75
1780761524.1295512,15,225.59375,867.0
1780761524.1295512,15,226.9375,849.5
1780761524.1295512,15,228.34375,830.0
1780761524.1295512,15,229.765625,813.5
1780761524.1295512,15,231.203125,799.25
1780761524.1295512,15,232.453125,784.75
1780761524.1295512,15,233.921875,771.75
1780761524.1295512,15,235.15625,759.25
1780761524.1295512,15,236.59375,747.75
1780761524.1295512,15,237.96875,737.25
1780761524.1295512,15,239.234375,728.0
1780761524.1295512,15,240.609375,718.25
1780761524.1295512,15,241.953125,709.75
1780761524.1295512,15,243.484375,701.5
1780761524.1295512,15,244.8125,692.75
1780761524.1295512,15,246.0625,686.25
1780761524.1295512,15,247.484375,680.0
1780761524.1295512,15,248.921875,673.75
1780761524.1295512,15,250.25,668.0
1780761524.1295512,15,251.515625,663.25
1780761524.1295512,15,253.03125,658.5
1780761524.1295512,15,254.3125,653.75
1780761524.1295512,15,255.5625,649.75
1780761524.1295512,15,256.953125,646.5
1780761524.1295512,15,258.359375,643.75
1780761524.1295512,15,259.640625,642.5
1780761524.1295512,15,260.921875,641.75
1780761524.1295512,15,262.484375,638.25
1780761524.1295512,15,263.6875,634.75
1780761524.1295512,15,265.03125,632.75
1780761524.1295512,15,266.359375,632.25
1780761524.1295512,15,267.6875,632.5
1780761524.1295512,15,269.109375,631.75
1780761524.1295512,15,270.34375,631.5
1780761524.1295512,15,271.84375,632.5
1780761524.1295512,15,273.1875,633.0
1780761524.1295512,15,274.390625,634.5
1780761524.1295512,15,275.6875,638.25
1780761524.1295512,15,276.828125,641.25
1780761524.1295512,15,281.71875,460.75
1780761524.1295512,15,283.0,464.75
1780761524.1295512,15,284.40625,468.0
1780761524.1295512,15,285.640625,471.75
1780761524.1295512,15,287.140625,476.25
1780761524.1295512,15,288.1875,480.5
1780761524.1295512,15,289.53125,485.25
1780761524.1295512,15,291.0,490.5
1780761524.1295512,15,292.28125,495.5
1780761524.1295512,15,293.46875,501.75
1780761524.1295512,15,294.8125,509.25
1780761524.1295512,15,299.125,738.5
1780761524.1295512,15,300.53125,749.0
1780761524.1295512,15,301.9375,759.75
1780761524.1295512,15,303.234375,772.25
1780761524.1295512,15,304.421875,786.25
1780761524.1295512,15,305.765625,801.0
1780761524.1295512,15,307.171875,814.0
1780761524.1295512,15,308.40625,826.75
1780761524.1295512,15,309.734375,840.0
1780761524.1295512,15,310.953125,857.5
1780761524.1295512,15,312.328125,879.5
1780761524.1295512,15,313.5625,903.0
1780761524.1295512,15,314.921875,923.75
1780761524.1295512,9,316.21875,939.75
1780761524.1295512,15,317.46875,960.75
1780761524.1295512,15,318.75,987.0
1780761524.1295512,15,320.0625,1012.5
1780761524.1295512,8,321.40625,1037.5
1780761524.1295512,15,325.328125,1137.5
1780761524.1295512,15,330.328125,1611.5
1780761524.1295512,15,331.703125,1592.0
1780761524.1295512,15,333.0,1580.75
1780761524.1295512,6,334.40625,1569.25
1780761524.1295512,15,335.703125,1558.0
1780761524.1295512,15,342.34375,1691.75
1780761524.1295512,15,344.984375,1771.5
1780761524.1295512,15,346.3125,1758.5
1780761524.1295512,15,347.609375,1758.0
1780761524.1295512,15,348.890625,1747.25
1780761524.1295512,8,350.25,1735.25
1780761524.2703772,15,351.578125,1732.25
1780761524.2703772,15,352.96875,1741.0
1780761524.2703772,15,355.8125,1416.75
1780761524.2703772,15,357.109375,1416.25
1780761524.2703772,15,358.4375,1416.5
1780761524.2703772,15,359.78125,1410.0
1780761524.2703772,15,1.15625,1416.75
1780761524.2703772,15,2.484375,1423.25
1780761524.2703772,5,3.78125,1423.75
1780761524.2703772,15,5.140625,1425.5
1780761524.2703772,15,6.484375,1427.0
1780761524.2703772,15,7.78125,1427.25
1780761524.2703772,15,9.09375,1427.25
1780761524.2703772,15,14.3125,1783.5
1780761524.2703772,15,23.65625,1795.5
1780761524.2703772,15,32.03125,1249.5
1780761524.2703772,15,49.125,667.25
1780761524.2703772,15,50.453125,671.25
1780761524.2703772,15,51.625,676.75
1780761524.2703772,15,53.046875,683.75
1780761524.2703772,15,54.40625,691.25
1780761524.2703772,15,55.703125,698.75
1780761524.2703772,15,57.015625,708.25
1780761524.2703772,15,58.1875,717.75
1780761524.2703772,15,59.59375,726.0
1780761524.2703772,15,60.90625,735.0
1780761524.2703772,15,62.203125,744.75
1780761524.2703772,15,63.640625,755.0
1780761524.2703772,15,69.234375,1571.25
1780761524.2703772,15,70.625,1560.5
1780761524.2703772,15,71.921875,1549.5
1780761524.2703772,15,73.296875,1540.25
1780761524.2703772,15,74.609375,1538.75
1780761524.2703772,15,75.953125,1538.5
1780761524.2703772,9,77.34375,1514.75
1780761524.2703772,9,78.6875,1513.5
1780761524.2703772,8,80.046875,1509.25
1780761524.2703772,15,81.34375,1487.75
1780761524.2703772,15,82.71875,1486.0
1780761524.2703772,15,84.03125,1483.0
1780761524.2703772,15,85.296875,1480.25
1780761524.2703772,15,86.625,1487.0
1780761524.2703772,15,88.03125,1486.25
1780761524.2703772,15,89.34375,1480.75
1780761524.2703772,15,90.640625,1487.0
1780761524.2703772,15,91.96875,1487.75
1780761524.2703772,15,93.3125,1481.25
1780761524.2703772,15,94.65625,1487.0
1780761524.2703772,10,96.015625,1493.25
1780761524.2703772,8,97.28125,1510.25
1780761524.2703772,15,98.6875,1529.5
1780761524.2703772,7,99.96875,1529.5
1780761524.2703772,15,101.296875,1538.0
1780761524.2703772,15,102.640625,1547.5
1780761524.2703772,15,104.0,1547.75
1780761524.2703772,15,105.3125,1548.25
1780761524.2703772,15,109.046875,717.0
1780761524.2703772,15,110.328125,709.75
1780761524.2703772,15,111.859375,703.75
1780761524.2703772,15,113.140625,697.75
1780761524.2703772,15,118.6875,1456.5
1780761524.2703772,14,120.03125,1467.5
1780761524.2703772,15,126.03125,886.75
1780761524.2703772,15,153.1875,1733.5
1780761524.2703772,15,154.53125,1707.75
1780761524.2703772,15,160.140625,1281.0
1780761524.2703772,15,161.53125,1292.0
1780761524.2703772,15,162.828125,1293.0
1780761524.2703772,15,164.15625,1294.0
1780761524.2703772,15,165.59375,1280.25
1780761524.2703772,15,166.921875,1260.5
1780761524.2703772,15,168.25,1252.25
1780761524.2703772,15,169.546875,1246.5
1780761524.2703772,15,170.921875,1247.5
1780761524.2703772,15,172.1875,1249.5
1780761524.2703772,15,173.625,1241.0
1780761524.2703772,15,174.9375,1233.25
1780761524.2703772,15,176.21875,1240.0
1780761524.2703772,15,177.578125,1236.5
1780761524.2703772,15,178.890625,1230.75
1780761524.2703772,15,180.296875,1233.75
1780761524.2703772,15,181.640625,1229.0
1780761524.2703772,15,182.875,1225.5
1780761524.2703772,15,184.25,1224.75
1780761524.2703772,15,185.578125,1226.5
1780761524.2703772,15,186.859375,1246.25
1780761524.2703772,15,188.296875,1244.25
1780761524.2703772,15,189.59375,1235.5
1780761524.2703772,15,190.921875,1259.5
1780761524.2703772,15,192.234375,1287.0
1780761524.2703772,15,199.703125,2294.25
1780761524.2703772,15,202.71875,1558.0
1780761524.2703772,15,215.0625,1043.0
1780761524.2703772,15,216.4375,1017.0
1780761524.2703772,15,217.921875,988.5
1780761524.2703772,15,219.1875,960.5
1780761524.2703772,15,220.546875,936.25
1780761524.2703772,15,222.015625,915.5
1780761524.2703772,15,223.40625,894.25
1780761524.2703772,15,224.734375,873.75
1780761524.2703772,15,226.109375,856.75
1780761524.2703772,15,227.484375,838.75
1780761524.2703772,15,228.921875,821.25
1780761524.2703772,15,230.265625,806.5
1780761524.2703772,15,231.53125,792.25
1780761524.2703772,15,233.0625,778.25
1780761524.2703772,15,234.265625,765.25
1780761524.2703772,15,235.65625,753.0
1780761524.2703772,15,237.125,741.75
1780761524.2703772,15,238.484375,731.75
1780761524.2703772,15,239.765625,722.5
1780761524.2703772,15,241.15625,713.75
1780761524.2703772,15,242.53125,705.0
1780761524.2703772,15,243.78125,697.0
1780761524.2703772,15,245.34375,689.0
1780761524.2703772,15,246.5625,682.0
1780761524.2703772,15,247.96875,676.25
1780761524.2703772,15,249.3125,670.25
1780761524.2703772,15,250.75,664.75
1780761524.2703772,15,252.046875,659.5
1780761524.2703772,15,253.40625,655.25
1780761524.2703772,15,254.703125,651.0
1780761524.2703772,15,256.0,647.5
1780761524.2703772,15,257.28125,644.5
1780761524.2703772,15,258.703125,641.25
1780761524.2703772,15,260.15625,639.5
1780761524.2703772,15,261.390625,637.0
1780761524.2703772,15,262.84375,633.75
1780761524.2703772,15,264.078125,631.5
1780761524.2703772,15,265.5,630.25
1780761524.2703772,15,266.796875,629.75
1780761524.2703772,15,268.0625,629.25
1780761524.2703772,15,269.390625,630.0
1780761524.2703772,15,270.84375,630.25
1780761524.2703772,15,272.0625,630.5
1780761524.2703772,15,273.359375,632.5
1780761524.2703772,15,274.75,635.25
1780761524.2703772,15,276.109375,637.25
1780761524.2703772,15,277.21875,640.0
1780761524.2703772,15,278.546875,643.0
1780761524.2703772,15,279.953125,645.25
1780761524.2703772,15,281.3125,648.5
1780761524.2703772,15,286.140625,469.0
1780761524.2703772,15,287.59375,474.0
1780761524.2703772,15,288.8125,479.0
1780761524.2703772,15,289.953125,484.0
1780761524.2703772,15,291.375,489.0
1780761524.2703772,15,292.46875,494.0
1780761524.2703772,15,293.78125,499.25
1780761524.2703772,15,295.25,505.75
1780761524.2703772,15,296.484375,513.5
1780761524.2703772,15,297.84375,522.0
1780761524.2703772,15,299.0625,531.5
1780761524.2703772,15,300.34375,542.0
1780761524.2703772,15,302.265625,762.0
1780761524.2703772,15,303.578125,777.0
1780761524.2703772,15,304.984375,788.75
1780761524.2703772,15,306.265625,803.75
1780761524.2703772,15,307.5625,817.75
1780761524.2703772,15,308.75,834.0
1780761524.2703772,15,310.15625,852.0
1780761524.2703772,15,311.4375,861.75
1780761524.2703772,15,314.0625,907.0
1780761524.2703772,15,315.375,925.75
1780761524.2703772,15,316.6875,946.0
1780761524.2703772,15,317.96875,968.5
1780761524.2703772,15,319.28125,993.5
1780761524.2703772,15,320.5,1020.5
1780761524.2703772,15,323.171875,1088.0
1780761524.2703772,15,333.546875,1601.25
1780761524.2703772,15,334.921875,1590.75
1780761524.2703772,15,336.265625,1589.0
1780761524.2703772,15,344.203125,1805.25
1780761524.2703772,15,345.578125,1784.5
1780761524.2703772,15,346.796875,1783.75
1780761524.2703772,15,348.15625,1783.5
1780761524.2703772,15,349.46875,1771.25
1780761524.2703772,15,350.796875,1770.75
1780761524.4082496,15,352.15625,1770.25
1780761524.4082496,15,353.515625,1769.75
1780761524.4082496,15,356.328125,1435.25
1780761524.4082496,15,357.671875,1428.0
1780761524.4082496,15,359.0,1428.0
1780761524.4082496,15,0.375,1427.75
1780761524.4082496,15,1.71875,1435.25
1780761524.4082496,15,4.390625,1435.25
1780761524.4082496,15,5.71875,1435.25
1780761524.4082496,15,7.0625,1442.75
1780761524.4082496,15,8.40625,1442.75
1780761524.4082496,15,13.578125,1820.25
1780761524.4082496,15,14.890625,1833.75
1780761524.4082496,14,21.53125,1861.75
1780761524.4082496,15,22.921875,1848.25
1780761524.4082496,15,39.21875,1459.5
1780761524.4082496,15,45.765625,698.0
1780761524.4082496,15,46.953125,693.75
1780761524.4082496,15,48.296875,698.25
1780761524.4082496,15,49.71875,703.5
1780761524.4082496,15,50.9375,710.75
1780761524.4082496,15,52.21875,718.75
1780761524.4082496,15,53.59375,725.25
1780761524.4082496,15,54.96875,731.75
1780761524.4082496,15,56.328125,740.5
1780761524.4082496,15,57.578125,748.75
1780761524.4082496,15,58.90625,756.25
1780761524.4082496,15,60.28125,765.25
1780761524.4082496,15,61.578125,764.0
1780761524.4082496,15,65.984375,1595.0
1780761524.4082496,15,67.3125,1590.5
1780761524.4082496,15,68.6875,1589.0
1780761524.4082496,6,70.046875,1578.25
1780761524.4082496,15,71.375,1558.0
1780761524.4082496,15,72.734375,1548.25
1780761524.4082496,15,74.046875,1548.0
1780761524.4082496,15,75.390625,1539.25
1780761524.4082496,15,76.71875,1530.5
1780761524.4082496,8,78.0625,1529.5
1780761524.4082496,8,79.453125,1528.75
1780761524.4082496,15,80.828125,1511.75
1780761524.4082496,15,82.171875,1490.75
1780761524.4082496,15,83.40625,1485.0
1780761524.4082496,15,84.796875,1480.5
1780761524.4082496,15,86.09375,1480.25
1780761524.4082496,15,87.484375,1482.75
1780761524.4082496,15,88.78125,1482.0
1780761524.4082496,15,90.125,1482.25
1780761524.4082496,15,91.453125,1488.0
1780761524.4082496,15,92.78125,1488.75
1780761524.4082496,15,94.140625,1486.75
1780761524.4082496,10,95.484375,1492.5
1780761524.4082496,9,96.78125,1512.5
1780761524.4082496,7,98.140625,1528.75
1780761524.4082496,15,99.484375,1529.25
1780761524.4082496,15,100.796875,1529.5
1780761524.4082496,5,102.171875,1537.75
1780761524.4082496,15,105.875,707.25
1780761524.4082496,15,107.328125,700.5
1780761524.4082496,15,108.5625,692.0
1780761524.4082496,15,109.859375,685.5
1780761524.4082496,15,115.453125,1435.5
1780761524.4082496,15,116.828125,1435.5
1780761524.4082496,15,118.109375,1440.75
1780761524.4082496,15,119.453125,1446.5
1780761524.4082496,15,124.171875,851.25
1780761524.4082496,15,146.25,1442.75
1780761524.4082496,3,151.4375,1708.25
1780761524.4082496,15,152.765625,1685.0
1780761524.4082496,15,154.125,1661.5
1780761524.4082496,15,158.484375,1264.25
1780761524.4082496,15,159.796875,1252.25
1780761524.4082496,15,161.15625,1257.25
1780761524.4082496,15,162.5,1251.0
1780761524.4082496,15,163.75,1249.75
1780761524.4082496,15,165.171875,1240.5
1780761524.4082496,15,166.546875,1223.0
1780761524.4082496,15,167.875,1216.25
1780761524.4082496,15,169.171875,1213.25
1780761524.4082496,15,170.484375,1210.5
1780761524.4082496,15,171.828125,1210.0
1780761524.4082496,15,173.234375,1203.5
1780761524.4082496,15,174.578125,1200.5
1780761524.4082496,15,175.859375,1203.75
1780761524.4082496,15,177.25,1196.75
1780761524.4082496,15,178.53125,1195.0
1780761524.4082496,15,179.875,1195.75
1780761524.4082496,15,181.203125,1194.5
1780761524.4082496,15,182.578125,1194.5
1780761524.4082496,15,183.859375,1196.0
1780761524.4082496,15,185.234375,1197.25
1780761524.4082496,15,186.59375,1178.5
1780761524.4082496,15,187.875,1173.75
1780761524.4082496,15,189.1875,1191.0
1780761524.4082496,15,190.53125,1211.25
1780761524.4082496,15,191.84375,1236.0
1780761524.4082496,15,199.265625,2294.25
1780761524.4082496,15,216.28125,1017.75
1780761524.4082496,15,217.671875,989.5
1780761524.4082496,9,219.046875,961.0
1780761524.4082496,15,220.375,938.5
1780761524.4082496,15,221.765625,917.75
1780761524.4082496,15,223.125,895.5
1780761524.4082496,15,224.53125,874.0
1780761524.4082496,15,225.828125,860.5
1780761524.4082496,15,228.578125,821.5
1780761524.4082496,15,230.09375,806.5
1780761524.4082496,15,231.328125,792.0
1780761524.4082496,15,232.8125,777.75
1780761524.4082496,15,234.1875,765.0
1780761524.4082496,15,235.40625,753.25
1780761524.4082496,15,236.90625,741.25
1780761524.4082496,15,238.15625,731.5
1780761524.4082496,15,239.6875,721.75
1780761524.4082496,15,240.875,712.5
1780761524.4082496,15,242.3125,704.5
1780761524.4082496,15,243.734375,696.75
1780761524.4082496,15,245.09375,688.5
1780761524.4082496,15,246.421875,681.0
1780761524.4082496,15,247.671875,675.75
1780761524.4082496,15,249.078125,669.5
1780761524.4082496,15,250.4375,662.75
1780761524.4082496,15,251.921875,657.75
1780761524.4082496,15,253.0625,653.75
1780761524.4082496,15,254.4375,649.75
1780761524.4082496,15,255.84375,646.0
1780761524.4082496,15,257.15625,644.25
1780761524.4082496,15,258.53125,642.0
1780761524.4082496,15,259.796875,637.5
1780761524.4082496,15,261.1875,634.25
1780761524.4082496,15,262.65625,632.0
1780761524.4082496,15,263.859375,629.5
1780761524.4082496,15,265.171875,628.0
1780761524.4082496,15,266.5,628.25
1780761524.4082496,15,267.9375,628.25
1780761524.4082496,15,269.3125,627.75
1780761524.4082496,15,270.625,628.0
1780761524.4082496,15,271.984375,628.5
1780761524.4082496,15,273.125,630.0
1780761524.4082496,15,274.515625,632.25
1780761524.4082496,15,275.8125,634.5
1780761524.4082496,15,277.15625,636.75
1780761524.4082496,15,278.625,640.75
1780761524.4082496,15,279.796875,644.0
1780761524.4082496,15,281.234375,645.75
1780761524.4082496,15,282.515625,648.25
1780761524.4082496,15,283.8125,652.5
1780761524.4082496,15,285.03125,658.25
1780761524.4082496,15,290.125,487.25
1780761524.4082496,15,291.375,483.75
1780761524.4082496,15,292.453125,488.5
1780761524.4082496,15,293.984375,494.25
1780761524.4082496,15,295.0625,500.5
1780761524.4082496,15,296.3125,507.25
1780761524.4082496,15,297.859375,514.5
1780761524.4082496,15,299.0625,522.75
1780761524.4082496,15,300.40625,532.25
1780761524.4082496,15,301.640625,542.5
1780761524.4082496,15,302.953125,553.0
1780761524.4082496,15,307.421875,813.25
1780761524.4082496,15,308.828125,828.25
1780761524.4082496,15,310.140625,844.25
1780761524.4082496,15,311.359375,861.75
1780761524.4082496,15,312.609375,880.0
1780761524.4082496,15,314.015625,902.25
1780761524.4082496,15,315.234375,923.25
1780761524.4082496,10,316.625,941.0
1780761524.4082496,15,317.90625,961.75
1780761524.4082496,15,319.21875,987.25
1780761524.4082496,15,320.484375,1012.5
1780761524.4082496,15,321.8125,1038.0
1780761524.4082496,15,331.984375,1684.5
1780761524.4082496,15,333.359375,1661.5
1780761524.4082496,15,334.65625,1649.75
1780761524.4082496,15,337.421875,1588.5
1780761524.4082496,15,341.3125,1771.25
1780761524.4082496,15,345.3125,1846.5
1780761524.4082496,15,346.625,1845.0
1780761524.4082496,15,347.875,1832.25
1780761524.4082496,15,349.21875,1808.25
1780761524.4082496,15,350.5625,1796.5
1780761524.545457,15,351.890625,1796.5
1780761524.545457,15,353.21875,1796.25
1780761524.545457,15,357.40625,1459.25
1780761524.545457,15,358.71875,1475.75
1780761524.545457,15,0.109375,1459.25
1780761524.545457,15,4.078125,1442.75
1780761524.545457,15,5.375,1443.5
1780761524.545457,15,6.734375,1446.75
1780761524.545457,15,8.09375,1449.25
1780761524.545457,15,43.84375,713.75
1780761524.545457,15,45.125,721.75
1780761524.545457,15,46.46875,726.0
1780761524.545457,15,47.84375,730.25
1780761524.545457,15,49.171875,736.0
1780761524.545457,15,50.453125,743.0
1780761524.545457,15,51.84375,750.25
1780761524.545457,15,53.109375,758.25
1780761524.545457,15,54.453125,765.75
1780761524.545457,15,55.84375,772.75
1780761524.545457,15,57.171875,781.75
1780761524.545457,15,58.484375,792.0
1780761524.545457,15,59.8125,799.75
1780761524.545457,15,65.515625,1619.75
1780761524.545457,15,66.84375,1600.25
1780761524.545457,15,68.1875,1589.5
1780761524.545457,15,69.53125,1580.0
1780761524.545457,15,70.859375,1560.5
1780761524.545457,15,72.203125,1549.25
1780761524.545457,15,73.53125,1548.25
1780761524.545457,15,74.9375,1539.25
1780761524.545457,15,76.21875,1530.75
1780761524.545457,8,77.59375,1530.0
1780761524.545457,8,78.953125,1528.75
1780761524.545457,9,80.265625,1512.25
1780761524.545457,15,81.59375,1496.0
1780761524.545457,15,82.953125,1494.5
1780761524.545457,15,84.28125,1492.75
1780761524.545457,15,85.609375,1488.0
1780761524.545457,15,86.96875,1488.25
1780761524.545457,15,88.28125,1487.5
1780761524.545457,15,89.65625,1487.0
1780761524.545457,15,90.984375,1492.5
1780761524.545457,15,92.328125,1493.25
1780761524.545457,15,93.6875,1489.75
1780761524.545457,8,94.953125,1507.5
1780761524.545457,8,96.34375,1528.5
1780761524.545457,8,97.65625,1528.5
1780761524.545457,15,99.03125,1529.5
1780761524.545457,15,102.734375,696.25
1780761524.545457,15,104.140625,687.75
1780761524.545457,15,105.46875,680.0
1780761524.545457,15,106.828125,674.25
1780761524.545457,15,108.234375,677.0
1780761524.545457,15,115.109375,1419.75
1780761524.545457,15,116.4375,1439.0
1780761524.545457,15,117.796875,1444.0
1780761524.545457,15,121.15625,842.25
1780761524.545457,15,143.203125,1442.75
1780761524.545457,15,144.53125,1435.0
1780761524.545457,15,145.875,1427.5
1780761524.545457,15,152.390625,1650.0
1780761524.545457,15,153.796875,1629.75
1780761524.545457,15,158.140625,1230.0
1780761524.545457,15,159.390625,1220.0
1780761524.545457,15,160.734375,1224.75
1780761524.545457,15,162.125,1222.25
1780761524.545457,15,163.421875,1217.25
1780761524.545457,15,164.84375,1199.0
1780761524.545457,15,166.1875,1184.25
1780761524.545457,15,167.515625,1180.25
1780761524.545457,15,168.84375,1179.25
1780761524.545457,15,170.1875,1180.75
1780761524.545457,15,171.53125,1170.25
1780761524.545457,15,172.890625,1164.75
1780761524.545457,15,174.203125,1165.75
1780761524.545457,15,175.515625,1157.75
1780761524.545457,15,176.84375,1164.5
1780761524.545457,15,178.25,1167.75
1780761524.545457,15,179.5625,1162.25
1780761524.545457,15,180.9375,1161.75
1780761524.545457,15,182.25,1162.75
1780761524.545457,15,183.609375,1161.25
1780761524.545457,15,184.875,1157.25
1780761524.545457,15,186.203125,1163.75
1780761524.545457,15,187.609375,1169.0
1780761524.545457,15,188.921875,1162.75
1780761524.545457,15,190.28125,1168.75
1780761524.545457,15,191.53125,1192.0
1780761524.545457,15,192.859375,1216.5
1780761524.545457,15,203.46875,1491.75
1780761524.545457,15,213.234375,1073.0
1780761524.545457,15,216.015625,1023.5
1780761524.545457,10,218.828125,963.0
1780761524.545457,15,220.140625,937.5
1780761524.545457,15,221.609375,916.5
1780761524.545457,15,222.953125,897.75
1780761524.545457,15,224.34375,876.75
1780761524.545457,15,225.765625,857.75
1780761524.545457,15,227.140625,839.25
1780761524.545457,15,228.46875,821.5
1780761524.545457,15,229.8125,805.25
1780761524.545457,15,231.171875,790.75
1780761524.545457,15,232.5,778.0
1780761524.545457,15,233.890625,765.25
1780761524.545457,15,235.203125,753.25
1780761524.545457,15,236.65625,742.0
1780761524.545457,15,238.078125,731.5
1780761524.545457,15,239.34375,722.0
1780761524.545457,15,240.796875,712.75
1780761524.545457,15,242.1875,703.75
1780761524.545457,15,243.484375,695.25
1780761524.545457,15,244.828125,687.5
1780761524.545457,15,246.125,681.0
1780761524.545457,15,247.578125,674.5
1780761524.545457,15,248.953125,667.75
1780761524.545457,15,250.234375,662.0
1780761524.545457,15,251.640625,657.5
1780761524.545457,15,252.96875,652.5
1780761524.545457,15,254.3125,647.75
1780761524.545457,15,255.640625,644.5
1780761524.545457,15,257.015625,641.5
1780761524.545457,15,258.21875,639.25
1780761524.545457,15,259.703125,635.5
1780761524.545457,15,261.09375,631.75
1780761524.545457,15,262.234375,629.5
1780761524.545457,15,263.5625,628.0
1780761524.545457,15,265.046875,627.5
1780761524.545457,15,266.265625,627.0
1780761524.545457,15,267.765625,625.75
1780761524.545457,15,269.015625,624.75
1780761524.545457,15,270.328125,625.75
1780761524.545457,15,271.640625,627.0
1780761524.545457,15,273.078125,628.25
1780761524.545457,15,274.3125,630.0
1780761524.545457,15,275.78125,631.5
1780761524.545457,15,276.953125,633.75
1780761524.545457,15,278.265625,638.25
1780761524.545457,15,279.515625,641.5
1780761524.545457,15,280.984375,644.25
1780761524.545457,15,282.328125,647.75
1780761524.545457,15,283.5,651.75
1780761524.545457,15,285.0,656.5
1780761524.545457,15,286.296875,660.75
1780761524.545457,15,287.4375,666.0
1780761524.545457,15,288.78125,672.5
1780761524.545457,15,294.8125,496.75
1780761524.545457,15,296.40625,502.75
1780761524.545457,15,297.515625,509.75
1780761524.545457,15,298.859375,517.75
1780761524.545457,15,300.203125,525.75
1780761524.545457,15,301.375,535.5
1780761524.545457,15,302.90625,545.5
1780761524.545457,15,304.09375,554.75
1780761524.545457,15,305.359375,567.0
1780761524.545457,15,306.59375,581.75
1780761524.545457,15,311.21875,859.75
1780761524.545457,15,312.40625,877.25
1780761524.545457,15,313.78125,897.0
1780761524.545457,15,315.09375,915.75
1780761524.545457,15,316.359375,936.25
1780761524.545457,15,317.71875,959.75
1780761524.545457,15,319.0,984.0
1780761524.545457,15,320.296875,1010.0
1780761524.545457,15,321.609375,1036.25
1780761524.545457,15,324.109375,1111.5
1780761524.545457,15,326.703125,1182.0
1780761524.545457,15,328.078125,1210.25
1780761524.545457,9,334.453125,1680.5
1780761524.545457,15,337.09375,1657.0
1780761524.545457,15,341.046875,1808.25
1780761524.545457,15,342.375,1808.25
1780761524.545457,15,346.375,1875.75
1780761524.6832705,15,357.21875,1529.25
1780761524.6832705,5,358.59375,1528.75
1780761524.6832705,4,359.90625,1529.25
1780761524.6832705,15,3.9375,1530.25
1780761524.6832705,15,5.21875,1531.25
1780761524.6832705,15,7.9375,1539.75
1780761524.6832705,5,9.28125,1540.25
1780761524.6832705,15,42.328125,743.5
1780761524.6832705,15,43.796875,749.5
1780761524.6832705,15,45.140625,753.5
1780761524.6832705,15,46.453125,759.0
1780761524.6832705,15,47.765625,764.75
1780761524.6832705,15,49.109375,770.5
1780761524.6832705,15,50.40625,777.5
1780761524.6832705,15,51.671875,784.5
1780761524.6832705,15,53.03125,793.5
1780761524.6832705,15,54.28125,800.25
1780761524.6832705,15,55.75,808.0
1780761524.6832705,15,57.109375,807.5
1780761524.6832705,15,64.109375,1639.75
1780761524.6832705,15,65.46875,1619.75
1780761524.6832705,15,66.8125,1600.25
1780761524.6832705,15,68.125,1589.5
1780761524.6832705,15,69.484375,1580.0
1780761524.6832705,15,70.859375,1568.75
1780761524.6832705,15,72.21875,1557.5
1780761524.6832705,15,73.5,1548.25
1780761524.6832705,15,74.859375,1539.25
1780761524.6832705,15,76.21875,1530.75
1780761524.6832705,15,77.5625,1530.0
1780761524.6832705,9,78.875,1529.0
1780761524.6832705,8,80.28125,1528.5
1780761524.6832705,9,81.59375,1528.25
1780761524.6832705,15,82.953125,1510.0
1780761524.6832705,15,84.1875,1492.5
1780761524.6832705,15,85.546875,1488.75
1780761524.6832705,15,86.875,1484.0
1780761524.6832705,15,88.203125,1488.5
1780761524.6832705,15,89.578125,1492.75
1780761524.6832705,15,90.84375,1489.25
1780761524.6832705,9,92.21875,1489.75
1780761524.6832705,15,93.515625,1510.75
1780761524.6832705,8,94.890625,1528.0
1780761524.6832705,7,96.234375,1528.5
1780761524.6832705,15,100.015625,689.5
1780761524.6832705,15,101.40625,680.0
1780761524.6832705,15,102.796875,670.75
1780761524.6832705,15,104.15625,662.75
1780761524.6832705,15,110.984375,1420.5
1780761524.6832705,7,112.359375,1412.25
1780761524.6832705,8,113.6875,1405.25
1780761524.6832705,15,114.984375,1418.5
1780761524.6832705,15,119.8125,818.25
1780761524.6832705,5,142.953125,1425.75
1780761524.6832705,6,144.296875,1424.0
1780761524.6832705,15,145.609375,1425.75
1780761524.6832705,15,149.515625,1639.75
1780761524.6832705,15,150.84375,1620.0
1780761524.6832705,15,152.171875,1601.0
1780761524.6832705,15,157.875,1183.75
1780761524.6832705,15,159.25,1188.25
1780761524.6832705,15,160.515625,1188.0
1780761524.6832705,15,161.875,1179.25
1780761524.6832705,15,163.25,1179.0
1780761524.6832705,15,164.578125,1169.5
1780761524.6832705,15,165.9375,1157.5
1780761524.6832705,15,167.265625,1153.75
1780761524.6832705,15,168.59375,1150.5
1780761524.6832705,15,169.9375,1149.25
1780761524.6832705,15,171.28125,1144.25
1780761524.6832705,15,172.6875,1131.25
1780761524.6832705,15,173.96875,1126.25
1780761524.6832705,15,175.25,1127.0
1780761524.6832705,15,176.625,1121.75
1780761524.6832705,15,178.015625,1123.0
1780761524.6832705,15,179.375,1122.25
1780761524.6832705,15,180.671875,1123.25
1780761524.6832705,15,182.046875,1127.75
1780761524.6832705,15,183.34375,1134.0
1780761524.6832705,15,184.75,1128.75
1780761524.6832705,15,186.09375,1124.25
1780761524.6832705,15,187.40625,1130.0
1780761524.6832705,15,188.78125,1129.5
1780761524.6832705,15,190.09375,1134.25
1780761524.6832705,15,191.3125,1155.25
1780761524.6832705,15,192.640625,1178.0
1780761524.6832705,15,198.765625,2294.25
1780761524.6832705,15,215.671875,1022.5
1780761524.6832705,11,218.40625,965.25
1780761524.6832705,15,219.796875,942.25
1780761524.6832705,15,221.21875,921.5
1780761524.6832705,15,222.5625,900.75
1780761524.6832705,15,223.90625,877.25
1780761524.6832705,15,225.390625,858.25
1780761524.6832705,15,226.640625,839.5
1780761524.6832705,15,228.015625,821.25
1780761524.6832705,15,229.484375,802.25
1780761524.6832705,15,230.8125,787.0
1780761524.6832705,15,232.15625,776.5
1780761524.6832705,15,233.5625,764.0
1780761524.6832705,15,234.984375,752.0
1780761524.6832705,15,236.3125,741.0
1780761524.6832705,15,237.578125,731.25
1780761524.6832705,15,238.984375,720.75
1780761524.6832705,15,240.421875,711.25
1780761524.6832705,15,241.71875,702.75
1780761524.6832705,15,243.171875,694.25
1780761524.6832705,15,244.578125,686.75
1780761524.6832705,15,245.796875,679.75
1780761524.6832705,15,247.265625,673.25
1780761524.6832705,15,248.625,667.0
1780761524.6832705,15,249.828125,661.25
1780761524.6832705,15,251.265625,656.25
1780761524.6832705,15,252.640625,651.0
1780761524.6832705,15,254.0,647.25
1780761524.6832705,15,255.3125,644.0
1780761524.6832705,15,256.734375,641.0
1780761524.6832705,15,257.90625,637.0
1780761524.6832705,15,259.328125,633.0
1780761524.6832705,15,260.78125,630.5
1780761524.6832705,15,261.953125,628.5
1780761524.6832705,15,263.296875,627.0
1780761524.6832705,15,264.609375,626.0
1780761524.6832705,15,266.03125,625.25
1780761524.6832705,15,267.375,625.0
1780761524.6832705,15,268.65625,625.0
1780761524.6832705,15,270.0,625.5
1780761524.6832705,15,271.328125,626.0
1780761524.6832705,15,272.78125,626.25
1780761524.6832705,15,274.125,627.5
1780761524.6832705,15,275.28125,629.75
1780761524.6832705,15,276.734375,632.0
1780761524.6832705,15,278.0625,634.5
1780761524.6832705,15,279.359375,638.25
1780761524.6832705,15,280.75,641.75
1780761524.6832705,15,281.96875,645.0
1780761524.6832705,15,283.359375,649.0
1780761524.6832705,15,284.671875,653.25
1780761524.6832705,15,286.078125,658.25
1780761524.6832705,15,287.359375,663.5
1780761524.6832705,15,288.65625,669.25
1780761524.6832705,15,289.890625,675.75
1780761524.6832705,15,291.1875,682.25
1780761524.6832705,15,292.546875,689.25
1780761524.6832705,15,298.5625,512.25
1780761524.6832705,15,299.828125,520.0
1780761524.6832705,15,301.421875,529.0
1780761524.6832705,15,302.65625,539.0
1780761524.6832705,15,303.90625,548.75
1780761524.6832705,15,305.21875,558.0
1780761524.6832705,15,306.40625,570.25
1780761524.6832705,15,307.828125,584.0
1780761524.6832705,15,308.953125,598.0
1780761524.6832705,15,313.625,891.25
1780761524.6832705,15,314.890625,912.5
1780761524.6832705,15,316.203125,933.5
1780761524.6832705,15,317.546875,953.25
1780761524.6832705,15,318.75,976.5
1780761524.6832705,8,320.109375,1003.0
1780761524.6832705,15,321.390625,1027.5
1780761524.6832705,15,325.296875,1131.5
1780761524.6832705,4,334.203125,1733.75
1780761524.6832705,15,335.515625,1720.0
1780761524.6832705,9,338.203125,1696.75
1780761524.6832705,15,342.171875,1845.75
1780761524.6832705,15,346.15625,1861.75
1780761524.6832705,4,347.53125,1877.5
1780761524.820611,15,352.90625,1862.25
1780761524.820611,15,359.734375,1570.0
1780761524.820611,15,1.046875,1570.0
1780761524.820611,15,3.71875,1570.5
1780761524.820611,15,5.0625,1570.75
1780761524.820611,15,6.40625,1570.75
1780761524.820611,15,7.765625,1571.0
1780761524.820611,15,35.84375,1560.75
1780761524.820611,15,40.796875,777.5
1780761524.820611,15,42.109375,779.5
1780761524.820611,15,43.4375,783.0
1780761524.820611,15,44.78125,787.25
1780761524.820611,15,46.140625,792.75
1780761524.820611,15,47.3125,797.5
1780761524.820611,15,48.765625,803.5
1780761524.820611,15,50.109375,810.25
1780761524.820611,15,51.359375,817.75
1780761524.820611,15,52.75,824.5
1780761524.820611,15,54.03125,833.25
1780761524.820611,15,55.28125,841.75
1780761524.820611,15,58.4375,1733.0
1780761524.820611,15,59.8125,1707.75
1780761524.820611,15,62.53125,1673.25
1780761524.820611,15,63.859375,1649.75
1780761524.820611,15,65.21875,1630.0
1780761524.820611,15,66.546875,1601.0
1780761524.820611,15,67.890625,1590.25
1780761524.820611,15,69.28125,1580.25
1780761524.820611,6,70.640625,1569.5
1780761524.820611,15,71.96875,1558.5
1780761524.820611,15,73.3125,1548.75
1780761524.820611,15,74.671875,1539.75
1780761524.820611,15,75.96875,1530.75
1780761524.820611,15,77.359375,1530.5
1780761524.820611,15,78.625,1529.5
1780761524.820611,8,79.984375,1512.75
1780761524.820611,7,81.359375,1512.5
1780761524.820611,15,82.6875,1511.75
1780761524.820611,15,84.0,1494.0
1780761524.820611,15,85.328125,1487.75
1780761524.820611,15,86.6875,1483.5
1780761524.820611,15,88.0,1489.0
1780761524.820611,15,89.34375,1493.5
1780761524.820611,15,90.65625,1493.25
1780761524.820611,15,92.0,1488.5
1780761524.820611,8,93.359375,1506.5
1780761524.820611,15,97.234375,682.25
1780761524.820611,15,98.515625,670.5
1780761524.820611,15,99.890625,660.5
1780761524.820611,15,101.1875,655.0
1780761524.820611,15,108.09375,1424.75
1780761524.820611,15,109.421875,1414.75
1780761524.820611,15,110.71875,1409.25
1780761524.820611,15,112.078125,1392.25
1780761524.820611,9,113.4375,1403.25
1780761524.820611,15,116.875,804.5
1780761524.820611,6,140.125,1425.5
1780761524.820611,15,141.453125,1415.75
1780761524.820611,5,142.75,1406.25
1780761524.820611,15,144.125,1406.0
1780761524.820611,15,147.984375,1620.0
1780761524.820611,15,149.328125,1600.5
1780761524.820611,15,150.671875,1580.75
1780761524.820611,15,153.546875,1300.25
1780761524.820611,15,156.328125,1163.25
1780761524.820611,15,157.6875,1157.0
1780761524.820611,15,159.078125,1160.0
1780761524.820611,15,160.421875,1155.25
1780761524.820611,15,161.71875,1159.5
1780761524.820611,15,164.375,1124.75
1780761524.820611,15,165.75,1119.5
1780761524.820611,15,167.125,1115.25
1780761524.820611,15,168.453125,1110.5
1780761524.820611,15,169.78125,1108.5
1780761524.820611,15,171.171875,1108.25
1780761524.820611,15,172.484375,1099.0
1780761524.820611,15,173.796875,1095.25
1780761524.820611,15,175.109375,1096.25
1780761524.820611,15,176.453125,1096.0
1780761524.820611,15,177.84375,1095.75
1780761524.820611,15,179.1875,1092.75
1780761524.820611,15,180.609375,1094.5
1780761524.820611,15,181.984375,1094.25
1780761524.820611,15,183.3125,1095.25
1780761524.820611,15,184.609375,1100.25
1780761524.820611,15,185.953125,1096.75
1780761524.820611,15,189.953125,1093.5
1780761524.820611,15,191.3125,1113.0
1780761524.820611,15,192.65625,1135.75
1780761524.820611,15,211.03125,1507.5
1780761524.820611,15,214.078125,1029.75
1780761524.820611,15,215.453125,1017.75
1780761524.820611,15,218.3125,960.75
1780761524.820611,15,219.71875,936.0
1780761524.820611,15,221.046875,914.5
1780761524.820611,15,222.453125,894.75
1780761524.820611,15,223.8125,874.5
1780761524.820611,15,225.109375,853.75
1780761524.820611,15,226.625,833.0
1780761524.820611,15,227.875,816.0
1780761524.820611,15,229.265625,800.5
1780761524.820611,15,230.71875,785.25
1780761524.820611,15,232.0,772.5
1780761524.820611,15,233.328125,760.0
1780761524.820611,15,234.859375,747.25
1780761524.820611,15,236.140625,736.5
1780761524.820611,15,237.5,727.25
1780761524.820611,15,238.890625,717.25
1780761524.820611,15,240.171875,709.0
1780761524.820611,15,241.5625,700.25
1780761524.820611,15,242.90625,691.0
1780761524.820611,15,244.359375,683.75
1780761524.820611,15,245.640625,676.5
1780761524.820611,15,247.140625,670.0
1780761524.820611,15,248.421875,663.25
1780761524.820611,15,249.734375,657.5
1780761524.820611,15,251.1875,652.5
1780761524.820611,15,252.4375,648.0
1780761524.820611,15,253.84375,644.0
1780761524.820611,15,255.140625,641.25
1780761524.820611,15,256.609375,638.0
1780761524.820611,15,257.90625,633.5
1780761524.820611,15,259.203125,629.75
1780761524.820611,15,260.515625,627.25
1780761524.820611,15,261.90625,625.75
1780761524.820611,15,263.34375,624.0
1780761524.820611,15,264.59375,622.75
1780761524.820611,15,265.9375,622.0
1780761524.820611,15,267.1875,621.75
1780761524.820611,15,268.5625,621.75
1780761524.820611,15,269.90625,622.25
1780761524.820611,15,271.203125,623.0
1780761524.820611,15,272.546875,623.75
1780761524.820611,15,273.875,624.75
1780761524.820611,15,275.375,627.0
1780761524.820611,15,276.6875,629.5
1780761524.820611,15,277.9375,631.75
1780761524.820611,15,279.359375,636.25
1780761524.820611,15,280.546875,640.5
1780761524.820611,15,281.84375,643.0
1780761524.820611,15,283.125,647.0
1780761524.820611,15,284.625,651.0
1780761524.820611,15,285.84375,655.5
1780761524.820611,15,287.140625,661.0
1780761524.820611,15,288.578125,667.25
1780761524.820611,15,289.90625,673.5
1780761524.820611,15,291.125,680.5
1780761524.820611,15,292.5,688.25
1780761524.820611,15,293.6875,694.5
1780761524.820611,15,295.015625,702.5
1780761524.820611,15,298.296875,561.5
1780761524.820611,15,299.703125,545.25
1780761524.820611,15,301.09375,533.0
1780761524.820611,15,302.46875,534.0
1780761524.820611,15,303.6875,543.5
1780761524.820611,15,305.125,553.25
1780761524.820611,15,306.453125,564.0
1780761524.820611,15,307.71875,576.75
1780761524.820611,15,308.9375,590.75
1780761524.820611,15,310.171875,605.25
1780761524.820611,15,316.0625,931.5
1780761524.820611,15,317.28125,950.75
1780761524.820611,15,318.640625,977.0
1780761524.820611,8,319.9375,1003.25
1780761524.820611,15,321.234375,1027.5
1780761524.820611,15,325.078125,1131.75
1780761524.820611,15,327.65625,1214.0
1780761524.820611,15,334.0,1759.25
1780761524.820611,15,335.3125,1747.5
1780761524.820611,15,336.6875,1746.5
1780761524.820611,15,338.015625,1732.75
1780761524.820611,15,339.359375,1745.0
1780761524.9583154,15,353.984375,1904.75
1780761524.9583154,15,356.8125,1590.0
1780761524.9583154,15,358.15625,1590.0
1780761524.9583154,15,359.46875,1590.0
1780761524.9583154,15,2.171875,1590.5
1780761524.9583154,15,3.46875,1600.25
1780761524.9583154,15,4.8125,1619.5
1780761524.9583154,15,7.46875,1629.0
1780761524.9583154,15,12.609375,1983.75
1780761524.9583154,15,13.953125,1999.0
1780761524.9583154,15,39.125,804.75
1780761524.9583154,15,40.53125,808.0
1780761524.9583154,15,41.828125,811.25
1780761524.9583154,15,43.09375,817.5
1780761524.9583154,15,44.46875,822.75
1780761524.9583154,15,45.78125,825.75
1780761524.9583154,15,47.15625,831.5
1780761524.9583154,15,48.484375,839.25
1780761524.9583154,15,49.8125,846.25
1780761524.9583154,15,51.109375,854.0
1780761524.9583154,15,55.609375,1772.25
1780761524.9583154,15,58.328125,1734.0
1780761524.9583154,3,59.625,1708.25
1780761524.9583154,15,62.34375,1674.0
1780761524.9583154,15,63.640625,1649.75
1780761524.9583154,15,65.0625,1630.0
1780761524.9583154,15,66.375,1601.25
1780761524.9583154,15,67.71875,1590.75
1780761524.9583154,15,69.046875,1589.25
1780761524.9583154,7,70.4375,1570.25
1780761524.9583154,15,71.75,1550.0
1780761524.9583154,15,73.078125,1548.25
1780761524.9583154,15,74.421875,1548.0
1780761524.9583154,15,75.796875,1539.0
1780761524.9583154,15,77.09375,1530.75
1780761524.9583154,15,78.4375,1530.25
1780761524.9583154,8,79.828125,1529.25
1780761524.9583154,9,81.125,1512.5
1780761524.9583154,9,82.53125,1496.25
1780761524.9583154,8,83.8125,1512.0
1780761524.9583154,15,85.1875,1507.5
1780761524.9583154,15,86.53125,1485.25
1780761524.9583154,15,87.796875,1485.5
1780761524.9583154,10,89.203125,1487.5
1780761524.9583154,15,90.515625,1487.5
1780761524.9583154,15,94.359375,675.25
1780761524.9583154,15,95.75,663.25
1780761524.9583154,15,97.203125,652.5
1780761524.9583154,15,98.4375,651.5
1780761524.9583154,15,107.859375,1401.25
1780761524.9583154,6,109.21875,1398.0
1780761524.9583154,15,110.546875,1386.0
1780761524.9583154,15,113.90625,793.5
1780761524.9583154,3,138.484375,1409.75
1780761524.9583154,15,142.515625,1346.5
1780761524.9583154,6,149.03125,1569.5
1780761524.9583154,15,150.375,1549.5
1780761524.9583154,15,156.171875,1123.25
1780761524.9583154,15,157.484375,1133.75
1780761524.9583154,15,158.796875,1132.25
1780761524.9583154,15,160.15625,1133.75
1780761524.9583154,15,161.53125,1128.75
1780761524.9583154,15,162.84375,1104.75
1780761524.9583154,15,164.265625,1090.5
1780761524.9583154,15,165.515625,1085.75
1780761524.9583154,15,166.9375,1084.0
1780761524.9583154,15,168.265625,1077.0
1780761524.9583154,15,169.609375,1072.75
1780761524.9583154,15,170.9375,1073.25
1780761524.9583154,15,172.21875,1071.5
1780761524.9583154,15,173.640625,1068.25
1780761524.9583154,15,174.984375,1065.75
1780761524.9583154,15,176.234375,1062.5
1780761524.9583154,15,177.609375,1059.25
1780761524.9583154,15,179.015625,1056.75
1780761524.9583154,15,180.375,1055.5
1780761524.9583154,15,181.6875,1058.25
1780761524.9583154,15,183.0625,1057.5
1780761524.9583154,15,184.375,1060.5
1780761524.9583154,15,185.796875,1061.25
1780761524.9583154,15,187.078125,1051.5
1780761524.9583154,15,188.484375,1050.25
1780761524.9583154,15,189.75,1056.75
1780761524.9583154,15,191.046875,1071.5
1780761524.9583154,15,192.390625,1093.75
1780761524.9583154,15,193.734375,1117.0
1780761524.9583154,15,212.03125,1470.5
1780761524.9583154,9,215.171875,1004.75
1780761524.9583154,15,217.953125,965.25
1780761524.9583154,15,219.28125,940.75
1780761524.9583154,15,220.609375,916.75
1780761524.9583154,15,222.0,896.75
1780761524.9583154,15,223.421875,875.75
1780761524.9583154,15,224.859375,857.0
1780761524.9583154,15,226.25,838.25
1780761524.9583154,15,227.59375,819.5
1780761524.9583154,15,228.828125,803.0
1780761524.9583154,15,230.25,787.5
1780761524.9583154,15,231.6875,773.75
1780761524.9583154,15,232.921875,760.75
1780761524.9583154,15,234.40625,749.25
1780761524.9583154,15,235.796875,739.0
1780761524.9583154,15,237.03125,729.0
1780761524.9583154,15,238.390625,719.0
1780761524.9583154,15,239.75,708.75
1780761524.9583154,15,241.1875,700.25
1780761524.9583154,15,242.453125,692.0
1780761524.9583154,15,243.921875,684.0
1780761524.9583154,15,245.1875,676.75
1780761524.9583154,15,246.59375,670.5
1780761524.9583154,15,247.984375,664.25
1780761524.9583154,15,249.3125,658.0
1780761524.9583154,15,250.5625,652.25
1780761524.9583154,15,251.90625,648.25
1780761524.9583154,15,253.453125,644.25
1780761524.9583154,15,254.84375,640.25
1780761524.9583154,15,256.1875,637.0
1780761524.9583154,15,257.421875,633.0
1780761524.9583154,15,258.859375,629.75
1780761524.9583154,15,260.140625,627.5
1780761524.9583154,15,261.59375,625.25
1780761524.9583154,15,262.8125,623.25
1780761524.9583154,15,264.265625,622.25
1780761524.9583154,15,265.40625,621.5
1780761524.9583154,15,266.890625,621.0
1780761524.9583154,15,268.109375,621.5
1780761524.9583154,15,269.625,621.5
1780761524.9583154,15,270.78125,621.25
1780761524.9583154,15,272.1875,622.5
1780761524.9583154,15,273.625,624.0
1780761524.9583154,15,274.953125,625.25
1780761524.9583154,15,276.140625,627.5
1780761524.9583154,15,277.5,629.75
1780761524.9583154,15,278.8125,632.0
1780761524.9583154,15,280.03125,635.25
1780761524.9583154,15,281.40625,639.5
1780761524.9583154,15,282.765625,644.25
1780761524.9583154,15,284.0,648.0
1780761524.9583154,15,285.484375,652.0
1780761524.9583154,15,286.75,657.75
1780761524.9583154,15,288.109375,663.75
1780761524.9583154,15,289.375,669.0
1780761524.9583154,15,290.71875,675.75
1780761524.9583154,15,291.90625,683.0
1780761524.9583154,15,293.25,690.0
1780761524.9583154,15,294.46875,698.25
1780761524.9583154,15,295.953125,707.0
1780761524.9583154,15,297.140625,715.25
1780761524.9583154,15,298.484375,724.75
1780761524.9583154,15,301.765625,581.75
1780761524.9583154,15,303.25,565.0
1780761524.9583154,15,304.546875,553.5
1780761524.9583154,15,305.890625,555.0
1780761524.9583154,15,307.015625,567.0
1780761524.9583154,15,308.5,580.0
1780761524.9583154,15,309.75,592.25
1780761524.9583154,15,310.9375,605.75
1780761524.9583154,15,312.25,622.25
1780761524.9583154,15,313.453125,640.75
1780761524.9583154,15,318.109375,962.75
1780761524.9583154,15,319.4375,988.0
1780761524.9583154,15,320.734375,1012.5
1780761524.9583154,15,322.03125,1039.5
1780761524.9583154,15,325.859375,1154.0
1780761524.9583154,15,328.40625,1237.25
1780761524.9583154,15,334.765625,1807.75
1780761524.9583154,15,336.125,1772.0
1780761524.9583154,15,337.4375,1748.25
1780761524.9583154,15,338.859375,1728.0
1780761524.9583154,15,342.75,1905.5
1780761524.9583154,15,345.359375,2013.25
1780761524.9583154,15,346.6875,1999.25
1780761524.9583154,15,348.0,1999.25
1780761524.9583154,15,350.6875,1983.75
1780761525.0957067,15,357.53125,1629.25
1780761525.0957067,15,358.859375,1629.25
1780761525.0957067,15,0.1875,1629.25
1780761525.0957067,15,4.203125,1629.25
1780761525.0957067,15,5.53125,1629.25
1780761525.0957067,15,11.984375,1999.25
1780761525.0957067,15,13.3125,2030.0
1780761525.0957067,15,36.984375,832.75
1780761525.0957067,15,38.375,835.0
1780761525.0957067,15,39.75,838.0
1780761525.0957067,15,41.109375,842.0
1780761525.0957067,15,42.40625,847.25
1780761525.0957067,15,43.671875,852.75
1780761525.0957067,15,44.984375,858.5
1780761525.0957067,15,46.265625,864.0
1780761525.0957067,15,47.59375,868.25
1780761525.0957067,15,48.9375,875.25
1780761525.0957067,15,50.234375,883.75
1780761525.0957067,15,53.453125,1832.5
1780761525.0957067,15,57.53125,1747.0
1780761525.0957067,15,58.90625,1722.75
1780761525.0957067,15,60.203125,1697.5
1780761525.0957067,15,61.59375,1683.75
1780761525.0957067,15,62.921875,1660.75
1780761525.0957067,15,64.265625,1639.5
1780761525.0957067,15,65.625,1611.5
1780761525.0957067,15,66.953125,1592.25
1780761525.0957067,15,68.3125,1589.75
1780761525.0957067,15,69.671875,1588.5
1780761525.0957067,6,71.03125,1569.0
1780761525.0957067,15,72.328125,1549.5
1780761525.0957067,15,73.703125,1548.25
1780761525.0957067,15,75.015625,1547.5
1780761525.0957067,15,76.390625,1539.0
1780761525.0957067,15,77.703125,1530.25
1780761525.0957067,15,79.046875,1529.75
1780761525.0957067,9,80.375,1529.0
1780761525.0957067,9,81.71875,1512.75
1780761525.0957067,9,83.03125,1496.25
1780761525.0957067,8,84.328125,1494.5
1780761525.0957067,15,85.71875,1494.25
1780761525.0957067,15,87.046875,1494.0
1780761525.0957067,15,90.953125,676.5
1780761525.0957067,15,92.265625,663.25
1780761525.0957067,15,93.53125,651.0
1780761525.0957067,15,94.875,645.75
1780761525.0957067,3,105.75,1414.75
1780761525.0957067,15,108.328125,1390.25
1780761525.0957067,15,111.796875,772.0
1780761525.0957067,15,138.984375,1326.25
1780761525.0957067,15,140.28125,1332.25
1780761525.0957067,15,141.65625,1332.0
1780761525.0957067,15,142.96875,1326.0
1780761525.0957067,15,146.75,1568.0
1780761525.0957067,15,148.15625,1548.5
1780761525.0957067,6,149.421875,1530.0
1780761525.0957067,15,155.140625,1095.25
1780761525.0957067,15,156.5625,1097.5
1780761525.0957067,15,158.0,1097.75
1780761525.0957067,15,159.296875,1096.5
1780761525.0957067,15,160.65625,1092.0
1780761525.0957067,15,161.953125,1074.25
1780761525.0957067,15,163.34375,1061.5
1780761525.0957067,15,164.625,1057.5
1780761525.0957067,15,166.015625,1049.75
1780761525.0957067,15,167.421875,1043.75
1780761525.0957067,15,168.75,1041.25
1780761525.0957067,15,170.078125,1046.5
1780761525.0957067,15,171.453125,1043.25
1780761525.0957067,15,172.734375,1030.75
1780761525.0957067,15,174.0625,1025.0
1780761525.0957067,15,175.4375,1023.5
1780761525.0957067,15,176.6875,1025.75
1780761525.0957067,15,178.03125,1023.25
1780761525.0957067,15,179.4375,1024.25
1780761525.0957067,15,180.71875,1023.5
1780761525.0957067,15,182.015625,1022.25
1780761525.0957067,15,183.359375,1026.25
1780761525.0957067,15,184.765625,1026.75
1780761525.0957067,15,186.109375,1022.25
1780761525.0957067,15,187.390625,1016.75
1780761525.0957067,15,188.78125,1012.75
1780761525.0957067,15,190.09375,1016.75
1780761525.0957067,15,191.40625,1033.75
1780761525.0957067,15,192.625,1057.25
1780761525.0957067,15,193.984375,1082.5
1780761525.0957067,15,212.328125,1445.75
1780761525.0957067,15,221.015625,910.5
1780761525.0957067,15,222.265625,889.75
1780761525.0957067,15,223.671875,869.75
1780761525.0957067,15,225.09375,851.25
1780761525.0957067,15,226.5,832.25
1780761525.0957067,15,227.84375,813.75
1780761525.0957067,15,229.125,797.5
1780761525.0957067,15,230.609375,783.75
1780761525.0957067,15,231.875,770.0
1780761525.0957067,15,233.375,755.25
1780761525.0957067,15,234.671875,743.0
1780761525.0957067,15,236.0625,737.5
1780761525.0957067,15,237.375,728.25
1780761525.0957067,15,238.71875,714.0
1780761525.0957067,15,240.09375,704.0
1780761525.0957067,15,241.5,695.25
1780761525.0957067,15,242.8125,686.75
1780761525.0957067,15,244.125,678.75
1780761525.0957067,15,245.59375,672.5
1780761525.0957067,15,246.984375,666.0
1780761525.0957067,15,248.34375,659.75
1780761525.0957067,15,249.625,654.25
1780761525.0957067,15,251.0625,649.25
1780761525.0957067,15,252.390625,645.0
1780761525.0957067,15,253.796875,641.25
1780761525.0957067,15,255.046875,637.0
1780761525.0957067,15,256.46875,632.25
1780761525.0957067,15,257.78125,629.5
1780761525.0957067,15,259.125,627.0
1780761525.0957067,15,260.53125,624.75
1780761525.0957067,15,261.734375,623.0
1780761525.0957067,15,263.25,621.0
1780761525.0957067,15,264.40625,620.0
1780761525.0957067,15,265.765625,620.0
1780761525.0957067,15,267.28125,619.5
1780761525.0957067,15,268.5,619.0
1780761525.0957067,15,269.953125,619.5
1780761525.0957067,15,271.265625,620.25
1780761525.0957067,15,272.59375,621.25
1780761525.0957067,15,273.890625,622.5
1780761525.0957067,15,275.109375,623.5
1780761525.0957067,15,276.40625,625.25
1780761525.0957067,15,277.703125,628.0
1780761525.0957067,15,279.1875,631.25
1780761525.0957067,15,280.40625,635.0
1780761525.0957067,15,281.75,639.25
1780761525.0957067,15,283.0625,643.25
1780761525.0957067,15,284.4375,647.25
1780761525.0957067,15,285.796875,652.25
1780761525.0957067,15,286.96875,657.5
1780761525.0957067,15,288.390625,662.25
1780761525.0957067,15,289.625,668.75
1780761525.0957067,15,290.890625,676.5
1780761525.0957067,15,292.3125,683.5
1780761525.0957067,15,293.5625,690.75
1780761525.0957067,15,294.796875,699.5
1780761525.0957067,15,296.25,708.0
1780761525.0957067,15,297.453125,716.5
1780761525.0957067,15,298.84375,725.75
1780761525.0957067,15,300.15625,735.75
1780761525.0957067,15,301.4375,746.5
1780761525.0957067,15,304.6875,603.5
1780761525.0957067,15,306.109375,589.0
1780761525.0957067,15,307.375,577.5
1780761525.0957067,15,308.78125,579.5
1780761525.0957067,15,309.90625,592.5
1780761525.0957067,15,311.265625,605.75
1780761525.0957067,15,312.5,621.75
1780761525.0957067,15,313.75,637.5
1780761525.0957067,15,318.46875,966.75
1780761525.0957067,15,320.9375,1020.25
1780761525.0957067,15,322.296875,1047.25
1780761525.0957067,6,326.21875,1160.75
1780761525.0957067,4,328.828125,1249.0
1780761525.0957067,15,335.1875,1832.75
1780761525.0957067,15,336.578125,1808.0
1780761525.0957067,15,337.90625,1796.0
1780761525.0957067,15,339.265625,1782.75
1780761525.0957067,15,345.84375,2029.75
1780761525.0957067,15,347.171875,1999.25
1780761525.0957067,15,348.515625,1999.25
1780761525.0957067,15,349.84375,1999.25
1780761525.233348,15,351.1875,1999.25
1780761525.233348,15,352.53125,1999.25
1780761525.233348,15,353.859375,1999.25
1780761525.233348,15,11.15625,2029.75
1780761525.233348,15,12.484375,2060.5
1780761525.233348,15,19.15625,2060.25
1780761525.233348,15,20.484375,2044.5
1780761525.233348,15,32.65625,1618.75
1780761525.233348,15,36.25,865.0
1780761525.233348,15,37.515625,866.5
1780761525.233348,15,38.8125,868.5
1780761525.233348,15,40.109375,872.5
1780761525.233348,15,41.5,877.5
1780761525.233348,15,42.875,882.75
1780761525.233348,15,44.21875,889.75
1780761525.233348,15,45.4375,894.25
1780761525.233348,15,46.8125,899.0
1780761525.233348,15,48.078125,906.25
1780761525.233348,15,56.734375,1748.0
1780761525.233348,5,58.109375,1734.25
1780761525.233348,2,59.5,1709.25
1780761525.233348,15,62.203125,1674.0
1780761525.233348,15,63.546875,1650.0
1780761525.233348,15,64.859375,1630.5
1780761525.233348,15,66.25,1601.75
1780761525.233348,15,67.5625,1591.25
1780761525.233348,15,68.921875,1589.75
1780761525.233348,7,70.265625,1578.5
1780761525.233348,15,71.609375,1558.25
1780761525.233348,15,72.953125,1547.5
1780761525.233348,15,74.3125,1546.75
1780761525.233348,15,75.609375,1547.0
1780761525.233348,15,76.96875,1538.25
1780761525.233348,15,78.296875,1530.0
1780761525.233348,9,79.640625,1530.0
1780761525.233348,9,81.03125,1528.75
1780761525.233348,8,82.328125,1528.5
1780761525.233348,7,83.5,1528.75
1780761525.233348,15,87.40625,683.0
1780761525.233348,15,88.75,667.5
1780761525.233348,15,90.125,653.25
1780761525.233348,15,91.546875,643.75
1780761525.233348,15,92.8125,651.25
1780761525.233348,15,94.078125,672.0
1780761525.233348,3,104.921875,1396.75
1780761525.233348,15,109.703125,755.25
1780761525.233348,15,114.171875,1439.75
1780761525.233348,15,136.828125,1326.0
1780761525.233348,15,138.15625,1326.0
1780761525.233348,1,140.859375,1280.75
1780761525.233348,5,146.0,1542.75
1780761525.233348,15,148.6875,1459.0
1780761525.233348,15,154.375,1056.25
1780761525.233348,15,155.84375,1065.0
1780761525.233348,15,157.125,1067.0
1780761525.233348,15,158.484375,1065.0
1780761525.233348,15,159.90625,1058.25
1780761525.233348,15,161.21875,1041.75
1780761525.233348,15,162.53125,1024.0
1780761525.233348,15,163.84375,1019.25
1780761525.233348,15,165.25,1019.5
1780761525.233348,15,166.578125,1016.75
1780761525.233348,15,167.921875,1014.0
1780761525.233348,15,169.3125,1002.25
1780761525.233348,15,170.625,995.25
1780761525.233348,15,171.90625,998.75
1780761525.233348,15,173.265625,997.5
1780761525.233348,15,174.640625,997.25
1780761525.233348,15,176.03125,993.25
1780761525.233348,15,177.34375,988.75
1780761525.233348,15,178.640625,991.0
1780761525.233348,15,179.984375,990.5
1780761525.233348,15,181.265625,987.75
1780761525.233348,15,182.625,987.0
1780761525.233348,15,183.96875,989.0
1780761525.233348,15,185.359375,985.75
1780761525.233348,15,186.65625,981.0
1780761525.233348,15,190.578125,987.5
1780761525.233348,15,191.875,1003.5
1780761525.233348,15,193.265625,1024.5
1780761525.233348,15,194.484375,1048.75
1780761525.233348,15,206.15625,1329.25
1780761525.233348,15,212.765625,1412.5
1780761525.233348,9,214.046875,1430.0
1780761525.233348,15,220.046875,924.0
1780761525.233348,15,221.296875,903.75
1780761525.233348,15,222.671875,880.25
1780761525.233348,15,224.0625,860.25
1780761525.233348,15,225.46875,841.5
1780761525.233348,15,226.84375,822.25
1780761525.233348,15,228.3125,804.5
1780761525.233348,15,229.75,788.75
1780761525.233348,15,231.140625,774.75
1780761525.233348,15,232.484375,762.0
1780761525.233348,15,233.78125,750.0
1780761525.233348,15,235.109375,738.0
1780761525.233348,15,236.53125,727.75
1780761525.233348,15,237.9375,717.75
1780761525.233348,15,239.1875,709.25
1780761525.233348,15,240.5625,700.25
1780761525.233348,15,242.015625,690.75
1780761525.233348,15,243.3125,683.0
1780761525.233348,15,244.640625,676.0
1780761525.233348,15,246.140625,669.0
1780761525.233348,15,247.375,662.75
1780761525.233348,15,248.71875,657.0
1780761525.233348,15,250.1875,651.5
1780761525.233348,15,251.484375,646.25
1780761525.233348,15,252.734375,642.25
1780761525.233348,15,254.171875,639.75
1780761525.233348,15,255.5,634.75
1780761525.233348,15,256.90625,630.0
1780761525.233348,15,258.203125,627.25
1780761525.233348,15,259.5,624.75
1780761525.233348,15,260.921875,622.75
1780761525.233348,15,262.28125,621.25
1780761525.233348,15,263.5625,619.5
1780761525.233348,15,264.75,618.5
1780761525.233348,15,266.15625,617.75
1780761525.233348,15,267.578125,617.25
1780761525.233348,15,268.84375,617.5
1780761525.233348,15,270.21875,618.5
1780761525.233348,15,271.484375,619.25
1780761525.233348,15,272.78125,620.0
1780761525.233348,15,274.140625,621.25
1780761525.233348,15,275.40625,622.75
1780761525.233348,15,276.796875,625.0
1780761525.233348,15,278.21875,627.5
1780761525.233348,15,279.359375,630.75
1780761525.233348,15,280.65625,635.0
1780761525.233348,15,282.15625,639.0
1780761525.233348,15,283.4375,642.25
1780761525.233348,15,284.796875,646.0
1780761525.233348,15,286.0625,650.5
1780761525.233348,15,287.3125,656.5
1780761525.233348,15,288.75,662.25
1780761525.233348,15,289.9375,668.5
1780761525.233348,15,291.359375,676.0
1780761525.233348,15,292.59375,682.75
1780761525.233348,15,293.875,690.0
1780761525.233348,15,295.234375,698.25
1780761525.233348,15,296.46875,707.25
1780761525.233348,15,297.859375,716.5
1780761525.233348,15,299.140625,726.0
1780761525.233348,15,300.5625,735.5
1780761525.233348,15,301.734375,746.5
1780761525.233348,15,303.109375,758.25
1780761525.233348,15,304.34375,771.25
1780761525.233348,15,307.5625,625.5
1780761525.233348,15,308.828125,610.25
1780761525.233348,15,310.390625,600.25
1780761525.233348,15,311.65625,604.25
1780761525.233348,15,312.84375,619.25
1780761525.233348,15,314.234375,634.25
1780761525.233348,15,316.765625,673.0
1780761525.233348,15,323.8125,1093.5
1780761525.233348,15,327.734375,1213.75
1780761525.233348,15,338.0,1833.0
1780761525.233348,15,339.359375,1808.25
1780761525.233348,15,343.265625,1999.25
1780761525.233348,15,345.9375,2077.5
1780761525.233348,15,348.578125,2060.25
1780761525.3713682,15,351.25,2044.75
1780761525.3713682,15,352.578125,2028.75
1780761525.3713682,15,353.90625,2028.25
1780761525.3713682,15,356.703125,1719.25
1780761525.3713682,15,358.03125,1719.25
1780761525.3713682,15,359.359375,1719.25
1780761525.3713682,15,11.171875,2060.5
1780761525.3713682,15,34.625,896.25
1780761525.3713682,15,36.109375,898.25
1780761525.3713682,15,37.484375,900.25
1780761525.3713682,15,38.828125,903.5
1780761525.3713682,15,40.09375,906.75
1780761525.3713682,15,41.5,910.25
1780761525.3713682,15,42.84375,915.0
1780761525.3713682,15,44.109375,921.0
1780761525.3713682,15,45.421875,924.5
1780761525.3713682,15,46.734375,928.5
1780761525.3713682,15,56.71875,1770.75
1780761525.3713682,15,58.09375,1746.5
1780761525.3713682,15,59.390625,1732.5
1780761525.3713682,15,62.078125,1695.25
1780761525.3713682,15,63.421875,1660.5
1780761525.3713682,15,64.78125,1626.25
1780761525.3713682,15,66.15625,1597.0
1780761525.3713682,15,67.484375,1590.75
1780761525.3713682,15,68.828125,1590.0
1780761525.3713682,15,70.171875,1588.5
1780761525.3713682,15,71.5,1569.25
1780761525.3713682,15,72.859375,1549.75
1780761525.3713682,4,74.171875,1548.25
1780761525.3713682,15,75.484375,1547.75
1780761525.3713682,15,76.84375,1547.25
1780761525.3713682,15,78.171875,1538.0
1780761525.3713682,15,79.515625,1529.5
1780761525.3713682,9,80.875,1529.0
1780761525.3713682,15,84.625,680.0
1780761525.3713682,15,86.0,663.0
1780761525.3713682,15,87.40625,648.25
1780761525.3713682,15,88.625,646.5
1780761525.3713682,15,89.984375,659.5
1780761525.3713682,15,91.171875,677.25
1780761525.3713682,15,92.5625,697.75
1780761525.3713682,6,95.390625,1529.25
1780761525.3713682,15,96.734375,1529.25
1780761525.3713682,15,102.109375,1396.5
1780761525.3713682,15,106.921875,746.75
1780761525.3713682,15,111.4375,1424.0
1780761525.3713682,15,112.765625,1462.0
1780761525.3713682,15,123.421875,1442.75
1780761525.3713682,15,135.484375,1326.25
1780761525.3713682,15,138.265625,1262.25
1780761525.3713682,15,139.609375,1253.0
1780761525.3713682,15,146.015625,1459.5
1780761525.3713682,15,147.390625,1459.25
1780761525.3713682,15,153.15625,1039.5
1780761525.3713682,15,154.421875,1033.75
1780761525.3713682,15,155.828125,1030.0
1780761525.3713682,15,157.171875,1024.25
1780761525.3713682,15,158.53125,1019.5
1780761525.3713682,15,159.890625,1014.75
1780761525.3713682,15,161.171875,1002.25
1780761525.3713682,15,162.5,988.25
1780761525.3713682,15,163.953125,984.5
1780761525.3713682,15,165.203125,979.0
1780761525.3713682,15,166.5625,975.5
1780761525.3713682,15,167.890625,974.0
1780761525.3713682,15,169.234375,973.25
1780761525.3713682,15,170.546875,969.25
1780761525.3713682,15,171.90625,963.25
1780761525.3713682,15,173.234375,959.25
1780761525.3713682,15,174.59375,960.25
1780761525.3713682,15,175.890625,956.25
1780761525.3713682,15,177.296875,952.5
1780761525.3713682,15,178.609375,957.0
1780761525.3713682,15,179.890625,956.0
1780761525.3713682,15,181.203125,952.75
1780761525.3713682,15,182.578125,954.75
1780761525.3713682,15,183.921875,954.75
1780761525.3713682,15,185.1875,952.5
1780761525.3713682,15,186.578125,952.75
1780761525.3713682,15,187.921875,950.0
1780761525.3713682,15,189.203125,940.5
1780761525.3713682,15,190.578125,944.0
1780761525.3713682,15,191.875,964.75
1780761525.3713682,15,193.140625,985.75
1780761525.3713682,15,194.453125,1005.75
1780761525.3713682,15,206.078125,1297.5
1780761525.3713682,15,214.046875,1384.75
1780761525.3713682,15,218.5,927.75
1780761525.3713682,15,219.8125,927.75
1780761525.3713682,15,222.609375,877.0
1780761525.3713682,15,223.9375,857.25
1780761525.3713682,15,225.421875,836.25
1780761525.3713682,15,226.671875,819.0
1780761525.3713682,15,228.21875,803.75
1780761525.3713682,15,229.484375,786.5
1780761525.3713682,15,230.859375,771.5
1780761525.3713682,15,232.359375,758.25
1780761525.3713682,15,233.59375,747.0
1780761525.3713682,15,234.96875,736.0
1780761525.3713682,15,236.453125,724.75
1780761525.3713682,15,237.78125,714.25
1780761525.3713682,15,239.109375,704.75
1780761525.3713682,15,240.46875,696.0
1780761525.3713682,15,241.796875,688.0
1780761525.3713682,15,243.25,680.0
1780761525.3713682,15,244.453125,673.0
1780761525.3713682,15,245.984375,666.0
1780761525.3713682,15,247.296875,659.75
1780761525.3713682,15,248.640625,654.0
1780761525.3713682,15,249.921875,648.5
1780761525.3713682,15,251.375,643.75
1780761525.3713682,15,252.546875,640.25
1780761525.3713682,15,253.890625,636.25
1780761525.3713682,15,255.359375,631.25
1780761525.3713682,15,256.640625,628.25
1780761525.3713682,15,258.078125,626.5
1780761525.3713682,15,259.359375,623.5
1780761525.3713682,15,260.765625,620.0
1780761525.3713682,15,262.015625,618.25
1780761525.3713682,15,263.328125,617.5
1780761525.3713682,15,264.8125,617.5
1780761525.3713682,15,266.046875,617.0
1780761525.3713682,15,267.421875,615.5
1780761525.3713682,15,268.640625,614.75
1780761525.3713682,15,270.046875,615.75
1780761525.3713682,15,271.4375,617.75
1780761525.3713682,15,272.640625,618.5
1780761525.3713682,15,274.0,619.75
1780761525.3713682,15,275.390625,621.5
1780761525.3713682,15,276.65625,623.5
1780761525.3713682,15,277.984375,626.75
1780761525.3713682,15,279.296875,629.25
1780761525.3713682,15,280.625,631.75
1780761525.3713682,15,281.9375,636.5
1780761525.3713682,15,283.328125,641.25
1780761525.3713682,15,284.484375,645.25
1780761525.3713682,15,285.921875,649.75
1780761525.3713682,15,287.21875,654.5
1780761525.3713682,15,288.5,660.5
1780761525.3713682,15,289.75,667.0
1780761525.3713682,15,291.09375,674.25
1780761525.3713682,15,292.546875,680.75
1780761525.3713682,15,293.71875,688.0
1780761525.3713682,15,295.15625,697.5
1780761525.3713682,15,296.484375,705.75
1780761525.3713682,15,297.703125,715.25
1780761525.3713682,15,298.984375,725.0
1780761525.3713682,15,300.5,734.5
1780761525.3713682,15,301.671875,746.0
1780761525.3713682,15,302.96875,757.75
1780761525.3713682,15,304.328125,769.75
1780761525.3713682,15,305.578125,783.0
1780761525.3713682,15,307.015625,797.0
1780761525.3713682,15,310.125,649.75
1780761525.3713682,15,311.375,638.5
1780761525.3713682,15,312.875,627.75
1780761525.3713682,15,314.171875,631.0
1780761525.3713682,15,315.453125,647.5
1780761525.3713682,15,316.578125,665.75
1780761525.3713682,15,323.78125,1093.5
1780761525.3713682,15,328.984375,1249.75
1780761525.3713682,15,344.640625,2007.5
1780761525.3713682,15,348.640625,2094.0
1780761525.3713682,15,350.015625,2077.25
1780761525.5084763,15,351.359375,2060.25
1780761525.5084763,15,352.6875,2060.25
1780761525.5084763,15,354.03125,2060.25
1780761525.5084763,15,356.8125,1747.5
1780761525.5084763,15,358.15625,1747.5
1780761525.5084763,15,3.484375,1747.75
1780761525.5084763,15,4.828125,1747.75
1780761525.5084763,15,6.15625,1747.75
1780761525.5084763,15,7.53125,1748.0
1780761525.5084763,15,33.71875,927.25
1780761525.5084763,15,35.0625,929.0
1780761525.5084763,15,36.453125,929.25
1780761525.5084763,15,37.796875,930.25
1780761525.5084763,15,39.09375,932.25
1780761525.5084763,15,40.5625,936.25
1780761525.5084763,15,41.828125,941.5
1780761525.5084763,10,43.171875,945.5
1780761525.5084763,15,44.515625,950.75
1780761525.5084763,15,45.828125,955.75
1780761525.5084763,15,57.28125,1748.0
1780761525.5084763,5,58.640625,1734.0
1780761525.5084763,3,59.890625,1708.75
1780761525.5084763,15,61.296875,1684.5
1780761525.5084763,15,62.671875,1661.5
1780761525.5084763,15,63.984375,1650.0
1780761525.5084763,15,65.359375,1624.75
1780761525.5084763,15,66.671875,1595.75
1780761525.5084763,15,68.0625,1591.0
1780761525.5084763,15,69.375,1590.0
1780761525.5084763,15,70.71875,1578.25
1780761525.5084763,15,72.0625,1558.5
1780761525.5084763,15,73.453125,1548.75
1780761525.5084763,15,74.765625,1548.0
1780761525.5084763,15,76.09375,1548.0
1780761525.5084763,15,77.453125,1539.25
1780761525.5084763,15,81.4375,689.25
1780761525.5084763,15,82.65625,671.0
1780761525.5084763,15,84.078125,654.25
1780761525.5084763,15,85.46875,648.75
1780761525.5084763,15,86.59375,659.25
1780761525.5084763,15,87.9375,675.0
1780761525.5084763,15,89.265625,693.25
1780761525.5084763,7,94.78125,1528.5
1780761525.5084763,15,103.765625,741.0
1780761525.5084763,15,105.171875,749.25
1780761525.5084763,15,108.25,1373.25
1780761525.5084763,15,110.875,1434.5
1780761525.5084763,15,122.890625,1442.75
1780761525.5084763,15,136.40625,1255.25
1780761525.5084763,15,137.6875,1248.25
1780761525.5084763,15,139.078125,1242.75
1780761525.5084763,15,144.25,1442.5
1780761525.5084763,15,145.546875,1435.0
1780761525.5084763,6,146.953125,1426.0
1780761525.5084763,15,152.6875,993.75
1780761525.5084763,15,154.078125,1002.0
1780761525.5084763,15,155.34375,1001.5
1780761525.5084763,15,156.703125,996.0
1780761525.5084763,15,158.109375,991.5
1780761525.5084763,15,159.40625,988.5
1780761525.5084763,15,160.75,973.25
1780761525.5084763,15,162.21875,957.25
1780761525.5084763,15,163.46875,951.0
1780761525.5084763,15,164.9375,942.75
1780761525.5084763,15,166.171875,939.75
1780761525.5084763,15,167.515625,939.5
1780761525.5084763,15,168.875,938.0
1780761525.5084763,15,170.28125,931.75
1780761525.5084763,15,171.546875,924.0
1780761525.5084763,15,172.984375,918.75
1780761525.5084763,15,174.234375,917.25
1780761525.5084763,15,175.609375,918.0
1780761525.5084763,15,176.984375,917.25
1780761525.5084763,15,178.3125,918.0
1780761525.5084763,15,179.515625,919.5
1780761525.5084763,15,180.84375,922.0
1780761525.5084763,15,182.25,921.0
1780761525.5084763,15,183.5,919.25
1780761525.5084763,15,184.921875,919.75
1780761525.5084763,15,186.265625,914.25
1780761525.5084763,15,187.5,915.5
1780761525.5084763,15,188.875,920.25
1780761525.5084763,15,190.234375,915.5
1780761525.5084763,15,191.53125,916.25
1780761525.5084763,15,192.8125,934.25
1780761525.5084763,15,194.21875,958.0
1780761525.5084763,15,195.515625,978.0
1780761525.5084763,15,207.234375,1259.25
1780761525.5084763,15,215.109375,1344.25
1780761525.5084763,15,225.125,841.0
1780761525.5084763,15,226.484375,821.5
1780761525.5084763,15,228.0,804.25
1780761525.5084763,15,229.234375,788.25
1780761525.5084763,15,230.625,774.0
1780761525.5084763,15,232.03125,760.5
1780761525.5084763,15,233.484375,747.25
1780761525.5084763,15,234.84375,735.25
1780761525.5084763,15,236.21875,725.0
1780761525.5084763,15,237.453125,715.25
1780761525.5084763,15,238.9375,704.5
1780761525.5084763,15,240.265625,695.0
1780761525.5084763,15,241.640625,686.5
1780761525.5084763,15,243.015625,678.25
1780761525.5084763,15,244.234375,677.5
1780761525.5084763,15,245.625,671.0
1780761525.5084763,15,246.984375,659.25
1780761525.5084763,15,248.390625,652.75
1780761525.5084763,15,249.796875,647.25
1780761525.5084763,15,251.1875,643.0
1780761525.5084763,15,252.46875,638.5
1780761525.5084763,15,253.8125,633.75
1780761525.5084763,15,255.1875,629.25
1780761525.5084763,15,256.53125,626.0
1780761525.5084763,15,257.75,623.0
1780761525.5084763,15,259.078125,620.5
1780761525.5084763,15,260.453125,618.75
1780761525.5084763,15,261.828125,617.0
1780761525.5084763,15,263.28125,616.0
1780761525.5084763,15,264.484375,614.75
1780761525.5084763,15,265.859375,613.5
1780761525.5084763,15,267.15625,613.75
1780761525.5084763,15,268.640625,614.75
1780761525.5084763,15,269.890625,614.5
1780761525.5084763,15,271.3125,614.25
1780761525.5084763,15,272.59375,614.75
1780761525.5084763,15,274.015625,616.25
1780761525.5084763,15,275.328125,618.0
1780761525.5084763,15,276.53125,620.25
1780761525.5084763,15,277.875,622.75
1780761525.5084763,15,279.09375,625.25
1780761525.5084763,15,280.390625,628.25
1780761525.5084763,15,281.703125,633.0
1780761525.5084763,15,283.140625,637.25
1780761525.5084763,15,284.3125,641.0
1780761525.5084763,15,285.71875,646.0
1780761525.5084763,15,287.15625,650.5
1780761525.5084763,15,288.375,656.25
1780761525.5084763,15,289.71875,662.25
1780761525.5084763,15,290.984375,669.25
1780761525.5084763,15,292.203125,677.25
1780761525.5084763,15,293.5625,684.0
1780761525.5084763,15,295.0,691.75
1780761525.5084763,15,296.28125,701.25
1780761525.5084763,15,297.578125,710.5
1780761525.5084763,15,298.78125,719.25
1780761525.5084763,15,300.296875,729.5
1780761525.5084763,15,301.59375,739.75
1780761525.5084763,15,302.9375,751.75
1780761525.5084763,15,304.1875,764.5
1780761525.5084763,15,305.40625,777.0
1780761525.5084763,15,306.71875,790.5
1780761525.5084763,15,308.125,805.75
1780761525.5084763,15,309.4375,822.25
1780761525.5084763,15,312.5,671.5
1780761525.5084763,15,313.828125,664.25
1780761525.5084763,15,315.3125,652.25
1780761525.5084763,15,316.546875,657.25
1780761525.5084763,15,317.75,676.5
1780761525.5084763,15,319.078125,696.5
1780761525.5084763,7,326.28125,1156.25
1780761525.5084763,15,328.890625,1237.25
1780761525.5084763,15,332.875,1332.0
1780761525.5084763,6,340.59375,1889.75
1780761525.6464186,15,357.90625,1771.75
1780761525.6464186,15,359.25,1771.75
1780761525.6464186,15,0.5625,1771.75
1780761525.6464186,15,3.234375,1772.0
1780761525.6464186,15,32.078125,952.25
1780761525.6464186,15,33.421875,955.5
1780761525.6464186,15,34.828125,955.75
1780761525.6464186,15,36.171875,957.0
1780761525.6464186,15,37.484375,962.75
1780761525.6464186,15,38.796875,966.0
1780761525.6464186,15,40.15625,967.75
1780761525.6464186,15,41.46875,972.0
1780761525.6464186,15,42.859375,974.25
1780761525.6464186,15,44.1875,976.0
1780761525.6464186,15,54.234375,1820.5
1780761525.6464186,15,55.578125,1783.75
1780761525.6464186,15,56.921875,1759.5
1780761525.6464186,7,58.296875,1733.5
1780761525.6464186,3,59.5625,1708.5
1780761525.6464186,15,62.3125,1684.5
1780761525.6464186,15,63.625,1660.25
1780761525.6464186,15,64.96875,1639.75
1780761525.6464186,15,66.375,1610.75
1780761525.6464186,15,67.671875,1590.75
1780761525.6464186,15,69.015625,1589.5
1780761525.6464186,15,70.359375,1580.0
1780761525.6464186,15,71.703125,1569.25
1780761525.6464186,15,73.09375,1558.0
1780761525.6464186,15,74.4375,1548.0
1780761525.6464186,15,81.140625,656.0
1780761525.6464186,15,82.359375,652.5
1780761525.6464186,15,83.578125,665.25
1780761525.6464186,15,84.890625,681.25
1780761525.6464186,15,86.21875,698.75
1780761525.6464186,8,91.75,1528.5
1780761525.6464186,9,93.09375,1528.75
1780761525.6464186,15,97.078125,1529.75
1780761525.6464186,15,100.796875,736.5
1780761525.6464186,5,102.15625,740.75
1780761525.6464186,15,105.234375,1355.25
1780761525.6464186,15,106.5625,1365.25
1780761525.6464186,15,107.9375,1386.5
1780761525.6464186,15,122.6875,1435.25
1780761525.6464186,15,133.453125,1261.0
1780761525.6464186,15,134.8125,1242.75
1780761525.6464186,15,136.1875,1221.0
1780761525.6464186,15,137.515625,1211.25
1780761525.6464186,15,138.875,1221.75
1780761525.6464186,6,144.078125,1426.25
1780761525.6464186,15,145.40625,1416.75
1780761525.6464186,15,151.21875,972.5
1780761525.6464186,15,152.53125,972.0
1780761525.6464186,15,153.890625,969.25
1780761525.6464186,15,155.203125,962.5
1780761525.6464186,15,156.53125,964.5
1780761525.6464186,15,157.890625,962.75
1780761525.6464186,15,159.296875,946.0
1780761525.6464186,15,160.59375,929.25
1780761525.6464186,15,161.984375,928.25
1780761525.6464186,15,163.359375,921.75
1780761525.6464186,15,164.71875,913.75
1780761525.6464186,15,166.0,910.75
1780761525.6464186,15,167.390625,904.0
1780761525.6464186,15,168.71875,898.75
1780761525.6464186,15,170.125,888.75
1780761525.6464186,15,171.40625,885.25
1780761525.6464186,15,172.765625,888.0
1780761525.6464186,15,174.046875,889.5
1780761525.6464186,15,175.328125,886.75
1780761525.6464186,15,176.703125,881.75
1780761525.6464186,15,178.03125,884.0
1780761525.6464186,15,179.390625,884.5
1780761525.6464186,15,180.65625,885.25
1780761525.6464186,15,182.015625,885.5
1780761525.6464186,15,183.390625,887.5
1780761525.6464186,15,184.65625,888.75
1780761525.6464186,15,186.0,878.5
1780761525.6464186,15,187.421875,879.0
1780761525.6464186,15,191.34375,884.25
1780761525.6464186,15,192.6875,897.75
1780761525.6464186,15,193.984375,919.75
1780761525.6464186,15,195.234375,937.5
1780761525.6464186,15,208.390625,1228.25
1780761525.6464186,15,214.953125,1322.0
1780761525.6464186,15,216.25,1314.25
1780761525.6464186,15,222.21875,871.5
1780761525.6464186,15,223.546875,860.5
1780761525.6464186,15,224.984375,840.0
1780761525.6464186,15,226.296875,820.75
1780761525.6464186,15,227.75,803.0
1780761525.6464186,15,229.0,786.75
1780761525.6464186,15,230.453125,772.5
1780761525.6464186,15,231.859375,759.0
1780761525.6464186,15,233.0625,746.25
1780761525.6464186,15,234.53125,734.25
1780761525.6464186,15,235.8125,723.0
1780761525.6464186,15,237.296875,712.25
1780761525.6464186,15,238.6875,702.0
1780761525.6464186,15,239.984375,693.75
1780761525.6464186,15,241.3125,685.5
1780761525.6464186,15,242.703125,676.5
1780761525.6464186,15,243.953125,668.75
1780761525.6464186,15,245.34375,661.75
1780761525.6464186,15,246.8125,653.0
1780761525.6464186,15,248.046875,648.0
1780761525.6464186,15,249.40625,645.5
1780761525.6464186,15,250.765625,640.5
1780761525.6464186,15,252.21875,635.0
1780761525.6464186,15,253.609375,630.25
1780761525.6464186,15,255.015625,627.25
1780761525.6464186,15,256.1875,623.5
1780761525.6464186,15,257.71875,620.25
1780761525.6464186,15,258.859375,618.0
1780761525.6464186,15,260.3125,616.5
1780761525.6464186,15,261.65625,615.25
1780761525.6464186,15,263.078125,612.75
1780761525.6464186,15,264.28125,611.25
1780761525.6464186,15,265.734375,610.75
1780761525.6464186,15,267.078125,610.0
1780761525.6464186,15,268.4375,610.25
1780761525.6464186,15,269.78125,610.0
1780761525.6464186,15,270.984375,610.25
1780761525.6464186,15,272.265625,612.25
1780761525.6464186,15,273.6875,613.75
1780761525.6464186,15,274.90625,615.75
1780761525.6464186,15,276.28125,617.5
1780761525.6464186,15,277.609375,619.5
1780761525.6464186,15,278.96875,622.5
1780761525.6464186,15,280.328125,625.75
1780761525.6464186,15,281.59375,629.75
1780761525.6464186,15,282.84375,634.25
1780761525.6464186,15,284.203125,638.75
1780761525.6464186,15,285.515625,643.5
1780761525.6464186,15,286.90625,648.0
1780761525.6464186,15,288.21875,653.5
1780761525.6464186,15,289.484375,660.0
1780761525.6464186,15,290.75,666.5
1780761525.6464186,15,292.171875,673.5
1780761525.6464186,15,293.34375,680.75
1780761525.6464186,15,294.671875,688.75
1780761525.6464186,15,296.109375,696.75
1780761525.6464186,15,297.28125,706.0
1780761525.6464186,15,298.734375,716.0
1780761525.6464186,15,299.9375,725.25
1780761525.6464186,15,301.234375,735.75
1780761525.6464186,15,302.640625,747.25
1780761525.6464186,15,303.921875,760.0
1780761525.6464186,15,305.15625,773.25
1780761525.6464186,15,306.5625,786.75
1780761525.6464186,15,307.8125,802.25
1780761525.6464186,15,309.203125,817.25
1780761525.6464186,15,310.359375,834.0
1780761525.6464186,15,311.703125,854.25
1780761525.6464186,15,314.78125,701.0
1780761525.6464186,15,316.203125,689.5
1780761525.6464186,15,317.578125,680.25
1780761525.6464186,15,318.90625,687.75
1780761525.6464186,15,327.21875,1182.25
1780761525.6464186,15,333.71875,1458.25
1780761525.6464186,15,344.09375,2094.5
1780761525.7835658,15,357.5,1819.5
1780761525.7835658,15,4.171875,1819.5
1780761525.7835658,15,6.84375,1819.5
1780761525.7835658,15,18.828125,2217.0
1780761525.7835658,15,30.296875,977.0
1780761525.7835658,15,31.734375,982.0
1780761525.7835658,15,33.09375,981.5
1780761525.7835658,15,34.390625,984.75
1780761525.7835658,15,35.703125,989.25
1780761525.7835658,15,37.140625,991.25
1780761525.7835658,15,38.484375,993.0
1780761525.7835658,15,39.765625,996.5
1780761525.7835658,15,41.125,1001.25
1780761525.7835658,15,52.515625,1861.0
1780761525.7835658,15,53.84375,1832.5
1780761525.7835658,15,55.21875,1795.75
1780761525.7835658,15,56.546875,1759.75
1780761525.7835658,15,57.921875,1747.25
1780761525.7835658,15,59.265625,1732.75
1780761525.7835658,15,61.984375,1695.75
1780761525.7835658,15,63.328125,1661.0
1780761525.7835658,15,64.71875,1635.5
1780761525.7835658,15,66.03125,1618.75
1780761525.7835658,15,67.40625,1603.0
1780761525.7835658,15,68.75,1589.75
1780761525.7835658,15,70.09375,1589.0
1780761525.7835658,15,71.4375,1577.75
1780761525.7835658,15,78.078125,663.25
1780761525.7835658,15,79.3125,661.75
1780761525.7835658,15,80.75,674.5
1780761525.7835658,15,81.984375,687.5
1780761525.7835658,15,83.34375,703.5
1780761525.7835658,9,88.8125,1529.0
1780761525.7835658,9,90.140625,1513.5
1780761525.7835658,15,91.421875,1514.25
1780761525.7835658,15,97.828125,733.25
1780761525.7835658,6,99.21875,736.0
1780761525.7835658,15,102.3125,1338.75
1780761525.7835658,15,103.609375,1357.0
1780761525.7835658,15,108.953125,1447.75
1780761525.7835658,15,119.640625,1427.0
1780761525.7835658,15,120.984375,1434.75
1780761525.7835658,15,131.78125,1243.75
1780761525.7835658,15,133.21875,1220.5
1780761525.7835658,15,134.5,1203.25
1780761525.7835658,15,135.90625,1196.5
1780761525.7835658,4,137.21875,1196.75
1780761525.7835658,8,141.046875,1419.5
1780761525.7835658,15,142.375,1417.0
1780761525.7835658,6,143.671875,1414.5
1780761525.7835658,15,149.640625,942.75
1780761525.7835658,15,150.875,939.75
1780761525.7835658,15,152.28125,945.25
1780761525.7835658,15,153.546875,939.5
1780761525.7835658,15,154.96875,939.25
1780761525.7835658,15,156.296875,935.5
1780761525.7835658,15,157.578125,917.25
1780761525.7835658,15,158.984375,898.5
1780761525.7835658,15,160.375,891.0
1780761525.7835658,15,161.6875,885.75
1780761525.7835658,15,162.984375,880.0
1780761525.7835658,15,164.328125,878.25
1780761525.7835658,15,165.765625,876.0
1780761525.7835658,15,167.15625,864.25
1780761525.7835658,15,168.421875,856.5
1780761525.7835658,15,169.75,864.75
1780761525.7835658,15,171.0625,863.75
1780761525.7835658,15,172.390625,856.25
1780761525.7835658,15,173.8125,849.5
1780761525.7835658,15,175.125,842.0
1780761525.7835658,15,176.515625,844.5
1780761525.7835658,15,177.796875,846.25
1780761525.7835658,15,179.140625,844.25
1780761525.7835658,15,180.53125,846.75
1780761525.7835658,15,181.796875,848.25
1780761525.7835658,15,183.125,846.75
1780761525.7835658,15,184.546875,848.25
1780761525.7835658,15,185.84375,844.75
1780761525.7835658,15,187.234375,845.0
1780761525.7835658,15,188.53125,845.75
1780761525.7835658,15,189.875,838.25
1780761525.7835658,15,191.203125,838.5
1780761525.7835658,15,192.578125,850.25
1780761525.7835658,15,193.828125,870.5
1780761525.7835658,15,195.109375,890.25
1780761525.7835658,15,196.46875,909.5
1780761525.7835658,15,208.03125,1205.5
1780761525.7835658,15,209.40625,1205.75
1780761525.7835658,15,215.9375,1289.75
1780761525.7835658,15,217.265625,1292.75
1780761525.7835658,15,224.671875,835.25
1780761525.7835658,15,225.890625,820.5
1780761525.7835658,15,227.375,803.25
1780761525.7835658,15,228.71875,786.5
1780761525.7835658,15,230.109375,772.75
1780761525.7835658,15,231.515625,758.75
1780761525.7835658,15,232.921875,745.0
1780761525.7835658,15,234.265625,733.5
1780761525.7835658,15,235.703125,723.0
1780761525.7835658,15,236.96875,712.75
1780761525.7835658,15,238.359375,702.0
1780761525.7835658,15,239.703125,692.25
1780761525.7835658,15,241.171875,684.25
1780761525.7835658,15,242.546875,676.0
1780761525.7835658,15,243.84375,668.25
1780761525.7835658,15,245.21875,661.25
1780761525.7835658,15,246.53125,654.25
1780761525.7835658,15,247.890625,648.75
1780761525.7835658,15,249.296875,644.25
1780761525.7835658,15,250.6875,639.75
1780761525.7835658,15,251.875,634.5
1780761525.7835658,15,253.375,629.5
1780761525.7835658,15,254.609375,625.25
1780761525.7835658,15,256.03125,622.25
1780761525.7835658,15,257.40625,619.75
1780761525.7835658,15,258.734375,617.0
1780761525.7835658,15,260.09375,615.0
1780761525.7835658,15,261.40625,613.5
1780761525.7835658,15,262.84375,611.25
1780761525.7835658,15,264.046875,609.25
1780761525.7835658,15,265.359375,609.0
1780761525.7835658,15,266.84375,608.75
1780761525.7835658,15,268.09375,608.5
1780761525.7835658,15,269.546875,609.25
1780761525.7835658,15,270.8125,610.25
1780761525.7835658,15,272.0,610.75
1780761525.7835658,15,273.546875,612.25
1780761525.7835658,15,274.78125,614.75
1780761525.7835658,15,276.125,616.5
1780761525.7835658,15,277.40625,618.0
1780761525.7835658,15,278.734375,621.0
1780761525.7835658,15,280.171875,623.5
1780761525.7835658,15,281.34375,626.75
1780761525.7835658,15,282.703125,631.25
1780761525.7835658,15,284.078125,636.25
1780761525.7835658,15,285.390625,641.0
1780761525.7835658,15,286.734375,645.25
1780761525.7835658,15,288.0,650.25
1780761525.7835658,15,289.28125,656.0
1780761525.7835658,15,290.609375,663.0
1780761525.7835658,15,291.921875,670.75
1780761525.7835658,15,293.328125,678.0
1780761525.7835658,15,294.65625,686.0
1780761525.7835658,15,295.875,694.25
1780761525.7835658,15,297.15625,703.0
1780761525.7835658,15,298.5,712.75
1780761525.7835658,15,299.84375,721.75
1780761525.7835658,15,301.125,732.0
1780761525.7835658,15,302.4375,743.75
1780761525.7835658,15,303.734375,756.0
1780761525.7835658,15,304.984375,769.75
1780761525.7835658,15,306.390625,783.0
1780761525.7835658,15,307.640625,797.75
1780761525.7835658,15,308.96875,813.0
1780761525.7835658,15,310.25,828.25
1780761525.7835658,15,311.46875,847.25
1780761525.7835658,15,312.796875,867.25
1780761525.7835658,15,314.125,886.75
1780761525.7835658,15,317.265625,727.25
1780761525.7835658,15,318.640625,715.75
1780761525.7835658,15,319.984375,710.75
1780761525.7835658,15,321.28125,722.75
1780761525.7835658,15,327.09375,1182.0
1780761525.7835658,15,328.40625,1215.0
1780761525.7835658,15,330.96875,1320.0
1780761525.7835658,5,346.640625,2208.25
1780761525.7835658,9,347.96875,2223.5
1780761525.9214303,15,9.421875,2246.0
1780761525.9214303,15,10.71875,2252.5
1780761525.9214303,15,12.0625,2254.0
1780761525.9214303,15,17.390625,2255.0
1780761525.9214303,15,18.765625,2232.0
1780761525.9214303,15,30.265625,1009.75
1780761525.9214303,15,31.578125,1010.0
1780761525.9214303,15,32.96875,1010.75
1780761525.9214303,15,34.21875,1012.5
1780761525.9214303,15,35.703125,1013.75
1780761525.9214303,15,37.0625,1018.25
1780761525.9214303,15,38.34375,1023.0
1780761525.9214303,15,39.75,1024.75
1780761525.9214303,15,41.0625,1024.5
1780761525.9214303,15,53.828125,1832.5
1780761525.9214303,15,55.171875,1807.25
1780761525.9214303,15,56.578125,1771.25
1780761525.9214303,15,57.90625,1747.25
1780761525.9214303,15,59.203125,1732.75
1780761525.9214303,15,60.59375,1707.75
1780761525.9214303,15,63.25,1672.75
1780761525.9214303,15,64.625,1649.25
1780761525.9214303,15,67.34375,1593.25
1780761525.9214303,15,68.65625,1589.5
1780761525.9214303,15,75.28125,670.75
1780761525.9214303,15,76.671875,672.5
1780761525.9214303,15,77.875,684.75
1780761525.9214303,15,79.203125,697.25
1780761525.9214303,15,80.515625,712.0
1780761525.9214303,8,83.4375,1529.25
1780761525.9214303,7,84.8125,1528.75
1780761525.9214303,8,86.125,1528.75
1780761525.9214303,9,87.5,1529.25
1780761525.9214303,7,88.8125,1529.0
1780761525.9214303,8,90.1875,1528.5
1780761525.9214303,15,95.1875,726.75
1780761525.9214303,15,96.515625,731.0
1780761525.9214303,15,99.703125,1353.75
1780761525.9214303,15,101.0625,1352.25
1780761525.9214303,15,102.375,1354.0
1780761525.9214303,15,103.6875,1350.75
1780761525.9214303,15,105.046875,1337.5
1780761525.9214303,5,118.390625,1424.5
1780761525.9214303,15,119.703125,1426.5
1780761525.9214303,15,121.09375,1434.75
1780761525.9214303,15,130.59375,1231.25
1780761525.9214303,15,131.96875,1213.75
1780761525.9214303,7,133.34375,1182.0
1780761525.9214303,15,134.6875,1164.25
1780761525.9214303,15,135.953125,1169.0
1780761525.9214303,5,141.125,1409.75
1780761525.9214303,15,143.84375,1353.5
1780761525.9214303,15,149.6875,909.5
1780761525.9214303,15,151.078125,916.5
1780761525.9214303,15,152.5,910.0
1780761525.9214303,15,153.734375,904.5
1780761525.9214303,15,155.171875,896.25
1780761525.9214303,15,156.53125,888.75
1780761525.9214303,15,159.234375,858.0
1780761525.9214303,15,160.65625,856.75
1780761525.9214303,15,161.96875,849.25
1780761525.9214303,15,163.34375,844.0
1780761525.9214303,15,164.640625,843.75
1780761525.9214303,15,166.03125,839.25
1780761525.9214303,15,167.390625,831.75
1780761525.9214303,15,168.65625,822.75
1780761525.9214303,15,170.109375,819.75
1780761525.9214303,15,171.4375,821.5
1780761525.9214303,15,172.828125,815.25
1780761525.9214303,15,174.140625,813.0
1780761525.9214303,15,175.5,814.0
1780761525.9214303,15,176.84375,809.25
1780761525.9214303,15,178.078125,808.75
1780761525.9214303,15,179.4375,808.75
1780761525.9214303,15,180.984375,809.75
1780761525.9214303,15,182.328125,811.0
1780761525.9214303,15,183.546875,810.5
1780761525.9214303,15,185.0,810.0
1780761525.9214303,15,186.234375,807.0
1780761525.9214303,15,187.59375,804.5
1780761525.9214303,15,188.9375,803.5
1780761525.9214303,15,190.265625,805.5
1780761525.9214303,15,191.625,810.0
1780761525.9214303,15,193.046875,811.0
1780761525.9214303,15,195.640625,849.75
1780761525.9214303,15,196.890625,869.25
1780761525.9214303,15,209.84375,1172.25
1780761525.9214303,15,216.484375,1267.75
1780761525.9214303,15,217.796875,1258.0
1780761525.9214303,15,226.546875,808.5
1780761525.9214303,15,227.921875,796.25
1780761525.9214303,15,229.328125,780.75
1780761525.9214303,15,230.625,765.75
1780761525.9214303,15,231.921875,752.0
1780761525.9214303,15,233.28125,740.0
1780761525.9214303,15,234.6875,728.25
1780761525.9214303,15,236.140625,717.25
1780761525.9214303,15,237.390625,707.0
1780761525.9214303,15,238.796875,697.5
1780761525.9214303,15,240.203125,687.25
1780761525.9214303,15,241.65625,678.5
1780761525.9214303,15,242.921875,671.25
1780761525.9214303,15,244.296875,663.5
1780761525.9214303,15,245.625,656.0
1780761525.9214303,15,247.078125,650.25
1780761525.9214303,15,248.46875,644.75
1780761525.9214303,15,249.65625,639.25
1780761525.9214303,15,251.1875,633.25
1780761525.9214303,15,252.578125,628.25
1780761525.9214303,15,253.78125,625.0
1780761525.9214303,15,255.125,622.25
1780761525.9214303,15,256.640625,619.25
1780761525.9214303,15,257.984375,616.5
1780761525.9214303,15,259.21875,613.5
1780761525.9214303,15,260.5625,610.5
1780761525.9214303,15,261.9375,609.25
1780761525.9214303,15,263.390625,608.0
1780761525.9214303,15,264.65625,606.5
1780761525.9214303,15,266.15625,605.75
1780761525.9214303,15,267.34375,605.75
1780761525.9214303,15,268.640625,606.25
1780761525.9214303,15,270.078125,607.25
1780761525.9214303,15,271.296875,608.0
1780761525.9214303,15,272.796875,608.5
1780761525.9214303,15,274.03125,609.75
1780761525.9214303,15,275.3125,612.25
1780761525.9214303,15,276.78125,614.75
1780761525.9214303,15,278.03125,616.75
1780761525.9214303,15,279.421875,619.5
1780761525.9214303,15,280.59375,623.25
1780761525.9214303,15,282.0625,627.25
1780761525.9214303,15,283.359375,631.5
1780761525.9214303,15,284.625,636.0
1780761525.9214303,15,286.015625,641.0
1780761525.9214303,15,287.28125,645.5
1780761525.9214303,15,288.59375,651.25
1780761525.9214303,15,289.953125,657.5
1780761525.9214303,15,291.25,663.75
1780761525.9214303,15,292.546875,671.0
1780761525.9214303,15,293.84375,678.5
1780761525.9214303,15,295.234375,687.5
1780761525.9214303,15,296.515625,696.5
1780761525.9214303,15,297.71875,705.5
1780761525.9214303,15,299.015625,716.25
1780761525.9214303,15,300.46875,726.5
1780761525.9214303,15,301.796875,736.25
1780761525.9214303,15,302.984375,747.5
1780761525.9214303,15,304.40625,760.0
1780761525.9214303,15,305.734375,774.25
1780761525.9214303,15,306.921875,788.25
1780761525.9214303,15,308.21875,802.75
1780761525.9214303,15,309.578125,818.5
1780761525.9214303,15,310.875,835.75
1780761525.9214303,15,312.234375,855.25
1780761525.9214303,15,313.4375,874.0
1780761525.9214303,15,314.75,894.25
1780761525.9214303,15,316.109375,915.25
1780761525.9214303,15,319.078125,755.75
1780761525.9214303,15,320.453125,743.5
1780761525.9214303,15,321.890625,739.75
1780761525.9214303,15,342.0625,2029.75
1780761525.9214303,15,347.40625,2255.0
1780761525.9214303,15,348.734375,2254.0
1780761525.9214303,15,350.0625,2253.75
1780761526.05871,15,351.4375,2253.5
1780761526.05871,15,352.796875,2252.75
1780761526.05871,14,354.109375,2250.75
1780761526.05871,15,8.90625,2251.75
1780761526.05871,15,10.234375,2254.5
1780761526.05871,15,11.5,2255.5
1780761526.05871,15,18.15625,2255.25
1780761526.05871,15,28.328125,1035.5
1780761526.05871,15,29.578125,1039.25
1780761526.05871,15,31.0,1039.5
1780761526.05871,15,32.34375,1040.25
1780761526.05871,15,33.65625,1041.25
1780761526.05871,15,34.921875,1042.75
1780761526.05871,15,36.421875,1043.75
1780761526.05871,15,37.703125,1051.5
1780761526.05871,15,39.0625,1054.25
1780761526.05871,15,54.59375,1807.75
1780761526.05871,15,55.96875,1783.75
1780761526.05871,15,57.296875,1759.5
1780761526.05871,6,58.65625,1744.5
1780761526.05871,15,60.03125,1730.5
1780761526.05871,15,61.375,1707.0
1780761526.05871,15,62.75,1683.5
1780761526.05871,15,64.078125,1660.75
1780761526.05871,15,65.4375,1639.5
1780761526.05871,15,66.8125,1610.0
1780761526.05871,15,72.03125,684.75
1780761526.05871,15,73.328125,682.0
1780761526.05871,15,74.71875,693.75
1780761526.05871,15,76.109375,705.25
1780761526.05871,15,77.40625,717.5
1780761526.05871,15,81.6875,1529.5
1780761526.05871,7,83.0,1529.5
1780761526.05871,8,84.25,1529.0
1780761526.05871,8,85.578125,1529.0
1780761526.05871,8,86.9375,1529.0
1780761526.05871,7,88.3125,1529.25
1780761526.05871,15,92.109375,721.0
1780761526.05871,15,93.34375,720.75
1780761526.05871,15,99.109375,1338.0
1780761526.05871,15,100.484375,1336.75
1780761526.05871,15,101.8125,1337.0
1780761526.05871,15,103.1875,1328.5
1780761526.05871,15,116.546875,1392.5
1780761526.05871,15,117.875,1415.0
1780761526.05871,15,119.203125,1424.75
1780761526.05871,15,130.09375,1186.5
1780761526.05871,15,132.859375,1146.5
1780761526.05871,15,134.1875,1146.25
1780761526.05871,15,139.390625,1394.75
1780761526.05871,15,140.703125,1363.25
1780761526.05871,15,142.046875,1338.75
1780761526.05871,15,148.0625,877.25
1780761526.05871,15,149.375,885.5
1780761526.05871,15,150.640625,883.25
1780761526.05871,15,151.984375,873.0
1780761526.05871,15,153.375,875.25
1780761526.05871,15,154.8125,871.0
1780761526.05871,15,157.59375,825.75
1780761526.05871,15,158.90625,819.75
1780761526.05871,15,160.34375,814.5
1780761526.05871,15,161.703125,807.25
1780761526.05871,15,163.046875,803.75
1780761526.05871,15,164.4375,800.0
1780761526.05871,15,165.796875,796.0
1780761526.05871,15,167.046875,791.5
1780761526.05871,15,168.484375,788.0
1780761526.05871,15,169.78125,784.25
1780761526.05871,15,171.09375,782.5
1780761526.05871,15,172.46875,776.25
1780761526.05871,15,173.796875,771.0
1780761526.05871,15,175.25,771.5
1780761526.05871,15,176.546875,770.0
1780761526.05871,15,177.9375,771.75
1780761526.05871,15,179.296875,774.25
1780761526.05871,15,180.609375,772.5
1780761526.05871,15,181.78125,770.5
1780761526.05871,15,183.265625,769.25
1780761526.05871,15,184.5,772.75
1780761526.05871,15,185.90625,774.5
1780761526.05871,15,187.21875,769.0
1780761526.05871,15,188.515625,772.0
1780761526.05871,15,189.875,789.0
1780761526.05871,15,192.59375,766.75
1780761526.05871,15,193.890625,776.0
1780761526.05871,15,196.453125,817.75
1780761526.05871,15,209.328125,1148.5
1780761526.05871,15,210.71875,1140.5
1780761526.05871,15,218.703125,1231.0
1780761526.05871,15,222.5625,1320.0
1780761526.05871,15,227.265625,790.5
1780761526.05871,15,228.75,784.0
1780761526.05871,15,230.203125,768.75
1780761526.05871,15,231.5625,756.5
1780761526.05871,15,232.921875,742.5
1780761526.05871,15,234.359375,730.75
1780761526.05871,15,235.75,720.0
1780761526.05871,15,237.015625,708.25
1780761526.05871,15,238.4375,698.5
1780761526.05871,15,239.734375,688.75
1780761526.05871,15,241.046875,679.75
1780761526.05871,15,242.546875,671.5
1780761526.05871,15,243.90625,663.5
1780761526.05871,15,245.171875,655.75
1780761526.05871,15,246.703125,649.5
1780761526.05871,15,248.015625,644.5
1780761526.05871,15,249.328125,639.0
1780761526.05871,15,250.71875,633.0
1780761526.05871,15,251.984375,627.5
1780761526.05871,15,253.53125,623.0
1780761526.05871,15,254.765625,620.0
1780761526.05871,15,256.078125,617.25
1780761526.05871,15,257.484375,614.75
1780761526.05871,15,258.859375,612.0
1780761526.05871,15,260.25,608.75
1780761526.05871,15,261.515625,607.25
1780761526.05871,15,262.8125,606.0
1780761526.05871,15,264.25,604.5
1780761526.05871,15,265.6875,603.75
1780761526.05871,15,267.0,603.75
1780761526.05871,15,268.21875,604.0
1780761526.05871,15,269.578125,604.0
1780761526.05871,15,271.015625,604.75
1780761526.05871,15,272.3125,605.75
1780761526.05871,15,273.65625,606.75
1780761526.05871,15,275.09375,608.5
1780761526.05871,15,276.265625,611.0
1780761526.05871,15,277.53125,613.0
1780761526.05871,15,278.796875,616.0
1780761526.05871,15,280.28125,619.5
1780761526.05871,15,281.515625,622.75
1780761526.05871,15,282.8125,627.0
1780761526.05871,15,284.125,631.5
1780761526.05871,15,285.5625,636.75
1780761526.05871,15,286.796875,641.75
1780761526.05871,15,288.140625,646.25
1780761526.05871,15,289.390625,652.75
1780761526.05871,15,290.828125,659.75
1780761526.05871,15,292.171875,667.25
1780761526.05871,15,293.359375,674.75
1780761526.05871,15,294.671875,682.25
1780761526.05871,15,296.109375,690.5
1780761526.05871,15,297.34375,700.25
1780761526.05871,15,298.734375,710.0
1780761526.05871,15,300.09375,719.25
1780761526.05871,15,301.359375,729.5
1780761526.05871,15,302.703125,740.5
1780761526.05871,15,303.859375,753.25
1780761526.05871,15,305.21875,767.0
1780761526.05871,15,306.515625,780.25
1780761526.05871,15,307.921875,794.75
1780761526.05871,15,309.15625,811.25
1780761526.05871,15,310.421875,827.25
1780761526.05871,15,311.734375,846.0
1780761526.05871,15,313.03125,866.0
1780761526.05871,15,314.40625,885.75
1780761526.05871,15,315.671875,907.25
1780761526.05871,15,316.953125,926.75
1780761526.05871,15,318.265625,949.0
1780761526.05871,15,321.421875,780.0
1780761526.05871,15,322.625,768.5
1780761526.05871,15,323.96875,772.75
1780761526.05871,15,338.9375,2060.25
1780761526.05871,15,340.296875,2044.75
1780761526.05871,15,341.59375,2041.75
1780761526.05871,15,346.96875,2243.25
1780761526.05871,15,348.3125,2255.75
1780761526.05871,15,349.625,2255.25
1780761526.196434,15,350.984375,2254.75
1780761526.196434,15,352.296875,2254.75
1780761526.196434,15,353.671875,2254.5
1780761526.196434,15,355.03125,2236.5
1780761526.196434,15,9.734375,2294.25
1780761526.196434,15,11.03125,2294.25
1780761526.196434,15,27.875,1077.75
1780761526.196434,15,29.125,1072.5
1780761526.196434,15,30.546875,1072.0
1780761526.196434,15,31.828125,1073.0
1780761526.196434,7,33.15625,1075.0
1780761526.196434,8,34.515625,1076.5
1780761526.196434,11,35.921875,1077.5
1780761526.196434,15,37.328125,1080.25
1780761526.196434,15,38.640625,1081.75
1780761526.196434,15,52.859375,1861.75
1780761526.196434,15,54.1875,1832.25
1780761526.196434,15,55.546875,1807.25
1780761526.196434,15,56.9375,1771.0
1780761526.196434,5,58.28125,1745.25
1780761526.196434,15,59.625,1731.25
1780761526.196434,5,61.0,1698.25
1780761526.196434,15,62.34375,1675.25
1780761526.196434,15,63.734375,1661.25
1780761526.196434,15,70.359375,693.0
1780761526.196434,15,71.578125,702.75
1780761526.196434,15,72.859375,713.0
1780761526.196434,15,74.203125,724.0
1780761526.196434,15,75.5625,736.5
1780761526.196434,15,78.59375,1539.25
1780761526.196434,15,79.890625,1531.0
1780761526.196434,15,81.21875,1530.75
1780761526.196434,8,82.625,1530.0
1780761526.196434,15,83.890625,1529.75
1780761526.196434,8,85.1875,1529.75
1780761526.196434,15,88.96875,718.0
1780761526.196434,15,90.203125,716.0
1780761526.196434,15,94.6875,1319.75
1780761526.196434,15,96.046875,1331.5
1780761526.196434,15,97.375,1331.5
1780761526.196434,15,98.734375,1323.5
1780761526.196434,15,100.125,1329.5
1780761526.196434,15,101.390625,1341.5
1780761526.196434,15,105.359375,1429.5
1780761526.196434,15,117.359375,1400.0
1780761526.196434,15,118.734375,1417.5
1780761526.196434,15,128.3125,1164.25
1780761526.196434,15,129.640625,1148.25
1780761526.196434,15,131.0,1138.5
1780761526.196434,15,132.359375,1131.75
1780761526.196434,15,133.75,1138.0
1780761526.196434,15,138.8125,1353.0
1780761526.196434,15,140.234375,1338.25
1780761526.196434,15,146.21875,848.75
1780761526.196434,15,147.5,849.5
1780761526.196434,15,148.8125,853.0
1780761526.196434,15,150.15625,846.25
1780761526.196434,15,151.625,839.25
1780761526.196434,15,152.96875,827.75
1780761526.196434,15,154.328125,817.25
1780761526.196434,15,157.15625,787.75
1780761526.196434,15,158.4375,788.25
1780761526.196434,15,159.78125,783.5
1780761526.196434,15,161.109375,772.25
1780761526.196434,15,162.546875,767.25
1780761526.196434,15,163.796875,766.0
1780761526.196434,15,165.15625,760.75
1780761526.196434,15,166.5,754.0
1780761526.196434,15,167.9375,744.5
1780761526.196434,15,169.328125,740.25
1780761526.196434,15,170.625,744.25
1780761526.196434,15,171.90625,739.0
1780761526.196434,15,173.265625,730.75
1780761526.196434,15,174.671875,727.5
1780761526.196434,15,176.015625,730.75
1780761526.196434,15,177.421875,732.75
1780761526.196434,15,178.671875,734.25
1780761526.196434,15,179.96875,737.25
1780761526.196434,15,181.3125,735.25
1780761526.196434,15,182.6875,736.25
1780761526.196434,15,183.96875,739.25
1780761526.196434,15,185.34375,738.75
1780761526.196434,15,186.78125,732.75
1780761526.196434,15,188.109375,729.5
1780761526.196434,15,189.40625,737.75
1780761526.196434,15,190.765625,738.75
1780761526.196434,15,192.015625,734.0
1780761526.196434,15,193.375,734.25
1780761526.196434,15,194.640625,741.25
1780761526.196434,15,197.25,785.5
1780761526.196434,15,198.515625,803.75
1780761526.196434,15,211.4375,1111.0
1780761526.196434,15,216.28125,1622.25
1780761526.196434,15,219.296875,1206.25
1780761526.196434,5,224.53125,1261.75
1780761526.196434,15,229.390625,764.25
1780761526.196434,15,230.8125,761.25
1780761526.196434,15,232.234375,746.75
1780761526.196434,15,233.5,733.25
1780761526.196434,15,234.921875,722.75
1780761526.196434,15,236.328125,712.0
1780761526.196434,15,237.71875,701.25
1780761526.196434,15,239.046875,691.5
1780761526.196434,15,240.3125,682.25
1780761526.196434,15,241.640625,673.75
1780761526.196434,15,243.1875,666.0
1780761526.196434,15,244.53125,658.25
1780761526.196434,15,245.90625,651.5
1780761526.196434,15,247.25,645.5
1780761526.196434,15,248.546875,639.5
1780761526.196434,15,249.96875,633.75
1780761526.196434,15,251.15625,628.75
1780761526.196434,15,252.5625,624.25
1780761526.196434,15,254.046875,620.25
1780761526.196434,15,255.265625,617.0
1780761526.196434,15,256.78125,613.25
1780761526.196434,15,258.03125,610.5
1780761526.196434,15,259.390625,608.5
1780761526.196434,15,260.703125,606.25
1780761526.196434,15,262.109375,604.75
1780761526.196434,15,263.328125,604.0
1780761526.196434,15,264.921875,603.5
1780761526.196434,15,266.0625,604.0
1780761526.196434,15,267.515625,603.5
1780761526.196434,15,268.90625,602.5
1780761526.196434,15,270.1875,603.25
1780761526.196434,15,271.609375,603.75
1780761526.196434,15,272.796875,605.0
1780761526.196434,15,274.234375,606.75
1780761526.196434,15,275.453125,608.25
1780761526.196434,15,276.859375,610.25
1780761526.196434,15,278.015625,612.25
1780761526.196434,15,279.34375,615.5
1780761526.196434,15,280.6875,619.5
1780761526.196434,15,282.046875,622.75
1780761526.196434,15,283.3125,626.75
1780761526.196434,15,284.671875,632.5
1780761526.196434,15,285.96875,637.75
1780761526.196434,15,287.421875,642.0
1780761526.196434,15,288.703125,647.5
1780761526.196434,15,289.875,654.0
1780761526.196434,15,291.171875,660.75
1780761526.196434,15,292.65625,667.5
1780761526.196434,15,293.859375,674.5
1780761526.196434,15,295.171875,683.0
1780761526.196434,15,296.546875,691.5
1780761526.196434,15,297.75,701.25
1780761526.196434,15,299.203125,711.25
1780761526.196434,15,300.578125,721.0
1780761526.196434,15,301.78125,731.75
1780761526.196434,15,303.125,742.5
1780761526.196434,15,304.40625,755.25
1780761526.196434,15,305.703125,769.75
1780761526.196434,15,307.078125,784.25
1780761526.196434,15,308.328125,799.0
1780761526.196434,15,309.578125,816.25
1780761526.196434,15,310.953125,833.0
1780761526.196434,15,312.265625,850.0
1780761526.196434,15,313.484375,869.5
1780761526.196434,15,314.765625,890.75
1780761526.196434,15,316.1875,912.75
1780761526.196434,11,317.390625,935.0
1780761526.196434,15,318.75,956.5
1780761526.196434,15,320.0625,982.0
1780761526.196434,15,323.0625,810.5
1780761526.196434,15,324.609375,798.75
1780761526.196434,15,325.734375,804.25
1780761526.196434,15,335.796875,1458.5
1780761526.196434,15,340.875,2077.5
1780761526.196434,15,342.21875,2076.75
1780761526.196434,15,346.15625,2254.75
1780761526.196434,15,347.421875,2275.25
1780761526.196434,15,348.78125,2294.25
1780761526.196434,15,350.109375,2294.25
1780761526.3344429,15,351.5,2274.0
1780761526.3344429,15,352.84375,2254.75
1780761526.3344429,15,354.171875,2253.25
1780761526.3344429,15,7.546875,2272.5
1780761526.3344429,15,8.890625,2293.75
1780761526.3344429,15,10.234375,2293.25
1780761526.3344429,15,11.5625,2293.75
1780761526.3344429,15,16.921875,2294.25
1780761526.3344429,15,27.0,1092.5
1780761526.3344429,15,28.359375,1102.75
1780761526.3344429,15,29.703125,1108.25
1780761526.3344429,15,31.0,1107.5
1780761526.3344429,15,32.34375,1112.0
1780761526.3344429,15,33.6875,1117.75
1780761526.3344429,15,35.03125,1121.75
1780761526.3344429,15,36.5,1123.0
1780761526.3344429,15,54.734375,1807.75
1780761526.3344429,15,56.125,1783.75
1780761526.3344429,15,57.453125,1759.0
1780761526.3344429,6,58.859375,1733.75
1780761526.3344429,15,60.171875,1708.75
1780761526.3344429,15,61.53125,1684.5
1780761526.3344429,15,66.8125,712.5
1780761526.3344429,15,68.0,712.5
1780761526.3344429,15,69.375,720.0
1780761526.3344429,15,70.703125,729.0
1780761526.3344429,15,72.109375,741.0
1780761526.3344429,15,77.75,1548.25
1780761526.3344429,15,79.046875,1547.5
1780761526.3344429,15,80.40625,1539.0
1780761526.3344429,15,81.765625,1530.75
1780761526.3344429,15,83.015625,1530.0
1780761526.3344429,15,86.796875,724.25
1780761526.3344429,15,87.984375,731.75
1780761526.3344429,15,93.828125,1331.75
1780761526.3344429,15,95.171875,1337.5
1780761526.3344429,15,96.5625,1328.25
1780761526.3344429,15,97.890625,1328.5
1780761526.3344429,15,99.234375,1332.0
1780761526.3344429,15,100.578125,1326.5
1780761526.3344429,15,104.53125,1429.25
1780761526.3344429,15,113.953125,1360.25
1780761526.3344429,15,115.28125,1361.0
1780761526.3344429,15,116.59375,1376.75
1780761526.3344429,15,117.828125,1407.5
1780761526.3344429,15,126.15625,1161.75
1780761526.3344429,15,127.4375,1143.5
1780761526.3344429,15,128.828125,1128.25
1780761526.3344429,15,130.265625,1104.25
1780761526.3344429,15,131.625,1104.25
1780761526.3344429,15,136.796875,1339.25
1780761526.3344429,8,139.484375,1269.25
1780761526.3344429,15,145.578125,815.0
1780761526.3344429,15,146.9375,825.25
1780761526.3344429,15,148.203125,818.5
1780761526.3344429,15,149.546875,807.0
1780761526.3344429,15,150.921875,815.5
1780761526.3344429,15,155.046875,755.0
1780761526.3344429,15,156.515625,751.0
1780761526.3344429,15,157.796875,750.75
1780761526.3344429,15,159.1875,744.0
1780761526.3344429,15,160.625,737.75
1780761526.3344429,15,162.0,732.5
1780761526.3344429,15,163.296875,723.5
1780761526.3344429,15,164.703125,712.0
1780761526.3344429,15,165.953125,708.0
1780761526.3344429,15,167.375,710.75
1780761526.3344429,15,168.703125,707.75
1780761526.3344429,15,170.09375,704.0
1780761526.3344429,15,171.46875,698.75
1780761526.3344429,15,172.8125,694.25
1780761526.3344429,15,174.046875,692.5
1780761526.3344429,15,175.34375,694.75
1780761526.3344429,15,176.796875,697.5
1780761526.3344429,15,178.015625,698.75
1780761526.3344429,15,179.40625,697.75
1780761526.3344429,15,180.921875,696.5
1780761526.3344429,15,182.125,695.75
1780761526.3344429,15,183.453125,694.25
1780761526.3344429,15,184.890625,697.0
1780761526.3344429,15,186.171875,699.0
1780761526.3344429,15,187.59375,693.5
1780761526.3344429,15,189.0,690.75
1780761526.3344429,15,190.15625,698.0
1780761526.3344429,15,191.59375,702.5
1780761526.3344429,15,192.9375,697.5
1780761526.3344429,15,194.296875,695.75
1780761526.3344429,15,195.5625,706.5
1780761526.3344429,15,198.1875,750.25
1780761526.3344429,15,199.375,768.5
1780761526.3344429,15,205.109375,1795.75
1780761526.3344429,15,206.453125,1759.5
1780761526.3344429,15,212.359375,1079.75
1780761526.3344429,15,217.296875,1589.5
1780761526.3344429,15,220.265625,1177.0
1780761526.3344429,15,221.609375,1183.0
1780761526.3344429,15,233.171875,735.5
1780761526.3344429,15,234.640625,723.5
1780761526.3344429,15,236.015625,712.5
1780761526.3344429,15,237.390625,701.5
1780761526.3344429,15,238.71875,691.25
1780761526.3344429,15,240.046875,682.5
1780761526.3344429,15,241.34375,674.0
1780761526.3344429,15,242.75,665.75
1780761526.3344429,15,244.09375,658.5
1780761526.3344429,15,245.53125,651.5
1780761526.3344429,15,246.9375,645.0
1780761526.3344429,15,248.234375,639.0
1780761526.3344429,15,249.5625,633.0
1780761526.3344429,15,251.03125,627.25
1780761526.3344429,15,252.484375,622.75
1780761526.3344429,15,253.765625,619.5
1780761526.3344429,15,255.140625,615.5
1780761526.3344429,15,256.546875,611.75
1780761526.3344429,15,257.78125,609.25
1780761526.3344429,15,259.140625,606.0
1780761526.3344429,15,260.5,604.0
1780761526.3344429,15,261.96875,602.75
1780761526.3344429,15,263.140625,601.5
1780761526.3344429,15,264.46875,600.75
1780761526.3344429,15,265.921875,600.25
1780761526.3344429,15,267.265625,600.0
1780761526.3344429,15,268.65625,599.75
1780761526.3344429,15,269.90625,600.5
1780761526.3344429,15,271.296875,601.75
1780761526.3344429,15,272.640625,602.75
1780761526.3344429,15,273.84375,604.0
1780761526.3344429,15,275.328125,605.25
1780761526.3344429,15,276.46875,607.75
1780761526.3344429,15,277.734375,610.5
1780761526.3344429,15,279.078125,613.75
1780761526.3344429,15,280.5625,617.5
1780761526.3344429,15,281.703125,619.75
1780761526.3344429,15,283.15625,622.5
1780761526.3344429,15,284.484375,627.25
1780761526.3344429,15,285.859375,633.25
1780761526.3344429,15,287.03125,639.25
1780761526.3344429,15,288.4375,644.0
1780761526.3344429,15,289.734375,649.5
1780761526.3344429,15,291.046875,656.5
1780761526.3344429,15,292.28125,663.5
1780761526.3344429,15,293.734375,671.0
1780761526.3344429,15,294.96875,679.5
1780761526.3344429,15,296.265625,688.0
1780761526.3344429,15,297.625,696.75
1780761526.3344429,15,298.921875,706.5
1780761526.3344429,15,300.28125,717.75
1780761526.3344429,15,301.65625,728.25
1780761526.3344429,15,302.96875,739.25
1780761526.3344429,15,304.3125,751.75
1780761526.3344429,15,305.65625,765.5
1780761526.3344429,15,306.796875,778.5
1780761526.3344429,15,308.171875,793.5
1780761526.3344429,15,309.4375,810.25
1780761526.3344429,15,310.78125,825.5
1780761526.3344429,15,312.078125,844.5
1780761526.3344429,15,313.375,865.0
1780761526.3344429,15,314.703125,884.75
1780761526.3344429,15,316.046875,906.25
1780761526.3344429,15,317.375,927.25
1780761526.3344429,15,318.59375,951.5
1780761526.3344429,15,319.921875,977.5
1780761526.3344429,8,321.296875,1002.75
1780761526.3344429,15,324.25,843.5
1780761526.3344429,15,325.578125,833.25
1780761526.3344429,15,326.84375,833.75
1780761526.3344429,15,345.953125,2275.0
1780761526.3344429,15,347.25,2294.25
1780761526.3344429,15,348.59375,2294.25
1780761526.3344429,15,349.9375,2294.25
1780761526.4714527,15,351.28125,2294.25
1780761526.4714527,15,352.625,2294.25
1780761526.4714527,15,353.953125,2294.25
1780761526.4714527,15,355.296875,2294.25
1780761526.4714527,15,7.375,2294.25
1780761526.4714527,15,8.71875,2293.75
1780761526.4714527,15,10.0625,2293.25
1780761526.4714527,15,11.359375,2293.75
1780761526.4714527,15,16.71875,2294.25
1780761526.4714527,15,26.734375,1144.5
1780761526.4714527,15,28.109375,1143.75
1780761526.4714527,8,29.40625,1144.0
1780761526.4714527,8,30.734375,1144.5
1780761526.4714527,8,32.109375,1144.5
1780761526.4714527,15,33.484375,1141.0
1780761526.4714527,15,34.765625,1141.5
1780761526.4714527,15,36.25,1156.75
1780761526.4714527,15,53.234375,1848.0
1780761526.4714527,15,54.578125,1819.75
1780761526.4714527,15,55.9375,1795.5
1780761526.4714527,15,57.328125,1759.25
1780761526.4714527,15,58.6875,1745.0
1780761526.4714527,15,63.734375,732.5
1780761526.4714527,15,65.046875,727.0
1780761526.4714527,15,66.421875,734.25
1780761526.4714527,15,67.71875,742.75
1780761526.4714527,15,69.0625,752.75
1780761526.4714527,15,74.796875,1548.5
1780761526.4714527,15,76.125,1548.25
1780761526.4714527,15,77.515625,1548.25
1780761526.4714527,15,78.796875,1547.75
1780761526.4714527,15,80.203125,1539.0
1780761526.4714527,15,83.875,728.25
1780761526.4714527,15,85.109375,734.75
1780761526.4714527,15,90.921875,1333.25
1780761526.4714527,15,92.265625,1332.75
1780761526.4714527,15,93.671875,1328.5
1780761526.4714527,5,94.984375,1315.5
1780761526.4714527,15,96.28125,1329.5
1780761526.4714527,15,97.59375,1336.0
1780761526.4714527,15,98.953125,1326.0
1780761526.4714527,15,112.359375,1345.5
1780761526.4714527,15,113.703125,1339.0
1780761526.4714527,15,125.90625,1121.25
1780761526.4714527,9,128.65625,1076.25
1780761526.4714527,6,130.0,1076.5
1780761526.4714527,15,131.265625,1090.0
1780761526.4714527,8,137.8125,1249.75
1780761526.4714527,15,143.96875,785.5
1780761526.4714527,15,145.203125,789.25
1780761526.4714527,15,146.59375,788.0
1780761526.4714527,15,148.015625,782.5
1780761526.4714527,15,149.15625,785.75
1780761526.4714527,15,152.109375,755.75
1780761526.4714527,15,154.734375,717.0
1780761526.4714527,15,156.015625,719.5
1780761526.4714527,15,157.453125,711.75
1780761526.4714527,15,158.828125,700.5
1780761526.4714527,15,160.21875,696.75
1780761526.4714527,15,161.5625,695.0
1780761526.4714527,15,162.828125,689.25
1780761526.4714527,15,164.3125,685.0
1780761526.4714527,15,165.59375,681.25
1780761526.4714527,15,166.859375,680.5
1780761526.4714527,15,168.21875,674.5
1780761526.4714527,15,169.734375,665.5
1780761526.4714527,15,170.984375,662.75
1780761526.4714527,15,172.34375,655.75
1780761526.4714527,15,173.609375,652.5
1780761526.4714527,15,174.890625,655.5
1780761526.4714527,15,176.359375,658.5
1780761526.4714527,15,177.71875,658.25
1780761526.4714527,15,179.015625,656.0
1780761526.4714527,15,180.265625,656.0
1780761526.4714527,15,181.71875,656.25
1780761526.4714527,15,183.125,653.5
1780761526.4714527,15,184.375,658.5
1780761526.4714527,15,185.625,661.0
1780761526.4714527,15,187.140625,656.25
1780761526.4714527,15,188.4375,656.75
1780761526.4714527,15,189.765625,660.75
1780761526.4714527,15,191.0625,663.5
1780761526.4714527,15,192.28125,661.25
1780761526.4714527,15,193.703125,659.5
1780761526.4714527,15,194.96875,660.75
1780761526.4714527,15,196.390625,669.5
1780761526.4714527,15,198.828125,711.0
1780761526.4714527,15,207.140625,1745.5
1780761526.4714527,15,213.09375,1051.25
1780761526.4714527,15,221.0,1153.0
1780761526.4714527,15,222.328125,1146.0
1780761526.4714527,15,227.578125,1215.5
1780761526.4714527,3,229.0,1209.25
1780761526.4714527,15,235.15625,715.5
1780761526.4714527,15,236.65625,703.75
1780761526.4714527,15,238.015625,693.25
1780761526.4714527,15,239.265625,684.0
1780761526.4714527,15,240.6875,675.25
1780761526.4714527,15,242.140625,666.75
1780761526.4714527,15,243.34375,659.0
1780761526.4714527,15,244.765625,651.75
1780761526.4714527,15,246.140625,645.25
1780761526.4714527,15,247.578125,639.0
1780761526.4714527,15,248.8125,633.0
1780761526.4714527,15,250.171875,628.0
1780761526.4714527,15,251.671875,622.75
1780761526.4714527,15,253.078125,618.25
1780761526.4714527,15,254.4375,614.5
1780761526.4714527,15,255.703125,611.25
1780761526.4714527,15,257.125,607.75
1780761526.4714527,15,258.484375,604.75
1780761526.4714527,15,259.703125,603.25
1780761526.4714527,15,261.09375,601.75
1780761526.4714527,15,262.40625,600.25
1780761526.4714527,15,263.6875,599.75
1780761526.4714527,15,265.1875,599.0
1780761526.4714527,15,266.59375,597.75
1780761526.4714527,15,267.859375,597.5
1780761526.4714527,15,269.0625,598.75
1780761526.4714527,15,270.421875,599.5
1780761526.4714527,15,271.90625,599.5
1780761526.4714527,15,273.3125,600.5
1780761526.4714527,15,274.453125,602.25
1780761526.4714527,15,275.765625,604.25
1780761526.4714527,15,277.125,606.5
1780761526.4714527,15,278.40625,609.25
1780761526.4714527,15,279.671875,612.5
1780761526.4714527,15,281.140625,615.5
1780761526.4714527,15,282.296875,618.75
1780761526.4714527,15,283.640625,623.0
1780761526.4714527,15,285.0,627.5
1780761526.4714527,15,286.296875,633.25
1780761526.4714527,15,287.59375,639.25
1780761526.4714527,15,289.046875,644.5
1780761526.4714527,15,290.25,650.25
1780761526.4714527,15,291.65625,656.5
1780761526.4714527,15,292.984375,664.0
1780761526.4714527,15,294.1875,672.5
1780761526.4714527,15,295.5,681.0
1780761526.4714527,15,296.75,690.0
1780761526.4714527,15,298.140625,700.0
1780761526.4714527,15,299.390625,709.75
1780761526.4714527,15,300.84375,719.25
1780761526.4714527,15,302.0625,729.75
1780761526.4714527,15,303.4375,741.5
1780761526.4714527,15,304.734375,754.75
1780761526.4714527,15,306.015625,768.5
1780761526.4714527,15,307.390625,783.0
1780761526.4714527,15,308.65625,798.25
1780761526.4714527,15,309.890625,814.0
1780761526.4714527,15,311.328125,832.25
1780761526.4714527,15,312.546875,851.75
1780761526.4714527,15,313.8125,870.25
1780761526.4714527,15,315.203125,890.25
1780761526.4714527,15,316.453125,912.5
1780761526.4714527,15,317.78125,935.0
1780761526.4714527,15,319.078125,956.5
1780761526.4714527,15,321.65625,1012.25
1780761526.4714527,15,322.984375,1039.5
1780761526.4714527,15,325.96875,871.5
1780761526.4714527,15,327.375,861.5
1780761526.4714527,15,346.40625,2278.0
1780761526.4714527,15,347.71875,2278.0
1780761526.4714527,15,349.0625,2294.25
1780761526.4714527,15,350.40625,2294.25
1780761526.6094494,15,351.75,2294.25
1780761526.6094494,15,353.078125,2294.25
1780761526.6094494,15,354.40625,2330.5
1780761526.6094494,15,9.203125,2293.25
1780761526.6094494,15,10.515625,2295.75
1780761526.6094494,15,25.9375,1170.75
1780761526.6094494,12,27.203125,1169.75
1780761526.6094494,10,28.609375,1165.0
1780761526.6094494,11,29.984375,1164.25
1780761526.6094494,15,31.265625,1169.25
1780761526.6094494,15,32.625,1170.5
1780761526.6094494,15,33.953125,1170.75
1780761526.6094494,9,35.296875,1165.75
1780761526.6094494,15,55.03125,1808.0
1780761526.6094494,15,56.34375,1772.5
1780761526.6094494,15,61.578125,746.5
1780761526.6094494,15,62.921875,745.75
1780761526.6094494,15,64.09375,753.0
1780761526.6094494,15,65.390625,761.25
1780761526.6094494,15,66.796875,770.5
1780761526.6094494,15,69.8125,1609.75
1780761526.6094494,15,71.21875,1582.5
1780761526.6094494,15,72.578125,1572.5
1780761526.6094494,15,73.859375,1568.75
1780761526.6094494,15,75.21875,1558.25
1780761526.6094494,15,76.59375,1549.0
1780761526.6094494,15,80.359375,730.5
1780761526.6094494,11,81.546875,729.25
1780761526.6094494,15,88.703125,1359.0
1780761526.6094494,15,90.109375,1339.0
1780761526.6094494,15,91.453125,1325.75
1780761526.6094494,15,92.796875,1325.5
1780761526.6094494,15,94.125,1344.0
1780761526.6094494,15,95.421875,1338.5
1780761526.6094494,15,96.765625,1326.25
1780761526.6094494,15,100.75,1419.0
1780761526.6094494,15,102.078125,1435.75
1780761526.6094494,15,111.5625,1326.25
1780761526.6094494,15,112.953125,1326.25
1780761526.6094494,15,119.390625,1763.0
1780761526.6094494,15,126.59375,1055.5
1780761526.6094494,15,127.96875,1053.25
1780761526.6094494,15,129.3125,1060.75
1780761526.6094494,15,135.765625,1250.25
1780761526.6094494,15,137.140625,1232.25
1780761526.6094494,15,141.8125,759.5
1780761526.6094494,15,143.125,763.5
1780761526.6094494,15,144.484375,760.5
1780761526.6094494,15,146.0,750.0
1780761526.6094494,15,147.28125,747.25
1780761526.6094494,15,148.5625,737.5
1780761526.6094494,15,150.03125,724.0
1780761526.6094494,15,152.765625,693.0
1780761526.6094494,15,154.109375,687.25
1780761526.6094494,15,155.421875,679.0
1780761526.6094494,15,156.859375,668.0
1780761526.6094494,15,158.21875,666.75
1780761526.6094494,15,159.46875,663.75
1780761526.6094494,15,160.8125,658.25
1780761526.6094494,15,162.234375,650.75
1780761526.6094494,15,163.71875,644.5
1780761526.6094494,15,165.03125,643.5
1780761526.6094494,15,166.359375,643.5
1780761526.6094494,15,169.0,624.5
1780761526.6094494,15,170.296875,623.75
1780761526.6094494,15,171.859375,621.0
1780761526.6094494,15,173.1875,617.75
1780761526.6094494,15,174.390625,614.25
1780761526.6094494,15,175.8125,616.75
1780761526.6094494,15,177.03125,619.5
1780761526.6094494,15,178.4375,617.75
1780761526.6094494,15,179.703125,618.75
1780761526.6094494,15,181.015625,619.75
1780761526.6094494,15,182.515625,617.25
1780761526.6094494,15,183.78125,617.5
1780761526.6094494,15,185.046875,625.75
1780761526.6094494,15,186.53125,626.5
1780761526.6094494,15,187.734375,617.25
1780761526.6094494,15,189.203125,614.75
1780761526.6094494,15,190.484375,621.5
1780761526.6094494,15,194.59375,621.0
1780761526.6094494,15,195.703125,626.5
1780761526.6094494,15,197.140625,637.25
1780761526.6094494,15,199.734375,675.5
1780761526.6094494,15,200.953125,691.0
1780761526.6094494,15,210.546875,1629.25
1780761526.6094494,15,213.71875,1021.75
1780761526.6094494,15,215.0625,1027.0
1780761526.6094494,15,217.328125,1521.0
1780761526.6094494,5,218.640625,1522.0
1780761526.6094494,15,221.78125,1128.75
1780761526.6094494,15,223.09375,1122.0
1780761526.6094494,15,226.984375,1203.25
1780761526.6094494,1,228.34375,1191.75
1780761526.6094494,15,229.71875,1186.75
1780761526.6094494,15,231.03125,1187.0
1780761526.6094494,15,237.234375,688.75
1780761526.6094494,15,238.703125,686.0
1780761526.6094494,15,239.9375,676.5
1780761526.6094494,15,241.484375,667.5
1780761526.6094494,15,242.6875,659.75
1780761526.6094494,15,244.25,652.25
1780761526.6094494,15,245.5625,645.5
1780761526.6094494,15,246.921875,639.5
1780761526.6094494,15,248.21875,632.5
1780761526.6094494,15,249.546875,626.25
1780761526.6094494,15,250.921875,621.75
1780761526.6094494,15,252.359375,618.0
1780761526.6094494,15,253.65625,614.25
1780761526.6094494,15,255.0,610.75
1780761526.6094494,15,256.296875,608.0
1780761526.6094494,15,257.6875,604.75
1780761526.6094494,15,259.203125,601.75
1780761526.6094494,15,260.453125,600.0
1780761526.6094494,15,261.796875,598.5
1780761526.6094494,15,263.25,597.25
1780761526.6094494,15,264.453125,596.25
1780761526.6094494,15,265.890625,595.0
1780761526.6094494,15,267.15625,594.75
1780761526.6094494,15,268.421875,595.25
1780761526.6094494,15,269.765625,596.0
1780761526.6094494,15,271.09375,597.25
1780761526.6094494,15,272.578125,598.25
1780761526.6094494,15,273.890625,599.5
1780761526.6094494,15,275.09375,601.5
1780761526.6094494,15,276.640625,603.75
1780761526.6094494,15,277.9375,605.5
1780761526.6094494,15,279.203125,608.0
1780761526.6094494,15,280.421875,611.5
1780761526.6094494,15,281.875,614.0
1780761526.6094494,15,283.203125,617.75
1780761526.6094494,15,284.59375,623.25
1780761526.6094494,15,285.90625,628.25
1780761526.6094494,15,287.046875,633.5
1780761526.6094494,15,288.4375,639.75
1780761526.6094494,15,289.859375,646.25
1780761526.6094494,15,291.109375,652.5
1780761526.6094494,15,292.40625,659.25
1780761526.6094494,15,293.8125,666.5
1780761526.6094494,15,295.078125,674.75
1780761526.6094494,15,296.390625,683.75
1780761526.6094494,15,297.625,693.25
1780761526.6094494,15,299.0625,702.5
1780761526.6094494,15,300.3125,713.25
1780761526.6094494,15,301.640625,724.5
1780761526.6094494,15,302.921875,735.25
1780761526.6094494,15,304.296875,747.25
1780761526.6094494,15,305.46875,760.5
1780761526.6094494,15,306.796875,774.25
1780761526.6094494,15,308.203125,788.75
1780761526.6094494,15,309.40625,805.25
1780761526.6094494,15,310.75,823.75
1780761526.6094494,15,312.046875,843.5
1780761526.6094494,15,313.3125,861.25
1780761526.6094494,15,314.6875,880.25
1780761526.6094494,15,316.0,904.25
1780761526.6094494,15,317.21875,926.75
1780761526.6094494,15,318.578125,948.0
1780761526.6094494,15,319.921875,971.0
1780761526.6094494,15,322.53125,1027.25
1780761526.6094494,15,326.75,904.25
1780761526.6094494,15,328.109375,895.0
1780761526.6094494,15,329.453125,898.0
1780761526.6094494,15,345.9375,2294.25
1780761526.6094494,15,347.265625,2295.5
1780761526.6094494,15,348.59375,2295.5
1780761526.6094494,15,349.96875,2294.25
1780761526.7465024,15,351.28125,2294.25
1780761526.7465024,15,352.625,2294.25
1780761526.7465024,15,353.953125,2294.25
1780761526.7465024,15,25.40625,1202.5
1780761526.7465024,15,26.703125,1198.0
1780761526.7465024,15,28.046875,1197.75
1780761526.7465024,15,29.4375,1197.5
1780761526.7465024,15,30.703125,1197.75
1780761526.7465024,15,32.109375,1198.0
1780761526.7465024,15,33.421875,1202.5
1780761526.7465024,15,54.546875,1832.75
1780761526.7465024,15,59.78125,761.0
1780761526.7465024,15,60.984375,767.5
1780761526.7465024,15,62.375,775.0
1780761526.7465024,15,63.5625,783.0
1780761526.7465024,15,64.890625,793.75
1780761526.7465024,15,68.03125,1611.0
1780761526.7465024,15,69.421875,1591.25
1780761526.7465024,15,70.75,1589.75
1780761526.7465024,15,72.140625,1580.0
1780761526.7465024,7,73.453125,1559.75
1780761526.7465024,15,74.78125,1549.25
1780761526.7465024,15,78.578125,738.0
1780761526.7465024,15,88.328125,1341.5
1780761526.7465024,15,89.671875,1331.75
1780761526.7465024,15,90.96875,1331.75
1780761526.7465024,15,92.34375,1331.25
1780761526.7465024,15,93.65625,1325.5
1780761526.7465024,15,95.0,1331.75
1780761526.7465024,15,96.375,1331.75
1780761526.7465024,15,98.96875,1413.75
1780761526.7465024,15,100.296875,1442.25
1780761526.7465024,15,109.734375,1326.0
1780761526.7465024,15,111.078125,1326.0
1780761526.7465024,15,112.46875,1326.25
1780761526.7465024,15,124.890625,1039.0
1780761526.7465024,15,126.21875,1031.25
1780761526.7465024,15,127.53125,1032.5
1780761526.7465024,6,132.53125,1256.5
1780761526.7465024,15,133.9375,1243.5
1780761526.7465024,15,135.28125,1225.0
1780761526.7465024,15,140.140625,727.0
1780761526.7465024,15,141.421875,735.25
1780761526.7465024,15,142.796875,731.0
1780761526.7465024,15,144.171875,717.5
1780761526.7465024,15,145.4375,710.75
1780761526.7465024,15,146.859375,704.5
1780761526.7465024,15,148.171875,696.5
1780761526.7465024,15,151.0625,657.75
1780761526.7465024,15,152.296875,649.75
1780761526.7465024,15,153.734375,647.0
1780761526.7465024,15,155.015625,638.75
1780761526.7465024,15,156.5625,629.5
1780761526.7465024,15,157.859375,623.5
1780761526.7465024,15,159.265625,622.0
1780761526.7465024,15,160.59375,618.5
1780761526.7465024,15,161.765625,612.25
1780761526.7465024,15,163.359375,606.5
1780761526.7465024,15,164.546875,594.75
1780761526.7465024,15,166.0,590.75
1780761526.7465024,15,167.25,592.0
1780761526.7465024,15,168.6875,586.5
1780761526.7465024,15,170.03125,585.25
1780761526.7465024,15,171.375,583.25
1780761526.7465024,15,172.8125,577.5
1780761526.7465024,15,173.984375,576.5
1780761526.7465024,15,175.359375,579.0
1780761526.7465024,15,176.640625,581.5
1780761526.7465024,15,177.984375,581.25
1780761526.7465024,15,179.3125,579.0
1780761526.7465024,15,180.71875,579.0
1780761526.7465024,15,182.015625,578.5
1780761526.7465024,15,183.578125,577.0
1780761526.7465024,15,184.734375,579.75
1780761526.7465024,15,186.046875,581.25
1780761526.7465024,15,187.5625,577.25
1780761526.7465024,15,188.953125,570.5
1780761526.7465024,15,190.0625,573.0
1780761526.7465024,15,191.390625,585.5
1780761526.7465024,15,195.5,580.25
1780761526.7465024,15,196.859375,585.5
1780761526.7465024,15,198.015625,595.5
1780761526.7465024,15,200.640625,635.0
1780761526.7465024,15,208.625,1649.5
1780761526.7465024,15,211.3125,1593.75
1780761526.7465024,15,214.59375,995.0
1780761526.7465024,15,215.859375,997.25
1780761526.7465024,15,223.765625,1101.5
1780761526.7465024,15,225.09375,1103.5
1780761526.7465024,15,230.484375,1158.5
1780761526.7465024,15,231.78125,1162.0
1780761526.7465024,15,236.734375,660.5
1780761526.7465024,15,242.140625,661.0
1780761526.7465024,15,243.46875,653.0
1780761526.7465024,15,244.9375,646.0
1780761526.7465024,15,246.234375,639.75
1780761526.7465024,15,247.59375,633.5
1780761526.7465024,15,249.078125,627.0
1780761526.7465024,15,250.34375,621.5
1780761526.7465024,15,251.578125,617.5
1780761526.7465024,15,253.046875,613.25
1780761526.7465024,15,254.46875,609.75
1780761526.7465024,15,255.640625,607.0
1780761526.7465024,15,257.140625,603.75
1780761526.7465024,15,258.34375,600.75
1780761526.7465024,15,259.859375,598.5
1780761526.7465024,15,261.171875,597.0
1780761526.7465024,15,262.609375,595.5
1780761526.7465024,15,263.75,593.5
1780761526.7465024,15,265.203125,593.0
1780761526.7465024,15,266.546875,593.0
1780761526.7465024,15,267.84375,593.25
1780761526.7465024,15,269.140625,593.75
1780761526.7465024,15,270.625,594.0
1780761526.7465024,15,271.9375,594.25
1780761526.7465024,15,273.28125,595.25
1780761526.7465024,15,274.59375,597.75
1780761526.7465024,15,275.765625,600.25
1780761526.7465024,15,277.265625,602.25
1780761526.7465024,15,278.453125,605.0
1780761526.7465024,15,279.921875,608.25
1780761526.7465024,15,281.328125,610.75
1780761526.7465024,15,282.484375,614.75
1780761526.7465024,15,283.796875,619.5
1780761526.7465024,15,285.15625,623.5
1780761526.7465024,15,286.4375,628.25
1780761526.7465024,15,287.921875,633.75
1780761526.7465024,15,289.046875,640.25
1780761526.7465024,15,290.40625,646.5
1780761526.7465024,15,291.71875,652.75
1780761526.7465024,15,293.015625,660.5
1780761526.7465024,15,294.484375,668.75
1780761526.7465024,15,295.796875,676.75
1780761526.7465024,15,297.09375,686.25
1780761526.7465024,15,298.359375,695.75
1780761526.7465024,15,299.6875,705.25
1780761526.7465024,15,301.015625,716.75
1780761526.7465024,15,302.359375,728.0
1780761526.7465024,15,303.640625,738.5
1780761526.7465024,15,305.015625,751.25
1780761526.7465024,15,306.1875,765.0
1780761526.7465024,15,307.5625,779.0
1780761526.7465024,15,308.8125,795.0
1780761526.7465024,15,310.09375,811.0
1780761526.7465024,15,311.5,827.0
1780761526.7465024,15,312.734375,847.25
1780761526.7465024,15,314.140625,869.0
1780761526.7465024,15,315.4375,889.25
1780761526.7465024,15,316.671875,911.75
1780761526.7465024,15,317.921875,934.75
1780761526.7465024,15,319.34375,955.75
1780761526.7465024,15,321.84375,1011.25
1780761526.7465024,15,323.234375,1038.25
1780761526.7465024,15,328.765625,929.25
1780761526.7465024,15,330.109375,922.5
1780761526.7465024,15,342.625,2252.25
1780761526.7465024,15,345.296875,2272.75
1780761526.7465024,15,350.703125,2299.0
1780761526.8844495,15,352.015625,2303.0
1780761526.8844495,15,353.40625,2298.5
1780761526.8844495,15,354.71875,2294.5
1780761526.8844495,15,24.84375,1225.0
1780761526.8844495,15,26.25,1224.25
1780761526.8844495,15,27.515625,1223.25
1780761526.8844495,15,28.953125,1223.5
1780761526.8844495,15,30.234375,1224.25
1780761526.8844495,15,31.59375,1223.75
1780761526.8844495,15,32.90625,1224.75
1780761526.8844495,15,57.796875,781.25
1780761526.8844495,15,59.015625,787.25
1780761526.8844495,15,60.40625,794.75
1780761526.8844495,15,61.734375,803.75
1780761526.8844495,15,67.5625,1606.0
1780761526.8844495,15,68.90625,1590.5
1780761526.8844495,15,70.25,1588.75
1780761526.8844495,15,71.609375,1588.75
1780761526.8844495,15,75.34375,752.0
1780761526.8844495,6,76.6875,756.25
1780761526.8844495,15,79.671875,1539.75
1780761526.8844495,15,86.546875,1322.0
1780761526.8844495,15,87.9375,1325.75
1780761526.8844495,15,89.28125,1325.5
1780761526.8844495,15,90.609375,1321.75
1780761526.8844495,15,91.96875,1321.75
1780761526.8844495,15,93.21875,1333.0
1780761526.8844495,15,94.59375,1333.0
1780761526.8844495,15,108.0625,1319.75
1780761526.8844495,15,109.40625,1319.75
1780761526.8844495,15,110.703125,1319.75
1780761526.8844495,15,112.078125,1320.0
1780761526.8844495,15,121.828125,1046.75
1780761526.8844495,15,123.140625,1021.25
1780761526.8844495,15,124.53125,1010.25
1780761526.8844495,15,125.8125,1012.75
1780761526.8844495,15,127.171875,1024.0
1780761526.8844495,15,133.5625,1201.0
1780761526.8844495,15,137.140625,702.25
1780761526.8844495,15,138.375,703.0
1780761526.8844495,15,139.734375,705.25
1780761526.8844495,15,141.171875,699.0
1780761526.8844495,15,142.609375,688.75
1780761526.8844495,15,143.84375,683.25
1780761526.8844495,15,146.5625,657.0
1780761526.8844495,15,148.140625,643.0
1780761526.8844495,15,149.53125,624.5
1780761526.8844495,15,150.71875,614.75
1780761526.8844495,15,152.125,610.25
1780761526.8844495,15,153.65625,603.0
1780761526.8844495,15,154.984375,595.25
1780761526.8844495,15,156.25,588.75
1780761526.8844495,15,157.578125,585.0
1780761526.8844495,15,159.09375,581.0
1780761526.8844495,15,160.359375,570.0
1780761526.8844495,15,161.8125,564.75
1780761526.8844495,15,163.171875,565.25
1780761526.8844495,15,164.59375,560.0
1780761526.8844495,15,166.015625,554.5
1780761526.8844495,15,167.296875,549.25
1780761526.8844495,15,168.546875,545.25
1780761526.8844495,15,169.890625,547.25
1780761526.8844495,15,171.140625,553.0
1780761526.8844495,15,174.046875,538.75
1780761526.8844495,15,175.453125,540.0
1780761526.8844495,15,176.8125,539.75
1780761526.8844495,15,178.09375,539.25
1780761526.8844495,15,179.453125,539.75
1780761526.8844495,15,180.609375,540.0
1780761526.8844495,15,182.109375,538.25
1780761526.8844495,15,183.265625,536.75
1780761526.8844495,15,184.828125,537.75
1780761526.8844495,15,186.078125,540.25
1780761526.8844495,15,187.375,539.5
1780761526.8844495,15,188.890625,535.5
1780761526.8844495,15,190.203125,535.25
1780761526.8844495,15,191.375,541.0
1780761526.8844495,15,192.78125,547.25
1780761526.8844495,15,193.953125,545.75
1780761526.8844495,15,195.421875,537.0
1780761526.8844495,15,196.75,535.75
1780761526.8844495,15,198.109375,544.0
1780761526.8844495,15,201.9375,597.75
1780761526.8844495,15,208.328125,1619.75
1780761526.8844495,15,209.71875,1600.25
1780761526.8844495,15,211.0625,1580.75
1780761526.8844495,6,212.375,1569.25
1780761526.8844495,15,215.703125,969.0
1780761526.8844495,15,217.03125,966.25
1780761526.8844495,15,221.859375,1442.75
1780761526.8844495,15,224.859375,1072.5
1780761526.8844495,15,226.25,1071.5
1780761526.8844495,15,232.828125,1145.5
1780761526.8844495,15,234.125,1145.25
1780761526.8844495,15,235.5,1146.75
1780761526.8844495,15,243.078125,652.0
1780761526.8844495,15,244.453125,645.25
1780761526.8844495,15,245.984375,639.25
1780761526.8844495,15,247.3125,632.75
1780761526.8844495,15,248.734375,626.5
1780761526.8844495,15,249.96875,621.5
1780761526.8844495,15,251.453125,616.5
1780761526.8844495,15,252.671875,612.75
1780761526.8844495,15,253.984375,609.25
1780761526.8844495,15,255.375,605.0
1780761526.8844495,15,256.703125,602.25
1780761526.8844495,15,258.09375,599.75
1780761526.8844495,15,259.46875,597.0
1780761526.8844495,15,260.828125,594.75
1780761526.8844495,15,262.125,593.5
1780761526.8844495,15,263.515625,592.5
1780761526.8844495,15,264.96875,592.0
1780761526.8844495,15,266.21875,591.5
1780761526.8844495,15,267.4375,591.0
1780761526.8844495,15,268.96875,591.75
1780761526.8844495,15,270.296875,592.25
1780761526.8844495,15,271.484375,592.5
1780761526.8844495,15,272.984375,593.75
1780761526.8844495,15,274.171875,595.0
1780761526.8844495,15,275.5,596.75
1780761526.8844495,15,276.953125,598.25
1780761526.8844495,15,278.09375,600.75
1780761526.8844495,15,279.40625,604.75
1780761526.8844495,15,280.859375,608.5
1780761526.8844495,15,282.140625,611.75
1780761526.8844495,15,283.546875,615.5
1780761526.8844495,15,284.703125,619.75
1780761526.8844495,15,286.0,624.25
1780761526.8844495,15,287.296875,629.75
1780761526.8844495,15,288.796875,636.5
1780761526.8844495,15,290.0,643.25
1780761526.8844495,15,291.3125,648.75
1780761526.8844495,15,292.640625,655.5
1780761526.8844495,15,293.875,663.75
1780761526.8844495,15,295.234375,671.75
1780761526.8844495,15,296.59375,680.5
1780761526.8844495,15,297.796875,690.5
1780761526.8844495,15,299.203125,700.75
1780761526.8844495,15,300.546875,711.25
1780761526.8844495,15,301.84375,721.5
1780761526.8844495,15,303.171875,732.0
1780761526.8844495,15,304.5,745.0
1780761526.8844495,15,305.78125,758.25
1780761526.8844495,15,307.015625,771.5
1780761526.8844495,15,308.3125,787.25
1780761526.8844495,15,309.734375,803.75
1780761526.8844495,15,310.953125,820.75
1780761526.8844495,15,312.28125,839.75
1780761526.8844495,15,313.59375,858.75
1780761526.8844495,15,314.890625,879.75
1780761526.8844495,15,316.09375,903.0
1780761526.8844495,15,317.484375,923.0
1780761526.8844495,15,318.734375,945.75
1780761526.8844495,15,320.078125,970.5
1780761526.8844495,15,322.625,1027.5
1780761526.8844495,15,326.515625,1133.25
1780761526.8844495,15,329.53125,960.75
1780761526.8844495,15,330.90625,951.25
1780761526.8844495,15,342.0,2255.25
1780761526.8844495,15,343.375,2254.75
1780761526.8844495,15,344.6875,2274.5
1780761526.8844495,15,346.0,2294.25
1780761527.0216427,15,354.171875,2300.25
1780761527.0216427,15,355.53125,2303.5
1780761527.0216427,15,24.21875,1246.0
1780761527.0216427,15,25.53125,1246.0
1780761527.0216427,8,26.90625,1245.5
1780761527.0216427,9,28.25,1245.5
1780761527.0216427,9,29.609375,1245.5
1780761527.0216427,7,30.921875,1245.25
1780761527.0216427,5,32.296875,1244.75
1780761527.0216427,15,55.640625,804.5
1780761527.0216427,15,57.015625,809.0
1780761527.0216427,15,58.328125,814.0
1780761527.0216427,15,59.625,821.0
1780761527.0216427,15,62.78125,1685.0
1780761527.0216427,15,64.109375,1672.0
1780761527.0216427,15,65.515625,1660.75
1780761527.0216427,15,66.875,1633.5
1780761527.0216427,15,68.171875,1604.75
1780761527.0216427,15,69.546875,1592.0
1780761527.0216427,15,73.28125,757.0
1780761527.0216427,15,76.28125,1558.0
1780761527.0216427,15,77.625,1549.0
1780761527.0216427,15,78.953125,1548.0
1780761527.0216427,15,85.828125,1332.75
1780761527.0216427,15,87.1875,1346.75
1780761527.0216427,6,88.546875,1333.5
1780761527.0216427,15,89.875,1329.0
1780761527.0216427,15,91.140625,1335.25
1780761527.0216427,15,92.5,1326.0
1780761527.0216427,15,97.8125,1444.5
1780761527.0216427,15,107.21875,1307.0
1780761527.0216427,15,108.5625,1320.0
1780761527.0216427,15,109.90625,1320.0
1780761527.0216427,5,119.5625,1038.25
1780761527.0216427,15,120.953125,1015.25
1780761527.0216427,15,122.3125,997.25
1780761527.0216427,15,123.671875,996.75
1780761527.0216427,15,125.0625,1006.5
1780761527.0216427,15,130.09375,1226.5
1780761527.0216427,15,131.375,1198.5
1780761527.0216427,15,135.03125,667.25
1780761527.0216427,15,136.328125,674.75
1780761527.0216427,15,137.65625,677.25
1780761527.0216427,15,138.96875,670.25
1780761527.0216427,15,140.5,660.0
1780761527.0216427,15,141.78125,653.5
1780761527.0216427,15,144.484375,626.5
1780761527.0216427,15,147.375,591.0
1780761527.0216427,15,148.6875,581.25
1780761527.0216427,15,150.109375,581.0
1780761527.0216427,15,151.5,573.0
1780761527.0216427,15,152.71875,561.25
1780761527.0216427,15,154.140625,557.0
1780761527.0216427,15,155.671875,553.25
1780761527.0216427,15,156.96875,547.75
1780761527.0216427,15,158.28125,540.25
1780761527.0216427,15,159.625,536.75
1780761527.0216427,15,161.203125,531.5
1780761527.0216427,15,162.390625,522.5
1780761527.0216427,15,163.953125,518.75
1780761527.0216427,15,165.28125,516.75
1780761527.0216427,15,166.671875,514.0
1780761527.0216427,15,167.890625,509.25
1780761527.0216427,15,169.28125,510.5
1780761527.0216427,15,170.578125,514.75
1780761527.0216427,15,171.921875,508.25
1780761527.0216427,15,173.234375,502.75
1780761527.0216427,15,174.546875,505.25
1780761527.0216427,15,176.109375,503.5
1780761527.0216427,15,177.234375,502.5
1780761527.0216427,15,178.640625,501.75
1780761527.0216427,15,179.875,501.5
1780761527.0216427,15,181.265625,502.0
1780761527.0216427,15,182.78125,500.75
1780761527.0216427,15,183.984375,501.75
1780761527.0216427,15,185.3125,502.5
1780761527.0216427,15,186.765625,502.25
1780761527.0216427,15,188.125,501.75
1780761527.0216427,15,189.421875,500.0
1780761527.0216427,15,190.765625,499.75
1780761527.0216427,15,191.859375,503.5
1780761527.0216427,15,193.25,510.5
1780761527.0216427,15,197.515625,504.25
1780761527.0216427,15,198.859375,507.0
1780761527.0216427,15,203.78125,568.25
1780761527.0216427,15,208.734375,1609.25
1780761527.0216427,15,210.09375,1580.0
1780761527.0216427,15,211.40625,1559.5
1780761527.0216427,15,212.78125,1540.0
1780761527.0216427,15,214.0625,1543.75
1780761527.0216427,15,217.375,936.0
1780761527.0216427,15,218.671875,939.75
1780761527.0216427,15,225.25,1061.0
1780761527.0216427,15,226.609375,1051.75
1780761527.0216427,15,227.953125,1054.75
1780761527.0216427,15,234.53125,1134.5
1780761527.0216427,15,242.453125,616.75
1780761527.0216427,15,246.203125,635.0
1780761527.0216427,15,247.578125,628.0
1780761527.0216427,15,249.109375,622.25
1780761527.0216427,15,250.375,616.5
1780761527.0216427,15,251.859375,612.5
1780761527.0216427,15,253.0,609.5
1780761527.0216427,15,254.484375,606.25
1780761527.0216427,15,255.90625,603.25
1780761527.0216427,15,257.171875,600.5
1780761527.0216427,15,258.578125,597.75
1780761527.0216427,15,259.96875,595.25
1780761527.0216427,15,261.203125,593.25
1780761527.0216427,15,262.421875,592.0
1780761527.0216427,15,263.796875,591.0
1780761527.0216427,15,265.328125,589.75
1780761527.0216427,15,266.46875,590.75
1780761527.0216427,15,267.875,590.75
1780761527.0216427,15,269.1875,589.75
1780761527.0216427,15,270.703125,590.5
1780761527.0216427,15,271.90625,591.25
1780761527.0216427,15,273.328125,592.25
1780761527.0216427,15,274.515625,593.25
1780761527.0216427,15,276.015625,595.0
1780761527.0216427,15,277.265625,597.5
1780761527.0216427,15,278.421875,599.5
1780761527.0216427,15,279.71875,602.0
1780761527.0216427,15,281.1875,603.75
1780761527.0216427,15,282.484375,608.0
1780761527.0216427,15,283.8125,614.5
1780761527.0216427,15,285.140625,619.25
1780761527.0216427,15,286.265625,624.25
1780761527.0216427,15,287.71875,629.25
1780761527.0216427,15,289.078125,635.0
1780761527.0216427,15,290.21875,641.25
1780761527.0216427,15,291.53125,647.75
1780761527.0216427,15,292.953125,655.25
1780761527.0216427,15,294.265625,663.5
1780761527.0216427,15,295.609375,671.75
1780761527.0216427,15,296.78125,680.5
1780761527.0216427,15,298.09375,690.0
1780761527.0216427,15,299.46875,700.25
1780761527.0216427,15,300.75,710.5
1780761527.0216427,15,302.1875,721.0
1780761527.0216427,15,303.453125,732.75
1780761527.0216427,15,304.796875,745.5
1780761527.0216427,15,306.09375,758.0
1780761527.0216427,15,307.375,772.0
1780761527.0216427,15,308.625,787.5
1780761527.0216427,15,310.015625,803.5
1780761527.0216427,15,311.171875,820.5
1780761527.0216427,15,312.53125,839.5
1780761527.0216427,15,313.8125,859.0
1780761527.0216427,15,315.078125,879.5
1780761527.0216427,15,316.375,903.5
1780761527.0216427,15,317.71875,924.75
1780761527.0216427,15,318.984375,948.0
1780761527.0216427,15,320.3125,972.0
1780761527.0216427,15,322.9375,1027.75
1780761527.0216427,15,325.578125,1099.5
1780761527.0216427,15,328.1875,1182.25
1780761527.0216427,15,331.078125,987.5
1780761527.0216427,15,332.515625,981.0
1780761527.0216427,15,342.359375,2294.25
1780761527.0216427,15,343.75,2275.0
1780761527.0216427,15,346.390625,2282.0
1780761527.159481,15,354.421875,2311.75
1780761527.159481,15,355.765625,2314.75
1780761527.159481,15,23.078125,1268.0
1780761527.159481,15,24.390625,1275.5
1780761527.159481,15,25.71875,1269.75
1780761527.159481,15,27.109375,1268.0
1780761527.159481,15,28.453125,1268.0
1780761527.159481,15,29.796875,1256.75
1780761527.159481,15,31.171875,1256.25
1780761527.159481,15,53.140625,825.75
1780761527.159481,15,54.609375,828.75
1780761527.159481,15,55.859375,833.75
1780761527.159481,15,57.25,843.25
1780761527.159481,15,63.109375,1674.75
1780761527.159481,15,64.40625,1661.5
1780761527.159481,15,65.765625,1649.75
1780761527.159481,15,70.703125,767.0
1780761527.159481,15,73.875,1569.25
1780761527.159481,15,75.171875,1567.0
1780761527.159481,15,76.5625,1557.5
1780761527.159481,15,84.75,1329.5
1780761527.159481,15,86.046875,1329.5
1780761527.159481,15,87.453125,1320.0
1780761527.159481,15,88.71875,1320.0
1780761527.159481,15,90.09375,1332.75
1780761527.159481,15,91.390625,1332.75
1780761527.159481,15,96.703125,1453.0
1780761527.159481,15,104.828125,1274.25
1780761527.159481,15,106.21875,1282.0
1780761527.159481,15,107.4375,1301.5
1780761527.159481,15,108.765625,1320.0
1780761527.159481,15,117.15625,1033.5
1780761527.159481,15,119.9375,979.25
1780761527.159481,15,121.171875,974.5
1780761527.159481,15,122.546875,977.75
1780761527.159481,15,123.90625,990.75
1780761527.159481,15,128.96875,1198.25
1780761527.159481,15,132.75,641.5
1780761527.159481,15,134.0,645.0
1780761527.159481,15,135.34375,648.5
1780761527.159481,15,138.1875,626.75
1780761527.159481,15,139.625,619.5
1780761527.159481,15,141.0,606.5
1780761527.159481,15,142.234375,595.0
1780761527.159481,15,145.265625,558.0
1780761527.159481,15,146.65625,547.25
1780761527.159481,15,148.03125,545.25
1780761527.159481,15,149.390625,538.25
1780761527.159481,15,150.78125,526.5
1780761527.159481,15,152.03125,521.25
1780761527.159481,15,153.53125,518.5
1780761527.159481,15,154.875,514.25
1780761527.159481,15,156.28125,508.5
1780761527.159481,15,157.546875,500.0
1780761527.159481,15,158.953125,495.25
1780761527.159481,15,160.234375,492.75
1780761527.159481,15,161.5625,491.75
1780761527.159481,15,164.34375,477.25
1780761527.159481,15,165.734375,473.75
1780761527.159481,15,167.125,472.0
1780761527.159481,15,168.46875,474.5
1780761527.159481,15,169.828125,475.25
1780761527.159481,15,171.125,467.5
1780761527.159481,15,172.671875,462.0
1780761527.159481,15,173.671875,466.0
1780761527.159481,15,175.140625,467.0
1780761527.159481,15,176.703125,465.75
1780761527.159481,15,178.0625,465.75
1780761527.159481,15,179.25,465.5
1780761527.159481,15,180.421875,465.25
1780761527.159481,15,181.984375,465.0
1780761527.159481,15,183.09375,463.75
1780761527.159481,15,184.71875,463.5
1780761527.159481,15,186.09375,464.5
1780761527.159481,15,187.21875,465.75
1780761527.159481,15,188.5625,465.25
1780761527.159481,15,190.078125,463.5
1780761527.159481,15,191.234375,458.75
1780761527.159481,15,192.59375,461.0
1780761527.159481,15,194.078125,471.75
1780761527.159481,15,195.0,483.5
1780761527.159481,15,197.96875,465.0
1780761527.159481,15,199.359375,466.25
1780761527.159481,15,200.6875,471.25
1780761527.159481,15,210.515625,1551.0
1780761527.159481,5,211.796875,1530.75
1780761527.159481,15,217.78125,919.5
1780761527.159481,15,219.171875,907.5
1780761527.159481,15,220.5625,910.25
1780761527.159481,15,227.09375,1034.25
1780761527.159481,15,228.390625,1026.75
1780761527.159481,15,229.640625,1028.75
1780761527.159481,15,232.28125,1116.0
1780761527.159481,15,233.5625,1112.0
1780761527.159481,1,234.953125,1107.75
1780761527.159481,15,236.359375,1101.5
1780761527.159481,15,245.421875,594.5
1780761527.159481,15,249.453125,618.0
1780761527.159481,15,250.734375,613.25
1780761527.159481,15,252.015625,609.75
1780761527.159481,15,253.375,606.0
1780761527.159481,15,254.765625,602.75
1780761527.159481,15,256.171875,599.5
1780761527.159481,15,257.390625,596.0
1780761527.159481,15,258.9375,593.75
1780761527.159481,15,260.3125,592.25
1780761527.159481,15,261.5,590.75
1780761527.159481,15,262.8125,589.5
1780761527.159481,15,264.1875,588.5
1780761527.159481,15,265.671875,587.75
1780761527.159481,15,266.90625,587.25
1780761527.159481,15,268.21875,587.75
1780761527.159481,15,269.6875,588.5
1780761527.159481,15,270.953125,588.5
1780761527.159481,15,272.296875,589.0
1780761527.159481,15,273.515625,589.75
1780761527.159481,15,275.015625,591.25
1780761527.159481,15,276.234375,593.25
1780761527.159481,15,277.390625,595.0
1780761527.159481,15,278.75,597.5
1780761527.159481,15,280.1875,600.5
1780761527.159481,15,281.375,604.0
1780761527.159481,15,282.6875,607.5
1780761527.159481,15,284.046875,611.25
1780761527.159481,15,285.359375,616.75
1780761527.159481,15,286.609375,622.0
1780761527.159481,15,288.0625,627.0
1780761527.159481,15,289.234375,633.5
1780761527.159481,15,290.65625,640.5
1780761527.159481,15,291.90625,647.0
1780761527.159481,15,293.109375,653.75
1780761527.159481,15,294.46875,662.0
1780761527.159481,15,295.796875,670.5
1780761527.159481,15,297.171875,679.0
1780761527.159481,15,298.40625,688.25
1780761527.159481,15,299.609375,699.25
1780761527.159481,15,301.140625,710.5
1780761527.159481,15,302.453125,721.25
1780761527.159481,15,303.609375,732.5
1780761527.159481,15,304.9375,745.25
1780761527.159481,15,306.28125,758.5
1780761527.159481,15,307.640625,772.75
1780761527.159481,15,308.890625,788.25
1780761527.159481,15,310.203125,804.25
1780761527.159481,15,311.375,824.0
1780761527.159481,15,312.703125,843.5
1780761527.159481,15,314.0,861.0
1780761527.159481,15,315.40625,881.75
1780761527.159481,15,316.625,905.5
1780761527.159481,15,317.90625,927.0
1780761527.159481,15,319.25,951.0
1780761527.159481,15,320.515625,974.5
1780761527.159481,15,323.078125,1029.0
1780761527.159481,6,325.734375,1112.0
1780761527.159481,10,332.65625,1014.0
1780761527.2967212,14,358.5,2272.75
1780761527.2967212,15,359.828125,2252.5
1780761527.2967212,15,1.171875,2253.75
1780761527.2967212,15,2.515625,2254.0
1780761527.2967212,15,3.875,2254.25
1780761527.2967212,15,5.15625,2274.25
1780761527.2967212,15,23.0,1332.5
1780761527.2967212,15,24.40625,1332.25
1780761527.2967212,15,25.671875,1332.0
1780761527.2967212,15,27.03125,1332.0
1780761527.2967212,15,28.421875,1332.0
1780761527.2967212,15,29.75,1332.0
1780761527.2967212,15,50.46875,845.0
1780761527.2967212,15,51.796875,854.0
1780761527.2967212,15,53.09375,857.5
1780761527.2967212,15,54.40625,862.25
1780761527.2967212,15,55.71875,867.75
1780761527.2967212,5,59.0,1745.0
1780761527.2967212,15,60.328125,1731.25
1780761527.2967212,4,61.671875,1708.5
1780761527.2967212,15,64.375,1684.75
1780761527.2967212,15,67.984375,786.5
1780761527.2967212,15,71.171875,1600.0
1780761527.2967212,15,72.484375,1589.5
1780761527.2967212,15,73.84375,1578.75
1780761527.2967212,15,75.1875,1560.0
1780761527.2967212,15,83.359375,1334.25
1780761527.2967212,15,84.71875,1340.0
1780761527.2967212,15,86.0625,1329.5
1780761527.2967212,15,87.34375,1323.75
1780761527.2967212,15,88.671875,1332.75
1780761527.2967212,15,90.03125,1332.75
1780761527.2967212,15,94.0,1407.25
1780761527.2967212,15,95.3125,1442.25
1780761527.2967212,15,104.828125,1252.5
1780761527.2967212,15,107.34375,1306.0
1780761527.2967212,15,118.46875,961.25
1780761527.2967212,15,119.78125,959.75
1780761527.2967212,15,121.15625,966.75
1780761527.2967212,15,122.4375,981.75
1780761527.2967212,15,129.921875,615.75
1780761527.2967212,15,131.390625,619.0
1780761527.2967212,15,132.5625,624.25
1780761527.2967212,15,135.546875,599.5
1780761527.2967212,15,136.75,593.25
1780761527.2967212,15,138.140625,590.75
1780761527.2967212,15,142.40625,526.5
1780761527.2967212,15,143.75,517.0
1780761527.2967212,15,145.1875,512.5
1780761527.2967212,15,146.703125,509.75
1780761527.2967212,15,147.859375,503.0
1780761527.2967212,15,149.25,491.75
1780761527.2967212,15,150.84375,486.25
1780761527.2967212,15,152.078125,481.75
1780761527.2967212,15,153.328125,476.5
1780761527.2967212,15,154.953125,470.25
1780761527.2967212,15,156.15625,466.75
1780761527.2967212,15,157.65625,462.5
1780761527.2967212,15,159.03125,454.25
1780761527.2967212,15,160.234375,451.25
1780761527.2967212,15,161.78125,446.5
1780761527.2967212,15,163.0625,439.25
1780761527.2967212,15,164.546875,436.25
1780761527.2967212,15,165.640625,435.0
1780761527.2967212,15,167.046875,434.75
1780761527.2967212,15,168.5,432.25
1780761527.2967212,15,170.0,427.0
1780761527.2967212,15,171.171875,426.25
1780761527.2967212,15,172.53125,427.25
1780761527.2967212,15,173.859375,427.5
1780761527.2967212,15,175.265625,427.25
1780761527.2967212,15,176.65625,425.75
1780761527.2967212,15,178.03125,426.5
1780761527.2967212,15,179.1875,426.25
1780761527.2967212,15,180.453125,426.25
1780761527.2967212,15,182.046875,426.0
1780761527.2967212,15,183.28125,425.25
1780761527.2967212,15,184.625,425.5
1780761527.2967212,15,185.765625,426.5
1780761527.2967212,15,187.28125,428.75
1780761527.2967212,15,188.609375,427.5
1780761527.2967212,15,190.078125,424.25
1780761527.2967212,15,191.15625,420.5
1780761527.2967212,15,192.8125,419.5
1780761527.2967212,15,193.6875,425.0
1780761527.2967212,15,195.109375,435.25
1780761527.2967212,15,196.34375,443.25
1780761527.2967212,15,199.125,427.25
1780761527.2967212,15,200.59375,427.5
1780761527.2967212,15,201.78125,433.25
1780761527.2967212,15,212.8125,1459.5
1780761527.2967212,15,214.140625,1467.0
1780761527.2967212,15,215.515625,1457.5
1780761527.2967212,15,216.8125,1462.75
1780761527.2967212,15,220.1875,881.25
1780761527.2967212,15,221.46875,880.5
1780761527.2967212,15,229.359375,1002.25
1780761527.2967212,15,230.71875,1001.0
1780761527.2967212,7,238.59375,1080.75
1780761527.2967212,15,245.6875,830.75
1780761527.2967212,15,249.234375,589.0
1780761527.2967212,15,255.640625,597.75
1780761527.2967212,15,257.125,595.0
1780761527.2967212,15,258.375,592.75
1780761527.2967212,15,259.796875,591.25
1780761527.2967212,15,261.09375,589.75
1780761527.2967212,15,262.453125,588.25
1780761527.2967212,15,263.703125,587.5
1780761527.2967212,15,265.078125,586.5
1780761527.2967212,15,266.359375,585.75
1780761527.2967212,15,267.828125,584.75
1780761527.2967212,15,269.21875,584.5
1780761527.2967212,15,270.328125,586.0
1780761527.2967212,15,271.765625,587.5
1780761527.2967212,15,273.140625,588.25
1780761527.2967212,15,274.46875,589.25
1780761527.2967212,15,275.71875,591.0
1780761527.2967212,15,277.0,593.0
1780761527.2967212,15,278.21875,595.0
1780761527.2967212,15,279.6875,597.25
1780761527.2967212,15,281.0625,599.75
1780761527.2967212,15,282.328125,603.25
1780761527.2967212,15,283.59375,607.5
1780761527.2967212,15,284.84375,611.75
1780761527.2967212,15,286.1875,616.5
1780761527.2967212,15,287.453125,621.5
1780761527.2967212,15,288.71875,627.5
1780761527.2967212,15,290.1875,634.0
1780761527.2967212,15,291.546875,640.75
1780761527.2967212,15,292.734375,648.0
1780761527.2967212,15,294.109375,655.75
1780761527.2967212,15,295.328125,664.25
1780761527.2967212,15,296.71875,672.75
1780761527.2967212,15,298.046875,681.75
1780761527.2967212,15,299.171875,692.25
1780761527.2967212,15,300.71875,703.25
1780761527.2967212,15,301.921875,714.75
1780761527.2967212,15,303.375,725.5
1780761527.2967212,15,304.578125,736.75
1780761527.2967212,15,305.9375,748.75
1780761527.2967212,15,307.171875,763.25
1780761527.2967212,15,308.515625,779.5
1780761527.2967212,15,309.71875,795.5
1780761527.2967212,15,311.046875,812.5
1780761527.2967212,15,312.359375,829.0
1780761527.2967212,15,313.703125,848.25
1780761527.2967212,15,314.953125,870.25
1780761527.2967212,15,316.25,892.5
1780761527.2967212,15,317.5625,914.75
1780761527.2967212,15,318.796875,937.0
1780761527.2967212,15,320.109375,962.0
1780761527.2967212,15,321.5,990.5
1780761527.2967212,15,322.734375,1018.5
1780761527.2967212,15,326.609375,1131.25
1780761527.2967212,15,333.390625,1043.5
1780761527.2967212,15,342.0,2294.25
1780761527.2967212,15,343.34375,2294.25
1780761527.2967212,15,344.703125,2294.75
1780761527.434516,15,356.609375,2294.75
1780761527.434516,15,357.9375,2294.25
1780761527.434516,15,359.265625,2294.25
1780761527.434516,15,1.9375,2294.25
1780761527.434516,15,3.265625,2294.25
1780761527.434516,15,4.609375,2294.25
1780761527.434516,15,5.921875,2294.25
1780761527.434516,15,22.34375,1361.5
1780761527.434516,15,23.65625,1361.5
1780761527.434516,15,25.046875,1361.25
1780761527.434516,15,26.34375,1361.0
1780761527.434516,15,27.71875,1361.0
1780761527.434516,15,29.0625,1360.75
1780761527.434516,15,49.8125,876.0
1780761527.434516,15,51.125,878.75
1780761527.434516,15,52.4375,883.25
1780761527.434516,15,53.734375,891.0
1780761527.434516,15,57.0,1771.75
1780761527.434516,15,58.328125,1747.75
1780761527.434516,6,59.671875,1745.0
1780761527.434516,15,61.0625,1720.75
1780761527.434516,15,66.046875,802.75
1780761527.434516,15,69.125,1611.0
1780761527.434516,15,70.515625,1591.75
1780761527.434516,15,71.84375,1590.5
1780761527.434516,15,73.1875,1589.0
1780761527.434516,15,74.53125,1588.0
1780761527.434516,15,81.390625,1331.0
1780761527.434516,15,82.765625,1331.0
1780761527.434516,15,84.046875,1324.75
1780761527.434516,15,85.359375,1324.75
1780761527.434516,15,86.65625,1334.75
1780761527.434516,15,87.984375,1334.75
1780761527.434516,15,91.953125,1398.25
1780761527.434516,15,93.265625,1435.25
1780761527.434516,15,101.453125,1257.0
1780761527.434516,15,102.78125,1251.25
1780761527.434516,15,104.109375,1262.25
1780761527.434516,1,105.375,1280.75
1780761527.434516,9,115.1875,958.75
1780761527.434516,15,116.515625,944.25
1780761527.434516,15,117.78125,943.0
1780761527.434516,11,119.140625,947.75
1780761527.434516,15,120.40625,960.5
1780761527.434516,15,128.203125,592.75
1780761527.434516,15,129.4375,595.75
1780761527.434516,15,130.90625,591.75
1780761527.434516,15,132.1875,579.25
1780761527.434516,15,133.625,567.0
1780761527.434516,15,134.96875,566.5
1780761527.434516,15,137.890625,533.5
1780761527.434516,15,140.765625,491.25
1780761527.434516,15,142.140625,487.25
1780761527.434516,15,143.390625,482.25
1780761527.434516,15,144.671875,475.5
1780761527.434516,15,146.265625,464.25
1780761527.434516,15,147.5625,458.25
1780761527.434516,15,148.84375,455.5
1780761527.434516,15,150.234375,451.25
1780761527.434516,15,151.671875,444.5
1780761527.434516,15,153.125,434.25
1780761527.434516,15,154.578125,432.5
1780761527.434516,15,155.671875,429.0
1780761527.434516,15,157.0625,422.5
1780761527.434516,15,158.390625,417.75
1780761527.434516,15,160.125,410.25
1780761527.434516,15,161.203125,406.5
1780761527.434516,15,162.921875,403.0
1780761527.434516,15,164.0,399.75
1780761527.434516,15,165.3125,399.75
1780761527.434516,15,167.078125,395.0
1780761527.434516,15,168.0625,390.5
1780761527.434516,15,169.625,389.25
1780761527.434516,15,170.65625,387.5
1780761527.434516,15,172.046875,389.5
1780761527.434516,15,173.609375,390.75
1780761527.434516,15,174.75,389.25
1780761527.434516,15,176.109375,388.5
1780761527.434516,15,177.578125,389.0
1780761527.434516,15,178.921875,388.75
1780761527.434516,15,180.390625,387.5
1780761527.434516,15,181.5625,386.25
1780761527.434516,15,182.671875,385.75
1780761527.434516,15,184.34375,386.0
1780761527.434516,15,185.734375,388.0
1780761527.434516,15,186.9375,389.5
1780761527.434516,15,188.359375,390.75
1780761527.434516,15,189.5,390.5
1780761527.434516,15,190.78125,386.75
1780761527.434516,15,192.34375,384.0
1780761527.434516,15,193.5625,382.5
1780761527.434516,15,195.03125,386.5
1780761527.434516,15,196.21875,397.0
1780761527.434516,15,197.265625,402.25
1780761527.434516,15,198.75,402.75
1780761527.434516,15,199.9375,398.5
1780761527.434516,15,201.703125,393.75
1780761527.434516,15,202.625,395.25
1780761527.434516,15,203.859375,399.25
1780761527.434516,15,214.828125,1435.0
1780761527.434516,8,216.234375,1419.75
1780761527.434516,15,217.59375,1402.5
1780761527.434516,15,220.96875,859.0
1780761527.434516,15,222.28125,849.75
1780761527.434516,15,223.515625,853.0
1780761527.434516,15,230.046875,984.25
1780761527.434516,15,231.421875,978.25
1780761527.434516,15,232.671875,978.5
1780761527.434516,15,236.609375,1064.0
1780761527.434516,15,237.90625,1057.5
1780761527.434516,15,239.296875,1052.25
1780761527.434516,15,240.546875,1057.25
1780761527.434516,6,241.875,1081.75
1780761527.434516,15,247.65625,821.75
1780761527.434516,15,248.953125,817.5
1780761527.434516,15,252.59375,573.75
1780761527.434516,15,257.625,590.75
1780761527.434516,15,259.078125,589.25
1780761527.434516,15,260.46875,587.75
1780761527.434516,15,261.71875,585.75
1780761527.434516,15,262.96875,584.5
1780761527.434516,15,264.28125,583.25
1780761527.434516,15,265.609375,582.25
1780761527.434516,15,267.09375,582.0
1780761527.434516,15,268.390625,582.25
1780761527.434516,15,269.84375,583.25
1780761527.434516,15,271.140625,583.75
1780761527.434516,15,272.375,584.25
1780761527.434516,15,273.640625,585.75
1780761527.434516,15,275.0,587.75
1780761527.434516,15,276.453125,589.0
1780761527.434516,15,277.75,590.75
1780761527.434516,15,278.90625,593.75
1780761527.434516,15,280.359375,596.5
1780761527.434516,15,281.734375,599.75
1780761527.434516,15,283.0625,603.25
1780761527.434516,15,284.296875,607.5
1780761527.434516,15,285.671875,611.5
1780761527.434516,15,286.859375,616.25
1780761527.434516,15,288.34375,622.25
1780761527.434516,15,289.578125,628.0
1780761527.434516,15,290.9375,634.0
1780761527.434516,15,292.109375,641.25
1780761527.434516,15,293.40625,649.5
1780761527.434516,15,294.84375,657.5
1780761527.434516,15,296.125,666.5
1780761527.434516,15,297.453125,676.0
1780761527.434516,15,298.59375,685.75
1780761527.434516,15,300.15625,695.75
1780761527.434516,15,301.421875,705.75
1780761527.434516,15,302.59375,718.0
1780761527.434516,15,303.9375,729.75
1780761527.434516,15,305.21875,740.75
1780761527.434516,15,306.640625,754.5
1780761527.434516,15,307.984375,769.5
1780761527.434516,15,309.265625,785.0
1780761527.434516,15,310.546875,801.75
1780761527.434516,15,311.828125,820.25
1780761527.434516,15,313.109375,838.5
1780761527.434516,15,314.359375,857.5
1780761527.434516,15,315.609375,880.25
1780761527.434516,15,316.921875,904.0
1780761527.434516,15,318.234375,925.0
1780761527.434516,15,319.609375,948.0
1780761527.434516,15,320.890625,971.75
1780761527.434516,15,323.40625,1028.0
1780761527.434516,15,326.046875,1111.0
1780761527.434516,15,329.90625,1237.25
1780761527.434516,15,334.0625,1079.25
1780761527.571893,15,358.671875,2294.25
1780761527.571893,15,0.0,2294.25
1780761527.571893,15,2.671875,2294.25
1780761527.571893,15,4.0,2294.25
1780761527.571893,15,5.34375,2294.25
1780761527.571893,15,21.65625,1408.75
1780761527.571893,15,22.984375,1408.5
1780761527.571893,15,24.3125,1408.25
1780761527.571893,15,25.6875,1407.75
1780761527.571893,15,27.015625,1407.5
1780761527.571893,15,28.34375,1407.75
1780761527.571893,15,40.078125,2274.25
1780761527.571893,15,47.765625,900.0
1780761527.571893,15,49.09375,903.75
1780761527.571893,15,50.46875,906.5
1780761527.571893,15,51.765625,913.0
1780761527.571893,15,54.953125,1832.75
1780761527.571893,15,56.3125,1807.5
1780761527.571893,15,57.671875,1772.0
1780761527.571893,15,58.984375,1746.25
1780761527.571893,15,62.609375,825.5
1780761527.571893,15,69.75,1592.5
1780761527.571893,15,71.078125,1590.5
1780761527.571893,15,72.421875,1589.25
1780761527.571893,15,80.5625,1341.5
1780761527.571893,15,81.90625,1332.5
1780761527.571893,15,83.265625,1332.75
1780761527.571893,15,84.578125,1335.75
1780761527.571893,15,85.875,1336.0
1780761527.571893,15,89.84375,1394.0
1780761527.571893,15,91.171875,1398.0
1780761527.571893,15,93.734375,1548.5
1780761527.571893,15,100.59375,1252.25
1780761527.571893,4,101.90625,1257.5
1780761527.571893,15,103.28125,1267.5
1780761527.571893,15,107.265625,1320.0
1780761527.571893,15,113.109375,940.25
1780761527.571893,15,114.484375,930.25
1780761527.571893,15,115.8125,929.5
1780761527.571893,15,117.140625,933.25
1780761527.571893,15,118.390625,947.25
1780761527.571893,15,124.90625,570.25
1780761527.571893,15,126.203125,575.5
1780761527.571893,15,127.421875,573.0
1780761527.571893,15,130.1875,543.0
1780761527.571893,15,131.765625,537.5
1780761527.571893,15,134.609375,507.5
1780761527.571893,15,137.25,467.5
1780761527.571893,15,138.84375,461.25
1780761527.571893,15,140.296875,456.25
1780761527.571893,15,143.09375,434.0
1780761527.571893,15,144.25,428.75
1780761527.571893,15,145.859375,425.25
1780761527.571893,15,147.0625,420.75
1780761527.571893,15,150.046875,402.0
1780761527.571893,15,151.09375,401.75
1780761527.571893,15,154.25,389.25
1780761527.571893,15,155.65625,388.5
1780761527.571893,15,158.453125,374.75
1780761527.571893,15,160.046875,369.0
1780761527.571893,15,161.34375,364.75
1780761527.571893,15,162.515625,361.75
1780761527.571893,15,164.15625,360.75
1780761527.571893,15,165.40625,357.5
1780761527.571893,15,166.421875,354.5
1780761527.571893,15,168.171875,352.0
1780761527.571893,15,169.09375,351.0
1780761527.571893,15,170.5,352.0
1780761527.571893,15,172.21875,351.25
1780761527.571893,15,173.34375,351.5
1780761527.571893,15,174.859375,351.5
1780761527.571893,15,176.015625,352.25
1780761527.571893,15,177.390625,352.5
1780761527.571893,15,178.546875,350.75
1780761527.571893,15,179.96875,349.75
1780761527.571893,15,181.171875,349.75
1780761527.571893,15,182.890625,348.0
1780761527.571893,15,184.1875,347.75
1780761527.571893,15,185.609375,348.5
1780761527.571893,15,186.78125,350.25
1780761527.571893,15,188.390625,351.25
1780761527.571893,15,189.640625,351.0
1780761527.571893,15,190.96875,350.0
1780761527.571893,15,192.46875,348.0
1780761527.571893,15,193.265625,345.75
1780761527.571893,15,194.890625,345.75
1780761527.571893,15,196.390625,351.0
1780761527.571893,15,197.4375,359.25
1780761527.571893,15,198.78125,365.0
1780761527.571893,15,199.734375,370.75
1780761527.571893,15,202.8125,355.25
1780761527.571893,15,204.296875,355.75
1780761527.571893,15,205.21875,360.0
1780761527.571893,15,217.03125,1408.75
1780761527.571893,15,218.421875,1397.0
1780761527.571893,15,223.203125,823.5
1780761527.571893,15,224.515625,822.25
1780761527.571893,13,225.734375,831.75
1780761527.571893,15,232.203125,957.75
1780761527.571893,15,233.59375,954.25
1780761527.571893,15,238.75,1032.0
1780761527.571893,15,240.140625,1030.5
1780761527.571893,15,241.390625,1035.0
1780761527.571893,15,249.84375,811.25
1780761527.571893,15,251.265625,802.75
1780761527.571893,15,252.453125,816.75
1780761527.571893,15,256.03125,561.5
1780761527.571893,15,257.375,568.75
1780761527.571893,15,258.671875,581.5
1780761527.571893,15,259.84375,585.0
1780761527.571893,15,261.234375,583.0
1780761527.571893,15,262.59375,581.0
1780761527.571893,15,263.9375,580.25
1780761527.571893,15,265.3125,579.75
1780761527.571893,15,266.5625,579.0
1780761527.571893,15,268.015625,579.25
1780761527.571893,15,269.453125,579.75
1780761527.571893,15,270.71875,580.25
1780761527.571893,15,272.078125,581.25
1780761527.571893,15,273.359375,583.25
1780761527.571893,15,274.75,585.5
1780761527.571893,15,275.984375,587.25
1780761527.571893,15,277.265625,589.25
1780761527.571893,15,278.796875,591.75
1780761527.571893,15,280.046875,594.5
1780761527.571893,15,281.234375,597.0
1780761527.571893,15,282.65625,600.5
1780761527.571893,15,284.0625,604.75
1780761527.571893,15,285.25,609.25
1780761527.571893,15,286.75,613.25
1780761527.571893,15,287.859375,618.25
1780761527.571893,15,289.1875,624.5
1780761527.571893,15,290.453125,631.75
1780761527.571893,15,291.921875,639.25
1780761527.571893,15,293.265625,645.25
1780761527.571893,15,294.53125,655.75
1780761527.571893,15,295.90625,664.75
1780761527.571893,15,297.140625,670.75
1780761527.571893,15,298.53125,680.25
1780761527.571893,15,299.796875,690.75
1780761527.571893,15,301.015625,701.5
1780761527.571893,15,302.375,713.5
1780761527.571893,15,303.75,724.75
1780761527.571893,15,305.0625,736.5
1780761527.571893,15,306.359375,750.25
1780761527.571893,15,307.5625,764.75
1780761527.571893,15,308.875,779.75
1780761527.571893,15,310.234375,794.75
1780761527.571893,15,311.421875,811.75
1780761527.571893,15,312.8125,831.25
1780761527.571893,15,314.03125,852.25
1780761527.571893,15,315.375,874.0
1780761527.571893,15,316.734375,895.0
1780761527.571893,15,317.90625,918.5
1780761527.571893,11,319.21875,942.0
1780761527.571893,15,320.59375,966.0
1780761527.571893,15,323.1875,1027.5
1780761527.571893,15,328.3125,1182.25
1780761527.571893,15,335.078125,1118.0
1780761527.7095478,15,358.46875,2294.25
1780761527.7095478,15,359.8125,2294.25
1780761527.7095478,15,2.5,2294.25
1780761527.7095478,15,5.1875,2294.25
1780761527.7095478,2,9.0625,2808.5
1780761527.7095478,15,20.296875,1434.5
1780761527.7095478,15,21.625,1427.25
1780761527.7095478,15,22.921875,1427.25
1780761527.7095478,15,24.3125,1427.25
1780761527.7095478,15,25.640625,1427.0
1780761527.7095478,15,26.953125,1427.0
1780761527.7095478,15,40.09375,2274.5
1780761527.7095478,15,46.390625,924.0
1780761527.7095478,15,47.765625,927.0
1780761527.7095478,15,49.015625,932.0
1780761527.7095478,15,56.375,1796.25
1780761527.7095478,4,61.25,828.75
1780761527.7095478,15,67.109375,1649.25
1780761527.7095478,15,68.4375,1629.75
1780761527.7095478,15,69.78125,1601.5
1780761527.7095478,15,71.125,1591.0
1780761527.7095478,15,79.40625,1341.0
1780761527.7095478,15,80.671875,1335.75
1780761527.7095478,15,82.03125,1336.0
1780761527.7095478,15,83.296875,1343.0
1780761527.7095478,15,84.640625,1337.0
1780761527.7095478,15,88.625,1395.5
1780761527.7095478,15,89.90625,1420.25
1780761527.7095478,15,92.53125,1548.25
1780761527.7095478,8,98.078125,1251.0
1780761527.7095478,6,99.46875,1245.25
1780761527.7095478,7,100.734375,1250.75
1780761527.7095478,15,102.09375,1262.0
1780761527.7095478,15,111.859375,921.5
1780761527.7095478,15,113.234375,917.75
1780761527.7095478,15,114.5625,920.5
1780761527.7095478,15,115.84375,926.75
1780761527.7095478,15,121.09375,548.0
1780761527.7095478,15,122.453125,548.75
1780761527.7095478,15,123.625,552.0
1780761527.7095478,15,126.609375,524.25
1780761527.7095478,15,128.046875,517.0
1780761527.7095478,15,129.109375,513.25
1780761527.7095478,15,135.234375,434.5
1780761527.7095478,15,136.46875,431.75
1780761527.7095478,15,139.359375,407.5
1780761527.7095478,15,140.734375,400.75
1780761527.7095478,15,142.3125,394.5
1780761527.7095478,15,143.46875,388.75
1780761527.7095478,15,145.140625,383.75
1780761527.7095478,15,146.234375,378.0
1780761527.7095478,15,148.84375,365.0
1780761527.7095478,15,151.8125,354.75
1780761527.7095478,15,153.359375,354.5
1780761527.7095478,15,156.46875,339.5
1780761527.7095478,15,157.21875,334.25
1780761527.7095478,15,159.1875,329.5
1780761527.7095478,15,160.296875,327.25
1780761527.7095478,15,161.796875,328.0
1780761527.7095478,15,163.25,326.5
1780761527.7095478,15,164.203125,325.0
1780761527.7095478,15,167.703125,314.25
1780761527.7095478,15,168.71875,314.0
1780761527.7095478,15,170.375,314.5
1780761527.7095478,15,171.453125,315.25
1780761527.7095478,15,172.59375,314.25
1780761527.7095478,15,173.9375,313.5
1780761527.7095478,15,175.09375,313.75
1780761527.7095478,15,176.5625,312.5
1780761527.7095478,15,177.71875,311.25
1780761527.7095478,15,179.703125,311.5
1780761527.7095478,15,180.703125,311.75
1780761527.7095478,15,182.234375,311.25
1780761527.7095478,15,183.296875,310.75
1780761527.7095478,15,184.921875,311.0
1780761527.7095478,15,186.046875,311.5
1780761527.7095478,15,187.84375,312.0
1780761527.7095478,15,188.921875,313.5
1780761527.7095478,15,189.953125,314.75
1780761527.7095478,15,191.328125,314.5
1780761527.7095478,15,193.0,312.75
1780761527.7095478,15,194.421875,311.5
1780761527.7095478,15,195.421875,309.5
1780761527.7095478,15,197.1875,310.0
1780761527.7095478,15,201.5,336.0
1780761527.7095478,15,204.546875,322.25
1780761527.7095478,15,206.40625,321.25
1780761527.7095478,15,207.546875,323.75
1780761527.7095478,15,208.90625,327.5
1780761527.7095478,15,219.796875,1373.75
1780761527.7095478,15,224.625,795.75
1780761527.7095478,15,225.859375,794.0
1780761527.7095478,15,227.203125,799.0
1780761527.7095478,15,233.671875,940.75
1780761527.7095478,15,234.96875,936.75
1780761527.7095478,15,240.171875,1018.25
1780761527.7095478,4,241.578125,1024.0
1780761527.7095478,15,242.90625,1026.75
1780761527.7095478,15,244.28125,1027.5
1780761527.7095478,15,251.296875,805.5
1780761527.7095478,15,252.609375,791.25
1780761527.7095478,15,253.90625,789.0
1780761527.7095478,15,263.921875,579.75
1780761527.7095478,15,265.4375,579.25
1780761527.7095478,15,266.625,578.5
1780761527.7095478,15,268.171875,577.25
1780761527.7095478,15,269.390625,577.5
1780761527.7095478,15,270.671875,579.5
1780761527.7095478,15,272.109375,580.75
1780761527.7095478,15,273.484375,581.75
1780761527.7095478,15,274.8125,582.75
1780761527.7095478,15,276.0625,585.5
1780761527.7095478,15,277.5,588.75
1780761527.7095478,15,278.609375,591.25
1780761527.7095478,15,280.125,594.0
1780761527.7095478,15,281.359375,596.5
1780761527.7095478,15,282.640625,600.0
1780761527.7095478,15,283.921875,603.25
1780761527.7095478,15,285.34375,606.75
1780761527.7095478,15,286.640625,611.75
1780761527.7095478,15,288.0625,617.5
1780761527.7095478,15,289.296875,623.75
1780761527.7095478,15,290.65625,629.5
1780761527.7095478,15,291.84375,635.75
1780761527.7095478,15,293.296875,643.5
1780761527.7095478,15,294.515625,651.0
1780761527.7095478,15,295.921875,658.5
1780761527.7095478,15,297.171875,664.75
1780761527.7095478,15,298.453125,675.75
1780761527.7095478,15,299.75,689.0
1780761527.7095478,15,301.140625,700.0
1780761527.7095478,15,302.390625,711.5
1780761527.7095478,15,303.71875,722.75
1780761527.7095478,15,305.03125,735.25
1780761527.7095478,15,306.296875,747.75
1780761527.7095478,15,307.6875,762.0
1780761527.7095478,15,308.859375,778.5
1780761527.7095478,15,310.1875,794.0
1780761527.7095478,15,311.453125,811.25
1780761527.7095478,15,312.828125,831.0
1780761527.7095478,15,314.1875,850.0
1780761527.7095478,15,315.375,871.5
1780761527.7095478,15,316.671875,894.0
1780761527.7095478,15,318.015625,914.75
1780761527.7095478,15,319.34375,938.5
1780761527.7095478,15,320.578125,965.25
1780761527.7095478,15,321.921875,993.5
1780761527.7095478,15,323.28125,1021.25
1780761527.7095478,15,327.078125,1137.0
1780761527.7095478,15,335.078125,1145.75
1780761527.7095478,15,336.375,1140.75
1780761527.7095478,2,349.03125,2808.5
1780761527.7095478,2,350.359375,2808.5
1780761527.847555,2,351.703125,2808.5
1780761527.847555,3,355.71875,2808.5
1780761527.847555,15,358.515625,2294.25
1780761527.847555,15,359.859375,2294.25
1780761527.847555,15,2.53125,2294.25
1780761527.847555,2,7.75,2808.5
1780761527.847555,4,9.09375,2808.5
1780761527.847555,15,20.203125,1466.0
1780761527.847555,15,21.5625,1450.25
1780761527.847555,15,22.921875,1442.5
1780761527.847555,15,24.21875,1434.5
1780761527.847555,15,25.59375,1434.5
1780761527.847555,15,39.953125,2294.25
1780761527.847555,15,43.59375,945.25
1780761527.847555,15,44.921875,947.75
1780761527.847555,15,46.203125,950.0
1780761527.847555,15,47.59375,952.75
1780761527.847555,15,58.359375,857.25
1780761527.847555,15,64.21875,1684.0
1780761527.847555,15,65.578125,1661.25
1780761527.847555,15,66.921875,1649.5
1780761527.847555,15,68.265625,1633.0
1780761527.847555,15,69.625,1604.0
1780761527.847555,15,77.828125,1344.0
1780761527.847555,15,79.109375,1337.25
1780761527.847555,15,80.46875,1337.25
1780761527.847555,15,81.828125,1345.75
1780761527.847555,15,83.125,1345.5
1780761527.847555,15,87.09375,1396.0
1780761527.847555,15,88.359375,1419.75
1780761527.847555,15,90.953125,1548.25
1780761527.847555,15,96.59375,1250.25
1780761527.847555,15,97.890625,1244.5
1780761527.847555,15,99.203125,1250.25
1780761527.847555,15,100.53125,1256.5
1780761527.847555,15,108.953125,918.25
1780761527.847555,15,110.40625,905.5
1780761527.847555,15,111.65625,904.25
1780761527.847555,15,113.09375,905.75
1780761527.847555,15,114.296875,917.0
1780761527.847555,15,118.328125,527.5
1780761527.847555,15,119.609375,528.75
1780761527.847555,15,120.859375,525.25
1780761527.847555,15,123.609375,499.25
1780761527.847555,15,125.28125,490.25
1780761527.847555,15,131.109375,408.0
1780761527.847555,15,132.5,404.0
1780761527.847555,15,133.953125,399.0
1780761527.847555,15,138.046875,368.0
1780761527.847555,15,139.703125,364.0
1780761527.847555,15,140.78125,358.0
1780761527.847555,15,145.25,334.25
1780761527.847555,15,146.890625,331.0
1780761527.847555,15,147.875,324.75
1780761527.847555,15,149.78125,320.25
1780761527.847555,15,150.515625,316.0
1780761527.847555,15,152.765625,310.0
1780761527.847555,15,153.75,303.5
1780761527.847555,15,154.90625,298.25
1780761527.847555,15,156.640625,294.0
1780761527.847555,15,158.328125,292.75
1780761527.847555,15,159.890625,292.75
1780761527.847555,15,160.46875,290.75
1780761527.847555,15,162.625,286.75
1780761527.847555,15,163.703125,282.0
1780761527.847555,15,164.578125,279.25
1780761527.847555,15,165.875,278.75
1780761527.847555,15,168.15625,279.0
1780761527.847555,15,169.640625,278.0
1780761527.847555,15,170.859375,277.5
1780761527.847555,15,172.4375,276.75
1780761527.847555,15,173.5625,275.75
1780761527.847555,15,174.0625,275.75
1780761527.847555,15,175.8125,275.5
1780761527.847555,15,176.9375,275.25
1780761527.847555,15,178.8125,275.25
1780761527.847555,15,179.3125,274.75
1780761527.847555,15,181.21875,274.0
1780761527.847555,15,182.0625,273.0
1780761527.847555,15,183.578125,272.5
1780761527.847555,15,185.84375,272.5
1780761527.847555,15,186.234375,272.75
1780761527.847555,15,187.328125,274.5
1780761527.847555,15,189.0625,276.25
1780761527.847555,15,190.0625,276.0
1780761527.847555,15,192.34375,276.0
1780761527.847555,15,193.703125,276.5
1780761527.847555,15,194.15625,276.25
1780761527.847555,15,196.234375,274.0
1780761527.847555,15,197.53125,272.5
1780761527.847555,15,205.25,298.0
1780761527.847555,15,207.46875,287.75
1780761527.847555,15,208.875,286.5
1780761527.847555,15,210.046875,289.25
1780761527.847555,15,222.140625,1343.0
1780761527.847555,15,225.609375,780.0
1780761527.847555,15,226.9375,768.25
1780761527.847555,15,228.34375,771.5
1780761527.847555,15,234.671875,922.25
1780761527.847555,15,236.015625,914.0
1780761527.847555,15,237.375,912.75
1780761527.847555,10,241.328125,1009.25
1780761527.847555,15,242.65625,1005.75
1780761527.847555,15,243.921875,1007.0
1780761527.847555,10,245.265625,1008.75
1780761527.847555,15,255.171875,780.5
1780761527.847555,15,256.515625,776.25
1780761527.847555,15,257.734375,786.5
1780761527.847555,15,259.03125,794.25
1780761527.847555,15,267.921875,574.25
1780761527.847555,15,269.109375,575.0
1780761527.847555,15,270.484375,575.5
1780761527.847555,15,272.0,576.0
1780761527.847555,15,273.296875,577.5
1780761527.847555,15,274.515625,579.75
1780761527.847555,15,275.796875,581.75
1780761527.847555,15,277.15625,584.5
1780761527.847555,15,278.40625,587.25
1780761527.847555,15,279.71875,589.75
1780761527.847555,15,281.109375,592.5
1780761527.847555,15,282.5,595.25
1780761527.847555,15,283.671875,598.5
1780761527.847555,15,285.125,603.0
1780761527.847555,15,286.375,608.0
1780761527.847555,15,287.59375,612.25
1780761527.847555,15,289.03125,618.0
1780761527.847555,15,290.203125,624.75
1780761527.847555,15,291.53125,632.0
1780761527.847555,15,292.875,639.0
1780761527.847555,15,294.203125,645.5
1780761527.847555,15,295.59375,653.25
1780761527.847555,15,296.84375,662.0
1780761527.847555,15,298.0625,671.0
1780761527.847555,15,299.453125,681.0
1780761527.847555,15,300.78125,692.5
1780761527.847555,15,302.078125,704.0
1780761527.847555,15,303.421875,715.75
1780761527.847555,15,304.671875,728.25
1780761527.847555,15,305.984375,741.0
1780761527.847555,15,307.171875,754.75
1780761527.847555,15,308.609375,769.25
1780761527.847555,15,309.84375,785.0
1780761527.847555,15,311.1875,800.5
1780761527.847555,15,312.34375,817.5
1780761527.847555,15,313.703125,837.75
1780761527.847555,15,314.9375,859.25
1780761527.847555,15,316.328125,882.0
1780761527.847555,15,317.546875,906.25
1780761527.847555,15,318.828125,928.5
1780761527.847555,15,320.15625,952.0
1780761527.847555,15,321.421875,979.5
1780761527.847555,15,322.71875,1008.75
1780761527.847555,15,324.09375,1039.5
1780761527.847555,6,327.90625,1161.0
1780761527.847555,15,335.9375,1184.25
1780761527.847555,4,337.265625,1174.75
1780761527.847555,3,350.046875,2808.5
1780761527.9878175,2,351.375,2808.5
1780761527.9878175,2,352.71875,2808.5
1780761527.9878175,3,354.078125,2808.5
1780761527.9878175,3,355.40625,2808.5
1780761527.9878175,2,6.140625,2808.5
1780761527.9878175,3,7.484375,2808.5
1780761527.9878175,3,8.828125,2808.5
1780761527.9878175,2,14.0625,2808.5
1780761527.9878175,15,21.234375,1445.5
1780761527.9878175,15,22.578125,1444.5
1780761527.9878175,15,23.9375,1443.0
1780761527.9878175,15,25.28125,1442.75
1780761527.9878175,15,39.5625,2294.25
1780761527.9878175,15,43.15625,975.0
1780761527.9878175,15,44.484375,975.5
1780761527.9878175,15,45.734375,978.25
1780761527.9878175,15,56.65625,878.75
1780761527.9878175,6,59.890625,1745.25
1780761527.9878175,15,61.234375,1730.75
1780761527.9878175,4,62.578125,1708.25
1780761527.9878175,15,65.28125,1684.25
1780761527.9878175,15,66.640625,1660.5
1780761527.9878175,15,67.96875,1639.75
1780761527.9878175,15,74.84375,1380.75
1780761527.9878175,15,76.171875,1352.75
1780761527.9878175,15,77.53125,1355.25
1780761527.9878175,15,78.921875,1348.5
1780761527.9878175,15,80.203125,1345.5
1780761527.9878175,15,81.546875,1345.75
1780761527.9878175,15,82.9375,1327.5
1780761527.9878175,15,85.421875,1396.75
1780761527.9878175,15,86.78125,1419.75
1780761527.9878175,15,89.359375,1540.0
1780761527.9878175,6,94.9375,1250.25
1780761527.9878175,15,96.21875,1244.5
1780761527.9878175,15,97.5625,1249.0
1780761527.9878175,5,98.96875,1249.5
1780761527.9878175,15,107.4375,901.25
1780761527.9878175,15,108.796875,892.5
1780761527.9878175,15,110.125,893.25
1780761527.9878175,15,113.921875,516.5
1780761527.9878175,15,115.15625,515.5
1780761527.9878175,15,116.546875,515.25
1780761527.9878175,15,120.890625,476.25
1780761527.9878175,15,127.0625,385.0
1780761527.9878175,15,128.484375,380.0
1780761527.9878175,15,129.71875,374.0
1780761527.9878175,15,134.171875,341.5
1780761527.9878175,15,135.46875,336.25
1780761527.9878175,15,136.734375,330.5
1780761527.9878175,15,141.296875,305.25
1780761527.9878175,15,143.140625,301.25
1780761527.9878175,15,144.21875,294.5
1780761527.9878175,15,145.8125,289.75
1780761527.9878175,15,147.671875,287.0
1780761527.9878175,15,150.65625,271.75
1780761527.9878175,15,152.375,266.75
1780761527.9878175,15,153.703125,263.5
1780761527.9878175,15,154.0625,261.0
1780761527.9878175,15,155.359375,258.0
1780761527.9878175,15,157.125,256.0
1780761527.9878175,15,158.421875,255.0
1780761527.9878175,15,159.34375,253.25
1780761527.9878175,15,161.34375,249.0
1780761527.9878175,15,162.6875,243.75
1780761527.9878175,15,164.015625,242.0
1780761527.9878175,15,165.015625,242.0
1780761527.9878175,15,166.640625,242.0
1780761527.9878175,15,168.0,242.0
1780761527.9878175,15,170.984375,241.5
1780761527.9878175,15,170.4375,241.0
1780761527.9878175,15,173.234375,241.0
1780761527.9878175,15,173.03125,241.0
1780761527.9878175,15,176.578125,240.0
1780761527.9878175,15,176.484375,237.0
1780761527.9878175,15,179.0,235.0
1780761527.9878175,15,180.34375,235.0
1780761527.9878175,15,180.796875,235.0
1780761527.9878175,15,183.015625,235.0
1780761527.9878175,15,182.5,235.0
1780761527.9878175,15,185.6875,233.75
1780761527.9878175,15,186.96875,233.25
1780761527.9878175,15,186.578125,233.5
1780761527.9878175,15,188.84375,233.75
1780761527.9878175,15,190.09375,236.5
1780761527.9878175,15,192.296875,238.25
1780761527.9878175,15,192.21875,239.75
1780761527.9878175,15,193.96875,241.5
1780761527.9878175,15,195.046875,241.25
1780761527.9878175,15,196.203125,241.0
1780761527.9878175,15,197.625,240.75
1780761527.9878175,15,198.46875,238.0
1780761527.9878175,15,200.765625,235.75
1780761527.9878175,15,210.765625,259.25
1780761527.9878175,15,211.359375,254.5
1780761527.9878175,15,227.734375,751.5
1780761527.9878175,15,229.203125,742.5
1780761527.9878175,15,230.4375,745.0
1780761527.9878175,15,236.765625,898.25
1780761527.9878175,15,238.15625,895.25
1780761527.9878175,15,243.3125,987.75
1780761527.9878175,15,244.609375,991.5
1780761527.9878175,15,245.9375,992.75
1780761527.9878175,15,247.296875,996.5
1780761527.9878175,15,257.265625,768.25
1780761527.9878175,15,258.609375,765.25
1780761527.9878175,15,259.796875,771.75
1780761527.9878175,15,261.234375,783.5
1780761527.9878175,15,267.484375,542.5
1780761527.9878175,15,268.59375,552.5
1780761527.9878175,15,269.828125,567.0
1780761527.9878175,15,271.140625,573.5
1780761527.9878175,15,272.625,574.75
1780761527.9878175,15,273.96875,576.5
1780761527.9878175,15,275.34375,578.25
1780761527.9878175,15,276.5625,581.0
1780761527.9878175,15,277.71875,583.25
1780761527.9878175,15,279.0,586.0
1780761527.9878175,15,280.40625,589.25
1780761527.9878175,15,281.65625,592.25
1780761527.9878175,15,283.140625,595.75
1780761527.9878175,15,284.375,599.75
1780761527.9878175,15,285.671875,604.0
1780761527.9878175,15,286.9375,608.75
1780761527.9878175,15,288.265625,614.0
1780761527.9878175,15,289.65625,619.75
1780761527.9878175,15,290.890625,625.5
1780761527.9878175,15,292.203125,632.5
1780761527.9878175,15,293.640625,640.5
1780761527.9878175,15,294.78125,648.25
1780761527.9878175,15,296.125,656.0
1780761527.9878175,15,297.40625,665.25
1780761527.9878175,15,298.703125,674.5
1780761527.9878175,15,300.140625,684.75
1780761527.9878175,15,301.46875,696.25
1780761527.9878175,15,302.734375,707.75
1780761527.9878175,15,304.125,719.5
1780761527.9878175,15,305.359375,731.75
1780761527.9878175,15,306.609375,745.25
1780761527.9878175,15,308.0,760.25
1780761527.9878175,15,309.328125,774.75
1780761527.9878175,15,310.53125,791.0
1780761527.9878175,15,311.84375,809.0
1780761527.9878175,15,313.109375,827.25
1780761527.9878175,15,314.421875,848.0
1780761527.9878175,15,315.6875,870.0
1780761527.9878175,15,317.03125,892.0
1780761527.9878175,15,318.28125,914.25
1780761527.9878175,15,319.609375,937.5
1780761527.9878175,15,320.875,965.5
1780761527.9878175,15,323.546875,1027.0
1780761527.9878175,15,327.375,1137.75
1780761527.9878175,15,330.0,1237.0
1780761527.9878175,6,336.6875,1209.5
1780761527.9878175,4,348.015625,2808.5
1780761527.9878175,3,349.359375,2808.5
1780761527.9878175,3,350.6875,2808.5
1780761528.1255074,3,352.03125,2808.5
1780761528.1255074,4,353.359375,2808.5
1780761528.1255074,4,354.703125,2808.5
1780761528.1255074,3,8.046875,2808.5
1780761528.1255074,15,9.375,2810.75
1780761528.1255074,15,19.25,1539.75
1780761528.1255074,15,20.578125,1531.25
1780761528.1255074,15,21.921875,1531.25
1780761528.1255074,5,23.265625,1530.5
1780761528.1255074,4,24.59375,1529.75
1780761528.1255074,5,25.9375,1529.75
1780761528.1255074,15,41.15625,995.5
1780761528.1255074,15,42.5,996.0
1780761528.1255074,15,43.875,998.75
1780761528.1255074,14,45.15625,1002.5
1780761528.1255074,15,54.734375,902.0
1780761528.1255074,15,57.90625,1771.25
1780761528.1255074,15,59.265625,1747.0
1780761528.1255074,15,60.65625,1744.0
1780761528.1255074,15,62.015625,1719.75
1780761528.1255074,15,64.6875,1685.5
1780761528.1255074,15,66.0625,1661.0
1780761528.1255074,15,67.40625,1649.75
1780761528.1255074,15,74.296875,1374.75
1780761528.1255074,10,75.625,1371.0
1780761528.1255074,15,76.9375,1364.75
1780761528.1255074,15,78.265625,1353.75
1780761528.1255074,15,79.65625,1352.25
1780761528.1255074,15,80.953125,1338.5
1780761528.1255074,15,83.46875,1406.0
1780761528.1255074,15,84.828125,1425.75
1780761528.1255074,15,86.140625,1452.25
1780761528.1255074,15,92.96875,1250.25
1780761528.1255074,15,94.3125,1244.25
1780761528.1255074,15,95.625,1243.5
1780761528.1255074,6,96.921875,1244.0
1780761528.1255074,15,105.5,885.25
1780761528.1255074,15,106.8125,881.5
1780761528.1255074,15,110.625,501.0
1780761528.1255074,15,112.203125,500.75
1780761528.1255074,15,113.484375,493.25
1780761528.1255074,15,116.359375,463.25
1780761528.1255074,15,117.71875,457.5
1780761528.1255074,15,122.515625,363.25
1780761528.1255074,15,124.3125,357.25
1780761528.1255074,15,128.3125,318.5
1780761528.1255074,15,130.296875,312.25
1780761528.1255074,15,131.609375,306.25
1780761528.1255074,15,132.796875,299.5
1780761528.1255074,15,136.484375,276.5
1780761528.1255074,15,137.921875,275.25
1780761528.1255074,15,140.40625,261.5
1780761528.1255074,15,142.859375,258.0
1780761528.1255074,15,144.875,242.75
1780761528.1255074,15,146.921875,235.75
1780761528.1255074,15,148.953125,232.0
1780761528.1255074,15,150.28125,228.75
1780761528.1255074,15,151.609375,225.75
1780761528.1255074,15,151.84375,225.75
1780761528.1255074,15,154.28125,223.75
1780761528.1255074,15,154.25,219.5
1780761528.1255074,15,156.953125,216.5
1780761528.1255074,15,158.28125,212.75
1780761528.1255074,15,159.625,207.0
1780761528.1255074,15,160.953125,205.25
1780761528.1255074,15,162.34375,205.25
1780761528.1255074,15,163.671875,204.5
1780761528.1255074,15,165.015625,204.0
1780761528.1255074,15,165.515625,203.75
1780761528.1255074,15,167.6875,203.0
1780761528.1255074,15,169.03125,201.75
1780761528.1255074,15,170.375,200.25
1780761528.1255074,15,171.703125,199.75
1780761528.1255074,15,173.046875,200.0
1780761528.1255074,15,174.375,199.5
1780761528.1255074,15,175.71875,198.75
1780761528.1255074,15,177.046875,197.5
1780761528.1255074,15,178.390625,197.25
1780761528.1255074,15,179.71875,197.75
1780761528.1255074,15,181.0625,196.75
1780761528.1255074,15,182.390625,196.0
1780761528.1255074,15,183.734375,196.25
1780761528.1255074,15,185.078125,195.75
1780761528.1255074,15,186.40625,194.75
1780761528.1255074,15,187.734375,196.25
1780761528.1255074,15,189.078125,197.0
1780761528.1255074,15,190.40625,197.5
1780761528.1255074,15,191.75,198.5
1780761528.1255074,15,193.09375,199.25
1780761528.1255074,15,197.09375,201.0
1780761528.1255074,15,198.4375,202.0
1780761528.1255074,15,199.765625,201.25
1780761528.1255074,15,201.109375,200.75
1780761528.1255074,15,202.4375,200.0
1780761528.1255074,15,203.53125,199.5
1780761528.1255074,15,217.0625,221.5
1780761528.1255074,15,218.390625,221.0
1780761528.1255074,15,230.15625,724.0
1780761528.1255074,15,231.40625,717.25
1780761528.1255074,15,232.765625,721.0
1780761528.1255074,15,239.09375,881.25
1780761528.1255074,15,240.40625,876.25
1780761528.1255074,15,245.53125,973.0
1780761528.1255074,15,246.84375,973.75
1780761528.1255074,15,248.265625,972.25
1780761528.1255074,15,249.53125,976.0
1780761528.1255074,15,259.4375,772.0
1780761528.1255074,15,260.875,759.25
1780761528.1255074,15,262.1875,758.5
1780761528.1255074,15,263.328125,772.5
1780761528.1255074,15,264.703125,791.0
1780761528.1255074,15,266.03125,810.25
1780761528.1255074,15,276.21875,577.75
1780761528.1255074,15,277.390625,580.0
1780761528.1255074,15,278.71875,582.5
1780761528.1255074,15,280.015625,585.75
1780761528.1255074,15,281.21875,589.75
1780761528.1255074,15,282.59375,593.25
1780761528.1255074,15,283.921875,596.25
1780761528.1255074,15,285.359375,600.25
1780761528.1255074,15,286.71875,605.25
1780761528.1255074,15,288.015625,609.75
1780761528.1255074,15,289.203125,615.25
1780761528.1255074,15,290.46875,621.75
1780761528.1255074,15,291.859375,627.75
1780761528.1255074,15,293.21875,634.25
1780761528.1255074,15,294.453125,642.25
1780761528.1255074,15,295.828125,651.25
1780761528.1255074,15,297.140625,660.0
1780761528.1255074,15,298.390625,669.0
1780761528.1255074,15,299.671875,679.0
1780761528.1255074,15,301.046875,689.5
1780761528.1255074,15,302.3125,700.5
1780761528.1255074,15,303.578125,713.0
1780761528.1255074,15,304.890625,725.5
1780761528.1255074,15,306.1875,738.25
1780761528.1255074,15,307.609375,753.0
1780761528.1255074,15,308.765625,768.5
1780761528.1255074,15,310.15625,784.0
1780761528.1255074,15,311.515625,801.0
1780761528.1255074,15,312.765625,818.5
1780761528.1255074,15,314.046875,837.75
1780761528.1255074,15,315.328125,859.5
1780761528.1255074,15,316.578125,882.0
1780761528.1255074,15,317.9375,906.25
1780761528.1255074,15,319.21875,929.0
1780761528.1255074,15,320.453125,952.75
1780761528.1255074,15,323.046875,1011.75
1780761528.1255074,15,329.640625,1214.5
1780761528.1255074,15,332.25,1320.5
1780761528.1255074,15,337.6875,1242.75
1780761528.1255074,2,347.671875,2808.5
1780761528.1255074,15,349.0,2809.0
1780761528.1255074,4,350.359375,2809.0
1780761528.2628863,3,351.6875,2808.5
1780761528.2628863,3,353.015625,2808.5
1780761528.2628863,3,354.359375,2808.5
1780761528.2628863,3,355.703125,2808.5
1780761528.2628863,15,6.40625,2809.0
1780761528.2628863,15,7.734375,2809.75
1780761528.2628863,15,9.078125,2809.75
1780761528.2628863,15,18.859375,1571.0
1780761528.2628863,15,20.203125,1570.75
1780761528.2628863,15,21.53125,1570.5
1780761528.2628863,15,22.859375,1570.25
1780761528.2628863,15,39.4375,1022.25
1780761528.2628863,15,40.8125,1021.0
1780761528.2628863,15,42.109375,1021.75
1780761528.2628863,15,43.5,1026.5
1780761528.2628863,15,52.953125,928.5
1780761528.2628863,15,57.625,1783.5
1780761528.2628863,15,58.96875,1759.25
1780761528.2628863,15,60.34375,1746.75
1780761528.2628863,15,61.703125,1722.5
1780761528.2628863,5,63.03125,1698.0
1780761528.2628863,15,64.390625,1684.5
1780761528.2628863,15,65.734375,1671.5
1780761528.2628863,5,72.625,1389.0
1780761528.2628863,9,73.984375,1374.25
1780761528.2628863,15,75.296875,1366.5
1780761528.2628863,15,76.671875,1355.5
1780761528.2628863,15,78.03125,1337.5
1780761528.2628863,15,81.984375,1414.75
1780761528.2628863,15,83.25,1425.0
1780761528.2628863,15,84.625,1452.75
1780761528.2628863,15,91.4375,1249.5
1780761528.2628863,15,92.765625,1243.0
1780761528.2628863,15,94.15625,1243.0
1780761528.2628863,15,95.4375,1243.5
1780761528.2628863,15,102.59375,882.25
1780761528.2628863,15,106.796875,489.5
1780761528.2628863,15,107.9375,489.75
1780761528.2628863,15,112.171875,446.75
1780761528.2628863,15,117.125,344.75
1780761528.2628863,15,118.71875,338.75
1780761528.2628863,15,124.0,295.5
1780761528.2628863,15,125.40625,288.25
1780761528.2628863,15,126.515625,281.5
1780761528.2628863,15,131.015625,251.5
1780761528.2628863,15,135.46875,235.25
1780761528.2628863,15,135.34375,232.0
1780761528.2628863,15,140.90625,207.5
1780761528.2628863,15,142.25,201.5
1780761528.2628863,15,143.578125,197.25
1780761528.2628863,15,144.9375,195.75
1780761528.2628863,15,146.265625,193.0
1780761528.2628863,15,147.609375,190.5
1780761528.2628863,15,148.703125,188.75
1780761528.2628863,15,151.625,181.5
1780761528.2628863,15,154.8125,172.0
1780761528.2628863,15,156.15625,171.75
1780761528.2628863,15,157.5,171.0
1780761528.2628863,15,158.84375,169.75
1780761528.2628863,15,160.171875,169.25
1780761528.2628863,15,161.515625,168.75
1780761528.2628863,15,162.796875,167.75
1780761528.2628863,15,164.125,166.25
1780761528.2628863,15,165.46875,165.25
1780761528.2628863,15,166.796875,163.75
1780761528.2628863,15,168.140625,163.0
1780761528.2628863,15,169.46875,163.0
1780761528.2628863,15,170.796875,162.5
1780761528.2628863,15,172.140625,161.5
1780761528.2628863,15,173.484375,161.25
1780761528.2628863,15,174.8125,160.25
1780761528.2628863,15,176.15625,159.75
1780761528.2628863,15,177.484375,160.0
1780761528.2628863,15,178.828125,159.25
1780761528.2628863,15,180.15625,158.5
1780761528.2628863,15,181.5,158.0
1780761528.2628863,15,182.828125,158.0
1780761528.2628863,15,184.171875,158.0
1780761528.2628863,15,185.5,157.5
1780761528.2628863,15,186.8125,157.75
1780761528.2628863,15,188.140625,158.5
1780761528.2628863,15,192.140625,160.0
1780761528.2628863,15,193.46875,162.0
1780761528.2628863,15,194.8125,163.0
1780761528.2628863,15,196.140625,163.75
1780761528.2628863,15,197.46875,164.75
1780761528.2628863,15,198.796875,165.25
1780761528.2628863,15,200.140625,165.0
1780761528.2628863,15,201.46875,164.75
1780761528.2628863,15,202.8125,164.5
1780761528.2628863,15,204.140625,164.5
1780761528.2628863,15,205.46875,164.25
1780761528.2628863,15,206.5625,164.0
1780761528.2628863,15,208.125,164.0
1780761528.2628863,15,219.6875,199.0
1780761528.2628863,15,222.359375,190.0
1780761528.2628863,15,223.6875,190.5
1780761528.2628863,15,235.5625,697.75
1780761528.2628863,15,241.765625,863.0
1780761528.2628863,15,243.1875,861.25
1780761528.2628863,4,248.3125,955.5
1780761528.2628863,3,249.640625,955.0
1780761528.2628863,15,251.015625,961.75
1780761528.2628863,15,259.21875,822.25
1780761528.2628863,15,262.03125,767.5
1780761528.2628863,15,263.359375,757.0
1780761528.2628863,15,264.734375,755.25
1780761528.2628863,15,266.0625,768.75
1780761528.2628863,15,267.25,781.5
1780761528.2628863,2,271.203125,838.0
1780761528.2628863,15,280.046875,582.5
1780761528.2628863,15,281.15625,586.25
1780761528.2628863,15,282.640625,590.25
1780761528.2628863,15,283.890625,594.5
1780761528.2628863,15,285.25,598.75
1780761528.2628863,15,286.453125,602.5
1780761528.2628863,15,287.765625,608.0
1780761528.2628863,15,289.125,613.25
1780761528.2628863,15,290.40625,618.5
1780761528.2628863,15,291.8125,624.75
1780761528.2628863,15,292.96875,632.25
1780761528.2628863,15,294.421875,640.5
1780761528.2628863,15,295.625,648.25
1780761528.2628863,15,297.03125,657.75
1780761528.2628863,15,298.28125,667.75
1780761528.2628863,15,299.59375,676.5
1780761528.2628863,15,301.078125,687.5
1780761528.2628863,15,302.390625,700.0
1780761528.2628863,15,303.703125,710.5
1780761528.2628863,15,304.875,722.75
1780761528.2628863,15,306.25,735.75
1780761528.2628863,15,307.453125,750.75
1780761528.2628863,15,308.890625,766.25
1780761528.2628863,15,310.109375,781.5
1780761528.2628863,15,311.390625,798.75
1780761528.2628863,15,312.671875,816.5
1780761528.2628863,15,314.0625,837.5
1780761528.2628863,15,315.3125,858.75
1780761528.2628863,15,316.609375,881.25
1780761528.2628863,15,317.84375,906.0
1780761528.2628863,15,319.25,928.75
1780761528.2628863,15,320.4375,952.5
1780761528.2628863,8,321.796875,980.0
1780761528.2628863,15,323.125,1009.25
1780761528.2628863,15,324.4375,1039.0
1780761528.2628863,15,338.984375,1251.5
1780761528.2628863,15,349.03125,2809.25
1780761528.2628863,15,350.375,2809.75
1780761528.4005258,15,351.71875,2809.5
1780761528.4005258,15,353.0625,2811.25
1780761528.4005258,15,354.390625,2811.25
1780761528.4005258,15,355.734375,2811.25
1780761528.4005258,15,7.796875,2813.25
1780761528.4005258,15,18.9375,1619.25
1780761528.4005258,15,20.265625,1600.0
1780761528.4005258,15,21.59375,1590.25
1780761528.4005258,15,22.984375,1580.25
1780761528.4005258,15,24.28125,1571.0
1780761528.4005258,15,38.296875,1051.75
1780761528.4005258,15,39.640625,1054.0
1780761528.4005258,15,41.0,1053.0
1780761528.4005258,15,42.296875,1058.5
1780761528.4005258,15,56.515625,1807.5
1780761528.4005258,15,57.875,1771.25
1780761528.4005258,15,59.09375,1747.5
1780761528.4005258,15,60.484375,1746.75
1780761528.4005258,15,61.8125,1732.5
1780761528.4005258,5,63.171875,1708.0
1780761528.4005258,15,64.546875,1684.75
1780761528.4005258,15,67.203125,1651.0
1780761528.4005258,4,71.40625,1398.75
1780761528.4005258,9,72.71875,1387.75
1780761528.4005258,15,80.71875,1410.75
1780761528.4005258,15,90.265625,1248.5
1780761528.4005258,15,91.609375,1243.0
1780761528.4005258,15,92.953125,1243.5
1780761528.4005258,15,94.234375,1244.0
1780761528.4005258,15,101.4375,484.5
1780761528.4005258,15,102.734375,481.25
1780761528.4005258,15,104.1875,478.75
1780761528.4005258,15,107.25,437.25
1780761528.4005258,15,112.34375,324.5
1780761528.4005258,15,117.875,274.5
1780761528.4005258,15,125.296875,231.75
1780761528.4005258,15,129.0625,206.5
1780761528.4005258,15,134.9375,173.25
1780761528.4005258,15,136.265625,169.25
1780761528.4005258,15,137.625,166.0
1780761528.4005258,15,138.9375,164.25
1780761528.4005258,15,140.265625,161.5
1780761528.4005258,15,142.953125,152.5
1780761528.4005258,15,147.28125,139.5
1780761528.4005258,15,148.28125,139.0
1780761528.4005258,15,149.625,138.25
1780761528.4005258,15,150.953125,136.5
1780761528.4005258,15,152.3125,136.0
1780761528.4005258,15,153.640625,135.0
1780761528.4005258,15,157.015625,133.5
1780761528.4005258,15,157.84375,132.25
1780761528.4005258,15,157.671875,130.75
1780761528.4005258,15,159.625,129.75
1780761528.4005258,15,160.34375,128.75
1780761528.4005258,15,164.015625,128.25
1780761528.4005258,15,163.046875,128.0
1780761528.4005258,15,164.390625,127.25
1780761528.4005258,15,167.703125,126.5
1780761528.4005258,15,169.140625,125.75
1780761528.4005258,15,171.09375,125.0
1780761528.4005258,15,169.734375,124.5
1780761528.4005258,15,172.75,124.0
1780761528.4005258,15,173.046875,124.0
1780761528.4005258,15,173.765625,123.5
1780761528.4005258,15,177.484375,122.75
1780761528.4005258,15,178.4375,122.5
1780761528.4005258,15,178.65625,122.0
1780761528.4005258,15,180.59375,122.0
1780761528.4005258,15,182.390625,122.0
1780761528.4005258,15,184.359375,121.75
1780761528.4005258,15,185.828125,121.25
1780761528.4005258,15,185.359375,121.25
1780761528.4005258,15,191.1875,121.75
1780761528.4005258,15,192.0625,122.25
1780761528.4005258,15,197.796875,128.25
1780761528.4005258,15,199.140625,129.25
1780761528.4005258,15,202.3125,130.0
1780761528.4005258,15,201.5625,130.25
1780761528.4005258,15,203.140625,130.25
1780761528.4005258,15,204.484375,130.0
1780761528.4005258,15,207.75,129.75
1780761528.4005258,15,209.140625,130.25
1780761528.4005258,15,208.5,130.5
1780761528.4005258,15,211.90625,130.5
1780761528.4005258,15,212.625,130.5
1780761528.4005258,15,212.5,130.75
1780761528.4005258,15,228.5625,165.0
1780761528.4005258,15,229.890625,163.5
1780761528.4005258,15,231.234375,164.0
1780761528.4005258,15,243.390625,841.0
1780761528.4005258,15,244.796875,840.75
1780761528.4005258,10,249.9375,946.75
1780761528.4005258,15,251.21875,945.75
1780761528.4005258,15,252.59375,951.0
1780761528.4005258,15,253.90625,963.5
1780761528.4005258,15,262.328125,805.75
1780761528.4005258,15,265.0625,757.5
1780761528.4005258,15,266.4375,752.5
1780761528.4005258,15,267.65625,755.0
1780761528.4005258,15,268.984375,774.0
1780761528.4005258,15,270.3125,797.0
1780761528.4005258,15,271.5625,821.0
1780761528.4005258,15,283.0,589.25
1780761528.4005258,15,284.359375,593.0
1780761528.4005258,15,285.546875,597.0
1780761528.4005258,15,286.828125,602.0
1780761528.4005258,15,288.109375,607.25
1780761528.4005258,15,289.5,612.0
1780761528.4005258,15,290.84375,618.0
1780761528.4005258,15,292.140625,625.25
1780761528.4005258,15,293.515625,632.75
1780761528.4005258,15,294.796875,640.25
1780761528.4005258,15,296.0625,648.0
1780761528.4005258,15,297.296875,657.0
1780761528.4005258,15,298.734375,666.5
1780761528.4005258,15,299.828125,677.0
1780761528.4005258,15,301.265625,688.25
1780761528.4005258,15,302.609375,699.5
1780761528.4005258,15,304.03125,711.75
1780761528.4005258,15,305.265625,724.75
1780761528.4005258,15,306.5625,737.5
1780761528.4005258,15,307.9375,750.0
1780761528.4005258,15,309.15625,765.0
1780761528.4005258,15,310.375,783.0
1780761528.4005258,15,311.796875,801.25
1780761528.4005258,15,312.984375,818.5
1780761528.4005258,15,314.375,838.5
1780761528.4005258,15,315.609375,860.75
1780761528.4005258,15,316.9375,884.25
1780761528.4005258,15,318.28125,910.25
1780761528.4005258,10,319.53125,934.75
1780761528.4005258,15,320.890625,960.0
1780761528.4005258,15,322.171875,988.5
1780761528.4005258,15,323.40625,1017.25
1780761528.4005258,15,324.6875,1047.25
1780761528.4005258,15,327.359375,1131.25
1780761528.4005258,15,329.859375,1214.25
1780761528.4005258,15,337.875,1325.5
1780761528.4005258,15,350.671875,2809.0
1780761528.5385358,15,352.03125,2809.5
1780761528.5385358,4,353.359375,2808.75
1780761528.5385358,15,354.6875,2839.25
1780761528.5385358,15,19.265625,1629.25
1780761528.5385358,15,20.609375,1629.25
1780761528.5385358,15,21.953125,1629.25
1780761528.5385358,15,23.296875,1629.25
1780761528.5385358,15,37.1875,1079.75
1780761528.5385358,15,38.5625,1081.25
1780761528.5385358,15,39.90625,1081.75
1780761528.5385358,2,49.46875,960.25
1780761528.5385358,15,55.484375,1832.75
1780761528.5385358,15,56.875,1807.5
1780761528.5385358,15,58.203125,1769.75
1780761528.5385358,15,59.484375,1746.0
1780761528.5385358,15,60.859375,1744.0
1780761528.5385358,15,62.15625,1730.0
1780761528.5385358,15,63.53125,1707.75
1780761528.5385358,15,70.375,1417.25
1780761528.5385358,15,71.75,1400.25
1780761528.5385358,15,78.4375,1410.0
1780761528.5385358,15,81.0625,1457.75
1780761528.5385358,15,83.625,1549.5
1780761528.5385358,15,87.859375,1249.5
1780761528.5385358,15,89.21875,1243.0
1780761528.5385358,15,90.515625,1248.25
1780761528.5385358,15,91.90625,1248.5
1780761528.5385358,15,93.234375,1254.5
1780761528.5385358,15,97.6875,476.25
1780761528.5385358,15,99.171875,477.0
1780761528.5385358,15,115.984375,215.25
1780761528.5385358,15,125.53125,148.5
1780761528.5385358,15,125.875,145.75
1780761528.5385358,15,128.53125,138.0
1780761528.5385358,15,131.484375,135.0
1780761528.5385358,15,138.09375,113.25
1780761528.5385358,15,140.5,112.0
1780761528.5385358,15,140.71875,110.5
1780761528.5385358,15,142.5,109.75
1780761528.5385358,15,144.703125,109.5
1780761528.5385358,15,145.515625,108.75
1780761528.5385358,15,147.625,107.5
1780761528.5385358,15,148.125,106.5
1780761528.5385358,15,149.109375,106.0
1780761528.5385358,15,151.234375,104.75
1780761528.5385358,15,153.53125,102.75
1780761528.5385358,15,206.46875,101.5
1780761528.5385358,15,208.0,101.25
1780761528.5385358,15,212.234375,102.75
1780761528.5385358,15,213.453125,103.75
1780761528.5385358,15,214.75,103.75
1780761528.5385358,15,215.234375,104.25
1780761528.5385358,15,217.25,104.25
1780761528.5385358,15,220.15625,104.75
1780761528.5385358,15,235.71875,144.25
1780761528.5385358,15,237.0625,143.5
1780761528.5385358,15,241.0625,145.5
1780761528.5385358,15,251.6875,940.75
1780761528.5385358,15,253.0,940.5
1780761528.5385358,15,254.359375,943.0
1780761528.5385358,10,255.65625,949.75
1780761528.5385358,15,264.046875,809.5
1780761528.5385358,15,266.734375,767.25
1780761528.5385358,15,268.1875,761.25
1780761528.5385358,15,269.359375,757.5
1780761528.5385358,15,275.828125,811.0
1780761528.5385358,15,285.984375,593.75
1780761528.5385358,15,287.265625,598.5
1780761528.5385358,15,288.5625,604.0
1780761528.5385358,15,289.84375,609.0
1780761528.5385358,15,291.125,614.25
1780761528.5385358,15,292.5,621.0
1780761528.5385358,15,293.640625,628.25
1780761528.5385358,15,295.0,636.5
1780761528.5385358,15,296.265625,645.25
1780761528.5385358,15,297.703125,653.75
1780761528.5385358,15,298.859375,662.75
1780761528.5385358,15,300.28125,672.25
1780761528.5385358,15,301.578125,683.5
1780761528.5385358,15,302.875,695.75
1780761528.5385358,15,304.078125,707.0
1780761528.5385358,15,305.453125,718.75
1780761528.5385358,15,306.734375,731.5
1780761528.5385358,15,308.0625,744.75
1780761528.5385358,15,309.359375,759.25
1780761528.5385358,15,310.6875,775.5
1780761528.5385358,15,311.9375,794.0
1780761528.5385358,15,313.15625,813.25
1780761528.5385358,15,314.5625,833.0
1780761528.5385358,15,315.765625,855.0
1780761528.5385358,15,317.109375,877.5
1780761528.5385358,15,318.3125,901.25
1780761528.5385358,15,319.71875,925.0
1780761528.5385358,15,320.984375,949.0
1780761528.5385358,15,322.203125,974.0
1780761528.5385358,15,324.78125,1039.0
1780761528.5385358,6,328.59375,1161.25
1780761528.5385358,15,332.5,1306.0
1780761528.5385358,15,337.84375,1325.5
1780761528.5385358,15,339.109375,1325.5
1780761528.5385358,15,346.5,2809.0
1780761528.5385358,3,347.828125,2809.0
1780761528.6756413,15,354.484375,2840.75
1780761528.6756413,15,355.8125,2873.25
1780761528.6756413,2,7.75,2907.5
1780761528.6756413,2,9.078125,2941.75
1780761528.6756413,2,10.484375,2941.75
1780761528.6756413,15,18.828125,1670.75
1780761528.6756413,15,20.203125,1649.75
1780761528.6756413,15,21.546875,1629.25
1780761528.6756413,15,22.875,1629.25
1780761528.6756413,15,24.21875,1629.25
1780761528.6756413,15,38.0,1088.0
1780761528.6756413,15,39.34375,1088.5
1780761528.6756413,15,40.640625,1092.5
1780761528.6756413,15,54.8125,1846.25
1780761528.6756413,15,56.140625,1820.75
1780761528.6756413,15,57.453125,1795.75
1780761528.6756413,15,58.84375,1771.5
1780761528.6756413,15,60.109375,1747.5
1780761528.6756413,15,61.484375,1733.25
1780761528.6756413,15,62.828125,1709.25
1780761528.6756413,15,69.671875,1410.0
1780761528.6756413,15,71.03125,1396.0
1780761528.6756413,15,72.359375,1391.75
1780761528.6756413,10,73.703125,1387.75
1780761528.6756413,3,75.0,1389.25
1780761528.6756413,15,77.65625,1407.75
1780761528.6756413,15,78.984375,1421.0
1780761528.6756413,15,80.25,1451.5
1780761528.6756413,15,81.59375,1467.75
1780761528.6756413,15,88.484375,1248.75
1780761528.6756413,15,89.75,1243.5
1780761528.6756413,15,91.09375,1243.75
1780761528.6756413,6,92.46875,1250.0
1780761528.6756413,15,97.0,481.5
1780761528.6756413,15,98.296875,476.75
1780761528.6756413,15,99.75,474.25
1780761528.6756413,15,119.0625,187.75
1780761528.6756413,15,124.890625,146.0
1780761528.6756413,15,129.140625,138.75
1780761528.6756413,15,137.625,113.5
1780761528.6756413,15,138.609375,111.5
1780761528.6756413,15,140.65625,110.5
1780761528.6756413,15,141.609375,109.75
1780761528.6756413,15,143.03125,109.0
1780761528.6756413,15,144.546875,108.5
1780761528.6756413,15,146.234375,108.0
1780761528.6756413,15,146.734375,106.5
1780761528.6756413,15,149.515625,105.5
1780761528.6756413,15,150.34375,105.0
1780761528.6756413,15,151.546875,104.0
1780761528.6756413,15,207.6875,104.0
1780761528.6756413,15,209.453125,104.5
1780761528.6756413,15,213.046875,105.75
1780761528.6756413,15,213.984375,106.5
1780761528.6756413,15,214.421875,107.0
1780761528.6756413,15,218.59375,107.75
1780761528.6756413,15,220.75,108.0
1780761528.6756413,15,220.625,108.0
1780761528.6756413,15,232.65625,151.25
1780761528.6756413,15,233.984375,149.0
1780761528.6756413,15,235.265625,146.25
1780761528.6756413,15,236.59375,145.75
1780761528.6756413,15,251.046875,935.0
1780761528.6756413,15,252.484375,938.25
1780761528.6756413,15,253.765625,943.75
1780761528.6756413,9,255.15625,948.75
1780761528.6756413,15,256.4375,959.75
1780761528.6756413,15,264.890625,788.0
1780761528.6756413,15,266.140625,770.0
1780761528.6756413,15,267.59375,759.75
1780761528.6756413,15,268.875,756.25
1780761528.6756413,15,275.28125,853.5
1780761528.6756413,15,285.390625,592.5
1780761528.6756413,15,286.59375,597.0
1780761528.6756413,15,287.90625,601.75
1780761528.6756413,15,289.359375,607.0
1780761528.6756413,15,290.546875,612.5
1780761528.6756413,15,291.828125,618.5
1780761528.6756413,15,293.203125,625.75
1780761528.6756413,15,294.515625,633.5
1780761528.6756413,15,295.78125,641.5
1780761528.6756413,15,297.140625,650.0
1780761528.6756413,15,298.34375,659.25
1780761528.6756413,15,299.671875,669.25
1780761528.6756413,15,301.078125,679.5
1780761528.6756413,15,302.328125,690.0
1780761528.6756413,15,303.65625,702.5
1780761528.6756413,15,304.984375,715.25
1780761528.6756413,15,306.25,727.0
1780761528.6756413,15,307.453125,740.5
1780761528.6756413,15,308.8125,755.75
1780761528.6756413,15,310.046875,771.25
1780761528.6756413,15,311.359375,788.0
1780761528.6756413,15,312.71875,806.75
1780761528.6756413,15,314.046875,826.0
1780761528.6756413,15,315.296875,846.5
1780761528.6756413,15,316.515625,868.25
1780761528.6756413,15,317.84375,891.75
1780761528.6756413,15,319.203125,915.0
1780761528.6756413,10,320.453125,938.25
1780761528.6756413,15,321.78125,964.75
1780761528.6756413,15,324.25,1026.75
1780761528.6756413,15,339.96875,1331.75
1780761528.6756413,15,346.046875,2813.25
1780761528.6756413,4,347.390625,2811.0
1780761528.6756413,15,348.703125,2839.5
1780761528.8135927,15,351.375,2840.0
1780761528.8135927,15,352.703125,2809.75
1780761528.8135927,15,354.03125,2809.5
1780761528.8135927,15,355.375,2841.5
1780761528.8135927,1,8.65625,2907.5
1780761528.8135927,1,10.0,2941.75
1780761528.8135927,2,11.34375,2941.75
1780761528.8135927,15,15.34375,2811.25
1780761528.8135927,15,18.375,1660.75
1780761528.8135927,15,19.734375,1650.0
1780761528.8135927,15,21.0625,1639.5
1780761528.8135927,15,22.390625,1629.25
1780761528.8135927,15,23.71875,1629.25
1780761528.8135927,15,37.5625,1089.25
1780761528.8135927,15,38.828125,1090.75
1780761528.8135927,15,40.234375,1092.0
1780761528.8135927,15,55.65625,1833.0
1780761528.8135927,15,57.015625,1807.5
1780761528.8135927,15,58.40625,1771.75
1780761528.8135927,15,59.671875,1745.75
1780761528.8135927,15,61.015625,1742.25
1780761528.8135927,15,62.375,1720.25
1780761528.8135927,5,63.703125,1698.0
1780761528.8135927,15,69.1875,1418.0
1780761528.8135927,15,70.59375,1396.75
1780761528.8135927,6,71.921875,1384.25
1780761528.8135927,3,75.875,1396.0
1780761528.8135927,15,77.203125,1409.5
1780761528.8135927,15,78.515625,1418.5
1780761528.8135927,15,79.859375,1430.25
1780761528.8135927,15,81.1875,1458.25
1780761528.8135927,9,83.8125,1551.0
1780761528.8135927,15,89.375,1243.75
1780761528.8135927,15,90.71875,1243.5
1780761528.8135927,15,92.0625,1249.25
1780761528.8135927,15,97.96875,478.25
1780761528.8135927,15,99.46875,476.5
1780761528.8135927,15,104.703125,324.0
1780761528.8135927,15,113.375,249.0
1780761528.8135927,15,115.203125,211.5
1780761528.8135927,15,118.65625,189.0
1780761528.8135927,15,124.5,146.0
1780761528.8135927,15,127.140625,138.5
1780761528.8135927,15,128.484375,136.25
1780761528.8135927,15,131.90625,127.5
1780761528.8135927,15,137.90625,112.0
1780761528.8135927,15,138.609375,111.25
1780761528.8135927,15,141.578125,110.0
1780761528.8135927,15,142.390625,109.25
1780761528.8135927,15,143.984375,109.25
1780761528.8135927,15,145.015625,108.25
1780761528.8135927,15,147.75,107.0
1780761528.8135927,15,147.8125,106.0
1780761528.8135927,15,150.234375,105.5
1780761528.8135927,15,151.015625,104.75
1780761528.8135927,15,152.15625,103.5
1780761528.8135927,15,204.359375,102.5
1780761528.8135927,15,210.671875,105.75
1780761528.8135927,15,212.15625,106.0
1780761528.8135927,15,214.40625,106.0
1780761528.8135927,15,215.34375,106.5
1780761528.8135927,15,215.515625,106.75
1780761528.8135927,15,216.90625,107.0
1780761528.8135927,15,218.0,107.5
1780761528.8135927,15,220.265625,107.25
1780761528.8135927,15,221.375,107.25
1780761528.8135927,15,235.0625,146.25
1780761528.8135927,15,237.078125,145.5
1780761528.8135927,15,250.984375,940.5
1780761528.8135927,15,252.3125,937.5
1780761528.8135927,15,253.65625,940.5
1780761528.8135927,12,254.96875,948.75
1780761528.8135927,15,260.28125,952.0
1780761528.8135927,15,264.5625,799.0
1780761528.8135927,15,267.34375,756.0
1780761528.8135927,15,268.71875,756.25
1780761528.8135927,15,270.0,763.5
1780761528.8135927,15,281.453125,557.0
1780761528.8135927,15,282.578125,559.0
1780761528.8135927,15,285.15625,592.25
1780761528.8135927,15,286.484375,596.75
1780761528.8135927,15,287.796875,601.0
1780761528.8135927,15,289.125,605.75
1780761528.8135927,15,290.328125,611.5
1780761528.8135927,15,291.75,617.75
1780761528.8135927,15,292.890625,625.0
1780761528.8135927,15,294.359375,632.75
1780761528.8135927,15,295.640625,640.75
1780761528.8135927,15,296.96875,648.75
1780761528.8135927,15,298.09375,656.75
1780761528.8135927,15,299.421875,666.5
1780761528.8135927,15,300.703125,677.0
1780761528.8135927,15,302.09375,687.75
1780761528.8135927,15,303.28125,700.0
1780761528.8135927,15,304.609375,712.0
1780761528.8135927,15,305.9375,724.0
1780761528.8135927,15,307.171875,737.5
1780761528.8135927,15,308.625,750.75
1780761528.8135927,15,309.796875,766.0
1780761528.8135927,15,311.078125,785.75
1780761528.8135927,15,312.328125,804.25
1780761528.8135927,15,313.703125,821.5
1780761528.8135927,15,314.9375,842.0
1780761528.8135927,15,316.3125,862.25
1780761528.8135927,15,317.5,884.25
1780761528.8135927,15,318.8125,910.75
1780761528.8135927,15,320.0625,936.25
1780761528.8135927,15,321.375,961.25
1780761528.8135927,15,324.0,1019.75
1780761528.8135927,15,327.8125,1133.0
1780761528.8135927,15,330.390625,1231.5
1780761528.8135927,15,339.609375,1332.0
1780761528.8135927,1,348.40625,2811.0
1780761528.9507616,15,353.71875,2811.0
1780761528.9507616,15,355.078125,2843.5
1780761528.9507616,2,8.359375,2907.5
1780761528.9507616,2,9.703125,2941.75
1780761528.9507616,1,10.984375,2941.5
1780761528.9507616,15,18.03125,1661.25
1780761528.9507616,15,19.328125,1650.0
1780761528.9507616,15,20.703125,1649.75
1780761528.9507616,15,22.015625,1639.5
1780761528.9507616,15,23.34375,1629.25
1780761528.9507616,15,37.203125,1089.25
1780761528.9507616,15,38.46875,1089.25
1780761528.9507616,15,39.796875,1089.5
1780761528.9507616,15,56.625,1807.5
1780761528.9507616,15,58.015625,1783.0
1780761528.9507616,15,59.359375,1758.75
1780761528.9507616,7,60.65625,1744.25
1780761528.9507616,15,61.984375,1730.25
1780761528.9507616,5,63.34375,1708.5
1780761528.9507616,15,70.171875,1417.5
1780761528.9507616,15,71.515625,1397.0
1780761528.9507616,3,75.515625,1386.25
1780761528.9507616,15,78.171875,1399.25
1780761528.9507616,15,79.515625,1426.5
1780761528.9507616,15,80.84375,1432.75
1780761528.9507616,15,87.625,1255.25
1780761528.9507616,15,89.015625,1248.5
1780761528.9507616,15,90.296875,1248.5
1780761528.9507616,15,91.609375,1249.25
1780761528.9507616,6,92.953125,1255.75
1780761528.9507616,15,97.421875,478.5
1780761528.9507616,15,99.09375,475.0
1780761528.9507616,15,111.265625,252.0
1780761528.9507616,15,115.59375,214.25
1780761528.9507616,15,126.625,143.5
1780761528.9507616,15,126.71875,139.5
1780761528.9507616,15,128.390625,137.5
1780761528.9507616,15,137.015625,112.5
1780761528.9507616,15,138.40625,111.25
1780761528.9507616,15,140.640625,110.25
1780761528.9507616,15,142.5,109.75
1780761528.9507616,15,143.8125,109.25
1780761528.9507616,15,145.296875,108.5
1780761528.9507616,15,147.234375,107.75
1780761528.9507616,15,148.015625,106.75
1780761528.9507616,15,148.59375,106.25
1780761528.9507616,15,150.09375,105.25
1780761528.9507616,15,151.46875,104.0
1780761528.9507616,15,153.671875,102.5
1780761528.9507616,15,203.25,101.25
1780761528.9507616,15,206.4375,102.75
1780761528.9507616,15,209.96875,105.0
1780761528.9507616,15,214.578125,106.25
1780761528.9507616,15,215.75,106.75
1780761528.9507616,15,217.671875,107.5
1780761528.9507616,15,218.046875,108.0
1780761528.9507616,15,219.3125,107.75
1780761528.9507616,15,220.75,107.5
1780761528.9507616,15,234.734375,146.75
1780761528.9507616,15,237.1875,145.75
1780761528.9507616,15,252.03125,937.75
1780761528.9507616,15,253.390625,943.5
1780761528.9507616,15,254.703125,946.0
1780761528.9507616,15,264.375,800.25
1780761528.9507616,15,267.109375,758.5
1780761528.9507616,15,268.53125,758.0
1780761528.9507616,15,269.84375,760.5
1780761528.9507616,15,271.125,770.75
1780761528.9507616,15,281.015625,559.75
1780761528.9507616,15,286.234375,595.75
1780761528.9507616,15,287.53125,600.0
1780761528.9507616,15,288.96875,605.5
1780761528.9507616,15,290.109375,611.5
1780761528.9507616,15,291.453125,617.5
1780761528.9507616,15,292.8125,624.25
1780761528.9507616,15,294.15625,632.0
1780761528.9507616,15,295.3125,640.0
1780761528.9507616,15,296.78125,648.0
1780761528.9507616,15,298.046875,656.75
1780761528.9507616,15,299.34375,666.75
1780761528.9507616,15,300.625,676.75
1780761528.9507616,15,302.015625,687.0
1780761528.9507616,15,303.25,699.25
1780761528.9507616,15,304.515625,711.75
1780761528.9507616,15,305.828125,723.75
1780761528.9507616,15,307.1875,736.75
1780761528.9507616,15,308.46875,749.75
1780761528.9507616,15,309.71875,764.75
1780761528.9507616,15,311.0625,781.0
1780761528.9507616,15,312.3125,799.5
1780761528.9507616,15,313.515625,820.75
1780761528.9507616,15,314.9375,842.0
1780761528.9507616,15,316.1875,862.25
1780761528.9507616,15,317.4375,884.25
1780761528.9507616,15,318.71875,908.75
1780761528.9507616,11,319.984375,933.25
1780761528.9507616,15,321.3125,956.75
1780761528.9507616,15,323.9375,1019.25
1780761528.9507616,15,329.140625,1182.0
1780761528.9507616,15,338.375,1326.0
1780761528.9507616,15,339.6875,1331.75
1780761528.9507616,15,345.765625,2813.25
1780761528.9507616,3,347.078125,2812.75
1780761528.9507616,1,348.40625,2811.75
1780761529.088636,15,351.078125,2842.25
1780761529.088636,15,352.40625,2843.0
1780761529.088636,15,353.75,2842.75
1780761529.088636,15,355.078125,2872.75
1780761529.088636,2,8.40625,2907.5
1780761529.088636,2,9.75,2941.75
1780761529.088636,2,11.046875,2941.75
1780761529.088636,15,13.734375,2906.25
1780761529.088636,15,18.0625,1671.25
1780761529.088636,15,19.40625,1660.0
1780761529.088636,15,20.796875,1639.25
1780761529.088636,15,22.109375,1629.0
1780761529.088636,15,23.4375,1629.25
1780761529.088636,15,37.203125,1092.25
1780761529.088636,15,38.5625,1091.75
1780761529.088636,15,39.96875,1089.25
1780761529.088636,15,55.375,1832.75
1780761529.088636,15,56.75,1807.5
1780761529.088636,15,58.09375,1771.75
1780761529.088636,15,59.5,1748.0
1780761529.088636,6,60.84375,1744.25
1780761529.088636,15,62.203125,1720.5
1780761529.088636,5,63.53125,1698.0
1780761529.088636,15,69.078125,1426.0
1780761529.088636,15,70.4375,1397.0
1780761529.088636,7,71.78125,1384.75
1780761529.088636,5,75.734375,1401.5
1780761529.088636,15,77.03125,1415.0
1780761529.088636,15,78.453125,1409.75
1780761529.088636,15,81.046875,1454.0
1780761529.088636,15,83.625,1549.5
1780761529.088636,8,87.84375,1249.75
1780761529.088636,15,89.1875,1248.5
1780761529.088636,15,90.53125,1248.5
1780761529.088636,15,91.859375,1248.5
1780761529.088636,5,93.21875,1255.0
1780761529.088636,15,97.65625,477.25
1780761529.088636,15,99.0,476.0
1780761529.088636,15,104.390625,323.75
1780761529.088636,15,111.90625,250.25
1780761529.088636,15,115.828125,213.5
1780761529.088636,15,118.375,191.5
1780761529.088636,15,124.328125,146.5
1780761529.088636,15,126.96875,139.25
1780761529.088636,15,129.640625,137.5
1780761529.088636,15,138.140625,112.5
1780761529.088636,15,138.515625,111.25
1780761529.088636,15,141.5,110.0
1780761529.088636,15,141.59375,109.5
1780761529.088636,15,143.265625,109.0
1780761529.088636,15,144.71875,108.25
1780761529.088636,15,147.515625,107.25
1780761529.088636,15,148.59375,106.75
1780761529.088636,15,149.5625,106.25
1780761529.088636,15,150.21875,104.75
1780761529.088636,15,152.6875,103.75
1780761529.088636,15,154.59375,102.75
1780761529.088636,15,213.578125,106.0
1780761529.088636,15,215.4375,106.5
1780761529.088636,15,215.796875,107.0
1780761529.088636,15,217.28125,107.5
1780761529.088636,15,218.4375,107.75
1780761529.088636,15,220.328125,107.25
1780761529.088636,15,221.65625,107.25
1780761529.088636,15,232.65625,150.75
1780761529.088636,15,234.0,148.75
1780761529.088636,15,235.375,146.0
1780761529.088636,15,236.71875,145.5
1780761529.088636,15,251.421875,934.5
1780761529.088636,15,252.75,938.0
1780761529.088636,15,254.125,940.5
1780761529.088636,15,255.4375,946.75
1780761529.088636,15,256.65625,968.25
1780761529.088636,15,263.703125,810.0
1780761529.088636,15,266.4375,766.0
1780761529.088636,15,267.875,759.75
1780761529.088636,15,269.21875,756.25
1780761529.088636,15,285.734375,593.75
1780761529.088636,15,286.9375,598.0
1780761529.088636,15,288.359375,603.25
1780761529.088636,15,289.609375,609.0
1780761529.088636,15,290.796875,615.0
1780761529.088636,15,292.265625,620.75
1780761529.088636,15,293.609375,627.0
1780761529.088636,15,294.71875,637.25
1780761529.088636,15,296.0625,646.25
1780761529.088636,15,297.328125,653.75
1780761529.088636,15,298.796875,663.0
1780761529.088636,15,300.0,672.0
1780761529.088636,15,301.5,683.25
1780761529.088636,15,302.765625,695.5
1780761529.088636,15,304.03125,706.75
1780761529.088636,15,305.265625,718.75
1780761529.088636,15,306.703125,731.5
1780761529.088636,15,308.0,745.5
1780761529.088636,15,309.265625,760.5
1780761529.088636,15,310.546875,775.75
1780761529.088636,15,311.875,794.0
1780761529.088636,15,313.15625,813.25
1780761529.088636,15,314.453125,833.5
1780761529.088636,15,315.703125,855.5
1780761529.088636,15,317.0625,877.75
1780761529.088636,15,318.234375,901.75
1780761529.088636,15,319.5625,925.0
1780761529.088636,15,320.953125,949.25
1780761529.088636,15,323.546875,1009.5
1780761529.088636,15,324.8125,1039.25
1780761529.088636,15,328.65625,1160.75
1780761529.088636,15,339.3125,1332.0
1780761529.088636,15,346.703125,2811.5
1780761529.088636,3,348.046875,2809.0
1780761529.088636,15,350.71875,2811.0
1780761529.2259252,15,352.046875,2812.0
1780761529.2259252,15,353.390625,2841.5
1780761529.2259252,15,354.734375,2871.5
1780761529.2259252,15,356.078125,2871.25
1780761529.2259252,2,8.09375,2906.75
1780761529.2259252,2,9.421875,2941.75
1780761529.2259252,1,10.75,2941.75
1780761529.2259252,15,13.4375,2906.5
1780761529.2259252,15,19.140625,1660.75
1780761529.2259252,15,20.5,1639.75
1780761529.2259252,15,21.828125,1629.25
1780761529.2259252,15,23.171875,1629.25
1780761529.2259252,15,37.0,1091.75
1780761529.2259252,15,38.34375,1091.25
1780761529.2259252,15,39.703125,1089.0
1780761529.2259252,15,56.640625,1820.0
1780761529.2259252,15,57.9375,1783.25
1780761529.2259252,15,59.328125,1759.25
1780761529.2259252,7,60.703125,1744.5
1780761529.2259252,15,62.015625,1730.5
1780761529.2259252,5,63.359375,1708.5
1780761529.2259252,15,70.21875,1417.0
1780761529.2259252,15,71.640625,1396.75
1780761529.2259252,15,75.65625,1386.0
1780761529.2259252,13,76.921875,1408.5
1780761529.2259252,15,78.3125,1415.25
1780761529.2259252,15,79.640625,1426.75
1780761529.2259252,15,80.90625,1452.5
1780761529.2259252,15,83.453125,1549.5
1780761529.2259252,15,87.703125,1255.25
1780761529.2259252,15,89.015625,1248.5
1780761529.2259252,15,90.375,1248.75
1780761529.2259252,15,91.65625,1249.25
1780761529.2259252,4,93.078125,1255.5
1780761529.2259252,15,97.515625,478.5
1780761529.2259252,15,98.859375,475.0
1780761529.2259252,15,102.015625,433.75
1780761529.2259252,15,112.34375,250.5
1780761529.2259252,15,115.703125,213.75
1780761529.2259252,15,118.375,191.75
1780761529.2259252,15,124.21875,147.25
1780761529.2259252,15,126.859375,139.0
1780761529.2259252,15,128.203125,137.25
1780761529.2259252,15,138.328125,112.25
1780761529.2259252,15,139.34375,111.5
1780761529.2259252,15,140.328125,110.25
1780761529.2259252,15,141.953125,109.5
1780761529.2259252,15,143.234375,109.0
1780761529.2259252,15,144.359375,108.25
1780761529.2259252,15,146.25,107.0
1780761529.2259252,15,147.859375,106.5
1780761529.2259252,15,150.40625,106.0
1780761529.2259252,15,150.046875,105.25
1780761529.2259252,15,152.703125,104.75
1780761529.2259252,15,154.03125,102.75
1780761529.2259252,15,211.765625,105.75
1780761529.2259252,15,215.859375,106.5
1780761529.2259252,15,216.28125,106.75
1780761529.2259252,15,218.09375,107.0
1780761529.2259252,15,219.5,107.5
1780761529.2259252,15,219.515625,107.25
1780761529.2259252,15,231.265625,150.0
1780761529.2259252,15,232.609375,150.75
1780761529.2259252,15,235.390625,145.5
1780761529.2259252,15,236.734375,145.5
1780761529.2259252,15,251.484375,934.5
1780761529.2259252,15,252.765625,938.0
1780761529.2259252,15,254.046875,943.5
1780761529.2259252,15,255.375,949.75
1780761529.2259252,15,256.6875,968.0
1780761529.2259252,15,263.734375,810.0
1780761529.2259252,15,266.5,765.75
1780761529.2259252,15,267.921875,759.5
1780761529.2259252,15,269.171875,756.0
1780761529.2259252,15,285.59375,593.5
1780761529.2259252,15,286.953125,597.75
1780761529.2259252,15,288.203125,603.25
1780761529.2259252,15,289.53125,608.75
1780761529.2259252,15,290.984375,614.5
1780761529.2259252,15,292.25,620.5
1780761529.2259252,15,293.53125,627.0
1780761529.2259252,15,294.765625,637.0
1780761529.2259252,15,296.046875,646.0
1780761529.2259252,15,297.3125,653.5
1780761529.2259252,15,298.640625,662.5
1780761529.2259252,15,300.078125,671.5
1780761529.2259252,15,301.46875,682.75
1780761529.2259252,15,302.65625,695.0
1780761529.2259252,15,304.03125,706.5
1780761529.2259252,15,305.328125,718.5
1780761529.2259252,15,306.6875,731.25
1780761529.2259252,15,307.90625,745.0
1780761529.2259252,15,309.296875,760.0
1780761529.2259252,15,310.5625,775.5
1780761529.2259252,15,311.78125,794.0
1780761529.2259252,15,313.078125,813.25
1780761529.2259252,15,314.453125,833.5
1780761529.2259252,15,315.640625,855.5
1780761529.2259252,15,316.953125,877.75
1780761529.2259252,15,318.265625,902.0
1780761529.2259252,15,319.609375,925.25
1780761529.2259252,15,320.828125,949.25
1780761529.2259252,15,322.15625,974.75
1780761529.2259252,15,324.78125,1039.0
1780761529.2259252,15,328.59375,1160.75
1780761529.2259252,15,332.578125,1320.0
1780761529.2259252,15,339.203125,1331.25
1780761529.2259252,3,346.640625,2811.25
1780761529.2259252,3,347.984375,2808.75
1780761529.3636675,15,353.328125,2808.75
1780761529.3636675,15,354.671875,2840.25
1780761529.3636675,15,356.015625,2871.5
1780761529.3636675,2,8.03125,2906.75
1780761529.3636675,2,9.375,2941.75
1780761529.3636675,2,10.671875,2941.75
1780761529.3636675,15,17.765625,1682.75
1780761529.3636675,15,19.078125,1660.5
1780761529.3636675,15,20.421875,1639.5
1780761529.3636675,15,21.75,1629.25
1780761529.3636675,15,23.09375,1629.25
1780761529.3636675,15,37.015625,1086.75
1780761529.3636675,15,38.296875,1089.0
1780761529.3636675,15,39.71875,1089.0
1780761529.3636675,15,56.640625,1807.5
1780761529.3636675,15,58.015625,1772.0
1780761529.3636675,15,59.28125,1748.0
1780761529.3636675,6,60.59375,1744.5
1780761529.3636675,15,61.9375,1730.5
1780761529.3636675,4,63.328125,1708.25
1780761529.3636675,15,70.1875,1424.0
1780761529.3636675,15,71.5625,1403.75
1780761529.3636675,3,75.578125,1385.75
1780761529.3636675,15,76.890625,1411.0
1780761529.3636675,15,78.234375,1417.25
1780761529.3636675,15,79.5625,1425.75
1780761529.3636675,15,80.90625,1430.75
1780761529.3636675,15,87.65625,1255.5
1780761529.3636675,15,89.015625,1248.5
1780761529.3636675,15,90.28125,1248.25
1780761529.3636675,15,91.625,1243.5
1780761529.3636675,6,92.9375,1249.75
1780761529.3636675,15,97.703125,478.25
1780761529.3636675,15,99.015625,474.75
1780761529.3636675,15,112.859375,252.25
1780761529.3636675,15,115.640625,214.25
1780761529.3636675,15,124.140625,147.5
1780761529.3636675,15,125.46875,143.25
1780761529.3636675,15,127.828125,139.5
1780761529.3636675,15,128.125,137.25
1780761529.3636675,15,138.0,112.75
1780761529.3636675,15,139.34375,111.75
1780761529.3636675,15,141.4375,110.0
1780761529.3636675,15,143.09375,109.5
1780761529.3636675,15,143.0,109.0
1780761529.3636675,15,145.140625,108.25
1780761529.3636675,15,146.3125,107.25
1780761529.3636675,15,148.359375,106.5
1780761529.3636675,15,149.359375,106.25
1780761529.3636675,15,151.15625,105.0
1780761529.3636675,15,152.75,104.0
1780761529.3636675,15,154.640625,102.5
1780761529.3636675,15,213.265625,106.0
1780761529.3636675,15,214.75,106.25
1780761529.3636675,15,215.296875,106.75
1780761529.3636675,15,220.71875,107.0
1780761529.3636675,15,231.25,149.75
1780761529.3636675,15,232.703125,150.75
1780761529.3636675,15,233.921875,149.0
1780761529.3636675,15,235.21875,146.25
1780761529.3636675,15,236.546875,145.5
1780761529.3636675,15,251.1875,936.0
1780761529.3636675,15,252.546875,938.25
1780761529.3636675,15,253.9375,943.5
1780761529.3636675,12,255.140625,948.5
1780761529.3636675,15,256.5625,959.75
1780761529.3636675,15,264.984375,789.75
1780761529.3636675,15,266.234375,772.5
1780761529.3636675,15,267.671875,760.25
1780761529.3636675,15,268.953125,756.25
1780761529.3636675,15,275.46875,840.75
1780761529.3636675,15,285.421875,593.0
1780761529.3636675,15,286.828125,597.25
1780761529.3636675,15,288.234375,601.5
1780761529.3636675,15,289.34375,607.5
1780761529.3636675,15,290.6875,613.25
1780761529.3636675,15,292.046875,619.25
1780761529.3636675,15,293.359375,627.0
1780761529.3636675,15,294.640625,635.25
1780761529.3636675,15,295.953125,643.0
1780761529.3636675,15,297.25,652.0
1780761529.3636675,15,298.59375,661.75
1780761529.3636675,15,299.96875,671.75
1780761529.3636675,15,301.390625,681.75
1780761529.3636675,15,302.59375,692.25
1780761529.3636675,15,303.890625,704.75
1780761529.3636675,15,305.15625,718.0
1780761529.3636675,15,306.5,730.75
1780761529.3636675,15,307.890625,744.0
1780761529.3636675,15,309.078125,759.0
1780761529.3636675,15,310.359375,775.25
1780761529.3636675,15,311.734375,792.0
1780761529.3636675,15,312.9375,811.0
1780761529.3636675,15,314.34375,831.0
1780761529.3636675,15,315.59375,852.75
1780761529.3636675,15,316.921875,875.0
1780761529.3636675,15,319.421875,923.75
1780761529.3636675,15,322.078125,974.25
1780761529.3636675,15,324.734375,1037.25
1780761529.3636675,6,328.515625,1161.0
1780761529.3636675,15,337.796875,1325.5
1780761529.3636675,15,339.125,1325.5
1780761529.3636675,3,347.890625,2808.75
